representation,representation_label,classifier,n_samples,n_classes,n_features,accuracy,macro_f1,task,genus,length,condition,label_col
ck4,CK4,nearest_centroid,116,4,136,0.2,0.18421052631578946,within_genus_species,Acinetobacter,69,clean,label
ck4,CK4,logistic,116,4,136,0.2,0.19885620915032678,within_genus_species,Acinetobacter,69,clean,label
ck4_p,CK4+P,nearest_centroid,116,4,147,0.2,0.18421052631578946,within_genus_species,Acinetobacter,69,clean,label
ck4_p,CK4+P,logistic,116,4,147,0.17142857142857143,0.1655486756105951,within_genus_species,Acinetobacter,69,clean,label
ck4p_msp,CK4P-MSP,nearest_centroid,116,4,222,0.2,0.18421052631578946,within_genus_species,Acinetobacter,69,clean,label
ck4p_msp,CK4P-MSP,logistic,116,4,222,0.2857142857142857,0.27549019607843134,within_genus_species,Acinetobacter,69,clean,label
ckmer5_count_l2,CK5,nearest_centroid,116,4,511,0.2,0.1863095238095238,within_genus_species,Acinetobacter,69,clean,label
ckmer5_count_l2,CK5,logistic,116,4,511,0.17142857142857143,0.16228070175438597,within_genus_species,Acinetobacter,69,clean,label
ck5_pca147,CK5 PCA-147,nearest_centroid,116,4,80,0.2,0.18154761904761904,within_genus_species,Acinetobacter,69,clean,label
ck5_pca147,CK5 PCA-147,logistic,116,4,80,0.2,0.20394736842105263,within_genus_species,Acinetobacter,69,clean,label
ck5_pca222,CK5 PCA-222,nearest_centroid,116,4,80,0.2,0.18154761904761904,within_genus_species,Acinetobacter,69,clean,label
ck5_pca222,CK5 PCA-222,logistic,116,4,80,0.2,0.20394736842105263,within_genus_species,Acinetobacter,69,clean,label
ck5_svd147,CK5 SVD-147,nearest_centroid,116,4,80,0.2,0.19157268170426064,within_genus_species,Acinetobacter,69,clean,label
ck5_svd147,CK5 SVD-147,logistic,116,4,80,0.14285714285714285,0.13171355498721227,within_genus_species,Acinetobacter,69,clean,label
ck5_svd222,CK5 SVD-222,nearest_centroid,116,4,80,0.2,0.19157268170426064,within_genus_species,Acinetobacter,69,clean,label
ck5_svd222,CK5 SVD-222,logistic,116,4,80,0.14285714285714285,0.13171355498721227,within_genus_species,Acinetobacter,69,clean,label
ck7_pca147,CK7 PCA-147,nearest_centroid,116,4,80,0.3142857142857143,0.3113820089439284,within_genus_species,Acinetobacter,69,clean,label
ck7_pca147,CK7 PCA-147,logistic,116,4,80,0.2571428571428571,0.26151315789473684,within_genus_species,Acinetobacter,69,clean,label
ck7_pca222,CK7 PCA-222,nearest_centroid,116,4,80,0.3142857142857143,0.3113820089439284,within_genus_species,Acinetobacter,69,clean,label
ck7_pca222,CK7 PCA-222,logistic,116,4,80,0.2571428571428571,0.26151315789473684,within_genus_species,Acinetobacter,69,clean,label
ck7_svd147,CK7 SVD-147,nearest_centroid,116,4,80,0.2571428571428571,0.2572362278244631,within_genus_species,Acinetobacter,69,clean,label
ck7_svd147,CK7 SVD-147,logistic,116,4,80,0.2,0.19233058608058606,within_genus_species,Acinetobacter,69,clean,label
ck7_svd222,CK7 SVD-222,nearest_centroid,116,4,80,0.2571428571428571,0.2572362278244631,within_genus_species,Acinetobacter,69,clean,label
ck7_svd222,CK7 SVD-222,logistic,116,4,80,0.2,0.19233058608058606,within_genus_species,Acinetobacter,69,clean,label
ck4,CK4,nearest_centroid,72,3,136,0.3181818181818182,0.31544925662572726,within_genus_species,Burkholderia,69,clean,label
ck4,CK4,logistic,72,3,136,0.3181818181818182,0.301994301994302,within_genus_species,Burkholderia,69,clean,label
ck4_p,CK4+P,nearest_centroid,72,3,147,0.3181818181818182,0.31544925662572726,within_genus_species,Burkholderia,69,clean,label
ck4_p,CK4+P,logistic,72,3,147,0.3181818181818182,0.3033828916181857,within_genus_species,Burkholderia,69,clean,label
ck4p_msp,CK4P-MSP,nearest_centroid,72,3,222,0.3181818181818182,0.31544925662572726,within_genus_species,Burkholderia,69,clean,label
ck4p_msp,CK4P-MSP,logistic,72,3,222,0.2727272727272727,0.27623357035121743,within_genus_species,Burkholderia,69,clean,label
ckmer5_count_l2,CK5,nearest_centroid,72,3,463,0.36363636363636365,0.3650793650793651,within_genus_species,Burkholderia,69,clean,label
ckmer5_count_l2,CK5,logistic,72,3,463,0.2727272727272727,0.24493284493284492,within_genus_species,Burkholderia,69,clean,label
ck5_pca147,CK5 PCA-147,nearest_centroid,72,3,49,0.3181818181818182,0.3280423280423281,within_genus_species,Burkholderia,69,clean,label
ck5_pca147,CK5 PCA-147,logistic,72,3,49,0.22727272727272727,0.18461538461538463,within_genus_species,Burkholderia,69,clean,label
ck5_pca222,CK5 PCA-222,nearest_centroid,72,3,49,0.3181818181818182,0.3280423280423281,within_genus_species,Burkholderia,69,clean,label
ck5_pca222,CK5 PCA-222,logistic,72,3,49,0.22727272727272727,0.18461538461538463,within_genus_species,Burkholderia,69,clean,label
ck5_svd147,CK5 SVD-147,nearest_centroid,72,3,49,0.36363636363636365,0.35832794656324074,within_genus_species,Burkholderia,69,clean,label
ck5_svd147,CK5 SVD-147,logistic,72,3,49,0.22727272727272727,0.2165481577246283,within_genus_species,Burkholderia,69,clean,label
ck5_svd222,CK5 SVD-222,nearest_centroid,72,3,49,0.36363636363636365,0.35832794656324074,within_genus_species,Burkholderia,69,clean,label
ck5_svd222,CK5 SVD-222,logistic,72,3,49,0.22727272727272727,0.2165481577246283,within_genus_species,Burkholderia,69,clean,label
ck7_pca147,CK7 PCA-147,nearest_centroid,72,3,49,0.2727272727272727,0.26209150326797387,within_genus_species,Burkholderia,69,clean,label
ck7_pca147,CK7 PCA-147,logistic,72,3,49,0.22727272727272727,0.22857142857142856,within_genus_species,Burkholderia,69,clean,label
ck7_pca222,CK7 PCA-222,nearest_centroid,72,3,49,0.2727272727272727,0.26209150326797387,within_genus_species,Burkholderia,69,clean,label
ck7_pca222,CK7 PCA-222,logistic,72,3,49,0.22727272727272727,0.22857142857142856,within_genus_species,Burkholderia,69,clean,label
ck7_svd147,CK7 SVD-147,nearest_centroid,72,3,49,0.3181818181818182,0.3055555555555555,within_genus_species,Burkholderia,69,clean,label
ck7_svd147,CK7 SVD-147,logistic,72,3,49,0.22727272727272727,0.22237076648841356,within_genus_species,Burkholderia,69,clean,label
ck7_svd222,CK7 SVD-222,nearest_centroid,72,3,49,0.3181818181818182,0.3055555555555555,within_genus_species,Burkholderia,69,clean,label
ck7_svd222,CK7 SVD-222,logistic,72,3,49,0.22727272727272727,0.22237076648841356,within_genus_species,Burkholderia,69,clean,label
ck4,CK4,nearest_centroid,67,2,136,0.42857142857142855,0.3942307692307692,target_background,Burkholderia,69,clean,target_binary
ck4,CK4,logistic,67,2,136,0.42857142857142855,0.3942307692307692,target_background,Burkholderia,69,clean,target_binary
ck4_p,CK4+P,nearest_centroid,67,2,147,0.42857142857142855,0.3942307692307692,target_background,Burkholderia,69,clean,target_binary
ck4_p,CK4+P,logistic,67,2,147,0.42857142857142855,0.3942307692307692,target_background,Burkholderia,69,clean,target_binary
ck4p_msp,CK4P-MSP,nearest_centroid,67,2,222,0.42857142857142855,0.3942307692307692,target_background,Burkholderia,69,clean,target_binary
ck4p_msp,CK4P-MSP,logistic,67,2,222,0.38095238095238093,0.27586206896551724,target_background,Burkholderia,69,clean,target_binary
ckmer5_count_l2,CK5,nearest_centroid,67,2,458,0.47619047619047616,0.4296296296296296,target_background,Burkholderia,69,clean,target_binary
ckmer5_count_l2,CK5,logistic,67,2,458,0.47619047619047616,0.4296296296296296,target_background,Burkholderia,69,clean,target_binary
ck5_pca147,CK5 PCA-147,nearest_centroid,67,2,45,0.42857142857142855,0.3942307692307692,target_background,Burkholderia,69,clean,target_binary
ck5_pca147,CK5 PCA-147,logistic,67,2,45,0.42857142857142855,0.3942307692307692,target_background,Burkholderia,69,clean,target_binary
ck5_pca222,CK5 PCA-222,nearest_centroid,67,2,45,0.42857142857142855,0.3942307692307692,target_background,Burkholderia,69,clean,target_binary
ck5_pca222,CK5 PCA-222,logistic,67,2,45,0.42857142857142855,0.3942307692307692,target_background,Burkholderia,69,clean,target_binary
ck5_svd147,CK5 SVD-147,nearest_centroid,67,2,45,0.5238095238095238,0.4642857142857143,target_background,Burkholderia,69,clean,target_binary
ck5_svd147,CK5 SVD-147,logistic,67,2,45,0.5238095238095238,0.41666666666666663,target_background,Burkholderia,69,clean,target_binary
ck5_svd222,CK5 SVD-222,nearest_centroid,67,2,45,0.5238095238095238,0.4642857142857143,target_background,Burkholderia,69,clean,target_binary
ck5_svd222,CK5 SVD-222,logistic,67,2,45,0.5238095238095238,0.41666666666666663,target_background,Burkholderia,69,clean,target_binary
ck7_pca147,CK7 PCA-147,nearest_centroid,67,2,45,0.42857142857142855,0.41666666666666663,target_background,Burkholderia,69,clean,target_binary
ck7_pca147,CK7 PCA-147,logistic,67,2,45,0.2857142857142857,0.2791762013729977,target_background,Burkholderia,69,clean,target_binary
ck7_pca222,CK7 PCA-222,nearest_centroid,67,2,45,0.42857142857142855,0.41666666666666663,target_background,Burkholderia,69,clean,target_binary
ck7_pca222,CK7 PCA-222,logistic,67,2,45,0.2857142857142857,0.2791762013729977,target_background,Burkholderia,69,clean,target_binary
ck7_svd147,CK7 SVD-147,nearest_centroid,67,2,45,0.6190476190476191,0.475,target_background,Burkholderia,69,clean,target_binary
ck7_svd147,CK7 SVD-147,logistic,67,2,45,0.5238095238095238,0.41666666666666663,target_background,Burkholderia,69,clean,target_binary
ck7_svd222,CK7 SVD-222,nearest_centroid,67,2,45,0.6190476190476191,0.475,target_background,Burkholderia,69,clean,target_binary
ck7_svd222,CK7 SVD-222,logistic,67,2,45,0.5238095238095238,0.41666666666666663,target_background,Burkholderia,69,clean,target_binary
ck4,CK4,nearest_centroid,119,4,136,0.3055555555555556,0.3134004884004884,within_genus_species,Candida,69,clean,label
ck4,CK4,logistic,119,4,136,0.3611111111111111,0.36690433749257273,within_genus_species,Candida,69,clean,label
ck4_p,CK4+P,nearest_centroid,119,4,147,0.3055555555555556,0.3134004884004884,within_genus_species,Candida,69,clean,label
ck4_p,CK4+P,logistic,119,4,147,0.3333333333333333,0.31235380116959066,within_genus_species,Candida,69,clean,label
ck4p_msp,CK4P-MSP,nearest_centroid,119,4,222,0.3055555555555556,0.3134004884004884,within_genus_species,Candida,69,clean,label
ck4p_msp,CK4P-MSP,logistic,119,4,222,0.19444444444444445,0.15833333333333333,within_genus_species,Candida,69,clean,label
ckmer5_count_l2,CK5,nearest_centroid,119,4,500,0.2777777777777778,0.23958810068649886,within_genus_species,Candida,69,clean,label
ckmer5_count_l2,CK5,logistic,119,4,500,0.19444444444444445,0.15656789031402035,within_genus_species,Candida,69,clean,label
ck5_pca147,CK5 PCA-147,nearest_centroid,119,4,82,0.3333333333333333,0.3277167277167277,within_genus_species,Candida,69,clean,label
ck5_pca147,CK5 PCA-147,logistic,119,4,82,0.2777777777777778,0.23394736842105263,within_genus_species,Candida,69,clean,label
ck5_pca222,CK5 PCA-222,nearest_centroid,119,4,82,0.3333333333333333,0.3277167277167277,within_genus_species,Candida,69,clean,label
ck5_pca222,CK5 PCA-222,logistic,119,4,82,0.2777777777777778,0.23394736842105263,within_genus_species,Candida,69,clean,label
ck5_svd147,CK5 SVD-147,nearest_centroid,119,4,82,0.2222222222222222,0.18528221005001191,within_genus_species,Candida,69,clean,label
ck5_svd147,CK5 SVD-147,logistic,119,4,82,0.2777777777777778,0.22678571428571428,within_genus_species,Candida,69,clean,label
ck5_svd222,CK5 SVD-222,nearest_centroid,119,4,82,0.2222222222222222,0.18528221005001191,within_genus_species,Candida,69,clean,label
ck5_svd222,CK5 SVD-222,logistic,119,4,82,0.2777777777777778,0.22678571428571428,within_genus_species,Candida,69,clean,label
ck7_pca147,CK7 PCA-147,nearest_centroid,119,4,82,0.3055555555555556,0.2961898395721925,within_genus_species,Candida,69,clean,label
ck7_pca147,CK7 PCA-147,logistic,119,4,82,0.2777777777777778,0.2737414187643021,within_genus_species,Candida,69,clean,label
ck7_pca222,CK7 PCA-222,nearest_centroid,119,4,82,0.3055555555555556,0.2961898395721925,within_genus_species,Candida,69,clean,label
ck7_pca222,CK7 PCA-222,logistic,119,4,82,0.2777777777777778,0.2737414187643021,within_genus_species,Candida,69,clean,label
ck7_svd147,CK7 SVD-147,nearest_centroid,119,4,82,0.2777777777777778,0.25403297682709447,within_genus_species,Candida,69,clean,label
ck7_svd147,CK7 SVD-147,logistic,119,4,82,0.3611111111111111,0.2978846153846154,within_genus_species,Candida,69,clean,label
ck7_svd222,CK7 SVD-222,nearest_centroid,119,4,82,0.2777777777777778,0.25403297682709447,within_genus_species,Candida,69,clean,label
ck7_svd222,CK7 SVD-222,logistic,119,4,82,0.3611111111111111,0.2978846153846154,within_genus_species,Candida,69,clean,label
ck4,CK4,nearest_centroid,73,2,136,0.5,0.4989648033126294,target_background,Candida,69,clean,target_binary
ck4,CK4,logistic,73,2,136,0.5909090909090909,0.5448275862068965,target_background,Candida,69,clean,target_binary
ck4_p,CK4+P,nearest_centroid,73,2,147,0.5,0.4989648033126294,target_background,Candida,69,clean,target_binary
ck4_p,CK4+P,logistic,73,2,147,0.5454545454545454,0.5089285714285714,target_background,Candida,69,clean,target_binary
ck4p_msp,CK4P-MSP,nearest_centroid,73,2,222,0.5,0.4989648033126294,target_background,Candida,69,clean,target_binary
ck4p_msp,CK4P-MSP,logistic,73,2,222,0.5454545454545454,0.5089285714285714,target_background,Candida,69,clean,target_binary
ckmer5_count_l2,CK5,nearest_centroid,73,2,492,0.5909090909090909,0.5900621118012422,target_background,Candida,69,clean,target_binary
ckmer5_count_l2,CK5,logistic,73,2,492,0.5454545454545454,0.5416666666666667,target_background,Candida,69,clean,target_binary
ck5_pca147,CK5 PCA-147,nearest_centroid,73,2,50,0.5454545454545454,0.5416666666666667,target_background,Candida,69,clean,target_binary
ck5_pca147,CK5 PCA-147,logistic,73,2,50,0.45454545454545453,0.4358974358974359,target_background,Candida,69,clean,target_binary
ck5_pca222,CK5 PCA-222,nearest_centroid,73,2,50,0.5454545454545454,0.5416666666666667,target_background,Candida,69,clean,target_binary
ck5_pca222,CK5 PCA-222,logistic,73,2,50,0.45454545454545453,0.4358974358974359,target_background,Candida,69,clean,target_binary
ck5_svd147,CK5 SVD-147,nearest_centroid,73,2,50,0.5909090909090909,0.5900621118012422,target_background,Candida,69,clean,target_binary
ck5_svd147,CK5 SVD-147,logistic,73,2,50,0.6363636363636364,0.6333333333333333,target_background,Candida,69,clean,target_binary
ck5_svd222,CK5 SVD-222,nearest_centroid,73,2,50,0.5909090909090909,0.5900621118012422,target_background,Candida,69,clean,target_binary
ck5_svd222,CK5 SVD-222,logistic,73,2,50,0.6363636363636364,0.6333333333333333,target_background,Candida,69,clean,target_binary
ck7_pca147,CK7 PCA-147,nearest_centroid,73,2,50,0.5454545454545454,0.5416666666666667,target_background,Candida,69,clean,target_binary
ck7_pca147,CK7 PCA-147,logistic,73,2,50,0.45454545454545453,0.45,target_background,Candida,69,clean,target_binary
ck7_pca222,CK7 PCA-222,nearest_centroid,73,2,50,0.5454545454545454,0.5416666666666667,target_background,Candida,69,clean,target_binary
ck7_pca222,CK7 PCA-222,logistic,73,2,50,0.45454545454545453,0.45,target_background,Candida,69,clean,target_binary
ck7_svd147,CK7 SVD-147,nearest_centroid,73,2,50,0.5,0.4905263157894737,target_background,Candida,69,clean,target_binary
ck7_svd147,CK7 SVD-147,logistic,73,2,50,0.5,0.4905263157894737,target_background,Candida,69,clean,target_binary
ck7_svd222,CK7 SVD-222,nearest_centroid,73,2,50,0.5,0.4905263157894737,target_background,Candida,69,clean,target_binary
ck7_svd222,CK7 SVD-222,logistic,73,2,50,0.5,0.4905263157894737,target_background,Candida,69,clean,target_binary
ck4,CK4,nearest_centroid,147,5,136,0.2222222222222222,0.20126984126984127,within_genus_species,Enterobacter,69,clean,label
ck4,CK4,logistic,147,5,136,0.28888888888888886,0.2674598260356774,within_genus_species,Enterobacter,69,clean,label
ck4_p,CK4+P,nearest_centroid,147,5,147,0.2222222222222222,0.20126984126984127,within_genus_species,Enterobacter,69,clean,label
ck4_p,CK4+P,logistic,147,5,147,0.3333333333333333,0.3194416694416694,within_genus_species,Enterobacter,69,clean,label
ck4p_msp,CK4P-MSP,nearest_centroid,147,5,222,0.2222222222222222,0.20126984126984127,within_genus_species,Enterobacter,69,clean,label
ck4p_msp,CK4P-MSP,logistic,147,5,222,0.24444444444444444,0.2278888888888889,within_genus_species,Enterobacter,69,clean,label
ckmer5_count_l2,CK5,nearest_centroid,147,5,507,0.26666666666666666,0.23585109406081273,within_genus_species,Enterobacter,69,clean,label
ckmer5_count_l2,CK5,logistic,147,5,507,0.28888888888888886,0.273015873015873,within_genus_species,Enterobacter,69,clean,label
ck5_pca147,CK5 PCA-147,nearest_centroid,147,5,101,0.24444444444444444,0.21903242955874536,within_genus_species,Enterobacter,69,clean,label
ck5_pca147,CK5 PCA-147,logistic,147,5,101,0.35555555555555557,0.3339249639249639,within_genus_species,Enterobacter,69,clean,label
ck5_pca222,CK5 PCA-222,nearest_centroid,147,5,101,0.24444444444444444,0.21903242955874536,within_genus_species,Enterobacter,69,clean,label
ck5_pca222,CK5 PCA-222,logistic,147,5,101,0.35555555555555557,0.3339249639249639,within_genus_species,Enterobacter,69,clean,label
ck5_svd147,CK5 SVD-147,nearest_centroid,147,5,101,0.24444444444444444,0.22178780284043445,within_genus_species,Enterobacter,69,clean,label
ck5_svd147,CK5 SVD-147,logistic,147,5,101,0.3333333333333333,0.3209774436090226,within_genus_species,Enterobacter,69,clean,label
ck5_svd222,CK5 SVD-222,nearest_centroid,147,5,101,0.24444444444444444,0.22178780284043445,within_genus_species,Enterobacter,69,clean,label
ck5_svd222,CK5 SVD-222,logistic,147,5,101,0.3333333333333333,0.3209774436090226,within_genus_species,Enterobacter,69,clean,label
ck7_pca147,CK7 PCA-147,nearest_centroid,147,5,101,0.24444444444444444,0.22915804002760526,within_genus_species,Enterobacter,69,clean,label
ck7_pca147,CK7 PCA-147,logistic,147,5,101,0.24444444444444444,0.22846702317290551,within_genus_species,Enterobacter,69,clean,label
ck7_pca222,CK7 PCA-222,nearest_centroid,147,5,101,0.24444444444444444,0.22915804002760526,within_genus_species,Enterobacter,69,clean,label
ck7_pca222,CK7 PCA-222,logistic,147,5,101,0.24444444444444444,0.22846702317290551,within_genus_species,Enterobacter,69,clean,label
ck7_svd147,CK7 SVD-147,nearest_centroid,147,5,101,0.26666666666666666,0.24894158981115502,within_genus_species,Enterobacter,69,clean,label
ck7_svd147,CK7 SVD-147,logistic,147,5,101,0.3111111111111111,0.27172932330827065,within_genus_species,Enterobacter,69,clean,label
ck7_svd222,CK7 SVD-222,nearest_centroid,147,5,101,0.26666666666666666,0.24894158981115502,within_genus_species,Enterobacter,69,clean,label
ck7_svd222,CK7 SVD-222,logistic,147,5,101,0.3111111111111111,0.27172932330827065,within_genus_species,Enterobacter,69,clean,label
ck4,CK4,nearest_centroid,70,2,136,0.6190476190476191,0.6181818181818182,target_background,Enterobacter,69,clean,target_binary
ck4,CK4,logistic,70,2,136,0.5238095238095238,0.5138888888888888,target_background,Enterobacter,69,clean,target_binary
ck4_p,CK4+P,nearest_centroid,70,2,147,0.6190476190476191,0.6181818181818182,target_background,Enterobacter,69,clean,target_binary
ck4_p,CK4+P,logistic,70,2,147,0.5238095238095238,0.5138888888888888,target_background,Enterobacter,69,clean,target_binary
ck4p_msp,CK4P-MSP,nearest_centroid,70,2,222,0.6190476190476191,0.6181818181818182,target_background,Enterobacter,69,clean,target_binary
ck4p_msp,CK4P-MSP,logistic,70,2,222,0.47619047619047616,0.47139588100686497,target_background,Enterobacter,69,clean,target_binary
ckmer5_count_l2,CK5,nearest_centroid,70,2,497,0.5238095238095238,0.5227272727272727,target_background,Enterobacter,69,clean,target_binary
ckmer5_count_l2,CK5,logistic,70,2,497,0.47619047619047616,0.47139588100686497,target_background,Enterobacter,69,clean,target_binary
ck5_pca147,CK5 PCA-147,nearest_centroid,70,2,48,0.47619047619047616,0.47139588100686497,target_background,Enterobacter,69,clean,target_binary
ck5_pca147,CK5 PCA-147,logistic,70,2,48,0.47619047619047616,0.4564705882352942,target_background,Enterobacter,69,clean,target_binary
ck5_pca222,CK5 PCA-222,nearest_centroid,70,2,48,0.47619047619047616,0.47139588100686497,target_background,Enterobacter,69,clean,target_binary
ck5_pca222,CK5 PCA-222,logistic,70,2,48,0.47619047619047616,0.4564705882352942,target_background,Enterobacter,69,clean,target_binary
ck5_svd147,CK5 SVD-147,nearest_centroid,70,2,48,0.5238095238095238,0.5227272727272727,target_background,Enterobacter,69,clean,target_binary
ck5_svd147,CK5 SVD-147,logistic,70,2,48,0.47619047619047616,0.4564705882352942,target_background,Enterobacter,69,clean,target_binary
ck5_svd222,CK5 SVD-222,nearest_centroid,70,2,48,0.5238095238095238,0.5227272727272727,target_background,Enterobacter,69,clean,target_binary
ck5_svd222,CK5 SVD-222,logistic,70,2,48,0.47619047619047616,0.4564705882352942,target_background,Enterobacter,69,clean,target_binary
ck7_pca147,CK7 PCA-147,nearest_centroid,70,2,48,0.38095238095238093,0.35764705882352943,target_background,Enterobacter,69,clean,target_binary
ck7_pca147,CK7 PCA-147,logistic,70,2,48,0.42857142857142855,0.3942307692307692,target_background,Enterobacter,69,clean,target_binary
ck7_pca222,CK7 PCA-222,nearest_centroid,70,2,48,0.38095238095238093,0.35764705882352943,target_background,Enterobacter,69,clean,target_binary
ck7_pca222,CK7 PCA-222,logistic,70,2,48,0.42857142857142855,0.3942307692307692,target_background,Enterobacter,69,clean,target_binary
ck7_svd147,CK7 SVD-147,nearest_centroid,70,2,48,0.42857142857142855,0.41666666666666663,target_background,Enterobacter,69,clean,target_binary
ck7_svd147,CK7 SVD-147,logistic,70,2,48,0.38095238095238093,0.38095238095238093,target_background,Enterobacter,69,clean,target_binary
ck7_svd222,CK7 SVD-222,nearest_centroid,70,2,48,0.42857142857142855,0.41666666666666663,target_background,Enterobacter,69,clean,target_binary
ck7_svd222,CK7 SVD-222,logistic,70,2,48,0.38095238095238093,0.38095238095238093,target_background,Enterobacter,69,clean,target_binary
ck4,CK4,nearest_centroid,59,2,136,0.6666666666666666,0.6493506493506493,within_genus_species,Escherichia,69,clean,label
ck4,CK4,logistic,59,2,136,0.6666666666666666,0.6625,within_genus_species,Escherichia,69,clean,label
ck4_p,CK4+P,nearest_centroid,59,2,147,0.6666666666666666,0.6493506493506493,within_genus_species,Escherichia,69,clean,label
ck4_p,CK4+P,logistic,59,2,147,0.6666666666666666,0.6625,within_genus_species,Escherichia,69,clean,label
ck4p_msp,CK4P-MSP,nearest_centroid,59,2,222,0.6666666666666666,0.6493506493506493,within_genus_species,Escherichia,69,clean,label
ck4p_msp,CK4P-MSP,logistic,59,2,222,0.6666666666666666,0.6493506493506493,within_genus_species,Escherichia,69,clean,label
ckmer5_count_l2,CK5,nearest_centroid,59,2,506,0.6111111111111112,0.6,within_genus_species,Escherichia,69,clean,label
ckmer5_count_l2,CK5,logistic,59,2,506,0.5555555555555556,0.5324675324675324,within_genus_species,Escherichia,69,clean,label
ck5_pca147,CK5 PCA-147,nearest_centroid,59,2,40,0.6111111111111112,0.6,within_genus_species,Escherichia,69,clean,label
ck5_pca147,CK5 PCA-147,logistic,59,2,40,0.5555555555555556,0.55,within_genus_species,Escherichia,69,clean,label
ck5_pca222,CK5 PCA-222,nearest_centroid,59,2,40,0.6111111111111112,0.6,within_genus_species,Escherichia,69,clean,label
ck5_pca222,CK5 PCA-222,logistic,59,2,40,0.5555555555555556,0.55,within_genus_species,Escherichia,69,clean,label
ck5_svd147,CK5 SVD-147,nearest_centroid,59,2,40,0.6111111111111112,0.6,within_genus_species,Escherichia,69,clean,label
ck5_svd147,CK5 SVD-147,logistic,59,2,40,0.5555555555555556,0.55,within_genus_species,Escherichia,69,clean,label
ck5_svd222,CK5 SVD-222,nearest_centroid,59,2,40,0.6111111111111112,0.6,within_genus_species,Escherichia,69,clean,label
ck5_svd222,CK5 SVD-222,logistic,59,2,40,0.5555555555555556,0.55,within_genus_species,Escherichia,69,clean,label
ck7_pca147,CK7 PCA-147,nearest_centroid,59,2,40,0.6666666666666666,0.6625,within_genus_species,Escherichia,69,clean,label
ck7_pca147,CK7 PCA-147,logistic,59,2,40,0.6666666666666666,0.6625,within_genus_species,Escherichia,69,clean,label
ck7_pca222,CK7 PCA-222,nearest_centroid,59,2,40,0.6666666666666666,0.6625,within_genus_species,Escherichia,69,clean,label
ck7_pca222,CK7 PCA-222,logistic,59,2,40,0.6666666666666666,0.6625,within_genus_species,Escherichia,69,clean,label
ck7_svd147,CK7 SVD-147,nearest_centroid,59,2,40,0.6111111111111112,0.5785953177257526,within_genus_species,Escherichia,69,clean,label
ck7_svd147,CK7 SVD-147,logistic,59,2,40,0.6111111111111112,0.5785953177257526,within_genus_species,Escherichia,69,clean,label
ck7_svd222,CK7 SVD-222,nearest_centroid,59,2,40,0.6111111111111112,0.5785953177257526,within_genus_species,Escherichia,69,clean,label
ck7_svd222,CK7 SVD-222,logistic,59,2,40,0.6111111111111112,0.5785953177257526,within_genus_species,Escherichia,69,clean,label
ck4,CK4,nearest_centroid,59,2,136,0.6666666666666666,0.6493506493506493,target_background,Escherichia,69,clean,target_binary
ck4,CK4,logistic,59,2,136,0.6666666666666666,0.6625,target_background,Escherichia,69,clean,target_binary
ck4_p,CK4+P,nearest_centroid,59,2,147,0.6666666666666666,0.6493506493506493,target_background,Escherichia,69,clean,target_binary
ck4_p,CK4+P,logistic,59,2,147,0.6666666666666666,0.6625,target_background,Escherichia,69,clean,target_binary
ck4p_msp,CK4P-MSP,nearest_centroid,59,2,222,0.6666666666666666,0.6493506493506493,target_background,Escherichia,69,clean,target_binary
ck4p_msp,CK4P-MSP,logistic,59,2,222,0.6666666666666666,0.6493506493506493,target_background,Escherichia,69,clean,target_binary
ckmer5_count_l2,CK5,nearest_centroid,59,2,506,0.6111111111111112,0.6,target_background,Escherichia,69,clean,target_binary
ckmer5_count_l2,CK5,logistic,59,2,506,0.5555555555555556,0.5324675324675324,target_background,Escherichia,69,clean,target_binary
ck5_pca147,CK5 PCA-147,nearest_centroid,59,2,40,0.6111111111111112,0.6,target_background,Escherichia,69,clean,target_binary
ck5_pca147,CK5 PCA-147,logistic,59,2,40,0.5555555555555556,0.55,target_background,Escherichia,69,clean,target_binary
ck5_pca222,CK5 PCA-222,nearest_centroid,59,2,40,0.6111111111111112,0.6,target_background,Escherichia,69,clean,target_binary
ck5_pca222,CK5 PCA-222,logistic,59,2,40,0.5555555555555556,0.55,target_background,Escherichia,69,clean,target_binary
ck5_svd147,CK5 SVD-147,nearest_centroid,59,2,40,0.6111111111111112,0.6,target_background,Escherichia,69,clean,target_binary
ck5_svd147,CK5 SVD-147,logistic,59,2,40,0.5555555555555556,0.55,target_background,Escherichia,69,clean,target_binary
ck5_svd222,CK5 SVD-222,nearest_centroid,59,2,40,0.6111111111111112,0.6,target_background,Escherichia,69,clean,target_binary
ck5_svd222,CK5 SVD-222,logistic,59,2,40,0.5555555555555556,0.55,target_background,Escherichia,69,clean,target_binary
ck7_pca147,CK7 PCA-147,nearest_centroid,59,2,40,0.6666666666666666,0.6625,target_background,Escherichia,69,clean,target_binary
ck7_pca147,CK7 PCA-147,logistic,59,2,40,0.6666666666666666,0.6625,target_background,Escherichia,69,clean,target_binary
ck7_pca222,CK7 PCA-222,nearest_centroid,59,2,40,0.6666666666666666,0.6625,target_background,Escherichia,69,clean,target_binary
ck7_pca222,CK7 PCA-222,logistic,59,2,40,0.6666666666666666,0.6625,target_background,Escherichia,69,clean,target_binary
ck7_svd147,CK7 SVD-147,nearest_centroid,59,2,40,0.6111111111111112,0.5785953177257526,target_background,Escherichia,69,clean,target_binary
ck7_svd147,CK7 SVD-147,logistic,59,2,40,0.6111111111111112,0.5785953177257526,target_background,Escherichia,69,clean,target_binary
ck7_svd222,CK7 SVD-222,nearest_centroid,59,2,40,0.6111111111111112,0.5785953177257526,target_background,Escherichia,69,clean,target_binary
ck7_svd222,CK7 SVD-222,logistic,59,2,40,0.6111111111111112,0.5785953177257526,target_background,Escherichia,69,clean,target_binary
ck4,CK4,nearest_centroid,87,3,136,0.48148148148148145,0.48148148148148145,within_genus_species,Klebsiella,69,clean,label
ck4,CK4,logistic,87,3,136,0.3333333333333333,0.31495405179615704,within_genus_species,Klebsiella,69,clean,label
ck4_p,CK4+P,nearest_centroid,87,3,147,0.48148148148148145,0.48148148148148145,within_genus_species,Klebsiella,69,clean,label
ck4_p,CK4+P,logistic,87,3,147,0.37037037037037035,0.36718020541549956,within_genus_species,Klebsiella,69,clean,label
ck4p_msp,CK4P-MSP,nearest_centroid,87,3,222,0.48148148148148145,0.48148148148148145,within_genus_species,Klebsiella,69,clean,label
ck4p_msp,CK4P-MSP,logistic,87,3,222,0.4074074074074074,0.3694083694083694,within_genus_species,Klebsiella,69,clean,label
ckmer5_count_l2,CK5,nearest_centroid,87,3,506,0.3333333333333333,0.3115995115995116,within_genus_species,Klebsiella,69,clean,label
ckmer5_count_l2,CK5,logistic,87,3,506,0.37037037037037035,0.3181818181818182,within_genus_species,Klebsiella,69,clean,label
ck5_pca147,CK5 PCA-147,nearest_centroid,87,3,59,0.2962962962962963,0.27986633249791143,within_genus_species,Klebsiella,69,clean,label
ck5_pca147,CK5 PCA-147,logistic,87,3,59,0.37037037037037035,0.34435773566208344,within_genus_species,Klebsiella,69,clean,label
ck5_pca222,CK5 PCA-222,nearest_centroid,87,3,59,0.2962962962962963,0.27986633249791143,within_genus_species,Klebsiella,69,clean,label
ck5_pca222,CK5 PCA-222,logistic,87,3,59,0.37037037037037035,0.34435773566208344,within_genus_species,Klebsiella,69,clean,label
ck5_svd147,CK5 SVD-147,nearest_centroid,87,3,59,0.3333333333333333,0.3142857142857143,within_genus_species,Klebsiella,69,clean,label
ck5_svd147,CK5 SVD-147,logistic,87,3,59,0.2962962962962963,0.2640901771336554,within_genus_species,Klebsiella,69,clean,label
ck5_svd222,CK5 SVD-222,nearest_centroid,87,3,59,0.3333333333333333,0.3142857142857143,within_genus_species,Klebsiella,69,clean,label
ck5_svd222,CK5 SVD-222,logistic,87,3,59,0.2962962962962963,0.2640901771336554,within_genus_species,Klebsiella,69,clean,label
ck7_pca147,CK7 PCA-147,nearest_centroid,87,3,59,0.2962962962962963,0.28127917833800187,within_genus_species,Klebsiella,69,clean,label
ck7_pca147,CK7 PCA-147,logistic,87,3,59,0.3333333333333333,0.3181818181818182,within_genus_species,Klebsiella,69,clean,label
ck7_pca222,CK7 PCA-222,nearest_centroid,87,3,59,0.2962962962962963,0.28127917833800187,within_genus_species,Klebsiella,69,clean,label
ck7_pca222,CK7 PCA-222,logistic,87,3,59,0.3333333333333333,0.3181818181818182,within_genus_species,Klebsiella,69,clean,label
ck7_svd147,CK7 SVD-147,nearest_centroid,87,3,59,0.2962962962962963,0.28127917833800187,within_genus_species,Klebsiella,69,clean,label
ck7_svd147,CK7 SVD-147,logistic,87,3,59,0.3333333333333333,0.3241436925647452,within_genus_species,Klebsiella,69,clean,label
ck7_svd222,CK7 SVD-222,nearest_centroid,87,3,59,0.2962962962962963,0.28127917833800187,within_genus_species,Klebsiella,69,clean,label
ck7_svd222,CK7 SVD-222,logistic,87,3,59,0.3333333333333333,0.3241436925647452,within_genus_species,Klebsiella,69,clean,label
ck4,CK4,nearest_centroid,76,2,136,0.4782608695652174,0.45238095238095233,target_background,Klebsiella,69,clean,target_binary
ck4,CK4,logistic,76,2,136,0.30434782608695654,0.303030303030303,target_background,Klebsiella,69,clean,target_binary
ck4_p,CK4+P,nearest_centroid,76,2,147,0.4782608695652174,0.45238095238095233,target_background,Klebsiella,69,clean,target_binary
ck4_p,CK4+P,logistic,76,2,147,0.30434782608695654,0.303030303030303,target_background,Klebsiella,69,clean,target_binary
ck4p_msp,CK4P-MSP,nearest_centroid,76,2,222,0.4782608695652174,0.45238095238095233,target_background,Klebsiella,69,clean,target_binary
ck4p_msp,CK4P-MSP,logistic,76,2,222,0.6086956521739131,0.6086956521739131,target_background,Klebsiella,69,clean,target_binary
ckmer5_count_l2,CK5,nearest_centroid,76,2,504,0.4782608695652174,0.4772727272727273,target_background,Klebsiella,69,clean,target_binary
ckmer5_count_l2,CK5,logistic,76,2,504,0.391304347826087,0.3611111111111111,target_background,Klebsiella,69,clean,target_binary
ck5_pca147,CK5 PCA-147,nearest_centroid,76,2,52,0.5217391304347826,0.5217391304347826,target_background,Klebsiella,69,clean,target_binary
ck5_pca147,CK5 PCA-147,logistic,76,2,52,0.4782608695652174,0.4772727272727273,target_background,Klebsiella,69,clean,target_binary
ck5_pca222,CK5 PCA-222,nearest_centroid,76,2,52,0.5217391304347826,0.5217391304347826,target_background,Klebsiella,69,clean,target_binary
ck5_pca222,CK5 PCA-222,logistic,76,2,52,0.4782608695652174,0.4772727272727273,target_background,Klebsiella,69,clean,target_binary
ck5_svd147,CK5 SVD-147,nearest_centroid,76,2,52,0.4782608695652174,0.4772727272727273,target_background,Klebsiella,69,clean,target_binary
ck5_svd147,CK5 SVD-147,logistic,76,2,52,0.391304347826087,0.38076923076923075,target_background,Klebsiella,69,clean,target_binary
ck5_svd222,CK5 SVD-222,nearest_centroid,76,2,52,0.4782608695652174,0.4772727272727273,target_background,Klebsiella,69,clean,target_binary
ck5_svd222,CK5 SVD-222,logistic,76,2,52,0.391304347826087,0.38076923076923075,target_background,Klebsiella,69,clean,target_binary
ck7_pca147,CK7 PCA-147,nearest_centroid,76,2,52,0.6956521739130435,0.6861598440545809,target_background,Klebsiella,69,clean,target_binary
ck7_pca147,CK7 PCA-147,logistic,76,2,52,0.5217391304347826,0.5180952380952382,target_background,Klebsiella,69,clean,target_binary
ck7_pca222,CK7 PCA-222,nearest_centroid,76,2,52,0.6956521739130435,0.6861598440545809,target_background,Klebsiella,69,clean,target_binary
ck7_pca222,CK7 PCA-222,logistic,76,2,52,0.5217391304347826,0.5180952380952382,target_background,Klebsiella,69,clean,target_binary
ck7_svd147,CK7 SVD-147,nearest_centroid,76,2,52,0.6086956521739131,0.6086956521739131,target_background,Klebsiella,69,clean,target_binary
ck7_svd147,CK7 SVD-147,logistic,76,2,52,0.6086956521739131,0.6086956521739131,target_background,Klebsiella,69,clean,target_binary
ck7_svd222,CK7 SVD-222,nearest_centroid,76,2,52,0.6086956521739131,0.6086956521739131,target_background,Klebsiella,69,clean,target_binary
ck7_svd222,CK7 SVD-222,logistic,76,2,52,0.6086956521739131,0.6086956521739131,target_background,Klebsiella,69,clean,target_binary
ck4,CK4,nearest_centroid,116,4,136,0.17142857142857143,0.16993464052287582,within_genus_species,Acinetobacter,69,substitution_1pct,label
ck4,CK4,logistic,116,4,136,0.08571428571428572,0.07941176470588235,within_genus_species,Acinetobacter,69,substitution_1pct,label
ck4_p,CK4+P,nearest_centroid,116,4,147,0.17142857142857143,0.16993464052287582,within_genus_species,Acinetobacter,69,substitution_1pct,label
ck4_p,CK4+P,logistic,116,4,147,0.05714285714285714,0.05572755417956656,within_genus_species,Acinetobacter,69,substitution_1pct,label
ck4p_msp,CK4P-MSP,nearest_centroid,116,4,222,0.17142857142857143,0.16993464052287582,within_genus_species,Acinetobacter,69,substitution_1pct,label
ck4p_msp,CK4P-MSP,logistic,116,4,222,0.2,0.18609022556390975,within_genus_species,Acinetobacter,69,substitution_1pct,label
ckmer5_count_l2,CK5,nearest_centroid,116,4,511,0.2571428571428571,0.24120670995670995,within_genus_species,Acinetobacter,69,substitution_1pct,label
ckmer5_count_l2,CK5,logistic,116,4,511,0.14285714285714285,0.13953081232492998,within_genus_species,Acinetobacter,69,substitution_1pct,label
ck5_pca147,CK5 PCA-147,nearest_centroid,116,4,80,0.2571428571428571,0.2400013935340022,within_genus_species,Acinetobacter,69,substitution_1pct,label
ck5_pca147,CK5 PCA-147,logistic,116,4,80,0.2,0.19052287581699345,within_genus_species,Acinetobacter,69,substitution_1pct,label
ck5_pca222,CK5 PCA-222,nearest_centroid,116,4,80,0.2571428571428571,0.2400013935340022,within_genus_species,Acinetobacter,69,substitution_1pct,label
ck5_pca222,CK5 PCA-222,logistic,116,4,80,0.2,0.19052287581699345,within_genus_species,Acinetobacter,69,substitution_1pct,label
ck5_svd147,CK5 SVD-147,nearest_centroid,116,4,80,0.2571428571428571,0.24607843137254903,within_genus_species,Acinetobacter,69,substitution_1pct,label
ck5_svd147,CK5 SVD-147,logistic,116,4,80,0.14285714285714285,0.13839285714285715,within_genus_species,Acinetobacter,69,substitution_1pct,label
ck5_svd222,CK5 SVD-222,nearest_centroid,116,4,80,0.2571428571428571,0.24607843137254903,within_genus_species,Acinetobacter,69,substitution_1pct,label
ck5_svd222,CK5 SVD-222,logistic,116,4,80,0.14285714285714285,0.13839285714285715,within_genus_species,Acinetobacter,69,substitution_1pct,label
ck7_pca147,CK7 PCA-147,nearest_centroid,116,4,80,0.2571428571428571,0.25186403508771926,within_genus_species,Acinetobacter,69,substitution_1pct,label
ck7_pca147,CK7 PCA-147,logistic,116,4,80,0.2571428571428571,0.2554179566563467,within_genus_species,Acinetobacter,69,substitution_1pct,label
ck7_pca222,CK7 PCA-222,nearest_centroid,116,4,80,0.2571428571428571,0.25186403508771926,within_genus_species,Acinetobacter,69,substitution_1pct,label
ck7_pca222,CK7 PCA-222,logistic,116,4,80,0.2571428571428571,0.2554179566563467,within_genus_species,Acinetobacter,69,substitution_1pct,label
ck7_svd147,CK7 SVD-147,nearest_centroid,116,4,80,0.2857142857142857,0.2833849329205366,within_genus_species,Acinetobacter,69,substitution_1pct,label
ck7_svd147,CK7 SVD-147,logistic,116,4,80,0.2571428571428571,0.2507153579135003,within_genus_species,Acinetobacter,69,substitution_1pct,label
ck7_svd222,CK7 SVD-222,nearest_centroid,116,4,80,0.2857142857142857,0.2833849329205366,within_genus_species,Acinetobacter,69,substitution_1pct,label
ck7_svd222,CK7 SVD-222,logistic,116,4,80,0.2571428571428571,0.2507153579135003,within_genus_species,Acinetobacter,69,substitution_1pct,label
ck4,CK4,nearest_centroid,72,3,136,0.18181818181818182,0.16732026143790849,within_genus_species,Burkholderia,69,substitution_1pct,label
ck4,CK4,logistic,72,3,136,0.22727272727272727,0.22628205128205128,within_genus_species,Burkholderia,69,substitution_1pct,label
ck4_p,CK4+P,nearest_centroid,72,3,147,0.18181818181818182,0.16732026143790849,within_genus_species,Burkholderia,69,substitution_1pct,label
ck4_p,CK4+P,logistic,72,3,147,0.22727272727272727,0.22628205128205128,within_genus_species,Burkholderia,69,substitution_1pct,label
ck4p_msp,CK4P-MSP,nearest_centroid,72,3,222,0.18181818181818182,0.16732026143790849,within_genus_species,Burkholderia,69,substitution_1pct,label
ck4p_msp,CK4P-MSP,logistic,72,3,222,0.36363636363636365,0.3611111111111111,within_genus_species,Burkholderia,69,substitution_1pct,label
ckmer5_count_l2,CK5,nearest_centroid,72,3,469,0.18181818181818182,0.16892911010558068,within_genus_species,Burkholderia,69,substitution_1pct,label
ckmer5_count_l2,CK5,logistic,72,3,469,0.3181818181818182,0.29523809523809524,within_genus_species,Burkholderia,69,substitution_1pct,label
ck5_pca147,CK5 PCA-147,nearest_centroid,72,3,49,0.2727272727272727,0.27619047619047615,within_genus_species,Burkholderia,69,substitution_1pct,label
ck5_pca147,CK5 PCA-147,logistic,72,3,49,0.18181818181818182,0.17733247145011852,within_genus_species,Burkholderia,69,substitution_1pct,label
ck5_pca222,CK5 PCA-222,nearest_centroid,72,3,49,0.2727272727272727,0.27619047619047615,within_genus_species,Burkholderia,69,substitution_1pct,label
ck5_pca222,CK5 PCA-222,logistic,72,3,49,0.18181818181818182,0.17733247145011852,within_genus_species,Burkholderia,69,substitution_1pct,label
ck5_svd147,CK5 SVD-147,nearest_centroid,72,3,49,0.2727272727272727,0.27619047619047615,within_genus_species,Burkholderia,69,substitution_1pct,label
ck5_svd147,CK5 SVD-147,logistic,72,3,49,0.36363636363636365,0.35327635327635326,within_genus_species,Burkholderia,69,substitution_1pct,label
ck5_svd222,CK5 SVD-222,nearest_centroid,72,3,49,0.2727272727272727,0.27619047619047615,within_genus_species,Burkholderia,69,substitution_1pct,label
ck5_svd222,CK5 SVD-222,logistic,72,3,49,0.36363636363636365,0.35327635327635326,within_genus_species,Burkholderia,69,substitution_1pct,label
ck7_pca147,CK7 PCA-147,nearest_centroid,72,3,49,0.3181818181818182,0.2736842105263158,within_genus_species,Burkholderia,69,substitution_1pct,label
ck7_pca147,CK7 PCA-147,logistic,72,3,49,0.2727272727272727,0.2611073137388927,within_genus_species,Burkholderia,69,substitution_1pct,label
ck7_pca222,CK7 PCA-222,nearest_centroid,72,3,49,0.3181818181818182,0.2736842105263158,within_genus_species,Burkholderia,69,substitution_1pct,label
ck7_pca222,CK7 PCA-222,logistic,72,3,49,0.2727272727272727,0.2611073137388927,within_genus_species,Burkholderia,69,substitution_1pct,label
ck7_svd147,CK7 SVD-147,nearest_centroid,72,3,49,0.4090909090909091,0.38413547237076645,within_genus_species,Burkholderia,69,substitution_1pct,label
ck7_svd147,CK7 SVD-147,logistic,72,3,49,0.2727272727272727,0.2627450980392157,within_genus_species,Burkholderia,69,substitution_1pct,label
ck7_svd222,CK7 SVD-222,nearest_centroid,72,3,49,0.4090909090909091,0.38413547237076645,within_genus_species,Burkholderia,69,substitution_1pct,label
ck7_svd222,CK7 SVD-222,logistic,72,3,49,0.2727272727272727,0.2627450980392157,within_genus_species,Burkholderia,69,substitution_1pct,label
ck4,CK4,nearest_centroid,67,2,136,0.47619047619047616,0.4296296296296296,target_background,Burkholderia,69,substitution_1pct,target_binary
ck4,CK4,logistic,67,2,136,0.47619047619047616,0.38726790450928383,target_background,Burkholderia,69,substitution_1pct,target_binary
ck4_p,CK4+P,nearest_centroid,67,2,147,0.47619047619047616,0.4296296296296296,target_background,Burkholderia,69,substitution_1pct,target_binary
ck4_p,CK4+P,logistic,67,2,147,0.5238095238095238,0.41666666666666663,target_background,Burkholderia,69,substitution_1pct,target_binary
ck4p_msp,CK4P-MSP,nearest_centroid,67,2,222,0.47619047619047616,0.4296296296296296,target_background,Burkholderia,69,substitution_1pct,target_binary
ck4p_msp,CK4P-MSP,logistic,67,2,222,0.42857142857142855,0.3571428571428571,target_background,Burkholderia,69,substitution_1pct,target_binary
ckmer5_count_l2,CK5,nearest_centroid,67,2,466,0.47619047619047616,0.4296296296296296,target_background,Burkholderia,69,substitution_1pct,target_binary
ckmer5_count_l2,CK5,logistic,67,2,466,0.38095238095238093,0.27586206896551724,target_background,Burkholderia,69,substitution_1pct,target_binary
ck5_pca147,CK5 PCA-147,nearest_centroid,67,2,45,0.47619047619047616,0.4296296296296296,target_background,Burkholderia,69,substitution_1pct,target_binary
ck5_pca147,CK5 PCA-147,logistic,67,2,45,0.5238095238095238,0.4951923076923077,target_background,Burkholderia,69,substitution_1pct,target_binary
ck5_pca222,CK5 PCA-222,nearest_centroid,67,2,45,0.47619047619047616,0.4296296296296296,target_background,Burkholderia,69,substitution_1pct,target_binary
ck5_pca222,CK5 PCA-222,logistic,67,2,45,0.5238095238095238,0.4951923076923077,target_background,Burkholderia,69,substitution_1pct,target_binary
ck5_svd147,CK5 SVD-147,nearest_centroid,67,2,45,0.5238095238095238,0.4642857142857143,target_background,Burkholderia,69,substitution_1pct,target_binary
ck5_svd147,CK5 SVD-147,logistic,67,2,45,0.47619047619047616,0.4296296296296296,target_background,Burkholderia,69,substitution_1pct,target_binary
ck5_svd222,CK5 SVD-222,nearest_centroid,67,2,45,0.5238095238095238,0.4642857142857143,target_background,Burkholderia,69,substitution_1pct,target_binary
ck5_svd222,CK5 SVD-222,logistic,67,2,45,0.47619047619047616,0.4296296296296296,target_background,Burkholderia,69,substitution_1pct,target_binary
ck7_pca147,CK7 PCA-147,nearest_centroid,67,2,45,0.42857142857142855,0.42727272727272725,target_background,Burkholderia,69,substitution_1pct,target_binary
ck7_pca147,CK7 PCA-147,logistic,67,2,45,0.38095238095238093,0.35764705882352943,target_background,Burkholderia,69,substitution_1pct,target_binary
ck7_pca222,CK7 PCA-222,nearest_centroid,67,2,45,0.42857142857142855,0.42727272727272725,target_background,Burkholderia,69,substitution_1pct,target_binary
ck7_pca222,CK7 PCA-222,logistic,67,2,45,0.38095238095238093,0.35764705882352943,target_background,Burkholderia,69,substitution_1pct,target_binary
ck7_svd147,CK7 SVD-147,nearest_centroid,67,2,45,0.47619047619047616,0.38726790450928383,target_background,Burkholderia,69,substitution_1pct,target_binary
ck7_svd147,CK7 SVD-147,logistic,67,2,45,0.42857142857142855,0.3571428571428571,target_background,Burkholderia,69,substitution_1pct,target_binary
ck7_svd222,CK7 SVD-222,nearest_centroid,67,2,45,0.47619047619047616,0.38726790450928383,target_background,Burkholderia,69,substitution_1pct,target_binary
ck7_svd222,CK7 SVD-222,logistic,67,2,45,0.42857142857142855,0.3571428571428571,target_background,Burkholderia,69,substitution_1pct,target_binary
ck4,CK4,nearest_centroid,119,4,136,0.3055555555555556,0.2920289855072464,within_genus_species,Candida,69,substitution_1pct,label
ck4,CK4,logistic,119,4,136,0.3055555555555556,0.3186868686868687,within_genus_species,Candida,69,substitution_1pct,label
ck4_p,CK4+P,nearest_centroid,119,4,147,0.3055555555555556,0.2920289855072464,within_genus_species,Candida,69,substitution_1pct,label
ck4_p,CK4+P,logistic,119,4,147,0.3055555555555556,0.3318523581681476,within_genus_species,Candida,69,substitution_1pct,label
ck4p_msp,CK4P-MSP,nearest_centroid,119,4,222,0.3055555555555556,0.29693094629156014,within_genus_species,Candida,69,substitution_1pct,label
ck4p_msp,CK4P-MSP,logistic,119,4,222,0.16666666666666666,0.14642857142857144,within_genus_species,Candida,69,substitution_1pct,label
ckmer5_count_l2,CK5,nearest_centroid,119,4,503,0.2777777777777778,0.23877876509455456,within_genus_species,Candida,69,substitution_1pct,label
ckmer5_count_l2,CK5,logistic,119,4,503,0.25,0.2307716755657259,within_genus_species,Candida,69,substitution_1pct,label
ck5_pca147,CK5 PCA-147,nearest_centroid,119,4,82,0.25,0.21929824561403508,within_genus_species,Candida,69,substitution_1pct,label
ck5_pca147,CK5 PCA-147,logistic,119,4,82,0.25,0.2166501976284585,within_genus_species,Candida,69,substitution_1pct,label
ck5_pca222,CK5 PCA-222,nearest_centroid,119,4,82,0.25,0.21929824561403508,within_genus_species,Candida,69,substitution_1pct,label
ck5_pca222,CK5 PCA-222,logistic,119,4,82,0.25,0.2166501976284585,within_genus_species,Candida,69,substitution_1pct,label
ck5_svd147,CK5 SVD-147,nearest_centroid,119,4,82,0.3333333333333333,0.26702898550724635,within_genus_species,Candida,69,substitution_1pct,label
ck5_svd147,CK5 SVD-147,logistic,119,4,82,0.3888888888888889,0.3236024844720497,within_genus_species,Candida,69,substitution_1pct,label
ck5_svd222,CK5 SVD-222,nearest_centroid,119,4,82,0.3333333333333333,0.26702898550724635,within_genus_species,Candida,69,substitution_1pct,label
ck5_svd222,CK5 SVD-222,logistic,119,4,82,0.3888888888888889,0.3236024844720497,within_genus_species,Candida,69,substitution_1pct,label
ck7_pca147,CK7 PCA-147,nearest_centroid,119,4,82,0.19444444444444445,0.17537593984962405,within_genus_species,Candida,69,substitution_1pct,label
ck7_pca147,CK7 PCA-147,logistic,119,4,82,0.2777777777777778,0.23614718614718613,within_genus_species,Candida,69,substitution_1pct,label
ck7_pca222,CK7 PCA-222,nearest_centroid,119,4,82,0.19444444444444445,0.17537593984962405,within_genus_species,Candida,69,substitution_1pct,label
ck7_pca222,CK7 PCA-222,logistic,119,4,82,0.2777777777777778,0.23614718614718613,within_genus_species,Candida,69,substitution_1pct,label
ck7_svd147,CK7 SVD-147,nearest_centroid,119,4,82,0.19444444444444445,0.1611111111111111,within_genus_species,Candida,69,substitution_1pct,label
ck7_svd147,CK7 SVD-147,logistic,119,4,82,0.3611111111111111,0.27371794871794874,within_genus_species,Candida,69,substitution_1pct,label
ck7_svd222,CK7 SVD-222,nearest_centroid,119,4,82,0.19444444444444445,0.1611111111111111,within_genus_species,Candida,69,substitution_1pct,label
ck7_svd222,CK7 SVD-222,logistic,119,4,82,0.3611111111111111,0.27371794871794874,within_genus_species,Candida,69,substitution_1pct,label
ck4,CK4,nearest_centroid,73,2,136,0.5454545454545454,0.5416666666666667,target_background,Candida,69,substitution_1pct,target_binary
ck4,CK4,logistic,73,2,136,0.5,0.44367816091954027,target_background,Candida,69,substitution_1pct,target_binary
ck4_p,CK4+P,nearest_centroid,73,2,147,0.5454545454545454,0.5416666666666667,target_background,Candida,69,substitution_1pct,target_binary
ck4_p,CK4+P,logistic,73,2,147,0.5454545454545454,0.5089285714285714,target_background,Candida,69,substitution_1pct,target_binary
ck4p_msp,CK4P-MSP,nearest_centroid,73,2,222,0.5454545454545454,0.5416666666666667,target_background,Candida,69,substitution_1pct,target_binary
ck4p_msp,CK4P-MSP,logistic,73,2,222,0.5,0.47276688453159044,target_background,Candida,69,substitution_1pct,target_binary
ckmer5_count_l2,CK5,nearest_centroid,73,2,491,0.5,0.4989648033126294,target_background,Candida,69,substitution_1pct,target_binary
ckmer5_count_l2,CK5,logistic,73,2,491,0.5909090909090909,0.5831578947368421,target_background,Candida,69,substitution_1pct,target_binary
ck5_pca147,CK5 PCA-147,nearest_centroid,73,2,50,0.5454545454545454,0.5454545454545454,target_background,Candida,69,substitution_1pct,target_binary
ck5_pca147,CK5 PCA-147,logistic,73,2,50,0.5454545454545454,0.5416666666666667,target_background,Candida,69,substitution_1pct,target_binary
ck5_pca222,CK5 PCA-222,nearest_centroid,73,2,50,0.5454545454545454,0.5454545454545454,target_background,Candida,69,substitution_1pct,target_binary
ck5_pca222,CK5 PCA-222,logistic,73,2,50,0.5454545454545454,0.5416666666666667,target_background,Candida,69,substitution_1pct,target_binary
ck5_svd147,CK5 SVD-147,nearest_centroid,73,2,50,0.45454545454545453,0.45,target_background,Candida,69,substitution_1pct,target_binary
ck5_svd147,CK5 SVD-147,logistic,73,2,50,0.5,0.47276688453159044,target_background,Candida,69,substitution_1pct,target_binary
ck5_svd222,CK5 SVD-222,nearest_centroid,73,2,50,0.45454545454545453,0.45,target_background,Candida,69,substitution_1pct,target_binary
ck5_svd222,CK5 SVD-222,logistic,73,2,50,0.5,0.47276688453159044,target_background,Candida,69,substitution_1pct,target_binary
ck7_pca147,CK7 PCA-147,nearest_centroid,73,2,50,0.5454545454545454,0.5299145299145299,target_background,Candida,69,substitution_1pct,target_binary
ck7_pca147,CK7 PCA-147,logistic,73,2,50,0.5454545454545454,0.5299145299145299,target_background,Candida,69,substitution_1pct,target_binary
ck7_pca222,CK7 PCA-222,nearest_centroid,73,2,50,0.5454545454545454,0.5299145299145299,target_background,Candida,69,substitution_1pct,target_binary
ck7_pca222,CK7 PCA-222,logistic,73,2,50,0.5454545454545454,0.5299145299145299,target_background,Candida,69,substitution_1pct,target_binary
ck7_svd147,CK7 SVD-147,nearest_centroid,73,2,50,0.5454545454545454,0.5299145299145299,target_background,Candida,69,substitution_1pct,target_binary
ck7_svd147,CK7 SVD-147,logistic,73,2,50,0.5454545454545454,0.5299145299145299,target_background,Candida,69,substitution_1pct,target_binary
ck7_svd222,CK7 SVD-222,nearest_centroid,73,2,50,0.5454545454545454,0.5299145299145299,target_background,Candida,69,substitution_1pct,target_binary
ck7_svd222,CK7 SVD-222,logistic,73,2,50,0.5454545454545454,0.5299145299145299,target_background,Candida,69,substitution_1pct,target_binary
ck4,CK4,nearest_centroid,147,5,136,0.15555555555555556,0.140045766590389,within_genus_species,Enterobacter,69,substitution_1pct,label
ck4,CK4,logistic,147,5,136,0.26666666666666666,0.255,within_genus_species,Enterobacter,69,substitution_1pct,label
ck4_p,CK4+P,nearest_centroid,147,5,147,0.15555555555555556,0.140045766590389,within_genus_species,Enterobacter,69,substitution_1pct,label
ck4_p,CK4+P,logistic,147,5,147,0.3333333333333333,0.3141269841269841,within_genus_species,Enterobacter,69,substitution_1pct,label
ck4p_msp,CK4P-MSP,nearest_centroid,147,5,222,0.17777777777777778,0.15583524027459955,within_genus_species,Enterobacter,69,substitution_1pct,label
ck4p_msp,CK4P-MSP,logistic,147,5,222,0.24444444444444444,0.22494949494949495,within_genus_species,Enterobacter,69,substitution_1pct,label
ckmer5_count_l2,CK5,nearest_centroid,147,5,507,0.2222222222222222,0.19140664961636827,within_genus_species,Enterobacter,69,substitution_1pct,label
ckmer5_count_l2,CK5,logistic,147,5,507,0.2222222222222222,0.20018037518037515,within_genus_species,Enterobacter,69,substitution_1pct,label
ck5_pca147,CK5 PCA-147,nearest_centroid,147,5,101,0.2222222222222222,0.19140664961636827,within_genus_species,Enterobacter,69,substitution_1pct,label
ck5_pca147,CK5 PCA-147,logistic,147,5,101,0.26666666666666666,0.25420281472913053,within_genus_species,Enterobacter,69,substitution_1pct,label
ck5_pca222,CK5 PCA-222,nearest_centroid,147,5,101,0.2222222222222222,0.19140664961636827,within_genus_species,Enterobacter,69,substitution_1pct,label
ck5_pca222,CK5 PCA-222,logistic,147,5,101,0.26666666666666666,0.25420281472913053,within_genus_species,Enterobacter,69,substitution_1pct,label
ck5_svd147,CK5 SVD-147,nearest_centroid,147,5,101,0.24444444444444444,0.21720236419926825,within_genus_species,Enterobacter,69,substitution_1pct,label
ck5_svd147,CK5 SVD-147,logistic,147,5,101,0.2,0.1968627450980392,within_genus_species,Enterobacter,69,substitution_1pct,label
ck5_svd222,CK5 SVD-222,nearest_centroid,147,5,101,0.24444444444444444,0.21720236419926825,within_genus_species,Enterobacter,69,substitution_1pct,label
ck5_svd222,CK5 SVD-222,logistic,147,5,101,0.2,0.1968627450980392,within_genus_species,Enterobacter,69,substitution_1pct,label
ck7_pca147,CK7 PCA-147,nearest_centroid,147,5,101,0.28888888888888886,0.2625990675990676,within_genus_species,Enterobacter,69,substitution_1pct,label
ck7_pca147,CK7 PCA-147,logistic,147,5,101,0.3111111111111111,0.28425947454080447,within_genus_species,Enterobacter,69,substitution_1pct,label
ck7_pca222,CK7 PCA-222,nearest_centroid,147,5,101,0.28888888888888886,0.2625990675990676,within_genus_species,Enterobacter,69,substitution_1pct,label
ck7_pca222,CK7 PCA-222,logistic,147,5,101,0.3111111111111111,0.28425947454080447,within_genus_species,Enterobacter,69,substitution_1pct,label
ck7_svd147,CK7 SVD-147,nearest_centroid,147,5,101,0.28888888888888886,0.2625990675990676,within_genus_species,Enterobacter,69,substitution_1pct,label
ck7_svd147,CK7 SVD-147,logistic,147,5,101,0.28888888888888886,0.24831309041835356,within_genus_species,Enterobacter,69,substitution_1pct,label
ck7_svd222,CK7 SVD-222,nearest_centroid,147,5,101,0.28888888888888886,0.2625990675990676,within_genus_species,Enterobacter,69,substitution_1pct,label
ck7_svd222,CK7 SVD-222,logistic,147,5,101,0.28888888888888886,0.24831309041835356,within_genus_species,Enterobacter,69,substitution_1pct,label
ck4,CK4,nearest_centroid,70,2,136,0.6190476190476191,0.6111111111111112,target_background,Enterobacter,69,substitution_1pct,target_binary
ck4,CK4,logistic,70,2,136,0.6190476190476191,0.6181818181818182,target_background,Enterobacter,69,substitution_1pct,target_binary
ck4_p,CK4+P,nearest_centroid,70,2,147,0.6190476190476191,0.6111111111111112,target_background,Enterobacter,69,substitution_1pct,target_binary
ck4_p,CK4+P,logistic,70,2,147,0.6190476190476191,0.6181818181818182,target_background,Enterobacter,69,substitution_1pct,target_binary
ck4p_msp,CK4P-MSP,nearest_centroid,70,2,222,0.6190476190476191,0.6111111111111112,target_background,Enterobacter,69,substitution_1pct,target_binary
ck4p_msp,CK4P-MSP,logistic,70,2,222,0.5714285714285714,0.5675057208237986,target_background,Enterobacter,69,substitution_1pct,target_binary
ckmer5_count_l2,CK5,nearest_centroid,70,2,496,0.6190476190476191,0.6181818181818182,target_background,Enterobacter,69,substitution_1pct,target_binary
ckmer5_count_l2,CK5,logistic,70,2,496,0.5238095238095238,0.5227272727272727,target_background,Enterobacter,69,substitution_1pct,target_binary
ck5_pca147,CK5 PCA-147,nearest_centroid,70,2,48,0.5238095238095238,0.5227272727272727,target_background,Enterobacter,69,substitution_1pct,target_binary
ck5_pca147,CK5 PCA-147,logistic,70,2,48,0.47619047619047616,0.4564705882352942,target_background,Enterobacter,69,substitution_1pct,target_binary
ck5_pca222,CK5 PCA-222,nearest_centroid,70,2,48,0.5238095238095238,0.5227272727272727,target_background,Enterobacter,69,substitution_1pct,target_binary
ck5_pca222,CK5 PCA-222,logistic,70,2,48,0.47619047619047616,0.4564705882352942,target_background,Enterobacter,69,substitution_1pct,target_binary
ck5_svd147,CK5 SVD-147,nearest_centroid,70,2,48,0.5238095238095238,0.5227272727272727,target_background,Enterobacter,69,substitution_1pct,target_binary
ck5_svd147,CK5 SVD-147,logistic,70,2,48,0.47619047619047616,0.4564705882352942,target_background,Enterobacter,69,substitution_1pct,target_binary
ck5_svd222,CK5 SVD-222,nearest_centroid,70,2,48,0.5238095238095238,0.5227272727272727,target_background,Enterobacter,69,substitution_1pct,target_binary
ck5_svd222,CK5 SVD-222,logistic,70,2,48,0.47619047619047616,0.4564705882352942,target_background,Enterobacter,69,substitution_1pct,target_binary
ck7_pca147,CK7 PCA-147,nearest_centroid,70,2,48,0.42857142857142855,0.42727272727272725,target_background,Enterobacter,69,substitution_1pct,target_binary
ck7_pca147,CK7 PCA-147,logistic,70,2,48,0.47619047619047616,0.47619047619047616,target_background,Enterobacter,69,substitution_1pct,target_binary
ck7_pca222,CK7 PCA-222,nearest_centroid,70,2,48,0.42857142857142855,0.42727272727272725,target_background,Enterobacter,69,substitution_1pct,target_binary
ck7_pca222,CK7 PCA-222,logistic,70,2,48,0.47619047619047616,0.47619047619047616,target_background,Enterobacter,69,substitution_1pct,target_binary
ck7_svd147,CK7 SVD-147,nearest_centroid,70,2,48,0.42857142857142855,0.42727272727272725,target_background,Enterobacter,69,substitution_1pct,target_binary
ck7_svd147,CK7 SVD-147,logistic,70,2,48,0.47619047619047616,0.47619047619047616,target_background,Enterobacter,69,substitution_1pct,target_binary
ck7_svd222,CK7 SVD-222,nearest_centroid,70,2,48,0.42857142857142855,0.42727272727272725,target_background,Enterobacter,69,substitution_1pct,target_binary
ck7_svd222,CK7 SVD-222,logistic,70,2,48,0.47619047619047616,0.47619047619047616,target_background,Enterobacter,69,substitution_1pct,target_binary
ck4,CK4,nearest_centroid,59,2,136,0.6111111111111112,0.609907120743034,within_genus_species,Escherichia,69,substitution_1pct,label
ck4,CK4,logistic,59,2,136,0.6666666666666666,0.6625,within_genus_species,Escherichia,69,substitution_1pct,label
ck4_p,CK4+P,nearest_centroid,59,2,147,0.6111111111111112,0.609907120743034,within_genus_species,Escherichia,69,substitution_1pct,label
ck4_p,CK4+P,logistic,59,2,147,0.7222222222222222,0.7213622291021672,within_genus_species,Escherichia,69,substitution_1pct,label
ck4p_msp,CK4P-MSP,nearest_centroid,59,2,222,0.6111111111111112,0.609907120743034,within_genus_species,Escherichia,69,substitution_1pct,label
ck4p_msp,CK4P-MSP,logistic,59,2,222,0.6111111111111112,0.6,within_genus_species,Escherichia,69,substitution_1pct,label
ckmer5_count_l2,CK5,nearest_centroid,59,2,507,0.6111111111111112,0.6,within_genus_species,Escherichia,69,substitution_1pct,label
ckmer5_count_l2,CK5,logistic,59,2,507,0.5,0.4857142857142857,within_genus_species,Escherichia,69,substitution_1pct,label
ck5_pca147,CK5 PCA-147,nearest_centroid,59,2,40,0.6111111111111112,0.6,within_genus_species,Escherichia,69,substitution_1pct,label
ck5_pca147,CK5 PCA-147,logistic,59,2,40,0.5555555555555556,0.55,within_genus_species,Escherichia,69,substitution_1pct,label
ck5_pca222,CK5 PCA-222,nearest_centroid,59,2,40,0.6111111111111112,0.6,within_genus_species,Escherichia,69,substitution_1pct,label
ck5_pca222,CK5 PCA-222,logistic,59,2,40,0.5555555555555556,0.55,within_genus_species,Escherichia,69,substitution_1pct,label
ck5_svd147,CK5 SVD-147,nearest_centroid,59,2,40,0.6111111111111112,0.6,within_genus_species,Escherichia,69,substitution_1pct,label
ck5_svd147,CK5 SVD-147,logistic,59,2,40,0.5555555555555556,0.5324675324675324,within_genus_species,Escherichia,69,substitution_1pct,label
ck5_svd222,CK5 SVD-222,nearest_centroid,59,2,40,0.6111111111111112,0.6,within_genus_species,Escherichia,69,substitution_1pct,label
ck5_svd222,CK5 SVD-222,logistic,59,2,40,0.5555555555555556,0.5324675324675324,within_genus_species,Escherichia,69,substitution_1pct,label
ck7_pca147,CK7 PCA-147,nearest_centroid,59,2,40,0.6111111111111112,0.609907120743034,within_genus_species,Escherichia,69,substitution_1pct,label
ck7_pca147,CK7 PCA-147,logistic,59,2,40,0.6666666666666666,0.6625,within_genus_species,Escherichia,69,substitution_1pct,label
ck7_pca222,CK7 PCA-222,nearest_centroid,59,2,40,0.6111111111111112,0.609907120743034,within_genus_species,Escherichia,69,substitution_1pct,label
ck7_pca222,CK7 PCA-222,logistic,59,2,40,0.6666666666666666,0.6625,within_genus_species,Escherichia,69,substitution_1pct,label
ck7_svd147,CK7 SVD-147,nearest_centroid,59,2,40,0.5555555555555556,0.55,within_genus_species,Escherichia,69,substitution_1pct,label
ck7_svd147,CK7 SVD-147,logistic,59,2,40,0.6111111111111112,0.5785953177257526,within_genus_species,Escherichia,69,substitution_1pct,label
ck7_svd222,CK7 SVD-222,nearest_centroid,59,2,40,0.5555555555555556,0.55,within_genus_species,Escherichia,69,substitution_1pct,label
ck7_svd222,CK7 SVD-222,logistic,59,2,40,0.6111111111111112,0.5785953177257526,within_genus_species,Escherichia,69,substitution_1pct,label
ck4,CK4,nearest_centroid,59,2,136,0.6111111111111112,0.609907120743034,target_background,Escherichia,69,substitution_1pct,target_binary
ck4,CK4,logistic,59,2,136,0.6666666666666666,0.6625,target_background,Escherichia,69,substitution_1pct,target_binary
ck4_p,CK4+P,nearest_centroid,59,2,147,0.6111111111111112,0.609907120743034,target_background,Escherichia,69,substitution_1pct,target_binary
ck4_p,CK4+P,logistic,59,2,147,0.7222222222222222,0.7213622291021672,target_background,Escherichia,69,substitution_1pct,target_binary
ck4p_msp,CK4P-MSP,nearest_centroid,59,2,222,0.6111111111111112,0.609907120743034,target_background,Escherichia,69,substitution_1pct,target_binary
ck4p_msp,CK4P-MSP,logistic,59,2,222,0.6111111111111112,0.6,target_background,Escherichia,69,substitution_1pct,target_binary
ckmer5_count_l2,CK5,nearest_centroid,59,2,507,0.6111111111111112,0.6,target_background,Escherichia,69,substitution_1pct,target_binary
ckmer5_count_l2,CK5,logistic,59,2,507,0.5,0.4857142857142857,target_background,Escherichia,69,substitution_1pct,target_binary
ck5_pca147,CK5 PCA-147,nearest_centroid,59,2,40,0.6111111111111112,0.6,target_background,Escherichia,69,substitution_1pct,target_binary
ck5_pca147,CK5 PCA-147,logistic,59,2,40,0.5555555555555556,0.55,target_background,Escherichia,69,substitution_1pct,target_binary
ck5_pca222,CK5 PCA-222,nearest_centroid,59,2,40,0.6111111111111112,0.6,target_background,Escherichia,69,substitution_1pct,target_binary
ck5_pca222,CK5 PCA-222,logistic,59,2,40,0.5555555555555556,0.55,target_background,Escherichia,69,substitution_1pct,target_binary
ck5_svd147,CK5 SVD-147,nearest_centroid,59,2,40,0.6111111111111112,0.6,target_background,Escherichia,69,substitution_1pct,target_binary
ck5_svd147,CK5 SVD-147,logistic,59,2,40,0.5555555555555556,0.5324675324675324,target_background,Escherichia,69,substitution_1pct,target_binary
ck5_svd222,CK5 SVD-222,nearest_centroid,59,2,40,0.6111111111111112,0.6,target_background,Escherichia,69,substitution_1pct,target_binary
ck5_svd222,CK5 SVD-222,logistic,59,2,40,0.5555555555555556,0.5324675324675324,target_background,Escherichia,69,substitution_1pct,target_binary
ck7_pca147,CK7 PCA-147,nearest_centroid,59,2,40,0.6111111111111112,0.609907120743034,target_background,Escherichia,69,substitution_1pct,target_binary
ck7_pca147,CK7 PCA-147,logistic,59,2,40,0.6666666666666666,0.6625,target_background,Escherichia,69,substitution_1pct,target_binary
ck7_pca222,CK7 PCA-222,nearest_centroid,59,2,40,0.6111111111111112,0.609907120743034,target_background,Escherichia,69,substitution_1pct,target_binary
ck7_pca222,CK7 PCA-222,logistic,59,2,40,0.6666666666666666,0.6625,target_background,Escherichia,69,substitution_1pct,target_binary
ck7_svd147,CK7 SVD-147,nearest_centroid,59,2,40,0.5555555555555556,0.55,target_background,Escherichia,69,substitution_1pct,target_binary
ck7_svd147,CK7 SVD-147,logistic,59,2,40,0.6111111111111112,0.5785953177257526,target_background,Escherichia,69,substitution_1pct,target_binary
ck7_svd222,CK7 SVD-222,nearest_centroid,59,2,40,0.5555555555555556,0.55,target_background,Escherichia,69,substitution_1pct,target_binary
ck7_svd222,CK7 SVD-222,logistic,59,2,40,0.6111111111111112,0.5785953177257526,target_background,Escherichia,69,substitution_1pct,target_binary
ck4,CK4,nearest_centroid,87,3,136,0.48148148148148145,0.47685185185185186,within_genus_species,Klebsiella,69,substitution_1pct,label
ck4,CK4,logistic,87,3,136,0.3333333333333333,0.32989336085311316,within_genus_species,Klebsiella,69,substitution_1pct,label
ck4_p,CK4+P,nearest_centroid,87,3,147,0.48148148148148145,0.47685185185185186,within_genus_species,Klebsiella,69,substitution_1pct,label
ck4_p,CK4+P,logistic,87,3,147,0.3333333333333333,0.32796451914098973,within_genus_species,Klebsiella,69,substitution_1pct,label
ck4p_msp,CK4P-MSP,nearest_centroid,87,3,222,0.48148148148148145,0.47685185185185186,within_genus_species,Klebsiella,69,substitution_1pct,label
ck4p_msp,CK4P-MSP,logistic,87,3,222,0.37037037037037035,0.3625730994152047,within_genus_species,Klebsiella,69,substitution_1pct,label
ckmer5_count_l2,CK5,nearest_centroid,87,3,508,0.2962962962962963,0.27833519137866963,within_genus_species,Klebsiella,69,substitution_1pct,label
ckmer5_count_l2,CK5,logistic,87,3,508,0.2962962962962963,0.2905242905242905,within_genus_species,Klebsiella,69,substitution_1pct,label
ck5_pca147,CK5 PCA-147,nearest_centroid,87,3,59,0.3333333333333333,0.3142857142857143,within_genus_species,Klebsiella,69,substitution_1pct,label
ck5_pca147,CK5 PCA-147,logistic,87,3,59,0.3333333333333333,0.3296172426607209,within_genus_species,Klebsiella,69,substitution_1pct,label
ck5_pca222,CK5 PCA-222,nearest_centroid,87,3,59,0.3333333333333333,0.3142857142857143,within_genus_species,Klebsiella,69,substitution_1pct,label
ck5_pca222,CK5 PCA-222,logistic,87,3,59,0.3333333333333333,0.3296172426607209,within_genus_species,Klebsiella,69,substitution_1pct,label
ck5_svd147,CK5 SVD-147,nearest_centroid,87,3,59,0.37037037037037035,0.3433455433455433,within_genus_species,Klebsiella,69,substitution_1pct,label
ck5_svd147,CK5 SVD-147,logistic,87,3,59,0.37037037037037035,0.3628815628815629,within_genus_species,Klebsiella,69,substitution_1pct,label
ck5_svd222,CK5 SVD-222,nearest_centroid,87,3,59,0.37037037037037035,0.3433455433455433,within_genus_species,Klebsiella,69,substitution_1pct,label
ck5_svd222,CK5 SVD-222,logistic,87,3,59,0.37037037037037035,0.3628815628815629,within_genus_species,Klebsiella,69,substitution_1pct,label
ck7_pca147,CK7 PCA-147,nearest_centroid,87,3,59,0.3333333333333333,0.32954545454545453,within_genus_species,Klebsiella,69,substitution_1pct,label
ck7_pca147,CK7 PCA-147,logistic,87,3,59,0.3333333333333333,0.32796451914098973,within_genus_species,Klebsiella,69,substitution_1pct,label
ck7_pca222,CK7 PCA-222,nearest_centroid,87,3,59,0.3333333333333333,0.32954545454545453,within_genus_species,Klebsiella,69,substitution_1pct,label
ck7_pca222,CK7 PCA-222,logistic,87,3,59,0.3333333333333333,0.32796451914098973,within_genus_species,Klebsiella,69,substitution_1pct,label
ck7_svd147,CK7 SVD-147,nearest_centroid,87,3,59,0.3333333333333333,0.3304154995331466,within_genus_species,Klebsiella,69,substitution_1pct,label
ck7_svd147,CK7 SVD-147,logistic,87,3,59,0.37037037037037035,0.37142857142857144,within_genus_species,Klebsiella,69,substitution_1pct,label
ck7_svd222,CK7 SVD-222,nearest_centroid,87,3,59,0.3333333333333333,0.3304154995331466,within_genus_species,Klebsiella,69,substitution_1pct,label
ck7_svd222,CK7 SVD-222,logistic,87,3,59,0.37037037037037035,0.37142857142857144,within_genus_species,Klebsiella,69,substitution_1pct,label
ck4,CK4,nearest_centroid,76,2,136,0.5217391304347826,0.5217391304347826,target_background,Klebsiella,69,substitution_1pct,target_binary
ck4,CK4,logistic,76,2,136,0.391304347826087,0.39015151515151514,target_background,Klebsiella,69,substitution_1pct,target_binary
ck4_p,CK4+P,nearest_centroid,76,2,147,0.5217391304347826,0.5217391304347826,target_background,Klebsiella,69,substitution_1pct,target_binary
ck4_p,CK4+P,logistic,76,2,147,0.4782608695652174,0.4772727272727273,target_background,Klebsiella,69,substitution_1pct,target_binary
ck4p_msp,CK4P-MSP,nearest_centroid,76,2,222,0.5217391304347826,0.5217391304347826,target_background,Klebsiella,69,substitution_1pct,target_binary
ck4p_msp,CK4P-MSP,logistic,76,2,222,0.6086956521739131,0.6057142857142856,target_background,Klebsiella,69,substitution_1pct,target_binary
ckmer5_count_l2,CK5,nearest_centroid,76,2,508,0.6086956521739131,0.6086956521739131,target_background,Klebsiella,69,substitution_1pct,target_binary
ckmer5_count_l2,CK5,logistic,76,2,508,0.43478260869565216,0.43047619047619046,target_background,Klebsiella,69,substitution_1pct,target_binary
ck5_pca147,CK5 PCA-147,nearest_centroid,76,2,52,0.6521739130434783,0.6515151515151515,target_background,Klebsiella,69,substitution_1pct,target_binary
ck5_pca147,CK5 PCA-147,logistic,76,2,52,0.6521739130434783,0.6515151515151515,target_background,Klebsiella,69,substitution_1pct,target_binary
ck5_pca222,CK5 PCA-222,nearest_centroid,76,2,52,0.6521739130434783,0.6515151515151515,target_background,Klebsiella,69,substitution_1pct,target_binary
ck5_pca222,CK5 PCA-222,logistic,76,2,52,0.6521739130434783,0.6515151515151515,target_background,Klebsiella,69,substitution_1pct,target_binary
ck5_svd147,CK5 SVD-147,nearest_centroid,76,2,52,0.6086956521739131,0.6086956521739131,target_background,Klebsiella,69,substitution_1pct,target_binary
ck5_svd147,CK5 SVD-147,logistic,76,2,52,0.6086956521739131,0.6086956521739131,target_background,Klebsiella,69,substitution_1pct,target_binary
ck5_svd222,CK5 SVD-222,nearest_centroid,76,2,52,0.6086956521739131,0.6086956521739131,target_background,Klebsiella,69,substitution_1pct,target_binary
ck5_svd222,CK5 SVD-222,logistic,76,2,52,0.6086956521739131,0.6086956521739131,target_background,Klebsiella,69,substitution_1pct,target_binary
ck7_pca147,CK7 PCA-147,nearest_centroid,76,2,52,0.5652173913043478,0.5576923076923077,target_background,Klebsiella,69,substitution_1pct,target_binary
ck7_pca147,CK7 PCA-147,logistic,76,2,52,0.6086956521739131,0.6057142857142856,target_background,Klebsiella,69,substitution_1pct,target_binary
ck7_pca222,CK7 PCA-222,nearest_centroid,76,2,52,0.5652173913043478,0.5576923076923077,target_background,Klebsiella,69,substitution_1pct,target_binary
ck7_pca222,CK7 PCA-222,logistic,76,2,52,0.6086956521739131,0.6057142857142856,target_background,Klebsiella,69,substitution_1pct,target_binary
ck7_svd147,CK7 SVD-147,nearest_centroid,76,2,52,0.6521739130434783,0.6515151515151515,target_background,Klebsiella,69,substitution_1pct,target_binary
ck7_svd147,CK7 SVD-147,logistic,76,2,52,0.5652173913043478,0.5643939393939394,target_background,Klebsiella,69,substitution_1pct,target_binary
ck7_svd222,CK7 SVD-222,nearest_centroid,76,2,52,0.6521739130434783,0.6515151515151515,target_background,Klebsiella,69,substitution_1pct,target_binary
ck7_svd222,CK7 SVD-222,logistic,76,2,52,0.5652173913043478,0.5643939393939394,target_background,Klebsiella,69,substitution_1pct,target_binary
ck4,CK4,nearest_centroid,116,4,136,0.22857142857142856,0.19897342995169082,within_genus_species,Acinetobacter,69,N_3pct,label
ck4,CK4,logistic,116,4,136,0.14285714285714285,0.1416924664602683,within_genus_species,Acinetobacter,69,N_3pct,label
ck4_p,CK4+P,nearest_centroid,116,4,147,0.22857142857142856,0.19897342995169082,within_genus_species,Acinetobacter,69,N_3pct,label
ck4_p,CK4+P,logistic,116,4,147,0.2,0.18623737373737373,within_genus_species,Acinetobacter,69,N_3pct,label
ck4p_msp,CK4P-MSP,nearest_centroid,116,4,222,0.22857142857142856,0.19897342995169082,within_genus_species,Acinetobacter,69,N_3pct,label
ck4p_msp,CK4P-MSP,logistic,116,4,222,0.2,0.19791666666666666,within_genus_species,Acinetobacter,69,N_3pct,label
ckmer5_count_l2,CK5,nearest_centroid,116,4,511,0.2,0.19716939407341882,within_genus_species,Acinetobacter,69,N_3pct,label
ckmer5_count_l2,CK5,logistic,116,4,511,0.14285714285714285,0.1349673202614379,within_genus_species,Acinetobacter,69,N_3pct,label
ck5_pca147,CK5 PCA-147,nearest_centroid,116,4,80,0.2,0.19653299916457811,within_genus_species,Acinetobacter,69,N_3pct,label
ck5_pca147,CK5 PCA-147,logistic,116,4,80,0.17142857142857143,0.17703081232492998,within_genus_species,Acinetobacter,69,N_3pct,label
ck5_pca222,CK5 PCA-222,nearest_centroid,116,4,80,0.2,0.19653299916457811,within_genus_species,Acinetobacter,69,N_3pct,label
ck5_pca222,CK5 PCA-222,logistic,116,4,80,0.17142857142857143,0.17703081232492998,within_genus_species,Acinetobacter,69,N_3pct,label
ck5_svd147,CK5 SVD-147,nearest_centroid,116,4,80,0.2,0.19821428571428573,within_genus_species,Acinetobacter,69,N_3pct,label
ck5_svd147,CK5 SVD-147,logistic,116,4,80,0.14285714285714285,0.13637820512820514,within_genus_species,Acinetobacter,69,N_3pct,label
ck5_svd222,CK5 SVD-222,nearest_centroid,116,4,80,0.2,0.19821428571428573,within_genus_species,Acinetobacter,69,N_3pct,label
ck5_svd222,CK5 SVD-222,logistic,116,4,80,0.14285714285714285,0.13637820512820514,within_genus_species,Acinetobacter,69,N_3pct,label
ck7_pca147,CK7 PCA-147,nearest_centroid,116,4,80,0.17142857142857143,0.18333333333333332,within_genus_species,Acinetobacter,69,N_3pct,label
ck7_pca147,CK7 PCA-147,logistic,116,4,80,0.11428571428571428,0.1238562091503268,within_genus_species,Acinetobacter,69,N_3pct,label
ck7_pca222,CK7 PCA-222,nearest_centroid,116,4,80,0.17142857142857143,0.18333333333333332,within_genus_species,Acinetobacter,69,N_3pct,label
ck7_pca222,CK7 PCA-222,logistic,116,4,80,0.11428571428571428,0.1238562091503268,within_genus_species,Acinetobacter,69,N_3pct,label
ck7_svd147,CK7 SVD-147,nearest_centroid,116,4,80,0.14285714285714285,0.1518379281537176,within_genus_species,Acinetobacter,69,N_3pct,label
ck7_svd147,CK7 SVD-147,logistic,116,4,80,0.11428571428571428,0.12033288349077823,within_genus_species,Acinetobacter,69,N_3pct,label
ck7_svd222,CK7 SVD-222,nearest_centroid,116,4,80,0.14285714285714285,0.1518379281537176,within_genus_species,Acinetobacter,69,N_3pct,label
ck7_svd222,CK7 SVD-222,logistic,116,4,80,0.11428571428571428,0.12033288349077823,within_genus_species,Acinetobacter,69,N_3pct,label
ck4,CK4,nearest_centroid,72,3,136,0.4090909090909091,0.4045584045584046,within_genus_species,Burkholderia,69,N_3pct,label
ck4,CK4,logistic,72,3,136,0.2727272727272727,0.273015873015873,within_genus_species,Burkholderia,69,N_3pct,label
ck4_p,CK4+P,nearest_centroid,72,3,147,0.4090909090909091,0.4045584045584046,within_genus_species,Burkholderia,69,N_3pct,label
ck4_p,CK4+P,logistic,72,3,147,0.3181818181818182,0.31547619047619047,within_genus_species,Burkholderia,69,N_3pct,label
ck4p_msp,CK4P-MSP,nearest_centroid,72,3,222,0.4090909090909091,0.4045584045584046,within_genus_species,Burkholderia,69,N_3pct,label
ck4p_msp,CK4P-MSP,logistic,72,3,222,0.18181818181818182,0.18183760683760686,within_genus_species,Burkholderia,69,N_3pct,label
ckmer5_count_l2,CK5,nearest_centroid,72,3,454,0.36363636363636365,0.3784313725490196,within_genus_species,Burkholderia,69,N_3pct,label
ckmer5_count_l2,CK5,logistic,72,3,454,0.3181818181818182,0.31746031746031744,within_genus_species,Burkholderia,69,N_3pct,label
ck5_pca147,CK5 PCA-147,nearest_centroid,72,3,49,0.36363636363636365,0.3751346692523163,within_genus_species,Burkholderia,69,N_3pct,label
ck5_pca147,CK5 PCA-147,logistic,72,3,49,0.3181818181818182,0.3,within_genus_species,Burkholderia,69,N_3pct,label
ck5_pca222,CK5 PCA-222,nearest_centroid,72,3,49,0.36363636363636365,0.3751346692523163,within_genus_species,Burkholderia,69,N_3pct,label
ck5_pca222,CK5 PCA-222,logistic,72,3,49,0.3181818181818182,0.3,within_genus_species,Burkholderia,69,N_3pct,label
ck5_svd147,CK5 SVD-147,nearest_centroid,72,3,49,0.36363636363636365,0.37051282051282053,within_genus_species,Burkholderia,69,N_3pct,label
ck5_svd147,CK5 SVD-147,logistic,72,3,49,0.45454545454545453,0.4535094535094535,within_genus_species,Burkholderia,69,N_3pct,label
ck5_svd222,CK5 SVD-222,nearest_centroid,72,3,49,0.36363636363636365,0.37051282051282053,within_genus_species,Burkholderia,69,N_3pct,label
ck5_svd222,CK5 SVD-222,logistic,72,3,49,0.45454545454545453,0.4535094535094535,within_genus_species,Burkholderia,69,N_3pct,label
ck7_pca147,CK7 PCA-147,nearest_centroid,72,3,49,0.3181818181818182,0.31645299145299144,within_genus_species,Burkholderia,69,N_3pct,label
ck7_pca147,CK7 PCA-147,logistic,72,3,49,0.22727272727272727,0.22829509671614934,within_genus_species,Burkholderia,69,N_3pct,label
ck7_pca222,CK7 PCA-222,nearest_centroid,72,3,49,0.3181818181818182,0.31645299145299144,within_genus_species,Burkholderia,69,N_3pct,label
ck7_pca222,CK7 PCA-222,logistic,72,3,49,0.22727272727272727,0.22829509671614934,within_genus_species,Burkholderia,69,N_3pct,label
ck7_svd147,CK7 SVD-147,nearest_centroid,72,3,49,0.3181818181818182,0.3212121212121212,within_genus_species,Burkholderia,69,N_3pct,label
ck7_svd147,CK7 SVD-147,logistic,72,3,49,0.22727272727272727,0.22829509671614934,within_genus_species,Burkholderia,69,N_3pct,label
ck7_svd222,CK7 SVD-222,nearest_centroid,72,3,49,0.3181818181818182,0.3212121212121212,within_genus_species,Burkholderia,69,N_3pct,label
ck7_svd222,CK7 SVD-222,logistic,72,3,49,0.22727272727272727,0.22829509671614934,within_genus_species,Burkholderia,69,N_3pct,label
ck4,CK4,nearest_centroid,67,2,136,0.5238095238095238,0.4642857142857143,target_background,Burkholderia,69,N_3pct,target_binary
ck4,CK4,logistic,67,2,136,0.5714285714285714,0.5333333333333333,target_background,Burkholderia,69,N_3pct,target_binary
ck4_p,CK4+P,nearest_centroid,67,2,147,0.5238095238095238,0.4642857142857143,target_background,Burkholderia,69,N_3pct,target_binary
ck4_p,CK4+P,logistic,67,2,147,0.5714285714285714,0.5333333333333333,target_background,Burkholderia,69,N_3pct,target_binary
ck4p_msp,CK4P-MSP,nearest_centroid,67,2,222,0.5238095238095238,0.4642857142857143,target_background,Burkholderia,69,N_3pct,target_binary
ck4p_msp,CK4P-MSP,logistic,67,2,222,0.47619047619047616,0.38726790450928383,target_background,Burkholderia,69,N_3pct,target_binary
ckmer5_count_l2,CK5,nearest_centroid,67,2,450,0.38095238095238093,0.3259259259259259,target_background,Burkholderia,69,N_3pct,target_binary
ckmer5_count_l2,CK5,logistic,67,2,450,0.42857142857142855,0.3571428571428571,target_background,Burkholderia,69,N_3pct,target_binary
ck5_pca147,CK5 PCA-147,nearest_centroid,67,2,45,0.38095238095238093,0.3259259259259259,target_background,Burkholderia,69,N_3pct,target_binary
ck5_pca147,CK5 PCA-147,logistic,67,2,45,0.47619047619047616,0.38726790450928383,target_background,Burkholderia,69,N_3pct,target_binary
ck5_pca222,CK5 PCA-222,nearest_centroid,67,2,45,0.38095238095238093,0.3259259259259259,target_background,Burkholderia,69,N_3pct,target_binary
ck5_pca222,CK5 PCA-222,logistic,67,2,45,0.47619047619047616,0.38726790450928383,target_background,Burkholderia,69,N_3pct,target_binary
ck5_svd147,CK5 SVD-147,nearest_centroid,67,2,45,0.42857142857142855,0.3571428571428571,target_background,Burkholderia,69,N_3pct,target_binary
ck5_svd147,CK5 SVD-147,logistic,67,2,45,0.47619047619047616,0.38726790450928383,target_background,Burkholderia,69,N_3pct,target_binary
ck5_svd222,CK5 SVD-222,nearest_centroid,67,2,45,0.42857142857142855,0.3571428571428571,target_background,Burkholderia,69,N_3pct,target_binary
ck5_svd222,CK5 SVD-222,logistic,67,2,45,0.47619047619047616,0.38726790450928383,target_background,Burkholderia,69,N_3pct,target_binary
ck7_pca147,CK7 PCA-147,nearest_centroid,67,2,45,0.5238095238095238,0.4642857142857143,target_background,Burkholderia,69,N_3pct,target_binary
ck7_pca147,CK7 PCA-147,logistic,67,2,45,0.42857142857142855,0.3571428571428571,target_background,Burkholderia,69,N_3pct,target_binary
ck7_pca222,CK7 PCA-222,nearest_centroid,67,2,45,0.5238095238095238,0.4642857142857143,target_background,Burkholderia,69,N_3pct,target_binary
ck7_pca222,CK7 PCA-222,logistic,67,2,45,0.42857142857142855,0.3571428571428571,target_background,Burkholderia,69,N_3pct,target_binary
ck7_svd147,CK7 SVD-147,nearest_centroid,67,2,45,0.5714285714285714,0.4457478005865103,target_background,Burkholderia,69,N_3pct,target_binary
ck7_svd147,CK7 SVD-147,logistic,67,2,45,0.5238095238095238,0.41666666666666663,target_background,Burkholderia,69,N_3pct,target_binary
ck7_svd222,CK7 SVD-222,nearest_centroid,67,2,45,0.5714285714285714,0.4457478005865103,target_background,Burkholderia,69,N_3pct,target_binary
ck7_svd222,CK7 SVD-222,logistic,67,2,45,0.5238095238095238,0.41666666666666663,target_background,Burkholderia,69,N_3pct,target_binary
ck4,CK4,nearest_centroid,119,4,136,0.25,0.2324074074074074,within_genus_species,Candida,69,N_3pct,label
ck4,CK4,logistic,119,4,136,0.2777777777777778,0.264983164983165,within_genus_species,Candida,69,N_3pct,label
ck4_p,CK4+P,nearest_centroid,119,4,147,0.25,0.2324074074074074,within_genus_species,Candida,69,N_3pct,label
ck4_p,CK4+P,logistic,119,4,147,0.2777777777777778,0.26995670995670995,within_genus_species,Candida,69,N_3pct,label
ck4p_msp,CK4P-MSP,nearest_centroid,119,4,222,0.25,0.2316849816849817,within_genus_species,Candida,69,N_3pct,label
ck4p_msp,CK4P-MSP,logistic,119,4,222,0.25,0.19433198380566802,within_genus_species,Candida,69,N_3pct,label
ckmer5_count_l2,CK5,nearest_centroid,119,4,492,0.2777777777777778,0.23852813852813853,within_genus_species,Candida,69,N_3pct,label
ckmer5_count_l2,CK5,logistic,119,4,492,0.2222222222222222,0.1794871794871795,within_genus_species,Candida,69,N_3pct,label
ck5_pca147,CK5 PCA-147,nearest_centroid,119,4,82,0.25,0.2433583959899749,within_genus_species,Candida,69,N_3pct,label
ck5_pca147,CK5 PCA-147,logistic,119,4,82,0.25,0.20169082125603865,within_genus_species,Candida,69,N_3pct,label
ck5_pca222,CK5 PCA-222,nearest_centroid,119,4,82,0.25,0.2433583959899749,within_genus_species,Candida,69,N_3pct,label
ck5_pca222,CK5 PCA-222,logistic,119,4,82,0.25,0.20169082125603865,within_genus_species,Candida,69,N_3pct,label
ck5_svd147,CK5 SVD-147,nearest_centroid,119,4,82,0.19444444444444445,0.16233766233766234,within_genus_species,Candida,69,N_3pct,label
ck5_svd147,CK5 SVD-147,logistic,119,4,82,0.2777777777777778,0.22916666666666669,within_genus_species,Candida,69,N_3pct,label
ck5_svd222,CK5 SVD-222,nearest_centroid,119,4,82,0.19444444444444445,0.16233766233766234,within_genus_species,Candida,69,N_3pct,label
ck5_svd222,CK5 SVD-222,logistic,119,4,82,0.2777777777777778,0.22916666666666669,within_genus_species,Candida,69,N_3pct,label
ck7_pca147,CK7 PCA-147,nearest_centroid,119,4,82,0.3055555555555556,0.29485645933014354,within_genus_species,Candida,69,N_3pct,label
ck7_pca147,CK7 PCA-147,logistic,119,4,82,0.3333333333333333,0.3161768056504899,within_genus_species,Candida,69,N_3pct,label
ck7_pca222,CK7 PCA-222,nearest_centroid,119,4,82,0.3055555555555556,0.29485645933014354,within_genus_species,Candida,69,N_3pct,label
ck7_pca222,CK7 PCA-222,logistic,119,4,82,0.3333333333333333,0.3161768056504899,within_genus_species,Candida,69,N_3pct,label
ck7_svd147,CK7 SVD-147,nearest_centroid,119,4,82,0.3055555555555556,0.2895021645021645,within_genus_species,Candida,69,N_3pct,label
ck7_svd147,CK7 SVD-147,logistic,119,4,82,0.2777777777777778,0.24160839160839162,within_genus_species,Candida,69,N_3pct,label
ck7_svd222,CK7 SVD-222,nearest_centroid,119,4,82,0.3055555555555556,0.2895021645021645,within_genus_species,Candida,69,N_3pct,label
ck7_svd222,CK7 SVD-222,logistic,119,4,82,0.2777777777777778,0.24160839160839162,within_genus_species,Candida,69,N_3pct,label
ck4,CK4,nearest_centroid,73,2,136,0.45454545454545453,0.45,target_background,Candida,69,N_3pct,target_binary
ck4,CK4,logistic,73,2,136,0.5909090909090909,0.5448275862068965,target_background,Candida,69,N_3pct,target_binary
ck4_p,CK4+P,nearest_centroid,73,2,147,0.45454545454545453,0.45,target_background,Candida,69,N_3pct,target_binary
ck4_p,CK4+P,logistic,73,2,147,0.6363636363636364,0.6071428571428572,target_background,Candida,69,N_3pct,target_binary
ck4p_msp,CK4P-MSP,nearest_centroid,73,2,222,0.45454545454545453,0.45,target_background,Candida,69,N_3pct,target_binary
ck4p_msp,CK4P-MSP,logistic,73,2,222,0.45454545454545453,0.4107142857142857,target_background,Candida,69,N_3pct,target_binary
ckmer5_count_l2,CK5,nearest_centroid,73,2,482,0.4090909090909091,0.39789473684210525,target_background,Candida,69,N_3pct,target_binary
ckmer5_count_l2,CK5,logistic,73,2,482,0.6363636363636364,0.6071428571428572,target_background,Candida,69,N_3pct,target_binary
ck5_pca147,CK5 PCA-147,nearest_centroid,73,2,50,0.36363636363636365,0.3418803418803419,target_background,Candida,69,N_3pct,target_binary
ck5_pca147,CK5 PCA-147,logistic,73,2,50,0.5909090909090909,0.5900621118012422,target_background,Candida,69,N_3pct,target_binary
ck5_pca222,CK5 PCA-222,nearest_centroid,73,2,50,0.36363636363636365,0.3418803418803419,target_background,Candida,69,N_3pct,target_binary
ck5_pca222,CK5 PCA-222,logistic,73,2,50,0.5909090909090909,0.5900621118012422,target_background,Candida,69,N_3pct,target_binary
ck5_svd147,CK5 SVD-147,nearest_centroid,73,2,50,0.4090909090909091,0.4078674948240165,target_background,Candida,69,N_3pct,target_binary
ck5_svd147,CK5 SVD-147,logistic,73,2,50,0.5,0.4989648033126294,target_background,Candida,69,N_3pct,target_binary
ck5_svd222,CK5 SVD-222,nearest_centroid,73,2,50,0.4090909090909091,0.4078674948240165,target_background,Candida,69,N_3pct,target_binary
ck5_svd222,CK5 SVD-222,logistic,73,2,50,0.5,0.4989648033126294,target_background,Candida,69,N_3pct,target_binary
ck7_pca147,CK7 PCA-147,nearest_centroid,73,2,50,0.4090909090909091,0.4078674948240165,target_background,Candida,69,N_3pct,target_binary
ck7_pca147,CK7 PCA-147,logistic,73,2,50,0.5454545454545454,0.5416666666666667,target_background,Candida,69,N_3pct,target_binary
ck7_pca222,CK7 PCA-222,nearest_centroid,73,2,50,0.4090909090909091,0.4078674948240165,target_background,Candida,69,N_3pct,target_binary
ck7_pca222,CK7 PCA-222,logistic,73,2,50,0.5454545454545454,0.5416666666666667,target_background,Candida,69,N_3pct,target_binary
ck7_svd147,CK7 SVD-147,nearest_centroid,73,2,50,0.5454545454545454,0.5416666666666667,target_background,Candida,69,N_3pct,target_binary
ck7_svd147,CK7 SVD-147,logistic,73,2,50,0.36363636363636365,0.35833333333333334,target_background,Candida,69,N_3pct,target_binary
ck7_svd222,CK7 SVD-222,nearest_centroid,73,2,50,0.5454545454545454,0.5416666666666667,target_background,Candida,69,N_3pct,target_binary
ck7_svd222,CK7 SVD-222,logistic,73,2,50,0.36363636363636365,0.35833333333333334,target_background,Candida,69,N_3pct,target_binary
ck4,CK4,nearest_centroid,147,5,136,0.2222222222222222,0.1911961722488038,within_genus_species,Enterobacter,69,N_3pct,label
ck4,CK4,logistic,147,5,136,0.28888888888888886,0.284069264069264,within_genus_species,Enterobacter,69,N_3pct,label
ck4_p,CK4+P,nearest_centroid,147,5,147,0.2222222222222222,0.1911961722488038,within_genus_species,Enterobacter,69,N_3pct,label
ck4_p,CK4+P,logistic,147,5,147,0.3111111111111111,0.30640719445673004,within_genus_species,Enterobacter,69,N_3pct,label
ck4p_msp,CK4P-MSP,nearest_centroid,147,5,222,0.2222222222222222,0.1892914103440419,within_genus_species,Enterobacter,69,N_3pct,label
ck4p_msp,CK4P-MSP,logistic,147,5,222,0.3111111111111111,0.298214871232774,within_genus_species,Enterobacter,69,N_3pct,label
ckmer5_count_l2,CK5,nearest_centroid,147,5,506,0.3111111111111111,0.2865922381711855,within_genus_species,Enterobacter,69,N_3pct,label
ckmer5_count_l2,CK5,logistic,147,5,506,0.35555555555555557,0.33181818181818185,within_genus_species,Enterobacter,69,N_3pct,label
ck5_pca147,CK5 PCA-147,nearest_centroid,147,5,101,0.3111111111111111,0.2901010101010101,within_genus_species,Enterobacter,69,N_3pct,label
ck5_pca147,CK5 PCA-147,logistic,147,5,101,0.3111111111111111,0.30990285077241597,within_genus_species,Enterobacter,69,N_3pct,label
ck5_pca222,CK5 PCA-222,nearest_centroid,147,5,101,0.3111111111111111,0.2901010101010101,within_genus_species,Enterobacter,69,N_3pct,label
ck5_pca222,CK5 PCA-222,logistic,147,5,101,0.3111111111111111,0.30990285077241597,within_genus_species,Enterobacter,69,N_3pct,label
ck5_svd147,CK5 SVD-147,nearest_centroid,147,5,101,0.28888888888888886,0.26856803327391565,within_genus_species,Enterobacter,69,N_3pct,label
ck5_svd147,CK5 SVD-147,logistic,147,5,101,0.3111111111111111,0.3019461697722567,within_genus_species,Enterobacter,69,N_3pct,label
ck5_svd222,CK5 SVD-222,nearest_centroid,147,5,101,0.28888888888888886,0.26856803327391565,within_genus_species,Enterobacter,69,N_3pct,label
ck5_svd222,CK5 SVD-222,logistic,147,5,101,0.3111111111111111,0.3019461697722567,within_genus_species,Enterobacter,69,N_3pct,label
ck7_pca147,CK7 PCA-147,nearest_centroid,147,5,101,0.2222222222222222,0.2112531328320802,within_genus_species,Enterobacter,69,N_3pct,label
ck7_pca147,CK7 PCA-147,logistic,147,5,101,0.28888888888888886,0.28392156862745094,within_genus_species,Enterobacter,69,N_3pct,label
ck7_pca222,CK7 PCA-222,nearest_centroid,147,5,101,0.2222222222222222,0.2112531328320802,within_genus_species,Enterobacter,69,N_3pct,label
ck7_pca222,CK7 PCA-222,logistic,147,5,101,0.28888888888888886,0.28392156862745094,within_genus_species,Enterobacter,69,N_3pct,label
ck7_svd147,CK7 SVD-147,nearest_centroid,147,5,101,0.26666666666666666,0.25358823529411767,within_genus_species,Enterobacter,69,N_3pct,label
ck7_svd147,CK7 SVD-147,logistic,147,5,101,0.26666666666666666,0.24969191422388354,within_genus_species,Enterobacter,69,N_3pct,label
ck7_svd222,CK7 SVD-222,nearest_centroid,147,5,101,0.26666666666666666,0.25358823529411767,within_genus_species,Enterobacter,69,N_3pct,label
ck7_svd222,CK7 SVD-222,logistic,147,5,101,0.26666666666666666,0.24969191422388354,within_genus_species,Enterobacter,69,N_3pct,label
ck4,CK4,nearest_centroid,70,2,136,0.5714285714285714,0.5675057208237986,target_background,Enterobacter,69,N_3pct,target_binary
ck4,CK4,logistic,70,2,136,0.47619047619047616,0.4564705882352942,target_background,Enterobacter,69,N_3pct,target_binary
ck4_p,CK4+P,nearest_centroid,70,2,147,0.5714285714285714,0.5675057208237986,target_background,Enterobacter,69,N_3pct,target_binary
ck4_p,CK4+P,logistic,70,2,147,0.47619047619047616,0.4564705882352942,target_background,Enterobacter,69,N_3pct,target_binary
ck4p_msp,CK4P-MSP,nearest_centroid,70,2,222,0.5714285714285714,0.5675057208237986,target_background,Enterobacter,69,N_3pct,target_binary
ck4p_msp,CK4P-MSP,logistic,70,2,222,0.47619047619047616,0.47619047619047616,target_background,Enterobacter,69,N_3pct,target_binary
ckmer5_count_l2,CK5,nearest_centroid,70,2,495,0.6190476190476191,0.6111111111111112,target_background,Enterobacter,69,N_3pct,target_binary
ckmer5_count_l2,CK5,logistic,70,2,495,0.5238095238095238,0.5227272727272727,target_background,Enterobacter,69,N_3pct,target_binary
ck5_pca147,CK5 PCA-147,nearest_centroid,70,2,48,0.5714285714285714,0.5714285714285714,target_background,Enterobacter,69,N_3pct,target_binary
ck5_pca147,CK5 PCA-147,logistic,70,2,48,0.42857142857142855,0.41666666666666663,target_background,Enterobacter,69,N_3pct,target_binary
ck5_pca222,CK5 PCA-222,nearest_centroid,70,2,48,0.5714285714285714,0.5714285714285714,target_background,Enterobacter,69,N_3pct,target_binary
ck5_pca222,CK5 PCA-222,logistic,70,2,48,0.42857142857142855,0.41666666666666663,target_background,Enterobacter,69,N_3pct,target_binary
ck5_svd147,CK5 SVD-147,nearest_centroid,70,2,48,0.5238095238095238,0.5227272727272727,target_background,Enterobacter,69,N_3pct,target_binary
ck5_svd147,CK5 SVD-147,logistic,70,2,48,0.5238095238095238,0.5138888888888888,target_background,Enterobacter,69,N_3pct,target_binary
ck5_svd222,CK5 SVD-222,nearest_centroid,70,2,48,0.5238095238095238,0.5227272727272727,target_background,Enterobacter,69,N_3pct,target_binary
ck5_svd222,CK5 SVD-222,logistic,70,2,48,0.5238095238095238,0.5138888888888888,target_background,Enterobacter,69,N_3pct,target_binary
ck7_pca147,CK7 PCA-147,nearest_centroid,70,2,48,0.47619047619047616,0.47619047619047616,target_background,Enterobacter,69,N_3pct,target_binary
ck7_pca147,CK7 PCA-147,logistic,70,2,48,0.42857142857142855,0.42727272727272725,target_background,Enterobacter,69,N_3pct,target_binary
ck7_pca222,CK7 PCA-222,nearest_centroid,70,2,48,0.47619047619047616,0.47619047619047616,target_background,Enterobacter,69,N_3pct,target_binary
ck7_pca222,CK7 PCA-222,logistic,70,2,48,0.42857142857142855,0.42727272727272725,target_background,Enterobacter,69,N_3pct,target_binary
ck7_svd147,CK7 SVD-147,nearest_centroid,70,2,48,0.47619047619047616,0.47619047619047616,target_background,Enterobacter,69,N_3pct,target_binary
ck7_svd147,CK7 SVD-147,logistic,70,2,48,0.47619047619047616,0.47619047619047616,target_background,Enterobacter,69,N_3pct,target_binary
ck7_svd222,CK7 SVD-222,nearest_centroid,70,2,48,0.47619047619047616,0.47619047619047616,target_background,Enterobacter,69,N_3pct,target_binary
ck7_svd222,CK7 SVD-222,logistic,70,2,48,0.47619047619047616,0.47619047619047616,target_background,Enterobacter,69,N_3pct,target_binary
ck4,CK4,nearest_centroid,59,2,136,0.5555555555555556,0.5324675324675324,within_genus_species,Escherichia,69,N_3pct,label
ck4,CK4,logistic,59,2,136,0.5555555555555556,0.5324675324675324,within_genus_species,Escherichia,69,N_3pct,label
ck4_p,CK4+P,nearest_centroid,59,2,147,0.5555555555555556,0.5324675324675324,within_genus_species,Escherichia,69,N_3pct,label
ck4_p,CK4+P,logistic,59,2,147,0.6111111111111112,0.5785953177257526,within_genus_species,Escherichia,69,N_3pct,label
ck4p_msp,CK4P-MSP,nearest_centroid,59,2,222,0.5555555555555556,0.5324675324675324,within_genus_species,Escherichia,69,N_3pct,label
ck4p_msp,CK4P-MSP,logistic,59,2,222,0.6111111111111112,0.6,within_genus_species,Escherichia,69,N_3pct,label
ckmer5_count_l2,CK5,nearest_centroid,59,2,506,0.5555555555555556,0.5324675324675324,within_genus_species,Escherichia,69,N_3pct,label
ckmer5_count_l2,CK5,logistic,59,2,506,0.5555555555555556,0.5324675324675324,within_genus_species,Escherichia,69,N_3pct,label
ck5_pca147,CK5 PCA-147,nearest_centroid,59,2,40,0.5555555555555556,0.5324675324675324,within_genus_species,Escherichia,69,N_3pct,label
ck5_pca147,CK5 PCA-147,logistic,59,2,40,0.5555555555555556,0.5324675324675324,within_genus_species,Escherichia,69,N_3pct,label
ck5_pca222,CK5 PCA-222,nearest_centroid,59,2,40,0.5555555555555556,0.5324675324675324,within_genus_species,Escherichia,69,N_3pct,label
ck5_pca222,CK5 PCA-222,logistic,59,2,40,0.5555555555555556,0.5324675324675324,within_genus_species,Escherichia,69,N_3pct,label
ck5_svd147,CK5 SVD-147,nearest_centroid,59,2,40,0.5555555555555556,0.5324675324675324,within_genus_species,Escherichia,69,N_3pct,label
ck5_svd147,CK5 SVD-147,logistic,59,2,40,0.6111111111111112,0.5785953177257526,within_genus_species,Escherichia,69,N_3pct,label
ck5_svd222,CK5 SVD-222,nearest_centroid,59,2,40,0.5555555555555556,0.5324675324675324,within_genus_species,Escherichia,69,N_3pct,label
ck5_svd222,CK5 SVD-222,logistic,59,2,40,0.6111111111111112,0.5785953177257526,within_genus_species,Escherichia,69,N_3pct,label
ck7_pca147,CK7 PCA-147,nearest_centroid,59,2,40,0.6111111111111112,0.609907120743034,within_genus_species,Escherichia,69,N_3pct,label
ck7_pca147,CK7 PCA-147,logistic,59,2,40,0.6111111111111112,0.609907120743034,within_genus_species,Escherichia,69,N_3pct,label
ck7_pca222,CK7 PCA-222,nearest_centroid,59,2,40,0.6111111111111112,0.609907120743034,within_genus_species,Escherichia,69,N_3pct,label
ck7_pca222,CK7 PCA-222,logistic,59,2,40,0.6111111111111112,0.609907120743034,within_genus_species,Escherichia,69,N_3pct,label
ck7_svd147,CK7 SVD-147,nearest_centroid,59,2,40,0.6666666666666666,0.6625,within_genus_species,Escherichia,69,N_3pct,label
ck7_svd147,CK7 SVD-147,logistic,59,2,40,0.6666666666666666,0.6493506493506493,within_genus_species,Escherichia,69,N_3pct,label
ck7_svd222,CK7 SVD-222,nearest_centroid,59,2,40,0.6666666666666666,0.6625,within_genus_species,Escherichia,69,N_3pct,label
ck7_svd222,CK7 SVD-222,logistic,59,2,40,0.6666666666666666,0.6493506493506493,within_genus_species,Escherichia,69,N_3pct,label
ck4,CK4,nearest_centroid,59,2,136,0.5555555555555556,0.5324675324675324,target_background,Escherichia,69,N_3pct,target_binary
ck4,CK4,logistic,59,2,136,0.5555555555555556,0.5324675324675324,target_background,Escherichia,69,N_3pct,target_binary
ck4_p,CK4+P,nearest_centroid,59,2,147,0.5555555555555556,0.5324675324675324,target_background,Escherichia,69,N_3pct,target_binary
ck4_p,CK4+P,logistic,59,2,147,0.6111111111111112,0.5785953177257526,target_background,Escherichia,69,N_3pct,target_binary
ck4p_msp,CK4P-MSP,nearest_centroid,59,2,222,0.5555555555555556,0.5324675324675324,target_background,Escherichia,69,N_3pct,target_binary
ck4p_msp,CK4P-MSP,logistic,59,2,222,0.6111111111111112,0.6,target_background,Escherichia,69,N_3pct,target_binary
ckmer5_count_l2,CK5,nearest_centroid,59,2,506,0.5555555555555556,0.5324675324675324,target_background,Escherichia,69,N_3pct,target_binary
ckmer5_count_l2,CK5,logistic,59,2,506,0.5555555555555556,0.5324675324675324,target_background,Escherichia,69,N_3pct,target_binary
ck5_pca147,CK5 PCA-147,nearest_centroid,59,2,40,0.5555555555555556,0.5324675324675324,target_background,Escherichia,69,N_3pct,target_binary
ck5_pca147,CK5 PCA-147,logistic,59,2,40,0.5555555555555556,0.5324675324675324,target_background,Escherichia,69,N_3pct,target_binary
ck5_pca222,CK5 PCA-222,nearest_centroid,59,2,40,0.5555555555555556,0.5324675324675324,target_background,Escherichia,69,N_3pct,target_binary
ck5_pca222,CK5 PCA-222,logistic,59,2,40,0.5555555555555556,0.5324675324675324,target_background,Escherichia,69,N_3pct,target_binary
ck5_svd147,CK5 SVD-147,nearest_centroid,59,2,40,0.5555555555555556,0.5324675324675324,target_background,Escherichia,69,N_3pct,target_binary
ck5_svd147,CK5 SVD-147,logistic,59,2,40,0.6111111111111112,0.5785953177257526,target_background,Escherichia,69,N_3pct,target_binary
ck5_svd222,CK5 SVD-222,nearest_centroid,59,2,40,0.5555555555555556,0.5324675324675324,target_background,Escherichia,69,N_3pct,target_binary
ck5_svd222,CK5 SVD-222,logistic,59,2,40,0.6111111111111112,0.5785953177257526,target_background,Escherichia,69,N_3pct,target_binary
ck7_pca147,CK7 PCA-147,nearest_centroid,59,2,40,0.6111111111111112,0.609907120743034,target_background,Escherichia,69,N_3pct,target_binary
ck7_pca147,CK7 PCA-147,logistic,59,2,40,0.6111111111111112,0.609907120743034,target_background,Escherichia,69,N_3pct,target_binary
ck7_pca222,CK7 PCA-222,nearest_centroid,59,2,40,0.6111111111111112,0.609907120743034,target_background,Escherichia,69,N_3pct,target_binary
ck7_pca222,CK7 PCA-222,logistic,59,2,40,0.6111111111111112,0.609907120743034,target_background,Escherichia,69,N_3pct,target_binary
ck7_svd147,CK7 SVD-147,nearest_centroid,59,2,40,0.6666666666666666,0.6625,target_background,Escherichia,69,N_3pct,target_binary
ck7_svd147,CK7 SVD-147,logistic,59,2,40,0.6666666666666666,0.6493506493506493,target_background,Escherichia,69,N_3pct,target_binary
ck7_svd222,CK7 SVD-222,nearest_centroid,59,2,40,0.6666666666666666,0.6625,target_background,Escherichia,69,N_3pct,target_binary
ck7_svd222,CK7 SVD-222,logistic,59,2,40,0.6666666666666666,0.6493506493506493,target_background,Escherichia,69,N_3pct,target_binary
ck4,CK4,nearest_centroid,87,3,136,0.5555555555555556,0.5526315789473685,within_genus_species,Klebsiella,69,N_3pct,label
ck4,CK4,logistic,87,3,136,0.3333333333333333,0.3289473684210526,within_genus_species,Klebsiella,69,N_3pct,label
ck4_p,CK4+P,nearest_centroid,87,3,147,0.5555555555555556,0.5526315789473685,within_genus_species,Klebsiella,69,N_3pct,label
ck4_p,CK4+P,logistic,87,3,147,0.37037037037037035,0.3645983645983646,within_genus_species,Klebsiella,69,N_3pct,label
ck4p_msp,CK4P-MSP,nearest_centroid,87,3,222,0.5555555555555556,0.5526315789473685,within_genus_species,Klebsiella,69,N_3pct,label
ck4p_msp,CK4P-MSP,logistic,87,3,222,0.48148148148148145,0.47201426024955434,within_genus_species,Klebsiella,69,N_3pct,label
ckmer5_count_l2,CK5,nearest_centroid,87,3,501,0.3333333333333333,0.3102453102453102,within_genus_species,Klebsiella,69,N_3pct,label
ckmer5_count_l2,CK5,logistic,87,3,501,0.25925925925925924,0.2465201465201465,within_genus_species,Klebsiella,69,N_3pct,label
ck5_pca147,CK5 PCA-147,nearest_centroid,87,3,59,0.4074074074074074,0.40614608416466,within_genus_species,Klebsiella,69,N_3pct,label
ck5_pca147,CK5 PCA-147,logistic,87,3,59,0.2962962962962963,0.29221628045157455,within_genus_species,Klebsiella,69,N_3pct,label
ck5_pca222,CK5 PCA-222,nearest_centroid,87,3,59,0.4074074074074074,0.40614608416466,within_genus_species,Klebsiella,69,N_3pct,label
ck5_pca222,CK5 PCA-222,logistic,87,3,59,0.2962962962962963,0.29221628045157455,within_genus_species,Klebsiella,69,N_3pct,label
ck5_svd147,CK5 SVD-147,nearest_centroid,87,3,59,0.3333333333333333,0.3277777777777778,within_genus_species,Klebsiella,69,N_3pct,label
ck5_svd147,CK5 SVD-147,logistic,87,3,59,0.2962962962962963,0.29444444444444445,within_genus_species,Klebsiella,69,N_3pct,label
ck5_svd222,CK5 SVD-222,nearest_centroid,87,3,59,0.3333333333333333,0.3277777777777778,within_genus_species,Klebsiella,69,N_3pct,label
ck5_svd222,CK5 SVD-222,logistic,87,3,59,0.2962962962962963,0.29444444444444445,within_genus_species,Klebsiella,69,N_3pct,label
ck7_pca147,CK7 PCA-147,nearest_centroid,87,3,59,0.2962962962962963,0.2824074074074074,within_genus_species,Klebsiella,69,N_3pct,label
ck7_pca147,CK7 PCA-147,logistic,87,3,59,0.2962962962962963,0.27097795639995126,within_genus_species,Klebsiella,69,N_3pct,label
ck7_pca222,CK7 PCA-222,nearest_centroid,87,3,59,0.2962962962962963,0.2824074074074074,within_genus_species,Klebsiella,69,N_3pct,label
ck7_pca222,CK7 PCA-222,logistic,87,3,59,0.2962962962962963,0.27097795639995126,within_genus_species,Klebsiella,69,N_3pct,label
ck7_svd147,CK7 SVD-147,nearest_centroid,87,3,59,0.2962962962962963,0.27882819794584496,within_genus_species,Klebsiella,69,N_3pct,label
ck7_svd147,CK7 SVD-147,logistic,87,3,59,0.3333333333333333,0.31495405179615704,within_genus_species,Klebsiella,69,N_3pct,label
ck7_svd222,CK7 SVD-222,nearest_centroid,87,3,59,0.2962962962962963,0.27882819794584496,within_genus_species,Klebsiella,69,N_3pct,label
ck7_svd222,CK7 SVD-222,logistic,87,3,59,0.3333333333333333,0.31495405179615704,within_genus_species,Klebsiella,69,N_3pct,label
ck4,CK4,nearest_centroid,76,2,136,0.4782608695652174,0.46923076923076923,target_background,Klebsiella,69,N_3pct,target_binary
ck4,CK4,logistic,76,2,136,0.34782608695652173,0.34285714285714286,target_background,Klebsiella,69,N_3pct,target_binary
ck4_p,CK4+P,nearest_centroid,76,2,147,0.4782608695652174,0.46923076923076923,target_background,Klebsiella,69,N_3pct,target_binary
ck4_p,CK4+P,logistic,76,2,147,0.43478260869565216,0.43478260869565216,target_background,Klebsiella,69,N_3pct,target_binary
ck4p_msp,CK4P-MSP,nearest_centroid,76,2,222,0.4782608695652174,0.46923076923076923,target_background,Klebsiella,69,N_3pct,target_binary
ck4p_msp,CK4P-MSP,logistic,76,2,222,0.5217391304347826,0.50682261208577,target_background,Klebsiella,69,N_3pct,target_binary
ckmer5_count_l2,CK5,nearest_centroid,76,2,497,0.5652173913043478,0.5643939393939394,target_background,Klebsiella,69,N_3pct,target_binary
ckmer5_count_l2,CK5,logistic,76,2,497,0.43478260869565216,0.43478260869565216,target_background,Klebsiella,69,N_3pct,target_binary
ck5_pca147,CK5 PCA-147,nearest_centroid,76,2,52,0.5652173913043478,0.5643939393939394,target_background,Klebsiella,69,N_3pct,target_binary
ck5_pca147,CK5 PCA-147,logistic,76,2,52,0.4782608695652174,0.4772727272727273,target_background,Klebsiella,69,N_3pct,target_binary
ck5_pca222,CK5 PCA-222,nearest_centroid,76,2,52,0.5652173913043478,0.5643939393939394,target_background,Klebsiella,69,N_3pct,target_binary
ck5_pca222,CK5 PCA-222,logistic,76,2,52,0.4782608695652174,0.4772727272727273,target_background,Klebsiella,69,N_3pct,target_binary
ck5_svd147,CK5 SVD-147,nearest_centroid,76,2,52,0.5652173913043478,0.5643939393939394,target_background,Klebsiella,69,N_3pct,target_binary
ck5_svd147,CK5 SVD-147,logistic,76,2,52,0.43478260869565216,0.43047619047619046,target_background,Klebsiella,69,N_3pct,target_binary
ck5_svd222,CK5 SVD-222,nearest_centroid,76,2,52,0.5652173913043478,0.5643939393939394,target_background,Klebsiella,69,N_3pct,target_binary
ck5_svd222,CK5 SVD-222,logistic,76,2,52,0.43478260869565216,0.43047619047619046,target_background,Klebsiella,69,N_3pct,target_binary
ck7_pca147,CK7 PCA-147,nearest_centroid,76,2,52,0.5217391304347826,0.5180952380952382,target_background,Klebsiella,69,N_3pct,target_binary
ck7_pca147,CK7 PCA-147,logistic,76,2,52,0.6086956521739131,0.6086956521739131,target_background,Klebsiella,69,N_3pct,target_binary
ck7_pca222,CK7 PCA-222,nearest_centroid,76,2,52,0.5217391304347826,0.5180952380952382,target_background,Klebsiella,69,N_3pct,target_binary
ck7_pca222,CK7 PCA-222,logistic,76,2,52,0.6086956521739131,0.6086956521739131,target_background,Klebsiella,69,N_3pct,target_binary
ck7_svd147,CK7 SVD-147,nearest_centroid,76,2,52,0.6086956521739131,0.6057142857142856,target_background,Klebsiella,69,N_3pct,target_binary
ck7_svd147,CK7 SVD-147,logistic,76,2,52,0.6086956521739131,0.6057142857142856,target_background,Klebsiella,69,N_3pct,target_binary
ck7_svd222,CK7 SVD-222,nearest_centroid,76,2,52,0.6086956521739131,0.6057142857142856,target_background,Klebsiella,69,N_3pct,target_binary
ck7_svd222,CK7 SVD-222,logistic,76,2,52,0.6086956521739131,0.6057142857142856,target_background,Klebsiella,69,N_3pct,target_binary
ck4,CK4,nearest_centroid,120,4,136,0.19444444444444445,0.17712418300653596,within_genus_species,Acinetobacter,75,clean,label
ck4,CK4,logistic,120,4,136,0.3333333333333333,0.328548644338118,within_genus_species,Acinetobacter,75,clean,label
ck4_p,CK4+P,nearest_centroid,120,4,147,0.19444444444444445,0.17712418300653596,within_genus_species,Acinetobacter,75,clean,label
ck4_p,CK4+P,logistic,120,4,147,0.3611111111111111,0.3744360902255639,within_genus_species,Acinetobacter,75,clean,label
ck4p_msp,CK4P-MSP,nearest_centroid,120,4,222,0.2222222222222222,0.21521942110177406,within_genus_species,Acinetobacter,75,clean,label
ck4p_msp,CK4P-MSP,logistic,120,4,222,0.16666666666666666,0.1562233589087809,within_genus_species,Acinetobacter,75,clean,label
ckmer5_count_l2,CK5,nearest_centroid,120,4,509,0.2777777777777778,0.2505952380952381,within_genus_species,Acinetobacter,75,clean,label
ckmer5_count_l2,CK5,logistic,120,4,509,0.3055555555555556,0.30587044534412955,within_genus_species,Acinetobacter,75,clean,label
ck5_pca147,CK5 PCA-147,nearest_centroid,120,4,83,0.25,0.22829151683556717,within_genus_species,Acinetobacter,75,clean,label
ck5_pca147,CK5 PCA-147,logistic,120,4,83,0.3611111111111111,0.3567401960784314,within_genus_species,Acinetobacter,75,clean,label
ck5_pca222,CK5 PCA-222,nearest_centroid,120,4,83,0.25,0.22829151683556717,within_genus_species,Acinetobacter,75,clean,label
ck5_pca222,CK5 PCA-222,logistic,120,4,83,0.3611111111111111,0.3567401960784314,within_genus_species,Acinetobacter,75,clean,label
ck5_svd147,CK5 SVD-147,nearest_centroid,120,4,83,0.2777777777777778,0.26046176046176045,within_genus_species,Acinetobacter,75,clean,label
ck5_svd147,CK5 SVD-147,logistic,120,4,83,0.3333333333333333,0.3245076179858788,within_genus_species,Acinetobacter,75,clean,label
ck5_svd222,CK5 SVD-222,nearest_centroid,120,4,83,0.2777777777777778,0.26046176046176045,within_genus_species,Acinetobacter,75,clean,label
ck5_svd222,CK5 SVD-222,logistic,120,4,83,0.3333333333333333,0.3245076179858788,within_genus_species,Acinetobacter,75,clean,label
ck7_pca147,CK7 PCA-147,nearest_centroid,120,4,83,0.4444444444444444,0.43491228070175436,within_genus_species,Acinetobacter,75,clean,label
ck7_pca147,CK7 PCA-147,logistic,120,4,83,0.5,0.4812280701754386,within_genus_species,Acinetobacter,75,clean,label
ck7_pca222,CK7 PCA-222,nearest_centroid,120,4,83,0.4444444444444444,0.43491228070175436,within_genus_species,Acinetobacter,75,clean,label
ck7_pca222,CK7 PCA-222,logistic,120,4,83,0.5,0.4812280701754386,within_genus_species,Acinetobacter,75,clean,label
ck7_svd147,CK7 SVD-147,nearest_centroid,120,4,83,0.5,0.4856979405034325,within_genus_species,Acinetobacter,75,clean,label
ck7_svd147,CK7 SVD-147,logistic,120,4,83,0.5277777777777778,0.4880324989020641,within_genus_species,Acinetobacter,75,clean,label
ck7_svd222,CK7 SVD-222,nearest_centroid,120,4,83,0.5,0.4856979405034325,within_genus_species,Acinetobacter,75,clean,label
ck7_svd222,CK7 SVD-222,logistic,120,4,83,0.5277777777777778,0.4880324989020641,within_genus_species,Acinetobacter,75,clean,label
ck4,CK4,nearest_centroid,79,3,136,0.2916666666666667,0.29754901960784313,within_genus_species,Burkholderia,75,clean,label
ck4,CK4,logistic,79,3,136,0.2916666666666667,0.29629629629629634,within_genus_species,Burkholderia,75,clean,label
ck4_p,CK4+P,nearest_centroid,79,3,147,0.2916666666666667,0.29754901960784313,within_genus_species,Burkholderia,75,clean,label
ck4_p,CK4+P,logistic,79,3,147,0.375,0.381453634085213,within_genus_species,Burkholderia,75,clean,label
ck4p_msp,CK4P-MSP,nearest_centroid,79,3,222,0.2916666666666667,0.29754901960784313,within_genus_species,Burkholderia,75,clean,label
ck4p_msp,CK4P-MSP,logistic,79,3,222,0.4583333333333333,0.458994708994709,within_genus_species,Burkholderia,75,clean,label
ckmer5_count_l2,CK5,nearest_centroid,79,3,474,0.375,0.3735294117647059,within_genus_species,Burkholderia,75,clean,label
ckmer5_count_l2,CK5,logistic,79,3,474,0.3333333333333333,0.342442645074224,within_genus_species,Burkholderia,75,clean,label
ck5_pca147,CK5 PCA-147,nearest_centroid,79,3,54,0.375,0.375,within_genus_species,Burkholderia,75,clean,label
ck5_pca147,CK5 PCA-147,logistic,79,3,54,0.4166666666666667,0.416005291005291,within_genus_species,Burkholderia,75,clean,label
ck5_pca222,CK5 PCA-222,nearest_centroid,79,3,54,0.375,0.375,within_genus_species,Burkholderia,75,clean,label
ck5_pca222,CK5 PCA-222,logistic,79,3,54,0.4166666666666667,0.416005291005291,within_genus_species,Burkholderia,75,clean,label
ck5_svd147,CK5 SVD-147,nearest_centroid,79,3,54,0.375,0.375,within_genus_species,Burkholderia,75,clean,label
ck5_svd147,CK5 SVD-147,logistic,79,3,54,0.375,0.35653235653235654,within_genus_species,Burkholderia,75,clean,label
ck5_svd222,CK5 SVD-222,nearest_centroid,79,3,54,0.375,0.375,within_genus_species,Burkholderia,75,clean,label
ck5_svd222,CK5 SVD-222,logistic,79,3,54,0.375,0.35653235653235654,within_genus_species,Burkholderia,75,clean,label
ck7_pca147,CK7 PCA-147,nearest_centroid,79,3,54,0.2916666666666667,0.284640522875817,within_genus_species,Burkholderia,75,clean,label
ck7_pca147,CK7 PCA-147,logistic,79,3,54,0.375,0.3326118326118326,within_genus_species,Burkholderia,75,clean,label
ck7_pca222,CK7 PCA-222,nearest_centroid,79,3,54,0.2916666666666667,0.284640522875817,within_genus_species,Burkholderia,75,clean,label
ck7_pca222,CK7 PCA-222,logistic,79,3,54,0.375,0.3326118326118326,within_genus_species,Burkholderia,75,clean,label
ck7_svd147,CK7 SVD-147,nearest_centroid,79,3,54,0.2916666666666667,0.2837301587301587,within_genus_species,Burkholderia,75,clean,label
ck7_svd147,CK7 SVD-147,logistic,79,3,54,0.2916666666666667,0.2735042735042735,within_genus_species,Burkholderia,75,clean,label
ck7_svd222,CK7 SVD-222,nearest_centroid,79,3,54,0.2916666666666667,0.2837301587301587,within_genus_species,Burkholderia,75,clean,label
ck7_svd222,CK7 SVD-222,logistic,79,3,54,0.2916666666666667,0.2735042735042735,within_genus_species,Burkholderia,75,clean,label
ck4,CK4,nearest_centroid,67,2,136,0.6666666666666666,0.6541176470588235,target_background,Burkholderia,75,clean,target_binary
ck4,CK4,logistic,67,2,136,0.47619047619047616,0.4296296296296296,target_background,Burkholderia,75,clean,target_binary
ck4_p,CK4+P,nearest_centroid,67,2,147,0.6666666666666666,0.6541176470588235,target_background,Burkholderia,75,clean,target_binary
ck4_p,CK4+P,logistic,67,2,147,0.6190476190476191,0.5714285714285714,target_background,Burkholderia,75,clean,target_binary
ck4p_msp,CK4P-MSP,nearest_centroid,67,2,222,0.7142857142857143,0.6971153846153846,target_background,Burkholderia,75,clean,target_binary
ck4p_msp,CK4P-MSP,logistic,67,2,222,0.6666666666666666,0.6100795755968169,target_background,Burkholderia,75,clean,target_binary
ckmer5_count_l2,CK5,nearest_centroid,67,2,457,0.6190476190476191,0.6111111111111112,target_background,Burkholderia,75,clean,target_binary
ckmer5_count_l2,CK5,logistic,67,2,457,0.47619047619047616,0.4296296296296296,target_background,Burkholderia,75,clean,target_binary
ck5_pca147,CK5 PCA-147,nearest_centroid,67,2,45,0.6190476190476191,0.6111111111111112,target_background,Burkholderia,75,clean,target_binary
ck5_pca147,CK5 PCA-147,logistic,67,2,45,0.5714285714285714,0.5333333333333333,target_background,Burkholderia,75,clean,target_binary
ck5_pca222,CK5 PCA-222,nearest_centroid,67,2,45,0.6190476190476191,0.6111111111111112,target_background,Burkholderia,75,clean,target_binary
ck5_pca222,CK5 PCA-222,logistic,67,2,45,0.5714285714285714,0.5333333333333333,target_background,Burkholderia,75,clean,target_binary
ck5_svd147,CK5 SVD-147,nearest_centroid,67,2,45,0.5714285714285714,0.5714285714285714,target_background,Burkholderia,75,clean,target_binary
ck5_svd147,CK5 SVD-147,logistic,67,2,45,0.6190476190476191,0.5961538461538461,target_background,Burkholderia,75,clean,target_binary
ck5_svd222,CK5 SVD-222,nearest_centroid,67,2,45,0.5714285714285714,0.5714285714285714,target_background,Burkholderia,75,clean,target_binary
ck5_svd222,CK5 SVD-222,logistic,67,2,45,0.6190476190476191,0.5961538461538461,target_background,Burkholderia,75,clean,target_binary
ck7_pca147,CK7 PCA-147,nearest_centroid,67,2,45,0.5714285714285714,0.5675057208237986,target_background,Burkholderia,75,clean,target_binary
ck7_pca147,CK7 PCA-147,logistic,67,2,45,0.5238095238095238,0.4951923076923077,target_background,Burkholderia,75,clean,target_binary
ck7_pca222,CK7 PCA-222,nearest_centroid,67,2,45,0.5714285714285714,0.5675057208237986,target_background,Burkholderia,75,clean,target_binary
ck7_pca222,CK7 PCA-222,logistic,67,2,45,0.5238095238095238,0.4951923076923077,target_background,Burkholderia,75,clean,target_binary
ck7_svd147,CK7 SVD-147,nearest_centroid,67,2,45,0.5714285714285714,0.5675057208237986,target_background,Burkholderia,75,clean,target_binary
ck7_svd147,CK7 SVD-147,logistic,67,2,45,0.5714285714285714,0.5552941176470588,target_background,Burkholderia,75,clean,target_binary
ck7_svd222,CK7 SVD-222,nearest_centroid,67,2,45,0.5714285714285714,0.5675057208237986,target_background,Burkholderia,75,clean,target_binary
ck7_svd222,CK7 SVD-222,logistic,67,2,45,0.5714285714285714,0.5552941176470588,target_background,Burkholderia,75,clean,target_binary
ck4,CK4,nearest_centroid,119,4,136,0.3888888888888889,0.36969696969696964,within_genus_species,Candida,75,clean,label
ck4,CK4,logistic,119,4,136,0.3333333333333333,0.30268016297428063,within_genus_species,Candida,75,clean,label
ck4_p,CK4+P,nearest_centroid,119,4,147,0.3888888888888889,0.36969696969696964,within_genus_species,Candida,75,clean,label
ck4_p,CK4+P,logistic,119,4,147,0.3611111111111111,0.31920688007644527,within_genus_species,Candida,75,clean,label
ck4p_msp,CK4P-MSP,nearest_centroid,119,4,222,0.3888888888888889,0.36969696969696964,within_genus_species,Candida,75,clean,label
ck4p_msp,CK4P-MSP,logistic,119,4,222,0.4444444444444444,0.36317135549872126,within_genus_species,Candida,75,clean,label
ckmer5_count_l2,CK5,nearest_centroid,119,4,508,0.3888888888888889,0.37053418803418803,within_genus_species,Candida,75,clean,label
ckmer5_count_l2,CK5,logistic,119,4,508,0.3611111111111111,0.3090686274509804,within_genus_species,Candida,75,clean,label
ck5_pca147,CK5 PCA-147,nearest_centroid,119,4,82,0.3611111111111111,0.3439819004524887,within_genus_species,Candida,75,clean,label
ck5_pca147,CK5 PCA-147,logistic,119,4,82,0.2777777777777778,0.23632723112128146,within_genus_species,Candida,75,clean,label
ck5_pca222,CK5 PCA-222,nearest_centroid,119,4,82,0.3611111111111111,0.3439819004524887,within_genus_species,Candida,75,clean,label
ck5_pca222,CK5 PCA-222,logistic,119,4,82,0.2777777777777778,0.23632723112128146,within_genus_species,Candida,75,clean,label
ck5_svd147,CK5 SVD-147,nearest_centroid,119,4,82,0.3333333333333333,0.3264411027568922,within_genus_species,Candida,75,clean,label
ck5_svd147,CK5 SVD-147,logistic,119,4,82,0.2777777777777778,0.23945981554677204,within_genus_species,Candida,75,clean,label
ck5_svd222,CK5 SVD-222,nearest_centroid,119,4,82,0.3333333333333333,0.3264411027568922,within_genus_species,Candida,75,clean,label
ck5_svd222,CK5 SVD-222,logistic,119,4,82,0.2777777777777778,0.23945981554677204,within_genus_species,Candida,75,clean,label
ck7_pca147,CK7 PCA-147,nearest_centroid,119,4,82,0.3333333333333333,0.313177019059372,within_genus_species,Candida,75,clean,label
ck7_pca147,CK7 PCA-147,logistic,119,4,82,0.3888888888888889,0.36012426900584793,within_genus_species,Candida,75,clean,label
ck7_pca222,CK7 PCA-222,nearest_centroid,119,4,82,0.3333333333333333,0.313177019059372,within_genus_species,Candida,75,clean,label
ck7_pca222,CK7 PCA-222,logistic,119,4,82,0.3888888888888889,0.36012426900584793,within_genus_species,Candida,75,clean,label
ck7_svd147,CK7 SVD-147,nearest_centroid,119,4,82,0.3333333333333333,0.3159090909090909,within_genus_species,Candida,75,clean,label
ck7_svd147,CK7 SVD-147,logistic,119,4,82,0.3055555555555556,0.2998324615887545,within_genus_species,Candida,75,clean,label
ck7_svd222,CK7 SVD-222,nearest_centroid,119,4,82,0.3333333333333333,0.3159090909090909,within_genus_species,Candida,75,clean,label
ck7_svd222,CK7 SVD-222,logistic,119,4,82,0.3055555555555556,0.2998324615887545,within_genus_species,Candida,75,clean,label
ck4,CK4,nearest_centroid,74,2,136,0.43478260869565216,0.43047619047619046,target_background,Candida,75,clean,target_binary
ck4,CK4,logistic,74,2,136,0.30434782608695654,0.2923076923076923,target_background,Candida,75,clean,target_binary
ck4_p,CK4+P,nearest_centroid,74,2,147,0.43478260869565216,0.43047619047619046,target_background,Candida,75,clean,target_binary
ck4_p,CK4+P,logistic,74,2,147,0.34782608695652173,0.32748538011695905,target_background,Candida,75,clean,target_binary
ck4p_msp,CK4P-MSP,nearest_centroid,74,2,222,0.43478260869565216,0.43047619047619046,target_background,Candida,75,clean,target_binary
ck4p_msp,CK4P-MSP,logistic,74,2,222,0.4782608695652174,0.46923076923076923,target_background,Candida,75,clean,target_binary
ckmer5_count_l2,CK5,nearest_centroid,74,2,499,0.5217391304347826,0.50682261208577,target_background,Candida,75,clean,target_binary
ckmer5_count_l2,CK5,logistic,74,2,499,0.4782608695652174,0.45238095238095233,target_background,Candida,75,clean,target_binary
ck5_pca147,CK5 PCA-147,nearest_centroid,74,2,50,0.5217391304347826,0.5180952380952382,target_background,Candida,75,clean,target_binary
ck5_pca147,CK5 PCA-147,logistic,74,2,50,0.6086956521739131,0.5964912280701754,target_background,Candida,75,clean,target_binary
ck5_pca222,CK5 PCA-222,nearest_centroid,74,2,50,0.5217391304347826,0.5180952380952382,target_background,Candida,75,clean,target_binary
ck5_pca222,CK5 PCA-222,logistic,74,2,50,0.6086956521739131,0.5964912280701754,target_background,Candida,75,clean,target_binary
ck5_svd147,CK5 SVD-147,nearest_centroid,74,2,50,0.391304347826087,0.38076923076923075,target_background,Candida,75,clean,target_binary
ck5_svd147,CK5 SVD-147,logistic,74,2,50,0.4782608695652174,0.4772727272727273,target_background,Candida,75,clean,target_binary
ck5_svd222,CK5 SVD-222,nearest_centroid,74,2,50,0.391304347826087,0.38076923076923075,target_background,Candida,75,clean,target_binary
ck5_svd222,CK5 SVD-222,logistic,74,2,50,0.4782608695652174,0.4772727272727273,target_background,Candida,75,clean,target_binary
ck7_pca147,CK7 PCA-147,nearest_centroid,74,2,50,0.34782608695652173,0.34285714285714286,target_background,Candida,75,clean,target_binary
ck7_pca147,CK7 PCA-147,logistic,74,2,50,0.4782608695652174,0.46923076923076923,target_background,Candida,75,clean,target_binary
ck7_pca222,CK7 PCA-222,nearest_centroid,74,2,50,0.34782608695652173,0.34285714285714286,target_background,Candida,75,clean,target_binary
ck7_pca222,CK7 PCA-222,logistic,74,2,50,0.4782608695652174,0.46923076923076923,target_background,Candida,75,clean,target_binary
ck7_svd147,CK7 SVD-147,nearest_centroid,74,2,50,0.30434782608695654,0.303030303030303,target_background,Candida,75,clean,target_binary
ck7_svd147,CK7 SVD-147,logistic,74,2,50,0.30434782608695654,0.303030303030303,target_background,Candida,75,clean,target_binary
ck7_svd222,CK7 SVD-222,nearest_centroid,74,2,50,0.30434782608695654,0.303030303030303,target_background,Candida,75,clean,target_binary
ck7_svd222,CK7 SVD-222,logistic,74,2,50,0.30434782608695654,0.303030303030303,target_background,Candida,75,clean,target_binary
ck4,CK4,nearest_centroid,133,5,136,0.15,0.1272222222222222,within_genus_species,Enterobacter,75,clean,label
ck4,CK4,logistic,133,5,136,0.1,0.09787449392712551,within_genus_species,Enterobacter,75,clean,label
ck4_p,CK4+P,nearest_centroid,133,5,147,0.15,0.1272222222222222,within_genus_species,Enterobacter,75,clean,label
ck4_p,CK4+P,logistic,133,5,147,0.175,0.15457875457875456,within_genus_species,Enterobacter,75,clean,label
ck4p_msp,CK4P-MSP,nearest_centroid,133,5,222,0.15,0.1272222222222222,within_genus_species,Enterobacter,75,clean,label
ck4p_msp,CK4P-MSP,logistic,133,5,222,0.15,0.1622222222222222,within_genus_species,Enterobacter,75,clean,label
ckmer5_count_l2,CK5,nearest_centroid,133,5,510,0.15,0.126007326007326,within_genus_species,Enterobacter,75,clean,label
ckmer5_count_l2,CK5,logistic,133,5,510,0.15,0.14705882352941177,within_genus_species,Enterobacter,75,clean,label
ck5_pca147,CK5 PCA-147,nearest_centroid,133,5,92,0.15,0.1306766917293233,within_genus_species,Enterobacter,75,clean,label
ck5_pca147,CK5 PCA-147,logistic,133,5,92,0.15,0.13968253968253969,within_genus_species,Enterobacter,75,clean,label
ck5_pca222,CK5 PCA-222,nearest_centroid,133,5,92,0.15,0.1306766917293233,within_genus_species,Enterobacter,75,clean,label
ck5_pca222,CK5 PCA-222,logistic,133,5,92,0.15,0.13968253968253969,within_genus_species,Enterobacter,75,clean,label
ck5_svd147,CK5 SVD-147,nearest_centroid,133,5,92,0.125,0.10307486631016043,within_genus_species,Enterobacter,75,clean,label
ck5_svd147,CK5 SVD-147,logistic,133,5,92,0.225,0.19864612511671334,within_genus_species,Enterobacter,75,clean,label
ck5_svd222,CK5 SVD-222,nearest_centroid,133,5,92,0.125,0.10307486631016043,within_genus_species,Enterobacter,75,clean,label
ck5_svd222,CK5 SVD-222,logistic,133,5,92,0.225,0.19864612511671334,within_genus_species,Enterobacter,75,clean,label
ck7_pca147,CK7 PCA-147,nearest_centroid,133,5,92,0.325,0.2775479422538246,within_genus_species,Enterobacter,75,clean,label
ck7_pca147,CK7 PCA-147,logistic,133,5,92,0.275,0.2423054070112894,within_genus_species,Enterobacter,75,clean,label
ck7_pca222,CK7 PCA-222,nearest_centroid,133,5,92,0.325,0.2775479422538246,within_genus_species,Enterobacter,75,clean,label
ck7_pca222,CK7 PCA-222,logistic,133,5,92,0.275,0.2423054070112894,within_genus_species,Enterobacter,75,clean,label
ck7_svd147,CK7 SVD-147,nearest_centroid,133,5,92,0.325,0.29772727272727273,within_genus_species,Enterobacter,75,clean,label
ck7_svd147,CK7 SVD-147,logistic,133,5,92,0.225,0.1974269005847953,within_genus_species,Enterobacter,75,clean,label
ck7_svd222,CK7 SVD-222,nearest_centroid,133,5,92,0.325,0.29772727272727273,within_genus_species,Enterobacter,75,clean,label
ck7_svd222,CK7 SVD-222,logistic,133,5,92,0.225,0.1974269005847953,within_genus_species,Enterobacter,75,clean,label
ck4,CK4,nearest_centroid,71,2,136,0.45454545454545453,0.45,target_background,Enterobacter,75,clean,target_binary
ck4,CK4,logistic,71,2,136,0.5,0.4989648033126294,target_background,Enterobacter,75,clean,target_binary
ck4_p,CK4+P,nearest_centroid,71,2,147,0.45454545454545453,0.45,target_background,Enterobacter,75,clean,target_binary
ck4_p,CK4+P,logistic,71,2,147,0.5,0.4989648033126294,target_background,Enterobacter,75,clean,target_binary
ck4p_msp,CK4P-MSP,nearest_centroid,71,2,222,0.45454545454545453,0.45,target_background,Enterobacter,75,clean,target_binary
ck4p_msp,CK4P-MSP,logistic,71,2,222,0.4090909090909091,0.4078674948240165,target_background,Enterobacter,75,clean,target_binary
ckmer5_count_l2,CK5,nearest_centroid,71,2,506,0.4090909090909091,0.4078674948240165,target_background,Enterobacter,75,clean,target_binary
ckmer5_count_l2,CK5,logistic,71,2,506,0.4090909090909091,0.4078674948240165,target_background,Enterobacter,75,clean,target_binary
ck5_pca147,CK5 PCA-147,nearest_centroid,71,2,48,0.45454545454545453,0.45454545454545453,target_background,Enterobacter,75,clean,target_binary
ck5_pca147,CK5 PCA-147,logistic,71,2,48,0.4090909090909091,0.39789473684210525,target_background,Enterobacter,75,clean,target_binary
ck5_pca222,CK5 PCA-222,nearest_centroid,71,2,48,0.45454545454545453,0.45454545454545453,target_background,Enterobacter,75,clean,target_binary
ck5_pca222,CK5 PCA-222,logistic,71,2,48,0.4090909090909091,0.39789473684210525,target_background,Enterobacter,75,clean,target_binary
ck5_svd147,CK5 SVD-147,nearest_centroid,71,2,48,0.45454545454545453,0.45454545454545453,target_background,Enterobacter,75,clean,target_binary
ck5_svd147,CK5 SVD-147,logistic,71,2,48,0.5,0.4905263157894737,target_background,Enterobacter,75,clean,target_binary
ck5_svd222,CK5 SVD-222,nearest_centroid,71,2,48,0.45454545454545453,0.45454545454545453,target_background,Enterobacter,75,clean,target_binary
ck5_svd222,CK5 SVD-222,logistic,71,2,48,0.5,0.4905263157894737,target_background,Enterobacter,75,clean,target_binary
ck7_pca147,CK7 PCA-147,nearest_centroid,71,2,48,0.4090909090909091,0.3769063180827886,target_background,Enterobacter,75,clean,target_binary
ck7_pca147,CK7 PCA-147,logistic,71,2,48,0.45454545454545453,0.4358974358974359,target_background,Enterobacter,75,clean,target_binary
ck7_pca222,CK7 PCA-222,nearest_centroid,71,2,48,0.4090909090909091,0.3769063180827886,target_background,Enterobacter,75,clean,target_binary
ck7_pca222,CK7 PCA-222,logistic,71,2,48,0.45454545454545453,0.4358974358974359,target_background,Enterobacter,75,clean,target_binary
ck7_svd147,CK7 SVD-147,nearest_centroid,71,2,48,0.5,0.4905263157894737,target_background,Enterobacter,75,clean,target_binary
ck7_svd147,CK7 SVD-147,logistic,71,2,48,0.45454545454545453,0.4358974358974359,target_background,Enterobacter,75,clean,target_binary
ck7_svd222,CK7 SVD-222,nearest_centroid,71,2,48,0.5,0.4905263157894737,target_background,Enterobacter,75,clean,target_binary
ck7_svd222,CK7 SVD-222,logistic,71,2,48,0.45454545454545453,0.4358974358974359,target_background,Enterobacter,75,clean,target_binary
ck4,CK4,nearest_centroid,52,2,136,0.375,0.3333333333333333,within_genus_species,Escherichia,75,clean,label
ck4,CK4,logistic,52,2,136,0.5,0.4181818181818182,within_genus_species,Escherichia,75,clean,label
ck4_p,CK4+P,nearest_centroid,52,2,147,0.375,0.3333333333333333,within_genus_species,Escherichia,75,clean,label
ck4_p,CK4+P,logistic,52,2,147,0.4375,0.37662337662337664,within_genus_species,Escherichia,75,clean,label
ck4p_msp,CK4P-MSP,nearest_centroid,52,2,222,0.375,0.3333333333333333,within_genus_species,Escherichia,75,clean,label
ck4p_msp,CK4P-MSP,logistic,52,2,222,0.375,0.3333333333333333,within_genus_species,Escherichia,75,clean,label
ckmer5_count_l2,CK5,nearest_centroid,52,2,502,0.5625,0.5151515151515151,within_genus_species,Escherichia,75,clean,label
ckmer5_count_l2,CK5,logistic,52,2,502,0.5625,0.5151515151515151,within_genus_species,Escherichia,75,clean,label
ck5_pca147,CK5 PCA-147,nearest_centroid,52,2,35,0.5625,0.5465587044534412,within_genus_species,Escherichia,75,clean,label
ck5_pca147,CK5 PCA-147,logistic,52,2,35,0.5,0.4666666666666667,within_genus_species,Escherichia,75,clean,label
ck5_pca222,CK5 PCA-222,nearest_centroid,52,2,35,0.5625,0.5465587044534412,within_genus_species,Escherichia,75,clean,label
ck5_pca222,CK5 PCA-222,logistic,52,2,35,0.5,0.4666666666666667,within_genus_species,Escherichia,75,clean,label
ck5_svd147,CK5 SVD-147,nearest_centroid,52,2,35,0.625,0.6,within_genus_species,Escherichia,75,clean,label
ck5_svd147,CK5 SVD-147,logistic,52,2,35,0.625,0.5636363636363637,within_genus_species,Escherichia,75,clean,label
ck5_svd222,CK5 SVD-222,nearest_centroid,52,2,35,0.625,0.6,within_genus_species,Escherichia,75,clean,label
ck5_svd222,CK5 SVD-222,logistic,52,2,35,0.625,0.5636363636363637,within_genus_species,Escherichia,75,clean,label
ck7_pca147,CK7 PCA-147,nearest_centroid,52,2,35,0.6875,0.6536796536796536,within_genus_species,Escherichia,75,clean,label
ck7_pca147,CK7 PCA-147,logistic,52,2,35,0.625,0.6,within_genus_species,Escherichia,75,clean,label
ck7_pca222,CK7 PCA-222,nearest_centroid,52,2,35,0.6875,0.6536796536796536,within_genus_species,Escherichia,75,clean,label
ck7_pca222,CK7 PCA-222,logistic,52,2,35,0.625,0.6,within_genus_species,Escherichia,75,clean,label
ck7_svd147,CK7 SVD-147,nearest_centroid,52,2,35,0.6875,0.6536796536796536,within_genus_species,Escherichia,75,clean,label
ck7_svd147,CK7 SVD-147,logistic,52,2,35,0.6875,0.6536796536796536,within_genus_species,Escherichia,75,clean,label
ck7_svd222,CK7 SVD-222,nearest_centroid,52,2,35,0.6875,0.6536796536796536,within_genus_species,Escherichia,75,clean,label
ck7_svd222,CK7 SVD-222,logistic,52,2,35,0.6875,0.6536796536796536,within_genus_species,Escherichia,75,clean,label
ck4,CK4,nearest_centroid,52,2,136,0.375,0.3333333333333333,target_background,Escherichia,75,clean,target_binary
ck4,CK4,logistic,52,2,136,0.5,0.4181818181818182,target_background,Escherichia,75,clean,target_binary
ck4_p,CK4+P,nearest_centroid,52,2,147,0.375,0.3333333333333333,target_background,Escherichia,75,clean,target_binary
ck4_p,CK4+P,logistic,52,2,147,0.4375,0.37662337662337664,target_background,Escherichia,75,clean,target_binary
ck4p_msp,CK4P-MSP,nearest_centroid,52,2,222,0.375,0.3333333333333333,target_background,Escherichia,75,clean,target_binary
ck4p_msp,CK4P-MSP,logistic,52,2,222,0.375,0.3333333333333333,target_background,Escherichia,75,clean,target_binary
ckmer5_count_l2,CK5,nearest_centroid,52,2,502,0.5625,0.5151515151515151,target_background,Escherichia,75,clean,target_binary
ckmer5_count_l2,CK5,logistic,52,2,502,0.5625,0.5151515151515151,target_background,Escherichia,75,clean,target_binary
ck5_pca147,CK5 PCA-147,nearest_centroid,52,2,35,0.5625,0.5465587044534412,target_background,Escherichia,75,clean,target_binary
ck5_pca147,CK5 PCA-147,logistic,52,2,35,0.5,0.4666666666666667,target_background,Escherichia,75,clean,target_binary
ck5_pca222,CK5 PCA-222,nearest_centroid,52,2,35,0.5625,0.5465587044534412,target_background,Escherichia,75,clean,target_binary
ck5_pca222,CK5 PCA-222,logistic,52,2,35,0.5,0.4666666666666667,target_background,Escherichia,75,clean,target_binary
ck5_svd147,CK5 SVD-147,nearest_centroid,52,2,35,0.625,0.6,target_background,Escherichia,75,clean,target_binary
ck5_svd147,CK5 SVD-147,logistic,52,2,35,0.625,0.5636363636363637,target_background,Escherichia,75,clean,target_binary
ck5_svd222,CK5 SVD-222,nearest_centroid,52,2,35,0.625,0.6,target_background,Escherichia,75,clean,target_binary
ck5_svd222,CK5 SVD-222,logistic,52,2,35,0.625,0.5636363636363637,target_background,Escherichia,75,clean,target_binary
ck7_pca147,CK7 PCA-147,nearest_centroid,52,2,35,0.6875,0.6536796536796536,target_background,Escherichia,75,clean,target_binary
ck7_pca147,CK7 PCA-147,logistic,52,2,35,0.625,0.6,target_background,Escherichia,75,clean,target_binary
ck7_pca222,CK7 PCA-222,nearest_centroid,52,2,35,0.6875,0.6536796536796536,target_background,Escherichia,75,clean,target_binary
ck7_pca222,CK7 PCA-222,logistic,52,2,35,0.625,0.6,target_background,Escherichia,75,clean,target_binary
ck7_svd147,CK7 SVD-147,nearest_centroid,52,2,35,0.6875,0.6536796536796536,target_background,Escherichia,75,clean,target_binary
ck7_svd147,CK7 SVD-147,logistic,52,2,35,0.6875,0.6536796536796536,target_background,Escherichia,75,clean,target_binary
ck7_svd222,CK7 SVD-222,nearest_centroid,52,2,35,0.6875,0.6536796536796536,target_background,Escherichia,75,clean,target_binary
ck7_svd222,CK7 SVD-222,logistic,52,2,35,0.6875,0.6536796536796536,target_background,Escherichia,75,clean,target_binary
ck4,CK4,nearest_centroid,97,3,136,0.3,0.2945134575569358,within_genus_species,Klebsiella,75,clean,label
ck4,CK4,logistic,97,3,136,0.43333333333333335,0.425,within_genus_species,Klebsiella,75,clean,label
ck4_p,CK4+P,nearest_centroid,97,3,147,0.3,0.2945134575569358,within_genus_species,Klebsiella,75,clean,label
ck4_p,CK4+P,logistic,97,3,147,0.4,0.38888888888888884,within_genus_species,Klebsiella,75,clean,label
ck4p_msp,CK4P-MSP,nearest_centroid,97,3,222,0.3333333333333333,0.3340972752737459,within_genus_species,Klebsiella,75,clean,label
ck4p_msp,CK4P-MSP,logistic,97,3,222,0.4666666666666667,0.4524618736383443,within_genus_species,Klebsiella,75,clean,label
ckmer5_count_l2,CK5,nearest_centroid,97,3,508,0.43333333333333335,0.4166666666666667,within_genus_species,Klebsiella,75,clean,label
ckmer5_count_l2,CK5,logistic,97,3,508,0.3333333333333333,0.3361111111111111,within_genus_species,Klebsiella,75,clean,label
ck5_pca147,CK5 PCA-147,nearest_centroid,97,3,66,0.43333333333333335,0.42699430199430194,within_genus_species,Klebsiella,75,clean,label
ck5_pca147,CK5 PCA-147,logistic,97,3,66,0.4,0.39244264507422405,within_genus_species,Klebsiella,75,clean,label
ck5_pca222,CK5 PCA-222,nearest_centroid,97,3,66,0.43333333333333335,0.42699430199430194,within_genus_species,Klebsiella,75,clean,label
ck5_pca222,CK5 PCA-222,logistic,97,3,66,0.4,0.39244264507422405,within_genus_species,Klebsiella,75,clean,label
ck5_svd147,CK5 SVD-147,nearest_centroid,97,3,66,0.36666666666666664,0.369109047127623,within_genus_species,Klebsiella,75,clean,label
ck5_svd147,CK5 SVD-147,logistic,97,3,66,0.3333333333333333,0.33905723905723906,within_genus_species,Klebsiella,75,clean,label
ck5_svd222,CK5 SVD-222,nearest_centroid,97,3,66,0.36666666666666664,0.369109047127623,within_genus_species,Klebsiella,75,clean,label
ck5_svd222,CK5 SVD-222,logistic,97,3,66,0.3333333333333333,0.33905723905723906,within_genus_species,Klebsiella,75,clean,label
ck7_pca147,CK7 PCA-147,nearest_centroid,97,3,66,0.36666666666666664,0.3655806182121972,within_genus_species,Klebsiella,75,clean,label
ck7_pca147,CK7 PCA-147,logistic,97,3,66,0.36666666666666664,0.36565656565656574,within_genus_species,Klebsiella,75,clean,label
ck7_pca222,CK7 PCA-222,nearest_centroid,97,3,66,0.36666666666666664,0.3655806182121972,within_genus_species,Klebsiella,75,clean,label
ck7_pca222,CK7 PCA-222,logistic,97,3,66,0.36666666666666664,0.36565656565656574,within_genus_species,Klebsiella,75,clean,label
ck7_svd147,CK7 SVD-147,nearest_centroid,97,3,66,0.3,0.2966507177033493,within_genus_species,Klebsiella,75,clean,label
ck7_svd147,CK7 SVD-147,logistic,97,3,66,0.36666666666666664,0.36507936507936506,within_genus_species,Klebsiella,75,clean,label
ck7_svd222,CK7 SVD-222,nearest_centroid,97,3,66,0.3,0.2966507177033493,within_genus_species,Klebsiella,75,clean,label
ck7_svd222,CK7 SVD-222,logistic,97,3,66,0.36666666666666664,0.36507936507936506,within_genus_species,Klebsiella,75,clean,label
ck4,CK4,nearest_centroid,68,2,136,0.5714285714285714,0.5675057208237986,target_background,Klebsiella,75,clean,target_binary
ck4,CK4,logistic,68,2,136,0.5238095238095238,0.4951923076923077,target_background,Klebsiella,75,clean,target_binary
ck4_p,CK4+P,nearest_centroid,68,2,147,0.5714285714285714,0.5675057208237986,target_background,Klebsiella,75,clean,target_binary
ck4_p,CK4+P,logistic,68,2,147,0.5714285714285714,0.5552941176470588,target_background,Klebsiella,75,clean,target_binary
ck4p_msp,CK4P-MSP,nearest_centroid,68,2,222,0.5714285714285714,0.5675057208237986,target_background,Klebsiella,75,clean,target_binary
ck4p_msp,CK4P-MSP,logistic,68,2,222,0.6666666666666666,0.6370370370370371,target_background,Klebsiella,75,clean,target_binary
ckmer5_count_l2,CK5,nearest_centroid,68,2,506,0.7142857142857143,0.7136363636363636,target_background,Klebsiella,75,clean,target_binary
ckmer5_count_l2,CK5,logistic,68,2,506,0.5714285714285714,0.49867374005305043,target_background,Klebsiella,75,clean,target_binary
ck5_pca147,CK5 PCA-147,nearest_centroid,68,2,46,0.6190476190476191,0.6181818181818182,target_background,Klebsiella,75,clean,target_binary
ck5_pca147,CK5 PCA-147,logistic,68,2,46,0.6666666666666666,0.6636155606407322,target_background,Klebsiella,75,clean,target_binary
ck5_pca222,CK5 PCA-222,nearest_centroid,68,2,46,0.6190476190476191,0.6181818181818182,target_background,Klebsiella,75,clean,target_binary
ck5_pca222,CK5 PCA-222,logistic,68,2,46,0.6666666666666666,0.6636155606407322,target_background,Klebsiella,75,clean,target_binary
ck5_svd147,CK5 SVD-147,nearest_centroid,68,2,46,0.6666666666666666,0.6636155606407322,target_background,Klebsiella,75,clean,target_binary
ck5_svd147,CK5 SVD-147,logistic,68,2,46,0.6666666666666666,0.6370370370370371,target_background,Klebsiella,75,clean,target_binary
ck5_svd222,CK5 SVD-222,nearest_centroid,68,2,46,0.6666666666666666,0.6636155606407322,target_background,Klebsiella,75,clean,target_binary
ck5_svd222,CK5 SVD-222,logistic,68,2,46,0.6666666666666666,0.6370370370370371,target_background,Klebsiella,75,clean,target_binary
ck7_pca147,CK7 PCA-147,nearest_centroid,68,2,46,0.6666666666666666,0.6636155606407322,target_background,Klebsiella,75,clean,target_binary
ck7_pca147,CK7 PCA-147,logistic,68,2,46,0.7142857142857143,0.7083333333333333,target_background,Klebsiella,75,clean,target_binary
ck7_pca222,CK7 PCA-222,nearest_centroid,68,2,46,0.6666666666666666,0.6636155606407322,target_background,Klebsiella,75,clean,target_binary
ck7_pca222,CK7 PCA-222,logistic,68,2,46,0.7142857142857143,0.7083333333333333,target_background,Klebsiella,75,clean,target_binary
ck7_svd147,CK7 SVD-147,nearest_centroid,68,2,46,0.6666666666666666,0.6636155606407322,target_background,Klebsiella,75,clean,target_binary
ck7_svd147,CK7 SVD-147,logistic,68,2,46,0.7142857142857143,0.7083333333333333,target_background,Klebsiella,75,clean,target_binary
ck7_svd222,CK7 SVD-222,nearest_centroid,68,2,46,0.6666666666666666,0.6636155606407322,target_background,Klebsiella,75,clean,target_binary
ck7_svd222,CK7 SVD-222,logistic,68,2,46,0.7142857142857143,0.7083333333333333,target_background,Klebsiella,75,clean,target_binary
ck4,CK4,nearest_centroid,120,4,136,0.2222222222222222,0.21703781512605042,within_genus_species,Acinetobacter,75,substitution_1pct,label
ck4,CK4,logistic,120,4,136,0.3611111111111111,0.3353803059685413,within_genus_species,Acinetobacter,75,substitution_1pct,label
ck4_p,CK4+P,nearest_centroid,120,4,147,0.2222222222222222,0.21703781512605042,within_genus_species,Acinetobacter,75,substitution_1pct,label
ck4_p,CK4+P,logistic,120,4,147,0.4444444444444444,0.4381265664160401,within_genus_species,Acinetobacter,75,substitution_1pct,label
ck4p_msp,CK4P-MSP,nearest_centroid,120,4,222,0.25,0.238127558715794,within_genus_species,Acinetobacter,75,substitution_1pct,label
ck4p_msp,CK4P-MSP,logistic,120,4,222,0.3055555555555556,0.26482767019851416,within_genus_species,Acinetobacter,75,substitution_1pct,label
ckmer5_count_l2,CK5,nearest_centroid,120,4,510,0.25,0.24171842650103517,within_genus_species,Acinetobacter,75,substitution_1pct,label
ckmer5_count_l2,CK5,logistic,120,4,510,0.25,0.22893772893772893,within_genus_species,Acinetobacter,75,substitution_1pct,label
ck5_pca147,CK5 PCA-147,nearest_centroid,120,4,83,0.2777777777777778,0.272707336523126,within_genus_species,Acinetobacter,75,substitution_1pct,label
ck5_pca147,CK5 PCA-147,logistic,120,4,83,0.3611111111111111,0.36466165413533835,within_genus_species,Acinetobacter,75,substitution_1pct,label
ck5_pca222,CK5 PCA-222,nearest_centroid,120,4,83,0.2777777777777778,0.272707336523126,within_genus_species,Acinetobacter,75,substitution_1pct,label
ck5_pca222,CK5 PCA-222,logistic,120,4,83,0.3611111111111111,0.36466165413533835,within_genus_species,Acinetobacter,75,substitution_1pct,label
ck5_svd147,CK5 SVD-147,nearest_centroid,120,4,83,0.25,0.23937400318979266,within_genus_species,Acinetobacter,75,substitution_1pct,label
ck5_svd147,CK5 SVD-147,logistic,120,4,83,0.3333333333333333,0.325,within_genus_species,Acinetobacter,75,substitution_1pct,label
ck5_svd222,CK5 SVD-222,nearest_centroid,120,4,83,0.25,0.23937400318979266,within_genus_species,Acinetobacter,75,substitution_1pct,label
ck5_svd222,CK5 SVD-222,logistic,120,4,83,0.3333333333333333,0.325,within_genus_species,Acinetobacter,75,substitution_1pct,label
ck7_pca147,CK7 PCA-147,nearest_centroid,120,4,83,0.4166666666666667,0.3948412698412699,within_genus_species,Acinetobacter,75,substitution_1pct,label
ck7_pca147,CK7 PCA-147,logistic,120,4,83,0.4444444444444444,0.41566985645933013,within_genus_species,Acinetobacter,75,substitution_1pct,label
ck7_pca222,CK7 PCA-222,nearest_centroid,120,4,83,0.4166666666666667,0.3948412698412699,within_genus_species,Acinetobacter,75,substitution_1pct,label
ck7_pca222,CK7 PCA-222,logistic,120,4,83,0.4444444444444444,0.41566985645933013,within_genus_species,Acinetobacter,75,substitution_1pct,label
ck7_svd147,CK7 SVD-147,nearest_centroid,120,4,83,0.4444444444444444,0.4170274170274171,within_genus_species,Acinetobacter,75,substitution_1pct,label
ck7_svd147,CK7 SVD-147,logistic,120,4,83,0.4722222222222222,0.40543478260869564,within_genus_species,Acinetobacter,75,substitution_1pct,label
ck7_svd222,CK7 SVD-222,nearest_centroid,120,4,83,0.4444444444444444,0.4170274170274171,within_genus_species,Acinetobacter,75,substitution_1pct,label
ck7_svd222,CK7 SVD-222,logistic,120,4,83,0.4722222222222222,0.40543478260869564,within_genus_species,Acinetobacter,75,substitution_1pct,label
ck4,CK4,nearest_centroid,79,3,136,0.2916666666666667,0.2987468671679198,within_genus_species,Burkholderia,75,substitution_1pct,label
ck4,CK4,logistic,79,3,136,0.2916666666666667,0.3002645502645503,within_genus_species,Burkholderia,75,substitution_1pct,label
ck4_p,CK4+P,nearest_centroid,79,3,147,0.2916666666666667,0.2987468671679198,within_genus_species,Burkholderia,75,substitution_1pct,label
ck4_p,CK4+P,logistic,79,3,147,0.375,0.38888888888888884,within_genus_species,Burkholderia,75,substitution_1pct,label
ck4p_msp,CK4P-MSP,nearest_centroid,79,3,222,0.2916666666666667,0.2987468671679198,within_genus_species,Burkholderia,75,substitution_1pct,label
ck4p_msp,CK4P-MSP,logistic,79,3,222,0.4166666666666667,0.4113756613756614,within_genus_species,Burkholderia,75,substitution_1pct,label
ckmer5_count_l2,CK5,nearest_centroid,79,3,480,0.4166666666666667,0.41111111111111115,within_genus_species,Burkholderia,75,substitution_1pct,label
ckmer5_count_l2,CK5,logistic,79,3,480,0.3333333333333333,0.35000000000000003,within_genus_species,Burkholderia,75,substitution_1pct,label
ck5_pca147,CK5 PCA-147,nearest_centroid,79,3,54,0.375,0.36892230576441104,within_genus_species,Burkholderia,75,substitution_1pct,label
ck5_pca147,CK5 PCA-147,logistic,79,3,54,0.5416666666666666,0.5363756613756614,within_genus_species,Burkholderia,75,substitution_1pct,label
ck5_pca222,CK5 PCA-222,nearest_centroid,79,3,54,0.375,0.36892230576441104,within_genus_species,Burkholderia,75,substitution_1pct,label
ck5_pca222,CK5 PCA-222,logistic,79,3,54,0.5416666666666666,0.5363756613756614,within_genus_species,Burkholderia,75,substitution_1pct,label
ck5_svd147,CK5 SVD-147,nearest_centroid,79,3,54,0.3333333333333333,0.33134920634920634,within_genus_species,Burkholderia,75,substitution_1pct,label
ck5_svd147,CK5 SVD-147,logistic,79,3,54,0.4583333333333333,0.4636243386243386,within_genus_species,Burkholderia,75,substitution_1pct,label
ck5_svd222,CK5 SVD-222,nearest_centroid,79,3,54,0.3333333333333333,0.33134920634920634,within_genus_species,Burkholderia,75,substitution_1pct,label
ck5_svd222,CK5 SVD-222,logistic,79,3,54,0.4583333333333333,0.4636243386243386,within_genus_species,Burkholderia,75,substitution_1pct,label
ck7_pca147,CK7 PCA-147,nearest_centroid,79,3,54,0.2916666666666667,0.284640522875817,within_genus_species,Burkholderia,75,substitution_1pct,label
ck7_pca147,CK7 PCA-147,logistic,79,3,54,0.375,0.3356643356643357,within_genus_species,Burkholderia,75,substitution_1pct,label
ck7_pca222,CK7 PCA-222,nearest_centroid,79,3,54,0.2916666666666667,0.284640522875817,within_genus_species,Burkholderia,75,substitution_1pct,label
ck7_pca222,CK7 PCA-222,logistic,79,3,54,0.375,0.3356643356643357,within_genus_species,Burkholderia,75,substitution_1pct,label
ck7_svd147,CK7 SVD-147,nearest_centroid,79,3,54,0.3333333333333333,0.3055555555555555,within_genus_species,Burkholderia,75,substitution_1pct,label
ck7_svd147,CK7 SVD-147,logistic,79,3,54,0.375,0.3326118326118326,within_genus_species,Burkholderia,75,substitution_1pct,label
ck7_svd222,CK7 SVD-222,nearest_centroid,79,3,54,0.3333333333333333,0.3055555555555555,within_genus_species,Burkholderia,75,substitution_1pct,label
ck7_svd222,CK7 SVD-222,logistic,79,3,54,0.375,0.3326118326118326,within_genus_species,Burkholderia,75,substitution_1pct,label
ck4,CK4,nearest_centroid,67,2,136,0.7142857142857143,0.6785714285714286,target_background,Burkholderia,75,substitution_1pct,target_binary
ck4,CK4,logistic,67,2,136,0.5714285714285714,0.49867374005305043,target_background,Burkholderia,75,substitution_1pct,target_binary
ck4_p,CK4+P,nearest_centroid,67,2,147,0.7142857142857143,0.6785714285714286,target_background,Burkholderia,75,substitution_1pct,target_binary
ck4_p,CK4+P,logistic,67,2,147,0.5714285714285714,0.49867374005305043,target_background,Burkholderia,75,substitution_1pct,target_binary
ck4p_msp,CK4P-MSP,nearest_centroid,67,2,222,0.7142857142857143,0.6785714285714286,target_background,Burkholderia,75,substitution_1pct,target_binary
ck4p_msp,CK4P-MSP,logistic,67,2,222,0.6666666666666666,0.5689149560117301,target_background,Burkholderia,75,substitution_1pct,target_binary
ckmer5_count_l2,CK5,nearest_centroid,67,2,462,0.5714285714285714,0.5552941176470588,target_background,Burkholderia,75,substitution_1pct,target_binary
ckmer5_count_l2,CK5,logistic,67,2,462,0.47619047619047616,0.4296296296296296,target_background,Burkholderia,75,substitution_1pct,target_binary
ck5_pca147,CK5 PCA-147,nearest_centroid,67,2,45,0.5238095238095238,0.5138888888888888,target_background,Burkholderia,75,substitution_1pct,target_binary
ck5_pca147,CK5 PCA-147,logistic,67,2,45,0.5714285714285714,0.5552941176470588,target_background,Burkholderia,75,substitution_1pct,target_binary
ck5_pca222,CK5 PCA-222,nearest_centroid,67,2,45,0.5238095238095238,0.5138888888888888,target_background,Burkholderia,75,substitution_1pct,target_binary
ck5_pca222,CK5 PCA-222,logistic,67,2,45,0.5714285714285714,0.5552941176470588,target_background,Burkholderia,75,substitution_1pct,target_binary
ck5_svd147,CK5 SVD-147,nearest_centroid,67,2,45,0.5238095238095238,0.5227272727272727,target_background,Burkholderia,75,substitution_1pct,target_binary
ck5_svd147,CK5 SVD-147,logistic,67,2,45,0.6190476190476191,0.6111111111111112,target_background,Burkholderia,75,substitution_1pct,target_binary
ck5_svd222,CK5 SVD-222,nearest_centroid,67,2,45,0.5238095238095238,0.5227272727272727,target_background,Burkholderia,75,substitution_1pct,target_binary
ck5_svd222,CK5 SVD-222,logistic,67,2,45,0.6190476190476191,0.6111111111111112,target_background,Burkholderia,75,substitution_1pct,target_binary
ck7_pca147,CK7 PCA-147,nearest_centroid,67,2,45,0.5238095238095238,0.5138888888888888,target_background,Burkholderia,75,substitution_1pct,target_binary
ck7_pca147,CK7 PCA-147,logistic,67,2,45,0.5238095238095238,0.4951923076923077,target_background,Burkholderia,75,substitution_1pct,target_binary
ck7_pca222,CK7 PCA-222,nearest_centroid,67,2,45,0.5238095238095238,0.5138888888888888,target_background,Burkholderia,75,substitution_1pct,target_binary
ck7_pca222,CK7 PCA-222,logistic,67,2,45,0.5238095238095238,0.4951923076923077,target_background,Burkholderia,75,substitution_1pct,target_binary
ck7_svd147,CK7 SVD-147,nearest_centroid,67,2,45,0.47619047619047616,0.4564705882352942,target_background,Burkholderia,75,substitution_1pct,target_binary
ck7_svd147,CK7 SVD-147,logistic,67,2,45,0.47619047619047616,0.4296296296296296,target_background,Burkholderia,75,substitution_1pct,target_binary
ck7_svd222,CK7 SVD-222,nearest_centroid,67,2,45,0.47619047619047616,0.4564705882352942,target_background,Burkholderia,75,substitution_1pct,target_binary
ck7_svd222,CK7 SVD-222,logistic,67,2,45,0.47619047619047616,0.4296296296296296,target_background,Burkholderia,75,substitution_1pct,target_binary
ck4,CK4,nearest_centroid,119,4,136,0.2777777777777778,0.23274509803921567,within_genus_species,Candida,75,substitution_1pct,label
ck4,CK4,logistic,119,4,136,0.4166666666666667,0.3714285714285714,within_genus_species,Candida,75,substitution_1pct,label
ck4_p,CK4+P,nearest_centroid,119,4,147,0.2777777777777778,0.23019736842105262,within_genus_species,Candida,75,substitution_1pct,label
ck4_p,CK4+P,logistic,119,4,147,0.3888888888888889,0.31142191142191145,within_genus_species,Candida,75,substitution_1pct,label
ck4p_msp,CK4P-MSP,nearest_centroid,119,4,222,0.2777777777777778,0.23019736842105262,within_genus_species,Candida,75,substitution_1pct,label
ck4p_msp,CK4P-MSP,logistic,119,4,222,0.3333333333333333,0.286096256684492,within_genus_species,Candida,75,substitution_1pct,label
ckmer5_count_l2,CK5,nearest_centroid,119,4,509,0.3333333333333333,0.2808187134502924,within_genus_species,Candida,75,substitution_1pct,label
ckmer5_count_l2,CK5,logistic,119,4,509,0.3333333333333333,0.2828811158330609,within_genus_species,Candida,75,substitution_1pct,label
ck5_pca147,CK5 PCA-147,nearest_centroid,119,4,82,0.3055555555555556,0.2575414781297134,within_genus_species,Candida,75,substitution_1pct,label
ck5_pca147,CK5 PCA-147,logistic,119,4,82,0.3333333333333333,0.2829380764163373,within_genus_species,Candida,75,substitution_1pct,label
ck5_pca222,CK5 PCA-222,nearest_centroid,119,4,82,0.3055555555555556,0.2575414781297134,within_genus_species,Candida,75,substitution_1pct,label
ck5_pca222,CK5 PCA-222,logistic,119,4,82,0.3333333333333333,0.2829380764163373,within_genus_species,Candida,75,substitution_1pct,label
ck5_svd147,CK5 SVD-147,nearest_centroid,119,4,82,0.3055555555555556,0.27117224880382773,within_genus_species,Candida,75,substitution_1pct,label
ck5_svd147,CK5 SVD-147,logistic,119,4,82,0.2777777777777778,0.24378881987577639,within_genus_species,Candida,75,substitution_1pct,label
ck5_svd222,CK5 SVD-222,nearest_centroid,119,4,82,0.3055555555555556,0.27117224880382773,within_genus_species,Candida,75,substitution_1pct,label
ck5_svd222,CK5 SVD-222,logistic,119,4,82,0.2777777777777778,0.24378881987577639,within_genus_species,Candida,75,substitution_1pct,label
ck7_pca147,CK7 PCA-147,nearest_centroid,119,4,82,0.2777777777777778,0.26523476523476525,within_genus_species,Candida,75,substitution_1pct,label
ck7_pca147,CK7 PCA-147,logistic,119,4,82,0.3333333333333333,0.32147852147852146,within_genus_species,Candida,75,substitution_1pct,label
ck7_pca222,CK7 PCA-222,nearest_centroid,119,4,82,0.2777777777777778,0.26523476523476525,within_genus_species,Candida,75,substitution_1pct,label
ck7_pca222,CK7 PCA-222,logistic,119,4,82,0.3333333333333333,0.32147852147852146,within_genus_species,Candida,75,substitution_1pct,label
ck7_svd147,CK7 SVD-147,nearest_centroid,119,4,82,0.3888888888888889,0.38369384014827546,within_genus_species,Candida,75,substitution_1pct,label
ck7_svd147,CK7 SVD-147,logistic,119,4,82,0.3333333333333333,0.33339366515837104,within_genus_species,Candida,75,substitution_1pct,label
ck7_svd222,CK7 SVD-222,nearest_centroid,119,4,82,0.3888888888888889,0.38369384014827546,within_genus_species,Candida,75,substitution_1pct,label
ck7_svd222,CK7 SVD-222,logistic,119,4,82,0.3333333333333333,0.33339366515837104,within_genus_species,Candida,75,substitution_1pct,label
ck4,CK4,nearest_centroid,74,2,136,0.43478260869565216,0.43478260869565216,target_background,Candida,75,substitution_1pct,target_binary
ck4,CK4,logistic,74,2,136,0.34782608695652173,0.3002028397565923,target_background,Candida,75,substitution_1pct,target_binary
ck4_p,CK4+P,nearest_centroid,74,2,147,0.4782608695652174,0.4772727272727273,target_background,Candida,75,substitution_1pct,target_binary
ck4_p,CK4+P,logistic,74,2,147,0.30434782608695654,0.2923076923076923,target_background,Candida,75,substitution_1pct,target_binary
ck4p_msp,CK4P-MSP,nearest_centroid,74,2,222,0.4782608695652174,0.4772727272727273,target_background,Candida,75,substitution_1pct,target_binary
ck4p_msp,CK4P-MSP,logistic,74,2,222,0.391304347826087,0.38076923076923075,target_background,Candida,75,substitution_1pct,target_binary
ckmer5_count_l2,CK5,nearest_centroid,74,2,499,0.391304347826087,0.39015151515151514,target_background,Candida,75,substitution_1pct,target_binary
ckmer5_count_l2,CK5,logistic,74,2,499,0.5217391304347826,0.4559139784946237,target_background,Candida,75,substitution_1pct,target_binary
ck5_pca147,CK5 PCA-147,nearest_centroid,74,2,50,0.30434782608695654,0.303030303030303,target_background,Candida,75,substitution_1pct,target_binary
ck5_pca147,CK5 PCA-147,logistic,74,2,50,0.4782608695652174,0.46923076923076923,target_background,Candida,75,substitution_1pct,target_binary
ck5_pca222,CK5 PCA-222,nearest_centroid,74,2,50,0.30434782608695654,0.303030303030303,target_background,Candida,75,substitution_1pct,target_binary
ck5_pca222,CK5 PCA-222,logistic,74,2,50,0.4782608695652174,0.46923076923076923,target_background,Candida,75,substitution_1pct,target_binary
ck5_svd147,CK5 SVD-147,nearest_centroid,74,2,50,0.34782608695652173,0.34285714285714286,target_background,Candida,75,substitution_1pct,target_binary
ck5_svd147,CK5 SVD-147,logistic,74,2,50,0.43478260869565216,0.43047619047619046,target_background,Candida,75,substitution_1pct,target_binary
ck5_svd222,CK5 SVD-222,nearest_centroid,74,2,50,0.34782608695652173,0.34285714285714286,target_background,Candida,75,substitution_1pct,target_binary
ck5_svd222,CK5 SVD-222,logistic,74,2,50,0.43478260869565216,0.43047619047619046,target_background,Candida,75,substitution_1pct,target_binary
ck7_pca147,CK7 PCA-147,nearest_centroid,74,2,50,0.34782608695652173,0.32748538011695905,target_background,Candida,75,substitution_1pct,target_binary
ck7_pca147,CK7 PCA-147,logistic,74,2,50,0.43478260869565216,0.4171539961013645,target_background,Candida,75,substitution_1pct,target_binary
ck7_pca222,CK7 PCA-222,nearest_centroid,74,2,50,0.34782608695652173,0.32748538011695905,target_background,Candida,75,substitution_1pct,target_binary
ck7_pca222,CK7 PCA-222,logistic,74,2,50,0.43478260869565216,0.4171539961013645,target_background,Candida,75,substitution_1pct,target_binary
ck7_svd147,CK7 SVD-147,nearest_centroid,74,2,50,0.34782608695652173,0.32748538011695905,target_background,Candida,75,substitution_1pct,target_binary
ck7_svd147,CK7 SVD-147,logistic,74,2,50,0.34782608695652173,0.32748538011695905,target_background,Candida,75,substitution_1pct,target_binary
ck7_svd222,CK7 SVD-222,nearest_centroid,74,2,50,0.34782608695652173,0.32748538011695905,target_background,Candida,75,substitution_1pct,target_binary
ck7_svd222,CK7 SVD-222,logistic,74,2,50,0.34782608695652173,0.32748538011695905,target_background,Candida,75,substitution_1pct,target_binary
ck4,CK4,nearest_centroid,133,5,136,0.175,0.14295739348370926,within_genus_species,Enterobacter,75,substitution_1pct,label
ck4,CK4,logistic,133,5,136,0.175,0.15494949494949495,within_genus_species,Enterobacter,75,substitution_1pct,label
ck4_p,CK4+P,nearest_centroid,133,5,147,0.175,0.14295739348370926,within_genus_species,Enterobacter,75,substitution_1pct,label
ck4_p,CK4+P,logistic,133,5,147,0.125,0.10289855072463767,within_genus_species,Enterobacter,75,substitution_1pct,label
ck4p_msp,CK4P-MSP,nearest_centroid,133,5,222,0.175,0.1439005439005439,within_genus_species,Enterobacter,75,substitution_1pct,label
ck4p_msp,CK4P-MSP,logistic,133,5,222,0.075,0.08342245989304813,within_genus_species,Enterobacter,75,substitution_1pct,label
ckmer5_count_l2,CK5,nearest_centroid,133,5,512,0.225,0.2039005439005439,within_genus_species,Enterobacter,75,substitution_1pct,label
ckmer5_count_l2,CK5,logistic,133,5,512,0.1,0.09429864253393665,within_genus_species,Enterobacter,75,substitution_1pct,label
ck5_pca147,CK5 PCA-147,nearest_centroid,133,5,92,0.2,0.18373459873459874,within_genus_species,Enterobacter,75,substitution_1pct,label
ck5_pca147,CK5 PCA-147,logistic,133,5,92,0.1,0.10324969148498561,within_genus_species,Enterobacter,75,substitution_1pct,label
ck5_pca222,CK5 PCA-222,nearest_centroid,133,5,92,0.2,0.18373459873459874,within_genus_species,Enterobacter,75,substitution_1pct,label
ck5_pca222,CK5 PCA-222,logistic,133,5,92,0.1,0.10324969148498561,within_genus_species,Enterobacter,75,substitution_1pct,label
ck5_svd147,CK5 SVD-147,nearest_centroid,133,5,92,0.15,0.12533444816053513,within_genus_species,Enterobacter,75,substitution_1pct,label
ck5_svd147,CK5 SVD-147,logistic,133,5,92,0.125,0.11116138763197587,within_genus_species,Enterobacter,75,substitution_1pct,label
ck5_svd222,CK5 SVD-222,nearest_centroid,133,5,92,0.15,0.12533444816053513,within_genus_species,Enterobacter,75,substitution_1pct,label
ck5_svd222,CK5 SVD-222,logistic,133,5,92,0.125,0.11116138763197587,within_genus_species,Enterobacter,75,substitution_1pct,label
ck7_pca147,CK7 PCA-147,nearest_centroid,133,5,92,0.3,0.2673853923853924,within_genus_species,Enterobacter,75,substitution_1pct,label
ck7_pca147,CK7 PCA-147,logistic,133,5,92,0.3,0.289928894634777,within_genus_species,Enterobacter,75,substitution_1pct,label
ck7_pca222,CK7 PCA-222,nearest_centroid,133,5,92,0.3,0.2673853923853924,within_genus_species,Enterobacter,75,substitution_1pct,label
ck7_pca222,CK7 PCA-222,logistic,133,5,92,0.3,0.289928894634777,within_genus_species,Enterobacter,75,substitution_1pct,label
ck7_svd147,CK7 SVD-147,nearest_centroid,133,5,92,0.325,0.3118869365928189,within_genus_species,Enterobacter,75,substitution_1pct,label
ck7_svd147,CK7 SVD-147,logistic,133,5,92,0.275,0.26230769230769235,within_genus_species,Enterobacter,75,substitution_1pct,label
ck7_svd222,CK7 SVD-222,nearest_centroid,133,5,92,0.325,0.3118869365928189,within_genus_species,Enterobacter,75,substitution_1pct,label
ck7_svd222,CK7 SVD-222,logistic,133,5,92,0.275,0.26230769230769235,within_genus_species,Enterobacter,75,substitution_1pct,label
ck4,CK4,nearest_centroid,71,2,136,0.45454545454545453,0.45,target_background,Enterobacter,75,substitution_1pct,target_binary
ck4,CK4,logistic,71,2,136,0.4090909090909091,0.4078674948240165,target_background,Enterobacter,75,substitution_1pct,target_binary
ck4_p,CK4+P,nearest_centroid,71,2,147,0.45454545454545453,0.45,target_background,Enterobacter,75,substitution_1pct,target_binary
ck4_p,CK4+P,logistic,71,2,147,0.4090909090909091,0.4078674948240165,target_background,Enterobacter,75,substitution_1pct,target_binary
ck4p_msp,CK4P-MSP,nearest_centroid,71,2,222,0.45454545454545453,0.45,target_background,Enterobacter,75,substitution_1pct,target_binary
ck4p_msp,CK4P-MSP,logistic,71,2,222,0.4090909090909091,0.4078674948240165,target_background,Enterobacter,75,substitution_1pct,target_binary
ckmer5_count_l2,CK5,nearest_centroid,71,2,510,0.4090909090909091,0.4078674948240165,target_background,Enterobacter,75,substitution_1pct,target_binary
ckmer5_count_l2,CK5,logistic,71,2,510,0.36363636363636365,0.35833333333333334,target_background,Enterobacter,75,substitution_1pct,target_binary
ck5_pca147,CK5 PCA-147,nearest_centroid,71,2,48,0.4090909090909091,0.4078674948240165,target_background,Enterobacter,75,substitution_1pct,target_binary
ck5_pca147,CK5 PCA-147,logistic,71,2,48,0.36363636363636365,0.35833333333333334,target_background,Enterobacter,75,substitution_1pct,target_binary
ck5_pca222,CK5 PCA-222,nearest_centroid,71,2,48,0.4090909090909091,0.4078674948240165,target_background,Enterobacter,75,substitution_1pct,target_binary
ck5_pca222,CK5 PCA-222,logistic,71,2,48,0.36363636363636365,0.35833333333333334,target_background,Enterobacter,75,substitution_1pct,target_binary
ck5_svd147,CK5 SVD-147,nearest_centroid,71,2,48,0.4090909090909091,0.4078674948240165,target_background,Enterobacter,75,substitution_1pct,target_binary
ck5_svd147,CK5 SVD-147,logistic,71,2,48,0.45454545454545453,0.4358974358974359,target_background,Enterobacter,75,substitution_1pct,target_binary
ck5_svd222,CK5 SVD-222,nearest_centroid,71,2,48,0.4090909090909091,0.4078674948240165,target_background,Enterobacter,75,substitution_1pct,target_binary
ck5_svd222,CK5 SVD-222,logistic,71,2,48,0.45454545454545453,0.4358974358974359,target_background,Enterobacter,75,substitution_1pct,target_binary
ck7_pca147,CK7 PCA-147,nearest_centroid,71,2,48,0.4090909090909091,0.3425287356321839,target_background,Enterobacter,75,substitution_1pct,target_binary
ck7_pca147,CK7 PCA-147,logistic,71,2,48,0.4090909090909091,0.3769063180827886,target_background,Enterobacter,75,substitution_1pct,target_binary
ck7_pca222,CK7 PCA-222,nearest_centroid,71,2,48,0.4090909090909091,0.3425287356321839,target_background,Enterobacter,75,substitution_1pct,target_binary
ck7_pca222,CK7 PCA-222,logistic,71,2,48,0.4090909090909091,0.3769063180827886,target_background,Enterobacter,75,substitution_1pct,target_binary
ck7_svd147,CK7 SVD-147,nearest_centroid,71,2,48,0.4090909090909091,0.3769063180827886,target_background,Enterobacter,75,substitution_1pct,target_binary
ck7_svd147,CK7 SVD-147,logistic,71,2,48,0.6363636363636364,0.5809523809523809,target_background,Enterobacter,75,substitution_1pct,target_binary
ck7_svd222,CK7 SVD-222,nearest_centroid,71,2,48,0.4090909090909091,0.3769063180827886,target_background,Enterobacter,75,substitution_1pct,target_binary
ck7_svd222,CK7 SVD-222,logistic,71,2,48,0.6363636363636364,0.5809523809523809,target_background,Enterobacter,75,substitution_1pct,target_binary
ck4,CK4,nearest_centroid,52,2,136,0.5,0.4666666666666667,within_genus_species,Escherichia,75,substitution_1pct,label
ck4,CK4,logistic,52,2,136,0.5,0.4666666666666667,within_genus_species,Escherichia,75,substitution_1pct,label
ck4_p,CK4+P,nearest_centroid,52,2,147,0.5,0.4666666666666667,within_genus_species,Escherichia,75,substitution_1pct,label
ck4_p,CK4+P,logistic,52,2,147,0.5,0.4666666666666667,within_genus_species,Escherichia,75,substitution_1pct,label
ck4p_msp,CK4P-MSP,nearest_centroid,52,2,222,0.5,0.4666666666666667,within_genus_species,Escherichia,75,substitution_1pct,label
ck4p_msp,CK4P-MSP,logistic,52,2,222,0.4375,0.37662337662337664,within_genus_species,Escherichia,75,substitution_1pct,label
ckmer5_count_l2,CK5,nearest_centroid,52,2,501,0.625,0.6,within_genus_species,Escherichia,75,substitution_1pct,label
ckmer5_count_l2,CK5,logistic,52,2,501,0.5,0.4181818181818182,within_genus_species,Escherichia,75,substitution_1pct,label
ck5_pca147,CK5 PCA-147,nearest_centroid,52,2,35,0.6875,0.6761133603238867,within_genus_species,Escherichia,75,substitution_1pct,label
ck5_pca147,CK5 PCA-147,logistic,52,2,35,0.5625,0.5465587044534412,within_genus_species,Escherichia,75,substitution_1pct,label
ck5_pca222,CK5 PCA-222,nearest_centroid,52,2,35,0.6875,0.6761133603238867,within_genus_species,Escherichia,75,substitution_1pct,label
ck5_pca222,CK5 PCA-222,logistic,52,2,35,0.5625,0.5465587044534412,within_genus_species,Escherichia,75,substitution_1pct,label
ck5_svd147,CK5 SVD-147,nearest_centroid,52,2,35,0.6875,0.6761133603238867,within_genus_species,Escherichia,75,substitution_1pct,label
ck5_svd147,CK5 SVD-147,logistic,52,2,35,0.625,0.5636363636363637,within_genus_species,Escherichia,75,substitution_1pct,label
ck5_svd222,CK5 SVD-222,nearest_centroid,52,2,35,0.6875,0.6761133603238867,within_genus_species,Escherichia,75,substitution_1pct,label
ck5_svd222,CK5 SVD-222,logistic,52,2,35,0.625,0.5636363636363637,within_genus_species,Escherichia,75,substitution_1pct,label
ck7_pca147,CK7 PCA-147,nearest_centroid,52,2,35,0.5625,0.5465587044534412,within_genus_species,Escherichia,75,substitution_1pct,label
ck7_pca147,CK7 PCA-147,logistic,52,2,35,0.5625,0.5465587044534412,within_genus_species,Escherichia,75,substitution_1pct,label
ck7_pca222,CK7 PCA-222,nearest_centroid,52,2,35,0.5625,0.5465587044534412,within_genus_species,Escherichia,75,substitution_1pct,label
ck7_pca222,CK7 PCA-222,logistic,52,2,35,0.5625,0.5465587044534412,within_genus_species,Escherichia,75,substitution_1pct,label
ck7_svd147,CK7 SVD-147,nearest_centroid,52,2,35,0.5625,0.5465587044534412,within_genus_species,Escherichia,75,substitution_1pct,label
ck7_svd147,CK7 SVD-147,logistic,52,2,35,0.5625,0.5465587044534412,within_genus_species,Escherichia,75,substitution_1pct,label
ck7_svd222,CK7 SVD-222,nearest_centroid,52,2,35,0.5625,0.5465587044534412,within_genus_species,Escherichia,75,substitution_1pct,label
ck7_svd222,CK7 SVD-222,logistic,52,2,35,0.5625,0.5465587044534412,within_genus_species,Escherichia,75,substitution_1pct,label
ck4,CK4,nearest_centroid,52,2,136,0.5,0.4666666666666667,target_background,Escherichia,75,substitution_1pct,target_binary
ck4,CK4,logistic,52,2,136,0.5,0.4666666666666667,target_background,Escherichia,75,substitution_1pct,target_binary
ck4_p,CK4+P,nearest_centroid,52,2,147,0.5,0.4666666666666667,target_background,Escherichia,75,substitution_1pct,target_binary
ck4_p,CK4+P,logistic,52,2,147,0.5,0.4666666666666667,target_background,Escherichia,75,substitution_1pct,target_binary
ck4p_msp,CK4P-MSP,nearest_centroid,52,2,222,0.5,0.4666666666666667,target_background,Escherichia,75,substitution_1pct,target_binary
ck4p_msp,CK4P-MSP,logistic,52,2,222,0.4375,0.37662337662337664,target_background,Escherichia,75,substitution_1pct,target_binary
ckmer5_count_l2,CK5,nearest_centroid,52,2,501,0.625,0.6,target_background,Escherichia,75,substitution_1pct,target_binary
ckmer5_count_l2,CK5,logistic,52,2,501,0.5,0.4181818181818182,target_background,Escherichia,75,substitution_1pct,target_binary
ck5_pca147,CK5 PCA-147,nearest_centroid,52,2,35,0.6875,0.6761133603238867,target_background,Escherichia,75,substitution_1pct,target_binary
ck5_pca147,CK5 PCA-147,logistic,52,2,35,0.5625,0.5465587044534412,target_background,Escherichia,75,substitution_1pct,target_binary
ck5_pca222,CK5 PCA-222,nearest_centroid,52,2,35,0.6875,0.6761133603238867,target_background,Escherichia,75,substitution_1pct,target_binary
ck5_pca222,CK5 PCA-222,logistic,52,2,35,0.5625,0.5465587044534412,target_background,Escherichia,75,substitution_1pct,target_binary
ck5_svd147,CK5 SVD-147,nearest_centroid,52,2,35,0.6875,0.6761133603238867,target_background,Escherichia,75,substitution_1pct,target_binary
ck5_svd147,CK5 SVD-147,logistic,52,2,35,0.625,0.5636363636363637,target_background,Escherichia,75,substitution_1pct,target_binary
ck5_svd222,CK5 SVD-222,nearest_centroid,52,2,35,0.6875,0.6761133603238867,target_background,Escherichia,75,substitution_1pct,target_binary
ck5_svd222,CK5 SVD-222,logistic,52,2,35,0.625,0.5636363636363637,target_background,Escherichia,75,substitution_1pct,target_binary
ck7_pca147,CK7 PCA-147,nearest_centroid,52,2,35,0.5625,0.5465587044534412,target_background,Escherichia,75,substitution_1pct,target_binary
ck7_pca147,CK7 PCA-147,logistic,52,2,35,0.5625,0.5465587044534412,target_background,Escherichia,75,substitution_1pct,target_binary
ck7_pca222,CK7 PCA-222,nearest_centroid,52,2,35,0.5625,0.5465587044534412,target_background,Escherichia,75,substitution_1pct,target_binary
ck7_pca222,CK7 PCA-222,logistic,52,2,35,0.5625,0.5465587044534412,target_background,Escherichia,75,substitution_1pct,target_binary
ck7_svd147,CK7 SVD-147,nearest_centroid,52,2,35,0.5625,0.5465587044534412,target_background,Escherichia,75,substitution_1pct,target_binary
ck7_svd147,CK7 SVD-147,logistic,52,2,35,0.5625,0.5465587044534412,target_background,Escherichia,75,substitution_1pct,target_binary
ck7_svd222,CK7 SVD-222,nearest_centroid,52,2,35,0.5625,0.5465587044534412,target_background,Escherichia,75,substitution_1pct,target_binary
ck7_svd222,CK7 SVD-222,logistic,52,2,35,0.5625,0.5465587044534412,target_background,Escherichia,75,substitution_1pct,target_binary
ck4,CK4,nearest_centroid,97,3,136,0.3333333333333333,0.3355889724310777,within_genus_species,Klebsiella,75,substitution_1pct,label
ck4,CK4,logistic,97,3,136,0.43333333333333335,0.40872694556905076,within_genus_species,Klebsiella,75,substitution_1pct,label
ck4_p,CK4+P,nearest_centroid,97,3,147,0.3333333333333333,0.3355889724310777,within_genus_species,Klebsiella,75,substitution_1pct,label
ck4_p,CK4+P,logistic,97,3,147,0.4666666666666667,0.454320987654321,within_genus_species,Klebsiella,75,substitution_1pct,label
ck4p_msp,CK4P-MSP,nearest_centroid,97,3,222,0.3,0.30158730158730157,within_genus_species,Klebsiella,75,substitution_1pct,label
ck4p_msp,CK4P-MSP,logistic,97,3,222,0.43333333333333335,0.4087369420702754,within_genus_species,Klebsiella,75,substitution_1pct,label
ckmer5_count_l2,CK5,nearest_centroid,97,3,510,0.36666666666666664,0.3493930905695612,within_genus_species,Klebsiella,75,substitution_1pct,label
ckmer5_count_l2,CK5,logistic,97,3,510,0.43333333333333335,0.41793754538852584,within_genus_species,Klebsiella,75,substitution_1pct,label
ck5_pca147,CK5 PCA-147,nearest_centroid,97,3,66,0.4,0.3907952069716776,within_genus_species,Klebsiella,75,substitution_1pct,label
ck5_pca147,CK5 PCA-147,logistic,97,3,66,0.4,0.375,within_genus_species,Klebsiella,75,substitution_1pct,label
ck5_pca222,CK5 PCA-222,nearest_centroid,97,3,66,0.4,0.3907952069716776,within_genus_species,Klebsiella,75,substitution_1pct,label
ck5_pca222,CK5 PCA-222,logistic,97,3,66,0.4,0.375,within_genus_species,Klebsiella,75,substitution_1pct,label
ck5_svd147,CK5 SVD-147,nearest_centroid,97,3,66,0.36666666666666664,0.36349924585218707,within_genus_species,Klebsiella,75,substitution_1pct,label
ck5_svd147,CK5 SVD-147,logistic,97,3,66,0.36666666666666664,0.35991285403050116,within_genus_species,Klebsiella,75,substitution_1pct,label
ck5_svd222,CK5 SVD-222,nearest_centroid,97,3,66,0.36666666666666664,0.36349924585218707,within_genus_species,Klebsiella,75,substitution_1pct,label
ck5_svd222,CK5 SVD-222,logistic,97,3,66,0.36666666666666664,0.35991285403050116,within_genus_species,Klebsiella,75,substitution_1pct,label
ck7_pca147,CK7 PCA-147,nearest_centroid,97,3,66,0.3333333333333333,0.3338345864661654,within_genus_species,Klebsiella,75,substitution_1pct,label
ck7_pca147,CK7 PCA-147,logistic,97,3,66,0.4,0.40444105432663785,within_genus_species,Klebsiella,75,substitution_1pct,label
ck7_pca222,CK7 PCA-222,nearest_centroid,97,3,66,0.3333333333333333,0.3338345864661654,within_genus_species,Klebsiella,75,substitution_1pct,label
ck7_pca222,CK7 PCA-222,logistic,97,3,66,0.4,0.40444105432663785,within_genus_species,Klebsiella,75,substitution_1pct,label
ck7_svd147,CK7 SVD-147,nearest_centroid,97,3,66,0.3,0.2952861952861953,within_genus_species,Klebsiella,75,substitution_1pct,label
ck7_svd147,CK7 SVD-147,logistic,97,3,66,0.4,0.40444105432663785,within_genus_species,Klebsiella,75,substitution_1pct,label
ck7_svd222,CK7 SVD-222,nearest_centroid,97,3,66,0.3,0.2952861952861953,within_genus_species,Klebsiella,75,substitution_1pct,label
ck7_svd222,CK7 SVD-222,logistic,97,3,66,0.4,0.40444105432663785,within_genus_species,Klebsiella,75,substitution_1pct,label
ck4,CK4,nearest_centroid,68,2,136,0.5238095238095238,0.5227272727272727,target_background,Klebsiella,75,substitution_1pct,target_binary
ck4,CK4,logistic,68,2,136,0.3333333333333333,0.3194444444444444,target_background,Klebsiella,75,substitution_1pct,target_binary
ck4_p,CK4+P,nearest_centroid,68,2,147,0.5714285714285714,0.5714285714285714,target_background,Klebsiella,75,substitution_1pct,target_binary
ck4_p,CK4+P,logistic,68,2,147,0.38095238095238093,0.3259259259259259,target_background,Klebsiella,75,substitution_1pct,target_binary
ck4p_msp,CK4P-MSP,nearest_centroid,68,2,222,0.5714285714285714,0.5714285714285714,target_background,Klebsiella,75,substitution_1pct,target_binary
ck4p_msp,CK4P-MSP,logistic,68,2,222,0.5238095238095238,0.4642857142857143,target_background,Klebsiella,75,substitution_1pct,target_binary
ckmer5_count_l2,CK5,nearest_centroid,68,2,505,0.47619047619047616,0.47139588100686497,target_background,Klebsiella,75,substitution_1pct,target_binary
ckmer5_count_l2,CK5,logistic,68,2,505,0.42857142857142855,0.3,target_background,Klebsiella,75,substitution_1pct,target_binary
ck5_pca147,CK5 PCA-147,nearest_centroid,68,2,46,0.5238095238095238,0.5227272727272727,target_background,Klebsiella,75,substitution_1pct,target_binary
ck5_pca147,CK5 PCA-147,logistic,68,2,46,0.6190476190476191,0.6181818181818182,target_background,Klebsiella,75,substitution_1pct,target_binary
ck5_pca222,CK5 PCA-222,nearest_centroid,68,2,46,0.5238095238095238,0.5227272727272727,target_background,Klebsiella,75,substitution_1pct,target_binary
ck5_pca222,CK5 PCA-222,logistic,68,2,46,0.6190476190476191,0.6181818181818182,target_background,Klebsiella,75,substitution_1pct,target_binary
ck5_svd147,CK5 SVD-147,nearest_centroid,68,2,46,0.47619047619047616,0.47139588100686497,target_background,Klebsiella,75,substitution_1pct,target_binary
ck5_svd147,CK5 SVD-147,logistic,68,2,46,0.5714285714285714,0.5333333333333333,target_background,Klebsiella,75,substitution_1pct,target_binary
ck5_svd222,CK5 SVD-222,nearest_centroid,68,2,46,0.47619047619047616,0.47139588100686497,target_background,Klebsiella,75,substitution_1pct,target_binary
ck5_svd222,CK5 SVD-222,logistic,68,2,46,0.5714285714285714,0.5333333333333333,target_background,Klebsiella,75,substitution_1pct,target_binary
ck7_pca147,CK7 PCA-147,nearest_centroid,68,2,46,0.6190476190476191,0.5961538461538461,target_background,Klebsiella,75,substitution_1pct,target_binary
ck7_pca147,CK7 PCA-147,logistic,68,2,46,0.6666666666666666,0.6370370370370371,target_background,Klebsiella,75,substitution_1pct,target_binary
ck7_pca222,CK7 PCA-222,nearest_centroid,68,2,46,0.6190476190476191,0.5961538461538461,target_background,Klebsiella,75,substitution_1pct,target_binary
ck7_pca222,CK7 PCA-222,logistic,68,2,46,0.6666666666666666,0.6370370370370371,target_background,Klebsiella,75,substitution_1pct,target_binary
ck7_svd147,CK7 SVD-147,nearest_centroid,68,2,46,0.6190476190476191,0.5961538461538461,target_background,Klebsiella,75,substitution_1pct,target_binary
ck7_svd147,CK7 SVD-147,logistic,68,2,46,0.5714285714285714,0.5552941176470588,target_background,Klebsiella,75,substitution_1pct,target_binary
ck7_svd222,CK7 SVD-222,nearest_centroid,68,2,46,0.6190476190476191,0.5961538461538461,target_background,Klebsiella,75,substitution_1pct,target_binary
ck7_svd222,CK7 SVD-222,logistic,68,2,46,0.5714285714285714,0.5552941176470588,target_background,Klebsiella,75,substitution_1pct,target_binary
ck4,CK4,nearest_centroid,120,4,136,0.2777777777777778,0.263251454427925,within_genus_species,Acinetobacter,75,N_3pct,label
ck4,CK4,logistic,120,4,136,0.3055555555555556,0.2988922841864018,within_genus_species,Acinetobacter,75,N_3pct,label
ck4_p,CK4+P,nearest_centroid,120,4,147,0.2777777777777778,0.263251454427925,within_genus_species,Acinetobacter,75,N_3pct,label
ck4_p,CK4+P,logistic,120,4,147,0.3333333333333333,0.3273411371237458,within_genus_species,Acinetobacter,75,N_3pct,label
ck4p_msp,CK4P-MSP,nearest_centroid,120,4,222,0.2777777777777778,0.25936100936100936,within_genus_species,Acinetobacter,75,N_3pct,label
ck4p_msp,CK4P-MSP,logistic,120,4,222,0.2222222222222222,0.20649509803921567,within_genus_species,Acinetobacter,75,N_3pct,label
ckmer5_count_l2,CK5,nearest_centroid,120,4,508,0.2222222222222222,0.2142857142857143,within_genus_species,Acinetobacter,75,N_3pct,label
ckmer5_count_l2,CK5,logistic,120,4,508,0.2777777777777778,0.2748397435897436,within_genus_species,Acinetobacter,75,N_3pct,label
ck5_pca147,CK5 PCA-147,nearest_centroid,120,4,83,0.2222222222222222,0.21245421245421242,within_genus_species,Acinetobacter,75,N_3pct,label
ck5_pca147,CK5 PCA-147,logistic,120,4,83,0.3055555555555556,0.3050011671335201,within_genus_species,Acinetobacter,75,N_3pct,label
ck5_pca222,CK5 PCA-222,nearest_centroid,120,4,83,0.2222222222222222,0.21245421245421242,within_genus_species,Acinetobacter,75,N_3pct,label
ck5_pca222,CK5 PCA-222,logistic,120,4,83,0.3055555555555556,0.3050011671335201,within_genus_species,Acinetobacter,75,N_3pct,label
ck5_svd147,CK5 SVD-147,nearest_centroid,120,4,83,0.25,0.23669172932330823,within_genus_species,Acinetobacter,75,N_3pct,label
ck5_svd147,CK5 SVD-147,logistic,120,4,83,0.2777777777777778,0.27645584549609314,within_genus_species,Acinetobacter,75,N_3pct,label
ck5_svd222,CK5 SVD-222,nearest_centroid,120,4,83,0.25,0.23669172932330823,within_genus_species,Acinetobacter,75,N_3pct,label
ck5_svd222,CK5 SVD-222,logistic,120,4,83,0.2777777777777778,0.27645584549609314,within_genus_species,Acinetobacter,75,N_3pct,label
ck7_pca147,CK7 PCA-147,nearest_centroid,120,4,83,0.4444444444444444,0.4238235294117647,within_genus_species,Acinetobacter,75,N_3pct,label
ck7_pca147,CK7 PCA-147,logistic,120,4,83,0.3888888888888889,0.3808187134502924,within_genus_species,Acinetobacter,75,N_3pct,label
ck7_pca222,CK7 PCA-222,nearest_centroid,120,4,83,0.4444444444444444,0.4238235294117647,within_genus_species,Acinetobacter,75,N_3pct,label
ck7_pca222,CK7 PCA-222,logistic,120,4,83,0.3888888888888889,0.3808187134502924,within_genus_species,Acinetobacter,75,N_3pct,label
ck7_svd147,CK7 SVD-147,nearest_centroid,120,4,83,0.4444444444444444,0.42884748102139403,within_genus_species,Acinetobacter,75,N_3pct,label
ck7_svd147,CK7 SVD-147,logistic,120,4,83,0.4166666666666667,0.39159451659451655,within_genus_species,Acinetobacter,75,N_3pct,label
ck7_svd222,CK7 SVD-222,nearest_centroid,120,4,83,0.4444444444444444,0.42884748102139403,within_genus_species,Acinetobacter,75,N_3pct,label
ck7_svd222,CK7 SVD-222,logistic,120,4,83,0.4166666666666667,0.39159451659451655,within_genus_species,Acinetobacter,75,N_3pct,label
ck4,CK4,nearest_centroid,79,3,136,0.20833333333333334,0.21560846560846558,within_genus_species,Burkholderia,75,N_3pct,label
ck4,CK4,logistic,79,3,136,0.25,0.225,within_genus_species,Burkholderia,75,N_3pct,label
ck4_p,CK4+P,nearest_centroid,79,3,147,0.25,0.25430242272347536,within_genus_species,Burkholderia,75,N_3pct,label
ck4_p,CK4+P,logistic,79,3,147,0.375,0.3841093117408907,within_genus_species,Burkholderia,75,N_3pct,label
ck4p_msp,CK4P-MSP,nearest_centroid,79,3,222,0.16666666666666666,0.17477025898078527,within_genus_species,Burkholderia,75,N_3pct,label
ck4p_msp,CK4P-MSP,logistic,79,3,222,0.375,0.3611111111111111,within_genus_species,Burkholderia,75,N_3pct,label
ckmer5_count_l2,CK5,nearest_centroid,79,3,470,0.3333333333333333,0.3338345864661654,within_genus_species,Burkholderia,75,N_3pct,label
ckmer5_count_l2,CK5,logistic,79,3,470,0.375,0.3825396825396825,within_genus_species,Burkholderia,75,N_3pct,label
ck5_pca147,CK5 PCA-147,nearest_centroid,79,3,54,0.2916666666666667,0.30026455026455023,within_genus_species,Burkholderia,75,N_3pct,label
ck5_pca147,CK5 PCA-147,logistic,79,3,54,0.4166666666666667,0.4113756613756614,within_genus_species,Burkholderia,75,N_3pct,label
ck5_pca222,CK5 PCA-222,nearest_centroid,79,3,54,0.2916666666666667,0.30026455026455023,within_genus_species,Burkholderia,75,N_3pct,label
ck5_pca222,CK5 PCA-222,logistic,79,3,54,0.4166666666666667,0.4113756613756614,within_genus_species,Burkholderia,75,N_3pct,label
ck5_svd147,CK5 SVD-147,nearest_centroid,79,3,54,0.3333333333333333,0.33893557422969184,within_genus_species,Burkholderia,75,N_3pct,label
ck5_svd147,CK5 SVD-147,logistic,79,3,54,0.4583333333333333,0.43809523809523804,within_genus_species,Burkholderia,75,N_3pct,label
ck5_svd222,CK5 SVD-222,nearest_centroid,79,3,54,0.3333333333333333,0.33893557422969184,within_genus_species,Burkholderia,75,N_3pct,label
ck5_svd222,CK5 SVD-222,logistic,79,3,54,0.4583333333333333,0.43809523809523804,within_genus_species,Burkholderia,75,N_3pct,label
ck7_pca147,CK7 PCA-147,nearest_centroid,79,3,54,0.3333333333333333,0.3055555555555555,within_genus_species,Burkholderia,75,N_3pct,label
ck7_pca147,CK7 PCA-147,logistic,79,3,54,0.25,0.23055555555555554,within_genus_species,Burkholderia,75,N_3pct,label
ck7_pca222,CK7 PCA-222,nearest_centroid,79,3,54,0.3333333333333333,0.3055555555555555,within_genus_species,Burkholderia,75,N_3pct,label
ck7_pca222,CK7 PCA-222,logistic,79,3,54,0.25,0.23055555555555554,within_genus_species,Burkholderia,75,N_3pct,label
ck7_svd147,CK7 SVD-147,nearest_centroid,79,3,54,0.3333333333333333,0.30683760683760686,within_genus_species,Burkholderia,75,N_3pct,label
ck7_svd147,CK7 SVD-147,logistic,79,3,54,0.375,0.3356643356643357,within_genus_species,Burkholderia,75,N_3pct,label
ck7_svd222,CK7 SVD-222,nearest_centroid,79,3,54,0.3333333333333333,0.30683760683760686,within_genus_species,Burkholderia,75,N_3pct,label
ck7_svd222,CK7 SVD-222,logistic,79,3,54,0.375,0.3356643356643357,within_genus_species,Burkholderia,75,N_3pct,label
ck4,CK4,nearest_centroid,67,2,136,0.6190476190476191,0.6111111111111112,target_background,Burkholderia,75,N_3pct,target_binary
ck4,CK4,logistic,67,2,136,0.5714285714285714,0.5552941176470588,target_background,Burkholderia,75,N_3pct,target_binary
ck4_p,CK4+P,nearest_centroid,67,2,147,0.6666666666666666,0.6541176470588235,target_background,Burkholderia,75,N_3pct,target_binary
ck4_p,CK4+P,logistic,67,2,147,0.6666666666666666,0.6370370370370371,target_background,Burkholderia,75,N_3pct,target_binary
ck4p_msp,CK4P-MSP,nearest_centroid,67,2,222,0.6666666666666666,0.6541176470588235,target_background,Burkholderia,75,N_3pct,target_binary
ck4p_msp,CK4P-MSP,logistic,67,2,222,0.5238095238095238,0.4951923076923077,target_background,Burkholderia,75,N_3pct,target_binary
ckmer5_count_l2,CK5,nearest_centroid,67,2,452,0.5238095238095238,0.5138888888888888,target_background,Burkholderia,75,N_3pct,target_binary
ckmer5_count_l2,CK5,logistic,67,2,452,0.47619047619047616,0.4296296296296296,target_background,Burkholderia,75,N_3pct,target_binary
ck5_pca147,CK5 PCA-147,nearest_centroid,67,2,45,0.5714285714285714,0.5675057208237986,target_background,Burkholderia,75,N_3pct,target_binary
ck5_pca147,CK5 PCA-147,logistic,67,2,45,0.47619047619047616,0.4564705882352942,target_background,Burkholderia,75,N_3pct,target_binary
ck5_pca222,CK5 PCA-222,nearest_centroid,67,2,45,0.5714285714285714,0.5675057208237986,target_background,Burkholderia,75,N_3pct,target_binary
ck5_pca222,CK5 PCA-222,logistic,67,2,45,0.47619047619047616,0.4564705882352942,target_background,Burkholderia,75,N_3pct,target_binary
ck5_svd147,CK5 SVD-147,nearest_centroid,67,2,45,0.47619047619047616,0.47619047619047616,target_background,Burkholderia,75,N_3pct,target_binary
ck5_svd147,CK5 SVD-147,logistic,67,2,45,0.5238095238095238,0.5138888888888888,target_background,Burkholderia,75,N_3pct,target_binary
ck5_svd222,CK5 SVD-222,nearest_centroid,67,2,45,0.47619047619047616,0.47619047619047616,target_background,Burkholderia,75,N_3pct,target_binary
ck5_svd222,CK5 SVD-222,logistic,67,2,45,0.5238095238095238,0.5138888888888888,target_background,Burkholderia,75,N_3pct,target_binary
ck7_pca147,CK7 PCA-147,nearest_centroid,67,2,45,0.47619047619047616,0.47139588100686497,target_background,Burkholderia,75,N_3pct,target_binary
ck7_pca147,CK7 PCA-147,logistic,67,2,45,0.47619047619047616,0.47139588100686497,target_background,Burkholderia,75,N_3pct,target_binary
ck7_pca222,CK7 PCA-222,nearest_centroid,67,2,45,0.47619047619047616,0.47139588100686497,target_background,Burkholderia,75,N_3pct,target_binary
ck7_pca222,CK7 PCA-222,logistic,67,2,45,0.47619047619047616,0.47139588100686497,target_background,Burkholderia,75,N_3pct,target_binary
ck7_svd147,CK7 SVD-147,nearest_centroid,67,2,45,0.47619047619047616,0.47139588100686497,target_background,Burkholderia,75,N_3pct,target_binary
ck7_svd147,CK7 SVD-147,logistic,67,2,45,0.5238095238095238,0.5138888888888888,target_background,Burkholderia,75,N_3pct,target_binary
ck7_svd222,CK7 SVD-222,nearest_centroid,67,2,45,0.47619047619047616,0.47139588100686497,target_background,Burkholderia,75,N_3pct,target_binary
ck7_svd222,CK7 SVD-222,logistic,67,2,45,0.5238095238095238,0.5138888888888888,target_background,Burkholderia,75,N_3pct,target_binary
ck4,CK4,nearest_centroid,119,4,136,0.3888888888888889,0.36025641025641025,within_genus_species,Candida,75,N_3pct,label
ck4,CK4,logistic,119,4,136,0.3333333333333333,0.30131327006327,within_genus_species,Candida,75,N_3pct,label
ck4_p,CK4+P,nearest_centroid,119,4,147,0.3333333333333333,0.29791666666666666,within_genus_species,Candida,75,N_3pct,label
ck4_p,CK4+P,logistic,119,4,147,0.3333333333333333,0.30332792207792203,within_genus_species,Candida,75,N_3pct,label
ck4p_msp,CK4P-MSP,nearest_centroid,119,4,222,0.3611111111111111,0.3190476190476191,within_genus_species,Candida,75,N_3pct,label
ck4p_msp,CK4P-MSP,logistic,119,4,222,0.3611111111111111,0.3019065333643339,within_genus_species,Candida,75,N_3pct,label
ckmer5_count_l2,CK5,nearest_centroid,119,4,506,0.3055555555555556,0.26933198380566803,within_genus_species,Candida,75,N_3pct,label
ckmer5_count_l2,CK5,logistic,119,4,506,0.2222222222222222,0.19976076555023922,within_genus_species,Candida,75,N_3pct,label
ck5_pca147,CK5 PCA-147,nearest_centroid,119,4,82,0.3333333333333333,0.30288461538461536,within_genus_species,Candida,75,N_3pct,label
ck5_pca147,CK5 PCA-147,logistic,119,4,82,0.3055555555555556,0.2704805491990847,within_genus_species,Candida,75,N_3pct,label
ck5_pca222,CK5 PCA-222,nearest_centroid,119,4,82,0.3333333333333333,0.30288461538461536,within_genus_species,Candida,75,N_3pct,label
ck5_pca222,CK5 PCA-222,logistic,119,4,82,0.3055555555555556,0.2704805491990847,within_genus_species,Candida,75,N_3pct,label
ck5_svd147,CK5 SVD-147,nearest_centroid,119,4,82,0.3888888888888889,0.37533577533577533,within_genus_species,Candida,75,N_3pct,label
ck5_svd147,CK5 SVD-147,logistic,119,4,82,0.3333333333333333,0.3243288144603934,within_genus_species,Candida,75,N_3pct,label
ck5_svd222,CK5 SVD-222,nearest_centroid,119,4,82,0.3888888888888889,0.37533577533577533,within_genus_species,Candida,75,N_3pct,label
ck5_svd222,CK5 SVD-222,logistic,119,4,82,0.3333333333333333,0.3243288144603934,within_genus_species,Candida,75,N_3pct,label
ck7_pca147,CK7 PCA-147,nearest_centroid,119,4,82,0.3611111111111111,0.33502506265664156,within_genus_species,Candida,75,N_3pct,label
ck7_pca147,CK7 PCA-147,logistic,119,4,82,0.3611111111111111,0.3395833333333333,within_genus_species,Candida,75,N_3pct,label
ck7_pca222,CK7 PCA-222,nearest_centroid,119,4,82,0.3611111111111111,0.33502506265664156,within_genus_species,Candida,75,N_3pct,label
ck7_pca222,CK7 PCA-222,logistic,119,4,82,0.3611111111111111,0.3395833333333333,within_genus_species,Candida,75,N_3pct,label
ck7_svd147,CK7 SVD-147,nearest_centroid,119,4,82,0.3055555555555556,0.3036758563074352,within_genus_species,Candida,75,N_3pct,label
ck7_svd147,CK7 SVD-147,logistic,119,4,82,0.3055555555555556,0.3062547673531655,within_genus_species,Candida,75,N_3pct,label
ck7_svd222,CK7 SVD-222,nearest_centroid,119,4,82,0.3055555555555556,0.3036758563074352,within_genus_species,Candida,75,N_3pct,label
ck7_svd222,CK7 SVD-222,logistic,119,4,82,0.3055555555555556,0.3062547673531655,within_genus_species,Candida,75,N_3pct,label
ck4,CK4,nearest_centroid,74,2,136,0.34782608695652173,0.34782608695652173,target_background,Candida,75,N_3pct,target_binary
ck4,CK4,logistic,74,2,136,0.30434782608695654,0.303030303030303,target_background,Candida,75,N_3pct,target_binary
ck4_p,CK4+P,nearest_centroid,74,2,147,0.34782608695652173,0.34782608695652173,target_background,Candida,75,N_3pct,target_binary
ck4_p,CK4+P,logistic,74,2,147,0.30434782608695654,0.303030303030303,target_background,Candida,75,N_3pct,target_binary
ck4p_msp,CK4P-MSP,nearest_centroid,74,2,222,0.34782608695652173,0.34782608695652173,target_background,Candida,75,N_3pct,target_binary
ck4p_msp,CK4P-MSP,logistic,74,2,222,0.5217391304347826,0.5217391304347826,target_background,Candida,75,N_3pct,target_binary
ckmer5_count_l2,CK5,nearest_centroid,74,2,497,0.43478260869565216,0.43047619047619046,target_background,Candida,75,N_3pct,target_binary
ckmer5_count_l2,CK5,logistic,74,2,497,0.34782608695652173,0.34782608695652173,target_background,Candida,75,N_3pct,target_binary
ck5_pca147,CK5 PCA-147,nearest_centroid,74,2,50,0.391304347826087,0.39015151515151514,target_background,Candida,75,N_3pct,target_binary
ck5_pca147,CK5 PCA-147,logistic,74,2,50,0.391304347826087,0.39015151515151514,target_background,Candida,75,N_3pct,target_binary
ck5_pca222,CK5 PCA-222,nearest_centroid,74,2,50,0.391304347826087,0.39015151515151514,target_background,Candida,75,N_3pct,target_binary
ck5_pca222,CK5 PCA-222,logistic,74,2,50,0.391304347826087,0.39015151515151514,target_background,Candida,75,N_3pct,target_binary
ck5_svd147,CK5 SVD-147,nearest_centroid,74,2,50,0.43478260869565216,0.43478260869565216,target_background,Candida,75,N_3pct,target_binary
ck5_svd147,CK5 SVD-147,logistic,74,2,50,0.391304347826087,0.39015151515151514,target_background,Candida,75,N_3pct,target_binary
ck5_svd222,CK5 SVD-222,nearest_centroid,74,2,50,0.43478260869565216,0.43478260869565216,target_background,Candida,75,N_3pct,target_binary
ck5_svd222,CK5 SVD-222,logistic,74,2,50,0.391304347826087,0.39015151515151514,target_background,Candida,75,N_3pct,target_binary
ck7_pca147,CK7 PCA-147,nearest_centroid,74,2,50,0.391304347826087,0.38076923076923075,target_background,Candida,75,N_3pct,target_binary
ck7_pca147,CK7 PCA-147,logistic,74,2,50,0.391304347826087,0.38076923076923075,target_background,Candida,75,N_3pct,target_binary
ck7_pca222,CK7 PCA-222,nearest_centroid,74,2,50,0.391304347826087,0.38076923076923075,target_background,Candida,75,N_3pct,target_binary
ck7_pca222,CK7 PCA-222,logistic,74,2,50,0.391304347826087,0.38076923076923075,target_background,Candida,75,N_3pct,target_binary
ck7_svd147,CK7 SVD-147,nearest_centroid,74,2,50,0.391304347826087,0.38076923076923075,target_background,Candida,75,N_3pct,target_binary
ck7_svd147,CK7 SVD-147,logistic,74,2,50,0.391304347826087,0.38076923076923075,target_background,Candida,75,N_3pct,target_binary
ck7_svd222,CK7 SVD-222,nearest_centroid,74,2,50,0.391304347826087,0.38076923076923075,target_background,Candida,75,N_3pct,target_binary
ck7_svd222,CK7 SVD-222,logistic,74,2,50,0.391304347826087,0.38076923076923075,target_background,Candida,75,N_3pct,target_binary
ck4,CK4,nearest_centroid,133,5,136,0.1,0.08886446886446886,within_genus_species,Enterobacter,75,N_3pct,label
ck4,CK4,logistic,133,5,136,0.1,0.09256778309409888,within_genus_species,Enterobacter,75,N_3pct,label
ck4_p,CK4+P,nearest_centroid,133,5,147,0.1,0.08886446886446886,within_genus_species,Enterobacter,75,N_3pct,label
ck4_p,CK4+P,logistic,133,5,147,0.125,0.1146462063086104,within_genus_species,Enterobacter,75,N_3pct,label
ck4p_msp,CK4P-MSP,nearest_centroid,133,5,222,0.1,0.08886446886446886,within_genus_species,Enterobacter,75,N_3pct,label
ck4p_msp,CK4P-MSP,logistic,133,5,222,0.125,0.12190476190476192,within_genus_species,Enterobacter,75,N_3pct,label
ckmer5_count_l2,CK5,nearest_centroid,133,5,510,0.125,0.10937950937950938,within_genus_species,Enterobacter,75,N_3pct,label
ckmer5_count_l2,CK5,logistic,133,5,510,0.1,0.08662464985994398,within_genus_species,Enterobacter,75,N_3pct,label
ck5_pca147,CK5 PCA-147,nearest_centroid,133,5,92,0.125,0.11182072829131653,within_genus_species,Enterobacter,75,N_3pct,label
ck5_pca147,CK5 PCA-147,logistic,133,5,92,0.075,0.0803921568627451,within_genus_species,Enterobacter,75,N_3pct,label
ck5_pca222,CK5 PCA-222,nearest_centroid,133,5,92,0.125,0.11182072829131653,within_genus_species,Enterobacter,75,N_3pct,label
ck5_pca222,CK5 PCA-222,logistic,133,5,92,0.075,0.0803921568627451,within_genus_species,Enterobacter,75,N_3pct,label
ck5_svd147,CK5 SVD-147,nearest_centroid,133,5,92,0.15,0.12552772305094287,within_genus_species,Enterobacter,75,N_3pct,label
ck5_svd147,CK5 SVD-147,logistic,133,5,92,0.15,0.1131578947368421,within_genus_species,Enterobacter,75,N_3pct,label
ck5_svd222,CK5 SVD-222,nearest_centroid,133,5,92,0.15,0.12552772305094287,within_genus_species,Enterobacter,75,N_3pct,label
ck5_svd222,CK5 SVD-222,logistic,133,5,92,0.15,0.1131578947368421,within_genus_species,Enterobacter,75,N_3pct,label
ck7_pca147,CK7 PCA-147,nearest_centroid,133,5,92,0.25,0.22969635627530366,within_genus_species,Enterobacter,75,N_3pct,label
ck7_pca147,CK7 PCA-147,logistic,133,5,92,0.3,0.29630807788702523,within_genus_species,Enterobacter,75,N_3pct,label
ck7_pca222,CK7 PCA-222,nearest_centroid,133,5,92,0.25,0.22969635627530366,within_genus_species,Enterobacter,75,N_3pct,label
ck7_pca222,CK7 PCA-222,logistic,133,5,92,0.3,0.29630807788702523,within_genus_species,Enterobacter,75,N_3pct,label
ck7_svd147,CK7 SVD-147,nearest_centroid,133,5,92,0.3,0.28360446570972886,within_genus_species,Enterobacter,75,N_3pct,label
ck7_svd147,CK7 SVD-147,logistic,133,5,92,0.25,0.24388611388611386,within_genus_species,Enterobacter,75,N_3pct,label
ck7_svd222,CK7 SVD-222,nearest_centroid,133,5,92,0.3,0.28360446570972886,within_genus_species,Enterobacter,75,N_3pct,label
ck7_svd222,CK7 SVD-222,logistic,133,5,92,0.25,0.24388611388611386,within_genus_species,Enterobacter,75,N_3pct,label
ck4,CK4,nearest_centroid,71,2,136,0.5909090909090909,0.5900621118012422,target_background,Enterobacter,75,N_3pct,target_binary
ck4,CK4,logistic,71,2,136,0.4090909090909091,0.4078674948240165,target_background,Enterobacter,75,N_3pct,target_binary
ck4_p,CK4+P,nearest_centroid,71,2,147,0.5909090909090909,0.5900621118012422,target_background,Enterobacter,75,N_3pct,target_binary
ck4_p,CK4+P,logistic,71,2,147,0.4090909090909091,0.4078674948240165,target_background,Enterobacter,75,N_3pct,target_binary
ck4p_msp,CK4P-MSP,nearest_centroid,71,2,222,0.5454545454545454,0.5416666666666667,target_background,Enterobacter,75,N_3pct,target_binary
ck4p_msp,CK4P-MSP,logistic,71,2,222,0.36363636363636365,0.36363636363636365,target_background,Enterobacter,75,N_3pct,target_binary
ckmer5_count_l2,CK5,nearest_centroid,71,2,504,0.45454545454545453,0.45,target_background,Enterobacter,75,N_3pct,target_binary
ckmer5_count_l2,CK5,logistic,71,2,504,0.4090909090909091,0.4078674948240165,target_background,Enterobacter,75,N_3pct,target_binary
ck5_pca147,CK5 PCA-147,nearest_centroid,71,2,48,0.5,0.4989648033126294,target_background,Enterobacter,75,N_3pct,target_binary
ck5_pca147,CK5 PCA-147,logistic,71,2,48,0.5,0.4989648033126294,target_background,Enterobacter,75,N_3pct,target_binary
ck5_pca222,CK5 PCA-222,nearest_centroid,71,2,48,0.5,0.4989648033126294,target_background,Enterobacter,75,N_3pct,target_binary
ck5_pca222,CK5 PCA-222,logistic,71,2,48,0.5,0.4989648033126294,target_background,Enterobacter,75,N_3pct,target_binary
ck5_svd147,CK5 SVD-147,nearest_centroid,71,2,48,0.45454545454545453,0.45454545454545453,target_background,Enterobacter,75,N_3pct,target_binary
ck5_svd147,CK5 SVD-147,logistic,71,2,48,0.45454545454545453,0.4358974358974359,target_background,Enterobacter,75,N_3pct,target_binary
ck5_svd222,CK5 SVD-222,nearest_centroid,71,2,48,0.45454545454545453,0.45454545454545453,target_background,Enterobacter,75,N_3pct,target_binary
ck5_svd222,CK5 SVD-222,logistic,71,2,48,0.45454545454545453,0.4358974358974359,target_background,Enterobacter,75,N_3pct,target_binary
ck7_pca147,CK7 PCA-147,nearest_centroid,71,2,48,0.45454545454545453,0.4107142857142857,target_background,Enterobacter,75,N_3pct,target_binary
ck7_pca147,CK7 PCA-147,logistic,71,2,48,0.5,0.47276688453159044,target_background,Enterobacter,75,N_3pct,target_binary
ck7_pca222,CK7 PCA-222,nearest_centroid,71,2,48,0.45454545454545453,0.4107142857142857,target_background,Enterobacter,75,N_3pct,target_binary
ck7_pca222,CK7 PCA-222,logistic,71,2,48,0.5,0.47276688453159044,target_background,Enterobacter,75,N_3pct,target_binary
ck7_svd147,CK7 SVD-147,nearest_centroid,71,2,48,0.5,0.4905263157894737,target_background,Enterobacter,75,N_3pct,target_binary
ck7_svd147,CK7 SVD-147,logistic,71,2,48,0.5454545454545454,0.5416666666666667,target_background,Enterobacter,75,N_3pct,target_binary
ck7_svd222,CK7 SVD-222,nearest_centroid,71,2,48,0.5,0.4905263157894737,target_background,Enterobacter,75,N_3pct,target_binary
ck7_svd222,CK7 SVD-222,logistic,71,2,48,0.5454545454545454,0.5416666666666667,target_background,Enterobacter,75,N_3pct,target_binary
ck4,CK4,nearest_centroid,52,2,136,0.25,0.25,within_genus_species,Escherichia,75,N_3pct,label
ck4,CK4,logistic,52,2,136,0.5,0.4666666666666667,within_genus_species,Escherichia,75,N_3pct,label
ck4_p,CK4+P,nearest_centroid,52,2,147,0.3125,0.30980392156862746,within_genus_species,Escherichia,75,N_3pct,label
ck4_p,CK4+P,logistic,52,2,147,0.5,0.4666666666666667,within_genus_species,Escherichia,75,N_3pct,label
ck4p_msp,CK4P-MSP,nearest_centroid,52,2,222,0.3125,0.30980392156862746,within_genus_species,Escherichia,75,N_3pct,label
ck4p_msp,CK4P-MSP,logistic,52,2,222,0.4375,0.41700404858299595,within_genus_species,Escherichia,75,N_3pct,label
ckmer5_count_l2,CK5,nearest_centroid,52,2,499,0.5625,0.5465587044534412,within_genus_species,Escherichia,75,N_3pct,label
ckmer5_count_l2,CK5,logistic,52,2,499,0.5625,0.5151515151515151,within_genus_species,Escherichia,75,N_3pct,label
ck5_pca147,CK5 PCA-147,nearest_centroid,52,2,35,0.5,0.4920634920634921,within_genus_species,Escherichia,75,N_3pct,label
ck5_pca147,CK5 PCA-147,logistic,52,2,35,0.5,0.4666666666666667,within_genus_species,Escherichia,75,N_3pct,label
ck5_pca222,CK5 PCA-222,nearest_centroid,52,2,35,0.5,0.4920634920634921,within_genus_species,Escherichia,75,N_3pct,label
ck5_pca222,CK5 PCA-222,logistic,52,2,35,0.5,0.4666666666666667,within_genus_species,Escherichia,75,N_3pct,label
ck5_svd147,CK5 SVD-147,nearest_centroid,52,2,35,0.625,0.6,within_genus_species,Escherichia,75,N_3pct,label
ck5_svd147,CK5 SVD-147,logistic,52,2,35,0.5,0.3333333333333333,within_genus_species,Escherichia,75,N_3pct,label
ck5_svd222,CK5 SVD-222,nearest_centroid,52,2,35,0.625,0.6,within_genus_species,Escherichia,75,N_3pct,label
ck5_svd222,CK5 SVD-222,logistic,52,2,35,0.5,0.3333333333333333,within_genus_species,Escherichia,75,N_3pct,label
ck7_pca147,CK7 PCA-147,nearest_centroid,52,2,35,0.5,0.5,within_genus_species,Escherichia,75,N_3pct,label
ck7_pca147,CK7 PCA-147,logistic,52,2,35,0.5,0.5,within_genus_species,Escherichia,75,N_3pct,label
ck7_pca222,CK7 PCA-222,nearest_centroid,52,2,35,0.5,0.5,within_genus_species,Escherichia,75,N_3pct,label
ck7_pca222,CK7 PCA-222,logistic,52,2,35,0.5,0.5,within_genus_species,Escherichia,75,N_3pct,label
ck7_svd147,CK7 SVD-147,nearest_centroid,52,2,35,0.4375,0.43529411764705883,within_genus_species,Escherichia,75,N_3pct,label
ck7_svd147,CK7 SVD-147,logistic,52,2,35,0.4375,0.41700404858299595,within_genus_species,Escherichia,75,N_3pct,label
ck7_svd222,CK7 SVD-222,nearest_centroid,52,2,35,0.4375,0.43529411764705883,within_genus_species,Escherichia,75,N_3pct,label
ck7_svd222,CK7 SVD-222,logistic,52,2,35,0.4375,0.41700404858299595,within_genus_species,Escherichia,75,N_3pct,label
ck4,CK4,nearest_centroid,52,2,136,0.25,0.25,target_background,Escherichia,75,N_3pct,target_binary
ck4,CK4,logistic,52,2,136,0.5,0.4666666666666667,target_background,Escherichia,75,N_3pct,target_binary
ck4_p,CK4+P,nearest_centroid,52,2,147,0.3125,0.30980392156862746,target_background,Escherichia,75,N_3pct,target_binary
ck4_p,CK4+P,logistic,52,2,147,0.5,0.4666666666666667,target_background,Escherichia,75,N_3pct,target_binary
ck4p_msp,CK4P-MSP,nearest_centroid,52,2,222,0.3125,0.30980392156862746,target_background,Escherichia,75,N_3pct,target_binary
ck4p_msp,CK4P-MSP,logistic,52,2,222,0.4375,0.41700404858299595,target_background,Escherichia,75,N_3pct,target_binary
ckmer5_count_l2,CK5,nearest_centroid,52,2,499,0.5625,0.5465587044534412,target_background,Escherichia,75,N_3pct,target_binary
ckmer5_count_l2,CK5,logistic,52,2,499,0.5625,0.5151515151515151,target_background,Escherichia,75,N_3pct,target_binary
ck5_pca147,CK5 PCA-147,nearest_centroid,52,2,35,0.5,0.4920634920634921,target_background,Escherichia,75,N_3pct,target_binary
ck5_pca147,CK5 PCA-147,logistic,52,2,35,0.5,0.4666666666666667,target_background,Escherichia,75,N_3pct,target_binary
ck5_pca222,CK5 PCA-222,nearest_centroid,52,2,35,0.5,0.4920634920634921,target_background,Escherichia,75,N_3pct,target_binary
ck5_pca222,CK5 PCA-222,logistic,52,2,35,0.5,0.4666666666666667,target_background,Escherichia,75,N_3pct,target_binary
ck5_svd147,CK5 SVD-147,nearest_centroid,52,2,35,0.625,0.6,target_background,Escherichia,75,N_3pct,target_binary
ck5_svd147,CK5 SVD-147,logistic,52,2,35,0.5,0.3333333333333333,target_background,Escherichia,75,N_3pct,target_binary
ck5_svd222,CK5 SVD-222,nearest_centroid,52,2,35,0.625,0.6,target_background,Escherichia,75,N_3pct,target_binary
ck5_svd222,CK5 SVD-222,logistic,52,2,35,0.5,0.3333333333333333,target_background,Escherichia,75,N_3pct,target_binary
ck7_pca147,CK7 PCA-147,nearest_centroid,52,2,35,0.5,0.5,target_background,Escherichia,75,N_3pct,target_binary
ck7_pca147,CK7 PCA-147,logistic,52,2,35,0.5,0.5,target_background,Escherichia,75,N_3pct,target_binary
ck7_pca222,CK7 PCA-222,nearest_centroid,52,2,35,0.5,0.5,target_background,Escherichia,75,N_3pct,target_binary
ck7_pca222,CK7 PCA-222,logistic,52,2,35,0.5,0.5,target_background,Escherichia,75,N_3pct,target_binary
ck7_svd147,CK7 SVD-147,nearest_centroid,52,2,35,0.4375,0.43529411764705883,target_background,Escherichia,75,N_3pct,target_binary
ck7_svd147,CK7 SVD-147,logistic,52,2,35,0.4375,0.41700404858299595,target_background,Escherichia,75,N_3pct,target_binary
ck7_svd222,CK7 SVD-222,nearest_centroid,52,2,35,0.4375,0.43529411764705883,target_background,Escherichia,75,N_3pct,target_binary
ck7_svd222,CK7 SVD-222,logistic,52,2,35,0.4375,0.41700404858299595,target_background,Escherichia,75,N_3pct,target_binary
ck4,CK4,nearest_centroid,97,3,136,0.13333333333333333,0.14817742643829598,within_genus_species,Klebsiella,75,N_3pct,label
ck4,CK4,logistic,97,3,136,0.4,0.396911663216011,within_genus_species,Klebsiella,75,N_3pct,label
ck4_p,CK4+P,nearest_centroid,97,3,147,0.13333333333333333,0.14817742643829598,within_genus_species,Klebsiella,75,N_3pct,label
ck4_p,CK4+P,logistic,97,3,147,0.4,0.396911663216011,within_genus_species,Klebsiella,75,N_3pct,label
ck4p_msp,CK4P-MSP,nearest_centroid,97,3,222,0.2,0.20746596398770312,within_genus_species,Klebsiella,75,N_3pct,label
ck4p_msp,CK4P-MSP,logistic,97,3,222,0.36666666666666664,0.35157952069716775,within_genus_species,Klebsiella,75,N_3pct,label
ckmer5_count_l2,CK5,nearest_centroid,97,3,508,0.36666666666666664,0.3481481481481481,within_genus_species,Klebsiella,75,N_3pct,label
ckmer5_count_l2,CK5,logistic,97,3,508,0.4,0.38860877684407097,within_genus_species,Klebsiella,75,N_3pct,label
ck5_pca147,CK5 PCA-147,nearest_centroid,97,3,66,0.3333333333333333,0.32235717498875394,within_genus_species,Klebsiella,75,N_3pct,label
ck5_pca147,CK5 PCA-147,logistic,97,3,66,0.4,0.38834422657952067,within_genus_species,Klebsiella,75,N_3pct,label
ck5_pca222,CK5 PCA-222,nearest_centroid,97,3,66,0.3333333333333333,0.32235717498875394,within_genus_species,Klebsiella,75,N_3pct,label
ck5_pca222,CK5 PCA-222,logistic,97,3,66,0.4,0.38834422657952067,within_genus_species,Klebsiella,75,N_3pct,label
ck5_svd147,CK5 SVD-147,nearest_centroid,97,3,66,0.36666666666666664,0.3620915032679739,within_genus_species,Klebsiella,75,N_3pct,label
ck5_svd147,CK5 SVD-147,logistic,97,3,66,0.36666666666666664,0.3361180729601782,within_genus_species,Klebsiella,75,N_3pct,label
ck5_svd222,CK5 SVD-222,nearest_centroid,97,3,66,0.36666666666666664,0.3620915032679739,within_genus_species,Klebsiella,75,N_3pct,label
ck5_svd222,CK5 SVD-222,logistic,97,3,66,0.36666666666666664,0.3361180729601782,within_genus_species,Klebsiella,75,N_3pct,label
ck7_pca147,CK7 PCA-147,nearest_centroid,97,3,66,0.3333333333333333,0.3333333333333333,within_genus_species,Klebsiella,75,N_3pct,label
ck7_pca147,CK7 PCA-147,logistic,97,3,66,0.3333333333333333,0.3266276207452678,within_genus_species,Klebsiella,75,N_3pct,label
ck7_pca222,CK7 PCA-222,nearest_centroid,97,3,66,0.3333333333333333,0.3333333333333333,within_genus_species,Klebsiella,75,N_3pct,label
ck7_pca222,CK7 PCA-222,logistic,97,3,66,0.3333333333333333,0.3266276207452678,within_genus_species,Klebsiella,75,N_3pct,label
ck7_svd147,CK7 SVD-147,nearest_centroid,97,3,66,0.3333333333333333,0.3277067348678602,within_genus_species,Klebsiella,75,N_3pct,label
ck7_svd147,CK7 SVD-147,logistic,97,3,66,0.3333333333333333,0.3266276207452678,within_genus_species,Klebsiella,75,N_3pct,label
ck7_svd222,CK7 SVD-222,nearest_centroid,97,3,66,0.3333333333333333,0.3277067348678602,within_genus_species,Klebsiella,75,N_3pct,label
ck7_svd222,CK7 SVD-222,logistic,97,3,66,0.3333333333333333,0.3266276207452678,within_genus_species,Klebsiella,75,N_3pct,label
ck4,CK4,nearest_centroid,68,2,136,0.47619047619047616,0.47619047619047616,target_background,Klebsiella,75,N_3pct,target_binary
ck4,CK4,logistic,68,2,136,0.47619047619047616,0.4564705882352942,target_background,Klebsiella,75,N_3pct,target_binary
ck4_p,CK4+P,nearest_centroid,68,2,147,0.5238095238095238,0.5227272727272727,target_background,Klebsiella,75,N_3pct,target_binary
ck4_p,CK4+P,logistic,68,2,147,0.42857142857142855,0.41666666666666663,target_background,Klebsiella,75,N_3pct,target_binary
ck4p_msp,CK4P-MSP,nearest_centroid,68,2,222,0.5238095238095238,0.5227272727272727,target_background,Klebsiella,75,N_3pct,target_binary
ck4p_msp,CK4P-MSP,logistic,68,2,222,0.6190476190476191,0.5961538461538461,target_background,Klebsiella,75,N_3pct,target_binary
ckmer5_count_l2,CK5,nearest_centroid,68,2,502,0.5714285714285714,0.5552941176470588,target_background,Klebsiella,75,N_3pct,target_binary
ckmer5_count_l2,CK5,logistic,68,2,502,0.5714285714285714,0.49867374005305043,target_background,Klebsiella,75,N_3pct,target_binary
ck5_pca147,CK5 PCA-147,nearest_centroid,68,2,46,0.6190476190476191,0.6111111111111112,target_background,Klebsiella,75,N_3pct,target_binary
ck5_pca147,CK5 PCA-147,logistic,68,2,46,0.5714285714285714,0.5552941176470588,target_background,Klebsiella,75,N_3pct,target_binary
ck5_pca222,CK5 PCA-222,nearest_centroid,68,2,46,0.6190476190476191,0.6111111111111112,target_background,Klebsiella,75,N_3pct,target_binary
ck5_pca222,CK5 PCA-222,logistic,68,2,46,0.5714285714285714,0.5552941176470588,target_background,Klebsiella,75,N_3pct,target_binary
ck5_svd147,CK5 SVD-147,nearest_centroid,68,2,46,0.5714285714285714,0.5552941176470588,target_background,Klebsiella,75,N_3pct,target_binary
ck5_svd147,CK5 SVD-147,logistic,68,2,46,0.6190476190476191,0.5961538461538461,target_background,Klebsiella,75,N_3pct,target_binary
ck5_svd222,CK5 SVD-222,nearest_centroid,68,2,46,0.5714285714285714,0.5552941176470588,target_background,Klebsiella,75,N_3pct,target_binary
ck5_svd222,CK5 SVD-222,logistic,68,2,46,0.6190476190476191,0.5961538461538461,target_background,Klebsiella,75,N_3pct,target_binary
ck7_pca147,CK7 PCA-147,nearest_centroid,68,2,46,0.6190476190476191,0.5961538461538461,target_background,Klebsiella,75,N_3pct,target_binary
ck7_pca147,CK7 PCA-147,logistic,68,2,46,0.6666666666666666,0.6370370370370371,target_background,Klebsiella,75,N_3pct,target_binary
ck7_pca222,CK7 PCA-222,nearest_centroid,68,2,46,0.6190476190476191,0.5961538461538461,target_background,Klebsiella,75,N_3pct,target_binary
ck7_pca222,CK7 PCA-222,logistic,68,2,46,0.6666666666666666,0.6370370370370371,target_background,Klebsiella,75,N_3pct,target_binary
ck7_svd147,CK7 SVD-147,nearest_centroid,68,2,46,0.6666666666666666,0.6370370370370371,target_background,Klebsiella,75,N_3pct,target_binary
ck7_svd147,CK7 SVD-147,logistic,68,2,46,0.6666666666666666,0.6370370370370371,target_background,Klebsiella,75,N_3pct,target_binary
ck7_svd222,CK7 SVD-222,nearest_centroid,68,2,46,0.6666666666666666,0.6370370370370371,target_background,Klebsiella,75,N_3pct,target_binary
ck7_svd222,CK7 SVD-222,logistic,68,2,46,0.6666666666666666,0.6370370370370371,target_background,Klebsiella,75,N_3pct,target_binary
ck4,CK4,nearest_centroid,123,4,136,0.40540540540540543,0.381547619047619,within_genus_species,Acinetobacter,100,clean,label
ck4,CK4,logistic,123,4,136,0.32432432432432434,0.33497502497502496,within_genus_species,Acinetobacter,100,clean,label
ck4_p,CK4+P,nearest_centroid,123,4,147,0.3783783783783784,0.3454945054945055,within_genus_species,Acinetobacter,100,clean,label
ck4_p,CK4+P,logistic,123,4,147,0.35135135135135137,0.36013986013986016,within_genus_species,Acinetobacter,100,clean,label
ck4p_msp,CK4P-MSP,nearest_centroid,123,4,222,0.3783783783783784,0.3454945054945055,within_genus_species,Acinetobacter,100,clean,label
ck4p_msp,CK4P-MSP,logistic,123,4,222,0.35135135135135137,0.34128643096034394,within_genus_species,Acinetobacter,100,clean,label
ckmer5_count_l2,CK5,nearest_centroid,123,4,512,0.40540540540540543,0.3745471014492754,within_genus_species,Acinetobacter,100,clean,label
ckmer5_count_l2,CK5,logistic,123,4,512,0.43243243243243246,0.3992446393762183,within_genus_species,Acinetobacter,100,clean,label
ck5_pca147,CK5 PCA-147,nearest_centroid,123,4,85,0.43243243243243246,0.3918067226890756,within_genus_species,Acinetobacter,100,clean,label
ck5_pca147,CK5 PCA-147,logistic,123,4,85,0.4594594594594595,0.4561212814645309,within_genus_species,Acinetobacter,100,clean,label
ck5_pca222,CK5 PCA-222,nearest_centroid,123,4,85,0.43243243243243246,0.3918067226890756,within_genus_species,Acinetobacter,100,clean,label
ck5_pca222,CK5 PCA-222,logistic,123,4,85,0.4594594594594595,0.4561212814645309,within_genus_species,Acinetobacter,100,clean,label
ck5_svd147,CK5 SVD-147,nearest_centroid,123,4,85,0.4594594594594595,0.44830486542443065,within_genus_species,Acinetobacter,100,clean,label
ck5_svd147,CK5 SVD-147,logistic,123,4,85,0.5135135135135135,0.5210140736456526,within_genus_species,Acinetobacter,100,clean,label
ck5_svd222,CK5 SVD-222,nearest_centroid,123,4,85,0.4594594594594595,0.44830486542443065,within_genus_species,Acinetobacter,100,clean,label
ck5_svd222,CK5 SVD-222,logistic,123,4,85,0.5135135135135135,0.5210140736456526,within_genus_species,Acinetobacter,100,clean,label
ck7_pca147,CK7 PCA-147,nearest_centroid,123,4,85,0.32432432432432434,0.3224598930481284,within_genus_species,Acinetobacter,100,clean,label
ck7_pca147,CK7 PCA-147,logistic,123,4,85,0.35135135135135137,0.3510313216195569,within_genus_species,Acinetobacter,100,clean,label
ck7_pca222,CK7 PCA-222,nearest_centroid,123,4,85,0.32432432432432434,0.3224598930481284,within_genus_species,Acinetobacter,100,clean,label
ck7_pca222,CK7 PCA-222,logistic,123,4,85,0.35135135135135137,0.3510313216195569,within_genus_species,Acinetobacter,100,clean,label
ck7_svd147,CK7 SVD-147,nearest_centroid,123,4,85,0.3783783783783784,0.379505582137161,within_genus_species,Acinetobacter,100,clean,label
ck7_svd147,CK7 SVD-147,logistic,123,4,85,0.35135135135135137,0.35172780435938333,within_genus_species,Acinetobacter,100,clean,label
ck7_svd222,CK7 SVD-222,nearest_centroid,123,4,85,0.3783783783783784,0.379505582137161,within_genus_species,Acinetobacter,100,clean,label
ck7_svd222,CK7 SVD-222,logistic,123,4,85,0.35135135135135137,0.35172780435938333,within_genus_species,Acinetobacter,100,clean,label
ck4,CK4,nearest_centroid,77,3,136,0.2916666666666667,0.2815452091767881,within_genus_species,Burkholderia,100,clean,label
ck4,CK4,logistic,77,3,136,0.16666666666666666,0.16335978835978834,within_genus_species,Burkholderia,100,clean,label
ck4_p,CK4+P,nearest_centroid,77,3,147,0.2916666666666667,0.2815452091767881,within_genus_species,Burkholderia,100,clean,label
ck4_p,CK4+P,logistic,77,3,147,0.20833333333333334,0.19999999999999998,within_genus_species,Burkholderia,100,clean,label
ck4p_msp,CK4P-MSP,nearest_centroid,77,3,222,0.2916666666666667,0.2815452091767881,within_genus_species,Burkholderia,100,clean,label
ck4p_msp,CK4P-MSP,logistic,77,3,222,0.3333333333333333,0.32076719576719576,within_genus_species,Burkholderia,100,clean,label
ckmer5_count_l2,CK5,nearest_centroid,77,3,482,0.25,0.24444444444444446,within_genus_species,Burkholderia,100,clean,label
ckmer5_count_l2,CK5,logistic,77,3,482,0.2916666666666667,0.2723707664884136,within_genus_species,Burkholderia,100,clean,label
ck5_pca147,CK5 PCA-147,nearest_centroid,77,3,52,0.25,0.240824534942182,within_genus_species,Burkholderia,100,clean,label
ck5_pca147,CK5 PCA-147,logistic,77,3,52,0.25,0.24177109440267333,within_genus_species,Burkholderia,100,clean,label
ck5_pca222,CK5 PCA-222,nearest_centroid,77,3,52,0.25,0.240824534942182,within_genus_species,Burkholderia,100,clean,label
ck5_pca222,CK5 PCA-222,logistic,77,3,52,0.25,0.24177109440267333,within_genus_species,Burkholderia,100,clean,label
ck5_svd147,CK5 SVD-147,nearest_centroid,77,3,52,0.2916666666666667,0.28611111111111115,within_genus_species,Burkholderia,100,clean,label
ck5_svd147,CK5 SVD-147,logistic,77,3,52,0.2916666666666667,0.2815452091767881,within_genus_species,Burkholderia,100,clean,label
ck5_svd222,CK5 SVD-222,nearest_centroid,77,3,52,0.2916666666666667,0.28611111111111115,within_genus_species,Burkholderia,100,clean,label
ck5_svd222,CK5 SVD-222,logistic,77,3,52,0.2916666666666667,0.2815452091767881,within_genus_species,Burkholderia,100,clean,label
ck7_pca147,CK7 PCA-147,nearest_centroid,77,3,52,0.4583333333333333,0.4259259259259259,within_genus_species,Burkholderia,100,clean,label
ck7_pca147,CK7 PCA-147,logistic,77,3,52,0.5,0.4962962962962963,within_genus_species,Burkholderia,100,clean,label
ck7_pca222,CK7 PCA-222,nearest_centroid,77,3,52,0.4583333333333333,0.4259259259259259,within_genus_species,Burkholderia,100,clean,label
ck7_pca222,CK7 PCA-222,logistic,77,3,52,0.5,0.4962962962962963,within_genus_species,Burkholderia,100,clean,label
ck7_svd147,CK7 SVD-147,nearest_centroid,77,3,52,0.375,0.35956558061821225,within_genus_species,Burkholderia,100,clean,label
ck7_svd147,CK7 SVD-147,logistic,77,3,52,0.375,0.35873015873015873,within_genus_species,Burkholderia,100,clean,label
ck7_svd222,CK7 SVD-222,nearest_centroid,77,3,52,0.375,0.35956558061821225,within_genus_species,Burkholderia,100,clean,label
ck7_svd222,CK7 SVD-222,logistic,77,3,52,0.375,0.35873015873015873,within_genus_species,Burkholderia,100,clean,label
ck4,CK4,nearest_centroid,67,2,136,0.5714285714285714,0.4457478005865103,target_background,Burkholderia,100,clean,target_binary
ck4,CK4,logistic,67,2,136,0.6190476190476191,0.475,target_background,Burkholderia,100,clean,target_binary
ck4_p,CK4+P,nearest_centroid,67,2,147,0.5714285714285714,0.4457478005865103,target_background,Burkholderia,100,clean,target_binary
ck4_p,CK4+P,logistic,67,2,147,0.5714285714285714,0.4457478005865103,target_background,Burkholderia,100,clean,target_binary
ck4p_msp,CK4P-MSP,nearest_centroid,67,2,222,0.5714285714285714,0.4457478005865103,target_background,Burkholderia,100,clean,target_binary
ck4p_msp,CK4P-MSP,logistic,67,2,222,0.5238095238095238,0.4642857142857143,target_background,Burkholderia,100,clean,target_binary
ckmer5_count_l2,CK5,nearest_centroid,67,2,468,0.5238095238095238,0.34375,target_background,Burkholderia,100,clean,target_binary
ckmer5_count_l2,CK5,logistic,67,2,468,0.7619047619047619,0.7214854111405835,target_background,Burkholderia,100,clean,target_binary
ck5_pca147,CK5 PCA-147,nearest_centroid,67,2,45,0.6190476190476191,0.5333333333333333,target_background,Burkholderia,100,clean,target_binary
ck5_pca147,CK5 PCA-147,logistic,67,2,45,0.6666666666666666,0.5689149560117301,target_background,Burkholderia,100,clean,target_binary
ck5_pca222,CK5 PCA-222,nearest_centroid,67,2,45,0.6190476190476191,0.5333333333333333,target_background,Burkholderia,100,clean,target_binary
ck5_pca222,CK5 PCA-222,logistic,67,2,45,0.6666666666666666,0.5689149560117301,target_background,Burkholderia,100,clean,target_binary
ck5_svd147,CK5 SVD-147,nearest_centroid,67,2,45,0.6190476190476191,0.5333333333333333,target_background,Burkholderia,100,clean,target_binary
ck5_svd147,CK5 SVD-147,logistic,67,2,45,0.6666666666666666,0.5689149560117301,target_background,Burkholderia,100,clean,target_binary
ck5_svd222,CK5 SVD-222,nearest_centroid,67,2,45,0.6190476190476191,0.5333333333333333,target_background,Burkholderia,100,clean,target_binary
ck5_svd222,CK5 SVD-222,logistic,67,2,45,0.6666666666666666,0.5689149560117301,target_background,Burkholderia,100,clean,target_binary
ck7_pca147,CK7 PCA-147,nearest_centroid,67,2,45,0.38095238095238093,0.37528604118993136,target_background,Burkholderia,100,clean,target_binary
ck7_pca147,CK7 PCA-147,logistic,67,2,45,0.5714285714285714,0.5333333333333333,target_background,Burkholderia,100,clean,target_binary
ck7_pca222,CK7 PCA-222,nearest_centroid,67,2,45,0.38095238095238093,0.37528604118993136,target_background,Burkholderia,100,clean,target_binary
ck7_pca222,CK7 PCA-222,logistic,67,2,45,0.5714285714285714,0.5333333333333333,target_background,Burkholderia,100,clean,target_binary
ck7_svd147,CK7 SVD-147,nearest_centroid,67,2,45,0.5238095238095238,0.4951923076923077,target_background,Burkholderia,100,clean,target_binary
ck7_svd147,CK7 SVD-147,logistic,67,2,45,0.7142857142857143,0.65,target_background,Burkholderia,100,clean,target_binary
ck7_svd222,CK7 SVD-222,nearest_centroid,67,2,45,0.5238095238095238,0.4951923076923077,target_background,Burkholderia,100,clean,target_binary
ck7_svd222,CK7 SVD-222,logistic,67,2,45,0.7142857142857143,0.65,target_background,Burkholderia,100,clean,target_binary
ck4,CK4,nearest_centroid,119,4,136,0.3055555555555556,0.3060262148337596,within_genus_species,Candida,100,clean,label
ck4,CK4,logistic,119,4,136,0.3888888888888889,0.3939560439560439,within_genus_species,Candida,100,clean,label
ck4_p,CK4+P,nearest_centroid,119,4,147,0.3055555555555556,0.3060262148337596,within_genus_species,Candida,100,clean,label
ck4_p,CK4+P,logistic,119,4,147,0.4444444444444444,0.45050125313283207,within_genus_species,Candida,100,clean,label
ck4p_msp,CK4P-MSP,nearest_centroid,119,4,222,0.3333333333333333,0.3409526854219949,within_genus_species,Candida,100,clean,label
ck4p_msp,CK4P-MSP,logistic,119,4,222,0.4166666666666667,0.40800865800865804,within_genus_species,Candida,100,clean,label
ckmer5_count_l2,CK5,nearest_centroid,119,4,512,0.3888888888888889,0.40948525159051474,within_genus_species,Candida,100,clean,label
ckmer5_count_l2,CK5,logistic,119,4,512,0.16666666666666666,0.18850267379679145,within_genus_species,Candida,100,clean,label
ck5_pca147,CK5 PCA-147,nearest_centroid,119,4,82,0.3611111111111111,0.3817460317460317,within_genus_species,Candida,100,clean,label
ck5_pca147,CK5 PCA-147,logistic,119,4,82,0.2777777777777778,0.2717086834733894,within_genus_species,Candida,100,clean,label
ck5_pca222,CK5 PCA-222,nearest_centroid,119,4,82,0.3611111111111111,0.3817460317460317,within_genus_species,Candida,100,clean,label
ck5_pca222,CK5 PCA-222,logistic,119,4,82,0.2777777777777778,0.2717086834733894,within_genus_species,Candida,100,clean,label
ck5_svd147,CK5 SVD-147,nearest_centroid,119,4,82,0.3333333333333333,0.36257631257631256,within_genus_species,Candida,100,clean,label
ck5_svd147,CK5 SVD-147,logistic,119,4,82,0.3055555555555556,0.30974967061923586,within_genus_species,Candida,100,clean,label
ck5_svd222,CK5 SVD-222,nearest_centroid,119,4,82,0.3333333333333333,0.36257631257631256,within_genus_species,Candida,100,clean,label
ck5_svd222,CK5 SVD-222,logistic,119,4,82,0.3055555555555556,0.30974967061923586,within_genus_species,Candida,100,clean,label
ck7_pca147,CK7 PCA-147,nearest_centroid,119,4,82,0.3888888888888889,0.41520467836257313,within_genus_species,Candida,100,clean,label
ck7_pca147,CK7 PCA-147,logistic,119,4,82,0.3888888888888889,0.39228896103896105,within_genus_species,Candida,100,clean,label
ck7_pca222,CK7 PCA-222,nearest_centroid,119,4,82,0.3888888888888889,0.41520467836257313,within_genus_species,Candida,100,clean,label
ck7_pca222,CK7 PCA-222,logistic,119,4,82,0.3888888888888889,0.39228896103896105,within_genus_species,Candida,100,clean,label
ck7_svd147,CK7 SVD-147,nearest_centroid,119,4,82,0.3611111111111111,0.3839826839826839,within_genus_species,Candida,100,clean,label
ck7_svd147,CK7 SVD-147,logistic,119,4,82,0.3055555555555556,0.23620689655172414,within_genus_species,Candida,100,clean,label
ck7_svd222,CK7 SVD-222,nearest_centroid,119,4,82,0.3611111111111111,0.3839826839826839,within_genus_species,Candida,100,clean,label
ck7_svd222,CK7 SVD-222,logistic,119,4,82,0.3055555555555556,0.23620689655172414,within_genus_species,Candida,100,clean,label
ck4,CK4,nearest_centroid,69,2,136,0.42857142857142855,0.41666666666666663,target_background,Candida,100,clean,target_binary
ck4,CK4,logistic,69,2,136,0.5714285714285714,0.5714285714285714,target_background,Candida,100,clean,target_binary
ck4_p,CK4+P,nearest_centroid,69,2,147,0.42857142857142855,0.41666666666666663,target_background,Candida,100,clean,target_binary
ck4_p,CK4+P,logistic,69,2,147,0.5714285714285714,0.5714285714285714,target_background,Candida,100,clean,target_binary
ck4p_msp,CK4P-MSP,nearest_centroid,69,2,222,0.42857142857142855,0.41666666666666663,target_background,Candida,100,clean,target_binary
ck4p_msp,CK4P-MSP,logistic,69,2,222,0.47619047619047616,0.47139588100686497,target_background,Candida,100,clean,target_binary
ckmer5_count_l2,CK5,nearest_centroid,69,2,503,0.42857142857142855,0.41666666666666663,target_background,Candida,100,clean,target_binary
ckmer5_count_l2,CK5,logistic,69,2,503,0.5714285714285714,0.5552941176470588,target_background,Candida,100,clean,target_binary
ck5_pca147,CK5 PCA-147,nearest_centroid,69,2,47,0.38095238095238093,0.37528604118993136,target_background,Candida,100,clean,target_binary
ck5_pca147,CK5 PCA-147,logistic,69,2,47,0.38095238095238093,0.37528604118993136,target_background,Candida,100,clean,target_binary
ck5_pca222,CK5 PCA-222,nearest_centroid,69,2,47,0.38095238095238093,0.37528604118993136,target_background,Candida,100,clean,target_binary
ck5_pca222,CK5 PCA-222,logistic,69,2,47,0.38095238095238093,0.37528604118993136,target_background,Candida,100,clean,target_binary
ck5_svd147,CK5 SVD-147,nearest_centroid,69,2,47,0.38095238095238093,0.37528604118993136,target_background,Candida,100,clean,target_binary
ck5_svd147,CK5 SVD-147,logistic,69,2,47,0.38095238095238093,0.37528604118993136,target_background,Candida,100,clean,target_binary
ck5_svd222,CK5 SVD-222,nearest_centroid,69,2,47,0.38095238095238093,0.37528604118993136,target_background,Candida,100,clean,target_binary
ck5_svd222,CK5 SVD-222,logistic,69,2,47,0.38095238095238093,0.37528604118993136,target_background,Candida,100,clean,target_binary
ck7_pca147,CK7 PCA-147,nearest_centroid,69,2,47,0.3333333333333333,0.3194444444444444,target_background,Candida,100,clean,target_binary
ck7_pca147,CK7 PCA-147,logistic,69,2,47,0.2857142857142857,0.2791762013729977,target_background,Candida,100,clean,target_binary
ck7_pca222,CK7 PCA-222,nearest_centroid,69,2,47,0.3333333333333333,0.3194444444444444,target_background,Candida,100,clean,target_binary
ck7_pca222,CK7 PCA-222,logistic,69,2,47,0.2857142857142857,0.2791762013729977,target_background,Candida,100,clean,target_binary
ck7_svd147,CK7 SVD-147,nearest_centroid,69,2,47,0.2857142857142857,0.2791762013729977,target_background,Candida,100,clean,target_binary
ck7_svd147,CK7 SVD-147,logistic,69,2,47,0.2857142857142857,0.2791762013729977,target_background,Candida,100,clean,target_binary
ck7_svd222,CK7 SVD-222,nearest_centroid,69,2,47,0.2857142857142857,0.2791762013729977,target_background,Candida,100,clean,target_binary
ck7_svd222,CK7 SVD-222,logistic,69,2,47,0.2857142857142857,0.2791762013729977,target_background,Candida,100,clean,target_binary
ck4,CK4,nearest_centroid,138,5,136,0.19047619047619047,0.1651336898395722,within_genus_species,Enterobacter,100,clean,label
ck4,CK4,logistic,138,5,136,0.19047619047619047,0.1854341736694678,within_genus_species,Enterobacter,100,clean,label
ck4_p,CK4+P,nearest_centroid,138,5,147,0.19047619047619047,0.1651336898395722,within_genus_species,Enterobacter,100,clean,label
ck4_p,CK4+P,logistic,138,5,147,0.19047619047619047,0.18837789661319074,within_genus_species,Enterobacter,100,clean,label
ck4p_msp,CK4P-MSP,nearest_centroid,138,5,222,0.19047619047619047,0.1677310924369748,within_genus_species,Enterobacter,100,clean,label
ck4p_msp,CK4P-MSP,logistic,138,5,222,0.16666666666666666,0.15629695382017364,within_genus_species,Enterobacter,100,clean,label
ckmer5_count_l2,CK5,nearest_centroid,138,5,511,0.2857142857142857,0.2637835848362164,within_genus_species,Enterobacter,100,clean,label
ckmer5_count_l2,CK5,logistic,138,5,511,0.21428571428571427,0.1736231884057971,within_genus_species,Enterobacter,100,clean,label
ck5_pca147,CK5 PCA-147,nearest_centroid,138,5,95,0.2857142857142857,0.2687719298245614,within_genus_species,Enterobacter,100,clean,label
ck5_pca147,CK5 PCA-147,logistic,138,5,95,0.21428571428571427,0.1912215320910973,within_genus_species,Enterobacter,100,clean,label
ck5_pca222,CK5 PCA-222,nearest_centroid,138,5,95,0.2857142857142857,0.2687719298245614,within_genus_species,Enterobacter,100,clean,label
ck5_pca222,CK5 PCA-222,logistic,138,5,95,0.21428571428571427,0.1912215320910973,within_genus_species,Enterobacter,100,clean,label
ck5_svd147,CK5 SVD-147,nearest_centroid,138,5,95,0.2619047619047619,0.22752183877503568,within_genus_species,Enterobacter,100,clean,label
ck5_svd147,CK5 SVD-147,logistic,138,5,95,0.23809523809523808,0.2095238095238095,within_genus_species,Enterobacter,100,clean,label
ck5_svd222,CK5 SVD-222,nearest_centroid,138,5,95,0.2619047619047619,0.22752183877503568,within_genus_species,Enterobacter,100,clean,label
ck5_svd222,CK5 SVD-222,logistic,138,5,95,0.23809523809523808,0.2095238095238095,within_genus_species,Enterobacter,100,clean,label
ck7_pca147,CK7 PCA-147,nearest_centroid,138,5,95,0.09523809523809523,0.07552941176470589,within_genus_species,Enterobacter,100,clean,label
ck7_pca147,CK7 PCA-147,logistic,138,5,95,0.11904761904761904,0.09515789473684211,within_genus_species,Enterobacter,100,clean,label
ck7_pca222,CK7 PCA-222,nearest_centroid,138,5,95,0.09523809523809523,0.07552941176470589,within_genus_species,Enterobacter,100,clean,label
ck7_pca222,CK7 PCA-222,logistic,138,5,95,0.11904761904761904,0.09515789473684211,within_genus_species,Enterobacter,100,clean,label
ck7_svd147,CK7 SVD-147,nearest_centroid,138,5,95,0.11904761904761904,0.085,within_genus_species,Enterobacter,100,clean,label
ck7_svd147,CK7 SVD-147,logistic,138,5,95,0.11904761904761904,0.07809523809523809,within_genus_species,Enterobacter,100,clean,label
ck7_svd222,CK7 SVD-222,nearest_centroid,138,5,95,0.11904761904761904,0.085,within_genus_species,Enterobacter,100,clean,label
ck7_svd222,CK7 SVD-222,logistic,138,5,95,0.11904761904761904,0.07809523809523809,within_genus_species,Enterobacter,100,clean,label
ck4,CK4,nearest_centroid,69,2,136,0.5714285714285714,0.5333333333333333,target_background,Enterobacter,100,clean,target_binary
ck4,CK4,logistic,69,2,136,0.47619047619047616,0.38726790450928383,target_background,Enterobacter,100,clean,target_binary
ck4_p,CK4+P,nearest_centroid,69,2,147,0.5714285714285714,0.5333333333333333,target_background,Enterobacter,100,clean,target_binary
ck4_p,CK4+P,logistic,69,2,147,0.5238095238095238,0.4642857142857143,target_background,Enterobacter,100,clean,target_binary
ck4p_msp,CK4P-MSP,nearest_centroid,69,2,222,0.5714285714285714,0.5333333333333333,target_background,Enterobacter,100,clean,target_binary
ck4p_msp,CK4P-MSP,logistic,69,2,222,0.47619047619047616,0.4296296296296296,target_background,Enterobacter,100,clean,target_binary
ckmer5_count_l2,CK5,nearest_centroid,69,2,509,0.5714285714285714,0.5333333333333333,target_background,Enterobacter,100,clean,target_binary
ckmer5_count_l2,CK5,logistic,69,2,509,0.47619047619047616,0.4296296296296296,target_background,Enterobacter,100,clean,target_binary
ck5_pca147,CK5 PCA-147,nearest_centroid,69,2,47,0.6190476190476191,0.6111111111111112,target_background,Enterobacter,100,clean,target_binary
ck5_pca147,CK5 PCA-147,logistic,69,2,47,0.42857142857142855,0.3942307692307692,target_background,Enterobacter,100,clean,target_binary
ck5_pca222,CK5 PCA-222,nearest_centroid,69,2,47,0.6190476190476191,0.6111111111111112,target_background,Enterobacter,100,clean,target_binary
ck5_pca222,CK5 PCA-222,logistic,69,2,47,0.42857142857142855,0.3942307692307692,target_background,Enterobacter,100,clean,target_binary
ck5_svd147,CK5 SVD-147,nearest_centroid,69,2,47,0.6190476190476191,0.6111111111111112,target_background,Enterobacter,100,clean,target_binary
ck5_svd147,CK5 SVD-147,logistic,69,2,47,0.42857142857142855,0.3942307692307692,target_background,Enterobacter,100,clean,target_binary
ck5_svd222,CK5 SVD-222,nearest_centroid,69,2,47,0.6190476190476191,0.6111111111111112,target_background,Enterobacter,100,clean,target_binary
ck5_svd222,CK5 SVD-222,logistic,69,2,47,0.42857142857142855,0.3942307692307692,target_background,Enterobacter,100,clean,target_binary
ck7_pca147,CK7 PCA-147,nearest_centroid,69,2,47,0.47619047619047616,0.4564705882352942,target_background,Enterobacter,100,clean,target_binary
ck7_pca147,CK7 PCA-147,logistic,69,2,47,0.5714285714285714,0.5333333333333333,target_background,Enterobacter,100,clean,target_binary
ck7_pca222,CK7 PCA-222,nearest_centroid,69,2,47,0.47619047619047616,0.4564705882352942,target_background,Enterobacter,100,clean,target_binary
ck7_pca222,CK7 PCA-222,logistic,69,2,47,0.5714285714285714,0.5333333333333333,target_background,Enterobacter,100,clean,target_binary
ck7_svd147,CK7 SVD-147,nearest_centroid,69,2,47,0.47619047619047616,0.4564705882352942,target_background,Enterobacter,100,clean,target_binary
ck7_svd147,CK7 SVD-147,logistic,69,2,47,0.5238095238095238,0.4951923076923077,target_background,Enterobacter,100,clean,target_binary
ck7_svd222,CK7 SVD-222,nearest_centroid,69,2,47,0.47619047619047616,0.4564705882352942,target_background,Enterobacter,100,clean,target_binary
ck7_svd222,CK7 SVD-222,logistic,69,2,47,0.5238095238095238,0.4951923076923077,target_background,Enterobacter,100,clean,target_binary
ck4,CK4,nearest_centroid,69,2,136,0.47619047619047616,0.4564705882352942,within_genus_species,Escherichia,100,clean,label
ck4,CK4,logistic,69,2,136,0.5714285714285714,0.5714285714285714,within_genus_species,Escherichia,100,clean,label
ck4_p,CK4+P,nearest_centroid,69,2,147,0.47619047619047616,0.4564705882352942,within_genus_species,Escherichia,100,clean,label
ck4_p,CK4+P,logistic,69,2,147,0.5714285714285714,0.5714285714285714,within_genus_species,Escherichia,100,clean,label
ck4p_msp,CK4P-MSP,nearest_centroid,69,2,222,0.47619047619047616,0.4564705882352942,within_genus_species,Escherichia,100,clean,label
ck4p_msp,CK4P-MSP,logistic,69,2,222,0.6666666666666666,0.6666666666666666,within_genus_species,Escherichia,100,clean,label
ckmer5_count_l2,CK5,nearest_centroid,69,2,510,0.47619047619047616,0.4564705882352942,within_genus_species,Escherichia,100,clean,label
ckmer5_count_l2,CK5,logistic,69,2,510,0.6666666666666666,0.6541176470588235,within_genus_species,Escherichia,100,clean,label
ck5_pca147,CK5 PCA-147,nearest_centroid,69,2,47,0.47619047619047616,0.4564705882352942,within_genus_species,Escherichia,100,clean,label
ck5_pca147,CK5 PCA-147,logistic,69,2,47,0.5714285714285714,0.5552941176470588,within_genus_species,Escherichia,100,clean,label
ck5_pca222,CK5 PCA-222,nearest_centroid,69,2,47,0.47619047619047616,0.4564705882352942,within_genus_species,Escherichia,100,clean,label
ck5_pca222,CK5 PCA-222,logistic,69,2,47,0.5714285714285714,0.5552941176470588,within_genus_species,Escherichia,100,clean,label
ck5_svd147,CK5 SVD-147,nearest_centroid,69,2,47,0.47619047619047616,0.4564705882352942,within_genus_species,Escherichia,100,clean,label
ck5_svd147,CK5 SVD-147,logistic,69,2,47,0.47619047619047616,0.3225806451612903,within_genus_species,Escherichia,100,clean,label
ck5_svd222,CK5 SVD-222,nearest_centroid,69,2,47,0.47619047619047616,0.4564705882352942,within_genus_species,Escherichia,100,clean,label
ck5_svd222,CK5 SVD-222,logistic,69,2,47,0.47619047619047616,0.3225806451612903,within_genus_species,Escherichia,100,clean,label
ck7_pca147,CK7 PCA-147,nearest_centroid,69,2,47,0.47619047619047616,0.47139588100686497,within_genus_species,Escherichia,100,clean,label
ck7_pca147,CK7 PCA-147,logistic,69,2,47,0.42857142857142855,0.42727272727272725,within_genus_species,Escherichia,100,clean,label
ck7_pca222,CK7 PCA-222,nearest_centroid,69,2,47,0.47619047619047616,0.47139588100686497,within_genus_species,Escherichia,100,clean,label
ck7_pca222,CK7 PCA-222,logistic,69,2,47,0.42857142857142855,0.42727272727272725,within_genus_species,Escherichia,100,clean,label
ck7_svd147,CK7 SVD-147,nearest_centroid,69,2,47,0.47619047619047616,0.47139588100686497,within_genus_species,Escherichia,100,clean,label
ck7_svd147,CK7 SVD-147,logistic,69,2,47,0.5714285714285714,0.5333333333333333,within_genus_species,Escherichia,100,clean,label
ck7_svd222,CK7 SVD-222,nearest_centroid,69,2,47,0.47619047619047616,0.47139588100686497,within_genus_species,Escherichia,100,clean,label
ck7_svd222,CK7 SVD-222,logistic,69,2,47,0.5714285714285714,0.5333333333333333,within_genus_species,Escherichia,100,clean,label
ck4,CK4,nearest_centroid,69,2,136,0.47619047619047616,0.4564705882352942,target_background,Escherichia,100,clean,target_binary
ck4,CK4,logistic,69,2,136,0.5714285714285714,0.5714285714285714,target_background,Escherichia,100,clean,target_binary
ck4_p,CK4+P,nearest_centroid,69,2,147,0.47619047619047616,0.4564705882352942,target_background,Escherichia,100,clean,target_binary
ck4_p,CK4+P,logistic,69,2,147,0.5714285714285714,0.5714285714285714,target_background,Escherichia,100,clean,target_binary
ck4p_msp,CK4P-MSP,nearest_centroid,69,2,222,0.47619047619047616,0.4564705882352942,target_background,Escherichia,100,clean,target_binary
ck4p_msp,CK4P-MSP,logistic,69,2,222,0.6666666666666666,0.6666666666666666,target_background,Escherichia,100,clean,target_binary
ckmer5_count_l2,CK5,nearest_centroid,69,2,510,0.47619047619047616,0.4564705882352942,target_background,Escherichia,100,clean,target_binary
ckmer5_count_l2,CK5,logistic,69,2,510,0.6666666666666666,0.6541176470588235,target_background,Escherichia,100,clean,target_binary
ck5_pca147,CK5 PCA-147,nearest_centroid,69,2,47,0.47619047619047616,0.4564705882352942,target_background,Escherichia,100,clean,target_binary
ck5_pca147,CK5 PCA-147,logistic,69,2,47,0.5714285714285714,0.5552941176470588,target_background,Escherichia,100,clean,target_binary
ck5_pca222,CK5 PCA-222,nearest_centroid,69,2,47,0.47619047619047616,0.4564705882352942,target_background,Escherichia,100,clean,target_binary
ck5_pca222,CK5 PCA-222,logistic,69,2,47,0.5714285714285714,0.5552941176470588,target_background,Escherichia,100,clean,target_binary
ck5_svd147,CK5 SVD-147,nearest_centroid,69,2,47,0.47619047619047616,0.4564705882352942,target_background,Escherichia,100,clean,target_binary
ck5_svd147,CK5 SVD-147,logistic,69,2,47,0.47619047619047616,0.3225806451612903,target_background,Escherichia,100,clean,target_binary
ck5_svd222,CK5 SVD-222,nearest_centroid,69,2,47,0.47619047619047616,0.4564705882352942,target_background,Escherichia,100,clean,target_binary
ck5_svd222,CK5 SVD-222,logistic,69,2,47,0.47619047619047616,0.3225806451612903,target_background,Escherichia,100,clean,target_binary
ck7_pca147,CK7 PCA-147,nearest_centroid,69,2,47,0.47619047619047616,0.47139588100686497,target_background,Escherichia,100,clean,target_binary
ck7_pca147,CK7 PCA-147,logistic,69,2,47,0.42857142857142855,0.42727272727272725,target_background,Escherichia,100,clean,target_binary
ck7_pca222,CK7 PCA-222,nearest_centroid,69,2,47,0.47619047619047616,0.47139588100686497,target_background,Escherichia,100,clean,target_binary
ck7_pca222,CK7 PCA-222,logistic,69,2,47,0.42857142857142855,0.42727272727272725,target_background,Escherichia,100,clean,target_binary
ck7_svd147,CK7 SVD-147,nearest_centroid,69,2,47,0.47619047619047616,0.47139588100686497,target_background,Escherichia,100,clean,target_binary
ck7_svd147,CK7 SVD-147,logistic,69,2,47,0.5714285714285714,0.5333333333333333,target_background,Escherichia,100,clean,target_binary
ck7_svd222,CK7 SVD-222,nearest_centroid,69,2,47,0.47619047619047616,0.47139588100686497,target_background,Escherichia,100,clean,target_binary
ck7_svd222,CK7 SVD-222,logistic,69,2,47,0.5714285714285714,0.5333333333333333,target_background,Escherichia,100,clean,target_binary
ck4,CK4,nearest_centroid,74,3,136,0.34782608695652173,0.345211161387632,within_genus_species,Klebsiella,100,clean,label
ck4,CK4,logistic,74,3,136,0.34782608695652173,0.34276018099547506,within_genus_species,Klebsiella,100,clean,label
ck4_p,CK4+P,nearest_centroid,74,3,147,0.34782608695652173,0.345211161387632,within_genus_species,Klebsiella,100,clean,label
ck4_p,CK4+P,logistic,74,3,147,0.34782608695652173,0.34276018099547506,within_genus_species,Klebsiella,100,clean,label
ck4p_msp,CK4P-MSP,nearest_centroid,74,3,222,0.34782608695652173,0.345211161387632,within_genus_species,Klebsiella,100,clean,label
ck4p_msp,CK4P-MSP,logistic,74,3,222,0.2608695652173913,0.252262443438914,within_genus_species,Klebsiella,100,clean,label
ckmer5_count_l2,CK5,nearest_centroid,74,3,509,0.34782608695652173,0.3198830409356725,within_genus_species,Klebsiella,100,clean,label
ckmer5_count_l2,CK5,logistic,74,3,509,0.43478260869565216,0.4246498599439776,within_genus_species,Klebsiella,100,clean,label
ck5_pca147,CK5 PCA-147,nearest_centroid,74,3,50,0.34782608695652173,0.3198830409356725,within_genus_species,Klebsiella,100,clean,label
ck5_pca147,CK5 PCA-147,logistic,74,3,50,0.391304347826087,0.38690476190476186,within_genus_species,Klebsiella,100,clean,label
ck5_pca222,CK5 PCA-222,nearest_centroid,74,3,50,0.34782608695652173,0.3198830409356725,within_genus_species,Klebsiella,100,clean,label
ck5_pca222,CK5 PCA-222,logistic,74,3,50,0.391304347826087,0.38690476190476186,within_genus_species,Klebsiella,100,clean,label
ck5_svd147,CK5 SVD-147,nearest_centroid,74,3,50,0.34782608695652173,0.3253561253561254,within_genus_species,Klebsiella,100,clean,label
ck5_svd147,CK5 SVD-147,logistic,74,3,50,0.34782608695652173,0.34920634920634924,within_genus_species,Klebsiella,100,clean,label
ck5_svd222,CK5 SVD-222,nearest_centroid,74,3,50,0.34782608695652173,0.3253561253561254,within_genus_species,Klebsiella,100,clean,label
ck5_svd222,CK5 SVD-222,logistic,74,3,50,0.34782608695652173,0.34920634920634924,within_genus_species,Klebsiella,100,clean,label
ck7_pca147,CK7 PCA-147,nearest_centroid,74,3,50,0.34782608695652173,0.33276353276353277,within_genus_species,Klebsiella,100,clean,label
ck7_pca147,CK7 PCA-147,logistic,74,3,50,0.34782608695652173,0.3331447963800905,within_genus_species,Klebsiella,100,clean,label
ck7_pca222,CK7 PCA-222,nearest_centroid,74,3,50,0.34782608695652173,0.33276353276353277,within_genus_species,Klebsiella,100,clean,label
ck7_pca222,CK7 PCA-222,logistic,74,3,50,0.34782608695652173,0.3331447963800905,within_genus_species,Klebsiella,100,clean,label
ck7_svd147,CK7 SVD-147,nearest_centroid,74,3,50,0.34782608695652173,0.3331447963800905,within_genus_species,Klebsiella,100,clean,label
ck7_svd147,CK7 SVD-147,logistic,74,3,50,0.34782608695652173,0.33276353276353277,within_genus_species,Klebsiella,100,clean,label
ck7_svd222,CK7 SVD-222,nearest_centroid,74,3,50,0.34782608695652173,0.3331447963800905,within_genus_species,Klebsiella,100,clean,label
ck7_svd222,CK7 SVD-222,logistic,74,3,50,0.34782608695652173,0.33276353276353277,within_genus_species,Klebsiella,100,clean,label
ck4,CK4,nearest_centroid,66,2,136,0.45,0.4373401534526854,target_background,Klebsiella,100,clean,target_binary
ck4,CK4,logistic,66,2,136,0.5,0.4791666666666667,target_background,Klebsiella,100,clean,target_binary
ck4_p,CK4+P,nearest_centroid,66,2,147,0.45,0.4373401534526854,target_background,Klebsiella,100,clean,target_binary
ck4_p,CK4+P,logistic,66,2,147,0.55,0.52,target_background,Klebsiella,100,clean,target_binary
ck4p_msp,CK4P-MSP,nearest_centroid,66,2,222,0.45,0.4373401534526854,target_background,Klebsiella,100,clean,target_binary
ck4p_msp,CK4P-MSP,logistic,66,2,222,0.4,0.34065934065934067,target_background,Klebsiella,100,clean,target_binary
ckmer5_count_l2,CK5,nearest_centroid,66,2,509,0.55,0.5396419437340154,target_background,Klebsiella,100,clean,target_binary
ckmer5_count_l2,CK5,logistic,66,2,509,0.55,0.52,target_background,Klebsiella,100,clean,target_binary
ck5_pca147,CK5 PCA-147,nearest_centroid,66,2,45,0.55,0.5488721804511278,target_background,Klebsiella,100,clean,target_binary
ck5_pca147,CK5 PCA-147,logistic,66,2,45,0.65,0.6419437340153453,target_background,Klebsiella,100,clean,target_binary
ck5_pca222,CK5 PCA-222,nearest_centroid,66,2,45,0.55,0.5488721804511278,target_background,Klebsiella,100,clean,target_binary
ck5_pca222,CK5 PCA-222,logistic,66,2,45,0.65,0.6419437340153453,target_background,Klebsiella,100,clean,target_binary
ck5_svd147,CK5 SVD-147,nearest_centroid,66,2,45,0.55,0.5488721804511278,target_background,Klebsiella,100,clean,target_binary
ck5_svd147,CK5 SVD-147,logistic,66,2,45,0.55,0.5488721804511278,target_background,Klebsiella,100,clean,target_binary
ck5_svd222,CK5 SVD-222,nearest_centroid,66,2,45,0.55,0.5488721804511278,target_background,Klebsiella,100,clean,target_binary
ck5_svd222,CK5 SVD-222,logistic,66,2,45,0.55,0.5488721804511278,target_background,Klebsiella,100,clean,target_binary
ck7_pca147,CK7 PCA-147,nearest_centroid,66,2,45,0.6,0.595959595959596,target_background,Klebsiella,100,clean,target_binary
ck7_pca147,CK7 PCA-147,logistic,66,2,45,0.7,0.6875,target_background,Klebsiella,100,clean,target_binary
ck7_pca222,CK7 PCA-222,nearest_centroid,66,2,45,0.6,0.595959595959596,target_background,Klebsiella,100,clean,target_binary
ck7_pca222,CK7 PCA-222,logistic,66,2,45,0.7,0.6875,target_background,Klebsiella,100,clean,target_binary
ck7_svd147,CK7 SVD-147,nearest_centroid,66,2,45,0.6,0.595959595959596,target_background,Klebsiella,100,clean,target_binary
ck7_svd147,CK7 SVD-147,logistic,66,2,45,0.5,0.4949494949494949,target_background,Klebsiella,100,clean,target_binary
ck7_svd222,CK7 SVD-222,nearest_centroid,66,2,45,0.6,0.595959595959596,target_background,Klebsiella,100,clean,target_binary
ck7_svd222,CK7 SVD-222,logistic,66,2,45,0.5,0.4949494949494949,target_background,Klebsiella,100,clean,target_binary
ck4,CK4,nearest_centroid,123,4,136,0.35135135135135137,0.3159090909090909,within_genus_species,Acinetobacter,100,substitution_1pct,label
ck4,CK4,logistic,123,4,136,0.32432432432432434,0.3023809523809524,within_genus_species,Acinetobacter,100,substitution_1pct,label
ck4_p,CK4+P,nearest_centroid,123,4,147,0.35135135135135137,0.3159090909090909,within_genus_species,Acinetobacter,100,substitution_1pct,label
ck4_p,CK4+P,logistic,123,4,147,0.32432432432432434,0.3031135531135531,within_genus_species,Acinetobacter,100,substitution_1pct,label
ck4p_msp,CK4P-MSP,nearest_centroid,123,4,222,0.32432432432432434,0.28733766233766234,within_genus_species,Acinetobacter,100,substitution_1pct,label
ck4p_msp,CK4P-MSP,logistic,123,4,222,0.2972972972972973,0.2857142857142857,within_genus_species,Acinetobacter,100,substitution_1pct,label
ckmer5_count_l2,CK5,nearest_centroid,123,4,512,0.40540540540540543,0.37529454241410765,within_genus_species,Acinetobacter,100,substitution_1pct,label
ckmer5_count_l2,CK5,logistic,123,4,512,0.35135135135135137,0.32628105590062106,within_genus_species,Acinetobacter,100,substitution_1pct,label
ck5_pca147,CK5 PCA-147,nearest_centroid,123,4,85,0.43243243243243246,0.41666666666666663,within_genus_species,Acinetobacter,100,substitution_1pct,label
ck5_pca147,CK5 PCA-147,logistic,123,4,85,0.40540540540540543,0.37499479925109214,within_genus_species,Acinetobacter,100,substitution_1pct,label
ck5_pca222,CK5 PCA-222,nearest_centroid,123,4,85,0.43243243243243246,0.41666666666666663,within_genus_species,Acinetobacter,100,substitution_1pct,label
ck5_pca222,CK5 PCA-222,logistic,123,4,85,0.40540540540540543,0.37499479925109214,within_genus_species,Acinetobacter,100,substitution_1pct,label
ck5_svd147,CK5 SVD-147,nearest_centroid,123,4,85,0.43243243243243246,0.41666666666666663,within_genus_species,Acinetobacter,100,substitution_1pct,label
ck5_svd147,CK5 SVD-147,logistic,123,4,85,0.40540540540540543,0.39999999999999997,within_genus_species,Acinetobacter,100,substitution_1pct,label
ck5_svd222,CK5 SVD-222,nearest_centroid,123,4,85,0.43243243243243246,0.41666666666666663,within_genus_species,Acinetobacter,100,substitution_1pct,label
ck5_svd222,CK5 SVD-222,logistic,123,4,85,0.40540540540540543,0.39999999999999997,within_genus_species,Acinetobacter,100,substitution_1pct,label
ck7_pca147,CK7 PCA-147,nearest_centroid,123,4,85,0.40540540540540543,0.4071436875145315,within_genus_species,Acinetobacter,100,substitution_1pct,label
ck7_pca147,CK7 PCA-147,logistic,123,4,85,0.3783783783783784,0.39053579270970573,within_genus_species,Acinetobacter,100,substitution_1pct,label
ck7_pca222,CK7 PCA-222,nearest_centroid,123,4,85,0.40540540540540543,0.4071436875145315,within_genus_species,Acinetobacter,100,substitution_1pct,label
ck7_pca222,CK7 PCA-222,logistic,123,4,85,0.3783783783783784,0.39053579270970573,within_genus_species,Acinetobacter,100,substitution_1pct,label
ck7_svd147,CK7 SVD-147,nearest_centroid,123,4,85,0.40540540540540543,0.40962405028901194,within_genus_species,Acinetobacter,100,substitution_1pct,label
ck7_svd147,CK7 SVD-147,logistic,123,4,85,0.3783783783783784,0.3828947368421053,within_genus_species,Acinetobacter,100,substitution_1pct,label
ck7_svd222,CK7 SVD-222,nearest_centroid,123,4,85,0.40540540540540543,0.40962405028901194,within_genus_species,Acinetobacter,100,substitution_1pct,label
ck7_svd222,CK7 SVD-222,logistic,123,4,85,0.3783783783783784,0.3828947368421053,within_genus_species,Acinetobacter,100,substitution_1pct,label
ck4,CK4,nearest_centroid,77,3,136,0.25,0.23987854251012145,within_genus_species,Burkholderia,100,substitution_1pct,label
ck4,CK4,logistic,77,3,136,0.20833333333333334,0.19999999999999998,within_genus_species,Burkholderia,100,substitution_1pct,label
ck4_p,CK4+P,nearest_centroid,77,3,147,0.25,0.23987854251012145,within_genus_species,Burkholderia,100,substitution_1pct,label
ck4_p,CK4+P,logistic,77,3,147,0.16666666666666666,0.16454248366013072,within_genus_species,Burkholderia,100,substitution_1pct,label
ck4p_msp,CK4P-MSP,nearest_centroid,77,3,222,0.25,0.23987854251012145,within_genus_species,Burkholderia,100,substitution_1pct,label
ck4p_msp,CK4P-MSP,logistic,77,3,222,0.375,0.3562929445282386,within_genus_species,Burkholderia,100,substitution_1pct,label
ckmer5_count_l2,CK5,nearest_centroid,77,3,483,0.25,0.2555899552803578,within_genus_species,Burkholderia,100,substitution_1pct,label
ckmer5_count_l2,CK5,logistic,77,3,483,0.2916666666666667,0.2723707664884136,within_genus_species,Burkholderia,100,substitution_1pct,label
ck5_pca147,CK5 PCA-147,nearest_centroid,77,3,52,0.2916666666666667,0.2735042735042735,within_genus_species,Burkholderia,100,substitution_1pct,label
ck5_pca147,CK5 PCA-147,logistic,77,3,52,0.25,0.25,within_genus_species,Burkholderia,100,substitution_1pct,label
ck5_pca222,CK5 PCA-222,nearest_centroid,77,3,52,0.2916666666666667,0.2735042735042735,within_genus_species,Burkholderia,100,substitution_1pct,label
ck5_pca222,CK5 PCA-222,logistic,77,3,52,0.25,0.25,within_genus_species,Burkholderia,100,substitution_1pct,label
ck5_svd147,CK5 SVD-147,nearest_centroid,77,3,52,0.25,0.2555899552803578,within_genus_species,Burkholderia,100,substitution_1pct,label
ck5_svd147,CK5 SVD-147,logistic,77,3,52,0.16666666666666666,0.16312415654520918,within_genus_species,Burkholderia,100,substitution_1pct,label
ck5_svd222,CK5 SVD-222,nearest_centroid,77,3,52,0.25,0.2555899552803578,within_genus_species,Burkholderia,100,substitution_1pct,label
ck5_svd222,CK5 SVD-222,logistic,77,3,52,0.16666666666666666,0.16312415654520918,within_genus_species,Burkholderia,100,substitution_1pct,label
ck7_pca147,CK7 PCA-147,nearest_centroid,77,3,52,0.5416666666666666,0.5194444444444445,within_genus_species,Burkholderia,100,substitution_1pct,label
ck7_pca147,CK7 PCA-147,logistic,77,3,52,0.5,0.45941558441558444,within_genus_species,Burkholderia,100,substitution_1pct,label
ck7_pca222,CK7 PCA-222,nearest_centroid,77,3,52,0.5416666666666666,0.5194444444444445,within_genus_species,Burkholderia,100,substitution_1pct,label
ck7_pca222,CK7 PCA-222,logistic,77,3,52,0.5,0.45941558441558444,within_genus_species,Burkholderia,100,substitution_1pct,label
ck7_svd147,CK7 SVD-147,nearest_centroid,77,3,52,0.375,0.361336032388664,within_genus_species,Burkholderia,100,substitution_1pct,label
ck7_svd147,CK7 SVD-147,logistic,77,3,52,0.4166666666666667,0.40832473340213277,within_genus_species,Burkholderia,100,substitution_1pct,label
ck7_svd222,CK7 SVD-222,nearest_centroid,77,3,52,0.375,0.361336032388664,within_genus_species,Burkholderia,100,substitution_1pct,label
ck7_svd222,CK7 SVD-222,logistic,77,3,52,0.4166666666666667,0.40832473340213277,within_genus_species,Burkholderia,100,substitution_1pct,label
ck4,CK4,nearest_centroid,67,2,136,0.42857142857142855,0.3,target_background,Burkholderia,100,substitution_1pct,target_binary
ck4,CK4,logistic,67,2,136,0.6190476190476191,0.5333333333333333,target_background,Burkholderia,100,substitution_1pct,target_binary
ck4_p,CK4+P,nearest_centroid,67,2,147,0.42857142857142855,0.3,target_background,Burkholderia,100,substitution_1pct,target_binary
ck4_p,CK4+P,logistic,67,2,147,0.5714285714285714,0.36363636363636365,target_background,Burkholderia,100,substitution_1pct,target_binary
ck4p_msp,CK4P-MSP,nearest_centroid,67,2,222,0.42857142857142855,0.3,target_background,Burkholderia,100,substitution_1pct,target_binary
ck4p_msp,CK4P-MSP,logistic,67,2,222,0.5238095238095238,0.4642857142857143,target_background,Burkholderia,100,substitution_1pct,target_binary
ckmer5_count_l2,CK5,nearest_centroid,67,2,472,0.5238095238095238,0.34375,target_background,Burkholderia,100,substitution_1pct,target_binary
ckmer5_count_l2,CK5,logistic,67,2,472,0.6666666666666666,0.5689149560117301,target_background,Burkholderia,100,substitution_1pct,target_binary
ck5_pca147,CK5 PCA-147,nearest_centroid,67,2,45,0.5238095238095238,0.4642857142857143,target_background,Burkholderia,100,substitution_1pct,target_binary
ck5_pca147,CK5 PCA-147,logistic,67,2,45,0.6666666666666666,0.6100795755968169,target_background,Burkholderia,100,substitution_1pct,target_binary
ck5_pca222,CK5 PCA-222,nearest_centroid,67,2,45,0.5238095238095238,0.4642857142857143,target_background,Burkholderia,100,substitution_1pct,target_binary
ck5_pca222,CK5 PCA-222,logistic,67,2,45,0.6666666666666666,0.6100795755968169,target_background,Burkholderia,100,substitution_1pct,target_binary
ck5_svd147,CK5 SVD-147,nearest_centroid,67,2,45,0.5714285714285714,0.4457478005865103,target_background,Burkholderia,100,substitution_1pct,target_binary
ck5_svd147,CK5 SVD-147,logistic,67,2,45,0.6666666666666666,0.6100795755968169,target_background,Burkholderia,100,substitution_1pct,target_binary
ck5_svd222,CK5 SVD-222,nearest_centroid,67,2,45,0.5714285714285714,0.4457478005865103,target_background,Burkholderia,100,substitution_1pct,target_binary
ck5_svd222,CK5 SVD-222,logistic,67,2,45,0.6666666666666666,0.6100795755968169,target_background,Burkholderia,100,substitution_1pct,target_binary
ck7_pca147,CK7 PCA-147,nearest_centroid,67,2,45,0.47619047619047616,0.47139588100686497,target_background,Burkholderia,100,substitution_1pct,target_binary
ck7_pca147,CK7 PCA-147,logistic,67,2,45,0.5238095238095238,0.5138888888888888,target_background,Burkholderia,100,substitution_1pct,target_binary
ck7_pca222,CK7 PCA-222,nearest_centroid,67,2,45,0.47619047619047616,0.47139588100686497,target_background,Burkholderia,100,substitution_1pct,target_binary
ck7_pca222,CK7 PCA-222,logistic,67,2,45,0.5238095238095238,0.5138888888888888,target_background,Burkholderia,100,substitution_1pct,target_binary
ck7_svd147,CK7 SVD-147,nearest_centroid,67,2,45,0.5714285714285714,0.5333333333333333,target_background,Burkholderia,100,substitution_1pct,target_binary
ck7_svd147,CK7 SVD-147,logistic,67,2,45,0.7142857142857143,0.60625,target_background,Burkholderia,100,substitution_1pct,target_binary
ck7_svd222,CK7 SVD-222,nearest_centroid,67,2,45,0.5714285714285714,0.5333333333333333,target_background,Burkholderia,100,substitution_1pct,target_binary
ck7_svd222,CK7 SVD-222,logistic,67,2,45,0.7142857142857143,0.60625,target_background,Burkholderia,100,substitution_1pct,target_binary
ck4,CK4,nearest_centroid,119,4,136,0.4166666666666667,0.4286589635854342,within_genus_species,Candida,100,substitution_1pct,label
ck4,CK4,logistic,119,4,136,0.4166666666666667,0.42815371762740184,within_genus_species,Candida,100,substitution_1pct,label
ck4_p,CK4+P,nearest_centroid,119,4,147,0.4166666666666667,0.4286589635854342,within_genus_species,Candida,100,substitution_1pct,label
ck4_p,CK4+P,logistic,119,4,147,0.3611111111111111,0.356328320802005,within_genus_species,Candida,100,substitution_1pct,label
ck4p_msp,CK4P-MSP,nearest_centroid,119,4,222,0.4166666666666667,0.43162593984962405,within_genus_species,Candida,100,substitution_1pct,label
ck4p_msp,CK4P-MSP,logistic,119,4,222,0.3888888888888889,0.38359029582612836,within_genus_species,Candida,100,substitution_1pct,label
ckmer5_count_l2,CK5,nearest_centroid,119,4,512,0.4166666666666667,0.43147773279352225,within_genus_species,Candida,100,substitution_1pct,label
ckmer5_count_l2,CK5,logistic,119,4,512,0.25,0.25833333333333336,within_genus_species,Candida,100,substitution_1pct,label
ck5_pca147,CK5 PCA-147,nearest_centroid,119,4,82,0.3888888888888889,0.4022588522588522,within_genus_species,Candida,100,substitution_1pct,label
ck5_pca147,CK5 PCA-147,logistic,119,4,82,0.3333333333333333,0.33412698412698416,within_genus_species,Candida,100,substitution_1pct,label
ck5_pca222,CK5 PCA-222,nearest_centroid,119,4,82,0.3888888888888889,0.4022588522588522,within_genus_species,Candida,100,substitution_1pct,label
ck5_pca222,CK5 PCA-222,logistic,119,4,82,0.3333333333333333,0.33412698412698416,within_genus_species,Candida,100,substitution_1pct,label
ck5_svd147,CK5 SVD-147,nearest_centroid,119,4,82,0.4166666666666667,0.435801041064199,within_genus_species,Candida,100,substitution_1pct,label
ck5_svd147,CK5 SVD-147,logistic,119,4,82,0.25,0.2691474160514408,within_genus_species,Candida,100,substitution_1pct,label
ck5_svd222,CK5 SVD-222,nearest_centroid,119,4,82,0.4166666666666667,0.435801041064199,within_genus_species,Candida,100,substitution_1pct,label
ck5_svd222,CK5 SVD-222,logistic,119,4,82,0.25,0.2691474160514408,within_genus_species,Candida,100,substitution_1pct,label
ck7_pca147,CK7 PCA-147,nearest_centroid,119,4,82,0.3333333333333333,0.3507518796992481,within_genus_species,Candida,100,substitution_1pct,label
ck7_pca147,CK7 PCA-147,logistic,119,4,82,0.2777777777777778,0.2917004048582996,within_genus_species,Candida,100,substitution_1pct,label
ck7_pca222,CK7 PCA-222,nearest_centroid,119,4,82,0.3333333333333333,0.3507518796992481,within_genus_species,Candida,100,substitution_1pct,label
ck7_pca222,CK7 PCA-222,logistic,119,4,82,0.2777777777777778,0.2917004048582996,within_genus_species,Candida,100,substitution_1pct,label
ck7_svd147,CK7 SVD-147,nearest_centroid,119,4,82,0.25,0.2554112554112554,within_genus_species,Candida,100,substitution_1pct,label
ck7_svd147,CK7 SVD-147,logistic,119,4,82,0.3055555555555556,0.2297979797979798,within_genus_species,Candida,100,substitution_1pct,label
ck7_svd222,CK7 SVD-222,nearest_centroid,119,4,82,0.25,0.2554112554112554,within_genus_species,Candida,100,substitution_1pct,label
ck7_svd222,CK7 SVD-222,logistic,119,4,82,0.3055555555555556,0.2297979797979798,within_genus_species,Candida,100,substitution_1pct,label
ck4,CK4,nearest_centroid,69,2,136,0.47619047619047616,0.4564705882352942,target_background,Candida,100,substitution_1pct,target_binary
ck4,CK4,logistic,69,2,136,0.5714285714285714,0.5675057208237986,target_background,Candida,100,substitution_1pct,target_binary
ck4_p,CK4+P,nearest_centroid,69,2,147,0.47619047619047616,0.4564705882352942,target_background,Candida,100,substitution_1pct,target_binary
ck4_p,CK4+P,logistic,69,2,147,0.5238095238095238,0.5227272727272727,target_background,Candida,100,substitution_1pct,target_binary
ck4p_msp,CK4P-MSP,nearest_centroid,69,2,222,0.47619047619047616,0.4564705882352942,target_background,Candida,100,substitution_1pct,target_binary
ck4p_msp,CK4P-MSP,logistic,69,2,222,0.42857142857142855,0.42727272727272725,target_background,Candida,100,substitution_1pct,target_binary
ckmer5_count_l2,CK5,nearest_centroid,69,2,507,0.47619047619047616,0.4564705882352942,target_background,Candida,100,substitution_1pct,target_binary
ckmer5_count_l2,CK5,logistic,69,2,507,0.42857142857142855,0.41666666666666663,target_background,Candida,100,substitution_1pct,target_binary
ck5_pca147,CK5 PCA-147,nearest_centroid,69,2,47,0.47619047619047616,0.4564705882352942,target_background,Candida,100,substitution_1pct,target_binary
ck5_pca147,CK5 PCA-147,logistic,69,2,47,0.38095238095238093,0.37528604118993136,target_background,Candida,100,substitution_1pct,target_binary
ck5_pca222,CK5 PCA-222,nearest_centroid,69,2,47,0.47619047619047616,0.4564705882352942,target_background,Candida,100,substitution_1pct,target_binary
ck5_pca222,CK5 PCA-222,logistic,69,2,47,0.38095238095238093,0.37528604118993136,target_background,Candida,100,substitution_1pct,target_binary
ck5_svd147,CK5 SVD-147,nearest_centroid,69,2,47,0.42857142857142855,0.41666666666666663,target_background,Candida,100,substitution_1pct,target_binary
ck5_svd147,CK5 SVD-147,logistic,69,2,47,0.38095238095238093,0.37528604118993136,target_background,Candida,100,substitution_1pct,target_binary
ck5_svd222,CK5 SVD-222,nearest_centroid,69,2,47,0.42857142857142855,0.41666666666666663,target_background,Candida,100,substitution_1pct,target_binary
ck5_svd222,CK5 SVD-222,logistic,69,2,47,0.38095238095238093,0.37528604118993136,target_background,Candida,100,substitution_1pct,target_binary
ck7_pca147,CK7 PCA-147,nearest_centroid,69,2,47,0.3333333333333333,0.3194444444444444,target_background,Candida,100,substitution_1pct,target_binary
ck7_pca147,CK7 PCA-147,logistic,69,2,47,0.3333333333333333,0.3194444444444444,target_background,Candida,100,substitution_1pct,target_binary
ck7_pca222,CK7 PCA-222,nearest_centroid,69,2,47,0.3333333333333333,0.3194444444444444,target_background,Candida,100,substitution_1pct,target_binary
ck7_pca222,CK7 PCA-222,logistic,69,2,47,0.3333333333333333,0.3194444444444444,target_background,Candida,100,substitution_1pct,target_binary
ck7_svd147,CK7 SVD-147,nearest_centroid,69,2,47,0.3333333333333333,0.3194444444444444,target_background,Candida,100,substitution_1pct,target_binary
ck7_svd147,CK7 SVD-147,logistic,69,2,47,0.3333333333333333,0.3318181818181818,target_background,Candida,100,substitution_1pct,target_binary
ck7_svd222,CK7 SVD-222,nearest_centroid,69,2,47,0.3333333333333333,0.3194444444444444,target_background,Candida,100,substitution_1pct,target_binary
ck7_svd222,CK7 SVD-222,logistic,69,2,47,0.3333333333333333,0.3318181818181818,target_background,Candida,100,substitution_1pct,target_binary
ck4,CK4,nearest_centroid,138,5,136,0.14285714285714285,0.11930735930735929,within_genus_species,Enterobacter,100,substitution_1pct,label
ck4,CK4,logistic,138,5,136,0.21428571428571427,0.18781954887218044,within_genus_species,Enterobacter,100,substitution_1pct,label
ck4_p,CK4+P,nearest_centroid,138,5,147,0.14285714285714285,0.11930735930735929,within_genus_species,Enterobacter,100,substitution_1pct,label
ck4_p,CK4+P,logistic,138,5,147,0.21428571428571427,0.18781954887218044,within_genus_species,Enterobacter,100,substitution_1pct,label
ck4p_msp,CK4P-MSP,nearest_centroid,138,5,222,0.16666666666666666,0.14217391304347826,within_genus_species,Enterobacter,100,substitution_1pct,label
ck4p_msp,CK4P-MSP,logistic,138,5,222,0.16666666666666666,0.15602175602175603,within_genus_species,Enterobacter,100,substitution_1pct,label
ckmer5_count_l2,CK5,nearest_centroid,138,5,512,0.21428571428571427,0.18315789473684213,within_genus_species,Enterobacter,100,substitution_1pct,label
ckmer5_count_l2,CK5,logistic,138,5,512,0.21428571428571427,0.16778609625668447,within_genus_species,Enterobacter,100,substitution_1pct,label
ck5_pca147,CK5 PCA-147,nearest_centroid,138,5,95,0.21428571428571427,0.192046783625731,within_genus_species,Enterobacter,100,substitution_1pct,label
ck5_pca147,CK5 PCA-147,logistic,138,5,95,0.23809523809523808,0.20766488413547238,within_genus_species,Enterobacter,100,substitution_1pct,label
ck5_pca222,CK5 PCA-222,nearest_centroid,138,5,95,0.21428571428571427,0.192046783625731,within_genus_species,Enterobacter,100,substitution_1pct,label
ck5_pca222,CK5 PCA-222,logistic,138,5,95,0.23809523809523808,0.20766488413547238,within_genus_species,Enterobacter,100,substitution_1pct,label
ck5_svd147,CK5 SVD-147,nearest_centroid,138,5,95,0.23809523809523808,0.2201564517353991,within_genus_species,Enterobacter,100,substitution_1pct,label
ck5_svd147,CK5 SVD-147,logistic,138,5,95,0.23809523809523808,0.2106060606060606,within_genus_species,Enterobacter,100,substitution_1pct,label
ck5_svd222,CK5 SVD-222,nearest_centroid,138,5,95,0.23809523809523808,0.2201564517353991,within_genus_species,Enterobacter,100,substitution_1pct,label
ck5_svd222,CK5 SVD-222,logistic,138,5,95,0.23809523809523808,0.2106060606060606,within_genus_species,Enterobacter,100,substitution_1pct,label
ck7_pca147,CK7 PCA-147,nearest_centroid,138,5,95,0.19047619047619047,0.16936572199730093,within_genus_species,Enterobacter,100,substitution_1pct,label
ck7_pca147,CK7 PCA-147,logistic,138,5,95,0.19047619047619047,0.16894508999772156,within_genus_species,Enterobacter,100,substitution_1pct,label
ck7_pca222,CK7 PCA-222,nearest_centroid,138,5,95,0.19047619047619047,0.16936572199730093,within_genus_species,Enterobacter,100,substitution_1pct,label
ck7_pca222,CK7 PCA-222,logistic,138,5,95,0.19047619047619047,0.16894508999772156,within_genus_species,Enterobacter,100,substitution_1pct,label
ck7_svd147,CK7 SVD-147,nearest_centroid,138,5,95,0.23809523809523808,0.20591478696741855,within_genus_species,Enterobacter,100,substitution_1pct,label
ck7_svd147,CK7 SVD-147,logistic,138,5,95,0.23809523809523808,0.213989898989899,within_genus_species,Enterobacter,100,substitution_1pct,label
ck7_svd222,CK7 SVD-222,nearest_centroid,138,5,95,0.23809523809523808,0.20591478696741855,within_genus_species,Enterobacter,100,substitution_1pct,label
ck7_svd222,CK7 SVD-222,logistic,138,5,95,0.23809523809523808,0.213989898989899,within_genus_species,Enterobacter,100,substitution_1pct,label
ck4,CK4,nearest_centroid,69,2,136,0.6190476190476191,0.5714285714285714,target_background,Enterobacter,100,substitution_1pct,target_binary
ck4,CK4,logistic,69,2,136,0.42857142857142855,0.3942307692307692,target_background,Enterobacter,100,substitution_1pct,target_binary
ck4_p,CK4+P,nearest_centroid,69,2,147,0.6190476190476191,0.5714285714285714,target_background,Enterobacter,100,substitution_1pct,target_binary
ck4_p,CK4+P,logistic,69,2,147,0.42857142857142855,0.3942307692307692,target_background,Enterobacter,100,substitution_1pct,target_binary
ck4p_msp,CK4P-MSP,nearest_centroid,69,2,222,0.6190476190476191,0.5714285714285714,target_background,Enterobacter,100,substitution_1pct,target_binary
ck4p_msp,CK4P-MSP,logistic,69,2,222,0.5238095238095238,0.4951923076923077,target_background,Enterobacter,100,substitution_1pct,target_binary
ckmer5_count_l2,CK5,nearest_centroid,69,2,510,0.5238095238095238,0.5138888888888888,target_background,Enterobacter,100,substitution_1pct,target_binary
ckmer5_count_l2,CK5,logistic,69,2,510,0.5238095238095238,0.5138888888888888,target_background,Enterobacter,100,substitution_1pct,target_binary
ck5_pca147,CK5 PCA-147,nearest_centroid,69,2,47,0.5714285714285714,0.5675057208237986,target_background,Enterobacter,100,substitution_1pct,target_binary
ck5_pca147,CK5 PCA-147,logistic,69,2,47,0.42857142857142855,0.41666666666666663,target_background,Enterobacter,100,substitution_1pct,target_binary
ck5_pca222,CK5 PCA-222,nearest_centroid,69,2,47,0.5714285714285714,0.5675057208237986,target_background,Enterobacter,100,substitution_1pct,target_binary
ck5_pca222,CK5 PCA-222,logistic,69,2,47,0.42857142857142855,0.41666666666666663,target_background,Enterobacter,100,substitution_1pct,target_binary
ck5_svd147,CK5 SVD-147,nearest_centroid,69,2,47,0.5238095238095238,0.5138888888888888,target_background,Enterobacter,100,substitution_1pct,target_binary
ck5_svd147,CK5 SVD-147,logistic,69,2,47,0.47619047619047616,0.4564705882352942,target_background,Enterobacter,100,substitution_1pct,target_binary
ck5_svd222,CK5 SVD-222,nearest_centroid,69,2,47,0.5238095238095238,0.5138888888888888,target_background,Enterobacter,100,substitution_1pct,target_binary
ck5_svd222,CK5 SVD-222,logistic,69,2,47,0.47619047619047616,0.4564705882352942,target_background,Enterobacter,100,substitution_1pct,target_binary
ck7_pca147,CK7 PCA-147,nearest_centroid,69,2,47,0.47619047619047616,0.4564705882352942,target_background,Enterobacter,100,substitution_1pct,target_binary
ck7_pca147,CK7 PCA-147,logistic,69,2,47,0.5238095238095238,0.5138888888888888,target_background,Enterobacter,100,substitution_1pct,target_binary
ck7_pca222,CK7 PCA-222,nearest_centroid,69,2,47,0.47619047619047616,0.4564705882352942,target_background,Enterobacter,100,substitution_1pct,target_binary
ck7_pca222,CK7 PCA-222,logistic,69,2,47,0.5238095238095238,0.5138888888888888,target_background,Enterobacter,100,substitution_1pct,target_binary
ck7_svd147,CK7 SVD-147,nearest_centroid,69,2,47,0.47619047619047616,0.4564705882352942,target_background,Enterobacter,100,substitution_1pct,target_binary
ck7_svd147,CK7 SVD-147,logistic,69,2,47,0.5238095238095238,0.5138888888888888,target_background,Enterobacter,100,substitution_1pct,target_binary
ck7_svd222,CK7 SVD-222,nearest_centroid,69,2,47,0.47619047619047616,0.4564705882352942,target_background,Enterobacter,100,substitution_1pct,target_binary
ck7_svd222,CK7 SVD-222,logistic,69,2,47,0.5238095238095238,0.5138888888888888,target_background,Enterobacter,100,substitution_1pct,target_binary
ck4,CK4,nearest_centroid,69,2,136,0.5714285714285714,0.5675057208237986,within_genus_species,Escherichia,100,substitution_1pct,label
ck4,CK4,logistic,69,2,136,0.5714285714285714,0.5714285714285714,within_genus_species,Escherichia,100,substitution_1pct,label
ck4_p,CK4+P,nearest_centroid,69,2,147,0.5714285714285714,0.5675057208237986,within_genus_species,Escherichia,100,substitution_1pct,label
ck4_p,CK4+P,logistic,69,2,147,0.5714285714285714,0.5714285714285714,within_genus_species,Escherichia,100,substitution_1pct,label
ck4p_msp,CK4P-MSP,nearest_centroid,69,2,222,0.5714285714285714,0.5675057208237986,within_genus_species,Escherichia,100,substitution_1pct,label
ck4p_msp,CK4P-MSP,logistic,69,2,222,0.6190476190476191,0.6181818181818182,within_genus_species,Escherichia,100,substitution_1pct,label
ckmer5_count_l2,CK5,nearest_centroid,69,2,510,0.47619047619047616,0.47139588100686497,within_genus_species,Escherichia,100,substitution_1pct,label
ckmer5_count_l2,CK5,logistic,69,2,510,0.6190476190476191,0.6111111111111112,within_genus_species,Escherichia,100,substitution_1pct,label
ck5_pca147,CK5 PCA-147,nearest_centroid,69,2,47,0.47619047619047616,0.47139588100686497,within_genus_species,Escherichia,100,substitution_1pct,label
ck5_pca147,CK5 PCA-147,logistic,69,2,47,0.5714285714285714,0.5552941176470588,within_genus_species,Escherichia,100,substitution_1pct,label
ck5_pca222,CK5 PCA-222,nearest_centroid,69,2,47,0.47619047619047616,0.47139588100686497,within_genus_species,Escherichia,100,substitution_1pct,label
ck5_pca222,CK5 PCA-222,logistic,69,2,47,0.5714285714285714,0.5552941176470588,within_genus_species,Escherichia,100,substitution_1pct,label
ck5_svd147,CK5 SVD-147,nearest_centroid,69,2,47,0.5238095238095238,0.4951923076923077,within_genus_species,Escherichia,100,substitution_1pct,label
ck5_svd147,CK5 SVD-147,logistic,69,2,47,0.47619047619047616,0.38726790450928383,within_genus_species,Escherichia,100,substitution_1pct,label
ck5_svd222,CK5 SVD-222,nearest_centroid,69,2,47,0.5238095238095238,0.4951923076923077,within_genus_species,Escherichia,100,substitution_1pct,label
ck5_svd222,CK5 SVD-222,logistic,69,2,47,0.47619047619047616,0.38726790450928383,within_genus_species,Escherichia,100,substitution_1pct,label
ck7_pca147,CK7 PCA-147,nearest_centroid,69,2,47,0.38095238095238093,0.37528604118993136,within_genus_species,Escherichia,100,substitution_1pct,label
ck7_pca147,CK7 PCA-147,logistic,69,2,47,0.38095238095238093,0.38095238095238093,within_genus_species,Escherichia,100,substitution_1pct,label
ck7_pca222,CK7 PCA-222,nearest_centroid,69,2,47,0.38095238095238093,0.37528604118993136,within_genus_species,Escherichia,100,substitution_1pct,label
ck7_pca222,CK7 PCA-222,logistic,69,2,47,0.38095238095238093,0.38095238095238093,within_genus_species,Escherichia,100,substitution_1pct,label
ck7_svd147,CK7 SVD-147,nearest_centroid,69,2,47,0.38095238095238093,0.37528604118993136,within_genus_species,Escherichia,100,substitution_1pct,label
ck7_svd147,CK7 SVD-147,logistic,69,2,47,0.47619047619047616,0.4296296296296296,within_genus_species,Escherichia,100,substitution_1pct,label
ck7_svd222,CK7 SVD-222,nearest_centroid,69,2,47,0.38095238095238093,0.37528604118993136,within_genus_species,Escherichia,100,substitution_1pct,label
ck7_svd222,CK7 SVD-222,logistic,69,2,47,0.47619047619047616,0.4296296296296296,within_genus_species,Escherichia,100,substitution_1pct,label
ck4,CK4,nearest_centroid,69,2,136,0.5714285714285714,0.5675057208237986,target_background,Escherichia,100,substitution_1pct,target_binary
ck4,CK4,logistic,69,2,136,0.5714285714285714,0.5714285714285714,target_background,Escherichia,100,substitution_1pct,target_binary
ck4_p,CK4+P,nearest_centroid,69,2,147,0.5714285714285714,0.5675057208237986,target_background,Escherichia,100,substitution_1pct,target_binary
ck4_p,CK4+P,logistic,69,2,147,0.5714285714285714,0.5714285714285714,target_background,Escherichia,100,substitution_1pct,target_binary
ck4p_msp,CK4P-MSP,nearest_centroid,69,2,222,0.5714285714285714,0.5675057208237986,target_background,Escherichia,100,substitution_1pct,target_binary
ck4p_msp,CK4P-MSP,logistic,69,2,222,0.6190476190476191,0.6181818181818182,target_background,Escherichia,100,substitution_1pct,target_binary
ckmer5_count_l2,CK5,nearest_centroid,69,2,510,0.47619047619047616,0.47139588100686497,target_background,Escherichia,100,substitution_1pct,target_binary
ckmer5_count_l2,CK5,logistic,69,2,510,0.6190476190476191,0.6111111111111112,target_background,Escherichia,100,substitution_1pct,target_binary
ck5_pca147,CK5 PCA-147,nearest_centroid,69,2,47,0.47619047619047616,0.47139588100686497,target_background,Escherichia,100,substitution_1pct,target_binary
ck5_pca147,CK5 PCA-147,logistic,69,2,47,0.5714285714285714,0.5552941176470588,target_background,Escherichia,100,substitution_1pct,target_binary
ck5_pca222,CK5 PCA-222,nearest_centroid,69,2,47,0.47619047619047616,0.47139588100686497,target_background,Escherichia,100,substitution_1pct,target_binary
ck5_pca222,CK5 PCA-222,logistic,69,2,47,0.5714285714285714,0.5552941176470588,target_background,Escherichia,100,substitution_1pct,target_binary
ck5_svd147,CK5 SVD-147,nearest_centroid,69,2,47,0.5238095238095238,0.4951923076923077,target_background,Escherichia,100,substitution_1pct,target_binary
ck5_svd147,CK5 SVD-147,logistic,69,2,47,0.47619047619047616,0.38726790450928383,target_background,Escherichia,100,substitution_1pct,target_binary
ck5_svd222,CK5 SVD-222,nearest_centroid,69,2,47,0.5238095238095238,0.4951923076923077,target_background,Escherichia,100,substitution_1pct,target_binary
ck5_svd222,CK5 SVD-222,logistic,69,2,47,0.47619047619047616,0.38726790450928383,target_background,Escherichia,100,substitution_1pct,target_binary
ck7_pca147,CK7 PCA-147,nearest_centroid,69,2,47,0.38095238095238093,0.37528604118993136,target_background,Escherichia,100,substitution_1pct,target_binary
ck7_pca147,CK7 PCA-147,logistic,69,2,47,0.38095238095238093,0.38095238095238093,target_background,Escherichia,100,substitution_1pct,target_binary
ck7_pca222,CK7 PCA-222,nearest_centroid,69,2,47,0.38095238095238093,0.37528604118993136,target_background,Escherichia,100,substitution_1pct,target_binary
ck7_pca222,CK7 PCA-222,logistic,69,2,47,0.38095238095238093,0.38095238095238093,target_background,Escherichia,100,substitution_1pct,target_binary
ck7_svd147,CK7 SVD-147,nearest_centroid,69,2,47,0.38095238095238093,0.37528604118993136,target_background,Escherichia,100,substitution_1pct,target_binary
ck7_svd147,CK7 SVD-147,logistic,69,2,47,0.47619047619047616,0.4296296296296296,target_background,Escherichia,100,substitution_1pct,target_binary
ck7_svd222,CK7 SVD-222,nearest_centroid,69,2,47,0.38095238095238093,0.37528604118993136,target_background,Escherichia,100,substitution_1pct,target_binary
ck7_svd222,CK7 SVD-222,logistic,69,2,47,0.47619047619047616,0.4296296296296296,target_background,Escherichia,100,substitution_1pct,target_binary
ck4,CK4,nearest_centroid,74,3,136,0.391304347826087,0.3856209150326797,within_genus_species,Klebsiella,100,substitution_1pct,label
ck4,CK4,logistic,74,3,136,0.30434782608695654,0.30357142857142855,within_genus_species,Klebsiella,100,substitution_1pct,label
ck4_p,CK4+P,nearest_centroid,74,3,147,0.391304347826087,0.3856209150326797,within_genus_species,Klebsiella,100,substitution_1pct,label
ck4_p,CK4+P,logistic,74,3,147,0.30434782608695654,0.30357142857142855,within_genus_species,Klebsiella,100,substitution_1pct,label
ck4p_msp,CK4P-MSP,nearest_centroid,74,3,222,0.391304347826087,0.3856209150326797,within_genus_species,Klebsiella,100,substitution_1pct,label
ck4p_msp,CK4P-MSP,logistic,74,3,222,0.2608695652173913,0.2547134238310709,within_genus_species,Klebsiella,100,substitution_1pct,label
ckmer5_count_l2,CK5,nearest_centroid,74,3,510,0.391304347826087,0.3732407942934259,within_genus_species,Klebsiella,100,substitution_1pct,label
ckmer5_count_l2,CK5,logistic,74,3,510,0.4782608695652174,0.4708994708994709,within_genus_species,Klebsiella,100,substitution_1pct,label
ck5_pca147,CK5 PCA-147,nearest_centroid,74,3,50,0.391304347826087,0.3732407942934259,within_genus_species,Klebsiella,100,substitution_1pct,label
ck5_pca147,CK5 PCA-147,logistic,74,3,50,0.43478260869565216,0.4246498599439776,within_genus_species,Klebsiella,100,substitution_1pct,label
ck5_pca222,CK5 PCA-222,nearest_centroid,74,3,50,0.391304347826087,0.3732407942934259,within_genus_species,Klebsiella,100,substitution_1pct,label
ck5_pca222,CK5 PCA-222,logistic,74,3,50,0.43478260869565216,0.4246498599439776,within_genus_species,Klebsiella,100,substitution_1pct,label
ck5_svd147,CK5 SVD-147,nearest_centroid,74,3,50,0.43478260869565216,0.42108262108262107,within_genus_species,Klebsiella,100,substitution_1pct,label
ck5_svd147,CK5 SVD-147,logistic,74,3,50,0.391304347826087,0.3916666666666666,within_genus_species,Klebsiella,100,substitution_1pct,label
ck5_svd222,CK5 SVD-222,nearest_centroid,74,3,50,0.43478260869565216,0.42108262108262107,within_genus_species,Klebsiella,100,substitution_1pct,label
ck5_svd222,CK5 SVD-222,logistic,74,3,50,0.391304347826087,0.3916666666666666,within_genus_species,Klebsiella,100,substitution_1pct,label
ck7_pca147,CK7 PCA-147,nearest_centroid,74,3,50,0.43478260869565216,0.42849002849002843,within_genus_species,Klebsiella,100,substitution_1pct,label
ck7_pca147,CK7 PCA-147,logistic,74,3,50,0.43478260869565216,0.43305322128851537,within_genus_species,Klebsiella,100,substitution_1pct,label
ck7_pca222,CK7 PCA-222,nearest_centroid,74,3,50,0.43478260869565216,0.42849002849002843,within_genus_species,Klebsiella,100,substitution_1pct,label
ck7_pca222,CK7 PCA-222,logistic,74,3,50,0.43478260869565216,0.43305322128851537,within_genus_species,Klebsiella,100,substitution_1pct,label
ck7_svd147,CK7 SVD-147,nearest_centroid,74,3,50,0.43478260869565216,0.43452380952380953,within_genus_species,Klebsiella,100,substitution_1pct,label
ck7_svd147,CK7 SVD-147,logistic,74,3,50,0.391304347826087,0.3717948717948718,within_genus_species,Klebsiella,100,substitution_1pct,label
ck7_svd222,CK7 SVD-222,nearest_centroid,74,3,50,0.43478260869565216,0.43452380952380953,within_genus_species,Klebsiella,100,substitution_1pct,label
ck7_svd222,CK7 SVD-222,logistic,74,3,50,0.391304347826087,0.3717948717948718,within_genus_species,Klebsiella,100,substitution_1pct,label
ck4,CK4,nearest_centroid,66,2,136,0.35,0.30666666666666664,target_background,Klebsiella,100,substitution_1pct,target_binary
ck4,CK4,logistic,66,2,136,0.45,0.3732193732193732,target_background,Klebsiella,100,substitution_1pct,target_binary
ck4_p,CK4+P,nearest_centroid,66,2,147,0.35,0.30666666666666664,target_background,Klebsiella,100,substitution_1pct,target_binary
ck4_p,CK4+P,logistic,66,2,147,0.45,0.3732193732193732,target_background,Klebsiella,100,substitution_1pct,target_binary
ck4p_msp,CK4P-MSP,nearest_centroid,66,2,222,0.35,0.30666666666666664,target_background,Klebsiella,100,substitution_1pct,target_binary
ck4p_msp,CK4P-MSP,logistic,66,2,222,0.4,0.34065934065934067,target_background,Klebsiella,100,substitution_1pct,target_binary
ckmer5_count_l2,CK5,nearest_centroid,66,2,510,0.5,0.45054945054945056,target_background,Klebsiella,100,substitution_1pct,target_binary
ckmer5_count_l2,CK5,logistic,66,2,510,0.45,0.3103448275862069,target_background,Klebsiella,100,substitution_1pct,target_binary
ck5_pca147,CK5 PCA-147,nearest_centroid,66,2,45,0.55,0.5488721804511278,target_background,Klebsiella,100,substitution_1pct,target_binary
ck5_pca147,CK5 PCA-147,logistic,66,2,45,0.7,0.6875,target_background,Klebsiella,100,substitution_1pct,target_binary
ck5_pca222,CK5 PCA-222,nearest_centroid,66,2,45,0.55,0.5488721804511278,target_background,Klebsiella,100,substitution_1pct,target_binary
ck5_pca222,CK5 PCA-222,logistic,66,2,45,0.7,0.6875,target_background,Klebsiella,100,substitution_1pct,target_binary
ck5_svd147,CK5 SVD-147,nearest_centroid,66,2,45,0.55,0.5488721804511278,target_background,Klebsiella,100,substitution_1pct,target_binary
ck5_svd147,CK5 SVD-147,logistic,66,2,45,0.55,0.5488721804511278,target_background,Klebsiella,100,substitution_1pct,target_binary
ck5_svd222,CK5 SVD-222,nearest_centroid,66,2,45,0.55,0.5488721804511278,target_background,Klebsiella,100,substitution_1pct,target_binary
ck5_svd222,CK5 SVD-222,logistic,66,2,45,0.55,0.5488721804511278,target_background,Klebsiella,100,substitution_1pct,target_binary
ck7_pca147,CK7 PCA-147,nearest_centroid,66,2,45,0.7,0.6875,target_background,Klebsiella,100,substitution_1pct,target_binary
ck7_pca147,CK7 PCA-147,logistic,66,2,45,0.7,0.6703296703296704,target_background,Klebsiella,100,substitution_1pct,target_binary
ck7_pca222,CK7 PCA-222,nearest_centroid,66,2,45,0.7,0.6875,target_background,Klebsiella,100,substitution_1pct,target_binary
ck7_pca222,CK7 PCA-222,logistic,66,2,45,0.7,0.6703296703296704,target_background,Klebsiella,100,substitution_1pct,target_binary
ck7_svd147,CK7 SVD-147,nearest_centroid,66,2,45,0.65,0.6491228070175439,target_background,Klebsiella,100,substitution_1pct,target_binary
ck7_svd147,CK7 SVD-147,logistic,66,2,45,0.55,0.5488721804511278,target_background,Klebsiella,100,substitution_1pct,target_binary
ck7_svd222,CK7 SVD-222,nearest_centroid,66,2,45,0.65,0.6491228070175439,target_background,Klebsiella,100,substitution_1pct,target_binary
ck7_svd222,CK7 SVD-222,logistic,66,2,45,0.55,0.5488721804511278,target_background,Klebsiella,100,substitution_1pct,target_binary
ck4,CK4,nearest_centroid,123,4,136,0.32432432432432434,0.28520499108734404,within_genus_species,Acinetobacter,100,N_3pct,label
ck4,CK4,logistic,123,4,136,0.32432432432432434,0.30092592592592593,within_genus_species,Acinetobacter,100,N_3pct,label
ck4_p,CK4+P,nearest_centroid,123,4,147,0.2972972972972973,0.25946969696969696,within_genus_species,Acinetobacter,100,N_3pct,label
ck4_p,CK4+P,logistic,123,4,147,0.32432432432432434,0.31750278706800444,within_genus_species,Acinetobacter,100,N_3pct,label
ck4p_msp,CK4P-MSP,nearest_centroid,123,4,222,0.2972972972972973,0.25946969696969696,within_genus_species,Acinetobacter,100,N_3pct,label
ck4p_msp,CK4P-MSP,logistic,123,4,222,0.24324324324324326,0.22793040293040293,within_genus_species,Acinetobacter,100,N_3pct,label
ckmer5_count_l2,CK5,nearest_centroid,123,4,512,0.2972972972972973,0.28313430635412057,within_genus_species,Acinetobacter,100,N_3pct,label
ckmer5_count_l2,CK5,logistic,123,4,512,0.40540540540540543,0.37981366459627325,within_genus_species,Acinetobacter,100,N_3pct,label
ck5_pca147,CK5 PCA-147,nearest_centroid,123,4,85,0.2702702702702703,0.2617503904689259,within_genus_species,Acinetobacter,100,N_3pct,label
ck5_pca147,CK5 PCA-147,logistic,123,4,85,0.35135135135135137,0.3377054295818598,within_genus_species,Acinetobacter,100,N_3pct,label
ck5_pca222,CK5 PCA-222,nearest_centroid,123,4,85,0.2702702702702703,0.2617503904689259,within_genus_species,Acinetobacter,100,N_3pct,label
ck5_pca222,CK5 PCA-222,logistic,123,4,85,0.35135135135135137,0.3377054295818598,within_genus_species,Acinetobacter,100,N_3pct,label
ck5_svd147,CK5 SVD-147,nearest_centroid,123,4,85,0.2702702702702703,0.2617503904689259,within_genus_species,Acinetobacter,100,N_3pct,label
ck5_svd147,CK5 SVD-147,logistic,123,4,85,0.35135135135135137,0.35141329258976317,within_genus_species,Acinetobacter,100,N_3pct,label
ck5_svd222,CK5 SVD-222,nearest_centroid,123,4,85,0.2702702702702703,0.2617503904689259,within_genus_species,Acinetobacter,100,N_3pct,label
ck5_svd222,CK5 SVD-222,logistic,123,4,85,0.35135135135135137,0.35141329258976317,within_genus_species,Acinetobacter,100,N_3pct,label
ck7_pca147,CK7 PCA-147,nearest_centroid,123,4,85,0.2972972972972973,0.32505720823798623,within_genus_species,Acinetobacter,100,N_3pct,label
ck7_pca147,CK7 PCA-147,logistic,123,4,85,0.3783783783783784,0.3980263157894737,within_genus_species,Acinetobacter,100,N_3pct,label
ck7_pca222,CK7 PCA-222,nearest_centroid,123,4,85,0.2972972972972973,0.32505720823798623,within_genus_species,Acinetobacter,100,N_3pct,label
ck7_pca222,CK7 PCA-222,logistic,123,4,85,0.3783783783783784,0.3980263157894737,within_genus_species,Acinetobacter,100,N_3pct,label
ck7_svd147,CK7 SVD-147,nearest_centroid,123,4,85,0.32432432432432434,0.3370300751879699,within_genus_species,Acinetobacter,100,N_3pct,label
ck7_svd147,CK7 SVD-147,logistic,123,4,85,0.2702702702702703,0.2861111111111111,within_genus_species,Acinetobacter,100,N_3pct,label
ck7_svd222,CK7 SVD-222,nearest_centroid,123,4,85,0.32432432432432434,0.3370300751879699,within_genus_species,Acinetobacter,100,N_3pct,label
ck7_svd222,CK7 SVD-222,logistic,123,4,85,0.2702702702702703,0.2861111111111111,within_genus_species,Acinetobacter,100,N_3pct,label
ck4,CK4,nearest_centroid,77,3,136,0.25,0.225,within_genus_species,Burkholderia,100,N_3pct,label
ck4,CK4,logistic,77,3,136,0.16666666666666666,0.16296296296296295,within_genus_species,Burkholderia,100,N_3pct,label
ck4_p,CK4+P,nearest_centroid,77,3,147,0.25,0.2333333333333333,within_genus_species,Burkholderia,100,N_3pct,label
ck4_p,CK4+P,logistic,77,3,147,0.16666666666666666,0.16296296296296295,within_genus_species,Burkholderia,100,N_3pct,label
ck4p_msp,CK4P-MSP,nearest_centroid,77,3,222,0.25,0.2333333333333333,within_genus_species,Burkholderia,100,N_3pct,label
ck4p_msp,CK4P-MSP,logistic,77,3,222,0.2916666666666667,0.28373015873015867,within_genus_species,Burkholderia,100,N_3pct,label
ckmer5_count_l2,CK5,nearest_centroid,77,3,478,0.2916666666666667,0.2921065862242333,within_genus_species,Burkholderia,100,N_3pct,label
ckmer5_count_l2,CK5,logistic,77,3,478,0.25,0.24170274170274167,within_genus_species,Burkholderia,100,N_3pct,label
ck5_pca147,CK5 PCA-147,nearest_centroid,77,3,52,0.2916666666666667,0.28968253968253965,within_genus_species,Burkholderia,100,N_3pct,label
ck5_pca147,CK5 PCA-147,logistic,77,3,52,0.2916666666666667,0.2913165266106443,within_genus_species,Burkholderia,100,N_3pct,label
ck5_pca222,CK5 PCA-222,nearest_centroid,77,3,52,0.2916666666666667,0.28968253968253965,within_genus_species,Burkholderia,100,N_3pct,label
ck5_pca222,CK5 PCA-222,logistic,77,3,52,0.2916666666666667,0.2913165266106443,within_genus_species,Burkholderia,100,N_3pct,label
ck5_svd147,CK5 SVD-147,nearest_centroid,77,3,52,0.3333333333333333,0.32989336085311316,within_genus_species,Burkholderia,100,N_3pct,label
ck5_svd147,CK5 SVD-147,logistic,77,3,52,0.4166666666666667,0.40832473340213277,within_genus_species,Burkholderia,100,N_3pct,label
ck5_svd222,CK5 SVD-222,nearest_centroid,77,3,52,0.3333333333333333,0.32989336085311316,within_genus_species,Burkholderia,100,N_3pct,label
ck5_svd222,CK5 SVD-222,logistic,77,3,52,0.4166666666666667,0.40832473340213277,within_genus_species,Burkholderia,100,N_3pct,label
ck7_pca147,CK7 PCA-147,nearest_centroid,77,3,52,0.375,0.33699633699633696,within_genus_species,Burkholderia,100,N_3pct,label
ck7_pca147,CK7 PCA-147,logistic,77,3,52,0.2916666666666667,0.28505291005291006,within_genus_species,Burkholderia,100,N_3pct,label
ck7_pca222,CK7 PCA-222,nearest_centroid,77,3,52,0.375,0.33699633699633696,within_genus_species,Burkholderia,100,N_3pct,label
ck7_pca222,CK7 PCA-222,logistic,77,3,52,0.2916666666666667,0.28505291005291006,within_genus_species,Burkholderia,100,N_3pct,label
ck7_svd147,CK7 SVD-147,nearest_centroid,77,3,52,0.375,0.3705379587732529,within_genus_species,Burkholderia,100,N_3pct,label
ck7_svd147,CK7 SVD-147,logistic,77,3,52,0.2916666666666667,0.28458164642375167,within_genus_species,Burkholderia,100,N_3pct,label
ck7_svd222,CK7 SVD-222,nearest_centroid,77,3,52,0.375,0.3705379587732529,within_genus_species,Burkholderia,100,N_3pct,label
ck7_svd222,CK7 SVD-222,logistic,77,3,52,0.2916666666666667,0.28458164642375167,within_genus_species,Burkholderia,100,N_3pct,label
ck4,CK4,nearest_centroid,67,2,136,0.5238095238095238,0.34375,target_background,Burkholderia,100,N_3pct,target_binary
ck4,CK4,logistic,67,2,136,0.6666666666666666,0.6100795755968169,target_background,Burkholderia,100,N_3pct,target_binary
ck4_p,CK4+P,nearest_centroid,67,2,147,0.5238095238095238,0.34375,target_background,Burkholderia,100,N_3pct,target_binary
ck4_p,CK4+P,logistic,67,2,147,0.6666666666666666,0.6100795755968169,target_background,Burkholderia,100,N_3pct,target_binary
ck4p_msp,CK4P-MSP,nearest_centroid,67,2,222,0.5238095238095238,0.34375,target_background,Burkholderia,100,N_3pct,target_binary
ck4p_msp,CK4P-MSP,logistic,67,2,222,0.5714285714285714,0.49867374005305043,target_background,Burkholderia,100,N_3pct,target_binary
ckmer5_count_l2,CK5,nearest_centroid,67,2,462,0.38095238095238093,0.3259259259259259,target_background,Burkholderia,100,N_3pct,target_binary
ckmer5_count_l2,CK5,logistic,67,2,462,0.7619047619047619,0.7214854111405835,target_background,Burkholderia,100,N_3pct,target_binary
ck5_pca147,CK5 PCA-147,nearest_centroid,67,2,45,0.3333333333333333,0.2932692307692308,target_background,Burkholderia,100,N_3pct,target_binary
ck5_pca147,CK5 PCA-147,logistic,67,2,45,0.5714285714285714,0.4457478005865103,target_background,Burkholderia,100,N_3pct,target_binary
ck5_pca222,CK5 PCA-222,nearest_centroid,67,2,45,0.3333333333333333,0.2932692307692308,target_background,Burkholderia,100,N_3pct,target_binary
ck5_pca222,CK5 PCA-222,logistic,67,2,45,0.5714285714285714,0.4457478005865103,target_background,Burkholderia,100,N_3pct,target_binary
ck5_svd147,CK5 SVD-147,nearest_centroid,67,2,45,0.3333333333333333,0.25,target_background,Burkholderia,100,N_3pct,target_binary
ck5_svd147,CK5 SVD-147,logistic,67,2,45,0.5238095238095238,0.41666666666666663,target_background,Burkholderia,100,N_3pct,target_binary
ck5_svd222,CK5 SVD-222,nearest_centroid,67,2,45,0.3333333333333333,0.25,target_background,Burkholderia,100,N_3pct,target_binary
ck5_svd222,CK5 SVD-222,logistic,67,2,45,0.5238095238095238,0.41666666666666663,target_background,Burkholderia,100,N_3pct,target_binary
ck7_pca147,CK7 PCA-147,nearest_centroid,67,2,45,0.38095238095238093,0.38095238095238093,target_background,Burkholderia,100,N_3pct,target_binary
ck7_pca147,CK7 PCA-147,logistic,67,2,45,0.6190476190476191,0.6111111111111112,target_background,Burkholderia,100,N_3pct,target_binary
ck7_pca222,CK7 PCA-222,nearest_centroid,67,2,45,0.38095238095238093,0.38095238095238093,target_background,Burkholderia,100,N_3pct,target_binary
ck7_pca222,CK7 PCA-222,logistic,67,2,45,0.6190476190476191,0.6111111111111112,target_background,Burkholderia,100,N_3pct,target_binary
ck7_svd147,CK7 SVD-147,nearest_centroid,67,2,45,0.42857142857142855,0.3942307692307692,target_background,Burkholderia,100,N_3pct,target_binary
ck7_svd147,CK7 SVD-147,logistic,67,2,45,0.6190476190476191,0.5333333333333333,target_background,Burkholderia,100,N_3pct,target_binary
ck7_svd222,CK7 SVD-222,nearest_centroid,67,2,45,0.42857142857142855,0.3942307692307692,target_background,Burkholderia,100,N_3pct,target_binary
ck7_svd222,CK7 SVD-222,logistic,67,2,45,0.6190476190476191,0.5333333333333333,target_background,Burkholderia,100,N_3pct,target_binary
ck4,CK4,nearest_centroid,119,4,136,0.3888888888888889,0.37468671679197996,within_genus_species,Candida,100,N_3pct,label
ck4,CK4,logistic,119,4,136,0.3888888888888889,0.40037593984962405,within_genus_species,Candida,100,N_3pct,label
ck4_p,CK4+P,nearest_centroid,119,4,147,0.3888888888888889,0.37468671679197996,within_genus_species,Candida,100,N_3pct,label
ck4_p,CK4+P,logistic,119,4,147,0.4166666666666667,0.4264354066985646,within_genus_species,Candida,100,N_3pct,label
ck4p_msp,CK4P-MSP,nearest_centroid,119,4,222,0.3888888888888889,0.38053467000835417,within_genus_species,Candida,100,N_3pct,label
ck4p_msp,CK4P-MSP,logistic,119,4,222,0.4444444444444444,0.44692982456140345,within_genus_species,Candida,100,N_3pct,label
ckmer5_count_l2,CK5,nearest_centroid,119,4,511,0.4722222222222222,0.4802631578947368,within_genus_species,Candida,100,N_3pct,label
ckmer5_count_l2,CK5,logistic,119,4,511,0.2777777777777778,0.2645018342958846,within_genus_species,Candida,100,N_3pct,label
ck5_pca147,CK5 PCA-147,nearest_centroid,119,4,82,0.4722222222222222,0.4745442036463708,within_genus_species,Candida,100,N_3pct,label
ck5_pca147,CK5 PCA-147,logistic,119,4,82,0.3333333333333333,0.3509803921568627,within_genus_species,Candida,100,N_3pct,label
ck5_pca222,CK5 PCA-222,nearest_centroid,119,4,82,0.4722222222222222,0.4745442036463708,within_genus_species,Candida,100,N_3pct,label
ck5_pca222,CK5 PCA-222,logistic,119,4,82,0.3333333333333333,0.3509803921568627,within_genus_species,Candida,100,N_3pct,label
ck5_svd147,CK5 SVD-147,nearest_centroid,119,4,82,0.4166666666666667,0.4265873015873015,within_genus_species,Candida,100,N_3pct,label
ck5_svd147,CK5 SVD-147,logistic,119,4,82,0.25,0.2551282051282051,within_genus_species,Candida,100,N_3pct,label
ck5_svd222,CK5 SVD-222,nearest_centroid,119,4,82,0.4166666666666667,0.4265873015873015,within_genus_species,Candida,100,N_3pct,label
ck5_svd222,CK5 SVD-222,logistic,119,4,82,0.25,0.2551282051282051,within_genus_species,Candida,100,N_3pct,label
ck7_pca147,CK7 PCA-147,nearest_centroid,119,4,82,0.3055555555555556,0.31988022941970307,within_genus_species,Candida,100,N_3pct,label
ck7_pca147,CK7 PCA-147,logistic,119,4,82,0.3333333333333333,0.34789002557544757,within_genus_species,Candida,100,N_3pct,label
ck7_pca222,CK7 PCA-222,nearest_centroid,119,4,82,0.3055555555555556,0.31988022941970307,within_genus_species,Candida,100,N_3pct,label
ck7_pca222,CK7 PCA-222,logistic,119,4,82,0.3333333333333333,0.34789002557544757,within_genus_species,Candida,100,N_3pct,label
ck7_svd147,CK7 SVD-147,nearest_centroid,119,4,82,0.3333333333333333,0.35934343434343435,within_genus_species,Candida,100,N_3pct,label
ck7_svd147,CK7 SVD-147,logistic,119,4,82,0.3888888888888889,0.40742296918767507,within_genus_species,Candida,100,N_3pct,label
ck7_svd222,CK7 SVD-222,nearest_centroid,119,4,82,0.3333333333333333,0.35934343434343435,within_genus_species,Candida,100,N_3pct,label
ck7_svd222,CK7 SVD-222,logistic,119,4,82,0.3888888888888889,0.40742296918767507,within_genus_species,Candida,100,N_3pct,label
ck4,CK4,nearest_centroid,69,2,136,0.38095238095238093,0.35764705882352943,target_background,Candida,100,N_3pct,target_binary
ck4,CK4,logistic,69,2,136,0.38095238095238093,0.37528604118993136,target_background,Candida,100,N_3pct,target_binary
ck4_p,CK4+P,nearest_centroid,69,2,147,0.38095238095238093,0.35764705882352943,target_background,Candida,100,N_3pct,target_binary
ck4_p,CK4+P,logistic,69,2,147,0.38095238095238093,0.37528604118993136,target_background,Candida,100,N_3pct,target_binary
ck4p_msp,CK4P-MSP,nearest_centroid,69,2,222,0.38095238095238093,0.35764705882352943,target_background,Candida,100,N_3pct,target_binary
ck4p_msp,CK4P-MSP,logistic,69,2,222,0.47619047619047616,0.47619047619047616,target_background,Candida,100,N_3pct,target_binary
ckmer5_count_l2,CK5,nearest_centroid,69,2,501,0.42857142857142855,0.3942307692307692,target_background,Candida,100,N_3pct,target_binary
ckmer5_count_l2,CK5,logistic,69,2,501,0.42857142857142855,0.41666666666666663,target_background,Candida,100,N_3pct,target_binary
ck5_pca147,CK5 PCA-147,nearest_centroid,69,2,47,0.38095238095238093,0.35764705882352943,target_background,Candida,100,N_3pct,target_binary
ck5_pca147,CK5 PCA-147,logistic,69,2,47,0.42857142857142855,0.3942307692307692,target_background,Candida,100,N_3pct,target_binary
ck5_pca222,CK5 PCA-222,nearest_centroid,69,2,47,0.38095238095238093,0.35764705882352943,target_background,Candida,100,N_3pct,target_binary
ck5_pca222,CK5 PCA-222,logistic,69,2,47,0.42857142857142855,0.3942307692307692,target_background,Candida,100,N_3pct,target_binary
ck5_svd147,CK5 SVD-147,nearest_centroid,69,2,47,0.38095238095238093,0.35764705882352943,target_background,Candida,100,N_3pct,target_binary
ck5_svd147,CK5 SVD-147,logistic,69,2,47,0.2857142857142857,0.2791762013729977,target_background,Candida,100,N_3pct,target_binary
ck5_svd222,CK5 SVD-222,nearest_centroid,69,2,47,0.38095238095238093,0.35764705882352943,target_background,Candida,100,N_3pct,target_binary
ck5_svd222,CK5 SVD-222,logistic,69,2,47,0.2857142857142857,0.2791762013729977,target_background,Candida,100,N_3pct,target_binary
ck7_pca147,CK7 PCA-147,nearest_centroid,69,2,47,0.38095238095238093,0.35764705882352943,target_background,Candida,100,N_3pct,target_binary
ck7_pca147,CK7 PCA-147,logistic,69,2,47,0.42857142857142855,0.41666666666666663,target_background,Candida,100,N_3pct,target_binary
ck7_pca222,CK7 PCA-222,nearest_centroid,69,2,47,0.38095238095238093,0.35764705882352943,target_background,Candida,100,N_3pct,target_binary
ck7_pca222,CK7 PCA-222,logistic,69,2,47,0.42857142857142855,0.41666666666666663,target_background,Candida,100,N_3pct,target_binary
ck7_svd147,CK7 SVD-147,nearest_centroid,69,2,47,0.38095238095238093,0.37528604118993136,target_background,Candida,100,N_3pct,target_binary
ck7_svd147,CK7 SVD-147,logistic,69,2,47,0.38095238095238093,0.37528604118993136,target_background,Candida,100,N_3pct,target_binary
ck7_svd222,CK7 SVD-222,nearest_centroid,69,2,47,0.38095238095238093,0.37528604118993136,target_background,Candida,100,N_3pct,target_binary
ck7_svd222,CK7 SVD-222,logistic,69,2,47,0.38095238095238093,0.37528604118993136,target_background,Candida,100,N_3pct,target_binary
ck4,CK4,nearest_centroid,138,5,136,0.21428571428571427,0.17918552036199095,within_genus_species,Enterobacter,100,N_3pct,label
ck4,CK4,logistic,138,5,136,0.11904761904761904,0.11543859649122808,within_genus_species,Enterobacter,100,N_3pct,label
ck4_p,CK4+P,nearest_centroid,138,5,147,0.21428571428571427,0.17918552036199095,within_genus_species,Enterobacter,100,N_3pct,label
ck4_p,CK4+P,logistic,138,5,147,0.14285714285714285,0.13010526315789472,within_genus_species,Enterobacter,100,N_3pct,label
ck4p_msp,CK4P-MSP,nearest_centroid,138,5,222,0.21428571428571427,0.1816470588235294,within_genus_species,Enterobacter,100,N_3pct,label
ck4p_msp,CK4P-MSP,logistic,138,5,222,0.23809523809523808,0.23326839826839824,within_genus_species,Enterobacter,100,N_3pct,label
ckmer5_count_l2,CK5,nearest_centroid,138,5,510,0.2619047619047619,0.1962566844919786,within_genus_species,Enterobacter,100,N_3pct,label
ckmer5_count_l2,CK5,logistic,138,5,510,0.19047619047619047,0.1433333333333333,within_genus_species,Enterobacter,100,N_3pct,label
ck5_pca147,CK5 PCA-147,nearest_centroid,138,5,95,0.23809523809523808,0.18585858585858586,within_genus_species,Enterobacter,100,N_3pct,label
ck5_pca147,CK5 PCA-147,logistic,138,5,95,0.11904761904761904,0.10874458874458874,within_genus_species,Enterobacter,100,N_3pct,label
ck5_pca222,CK5 PCA-222,nearest_centroid,138,5,95,0.23809523809523808,0.18585858585858586,within_genus_species,Enterobacter,100,N_3pct,label
ck5_pca222,CK5 PCA-222,logistic,138,5,95,0.11904761904761904,0.10874458874458874,within_genus_species,Enterobacter,100,N_3pct,label
ck5_svd147,CK5 SVD-147,nearest_centroid,138,5,95,0.23809523809523808,0.18321320623110907,within_genus_species,Enterobacter,100,N_3pct,label
ck5_svd147,CK5 SVD-147,logistic,138,5,95,0.16666666666666666,0.13544973544973543,within_genus_species,Enterobacter,100,N_3pct,label
ck5_svd222,CK5 SVD-222,nearest_centroid,138,5,95,0.23809523809523808,0.18321320623110907,within_genus_species,Enterobacter,100,N_3pct,label
ck5_svd222,CK5 SVD-222,logistic,138,5,95,0.16666666666666666,0.13544973544973543,within_genus_species,Enterobacter,100,N_3pct,label
ck7_pca147,CK7 PCA-147,nearest_centroid,138,5,95,0.16666666666666666,0.12844444444444444,within_genus_species,Enterobacter,100,N_3pct,label
ck7_pca147,CK7 PCA-147,logistic,138,5,95,0.16666666666666666,0.12771929824561404,within_genus_species,Enterobacter,100,N_3pct,label
ck7_pca222,CK7 PCA-222,nearest_centroid,138,5,95,0.16666666666666666,0.12844444444444444,within_genus_species,Enterobacter,100,N_3pct,label
ck7_pca222,CK7 PCA-222,logistic,138,5,95,0.16666666666666666,0.12771929824561404,within_genus_species,Enterobacter,100,N_3pct,label
ck7_svd147,CK7 SVD-147,nearest_centroid,138,5,95,0.19047619047619047,0.14008097165991903,within_genus_species,Enterobacter,100,N_3pct,label
ck7_svd147,CK7 SVD-147,logistic,138,5,95,0.21428571428571427,0.16153846153846155,within_genus_species,Enterobacter,100,N_3pct,label
ck7_svd222,CK7 SVD-222,nearest_centroid,138,5,95,0.19047619047619047,0.14008097165991903,within_genus_species,Enterobacter,100,N_3pct,label
ck7_svd222,CK7 SVD-222,logistic,138,5,95,0.21428571428571427,0.16153846153846155,within_genus_species,Enterobacter,100,N_3pct,label
ck4,CK4,nearest_centroid,69,2,136,0.5238095238095238,0.4642857142857143,target_background,Enterobacter,100,N_3pct,target_binary
ck4,CK4,logistic,69,2,136,0.38095238095238093,0.3259259259259259,target_background,Enterobacter,100,N_3pct,target_binary
ck4_p,CK4+P,nearest_centroid,69,2,147,0.5238095238095238,0.4642857142857143,target_background,Enterobacter,100,N_3pct,target_binary
ck4_p,CK4+P,logistic,69,2,147,0.38095238095238093,0.3259259259259259,target_background,Enterobacter,100,N_3pct,target_binary
ck4p_msp,CK4P-MSP,nearest_centroid,69,2,222,0.5238095238095238,0.4642857142857143,target_background,Enterobacter,100,N_3pct,target_binary
ck4p_msp,CK4P-MSP,logistic,69,2,222,0.5714285714285714,0.49867374005305043,target_background,Enterobacter,100,N_3pct,target_binary
ckmer5_count_l2,CK5,nearest_centroid,69,2,501,0.47619047619047616,0.47139588100686497,target_background,Enterobacter,100,N_3pct,target_binary
ckmer5_count_l2,CK5,logistic,69,2,501,0.5238095238095238,0.4951923076923077,target_background,Enterobacter,100,N_3pct,target_binary
ck5_pca147,CK5 PCA-147,nearest_centroid,69,2,47,0.47619047619047616,0.47139588100686497,target_background,Enterobacter,100,N_3pct,target_binary
ck5_pca147,CK5 PCA-147,logistic,69,2,47,0.47619047619047616,0.4564705882352942,target_background,Enterobacter,100,N_3pct,target_binary
ck5_pca222,CK5 PCA-222,nearest_centroid,69,2,47,0.47619047619047616,0.47139588100686497,target_background,Enterobacter,100,N_3pct,target_binary
ck5_pca222,CK5 PCA-222,logistic,69,2,47,0.47619047619047616,0.4564705882352942,target_background,Enterobacter,100,N_3pct,target_binary
ck5_svd147,CK5 SVD-147,nearest_centroid,69,2,47,0.47619047619047616,0.47139588100686497,target_background,Enterobacter,100,N_3pct,target_binary
ck5_svd147,CK5 SVD-147,logistic,69,2,47,0.5238095238095238,0.5227272727272727,target_background,Enterobacter,100,N_3pct,target_binary
ck5_svd222,CK5 SVD-222,nearest_centroid,69,2,47,0.47619047619047616,0.47139588100686497,target_background,Enterobacter,100,N_3pct,target_binary
ck5_svd222,CK5 SVD-222,logistic,69,2,47,0.5238095238095238,0.5227272727272727,target_background,Enterobacter,100,N_3pct,target_binary
ck7_pca147,CK7 PCA-147,nearest_centroid,69,2,47,0.42857142857142855,0.3942307692307692,target_background,Enterobacter,100,N_3pct,target_binary
ck7_pca147,CK7 PCA-147,logistic,69,2,47,0.47619047619047616,0.4296296296296296,target_background,Enterobacter,100,N_3pct,target_binary
ck7_pca222,CK7 PCA-222,nearest_centroid,69,2,47,0.42857142857142855,0.3942307692307692,target_background,Enterobacter,100,N_3pct,target_binary
ck7_pca222,CK7 PCA-222,logistic,69,2,47,0.47619047619047616,0.4296296296296296,target_background,Enterobacter,100,N_3pct,target_binary
ck7_svd147,CK7 SVD-147,nearest_centroid,69,2,47,0.42857142857142855,0.3942307692307692,target_background,Enterobacter,100,N_3pct,target_binary
ck7_svd147,CK7 SVD-147,logistic,69,2,47,0.42857142857142855,0.3942307692307692,target_background,Enterobacter,100,N_3pct,target_binary
ck7_svd222,CK7 SVD-222,nearest_centroid,69,2,47,0.42857142857142855,0.3942307692307692,target_background,Enterobacter,100,N_3pct,target_binary
ck7_svd222,CK7 SVD-222,logistic,69,2,47,0.42857142857142855,0.3942307692307692,target_background,Enterobacter,100,N_3pct,target_binary
ck4,CK4,nearest_centroid,69,2,136,0.47619047619047616,0.4564705882352942,within_genus_species,Escherichia,100,N_3pct,label
ck4,CK4,logistic,69,2,136,0.7142857142857143,0.7136363636363636,within_genus_species,Escherichia,100,N_3pct,label
ck4_p,CK4+P,nearest_centroid,69,2,147,0.47619047619047616,0.4564705882352942,within_genus_species,Escherichia,100,N_3pct,label
ck4_p,CK4+P,logistic,69,2,147,0.6666666666666666,0.6666666666666666,within_genus_species,Escherichia,100,N_3pct,label
ck4p_msp,CK4P-MSP,nearest_centroid,69,2,222,0.47619047619047616,0.4564705882352942,within_genus_species,Escherichia,100,N_3pct,label
ck4p_msp,CK4P-MSP,logistic,69,2,222,0.6666666666666666,0.6636155606407322,within_genus_species,Escherichia,100,N_3pct,label
ckmer5_count_l2,CK5,nearest_centroid,69,2,509,0.5238095238095238,0.5138888888888888,within_genus_species,Escherichia,100,N_3pct,label
ckmer5_count_l2,CK5,logistic,69,2,509,0.7142857142857143,0.7136363636363636,within_genus_species,Escherichia,100,N_3pct,label
ck5_pca147,CK5 PCA-147,nearest_centroid,69,2,47,0.5238095238095238,0.5138888888888888,within_genus_species,Escherichia,100,N_3pct,label
ck5_pca147,CK5 PCA-147,logistic,69,2,47,0.5714285714285714,0.5675057208237986,within_genus_species,Escherichia,100,N_3pct,label
ck5_pca222,CK5 PCA-222,nearest_centroid,69,2,47,0.5238095238095238,0.5138888888888888,within_genus_species,Escherichia,100,N_3pct,label
ck5_pca222,CK5 PCA-222,logistic,69,2,47,0.5714285714285714,0.5675057208237986,within_genus_species,Escherichia,100,N_3pct,label
ck5_svd147,CK5 SVD-147,nearest_centroid,69,2,47,0.47619047619047616,0.4564705882352942,within_genus_species,Escherichia,100,N_3pct,label
ck5_svd147,CK5 SVD-147,logistic,69,2,47,0.5238095238095238,0.41666666666666663,within_genus_species,Escherichia,100,N_3pct,label
ck5_svd222,CK5 SVD-222,nearest_centroid,69,2,47,0.47619047619047616,0.4564705882352942,within_genus_species,Escherichia,100,N_3pct,label
ck5_svd222,CK5 SVD-222,logistic,69,2,47,0.5238095238095238,0.41666666666666663,within_genus_species,Escherichia,100,N_3pct,label
ck7_pca147,CK7 PCA-147,nearest_centroid,69,2,47,0.42857142857142855,0.42727272727272725,within_genus_species,Escherichia,100,N_3pct,label
ck7_pca147,CK7 PCA-147,logistic,69,2,47,0.42857142857142855,0.42727272727272725,within_genus_species,Escherichia,100,N_3pct,label
ck7_pca222,CK7 PCA-222,nearest_centroid,69,2,47,0.42857142857142855,0.42727272727272725,within_genus_species,Escherichia,100,N_3pct,label
ck7_pca222,CK7 PCA-222,logistic,69,2,47,0.42857142857142855,0.42727272727272725,within_genus_species,Escherichia,100,N_3pct,label
ck7_svd147,CK7 SVD-147,nearest_centroid,69,2,47,0.42857142857142855,0.42727272727272725,within_genus_species,Escherichia,100,N_3pct,label
ck7_svd147,CK7 SVD-147,logistic,69,2,47,0.42857142857142855,0.42727272727272725,within_genus_species,Escherichia,100,N_3pct,label
ck7_svd222,CK7 SVD-222,nearest_centroid,69,2,47,0.42857142857142855,0.42727272727272725,within_genus_species,Escherichia,100,N_3pct,label
ck7_svd222,CK7 SVD-222,logistic,69,2,47,0.42857142857142855,0.42727272727272725,within_genus_species,Escherichia,100,N_3pct,label
ck4,CK4,nearest_centroid,69,2,136,0.47619047619047616,0.4564705882352942,target_background,Escherichia,100,N_3pct,target_binary
ck4,CK4,logistic,69,2,136,0.7142857142857143,0.7136363636363636,target_background,Escherichia,100,N_3pct,target_binary
ck4_p,CK4+P,nearest_centroid,69,2,147,0.47619047619047616,0.4564705882352942,target_background,Escherichia,100,N_3pct,target_binary
ck4_p,CK4+P,logistic,69,2,147,0.6666666666666666,0.6666666666666666,target_background,Escherichia,100,N_3pct,target_binary
ck4p_msp,CK4P-MSP,nearest_centroid,69,2,222,0.47619047619047616,0.4564705882352942,target_background,Escherichia,100,N_3pct,target_binary
ck4p_msp,CK4P-MSP,logistic,69,2,222,0.6666666666666666,0.6636155606407322,target_background,Escherichia,100,N_3pct,target_binary
ckmer5_count_l2,CK5,nearest_centroid,69,2,509,0.5238095238095238,0.5138888888888888,target_background,Escherichia,100,N_3pct,target_binary
ckmer5_count_l2,CK5,logistic,69,2,509,0.7142857142857143,0.7136363636363636,target_background,Escherichia,100,N_3pct,target_binary
ck5_pca147,CK5 PCA-147,nearest_centroid,69,2,47,0.5238095238095238,0.5138888888888888,target_background,Escherichia,100,N_3pct,target_binary
ck5_pca147,CK5 PCA-147,logistic,69,2,47,0.5714285714285714,0.5675057208237986,target_background,Escherichia,100,N_3pct,target_binary
ck5_pca222,CK5 PCA-222,nearest_centroid,69,2,47,0.5238095238095238,0.5138888888888888,target_background,Escherichia,100,N_3pct,target_binary
ck5_pca222,CK5 PCA-222,logistic,69,2,47,0.5714285714285714,0.5675057208237986,target_background,Escherichia,100,N_3pct,target_binary
ck5_svd147,CK5 SVD-147,nearest_centroid,69,2,47,0.47619047619047616,0.4564705882352942,target_background,Escherichia,100,N_3pct,target_binary
ck5_svd147,CK5 SVD-147,logistic,69,2,47,0.5238095238095238,0.41666666666666663,target_background,Escherichia,100,N_3pct,target_binary
ck5_svd222,CK5 SVD-222,nearest_centroid,69,2,47,0.47619047619047616,0.4564705882352942,target_background,Escherichia,100,N_3pct,target_binary
ck5_svd222,CK5 SVD-222,logistic,69,2,47,0.5238095238095238,0.41666666666666663,target_background,Escherichia,100,N_3pct,target_binary
ck7_pca147,CK7 PCA-147,nearest_centroid,69,2,47,0.42857142857142855,0.42727272727272725,target_background,Escherichia,100,N_3pct,target_binary
ck7_pca147,CK7 PCA-147,logistic,69,2,47,0.42857142857142855,0.42727272727272725,target_background,Escherichia,100,N_3pct,target_binary
ck7_pca222,CK7 PCA-222,nearest_centroid,69,2,47,0.42857142857142855,0.42727272727272725,target_background,Escherichia,100,N_3pct,target_binary
ck7_pca222,CK7 PCA-222,logistic,69,2,47,0.42857142857142855,0.42727272727272725,target_background,Escherichia,100,N_3pct,target_binary
ck7_svd147,CK7 SVD-147,nearest_centroid,69,2,47,0.42857142857142855,0.42727272727272725,target_background,Escherichia,100,N_3pct,target_binary
ck7_svd147,CK7 SVD-147,logistic,69,2,47,0.42857142857142855,0.42727272727272725,target_background,Escherichia,100,N_3pct,target_binary
ck7_svd222,CK7 SVD-222,nearest_centroid,69,2,47,0.42857142857142855,0.42727272727272725,target_background,Escherichia,100,N_3pct,target_binary
ck7_svd222,CK7 SVD-222,logistic,69,2,47,0.42857142857142855,0.42727272727272725,target_background,Escherichia,100,N_3pct,target_binary
ck4,CK4,nearest_centroid,74,3,136,0.391304347826087,0.38442684766214175,within_genus_species,Klebsiella,100,N_3pct,label
ck4,CK4,logistic,74,3,136,0.391304347826087,0.38687782805429866,within_genus_species,Klebsiella,100,N_3pct,label
ck4_p,CK4+P,nearest_centroid,74,3,147,0.391304347826087,0.38442684766214175,within_genus_species,Klebsiella,100,N_3pct,label
ck4_p,CK4+P,logistic,74,3,147,0.391304347826087,0.38442684766214175,within_genus_species,Klebsiella,100,N_3pct,label
ck4p_msp,CK4P-MSP,nearest_centroid,74,3,222,0.391304347826087,0.38442684766214175,within_genus_species,Klebsiella,100,N_3pct,label
ck4p_msp,CK4P-MSP,logistic,74,3,222,0.34782608695652173,0.34017094017094013,within_genus_species,Klebsiella,100,N_3pct,label
ckmer5_count_l2,CK5,nearest_centroid,74,3,505,0.4782608695652174,0.469094304388422,within_genus_species,Klebsiella,100,N_3pct,label
ckmer5_count_l2,CK5,logistic,74,3,505,0.43478260869565216,0.402653990889285,within_genus_species,Klebsiella,100,N_3pct,label
ck5_pca147,CK5 PCA-147,nearest_centroid,74,3,50,0.43478260869565216,0.42782446311858074,within_genus_species,Klebsiella,100,N_3pct,label
ck5_pca147,CK5 PCA-147,logistic,74,3,50,0.34782608695652173,0.34722222222222215,within_genus_species,Klebsiella,100,N_3pct,label
ck5_pca222,CK5 PCA-222,nearest_centroid,74,3,50,0.43478260869565216,0.42782446311858074,within_genus_species,Klebsiella,100,N_3pct,label
ck5_pca222,CK5 PCA-222,logistic,74,3,50,0.34782608695652173,0.34722222222222215,within_genus_species,Klebsiella,100,N_3pct,label
ck5_svd147,CK5 SVD-147,nearest_centroid,74,3,50,0.391304347826087,0.39444444444444443,within_genus_species,Klebsiella,100,N_3pct,label
ck5_svd147,CK5 SVD-147,logistic,74,3,50,0.34782608695652173,0.3572775263951735,within_genus_species,Klebsiella,100,N_3pct,label
ck5_svd222,CK5 SVD-222,nearest_centroid,74,3,50,0.391304347826087,0.39444444444444443,within_genus_species,Klebsiella,100,N_3pct,label
ck5_svd222,CK5 SVD-222,logistic,74,3,50,0.34782608695652173,0.3572775263951735,within_genus_species,Klebsiella,100,N_3pct,label
ck7_pca147,CK7 PCA-147,nearest_centroid,74,3,50,0.43478260869565216,0.43305322128851537,within_genus_species,Klebsiella,100,N_3pct,label
ck7_pca147,CK7 PCA-147,logistic,74,3,50,0.43478260869565216,0.43305322128851537,within_genus_species,Klebsiella,100,N_3pct,label
ck7_pca222,CK7 PCA-222,nearest_centroid,74,3,50,0.43478260869565216,0.43305322128851537,within_genus_species,Klebsiella,100,N_3pct,label
ck7_pca222,CK7 PCA-222,logistic,74,3,50,0.43478260869565216,0.43305322128851537,within_genus_species,Klebsiella,100,N_3pct,label
ck7_svd147,CK7 SVD-147,nearest_centroid,74,3,50,0.4782608695652174,0.4761904761904762,within_genus_species,Klebsiella,100,N_3pct,label
ck7_svd147,CK7 SVD-147,logistic,74,3,50,0.43478260869565216,0.4361111111111111,within_genus_species,Klebsiella,100,N_3pct,label
ck7_svd222,CK7 SVD-222,nearest_centroid,74,3,50,0.4782608695652174,0.4761904761904762,within_genus_species,Klebsiella,100,N_3pct,label
ck7_svd222,CK7 SVD-222,logistic,74,3,50,0.43478260869565216,0.4361111111111111,within_genus_species,Klebsiella,100,N_3pct,label
ck4,CK4,nearest_centroid,66,2,136,0.55,0.5396419437340154,target_background,Klebsiella,100,N_3pct,target_binary
ck4,CK4,logistic,66,2,136,0.55,0.52,target_background,Klebsiella,100,N_3pct,target_binary
ck4_p,CK4+P,nearest_centroid,66,2,147,0.55,0.5396419437340154,target_background,Klebsiella,100,N_3pct,target_binary
ck4_p,CK4+P,logistic,66,2,147,0.55,0.52,target_background,Klebsiella,100,N_3pct,target_binary
ck4p_msp,CK4P-MSP,nearest_centroid,66,2,222,0.55,0.5396419437340154,target_background,Klebsiella,100,N_3pct,target_binary
ck4p_msp,CK4P-MSP,logistic,66,2,222,0.4,0.375,target_background,Klebsiella,100,N_3pct,target_binary
ckmer5_count_l2,CK5,nearest_centroid,66,2,505,0.6,0.5833333333333333,target_background,Klebsiella,100,N_3pct,target_binary
ckmer5_count_l2,CK5,logistic,66,2,505,0.65,0.6011396011396011,target_background,Klebsiella,100,N_3pct,target_binary
ck5_pca147,CK5 PCA-147,nearest_centroid,66,2,45,0.6,0.5833333333333333,target_background,Klebsiella,100,N_3pct,target_binary
ck5_pca147,CK5 PCA-147,logistic,66,2,45,0.65,0.6266666666666667,target_background,Klebsiella,100,N_3pct,target_binary
ck5_pca222,CK5 PCA-222,nearest_centroid,66,2,45,0.6,0.5833333333333333,target_background,Klebsiella,100,N_3pct,target_binary
ck5_pca222,CK5 PCA-222,logistic,66,2,45,0.65,0.6266666666666667,target_background,Klebsiella,100,N_3pct,target_binary
ck5_svd147,CK5 SVD-147,nearest_centroid,66,2,45,0.5,0.4949494949494949,target_background,Klebsiella,100,N_3pct,target_binary
ck5_svd147,CK5 SVD-147,logistic,66,2,45,0.45,0.44862155388471175,target_background,Klebsiella,100,N_3pct,target_binary
ck5_svd222,CK5 SVD-222,nearest_centroid,66,2,45,0.5,0.4949494949494949,target_background,Klebsiella,100,N_3pct,target_binary
ck5_svd222,CK5 SVD-222,logistic,66,2,45,0.45,0.44862155388471175,target_background,Klebsiella,100,N_3pct,target_binary
ck7_pca147,CK7 PCA-147,nearest_centroid,66,2,45,0.55,0.5488721804511278,target_background,Klebsiella,100,N_3pct,target_binary
ck7_pca147,CK7 PCA-147,logistic,66,2,45,0.6,0.595959595959596,target_background,Klebsiella,100,N_3pct,target_binary
ck7_pca222,CK7 PCA-222,nearest_centroid,66,2,45,0.55,0.5488721804511278,target_background,Klebsiella,100,N_3pct,target_binary
ck7_pca222,CK7 PCA-222,logistic,66,2,45,0.6,0.595959595959596,target_background,Klebsiella,100,N_3pct,target_binary
ck7_svd147,CK7 SVD-147,nearest_centroid,66,2,45,0.55,0.5488721804511278,target_background,Klebsiella,100,N_3pct,target_binary
ck7_svd147,CK7 SVD-147,logistic,66,2,45,0.55,0.5488721804511278,target_background,Klebsiella,100,N_3pct,target_binary
ck7_svd222,CK7 SVD-222,nearest_centroid,66,2,45,0.55,0.5488721804511278,target_background,Klebsiella,100,N_3pct,target_binary
ck7_svd222,CK7 SVD-222,logistic,66,2,45,0.55,0.5488721804511278,target_background,Klebsiella,100,N_3pct,target_binary
ck4,CK4,nearest_centroid,114,4,136,0.45714285714285713,0.4206372549019608,within_genus_species,Acinetobacter,150,clean,label
ck4,CK4,logistic,114,4,136,0.2857142857142857,0.23863636363636365,within_genus_species,Acinetobacter,150,clean,label
ck4_p,CK4+P,nearest_centroid,114,4,147,0.45714285714285713,0.4206372549019608,within_genus_species,Acinetobacter,150,clean,label
ck4_p,CK4+P,logistic,114,4,147,0.34285714285714286,0.29909812895409876,within_genus_species,Acinetobacter,150,clean,label
ck4p_msp,CK4P-MSP,nearest_centroid,114,4,222,0.45714285714285713,0.4206372549019608,within_genus_species,Acinetobacter,150,clean,label
ck4p_msp,CK4P-MSP,logistic,114,4,222,0.2857142857142857,0.25500541125541126,within_genus_species,Acinetobacter,150,clean,label
ckmer5_count_l2,CK5,nearest_centroid,114,4,512,0.4,0.35815850815850814,within_genus_species,Acinetobacter,150,clean,label
ckmer5_count_l2,CK5,logistic,114,4,512,0.34285714285714286,0.32291666666666663,within_genus_species,Acinetobacter,150,clean,label
ck5_pca147,CK5 PCA-147,nearest_centroid,114,4,78,0.37142857142857144,0.33765412219359586,within_genus_species,Acinetobacter,150,clean,label
ck5_pca147,CK5 PCA-147,logistic,114,4,78,0.34285714285714286,0.2911490683229814,within_genus_species,Acinetobacter,150,clean,label
ck5_pca222,CK5 PCA-222,nearest_centroid,114,4,78,0.37142857142857144,0.33765412219359586,within_genus_species,Acinetobacter,150,clean,label
ck5_pca222,CK5 PCA-222,logistic,114,4,78,0.34285714285714286,0.2911490683229814,within_genus_species,Acinetobacter,150,clean,label
ck5_svd147,CK5 SVD-147,nearest_centroid,114,4,78,0.4,0.36077434039390566,within_genus_species,Acinetobacter,150,clean,label
ck5_svd147,CK5 SVD-147,logistic,114,4,78,0.3142857142857143,0.2861111111111111,within_genus_species,Acinetobacter,150,clean,label
ck5_svd222,CK5 SVD-222,nearest_centroid,114,4,78,0.4,0.36077434039390566,within_genus_species,Acinetobacter,150,clean,label
ck5_svd222,CK5 SVD-222,logistic,114,4,78,0.3142857142857143,0.2861111111111111,within_genus_species,Acinetobacter,150,clean,label
ck7_pca147,CK7 PCA-147,nearest_centroid,114,4,78,0.3142857142857143,0.30514705882352944,within_genus_species,Acinetobacter,150,clean,label
ck7_pca147,CK7 PCA-147,logistic,114,4,78,0.34285714285714286,0.32210144927536233,within_genus_species,Acinetobacter,150,clean,label
ck7_pca222,CK7 PCA-222,nearest_centroid,114,4,78,0.3142857142857143,0.30514705882352944,within_genus_species,Acinetobacter,150,clean,label
ck7_pca222,CK7 PCA-222,logistic,114,4,78,0.34285714285714286,0.32210144927536233,within_genus_species,Acinetobacter,150,clean,label
ck7_svd147,CK7 SVD-147,nearest_centroid,114,4,78,0.3142857142857143,0.30514705882352944,within_genus_species,Acinetobacter,150,clean,label
ck7_svd147,CK7 SVD-147,logistic,114,4,78,0.34285714285714286,0.319087015196855,within_genus_species,Acinetobacter,150,clean,label
ck7_svd222,CK7 SVD-222,nearest_centroid,114,4,78,0.3142857142857143,0.30514705882352944,within_genus_species,Acinetobacter,150,clean,label
ck7_svd222,CK7 SVD-222,logistic,114,4,78,0.34285714285714286,0.319087015196855,within_genus_species,Acinetobacter,150,clean,label
ck4,CK4,nearest_centroid,89,3,136,0.2222222222222222,0.23315508021390374,within_genus_species,Burkholderia,150,clean,label
ck4,CK4,logistic,89,3,136,0.37037037037037035,0.3611111111111111,within_genus_species,Burkholderia,150,clean,label
ck4_p,CK4+P,nearest_centroid,89,3,147,0.2222222222222222,0.23315508021390374,within_genus_species,Burkholderia,150,clean,label
ck4_p,CK4+P,logistic,89,3,147,0.4074074074074074,0.3948412698412698,within_genus_species,Burkholderia,150,clean,label
ck4p_msp,CK4P-MSP,nearest_centroid,89,3,222,0.2222222222222222,0.23315508021390374,within_genus_species,Burkholderia,150,clean,label
ck4p_msp,CK4P-MSP,logistic,89,3,222,0.4444444444444444,0.4280904280904281,within_genus_species,Burkholderia,150,clean,label
ckmer5_count_l2,CK5,nearest_centroid,89,3,502,0.2222222222222222,0.23027544351073762,within_genus_species,Burkholderia,150,clean,label
ckmer5_count_l2,CK5,logistic,89,3,502,0.4074074074074074,0.38095238095238093,within_genus_species,Burkholderia,150,clean,label
ck5_pca147,CK5 PCA-147,nearest_centroid,89,3,61,0.2222222222222222,0.23027544351073762,within_genus_species,Burkholderia,150,clean,label
ck5_pca147,CK5 PCA-147,logistic,89,3,61,0.3333333333333333,0.32954545454545453,within_genus_species,Burkholderia,150,clean,label
ck5_pca222,CK5 PCA-222,nearest_centroid,89,3,61,0.2222222222222222,0.23027544351073762,within_genus_species,Burkholderia,150,clean,label
ck5_pca222,CK5 PCA-222,logistic,89,3,61,0.3333333333333333,0.32954545454545453,within_genus_species,Burkholderia,150,clean,label
ck5_svd147,CK5 SVD-147,nearest_centroid,89,3,61,0.2962962962962963,0.2962962962962963,within_genus_species,Burkholderia,150,clean,label
ck5_svd147,CK5 SVD-147,logistic,89,3,61,0.2962962962962963,0.29907407407407405,within_genus_species,Burkholderia,150,clean,label
ck5_svd222,CK5 SVD-222,nearest_centroid,89,3,61,0.2962962962962963,0.2962962962962963,within_genus_species,Burkholderia,150,clean,label
ck5_svd222,CK5 SVD-222,logistic,89,3,61,0.2962962962962963,0.29907407407407405,within_genus_species,Burkholderia,150,clean,label
ck7_pca147,CK7 PCA-147,nearest_centroid,89,3,61,0.3333333333333333,0.27777777777777773,within_genus_species,Burkholderia,150,clean,label
ck7_pca147,CK7 PCA-147,logistic,89,3,61,0.4074074074074074,0.37714285714285717,within_genus_species,Burkholderia,150,clean,label
ck7_pca222,CK7 PCA-222,nearest_centroid,89,3,61,0.3333333333333333,0.27777777777777773,within_genus_species,Burkholderia,150,clean,label
ck7_pca222,CK7 PCA-222,logistic,89,3,61,0.4074074074074074,0.37714285714285717,within_genus_species,Burkholderia,150,clean,label
ck7_svd147,CK7 SVD-147,nearest_centroid,89,3,61,0.2222222222222222,0.2128654970760234,within_genus_species,Burkholderia,150,clean,label
ck7_svd147,CK7 SVD-147,logistic,89,3,61,0.2962962962962963,0.29395166237271503,within_genus_species,Burkholderia,150,clean,label
ck7_svd222,CK7 SVD-222,nearest_centroid,89,3,61,0.2222222222222222,0.2128654970760234,within_genus_species,Burkholderia,150,clean,label
ck7_svd222,CK7 SVD-222,logistic,89,3,61,0.2962962962962963,0.29395166237271503,within_genus_species,Burkholderia,150,clean,label
ck4,CK4,nearest_centroid,69,2,136,0.5714285714285714,0.5675057208237986,target_background,Burkholderia,150,clean,target_binary
ck4,CK4,logistic,69,2,136,0.6190476190476191,0.5961538461538461,target_background,Burkholderia,150,clean,target_binary
ck4_p,CK4+P,nearest_centroid,69,2,147,0.5714285714285714,0.5675057208237986,target_background,Burkholderia,150,clean,target_binary
ck4_p,CK4+P,logistic,69,2,147,0.6190476190476191,0.5961538461538461,target_background,Burkholderia,150,clean,target_binary
ck4p_msp,CK4P-MSP,nearest_centroid,69,2,222,0.5714285714285714,0.5675057208237986,target_background,Burkholderia,150,clean,target_binary
ck4p_msp,CK4P-MSP,logistic,69,2,222,0.6666666666666666,0.6541176470588235,target_background,Burkholderia,150,clean,target_binary
ckmer5_count_l2,CK5,nearest_centroid,69,2,489,0.5238095238095238,0.5138888888888888,target_background,Burkholderia,150,clean,target_binary
ckmer5_count_l2,CK5,logistic,69,2,489,0.5714285714285714,0.5333333333333333,target_background,Burkholderia,150,clean,target_binary
ck5_pca147,CK5 PCA-147,nearest_centroid,69,2,47,0.5238095238095238,0.5138888888888888,target_background,Burkholderia,150,clean,target_binary
ck5_pca147,CK5 PCA-147,logistic,69,2,47,0.42857142857142855,0.41666666666666663,target_background,Burkholderia,150,clean,target_binary
ck5_pca222,CK5 PCA-222,nearest_centroid,69,2,47,0.5238095238095238,0.5138888888888888,target_background,Burkholderia,150,clean,target_binary
ck5_pca222,CK5 PCA-222,logistic,69,2,47,0.42857142857142855,0.41666666666666663,target_background,Burkholderia,150,clean,target_binary
ck5_svd147,CK5 SVD-147,nearest_centroid,69,2,47,0.5238095238095238,0.5138888888888888,target_background,Burkholderia,150,clean,target_binary
ck5_svd147,CK5 SVD-147,logistic,69,2,47,0.47619047619047616,0.47139588100686497,target_background,Burkholderia,150,clean,target_binary
ck5_svd222,CK5 SVD-222,nearest_centroid,69,2,47,0.5238095238095238,0.5138888888888888,target_background,Burkholderia,150,clean,target_binary
ck5_svd222,CK5 SVD-222,logistic,69,2,47,0.47619047619047616,0.47139588100686497,target_background,Burkholderia,150,clean,target_binary
ck7_pca147,CK7 PCA-147,nearest_centroid,69,2,47,0.38095238095238093,0.37528604118993136,target_background,Burkholderia,150,clean,target_binary
ck7_pca147,CK7 PCA-147,logistic,69,2,47,0.5714285714285714,0.5714285714285714,target_background,Burkholderia,150,clean,target_binary
ck7_pca222,CK7 PCA-222,nearest_centroid,69,2,47,0.38095238095238093,0.37528604118993136,target_background,Burkholderia,150,clean,target_binary
ck7_pca222,CK7 PCA-222,logistic,69,2,47,0.5714285714285714,0.5714285714285714,target_background,Burkholderia,150,clean,target_binary
ck7_svd147,CK7 SVD-147,nearest_centroid,69,2,47,0.42857142857142855,0.42727272727272725,target_background,Burkholderia,150,clean,target_binary
ck7_svd147,CK7 SVD-147,logistic,69,2,47,0.5238095238095238,0.5227272727272727,target_background,Burkholderia,150,clean,target_binary
ck7_svd222,CK7 SVD-222,nearest_centroid,69,2,47,0.42857142857142855,0.42727272727272725,target_background,Burkholderia,150,clean,target_binary
ck7_svd222,CK7 SVD-222,logistic,69,2,47,0.5238095238095238,0.5227272727272727,target_background,Burkholderia,150,clean,target_binary
ck4,CK4,nearest_centroid,113,4,136,0.47058823529411764,0.45850202429149794,within_genus_species,Candida,150,clean,label
ck4,CK4,logistic,113,4,136,0.3235294117647059,0.3262227968110321,within_genus_species,Candida,150,clean,label
ck4_p,CK4+P,nearest_centroid,113,4,147,0.47058823529411764,0.45850202429149794,within_genus_species,Candida,150,clean,label
ck4_p,CK4+P,logistic,113,4,147,0.23529411764705882,0.20941176470588235,within_genus_species,Candida,150,clean,label
ck4p_msp,CK4P-MSP,nearest_centroid,113,4,222,0.47058823529411764,0.45850202429149794,within_genus_species,Candida,150,clean,label
ck4p_msp,CK4P-MSP,logistic,113,4,222,0.35294117647058826,0.33412698412698416,within_genus_species,Candida,150,clean,label
ckmer5_count_l2,CK5,nearest_centroid,113,4,509,0.3235294117647059,0.30833333333333335,within_genus_species,Candida,150,clean,label
ckmer5_count_l2,CK5,logistic,113,4,509,0.4117647058823529,0.41785845733214155,within_genus_species,Candida,150,clean,label
ck5_pca147,CK5 PCA-147,nearest_centroid,113,4,78,0.35294117647058826,0.3307533539731682,within_genus_species,Candida,150,clean,label
ck5_pca147,CK5 PCA-147,logistic,113,4,78,0.3235294117647059,0.3213369963369963,within_genus_species,Candida,150,clean,label
ck5_pca222,CK5 PCA-222,nearest_centroid,113,4,78,0.35294117647058826,0.3307533539731682,within_genus_species,Candida,150,clean,label
ck5_pca222,CK5 PCA-222,logistic,113,4,78,0.3235294117647059,0.3213369963369963,within_genus_species,Candida,150,clean,label
ck5_svd147,CK5 SVD-147,nearest_centroid,113,4,78,0.4411764705882353,0.44385964912280707,within_genus_species,Candida,150,clean,label
ck5_svd147,CK5 SVD-147,logistic,113,4,78,0.3235294117647059,0.30634920634920637,within_genus_species,Candida,150,clean,label
ck5_svd222,CK5 SVD-222,nearest_centroid,113,4,78,0.4411764705882353,0.44385964912280707,within_genus_species,Candida,150,clean,label
ck5_svd222,CK5 SVD-222,logistic,113,4,78,0.3235294117647059,0.30634920634920637,within_genus_species,Candida,150,clean,label
ck7_pca147,CK7 PCA-147,nearest_centroid,113,4,78,0.29411764705882354,0.29701258493828153,within_genus_species,Candida,150,clean,label
ck7_pca147,CK7 PCA-147,logistic,113,4,78,0.3235294117647059,0.3296517809675704,within_genus_species,Candida,150,clean,label
ck7_pca222,CK7 PCA-222,nearest_centroid,113,4,78,0.29411764705882354,0.29701258493828153,within_genus_species,Candida,150,clean,label
ck7_pca222,CK7 PCA-222,logistic,113,4,78,0.3235294117647059,0.3296517809675704,within_genus_species,Candida,150,clean,label
ck7_svd147,CK7 SVD-147,nearest_centroid,113,4,78,0.4411764705882353,0.4434905372405372,within_genus_species,Candida,150,clean,label
ck7_svd147,CK7 SVD-147,logistic,113,4,78,0.38235294117647056,0.3451797385620915,within_genus_species,Candida,150,clean,label
ck7_svd222,CK7 SVD-222,nearest_centroid,113,4,78,0.4411764705882353,0.4434905372405372,within_genus_species,Candida,150,clean,label
ck7_svd222,CK7 SVD-222,logistic,113,4,78,0.38235294117647056,0.3451797385620915,within_genus_species,Candida,150,clean,label
ck4,CK4,nearest_centroid,72,2,136,0.6363636363636364,0.6333333333333333,target_background,Candida,150,clean,target_binary
ck4,CK4,logistic,72,2,136,0.45454545454545453,0.4358974358974359,target_background,Candida,150,clean,target_binary
ck4_p,CK4+P,nearest_centroid,72,2,147,0.6363636363636364,0.6333333333333333,target_background,Candida,150,clean,target_binary
ck4_p,CK4+P,logistic,72,2,147,0.4090909090909091,0.39789473684210525,target_background,Candida,150,clean,target_binary
ck4p_msp,CK4P-MSP,nearest_centroid,72,2,222,0.6363636363636364,0.6333333333333333,target_background,Candida,150,clean,target_binary
ck4p_msp,CK4P-MSP,logistic,72,2,222,0.5909090909090909,0.5831578947368421,target_background,Candida,150,clean,target_binary
ckmer5_count_l2,CK5,nearest_centroid,72,2,507,0.5909090909090909,0.5686274509803921,target_background,Candida,150,clean,target_binary
ckmer5_count_l2,CK5,logistic,72,2,507,0.45454545454545453,0.4107142857142857,target_background,Candida,150,clean,target_binary
ck5_pca147,CK5 PCA-147,nearest_centroid,72,2,49,0.5909090909090909,0.5686274509803921,target_background,Candida,150,clean,target_binary
ck5_pca147,CK5 PCA-147,logistic,72,2,49,0.5,0.47276688453159044,target_background,Candida,150,clean,target_binary
ck5_pca222,CK5 PCA-222,nearest_centroid,72,2,49,0.5909090909090909,0.5686274509803921,target_background,Candida,150,clean,target_binary
ck5_pca222,CK5 PCA-222,logistic,72,2,49,0.5,0.47276688453159044,target_background,Candida,150,clean,target_binary
ck5_svd147,CK5 SVD-147,nearest_centroid,72,2,49,0.5454545454545454,0.5416666666666667,target_background,Candida,150,clean,target_binary
ck5_svd147,CK5 SVD-147,logistic,72,2,49,0.4090909090909091,0.39789473684210525,target_background,Candida,150,clean,target_binary
ck5_svd222,CK5 SVD-222,nearest_centroid,72,2,49,0.5454545454545454,0.5416666666666667,target_background,Candida,150,clean,target_binary
ck5_svd222,CK5 SVD-222,logistic,72,2,49,0.4090909090909091,0.39789473684210525,target_background,Candida,150,clean,target_binary
ck7_pca147,CK7 PCA-147,nearest_centroid,72,2,49,0.5909090909090909,0.5686274509803921,target_background,Candida,150,clean,target_binary
ck7_pca147,CK7 PCA-147,logistic,72,2,49,0.5454545454545454,0.5299145299145299,target_background,Candida,150,clean,target_binary
ck7_pca222,CK7 PCA-222,nearest_centroid,72,2,49,0.5909090909090909,0.5686274509803921,target_background,Candida,150,clean,target_binary
ck7_pca222,CK7 PCA-222,logistic,72,2,49,0.5454545454545454,0.5299145299145299,target_background,Candida,150,clean,target_binary
ck7_svd147,CK7 SVD-147,nearest_centroid,72,2,49,0.5909090909090909,0.5900621118012422,target_background,Candida,150,clean,target_binary
ck7_svd147,CK7 SVD-147,logistic,72,2,49,0.45454545454545453,0.3125,target_background,Candida,150,clean,target_binary
ck7_svd222,CK7 SVD-222,nearest_centroid,72,2,49,0.5909090909090909,0.5900621118012422,target_background,Candida,150,clean,target_binary
ck7_svd222,CK7 SVD-222,logistic,72,2,49,0.45454545454545453,0.3125,target_background,Candida,150,clean,target_binary
ck4,CK4,nearest_centroid,147,5,136,0.17777777777777778,0.17267399267399267,within_genus_species,Enterobacter,150,clean,label
ck4,CK4,logistic,147,5,136,0.1111111111111111,0.11461610285139696,within_genus_species,Enterobacter,150,clean,label
ck4_p,CK4+P,nearest_centroid,147,5,147,0.17777777777777778,0.17267399267399267,within_genus_species,Enterobacter,150,clean,label
ck4_p,CK4+P,logistic,147,5,147,0.1111111111111111,0.11631440454969866,within_genus_species,Enterobacter,150,clean,label
ck4p_msp,CK4P-MSP,nearest_centroid,147,5,222,0.17777777777777778,0.17267399267399267,within_genus_species,Enterobacter,150,clean,label
ck4p_msp,CK4P-MSP,logistic,147,5,222,0.2,0.19418394471026051,within_genus_species,Enterobacter,150,clean,label
ckmer5_count_l2,CK5,nearest_centroid,147,5,510,0.2,0.17604617604617603,within_genus_species,Enterobacter,150,clean,label
ckmer5_count_l2,CK5,logistic,147,5,510,0.2,0.189983109948785,within_genus_species,Enterobacter,150,clean,label
ck5_pca147,CK5 PCA-147,nearest_centroid,147,5,101,0.2,0.19930735930735932,within_genus_species,Enterobacter,150,clean,label
ck5_pca147,CK5 PCA-147,logistic,147,5,101,0.15555555555555556,0.14474153297682707,within_genus_species,Enterobacter,150,clean,label
ck5_pca222,CK5 PCA-222,nearest_centroid,147,5,101,0.2,0.19930735930735932,within_genus_species,Enterobacter,150,clean,label
ck5_pca222,CK5 PCA-222,logistic,147,5,101,0.15555555555555556,0.14474153297682707,within_genus_species,Enterobacter,150,clean,label
ck5_svd147,CK5 SVD-147,nearest_centroid,147,5,101,0.2,0.1765641376167692,within_genus_species,Enterobacter,150,clean,label
ck5_svd147,CK5 SVD-147,logistic,147,5,101,0.13333333333333333,0.11978260869565216,within_genus_species,Enterobacter,150,clean,label
ck5_svd222,CK5 SVD-222,nearest_centroid,147,5,101,0.2,0.1765641376167692,within_genus_species,Enterobacter,150,clean,label
ck5_svd222,CK5 SVD-222,logistic,147,5,101,0.13333333333333333,0.11978260869565216,within_genus_species,Enterobacter,150,clean,label
ck7_pca147,CK7 PCA-147,nearest_centroid,147,5,101,0.13333333333333333,0.12121212121212122,within_genus_species,Enterobacter,150,clean,label
ck7_pca147,CK7 PCA-147,logistic,147,5,101,0.15555555555555556,0.1504558186911128,within_genus_species,Enterobacter,150,clean,label
ck7_pca222,CK7 PCA-222,nearest_centroid,147,5,101,0.13333333333333333,0.12121212121212122,within_genus_species,Enterobacter,150,clean,label
ck7_pca222,CK7 PCA-222,logistic,147,5,101,0.15555555555555556,0.1504558186911128,within_genus_species,Enterobacter,150,clean,label
ck7_svd147,CK7 SVD-147,nearest_centroid,147,5,101,0.15555555555555556,0.1447415329768271,within_genus_species,Enterobacter,150,clean,label
ck7_svd147,CK7 SVD-147,logistic,147,5,101,0.2,0.17714285714285713,within_genus_species,Enterobacter,150,clean,label
ck7_svd222,CK7 SVD-222,nearest_centroid,147,5,101,0.15555555555555556,0.1447415329768271,within_genus_species,Enterobacter,150,clean,label
ck7_svd222,CK7 SVD-222,logistic,147,5,101,0.2,0.17714285714285713,within_genus_species,Enterobacter,150,clean,label
ck4,CK4,nearest_centroid,69,2,136,0.47619047619047616,0.47619047619047616,target_background,Enterobacter,150,clean,target_binary
ck4,CK4,logistic,69,2,136,0.42857142857142855,0.42727272727272725,target_background,Enterobacter,150,clean,target_binary
ck4_p,CK4+P,nearest_centroid,69,2,147,0.47619047619047616,0.47619047619047616,target_background,Enterobacter,150,clean,target_binary
ck4_p,CK4+P,logistic,69,2,147,0.47619047619047616,0.47619047619047616,target_background,Enterobacter,150,clean,target_binary
ck4p_msp,CK4P-MSP,nearest_centroid,69,2,222,0.5238095238095238,0.5227272727272727,target_background,Enterobacter,150,clean,target_binary
ck4p_msp,CK4P-MSP,logistic,69,2,222,0.5238095238095238,0.5227272727272727,target_background,Enterobacter,150,clean,target_binary
ckmer5_count_l2,CK5,nearest_centroid,69,2,509,0.5238095238095238,0.5227272727272727,target_background,Enterobacter,150,clean,target_binary
ckmer5_count_l2,CK5,logistic,69,2,509,0.47619047619047616,0.47139588100686497,target_background,Enterobacter,150,clean,target_binary
ck5_pca147,CK5 PCA-147,nearest_centroid,69,2,47,0.6666666666666666,0.6636155606407322,target_background,Enterobacter,150,clean,target_binary
ck5_pca147,CK5 PCA-147,logistic,69,2,47,0.5238095238095238,0.5227272727272727,target_background,Enterobacter,150,clean,target_binary
ck5_pca222,CK5 PCA-222,nearest_centroid,69,2,47,0.6666666666666666,0.6636155606407322,target_background,Enterobacter,150,clean,target_binary
ck5_pca222,CK5 PCA-222,logistic,69,2,47,0.5238095238095238,0.5227272727272727,target_background,Enterobacter,150,clean,target_binary
ck5_svd147,CK5 SVD-147,nearest_centroid,69,2,47,0.6666666666666666,0.6636155606407322,target_background,Enterobacter,150,clean,target_binary
ck5_svd147,CK5 SVD-147,logistic,69,2,47,0.5238095238095238,0.5138888888888888,target_background,Enterobacter,150,clean,target_binary
ck5_svd222,CK5 SVD-222,nearest_centroid,69,2,47,0.6666666666666666,0.6636155606407322,target_background,Enterobacter,150,clean,target_binary
ck5_svd222,CK5 SVD-222,logistic,69,2,47,0.5238095238095238,0.5138888888888888,target_background,Enterobacter,150,clean,target_binary
ck7_pca147,CK7 PCA-147,nearest_centroid,69,2,47,0.6666666666666666,0.6636155606407322,target_background,Enterobacter,150,clean,target_binary
ck7_pca147,CK7 PCA-147,logistic,69,2,47,0.7142857142857143,0.7136363636363636,target_background,Enterobacter,150,clean,target_binary
ck7_pca222,CK7 PCA-222,nearest_centroid,69,2,47,0.6666666666666666,0.6636155606407322,target_background,Enterobacter,150,clean,target_binary
ck7_pca222,CK7 PCA-222,logistic,69,2,47,0.7142857142857143,0.7136363636363636,target_background,Enterobacter,150,clean,target_binary
ck7_svd147,CK7 SVD-147,nearest_centroid,69,2,47,0.6190476190476191,0.6111111111111112,target_background,Enterobacter,150,clean,target_binary
ck7_svd147,CK7 SVD-147,logistic,69,2,47,0.47619047619047616,0.38726790450928383,target_background,Enterobacter,150,clean,target_binary
ck7_svd222,CK7 SVD-222,nearest_centroid,69,2,47,0.6190476190476191,0.6111111111111112,target_background,Enterobacter,150,clean,target_binary
ck7_svd222,CK7 SVD-222,logistic,69,2,47,0.47619047619047616,0.38726790450928383,target_background,Enterobacter,150,clean,target_binary
ck4,CK4,nearest_centroid,59,2,136,0.6111111111111112,0.609907120743034,within_genus_species,Escherichia,150,clean,label
ck4,CK4,logistic,59,2,136,0.5,0.4857142857142857,within_genus_species,Escherichia,150,clean,label
ck4_p,CK4+P,nearest_centroid,59,2,147,0.6111111111111112,0.609907120743034,within_genus_species,Escherichia,150,clean,label
ck4_p,CK4+P,logistic,59,2,147,0.5,0.4857142857142857,within_genus_species,Escherichia,150,clean,label
ck4p_msp,CK4P-MSP,nearest_centroid,59,2,222,0.6111111111111112,0.609907120743034,within_genus_species,Escherichia,150,clean,label
ck4p_msp,CK4P-MSP,logistic,59,2,222,0.4444444444444444,0.4375,within_genus_species,Escherichia,150,clean,label
ckmer5_count_l2,CK5,nearest_centroid,59,2,508,0.5555555555555556,0.55,within_genus_species,Escherichia,150,clean,label
ckmer5_count_l2,CK5,logistic,59,2,508,0.5555555555555556,0.5324675324675324,within_genus_species,Escherichia,150,clean,label
ck5_pca147,CK5 PCA-147,nearest_centroid,59,2,40,0.5555555555555556,0.55,within_genus_species,Escherichia,150,clean,label
ck5_pca147,CK5 PCA-147,logistic,59,2,40,0.5,0.4857142857142857,within_genus_species,Escherichia,150,clean,label
ck5_pca222,CK5 PCA-222,nearest_centroid,59,2,40,0.5555555555555556,0.55,within_genus_species,Escherichia,150,clean,label
ck5_pca222,CK5 PCA-222,logistic,59,2,40,0.5,0.4857142857142857,within_genus_species,Escherichia,150,clean,label
ck5_svd147,CK5 SVD-147,nearest_centroid,59,2,40,0.5555555555555556,0.55,within_genus_species,Escherichia,150,clean,label
ck5_svd147,CK5 SVD-147,logistic,59,2,40,0.5,0.4857142857142857,within_genus_species,Escherichia,150,clean,label
ck5_svd222,CK5 SVD-222,nearest_centroid,59,2,40,0.5555555555555556,0.55,within_genus_species,Escherichia,150,clean,label
ck5_svd222,CK5 SVD-222,logistic,59,2,40,0.5,0.4857142857142857,within_genus_species,Escherichia,150,clean,label
ck7_pca147,CK7 PCA-147,nearest_centroid,59,2,40,0.4444444444444444,0.41558441558441556,within_genus_species,Escherichia,150,clean,label
ck7_pca147,CK7 PCA-147,logistic,59,2,40,0.5,0.4857142857142857,within_genus_species,Escherichia,150,clean,label
ck7_pca222,CK7 PCA-222,nearest_centroid,59,2,40,0.4444444444444444,0.41558441558441556,within_genus_species,Escherichia,150,clean,label
ck7_pca222,CK7 PCA-222,logistic,59,2,40,0.5,0.4857142857142857,within_genus_species,Escherichia,150,clean,label
ck7_svd147,CK7 SVD-147,nearest_centroid,59,2,40,0.5,0.4857142857142857,within_genus_species,Escherichia,150,clean,label
ck7_svd147,CK7 SVD-147,logistic,59,2,40,0.6111111111111112,0.609907120743034,within_genus_species,Escherichia,150,clean,label
ck7_svd222,CK7 SVD-222,nearest_centroid,59,2,40,0.5,0.4857142857142857,within_genus_species,Escherichia,150,clean,label
ck7_svd222,CK7 SVD-222,logistic,59,2,40,0.6111111111111112,0.609907120743034,within_genus_species,Escherichia,150,clean,label
ck4,CK4,nearest_centroid,59,2,136,0.6111111111111112,0.609907120743034,target_background,Escherichia,150,clean,target_binary
ck4,CK4,logistic,59,2,136,0.5,0.4857142857142857,target_background,Escherichia,150,clean,target_binary
ck4_p,CK4+P,nearest_centroid,59,2,147,0.6111111111111112,0.609907120743034,target_background,Escherichia,150,clean,target_binary
ck4_p,CK4+P,logistic,59,2,147,0.5,0.4857142857142857,target_background,Escherichia,150,clean,target_binary
ck4p_msp,CK4P-MSP,nearest_centroid,59,2,222,0.6111111111111112,0.609907120743034,target_background,Escherichia,150,clean,target_binary
ck4p_msp,CK4P-MSP,logistic,59,2,222,0.4444444444444444,0.4375,target_background,Escherichia,150,clean,target_binary
ckmer5_count_l2,CK5,nearest_centroid,59,2,508,0.5555555555555556,0.55,target_background,Escherichia,150,clean,target_binary
ckmer5_count_l2,CK5,logistic,59,2,508,0.5555555555555556,0.5324675324675324,target_background,Escherichia,150,clean,target_binary
ck5_pca147,CK5 PCA-147,nearest_centroid,59,2,40,0.5555555555555556,0.55,target_background,Escherichia,150,clean,target_binary
ck5_pca147,CK5 PCA-147,logistic,59,2,40,0.5,0.4857142857142857,target_background,Escherichia,150,clean,target_binary
ck5_pca222,CK5 PCA-222,nearest_centroid,59,2,40,0.5555555555555556,0.55,target_background,Escherichia,150,clean,target_binary
ck5_pca222,CK5 PCA-222,logistic,59,2,40,0.5,0.4857142857142857,target_background,Escherichia,150,clean,target_binary
ck5_svd147,CK5 SVD-147,nearest_centroid,59,2,40,0.5555555555555556,0.55,target_background,Escherichia,150,clean,target_binary
ck5_svd147,CK5 SVD-147,logistic,59,2,40,0.5,0.4857142857142857,target_background,Escherichia,150,clean,target_binary
ck5_svd222,CK5 SVD-222,nearest_centroid,59,2,40,0.5555555555555556,0.55,target_background,Escherichia,150,clean,target_binary
ck5_svd222,CK5 SVD-222,logistic,59,2,40,0.5,0.4857142857142857,target_background,Escherichia,150,clean,target_binary
ck7_pca147,CK7 PCA-147,nearest_centroid,59,2,40,0.4444444444444444,0.41558441558441556,target_background,Escherichia,150,clean,target_binary
ck7_pca147,CK7 PCA-147,logistic,59,2,40,0.5,0.4857142857142857,target_background,Escherichia,150,clean,target_binary
ck7_pca222,CK7 PCA-222,nearest_centroid,59,2,40,0.4444444444444444,0.41558441558441556,target_background,Escherichia,150,clean,target_binary
ck7_pca222,CK7 PCA-222,logistic,59,2,40,0.5,0.4857142857142857,target_background,Escherichia,150,clean,target_binary
ck7_svd147,CK7 SVD-147,nearest_centroid,59,2,40,0.5,0.4857142857142857,target_background,Escherichia,150,clean,target_binary
ck7_svd147,CK7 SVD-147,logistic,59,2,40,0.6111111111111112,0.609907120743034,target_background,Escherichia,150,clean,target_binary
ck7_svd222,CK7 SVD-222,nearest_centroid,59,2,40,0.5,0.4857142857142857,target_background,Escherichia,150,clean,target_binary
ck7_svd222,CK7 SVD-222,logistic,59,2,40,0.6111111111111112,0.609907120743034,target_background,Escherichia,150,clean,target_binary
ck4,CK4,nearest_centroid,78,3,136,0.2916666666666667,0.2837301587301587,within_genus_species,Klebsiella,150,clean,label
ck4,CK4,logistic,78,3,136,0.25,0.22698412698412695,within_genus_species,Klebsiella,150,clean,label
ck4_p,CK4+P,nearest_centroid,78,3,147,0.2916666666666667,0.2837301587301587,within_genus_species,Klebsiella,150,clean,label
ck4_p,CK4+P,logistic,78,3,147,0.25,0.22626262626262625,within_genus_species,Klebsiella,150,clean,label
ck4p_msp,CK4P-MSP,nearest_centroid,78,3,222,0.2916666666666667,0.2837301587301587,within_genus_species,Klebsiella,150,clean,label
ck4p_msp,CK4P-MSP,logistic,78,3,222,0.3333333333333333,0.29273504273504275,within_genus_species,Klebsiella,150,clean,label
ckmer5_count_l2,CK5,nearest_centroid,78,3,510,0.3333333333333333,0.2691511387163561,within_genus_species,Klebsiella,150,clean,label
ckmer5_count_l2,CK5,logistic,78,3,510,0.25,0.22277963582311408,within_genus_species,Klebsiella,150,clean,label
ck5_pca147,CK5 PCA-147,nearest_centroid,78,3,53,0.25,0.21031746031746032,within_genus_species,Klebsiella,150,clean,label
ck5_pca147,CK5 PCA-147,logistic,78,3,53,0.2916666666666667,0.2735042735042735,within_genus_species,Klebsiella,150,clean,label
ck5_pca222,CK5 PCA-222,nearest_centroid,78,3,53,0.25,0.21031746031746032,within_genus_species,Klebsiella,150,clean,label
ck5_pca222,CK5 PCA-222,logistic,78,3,53,0.2916666666666667,0.2735042735042735,within_genus_species,Klebsiella,150,clean,label
ck5_svd147,CK5 SVD-147,nearest_centroid,78,3,53,0.2916666666666667,0.22994652406417113,within_genus_species,Klebsiella,150,clean,label
ck5_svd147,CK5 SVD-147,logistic,78,3,53,0.2916666666666667,0.2546897546897547,within_genus_species,Klebsiella,150,clean,label
ck5_svd222,CK5 SVD-222,nearest_centroid,78,3,53,0.2916666666666667,0.22994652406417113,within_genus_species,Klebsiella,150,clean,label
ck5_svd222,CK5 SVD-222,logistic,78,3,53,0.2916666666666667,0.2546897546897547,within_genus_species,Klebsiella,150,clean,label
ck7_pca147,CK7 PCA-147,nearest_centroid,78,3,53,0.25,0.2222222222222222,within_genus_species,Klebsiella,150,clean,label
ck7_pca147,CK7 PCA-147,logistic,78,3,53,0.2916666666666667,0.24621212121212122,within_genus_species,Klebsiella,150,clean,label
ck7_pca222,CK7 PCA-222,nearest_centroid,78,3,53,0.25,0.2222222222222222,within_genus_species,Klebsiella,150,clean,label
ck7_pca222,CK7 PCA-222,logistic,78,3,53,0.2916666666666667,0.24621212121212122,within_genus_species,Klebsiella,150,clean,label
ck7_svd147,CK7 SVD-147,nearest_centroid,78,3,53,0.16666666666666666,0.14756258234519104,within_genus_species,Klebsiella,150,clean,label
ck7_svd147,CK7 SVD-147,logistic,78,3,53,0.08333333333333333,0.08888888888888889,within_genus_species,Klebsiella,150,clean,label
ck7_svd222,CK7 SVD-222,nearest_centroid,78,3,53,0.16666666666666666,0.14756258234519104,within_genus_species,Klebsiella,150,clean,label
ck7_svd222,CK7 SVD-222,logistic,78,3,53,0.08333333333333333,0.08888888888888889,within_genus_species,Klebsiella,150,clean,label
ck4,CK4,nearest_centroid,63,2,136,0.5263157894736842,0.47384615384615386,target_background,Klebsiella,150,clean,target_binary
ck4,CK4,logistic,63,2,136,0.5789473684210527,0.5681818181818181,target_background,Klebsiella,150,clean,target_binary
ck4_p,CK4+P,nearest_centroid,63,2,147,0.5263157894736842,0.47384615384615386,target_background,Klebsiella,150,clean,target_binary
ck4_p,CK4+P,logistic,63,2,147,0.5789473684210527,0.5681818181818181,target_background,Klebsiella,150,clean,target_binary
ck4p_msp,CK4P-MSP,nearest_centroid,63,2,222,0.5263157894736842,0.47384615384615386,target_background,Klebsiella,150,clean,target_binary
ck4p_msp,CK4P-MSP,logistic,63,2,222,0.5789473684210527,0.5476190476190476,target_background,Klebsiella,150,clean,target_binary
ckmer5_count_l2,CK5,nearest_centroid,63,2,510,0.47368421052631576,0.391025641025641,target_background,Klebsiella,150,clean,target_binary
ckmer5_count_l2,CK5,logistic,63,2,510,0.5263157894736842,0.47384615384615386,target_background,Klebsiella,150,clean,target_binary
ck5_pca147,CK5 PCA-147,nearest_centroid,63,2,43,0.5263157894736842,0.47384615384615386,target_background,Klebsiella,150,clean,target_binary
ck5_pca147,CK5 PCA-147,logistic,63,2,43,0.42105263157894735,0.4145658263305322,target_background,Klebsiella,150,clean,target_binary
ck5_pca222,CK5 PCA-222,nearest_centroid,63,2,43,0.5263157894736842,0.47384615384615386,target_background,Klebsiella,150,clean,target_binary
ck5_pca222,CK5 PCA-222,logistic,63,2,43,0.42105263157894735,0.4145658263305322,target_background,Klebsiella,150,clean,target_binary
ck5_svd147,CK5 SVD-147,nearest_centroid,63,2,43,0.47368421052631576,0.391025641025641,target_background,Klebsiella,150,clean,target_binary
ck5_svd147,CK5 SVD-147,logistic,63,2,43,0.5263157894736842,0.4242424242424242,target_background,Klebsiella,150,clean,target_binary
ck5_svd222,CK5 SVD-222,nearest_centroid,63,2,43,0.47368421052631576,0.391025641025641,target_background,Klebsiella,150,clean,target_binary
ck5_svd222,CK5 SVD-222,logistic,63,2,43,0.5263157894736842,0.4242424242424242,target_background,Klebsiella,150,clean,target_binary
ck7_pca147,CK7 PCA-147,nearest_centroid,63,2,43,0.5263157894736842,0.5263157894736842,target_background,Klebsiella,150,clean,target_binary
ck7_pca147,CK7 PCA-147,logistic,63,2,43,0.5263157894736842,0.5263157894736842,target_background,Klebsiella,150,clean,target_binary
ck7_pca222,CK7 PCA-222,nearest_centroid,63,2,43,0.5263157894736842,0.5263157894736842,target_background,Klebsiella,150,clean,target_binary
ck7_pca222,CK7 PCA-222,logistic,63,2,43,0.5263157894736842,0.5263157894736842,target_background,Klebsiella,150,clean,target_binary
ck7_svd147,CK7 SVD-147,nearest_centroid,63,2,43,0.5263157894736842,0.5263157894736842,target_background,Klebsiella,150,clean,target_binary
ck7_svd147,CK7 SVD-147,logistic,63,2,43,0.6842105263157895,0.6346153846153846,target_background,Klebsiella,150,clean,target_binary
ck7_svd222,CK7 SVD-222,nearest_centroid,63,2,43,0.5263157894736842,0.5263157894736842,target_background,Klebsiella,150,clean,target_binary
ck7_svd222,CK7 SVD-222,logistic,63,2,43,0.6842105263157895,0.6346153846153846,target_background,Klebsiella,150,clean,target_binary
ck4,CK4,nearest_centroid,114,4,136,0.37142857142857144,0.3609794810452705,within_genus_species,Acinetobacter,150,substitution_1pct,label
ck4,CK4,logistic,114,4,136,0.3142857142857143,0.29958720330237354,within_genus_species,Acinetobacter,150,substitution_1pct,label
ck4_p,CK4+P,nearest_centroid,114,4,147,0.37142857142857144,0.3609794810452705,within_genus_species,Acinetobacter,150,substitution_1pct,label
ck4_p,CK4+P,logistic,114,4,147,0.34285714285714286,0.33211233211233204,within_genus_species,Acinetobacter,150,substitution_1pct,label
ck4p_msp,CK4P-MSP,nearest_centroid,114,4,222,0.37142857142857144,0.3609794810452705,within_genus_species,Acinetobacter,150,substitution_1pct,label
ck4p_msp,CK4P-MSP,logistic,114,4,222,0.3142857142857143,0.31575157933853587,within_genus_species,Acinetobacter,150,substitution_1pct,label
ckmer5_count_l2,CK5,nearest_centroid,114,4,512,0.4,0.37227014023352695,within_genus_species,Acinetobacter,150,substitution_1pct,label
ckmer5_count_l2,CK5,logistic,114,4,512,0.2857142857142857,0.2565546218487395,within_genus_species,Acinetobacter,150,substitution_1pct,label
ck5_pca147,CK5 PCA-147,nearest_centroid,114,4,78,0.4,0.37611566065513435,within_genus_species,Acinetobacter,150,substitution_1pct,label
ck5_pca147,CK5 PCA-147,logistic,114,4,78,0.4,0.36124618611746756,within_genus_species,Acinetobacter,150,substitution_1pct,label
ck5_pca222,CK5 PCA-222,nearest_centroid,114,4,78,0.4,0.37611566065513435,within_genus_species,Acinetobacter,150,substitution_1pct,label
ck5_pca222,CK5 PCA-222,logistic,114,4,78,0.4,0.36124618611746756,within_genus_species,Acinetobacter,150,substitution_1pct,label
ck5_svd147,CK5 SVD-147,nearest_centroid,114,4,78,0.4,0.3686771810173345,within_genus_species,Acinetobacter,150,substitution_1pct,label
ck5_svd147,CK5 SVD-147,logistic,114,4,78,0.2857142857142857,0.25625763125763124,within_genus_species,Acinetobacter,150,substitution_1pct,label
ck5_svd222,CK5 SVD-222,nearest_centroid,114,4,78,0.4,0.3686771810173345,within_genus_species,Acinetobacter,150,substitution_1pct,label
ck5_svd222,CK5 SVD-222,logistic,114,4,78,0.2857142857142857,0.25625763125763124,within_genus_species,Acinetobacter,150,substitution_1pct,label
ck7_pca147,CK7 PCA-147,nearest_centroid,114,4,78,0.22857142857142856,0.21884920634920635,within_genus_species,Acinetobacter,150,substitution_1pct,label
ck7_pca147,CK7 PCA-147,logistic,114,4,78,0.2571428571428571,0.24781162464985995,within_genus_species,Acinetobacter,150,substitution_1pct,label
ck7_pca222,CK7 PCA-222,nearest_centroid,114,4,78,0.22857142857142856,0.21884920634920635,within_genus_species,Acinetobacter,150,substitution_1pct,label
ck7_pca222,CK7 PCA-222,logistic,114,4,78,0.2571428571428571,0.24781162464985995,within_genus_species,Acinetobacter,150,substitution_1pct,label
ck7_svd147,CK7 SVD-147,nearest_centroid,114,4,78,0.17142857142857143,0.17076023391812864,within_genus_species,Acinetobacter,150,substitution_1pct,label
ck7_svd147,CK7 SVD-147,logistic,114,4,78,0.2,0.19478985926354347,within_genus_species,Acinetobacter,150,substitution_1pct,label
ck7_svd222,CK7 SVD-222,nearest_centroid,114,4,78,0.17142857142857143,0.17076023391812864,within_genus_species,Acinetobacter,150,substitution_1pct,label
ck7_svd222,CK7 SVD-222,logistic,114,4,78,0.2,0.19478985926354347,within_genus_species,Acinetobacter,150,substitution_1pct,label
ck4,CK4,nearest_centroid,89,3,136,0.14814814814814814,0.16363636363636366,within_genus_species,Burkholderia,150,substitution_1pct,label
ck4,CK4,logistic,89,3,136,0.2962962962962963,0.3101459943565207,within_genus_species,Burkholderia,150,substitution_1pct,label
ck4_p,CK4+P,nearest_centroid,89,3,147,0.14814814814814814,0.16363636363636366,within_genus_species,Burkholderia,150,substitution_1pct,label
ck4_p,CK4+P,logistic,89,3,147,0.2962962962962963,0.3068252198686981,within_genus_species,Burkholderia,150,substitution_1pct,label
ck4p_msp,CK4P-MSP,nearest_centroid,89,3,222,0.14814814814814814,0.16363636363636366,within_genus_species,Burkholderia,150,substitution_1pct,label
ck4p_msp,CK4P-MSP,logistic,89,3,222,0.4444444444444444,0.4076858813700919,within_genus_species,Burkholderia,150,substitution_1pct,label
ckmer5_count_l2,CK5,nearest_centroid,89,3,505,0.18518518518518517,0.19596171802054155,within_genus_species,Burkholderia,150,substitution_1pct,label
ckmer5_count_l2,CK5,logistic,89,3,505,0.25925925925925924,0.2627450980392157,within_genus_species,Burkholderia,150,substitution_1pct,label
ck5_pca147,CK5 PCA-147,nearest_centroid,89,3,61,0.14814814814814814,0.15840760546642899,within_genus_species,Burkholderia,150,substitution_1pct,label
ck5_pca147,CK5 PCA-147,logistic,89,3,61,0.3333333333333333,0.3268518518518519,within_genus_species,Burkholderia,150,substitution_1pct,label
ck5_pca222,CK5 PCA-222,nearest_centroid,89,3,61,0.14814814814814814,0.15840760546642899,within_genus_species,Burkholderia,150,substitution_1pct,label
ck5_pca222,CK5 PCA-222,logistic,89,3,61,0.3333333333333333,0.3268518518518519,within_genus_species,Burkholderia,150,substitution_1pct,label
ck5_svd147,CK5 SVD-147,nearest_centroid,89,3,61,0.2222222222222222,0.23026315789473684,within_genus_species,Burkholderia,150,substitution_1pct,label
ck5_svd147,CK5 SVD-147,logistic,89,3,61,0.3333333333333333,0.3352941176470588,within_genus_species,Burkholderia,150,substitution_1pct,label
ck5_svd222,CK5 SVD-222,nearest_centroid,89,3,61,0.2222222222222222,0.23026315789473684,within_genus_species,Burkholderia,150,substitution_1pct,label
ck5_svd222,CK5 SVD-222,logistic,89,3,61,0.3333333333333333,0.3352941176470588,within_genus_species,Burkholderia,150,substitution_1pct,label
ck7_pca147,CK7 PCA-147,nearest_centroid,89,3,61,0.2222222222222222,0.18888888888888888,within_genus_species,Burkholderia,150,substitution_1pct,label
ck7_pca147,CK7 PCA-147,logistic,89,3,61,0.25925925925925924,0.23589743589743592,within_genus_species,Burkholderia,150,substitution_1pct,label
ck7_pca222,CK7 PCA-222,nearest_centroid,89,3,61,0.2222222222222222,0.18888888888888888,within_genus_species,Burkholderia,150,substitution_1pct,label
ck7_pca222,CK7 PCA-222,logistic,89,3,61,0.25925925925925924,0.23589743589743592,within_genus_species,Burkholderia,150,substitution_1pct,label
ck7_svd147,CK7 SVD-147,nearest_centroid,89,3,61,0.18518518518518517,0.19019607843137254,within_genus_species,Burkholderia,150,substitution_1pct,label
ck7_svd147,CK7 SVD-147,logistic,89,3,61,0.2962962962962963,0.27777777777777773,within_genus_species,Burkholderia,150,substitution_1pct,label
ck7_svd222,CK7 SVD-222,nearest_centroid,89,3,61,0.18518518518518517,0.19019607843137254,within_genus_species,Burkholderia,150,substitution_1pct,label
ck7_svd222,CK7 SVD-222,logistic,89,3,61,0.2962962962962963,0.27777777777777773,within_genus_species,Burkholderia,150,substitution_1pct,label
ck4,CK4,nearest_centroid,69,2,136,0.47619047619047616,0.47139588100686497,target_background,Burkholderia,150,substitution_1pct,target_binary
ck4,CK4,logistic,69,2,136,0.7142857142857143,0.6971153846153846,target_background,Burkholderia,150,substitution_1pct,target_binary
ck4_p,CK4+P,nearest_centroid,69,2,147,0.47619047619047616,0.47139588100686497,target_background,Burkholderia,150,substitution_1pct,target_binary
ck4_p,CK4+P,logistic,69,2,147,0.7619047619047619,0.7529411764705882,target_background,Burkholderia,150,substitution_1pct,target_binary
ck4p_msp,CK4P-MSP,nearest_centroid,69,2,222,0.47619047619047616,0.47139588100686497,target_background,Burkholderia,150,substitution_1pct,target_binary
ck4p_msp,CK4P-MSP,logistic,69,2,222,0.7619047619047619,0.7529411764705882,target_background,Burkholderia,150,substitution_1pct,target_binary
ckmer5_count_l2,CK5,nearest_centroid,69,2,495,0.5238095238095238,0.5138888888888888,target_background,Burkholderia,150,substitution_1pct,target_binary
ckmer5_count_l2,CK5,logistic,69,2,495,0.5238095238095238,0.4642857142857143,target_background,Burkholderia,150,substitution_1pct,target_binary
ck5_pca147,CK5 PCA-147,nearest_centroid,69,2,47,0.5238095238095238,0.5138888888888888,target_background,Burkholderia,150,substitution_1pct,target_binary
ck5_pca147,CK5 PCA-147,logistic,69,2,47,0.5238095238095238,0.5138888888888888,target_background,Burkholderia,150,substitution_1pct,target_binary
ck5_pca222,CK5 PCA-222,nearest_centroid,69,2,47,0.5238095238095238,0.5138888888888888,target_background,Burkholderia,150,substitution_1pct,target_binary
ck5_pca222,CK5 PCA-222,logistic,69,2,47,0.5238095238095238,0.5138888888888888,target_background,Burkholderia,150,substitution_1pct,target_binary
ck5_svd147,CK5 SVD-147,nearest_centroid,69,2,47,0.5238095238095238,0.5138888888888888,target_background,Burkholderia,150,substitution_1pct,target_binary
ck5_svd147,CK5 SVD-147,logistic,69,2,47,0.5238095238095238,0.4951923076923077,target_background,Burkholderia,150,substitution_1pct,target_binary
ck5_svd222,CK5 SVD-222,nearest_centroid,69,2,47,0.5238095238095238,0.5138888888888888,target_background,Burkholderia,150,substitution_1pct,target_binary
ck5_svd222,CK5 SVD-222,logistic,69,2,47,0.5238095238095238,0.4951923076923077,target_background,Burkholderia,150,substitution_1pct,target_binary
ck7_pca147,CK7 PCA-147,nearest_centroid,69,2,47,0.47619047619047616,0.47619047619047616,target_background,Burkholderia,150,substitution_1pct,target_binary
ck7_pca147,CK7 PCA-147,logistic,69,2,47,0.5238095238095238,0.5227272727272727,target_background,Burkholderia,150,substitution_1pct,target_binary
ck7_pca222,CK7 PCA-222,nearest_centroid,69,2,47,0.47619047619047616,0.47619047619047616,target_background,Burkholderia,150,substitution_1pct,target_binary
ck7_pca222,CK7 PCA-222,logistic,69,2,47,0.5238095238095238,0.5227272727272727,target_background,Burkholderia,150,substitution_1pct,target_binary
ck7_svd147,CK7 SVD-147,nearest_centroid,69,2,47,0.47619047619047616,0.47619047619047616,target_background,Burkholderia,150,substitution_1pct,target_binary
ck7_svd147,CK7 SVD-147,logistic,69,2,47,0.5238095238095238,0.5138888888888888,target_background,Burkholderia,150,substitution_1pct,target_binary
ck7_svd222,CK7 SVD-222,nearest_centroid,69,2,47,0.47619047619047616,0.47619047619047616,target_background,Burkholderia,150,substitution_1pct,target_binary
ck7_svd222,CK7 SVD-222,logistic,69,2,47,0.5238095238095238,0.5138888888888888,target_background,Burkholderia,150,substitution_1pct,target_binary
ck4,CK4,nearest_centroid,113,4,136,0.38235294117647056,0.34539473684210525,within_genus_species,Candida,150,substitution_1pct,label
ck4,CK4,logistic,113,4,136,0.23529411764705882,0.23127705627705625,within_genus_species,Candida,150,substitution_1pct,label
ck4_p,CK4+P,nearest_centroid,113,4,147,0.38235294117647056,0.34539473684210525,within_genus_species,Candida,150,substitution_1pct,label
ck4_p,CK4+P,logistic,113,4,147,0.23529411764705882,0.23214285714285712,within_genus_species,Candida,150,substitution_1pct,label
ck4p_msp,CK4P-MSP,nearest_centroid,113,4,222,0.38235294117647056,0.34539473684210525,within_genus_species,Candida,150,substitution_1pct,label
ck4p_msp,CK4P-MSP,logistic,113,4,222,0.2647058823529412,0.24560439560439562,within_genus_species,Candida,150,substitution_1pct,label
ckmer5_count_l2,CK5,nearest_centroid,113,4,509,0.38235294117647056,0.37875816993464045,within_genus_species,Candida,150,substitution_1pct,label
ckmer5_count_l2,CK5,logistic,113,4,509,0.3235294117647059,0.317032967032967,within_genus_species,Candida,150,substitution_1pct,label
ck5_pca147,CK5 PCA-147,nearest_centroid,113,4,78,0.35294117647058826,0.3366946778711485,within_genus_species,Candida,150,substitution_1pct,label
ck5_pca147,CK5 PCA-147,logistic,113,4,78,0.3235294117647059,0.3392857142857143,within_genus_species,Candida,150,substitution_1pct,label
ck5_pca222,CK5 PCA-222,nearest_centroid,113,4,78,0.35294117647058826,0.3366946778711485,within_genus_species,Candida,150,substitution_1pct,label
ck5_pca222,CK5 PCA-222,logistic,113,4,78,0.3235294117647059,0.3392857142857143,within_genus_species,Candida,150,substitution_1pct,label
ck5_svd147,CK5 SVD-147,nearest_centroid,113,4,78,0.35294117647058826,0.3527777777777778,within_genus_species,Candida,150,substitution_1pct,label
ck5_svd147,CK5 SVD-147,logistic,113,4,78,0.3235294117647059,0.3387958532695375,within_genus_species,Candida,150,substitution_1pct,label
ck5_svd222,CK5 SVD-222,nearest_centroid,113,4,78,0.35294117647058826,0.3527777777777778,within_genus_species,Candida,150,substitution_1pct,label
ck5_svd222,CK5 SVD-222,logistic,113,4,78,0.3235294117647059,0.3387958532695375,within_genus_species,Candida,150,substitution_1pct,label
ck7_pca147,CK7 PCA-147,nearest_centroid,113,4,78,0.29411764705882354,0.2896681749622926,within_genus_species,Candida,150,substitution_1pct,label
ck7_pca147,CK7 PCA-147,logistic,113,4,78,0.3235294117647059,0.31907993966817494,within_genus_species,Candida,150,substitution_1pct,label
ck7_pca222,CK7 PCA-222,nearest_centroid,113,4,78,0.29411764705882354,0.2896681749622926,within_genus_species,Candida,150,substitution_1pct,label
ck7_pca222,CK7 PCA-222,logistic,113,4,78,0.3235294117647059,0.31907993966817494,within_genus_species,Candida,150,substitution_1pct,label
ck7_svd147,CK7 SVD-147,nearest_centroid,113,4,78,0.3235294117647059,0.3265025308368962,within_genus_species,Candida,150,substitution_1pct,label
ck7_svd147,CK7 SVD-147,logistic,113,4,78,0.29411764705882354,0.24212962962962964,within_genus_species,Candida,150,substitution_1pct,label
ck7_svd222,CK7 SVD-222,nearest_centroid,113,4,78,0.3235294117647059,0.3265025308368962,within_genus_species,Candida,150,substitution_1pct,label
ck7_svd222,CK7 SVD-222,logistic,113,4,78,0.29411764705882354,0.24212962962962964,within_genus_species,Candida,150,substitution_1pct,label
ck4,CK4,nearest_centroid,72,2,136,0.5454545454545454,0.5454545454545454,target_background,Candida,150,substitution_1pct,target_binary
ck4,CK4,logistic,72,2,136,0.3181818181818182,0.30526315789473685,target_background,Candida,150,substitution_1pct,target_binary
ck4_p,CK4+P,nearest_centroid,72,2,147,0.5454545454545454,0.5454545454545454,target_background,Candida,150,substitution_1pct,target_binary
ck4_p,CK4+P,logistic,72,2,147,0.36363636363636365,0.3418803418803419,target_background,Candida,150,substitution_1pct,target_binary
ck4p_msp,CK4P-MSP,nearest_centroid,72,2,222,0.5454545454545454,0.5454545454545454,target_background,Candida,150,substitution_1pct,target_binary
ck4p_msp,CK4P-MSP,logistic,72,2,222,0.45454545454545453,0.45454545454545453,target_background,Candida,150,substitution_1pct,target_binary
ckmer5_count_l2,CK5,nearest_centroid,72,2,508,0.5909090909090909,0.5686274509803921,target_background,Candida,150,substitution_1pct,target_binary
ckmer5_count_l2,CK5,logistic,72,2,508,0.3181818181818182,0.28104575163398693,target_background,Candida,150,substitution_1pct,target_binary
ck5_pca147,CK5 PCA-147,nearest_centroid,72,2,49,0.5909090909090909,0.5686274509803921,target_background,Candida,150,substitution_1pct,target_binary
ck5_pca147,CK5 PCA-147,logistic,72,2,49,0.4090909090909091,0.39789473684210525,target_background,Candida,150,substitution_1pct,target_binary
ck5_pca222,CK5 PCA-222,nearest_centroid,72,2,49,0.5909090909090909,0.5686274509803921,target_background,Candida,150,substitution_1pct,target_binary
ck5_pca222,CK5 PCA-222,logistic,72,2,49,0.4090909090909091,0.39789473684210525,target_background,Candida,150,substitution_1pct,target_binary
ck5_svd147,CK5 SVD-147,nearest_centroid,72,2,49,0.5,0.4905263157894737,target_background,Candida,150,substitution_1pct,target_binary
ck5_svd147,CK5 SVD-147,logistic,72,2,49,0.36363636363636365,0.36363636363636365,target_background,Candida,150,substitution_1pct,target_binary
ck5_svd222,CK5 SVD-222,nearest_centroid,72,2,49,0.5,0.4905263157894737,target_background,Candida,150,substitution_1pct,target_binary
ck5_svd222,CK5 SVD-222,logistic,72,2,49,0.36363636363636365,0.36363636363636365,target_background,Candida,150,substitution_1pct,target_binary
ck7_pca147,CK7 PCA-147,nearest_centroid,72,2,49,0.5909090909090909,0.5686274509803921,target_background,Candida,150,substitution_1pct,target_binary
ck7_pca147,CK7 PCA-147,logistic,72,2,49,0.5454545454545454,0.5089285714285714,target_background,Candida,150,substitution_1pct,target_binary
ck7_pca222,CK7 PCA-222,nearest_centroid,72,2,49,0.5909090909090909,0.5686274509803921,target_background,Candida,150,substitution_1pct,target_binary
ck7_pca222,CK7 PCA-222,logistic,72,2,49,0.5454545454545454,0.5089285714285714,target_background,Candida,150,substitution_1pct,target_binary
ck7_svd147,CK7 SVD-147,nearest_centroid,72,2,49,0.5454545454545454,0.5454545454545454,target_background,Candida,150,substitution_1pct,target_binary
ck7_svd147,CK7 SVD-147,logistic,72,2,49,0.45454545454545453,0.3125,target_background,Candida,150,substitution_1pct,target_binary
ck7_svd222,CK7 SVD-222,nearest_centroid,72,2,49,0.5454545454545454,0.5454545454545454,target_background,Candida,150,substitution_1pct,target_binary
ck7_svd222,CK7 SVD-222,logistic,72,2,49,0.45454545454545453,0.3125,target_background,Candida,150,substitution_1pct,target_binary
ck4,CK4,nearest_centroid,147,5,136,0.2222222222222222,0.1975305853566723,within_genus_species,Enterobacter,150,substitution_1pct,label
ck4,CK4,logistic,147,5,136,0.13333333333333333,0.13131313131313133,within_genus_species,Enterobacter,150,substitution_1pct,label
ck4_p,CK4+P,nearest_centroid,147,5,147,0.2222222222222222,0.1975305853566723,within_genus_species,Enterobacter,150,substitution_1pct,label
ck4_p,CK4+P,logistic,147,5,147,0.13333333333333333,0.13445887445887444,within_genus_species,Enterobacter,150,substitution_1pct,label
ck4p_msp,CK4P-MSP,nearest_centroid,147,5,222,0.2222222222222222,0.1975305853566723,within_genus_species,Enterobacter,150,substitution_1pct,label
ck4p_msp,CK4P-MSP,logistic,147,5,222,0.17777777777777778,0.16727716727716727,within_genus_species,Enterobacter,150,substitution_1pct,label
ckmer5_count_l2,CK5,nearest_centroid,147,5,511,0.2,0.19122579175210752,within_genus_species,Enterobacter,150,substitution_1pct,label
ckmer5_count_l2,CK5,logistic,147,5,511,0.15555555555555556,0.15114885114885115,within_genus_species,Enterobacter,150,substitution_1pct,label
ck5_pca147,CK5 PCA-147,nearest_centroid,147,5,101,0.2,0.188941589811155,within_genus_species,Enterobacter,150,substitution_1pct,label
ck5_pca147,CK5 PCA-147,logistic,147,5,101,0.2,0.18978260869565217,within_genus_species,Enterobacter,150,substitution_1pct,label
ck5_pca222,CK5 PCA-222,nearest_centroid,147,5,101,0.2,0.188941589811155,within_genus_species,Enterobacter,150,substitution_1pct,label
ck5_pca222,CK5 PCA-222,logistic,147,5,101,0.2,0.18978260869565217,within_genus_species,Enterobacter,150,substitution_1pct,label
ck5_svd147,CK5 SVD-147,nearest_centroid,147,5,101,0.17777777777777778,0.1735064935064935,within_genus_species,Enterobacter,150,substitution_1pct,label
ck5_svd147,CK5 SVD-147,logistic,147,5,101,0.17777777777777778,0.15831578947368422,within_genus_species,Enterobacter,150,substitution_1pct,label
ck5_svd222,CK5 SVD-222,nearest_centroid,147,5,101,0.17777777777777778,0.1735064935064935,within_genus_species,Enterobacter,150,substitution_1pct,label
ck5_svd222,CK5 SVD-222,logistic,147,5,101,0.17777777777777778,0.15831578947368422,within_genus_species,Enterobacter,150,substitution_1pct,label
ck7_pca147,CK7 PCA-147,nearest_centroid,147,5,101,0.1111111111111111,0.09,within_genus_species,Enterobacter,150,substitution_1pct,label
ck7_pca147,CK7 PCA-147,logistic,147,5,101,0.13333333333333333,0.12294314381270903,within_genus_species,Enterobacter,150,substitution_1pct,label
ck7_pca222,CK7 PCA-222,nearest_centroid,147,5,101,0.1111111111111111,0.09,within_genus_species,Enterobacter,150,substitution_1pct,label
ck7_pca222,CK7 PCA-222,logistic,147,5,101,0.13333333333333333,0.12294314381270903,within_genus_species,Enterobacter,150,substitution_1pct,label
ck7_svd147,CK7 SVD-147,nearest_centroid,147,5,101,0.13333333333333333,0.1178994918125353,within_genus_species,Enterobacter,150,substitution_1pct,label
ck7_svd147,CK7 SVD-147,logistic,147,5,101,0.17777777777777778,0.15466116271069832,within_genus_species,Enterobacter,150,substitution_1pct,label
ck7_svd222,CK7 SVD-222,nearest_centroid,147,5,101,0.13333333333333333,0.1178994918125353,within_genus_species,Enterobacter,150,substitution_1pct,label
ck7_svd222,CK7 SVD-222,logistic,147,5,101,0.17777777777777778,0.15466116271069832,within_genus_species,Enterobacter,150,substitution_1pct,label
ck4,CK4,nearest_centroid,69,2,136,0.5238095238095238,0.5227272727272727,target_background,Enterobacter,150,substitution_1pct,target_binary
ck4,CK4,logistic,69,2,136,0.38095238095238093,0.37528604118993136,target_background,Enterobacter,150,substitution_1pct,target_binary
ck4_p,CK4+P,nearest_centroid,69,2,147,0.5238095238095238,0.5227272727272727,target_background,Enterobacter,150,substitution_1pct,target_binary
ck4_p,CK4+P,logistic,69,2,147,0.38095238095238093,0.37528604118993136,target_background,Enterobacter,150,substitution_1pct,target_binary
ck4p_msp,CK4P-MSP,nearest_centroid,69,2,222,0.5714285714285714,0.5675057208237986,target_background,Enterobacter,150,substitution_1pct,target_binary
ck4p_msp,CK4P-MSP,logistic,69,2,222,0.42857142857142855,0.42727272727272725,target_background,Enterobacter,150,substitution_1pct,target_binary
ckmer5_count_l2,CK5,nearest_centroid,69,2,509,0.5714285714285714,0.5714285714285714,target_background,Enterobacter,150,substitution_1pct,target_binary
ckmer5_count_l2,CK5,logistic,69,2,509,0.42857142857142855,0.3942307692307692,target_background,Enterobacter,150,substitution_1pct,target_binary
ck5_pca147,CK5 PCA-147,nearest_centroid,69,2,47,0.6190476190476191,0.6181818181818182,target_background,Enterobacter,150,substitution_1pct,target_binary
ck5_pca147,CK5 PCA-147,logistic,69,2,47,0.47619047619047616,0.47139588100686497,target_background,Enterobacter,150,substitution_1pct,target_binary
ck5_pca222,CK5 PCA-222,nearest_centroid,69,2,47,0.6190476190476191,0.6181818181818182,target_background,Enterobacter,150,substitution_1pct,target_binary
ck5_pca222,CK5 PCA-222,logistic,69,2,47,0.47619047619047616,0.47139588100686497,target_background,Enterobacter,150,substitution_1pct,target_binary
ck5_svd147,CK5 SVD-147,nearest_centroid,69,2,47,0.6190476190476191,0.6181818181818182,target_background,Enterobacter,150,substitution_1pct,target_binary
ck5_svd147,CK5 SVD-147,logistic,69,2,47,0.5714285714285714,0.5675057208237986,target_background,Enterobacter,150,substitution_1pct,target_binary
ck5_svd222,CK5 SVD-222,nearest_centroid,69,2,47,0.6190476190476191,0.6181818181818182,target_background,Enterobacter,150,substitution_1pct,target_binary
ck5_svd222,CK5 SVD-222,logistic,69,2,47,0.5714285714285714,0.5675057208237986,target_background,Enterobacter,150,substitution_1pct,target_binary
ck7_pca147,CK7 PCA-147,nearest_centroid,69,2,47,0.5714285714285714,0.5675057208237986,target_background,Enterobacter,150,substitution_1pct,target_binary
ck7_pca147,CK7 PCA-147,logistic,69,2,47,0.5714285714285714,0.5675057208237986,target_background,Enterobacter,150,substitution_1pct,target_binary
ck7_pca222,CK7 PCA-222,nearest_centroid,69,2,47,0.5714285714285714,0.5675057208237986,target_background,Enterobacter,150,substitution_1pct,target_binary
ck7_pca222,CK7 PCA-222,logistic,69,2,47,0.5714285714285714,0.5675057208237986,target_background,Enterobacter,150,substitution_1pct,target_binary
ck7_svd147,CK7 SVD-147,nearest_centroid,69,2,47,0.5238095238095238,0.5227272727272727,target_background,Enterobacter,150,substitution_1pct,target_binary
ck7_svd147,CK7 SVD-147,logistic,69,2,47,0.47619047619047616,0.38726790450928383,target_background,Enterobacter,150,substitution_1pct,target_binary
ck7_svd222,CK7 SVD-222,nearest_centroid,69,2,47,0.5238095238095238,0.5227272727272727,target_background,Enterobacter,150,substitution_1pct,target_binary
ck7_svd222,CK7 SVD-222,logistic,69,2,47,0.47619047619047616,0.38726790450928383,target_background,Enterobacter,150,substitution_1pct,target_binary
ck4,CK4,nearest_centroid,59,2,136,0.5555555555555556,0.5555555555555556,within_genus_species,Escherichia,150,substitution_1pct,label
ck4,CK4,logistic,59,2,136,0.4444444444444444,0.4375,within_genus_species,Escherichia,150,substitution_1pct,label
ck4_p,CK4+P,nearest_centroid,59,2,147,0.5555555555555556,0.5555555555555556,within_genus_species,Escherichia,150,substitution_1pct,label
ck4_p,CK4+P,logistic,59,2,147,0.4444444444444444,0.4375,within_genus_species,Escherichia,150,substitution_1pct,label
ck4p_msp,CK4P-MSP,nearest_centroid,59,2,222,0.5555555555555556,0.5555555555555556,within_genus_species,Escherichia,150,substitution_1pct,label
ck4p_msp,CK4P-MSP,logistic,59,2,222,0.5,0.4984520123839009,within_genus_species,Escherichia,150,substitution_1pct,label
ckmer5_count_l2,CK5,nearest_centroid,59,2,511,0.4444444444444444,0.41558441558441556,within_genus_species,Escherichia,150,substitution_1pct,label
ckmer5_count_l2,CK5,logistic,59,2,511,0.5,0.4984520123839009,within_genus_species,Escherichia,150,substitution_1pct,label
ck5_pca147,CK5 PCA-147,nearest_centroid,59,2,40,0.4444444444444444,0.41558441558441556,within_genus_species,Escherichia,150,substitution_1pct,label
ck5_pca147,CK5 PCA-147,logistic,59,2,40,0.5,0.4857142857142857,within_genus_species,Escherichia,150,substitution_1pct,label
ck5_pca222,CK5 PCA-222,nearest_centroid,59,2,40,0.4444444444444444,0.41558441558441556,within_genus_species,Escherichia,150,substitution_1pct,label
ck5_pca222,CK5 PCA-222,logistic,59,2,40,0.5,0.4857142857142857,within_genus_species,Escherichia,150,substitution_1pct,label
ck5_svd147,CK5 SVD-147,nearest_centroid,59,2,40,0.4444444444444444,0.41558441558441556,within_genus_species,Escherichia,150,substitution_1pct,label
ck5_svd147,CK5 SVD-147,logistic,59,2,40,0.4444444444444444,0.4375,within_genus_species,Escherichia,150,substitution_1pct,label
ck5_svd222,CK5 SVD-222,nearest_centroid,59,2,40,0.4444444444444444,0.41558441558441556,within_genus_species,Escherichia,150,substitution_1pct,label
ck5_svd222,CK5 SVD-222,logistic,59,2,40,0.4444444444444444,0.4375,within_genus_species,Escherichia,150,substitution_1pct,label
ck7_pca147,CK7 PCA-147,nearest_centroid,59,2,40,0.5555555555555556,0.5324675324675324,within_genus_species,Escherichia,150,substitution_1pct,label
ck7_pca147,CK7 PCA-147,logistic,59,2,40,0.5555555555555556,0.5324675324675324,within_genus_species,Escherichia,150,substitution_1pct,label
ck7_pca222,CK7 PCA-222,nearest_centroid,59,2,40,0.5555555555555556,0.5324675324675324,within_genus_species,Escherichia,150,substitution_1pct,label
ck7_pca222,CK7 PCA-222,logistic,59,2,40,0.5555555555555556,0.5324675324675324,within_genus_species,Escherichia,150,substitution_1pct,label
ck7_svd147,CK7 SVD-147,nearest_centroid,59,2,40,0.5,0.4857142857142857,within_genus_species,Escherichia,150,substitution_1pct,label
ck7_svd147,CK7 SVD-147,logistic,59,2,40,0.6111111111111112,0.609907120743034,within_genus_species,Escherichia,150,substitution_1pct,label
ck7_svd222,CK7 SVD-222,nearest_centroid,59,2,40,0.5,0.4857142857142857,within_genus_species,Escherichia,150,substitution_1pct,label
ck7_svd222,CK7 SVD-222,logistic,59,2,40,0.6111111111111112,0.609907120743034,within_genus_species,Escherichia,150,substitution_1pct,label
ck4,CK4,nearest_centroid,59,2,136,0.5555555555555556,0.5555555555555556,target_background,Escherichia,150,substitution_1pct,target_binary
ck4,CK4,logistic,59,2,136,0.4444444444444444,0.4375,target_background,Escherichia,150,substitution_1pct,target_binary
ck4_p,CK4+P,nearest_centroid,59,2,147,0.5555555555555556,0.5555555555555556,target_background,Escherichia,150,substitution_1pct,target_binary
ck4_p,CK4+P,logistic,59,2,147,0.4444444444444444,0.4375,target_background,Escherichia,150,substitution_1pct,target_binary
ck4p_msp,CK4P-MSP,nearest_centroid,59,2,222,0.5555555555555556,0.5555555555555556,target_background,Escherichia,150,substitution_1pct,target_binary
ck4p_msp,CK4P-MSP,logistic,59,2,222,0.5,0.4984520123839009,target_background,Escherichia,150,substitution_1pct,target_binary
ckmer5_count_l2,CK5,nearest_centroid,59,2,511,0.4444444444444444,0.41558441558441556,target_background,Escherichia,150,substitution_1pct,target_binary
ckmer5_count_l2,CK5,logistic,59,2,511,0.5,0.4984520123839009,target_background,Escherichia,150,substitution_1pct,target_binary
ck5_pca147,CK5 PCA-147,nearest_centroid,59,2,40,0.4444444444444444,0.41558441558441556,target_background,Escherichia,150,substitution_1pct,target_binary
ck5_pca147,CK5 PCA-147,logistic,59,2,40,0.5,0.4857142857142857,target_background,Escherichia,150,substitution_1pct,target_binary
ck5_pca222,CK5 PCA-222,nearest_centroid,59,2,40,0.4444444444444444,0.41558441558441556,target_background,Escherichia,150,substitution_1pct,target_binary
ck5_pca222,CK5 PCA-222,logistic,59,2,40,0.5,0.4857142857142857,target_background,Escherichia,150,substitution_1pct,target_binary
ck5_svd147,CK5 SVD-147,nearest_centroid,59,2,40,0.4444444444444444,0.41558441558441556,target_background,Escherichia,150,substitution_1pct,target_binary
ck5_svd147,CK5 SVD-147,logistic,59,2,40,0.4444444444444444,0.4375,target_background,Escherichia,150,substitution_1pct,target_binary
ck5_svd222,CK5 SVD-222,nearest_centroid,59,2,40,0.4444444444444444,0.41558441558441556,target_background,Escherichia,150,substitution_1pct,target_binary
ck5_svd222,CK5 SVD-222,logistic,59,2,40,0.4444444444444444,0.4375,target_background,Escherichia,150,substitution_1pct,target_binary
ck7_pca147,CK7 PCA-147,nearest_centroid,59,2,40,0.5555555555555556,0.5324675324675324,target_background,Escherichia,150,substitution_1pct,target_binary
ck7_pca147,CK7 PCA-147,logistic,59,2,40,0.5555555555555556,0.5324675324675324,target_background,Escherichia,150,substitution_1pct,target_binary
ck7_pca222,CK7 PCA-222,nearest_centroid,59,2,40,0.5555555555555556,0.5324675324675324,target_background,Escherichia,150,substitution_1pct,target_binary
ck7_pca222,CK7 PCA-222,logistic,59,2,40,0.5555555555555556,0.5324675324675324,target_background,Escherichia,150,substitution_1pct,target_binary
ck7_svd147,CK7 SVD-147,nearest_centroid,59,2,40,0.5,0.4857142857142857,target_background,Escherichia,150,substitution_1pct,target_binary
ck7_svd147,CK7 SVD-147,logistic,59,2,40,0.6111111111111112,0.609907120743034,target_background,Escherichia,150,substitution_1pct,target_binary
ck7_svd222,CK7 SVD-222,nearest_centroid,59,2,40,0.5,0.4857142857142857,target_background,Escherichia,150,substitution_1pct,target_binary
ck7_svd222,CK7 SVD-222,logistic,59,2,40,0.6111111111111112,0.609907120743034,target_background,Escherichia,150,substitution_1pct,target_binary
ck4,CK4,nearest_centroid,78,3,136,0.25,0.24177109440267333,within_genus_species,Klebsiella,150,substitution_1pct,label
ck4,CK4,logistic,78,3,136,0.25,0.23925008599931197,within_genus_species,Klebsiella,150,substitution_1pct,label
ck4_p,CK4+P,nearest_centroid,78,3,147,0.25,0.24177109440267333,within_genus_species,Klebsiella,150,substitution_1pct,label
ck4_p,CK4+P,logistic,78,3,147,0.2916666666666667,0.29116059379217274,within_genus_species,Klebsiella,150,substitution_1pct,label
ck4p_msp,CK4P-MSP,nearest_centroid,78,3,222,0.2916666666666667,0.2837301587301587,within_genus_species,Klebsiella,150,substitution_1pct,label
ck4p_msp,CK4P-MSP,logistic,78,3,222,0.3333333333333333,0.33809523809523806,within_genus_species,Klebsiella,150,substitution_1pct,label
ckmer5_count_l2,CK5,nearest_centroid,78,3,512,0.375,0.35653235653235654,within_genus_species,Klebsiella,150,substitution_1pct,label
ckmer5_count_l2,CK5,logistic,78,3,512,0.3333333333333333,0.3030471943515422,within_genus_species,Klebsiella,150,substitution_1pct,label
ck5_pca147,CK5 PCA-147,nearest_centroid,78,3,53,0.3333333333333333,0.3244778613199666,within_genus_species,Klebsiella,150,substitution_1pct,label
ck5_pca147,CK5 PCA-147,logistic,78,3,53,0.2916666666666667,0.2893901420217209,within_genus_species,Klebsiella,150,substitution_1pct,label
ck5_pca222,CK5 PCA-222,nearest_centroid,78,3,53,0.3333333333333333,0.3244778613199666,within_genus_species,Klebsiella,150,substitution_1pct,label
ck5_pca222,CK5 PCA-222,logistic,78,3,53,0.2916666666666667,0.2893901420217209,within_genus_species,Klebsiella,150,substitution_1pct,label
ck5_svd147,CK5 SVD-147,nearest_centroid,78,3,53,0.3333333333333333,0.3057040998217469,within_genus_species,Klebsiella,150,substitution_1pct,label
ck5_svd147,CK5 SVD-147,logistic,78,3,53,0.4166666666666667,0.39036325992847737,within_genus_species,Klebsiella,150,substitution_1pct,label
ck5_svd222,CK5 SVD-222,nearest_centroid,78,3,53,0.3333333333333333,0.3057040998217469,within_genus_species,Klebsiella,150,substitution_1pct,label
ck5_svd222,CK5 SVD-222,logistic,78,3,53,0.4166666666666667,0.39036325992847737,within_genus_species,Klebsiella,150,substitution_1pct,label
ck7_pca147,CK7 PCA-147,nearest_centroid,78,3,53,0.25,0.20048309178743962,within_genus_species,Klebsiella,150,substitution_1pct,label
ck7_pca147,CK7 PCA-147,logistic,78,3,53,0.375,0.30952380952380953,within_genus_species,Klebsiella,150,substitution_1pct,label
ck7_pca222,CK7 PCA-222,nearest_centroid,78,3,53,0.25,0.20048309178743962,within_genus_species,Klebsiella,150,substitution_1pct,label
ck7_pca222,CK7 PCA-222,logistic,78,3,53,0.375,0.30952380952380953,within_genus_species,Klebsiella,150,substitution_1pct,label
ck7_svd147,CK7 SVD-147,nearest_centroid,78,3,53,0.2916666666666667,0.2661396574440053,within_genus_species,Klebsiella,150,substitution_1pct,label
ck7_svd147,CK7 SVD-147,logistic,78,3,53,0.2916666666666667,0.22051282051282053,within_genus_species,Klebsiella,150,substitution_1pct,label
ck7_svd222,CK7 SVD-222,nearest_centroid,78,3,53,0.2916666666666667,0.2661396574440053,within_genus_species,Klebsiella,150,substitution_1pct,label
ck7_svd222,CK7 SVD-222,logistic,78,3,53,0.2916666666666667,0.22051282051282053,within_genus_species,Klebsiella,150,substitution_1pct,label
ck4,CK4,nearest_centroid,63,2,136,0.5263157894736842,0.47384615384615386,target_background,Klebsiella,150,substitution_1pct,target_binary
ck4,CK4,logistic,63,2,136,0.631578947368421,0.6144927536231883,target_background,Klebsiella,150,substitution_1pct,target_binary
ck4_p,CK4+P,nearest_centroid,63,2,147,0.5263157894736842,0.47384615384615386,target_background,Klebsiella,150,substitution_1pct,target_binary
ck4_p,CK4+P,logistic,63,2,147,0.631578947368421,0.6144927536231883,target_background,Klebsiella,150,substitution_1pct,target_binary
ck4p_msp,CK4P-MSP,nearest_centroid,63,2,222,0.5263157894736842,0.47384615384615386,target_background,Klebsiella,150,substitution_1pct,target_binary
ck4p_msp,CK4P-MSP,logistic,63,2,222,0.631578947368421,0.5907692307692307,target_background,Klebsiella,150,substitution_1pct,target_binary
ckmer5_count_l2,CK5,nearest_centroid,63,2,510,0.47368421052631576,0.391025641025641,target_background,Klebsiella,150,substitution_1pct,target_binary
ckmer5_count_l2,CK5,logistic,63,2,510,0.47368421052631576,0.32142857142857145,target_background,Klebsiella,150,substitution_1pct,target_binary
ck5_pca147,CK5 PCA-147,nearest_centroid,63,2,43,0.5263157894736842,0.47384615384615386,target_background,Klebsiella,150,substitution_1pct,target_binary
ck5_pca147,CK5 PCA-147,logistic,63,2,43,0.3684210526315789,0.3522727272727273,target_background,Klebsiella,150,substitution_1pct,target_binary
ck5_pca222,CK5 PCA-222,nearest_centroid,63,2,43,0.5263157894736842,0.47384615384615386,target_background,Klebsiella,150,substitution_1pct,target_binary
ck5_pca222,CK5 PCA-222,logistic,63,2,43,0.3684210526315789,0.3522727272727273,target_background,Klebsiella,150,substitution_1pct,target_binary
ck5_svd147,CK5 SVD-147,nearest_centroid,63,2,43,0.47368421052631576,0.391025641025641,target_background,Klebsiella,150,substitution_1pct,target_binary
ck5_svd147,CK5 SVD-147,logistic,63,2,43,0.5263157894736842,0.3448275862068966,target_background,Klebsiella,150,substitution_1pct,target_binary
ck5_svd222,CK5 SVD-222,nearest_centroid,63,2,43,0.47368421052631576,0.391025641025641,target_background,Klebsiella,150,substitution_1pct,target_binary
ck5_svd222,CK5 SVD-222,logistic,63,2,43,0.5263157894736842,0.3448275862068966,target_background,Klebsiella,150,substitution_1pct,target_binary
ck7_pca147,CK7 PCA-147,nearest_centroid,63,2,43,0.5263157894736842,0.5263157894736842,target_background,Klebsiella,150,substitution_1pct,target_binary
ck7_pca147,CK7 PCA-147,logistic,63,2,43,0.5263157894736842,0.5263157894736842,target_background,Klebsiella,150,substitution_1pct,target_binary
ck7_pca222,CK7 PCA-222,nearest_centroid,63,2,43,0.5263157894736842,0.5263157894736842,target_background,Klebsiella,150,substitution_1pct,target_binary
ck7_pca222,CK7 PCA-222,logistic,63,2,43,0.5263157894736842,0.5263157894736842,target_background,Klebsiella,150,substitution_1pct,target_binary
ck7_svd147,CK7 SVD-147,nearest_centroid,63,2,43,0.5789473684210527,0.5681818181818181,target_background,Klebsiella,150,substitution_1pct,target_binary
ck7_svd147,CK7 SVD-147,logistic,63,2,43,0.6842105263157895,0.525,target_background,Klebsiella,150,substitution_1pct,target_binary
ck7_svd222,CK7 SVD-222,nearest_centroid,63,2,43,0.5789473684210527,0.5681818181818181,target_background,Klebsiella,150,substitution_1pct,target_binary
ck7_svd222,CK7 SVD-222,logistic,63,2,43,0.6842105263157895,0.525,target_background,Klebsiella,150,substitution_1pct,target_binary
ck4,CK4,nearest_centroid,114,4,136,0.42857142857142855,0.4049305957200694,within_genus_species,Acinetobacter,150,N_3pct,label
ck4,CK4,logistic,114,4,136,0.34285714285714286,0.28125,within_genus_species,Acinetobacter,150,N_3pct,label
ck4_p,CK4+P,nearest_centroid,114,4,147,0.42857142857142855,0.4049305957200694,within_genus_species,Acinetobacter,150,N_3pct,label
ck4_p,CK4+P,logistic,114,4,147,0.45714285714285713,0.3828571428571429,within_genus_species,Acinetobacter,150,N_3pct,label
ck4p_msp,CK4P-MSP,nearest_centroid,114,4,222,0.4,0.36491228070175435,within_genus_species,Acinetobacter,150,N_3pct,label
ck4p_msp,CK4P-MSP,logistic,114,4,222,0.3142857142857143,0.2644300144300144,within_genus_species,Acinetobacter,150,N_3pct,label
ckmer5_count_l2,CK5,nearest_centroid,114,4,511,0.42857142857142855,0.36853146853146856,within_genus_species,Acinetobacter,150,N_3pct,label
ckmer5_count_l2,CK5,logistic,114,4,511,0.2857142857142857,0.2467948717948718,within_genus_species,Acinetobacter,150,N_3pct,label
ck5_pca147,CK5 PCA-147,nearest_centroid,114,4,78,0.45714285714285713,0.4132793522267207,within_genus_species,Acinetobacter,150,N_3pct,label
ck5_pca147,CK5 PCA-147,logistic,114,4,78,0.37142857142857144,0.30632411067193677,within_genus_species,Acinetobacter,150,N_3pct,label
ck5_pca222,CK5 PCA-222,nearest_centroid,114,4,78,0.45714285714285713,0.4132793522267207,within_genus_species,Acinetobacter,150,N_3pct,label
ck5_pca222,CK5 PCA-222,logistic,114,4,78,0.37142857142857144,0.30632411067193677,within_genus_species,Acinetobacter,150,N_3pct,label
ck5_svd147,CK5 SVD-147,nearest_centroid,114,4,78,0.4,0.34555555555555556,within_genus_species,Acinetobacter,150,N_3pct,label
ck5_svd147,CK5 SVD-147,logistic,114,4,78,0.2857142857142857,0.2586538461538461,within_genus_species,Acinetobacter,150,N_3pct,label
ck5_svd222,CK5 SVD-222,nearest_centroid,114,4,78,0.4,0.34555555555555556,within_genus_species,Acinetobacter,150,N_3pct,label
ck5_svd222,CK5 SVD-222,logistic,114,4,78,0.2857142857142857,0.2586538461538461,within_genus_species,Acinetobacter,150,N_3pct,label
ck7_pca147,CK7 PCA-147,nearest_centroid,114,4,78,0.37142857142857144,0.3649122807017544,within_genus_species,Acinetobacter,150,N_3pct,label
ck7_pca147,CK7 PCA-147,logistic,114,4,78,0.3142857142857143,0.3079365079365079,within_genus_species,Acinetobacter,150,N_3pct,label
ck7_pca222,CK7 PCA-222,nearest_centroid,114,4,78,0.37142857142857144,0.3649122807017544,within_genus_species,Acinetobacter,150,N_3pct,label
ck7_pca222,CK7 PCA-222,logistic,114,4,78,0.3142857142857143,0.3079365079365079,within_genus_species,Acinetobacter,150,N_3pct,label
ck7_svd147,CK7 SVD-147,nearest_centroid,114,4,78,0.34285714285714286,0.3469298245614035,within_genus_species,Acinetobacter,150,N_3pct,label
ck7_svd147,CK7 SVD-147,logistic,114,4,78,0.2,0.17763157894736842,within_genus_species,Acinetobacter,150,N_3pct,label
ck7_svd222,CK7 SVD-222,nearest_centroid,114,4,78,0.34285714285714286,0.3469298245614035,within_genus_species,Acinetobacter,150,N_3pct,label
ck7_svd222,CK7 SVD-222,logistic,114,4,78,0.2,0.17763157894736842,within_genus_species,Acinetobacter,150,N_3pct,label
ck4,CK4,nearest_centroid,89,3,136,0.2962962962962963,0.31203703703703706,within_genus_species,Burkholderia,150,N_3pct,label
ck4,CK4,logistic,89,3,136,0.4444444444444444,0.4266908212560387,within_genus_species,Burkholderia,150,N_3pct,label
ck4_p,CK4+P,nearest_centroid,89,3,147,0.2962962962962963,0.31203703703703706,within_genus_species,Burkholderia,150,N_3pct,label
ck4_p,CK4+P,logistic,89,3,147,0.4444444444444444,0.4266908212560387,within_genus_species,Burkholderia,150,N_3pct,label
ck4p_msp,CK4P-MSP,nearest_centroid,89,3,222,0.2962962962962963,0.31203703703703706,within_genus_species,Burkholderia,150,N_3pct,label
ck4p_msp,CK4P-MSP,logistic,89,3,222,0.3333333333333333,0.32486772486772486,within_genus_species,Burkholderia,150,N_3pct,label
ckmer5_count_l2,CK5,nearest_centroid,89,3,500,0.18518518518518517,0.1953703703703704,within_genus_species,Burkholderia,150,N_3pct,label
ckmer5_count_l2,CK5,logistic,89,3,500,0.3333333333333333,0.3289473684210526,within_genus_species,Burkholderia,150,N_3pct,label
ck5_pca147,CK5 PCA-147,nearest_centroid,89,3,61,0.18518518518518517,0.1953703703703704,within_genus_species,Burkholderia,150,N_3pct,label
ck5_pca147,CK5 PCA-147,logistic,89,3,61,0.37037037037037035,0.36718020541549956,within_genus_species,Burkholderia,150,N_3pct,label
ck5_pca222,CK5 PCA-222,nearest_centroid,89,3,61,0.18518518518518517,0.1953703703703704,within_genus_species,Burkholderia,150,N_3pct,label
ck5_pca222,CK5 PCA-222,logistic,89,3,61,0.37037037037037035,0.36718020541549956,within_genus_species,Burkholderia,150,N_3pct,label
ck5_svd147,CK5 SVD-147,nearest_centroid,89,3,61,0.2222222222222222,0.2289875014333219,within_genus_species,Burkholderia,150,N_3pct,label
ck5_svd147,CK5 SVD-147,logistic,89,3,61,0.3333333333333333,0.33814929480564154,within_genus_species,Burkholderia,150,N_3pct,label
ck5_svd222,CK5 SVD-222,nearest_centroid,89,3,61,0.2222222222222222,0.2289875014333219,within_genus_species,Burkholderia,150,N_3pct,label
ck5_svd222,CK5 SVD-222,logistic,89,3,61,0.3333333333333333,0.33814929480564154,within_genus_species,Burkholderia,150,N_3pct,label
ck7_pca147,CK7 PCA-147,nearest_centroid,89,3,61,0.18518518518518517,0.18614718614718614,within_genus_species,Burkholderia,150,N_3pct,label
ck7_pca147,CK7 PCA-147,logistic,89,3,61,0.3333333333333333,0.32270531400966185,within_genus_species,Burkholderia,150,N_3pct,label
ck7_pca222,CK7 PCA-222,nearest_centroid,89,3,61,0.18518518518518517,0.18614718614718614,within_genus_species,Burkholderia,150,N_3pct,label
ck7_pca222,CK7 PCA-222,logistic,89,3,61,0.3333333333333333,0.32270531400966185,within_genus_species,Burkholderia,150,N_3pct,label
ck7_svd147,CK7 SVD-147,nearest_centroid,89,3,61,0.25925925925925924,0.26359469837730704,within_genus_species,Burkholderia,150,N_3pct,label
ck7_svd147,CK7 SVD-147,logistic,89,3,61,0.4074074074074074,0.4153846153846154,within_genus_species,Burkholderia,150,N_3pct,label
ck7_svd222,CK7 SVD-222,nearest_centroid,89,3,61,0.25925925925925924,0.26359469837730704,within_genus_species,Burkholderia,150,N_3pct,label
ck7_svd222,CK7 SVD-222,logistic,89,3,61,0.4074074074074074,0.4153846153846154,within_genus_species,Burkholderia,150,N_3pct,label
ck4,CK4,nearest_centroid,69,2,136,0.47619047619047616,0.47619047619047616,target_background,Burkholderia,150,N_3pct,target_binary
ck4,CK4,logistic,69,2,136,0.5714285714285714,0.5552941176470588,target_background,Burkholderia,150,N_3pct,target_binary
ck4_p,CK4+P,nearest_centroid,69,2,147,0.47619047619047616,0.47619047619047616,target_background,Burkholderia,150,N_3pct,target_binary
ck4_p,CK4+P,logistic,69,2,147,0.5714285714285714,0.5675057208237986,target_background,Burkholderia,150,N_3pct,target_binary
ck4p_msp,CK4P-MSP,nearest_centroid,69,2,222,0.47619047619047616,0.47619047619047616,target_background,Burkholderia,150,N_3pct,target_binary
ck4p_msp,CK4P-MSP,logistic,69,2,222,0.6666666666666666,0.6636155606407322,target_background,Burkholderia,150,N_3pct,target_binary
ckmer5_count_l2,CK5,nearest_centroid,69,2,482,0.5714285714285714,0.5675057208237986,target_background,Burkholderia,150,N_3pct,target_binary
ckmer5_count_l2,CK5,logistic,69,2,482,0.47619047619047616,0.47139588100686497,target_background,Burkholderia,150,N_3pct,target_binary
ck5_pca147,CK5 PCA-147,nearest_centroid,69,2,47,0.5714285714285714,0.5675057208237986,target_background,Burkholderia,150,N_3pct,target_binary
ck5_pca147,CK5 PCA-147,logistic,69,2,47,0.47619047619047616,0.47139588100686497,target_background,Burkholderia,150,N_3pct,target_binary
ck5_pca222,CK5 PCA-222,nearest_centroid,69,2,47,0.5714285714285714,0.5675057208237986,target_background,Burkholderia,150,N_3pct,target_binary
ck5_pca222,CK5 PCA-222,logistic,69,2,47,0.47619047619047616,0.47139588100686497,target_background,Burkholderia,150,N_3pct,target_binary
ck5_svd147,CK5 SVD-147,nearest_centroid,69,2,47,0.5714285714285714,0.5675057208237986,target_background,Burkholderia,150,N_3pct,target_binary
ck5_svd147,CK5 SVD-147,logistic,69,2,47,0.5238095238095238,0.5227272727272727,target_background,Burkholderia,150,N_3pct,target_binary
ck5_svd222,CK5 SVD-222,nearest_centroid,69,2,47,0.5714285714285714,0.5675057208237986,target_background,Burkholderia,150,N_3pct,target_binary
ck5_svd222,CK5 SVD-222,logistic,69,2,47,0.5238095238095238,0.5227272727272727,target_background,Burkholderia,150,N_3pct,target_binary
ck7_pca147,CK7 PCA-147,nearest_centroid,69,2,47,0.42857142857142855,0.42727272727272725,target_background,Burkholderia,150,N_3pct,target_binary
ck7_pca147,CK7 PCA-147,logistic,69,2,47,0.5238095238095238,0.5227272727272727,target_background,Burkholderia,150,N_3pct,target_binary
ck7_pca222,CK7 PCA-222,nearest_centroid,69,2,47,0.42857142857142855,0.42727272727272725,target_background,Burkholderia,150,N_3pct,target_binary
ck7_pca222,CK7 PCA-222,logistic,69,2,47,0.5238095238095238,0.5227272727272727,target_background,Burkholderia,150,N_3pct,target_binary
ck7_svd147,CK7 SVD-147,nearest_centroid,69,2,47,0.42857142857142855,0.42727272727272725,target_background,Burkholderia,150,N_3pct,target_binary
ck7_svd147,CK7 SVD-147,logistic,69,2,47,0.5714285714285714,0.5675057208237986,target_background,Burkholderia,150,N_3pct,target_binary
ck7_svd222,CK7 SVD-222,nearest_centroid,69,2,47,0.42857142857142855,0.42727272727272725,target_background,Burkholderia,150,N_3pct,target_binary
ck7_svd222,CK7 SVD-222,logistic,69,2,47,0.5714285714285714,0.5675057208237986,target_background,Burkholderia,150,N_3pct,target_binary
ck4,CK4,nearest_centroid,113,4,136,0.47058823529411764,0.4422799422799422,within_genus_species,Candida,150,N_3pct,label
ck4,CK4,logistic,113,4,136,0.29411764705882354,0.2854684265010352,within_genus_species,Candida,150,N_3pct,label
ck4_p,CK4+P,nearest_centroid,113,4,147,0.47058823529411764,0.4422799422799422,within_genus_species,Candida,150,N_3pct,label
ck4_p,CK4+P,logistic,113,4,147,0.2647058823529412,0.24107142857142855,within_genus_species,Candida,150,N_3pct,label
ck4p_msp,CK4P-MSP,nearest_centroid,113,4,222,0.47058823529411764,0.4422799422799422,within_genus_species,Candida,150,N_3pct,label
ck4p_msp,CK4P-MSP,logistic,113,4,222,0.3235294117647059,0.3240601503759399,within_genus_species,Candida,150,N_3pct,label
ckmer5_count_l2,CK5,nearest_centroid,113,4,509,0.3235294117647059,0.29791666666666666,within_genus_species,Candida,150,N_3pct,label
ckmer5_count_l2,CK5,logistic,113,4,509,0.38235294117647056,0.3800125313283208,within_genus_species,Candida,150,N_3pct,label
ck5_pca147,CK5 PCA-147,nearest_centroid,113,4,78,0.3235294117647059,0.30123716153127916,within_genus_species,Candida,150,N_3pct,label
ck5_pca147,CK5 PCA-147,logistic,113,4,78,0.3235294117647059,0.31455392433653306,within_genus_species,Candida,150,N_3pct,label
ck5_pca222,CK5 PCA-222,nearest_centroid,113,4,78,0.3235294117647059,0.30123716153127916,within_genus_species,Candida,150,N_3pct,label
ck5_pca222,CK5 PCA-222,logistic,113,4,78,0.3235294117647059,0.31455392433653306,within_genus_species,Candida,150,N_3pct,label
ck5_svd147,CK5 SVD-147,nearest_centroid,113,4,78,0.38235294117647056,0.3832417582417582,within_genus_species,Candida,150,N_3pct,label
ck5_svd147,CK5 SVD-147,logistic,113,4,78,0.35294117647058826,0.363095238095238,within_genus_species,Candida,150,N_3pct,label
ck5_svd222,CK5 SVD-222,nearest_centroid,113,4,78,0.38235294117647056,0.3832417582417582,within_genus_species,Candida,150,N_3pct,label
ck5_svd222,CK5 SVD-222,logistic,113,4,78,0.35294117647058826,0.363095238095238,within_genus_species,Candida,150,N_3pct,label
ck7_pca147,CK7 PCA-147,nearest_centroid,113,4,78,0.4117647058823529,0.4101503759398496,within_genus_species,Candida,150,N_3pct,label
ck7_pca147,CK7 PCA-147,logistic,113,4,78,0.38235294117647056,0.35912698412698413,within_genus_species,Candida,150,N_3pct,label
ck7_pca222,CK7 PCA-222,nearest_centroid,113,4,78,0.4117647058823529,0.4101503759398496,within_genus_species,Candida,150,N_3pct,label
ck7_pca222,CK7 PCA-222,logistic,113,4,78,0.38235294117647056,0.35912698412698413,within_genus_species,Candida,150,N_3pct,label
ck7_svd147,CK7 SVD-147,nearest_centroid,113,4,78,0.5,0.4952380952380952,within_genus_species,Candida,150,N_3pct,label
ck7_svd147,CK7 SVD-147,logistic,113,4,78,0.4411764705882353,0.4121345029239766,within_genus_species,Candida,150,N_3pct,label
ck7_svd222,CK7 SVD-222,nearest_centroid,113,4,78,0.5,0.4952380952380952,within_genus_species,Candida,150,N_3pct,label
ck7_svd222,CK7 SVD-222,logistic,113,4,78,0.4411764705882353,0.4121345029239766,within_genus_species,Candida,150,N_3pct,label
ck4,CK4,nearest_centroid,72,2,136,0.6818181818181818,0.681159420289855,target_background,Candida,150,N_3pct,target_binary
ck4,CK4,logistic,72,2,136,0.4090909090909091,0.3769063180827886,target_background,Candida,150,N_3pct,target_binary
ck4_p,CK4+P,nearest_centroid,72,2,147,0.6818181818181818,0.681159420289855,target_background,Candida,150,N_3pct,target_binary
ck4_p,CK4+P,logistic,72,2,147,0.5,0.44367816091954027,target_background,Candida,150,N_3pct,target_binary
ck4p_msp,CK4P-MSP,nearest_centroid,72,2,222,0.6818181818181818,0.681159420289855,target_background,Candida,150,N_3pct,target_binary
ck4p_msp,CK4P-MSP,logistic,72,2,222,0.5454545454545454,0.5299145299145299,target_background,Candida,150,N_3pct,target_binary
ckmer5_count_l2,CK5,nearest_centroid,72,2,506,0.5454545454545454,0.5416666666666667,target_background,Candida,150,N_3pct,target_binary
ckmer5_count_l2,CK5,logistic,72,2,506,0.4090909090909091,0.3769063180827886,target_background,Candida,150,N_3pct,target_binary
ck5_pca147,CK5 PCA-147,nearest_centroid,72,2,49,0.5909090909090909,0.5900621118012422,target_background,Candida,150,N_3pct,target_binary
ck5_pca147,CK5 PCA-147,logistic,72,2,49,0.45454545454545453,0.45,target_background,Candida,150,N_3pct,target_binary
ck5_pca222,CK5 PCA-222,nearest_centroid,72,2,49,0.5909090909090909,0.5900621118012422,target_background,Candida,150,N_3pct,target_binary
ck5_pca222,CK5 PCA-222,logistic,72,2,49,0.45454545454545453,0.45,target_background,Candida,150,N_3pct,target_binary
ck5_svd147,CK5 SVD-147,nearest_centroid,72,2,49,0.5909090909090909,0.5900621118012422,target_background,Candida,150,N_3pct,target_binary
ck5_svd147,CK5 SVD-147,logistic,72,2,49,0.4090909090909091,0.3769063180827886,target_background,Candida,150,N_3pct,target_binary
ck5_svd222,CK5 SVD-222,nearest_centroid,72,2,49,0.5909090909090909,0.5900621118012422,target_background,Candida,150,N_3pct,target_binary
ck5_svd222,CK5 SVD-222,logistic,72,2,49,0.4090909090909091,0.3769063180827886,target_background,Candida,150,N_3pct,target_binary
ck7_pca147,CK7 PCA-147,nearest_centroid,72,2,49,0.5909090909090909,0.5831578947368421,target_background,Candida,150,N_3pct,target_binary
ck7_pca147,CK7 PCA-147,logistic,72,2,49,0.5909090909090909,0.5831578947368421,target_background,Candida,150,N_3pct,target_binary
ck7_pca222,CK7 PCA-222,nearest_centroid,72,2,49,0.5909090909090909,0.5831578947368421,target_background,Candida,150,N_3pct,target_binary
ck7_pca222,CK7 PCA-222,logistic,72,2,49,0.5909090909090909,0.5831578947368421,target_background,Candida,150,N_3pct,target_binary
ck7_svd147,CK7 SVD-147,nearest_centroid,72,2,49,0.6818181818181818,0.681159420289855,target_background,Candida,150,N_3pct,target_binary
ck7_svd147,CK7 SVD-147,logistic,72,2,49,0.45454545454545453,0.4107142857142857,target_background,Candida,150,N_3pct,target_binary
ck7_svd222,CK7 SVD-222,nearest_centroid,72,2,49,0.6818181818181818,0.681159420289855,target_background,Candida,150,N_3pct,target_binary
ck7_svd222,CK7 SVD-222,logistic,72,2,49,0.45454545454545453,0.4107142857142857,target_background,Candida,150,N_3pct,target_binary
ck4,CK4,nearest_centroid,147,5,136,0.17777777777777778,0.1820707070707071,within_genus_species,Enterobacter,150,N_3pct,label
ck4,CK4,logistic,147,5,136,0.15555555555555556,0.15576923076923077,within_genus_species,Enterobacter,150,N_3pct,label
ck4_p,CK4+P,nearest_centroid,147,5,147,0.17777777777777778,0.1820707070707071,within_genus_species,Enterobacter,150,N_3pct,label
ck4_p,CK4+P,logistic,147,5,147,0.17777777777777778,0.16895118230358505,within_genus_species,Enterobacter,150,N_3pct,label
ck4p_msp,CK4P-MSP,nearest_centroid,147,5,222,0.17777777777777778,0.18176691729323308,within_genus_species,Enterobacter,150,N_3pct,label
ck4p_msp,CK4P-MSP,logistic,147,5,222,0.26666666666666666,0.26065556046980193,within_genus_species,Enterobacter,150,N_3pct,label
ckmer5_count_l2,CK5,nearest_centroid,147,5,510,0.2222222222222222,0.23433155080213902,within_genus_species,Enterobacter,150,N_3pct,label
ckmer5_count_l2,CK5,logistic,147,5,510,0.17777777777777778,0.17165071770334928,within_genus_species,Enterobacter,150,N_3pct,label
ck5_pca147,CK5 PCA-147,nearest_centroid,147,5,101,0.2222222222222222,0.2240577722930664,within_genus_species,Enterobacter,150,N_3pct,label
ck5_pca147,CK5 PCA-147,logistic,147,5,101,0.2222222222222222,0.19483253588516747,within_genus_species,Enterobacter,150,N_3pct,label
ck5_pca222,CK5 PCA-222,nearest_centroid,147,5,101,0.2222222222222222,0.2240577722930664,within_genus_species,Enterobacter,150,N_3pct,label
ck5_pca222,CK5 PCA-222,logistic,147,5,101,0.2222222222222222,0.19483253588516747,within_genus_species,Enterobacter,150,N_3pct,label
ck5_svd147,CK5 SVD-147,nearest_centroid,147,5,101,0.2,0.19307928913192068,within_genus_species,Enterobacter,150,N_3pct,label
ck5_svd147,CK5 SVD-147,logistic,147,5,101,0.24444444444444444,0.21007063112326269,within_genus_species,Enterobacter,150,N_3pct,label
ck5_svd222,CK5 SVD-222,nearest_centroid,147,5,101,0.2,0.19307928913192068,within_genus_species,Enterobacter,150,N_3pct,label
ck5_svd222,CK5 SVD-222,logistic,147,5,101,0.24444444444444444,0.21007063112326269,within_genus_species,Enterobacter,150,N_3pct,label
ck7_pca147,CK7 PCA-147,nearest_centroid,147,5,101,0.17777777777777778,0.16090354090354092,within_genus_species,Enterobacter,150,N_3pct,label
ck7_pca147,CK7 PCA-147,logistic,147,5,101,0.17777777777777778,0.16956521739130434,within_genus_species,Enterobacter,150,N_3pct,label
ck7_pca222,CK7 PCA-222,nearest_centroid,147,5,101,0.17777777777777778,0.16090354090354092,within_genus_species,Enterobacter,150,N_3pct,label
ck7_pca222,CK7 PCA-222,logistic,147,5,101,0.17777777777777778,0.16956521739130434,within_genus_species,Enterobacter,150,N_3pct,label
ck7_svd147,CK7 SVD-147,nearest_centroid,147,5,101,0.15555555555555556,0.15904761904761905,within_genus_species,Enterobacter,150,N_3pct,label
ck7_svd147,CK7 SVD-147,logistic,147,5,101,0.15555555555555556,0.15364707756012103,within_genus_species,Enterobacter,150,N_3pct,label
ck7_svd222,CK7 SVD-222,nearest_centroid,147,5,101,0.15555555555555556,0.15904761904761905,within_genus_species,Enterobacter,150,N_3pct,label
ck7_svd222,CK7 SVD-222,logistic,147,5,101,0.15555555555555556,0.15364707756012103,within_genus_species,Enterobacter,150,N_3pct,label
ck4,CK4,nearest_centroid,69,2,136,0.5238095238095238,0.5227272727272727,target_background,Enterobacter,150,N_3pct,target_binary
ck4,CK4,logistic,69,2,136,0.47619047619047616,0.47139588100686497,target_background,Enterobacter,150,N_3pct,target_binary
ck4_p,CK4+P,nearest_centroid,69,2,147,0.5238095238095238,0.5227272727272727,target_background,Enterobacter,150,N_3pct,target_binary
ck4_p,CK4+P,logistic,69,2,147,0.47619047619047616,0.47139588100686497,target_background,Enterobacter,150,N_3pct,target_binary
ck4p_msp,CK4P-MSP,nearest_centroid,69,2,222,0.5714285714285714,0.5714285714285714,target_background,Enterobacter,150,N_3pct,target_binary
ck4p_msp,CK4P-MSP,logistic,69,2,222,0.42857142857142855,0.41666666666666663,target_background,Enterobacter,150,N_3pct,target_binary
ckmer5_count_l2,CK5,nearest_centroid,69,2,509,0.47619047619047616,0.47139588100686497,target_background,Enterobacter,150,N_3pct,target_binary
ckmer5_count_l2,CK5,logistic,69,2,509,0.5238095238095238,0.5138888888888888,target_background,Enterobacter,150,N_3pct,target_binary
ck5_pca147,CK5 PCA-147,nearest_centroid,69,2,47,0.5238095238095238,0.5227272727272727,target_background,Enterobacter,150,N_3pct,target_binary
ck5_pca147,CK5 PCA-147,logistic,69,2,47,0.5714285714285714,0.5675057208237986,target_background,Enterobacter,150,N_3pct,target_binary
ck5_pca222,CK5 PCA-222,nearest_centroid,69,2,47,0.5238095238095238,0.5227272727272727,target_background,Enterobacter,150,N_3pct,target_binary
ck5_pca222,CK5 PCA-222,logistic,69,2,47,0.5714285714285714,0.5675057208237986,target_background,Enterobacter,150,N_3pct,target_binary
ck5_svd147,CK5 SVD-147,nearest_centroid,69,2,47,0.5238095238095238,0.5227272727272727,target_background,Enterobacter,150,N_3pct,target_binary
ck5_svd147,CK5 SVD-147,logistic,69,2,47,0.5238095238095238,0.5138888888888888,target_background,Enterobacter,150,N_3pct,target_binary
ck5_svd222,CK5 SVD-222,nearest_centroid,69,2,47,0.5238095238095238,0.5227272727272727,target_background,Enterobacter,150,N_3pct,target_binary
ck5_svd222,CK5 SVD-222,logistic,69,2,47,0.5238095238095238,0.5138888888888888,target_background,Enterobacter,150,N_3pct,target_binary
ck7_pca147,CK7 PCA-147,nearest_centroid,69,2,47,0.6666666666666666,0.6636155606407322,target_background,Enterobacter,150,N_3pct,target_binary
ck7_pca147,CK7 PCA-147,logistic,69,2,47,0.5714285714285714,0.5675057208237986,target_background,Enterobacter,150,N_3pct,target_binary
ck7_pca222,CK7 PCA-222,nearest_centroid,69,2,47,0.6666666666666666,0.6636155606407322,target_background,Enterobacter,150,N_3pct,target_binary
ck7_pca222,CK7 PCA-222,logistic,69,2,47,0.5714285714285714,0.5675057208237986,target_background,Enterobacter,150,N_3pct,target_binary
ck7_svd147,CK7 SVD-147,nearest_centroid,69,2,47,0.6190476190476191,0.6181818181818182,target_background,Enterobacter,150,N_3pct,target_binary
ck7_svd147,CK7 SVD-147,logistic,69,2,47,0.5238095238095238,0.4642857142857143,target_background,Enterobacter,150,N_3pct,target_binary
ck7_svd222,CK7 SVD-222,nearest_centroid,69,2,47,0.6190476190476191,0.6181818181818182,target_background,Enterobacter,150,N_3pct,target_binary
ck7_svd222,CK7 SVD-222,logistic,69,2,47,0.5238095238095238,0.4642857142857143,target_background,Enterobacter,150,N_3pct,target_binary
ck4,CK4,nearest_centroid,59,2,136,0.4444444444444444,0.4444444444444444,within_genus_species,Escherichia,150,N_3pct,label
ck4,CK4,logistic,59,2,136,0.5,0.4857142857142857,within_genus_species,Escherichia,150,N_3pct,label
ck4_p,CK4+P,nearest_centroid,59,2,147,0.4444444444444444,0.4444444444444444,within_genus_species,Escherichia,150,N_3pct,label
ck4_p,CK4+P,logistic,59,2,147,0.5,0.4984520123839009,within_genus_species,Escherichia,150,N_3pct,label
ck4p_msp,CK4P-MSP,nearest_centroid,59,2,222,0.4444444444444444,0.4444444444444444,within_genus_species,Escherichia,150,N_3pct,label
ck4p_msp,CK4P-MSP,logistic,59,2,222,0.3333333333333333,0.25,within_genus_species,Escherichia,150,N_3pct,label
ckmer5_count_l2,CK5,nearest_centroid,59,2,508,0.4444444444444444,0.4444444444444444,within_genus_species,Escherichia,150,N_3pct,label
ckmer5_count_l2,CK5,logistic,59,2,508,0.4444444444444444,0.4375,within_genus_species,Escherichia,150,N_3pct,label
ck5_pca147,CK5 PCA-147,nearest_centroid,59,2,40,0.4444444444444444,0.4444444444444444,within_genus_species,Escherichia,150,N_3pct,label
ck5_pca147,CK5 PCA-147,logistic,59,2,40,0.5,0.4857142857142857,within_genus_species,Escherichia,150,N_3pct,label
ck5_pca222,CK5 PCA-222,nearest_centroid,59,2,40,0.4444444444444444,0.4444444444444444,within_genus_species,Escherichia,150,N_3pct,label
ck5_pca222,CK5 PCA-222,logistic,59,2,40,0.5,0.4857142857142857,within_genus_species,Escherichia,150,N_3pct,label
ck5_svd147,CK5 SVD-147,nearest_centroid,59,2,40,0.4444444444444444,0.4444444444444444,within_genus_species,Escherichia,150,N_3pct,label
ck5_svd147,CK5 SVD-147,logistic,59,2,40,0.5,0.4857142857142857,within_genus_species,Escherichia,150,N_3pct,label
ck5_svd222,CK5 SVD-222,nearest_centroid,59,2,40,0.4444444444444444,0.4444444444444444,within_genus_species,Escherichia,150,N_3pct,label
ck5_svd222,CK5 SVD-222,logistic,59,2,40,0.5,0.4857142857142857,within_genus_species,Escherichia,150,N_3pct,label
ck7_pca147,CK7 PCA-147,nearest_centroid,59,2,40,0.4444444444444444,0.4375,within_genus_species,Escherichia,150,N_3pct,label
ck7_pca147,CK7 PCA-147,logistic,59,2,40,0.4444444444444444,0.4375,within_genus_species,Escherichia,150,N_3pct,label
ck7_pca222,CK7 PCA-222,nearest_centroid,59,2,40,0.4444444444444444,0.4375,within_genus_species,Escherichia,150,N_3pct,label
ck7_pca222,CK7 PCA-222,logistic,59,2,40,0.4444444444444444,0.4375,within_genus_species,Escherichia,150,N_3pct,label
ck7_svd147,CK7 SVD-147,nearest_centroid,59,2,40,0.3888888888888889,0.38699690402476783,within_genus_species,Escherichia,150,N_3pct,label
ck7_svd147,CK7 SVD-147,logistic,59,2,40,0.4444444444444444,0.4444444444444444,within_genus_species,Escherichia,150,N_3pct,label
ck7_svd222,CK7 SVD-222,nearest_centroid,59,2,40,0.3888888888888889,0.38699690402476783,within_genus_species,Escherichia,150,N_3pct,label
ck7_svd222,CK7 SVD-222,logistic,59,2,40,0.4444444444444444,0.4444444444444444,within_genus_species,Escherichia,150,N_3pct,label
ck4,CK4,nearest_centroid,59,2,136,0.4444444444444444,0.4444444444444444,target_background,Escherichia,150,N_3pct,target_binary
ck4,CK4,logistic,59,2,136,0.5,0.4857142857142857,target_background,Escherichia,150,N_3pct,target_binary
ck4_p,CK4+P,nearest_centroid,59,2,147,0.4444444444444444,0.4444444444444444,target_background,Escherichia,150,N_3pct,target_binary
ck4_p,CK4+P,logistic,59,2,147,0.5,0.4984520123839009,target_background,Escherichia,150,N_3pct,target_binary
ck4p_msp,CK4P-MSP,nearest_centroid,59,2,222,0.4444444444444444,0.4444444444444444,target_background,Escherichia,150,N_3pct,target_binary
ck4p_msp,CK4P-MSP,logistic,59,2,222,0.3333333333333333,0.25,target_background,Escherichia,150,N_3pct,target_binary
ckmer5_count_l2,CK5,nearest_centroid,59,2,508,0.4444444444444444,0.4444444444444444,target_background,Escherichia,150,N_3pct,target_binary
ckmer5_count_l2,CK5,logistic,59,2,508,0.4444444444444444,0.4375,target_background,Escherichia,150,N_3pct,target_binary
ck5_pca147,CK5 PCA-147,nearest_centroid,59,2,40,0.4444444444444444,0.4444444444444444,target_background,Escherichia,150,N_3pct,target_binary
ck5_pca147,CK5 PCA-147,logistic,59,2,40,0.5,0.4857142857142857,target_background,Escherichia,150,N_3pct,target_binary
ck5_pca222,CK5 PCA-222,nearest_centroid,59,2,40,0.4444444444444444,0.4444444444444444,target_background,Escherichia,150,N_3pct,target_binary
ck5_pca222,CK5 PCA-222,logistic,59,2,40,0.5,0.4857142857142857,target_background,Escherichia,150,N_3pct,target_binary
ck5_svd147,CK5 SVD-147,nearest_centroid,59,2,40,0.4444444444444444,0.4444444444444444,target_background,Escherichia,150,N_3pct,target_binary
ck5_svd147,CK5 SVD-147,logistic,59,2,40,0.5,0.4857142857142857,target_background,Escherichia,150,N_3pct,target_binary
ck5_svd222,CK5 SVD-222,nearest_centroid,59,2,40,0.4444444444444444,0.4444444444444444,target_background,Escherichia,150,N_3pct,target_binary
ck5_svd222,CK5 SVD-222,logistic,59,2,40,0.5,0.4857142857142857,target_background,Escherichia,150,N_3pct,target_binary
ck7_pca147,CK7 PCA-147,nearest_centroid,59,2,40,0.4444444444444444,0.4375,target_background,Escherichia,150,N_3pct,target_binary
ck7_pca147,CK7 PCA-147,logistic,59,2,40,0.4444444444444444,0.4375,target_background,Escherichia,150,N_3pct,target_binary
ck7_pca222,CK7 PCA-222,nearest_centroid,59,2,40,0.4444444444444444,0.4375,target_background,Escherichia,150,N_3pct,target_binary
ck7_pca222,CK7 PCA-222,logistic,59,2,40,0.4444444444444444,0.4375,target_background,Escherichia,150,N_3pct,target_binary
ck7_svd147,CK7 SVD-147,nearest_centroid,59,2,40,0.3888888888888889,0.38699690402476783,target_background,Escherichia,150,N_3pct,target_binary
ck7_svd147,CK7 SVD-147,logistic,59,2,40,0.4444444444444444,0.4444444444444444,target_background,Escherichia,150,N_3pct,target_binary
ck7_svd222,CK7 SVD-222,nearest_centroid,59,2,40,0.3888888888888889,0.38699690402476783,target_background,Escherichia,150,N_3pct,target_binary
ck7_svd222,CK7 SVD-222,logistic,59,2,40,0.4444444444444444,0.4444444444444444,target_background,Escherichia,150,N_3pct,target_binary
ck4,CK4,nearest_centroid,78,3,136,0.2916666666666667,0.2735042735042735,within_genus_species,Klebsiella,150,N_3pct,label
ck4,CK4,logistic,78,3,136,0.2916666666666667,0.2898629148629149,within_genus_species,Klebsiella,150,N_3pct,label
ck4_p,CK4+P,nearest_centroid,78,3,147,0.2916666666666667,0.2735042735042735,within_genus_species,Klebsiella,150,N_3pct,label
ck4_p,CK4+P,logistic,78,3,147,0.3333333333333333,0.32844932844932845,within_genus_species,Klebsiella,150,N_3pct,label
ck4p_msp,CK4P-MSP,nearest_centroid,78,3,222,0.2916666666666667,0.2735042735042735,within_genus_species,Klebsiella,150,N_3pct,label
ck4p_msp,CK4P-MSP,logistic,78,3,222,0.3333333333333333,0.29273504273504275,within_genus_species,Klebsiella,150,N_3pct,label
ckmer5_count_l2,CK5,nearest_centroid,78,3,510,0.25,0.19254658385093168,within_genus_species,Klebsiella,150,N_3pct,label
ckmer5_count_l2,CK5,logistic,78,3,510,0.20833333333333334,0.16727272727272727,within_genus_species,Klebsiella,150,N_3pct,label
ck5_pca147,CK5 PCA-147,nearest_centroid,78,3,53,0.20833333333333334,0.1793372319688109,within_genus_species,Klebsiella,150,N_3pct,label
ck5_pca147,CK5 PCA-147,logistic,78,3,53,0.20833333333333334,0.1975108225108225,within_genus_species,Klebsiella,150,N_3pct,label
ck5_pca222,CK5 PCA-222,nearest_centroid,78,3,53,0.20833333333333334,0.1793372319688109,within_genus_species,Klebsiella,150,N_3pct,label
ck5_pca222,CK5 PCA-222,logistic,78,3,53,0.20833333333333334,0.1975108225108225,within_genus_species,Klebsiella,150,N_3pct,label
ck5_svd147,CK5 SVD-147,nearest_centroid,78,3,53,0.20833333333333334,0.1793372319688109,within_genus_species,Klebsiella,150,N_3pct,label
ck5_svd147,CK5 SVD-147,logistic,78,3,53,0.25,0.22277963582311408,within_genus_species,Klebsiella,150,N_3pct,label
ck5_svd222,CK5 SVD-222,nearest_centroid,78,3,53,0.20833333333333334,0.1793372319688109,within_genus_species,Klebsiella,150,N_3pct,label
ck5_svd222,CK5 SVD-222,logistic,78,3,53,0.25,0.22277963582311408,within_genus_species,Klebsiella,150,N_3pct,label
ck7_pca147,CK7 PCA-147,nearest_centroid,78,3,53,0.25,0.21367521367521367,within_genus_species,Klebsiella,150,N_3pct,label
ck7_pca147,CK7 PCA-147,logistic,78,3,53,0.2916666666666667,0.23589743589743592,within_genus_species,Klebsiella,150,N_3pct,label
ck7_pca222,CK7 PCA-222,nearest_centroid,78,3,53,0.25,0.21367521367521367,within_genus_species,Klebsiella,150,N_3pct,label
ck7_pca222,CK7 PCA-222,logistic,78,3,53,0.2916666666666667,0.23589743589743592,within_genus_species,Klebsiella,150,N_3pct,label
ck7_svd147,CK7 SVD-147,nearest_centroid,78,3,53,0.20833333333333334,0.16222222222222224,within_genus_species,Klebsiella,150,N_3pct,label
ck7_svd147,CK7 SVD-147,logistic,78,3,53,0.2916666666666667,0.2740616871051654,within_genus_species,Klebsiella,150,N_3pct,label
ck7_svd222,CK7 SVD-222,nearest_centroid,78,3,53,0.20833333333333334,0.16222222222222224,within_genus_species,Klebsiella,150,N_3pct,label
ck7_svd222,CK7 SVD-222,logistic,78,3,53,0.2916666666666667,0.2740616871051654,within_genus_species,Klebsiella,150,N_3pct,label
ck4,CK4,nearest_centroid,63,2,136,0.5789473684210527,0.5476190476190476,target_background,Klebsiella,150,N_3pct,target_binary
ck4,CK4,logistic,63,2,136,0.5789473684210527,0.5681818181818181,target_background,Klebsiella,150,N_3pct,target_binary
ck4_p,CK4+P,nearest_centroid,63,2,147,0.5789473684210527,0.5476190476190476,target_background,Klebsiella,150,N_3pct,target_binary
ck4_p,CK4+P,logistic,63,2,147,0.5789473684210527,0.5681818181818181,target_background,Klebsiella,150,N_3pct,target_binary
ck4p_msp,CK4P-MSP,nearest_centroid,63,2,222,0.5263157894736842,0.47384615384615386,target_background,Klebsiella,150,N_3pct,target_binary
ck4p_msp,CK4P-MSP,logistic,63,2,222,0.5789473684210527,0.4571428571428572,target_background,Klebsiella,150,N_3pct,target_binary
ckmer5_count_l2,CK5,nearest_centroid,63,2,510,0.42105263157894735,0.2962962962962963,target_background,Klebsiella,150,N_3pct,target_binary
ckmer5_count_l2,CK5,logistic,63,2,510,0.7368421052631579,0.6360153256704981,target_background,Klebsiella,150,N_3pct,target_binary
ck5_pca147,CK5 PCA-147,nearest_centroid,63,2,43,0.5263157894736842,0.47384615384615386,target_background,Klebsiella,150,N_3pct,target_binary
ck5_pca147,CK5 PCA-147,logistic,63,2,43,0.5263157894736842,0.5043478260869565,target_background,Klebsiella,150,N_3pct,target_binary
ck5_pca222,CK5 PCA-222,nearest_centroid,63,2,43,0.5263157894736842,0.47384615384615386,target_background,Klebsiella,150,N_3pct,target_binary
ck5_pca222,CK5 PCA-222,logistic,63,2,43,0.5263157894736842,0.5043478260869565,target_background,Klebsiella,150,N_3pct,target_binary
ck5_svd147,CK5 SVD-147,nearest_centroid,63,2,43,0.42105263157894735,0.2962962962962963,target_background,Klebsiella,150,N_3pct,target_binary
ck5_svd147,CK5 SVD-147,logistic,63,2,43,0.7368421052631579,0.6360153256704981,target_background,Klebsiella,150,N_3pct,target_binary
ck5_svd222,CK5 SVD-222,nearest_centroid,63,2,43,0.42105263157894735,0.2962962962962963,target_background,Klebsiella,150,N_3pct,target_binary
ck5_svd222,CK5 SVD-222,logistic,63,2,43,0.7368421052631579,0.6360153256704981,target_background,Klebsiella,150,N_3pct,target_binary
ck7_pca147,CK7 PCA-147,nearest_centroid,63,2,43,0.47368421052631576,0.4722222222222222,target_background,Klebsiella,150,N_3pct,target_binary
ck7_pca147,CK7 PCA-147,logistic,63,2,43,0.5263157894736842,0.5210084033613445,target_background,Klebsiella,150,N_3pct,target_binary
ck7_pca222,CK7 PCA-222,nearest_centroid,63,2,43,0.47368421052631576,0.4722222222222222,target_background,Klebsiella,150,N_3pct,target_binary
ck7_pca222,CK7 PCA-222,logistic,63,2,43,0.5263157894736842,0.5210084033613445,target_background,Klebsiella,150,N_3pct,target_binary
ck7_svd147,CK7 SVD-147,nearest_centroid,63,2,43,0.47368421052631576,0.4602272727272727,target_background,Klebsiella,150,N_3pct,target_binary
ck7_svd147,CK7 SVD-147,logistic,63,2,43,0.6842105263157895,0.5928571428571429,target_background,Klebsiella,150,N_3pct,target_binary
ck7_svd222,CK7 SVD-222,nearest_centroid,63,2,43,0.47368421052631576,0.4602272727272727,target_background,Klebsiella,150,N_3pct,target_binary
ck7_svd222,CK7 SVD-222,logistic,63,2,43,0.6842105263157895,0.5928571428571429,target_background,Klebsiella,150,N_3pct,target_binary
