retrieval_top1,paired_cosine_mean,paired_cosine_p05,l2_delta_mean,l2_delta_p95,mean_pair_margin,margin_positive_rate,length,condition,representation,n_pairs,n_features,density,avg_nnz_per_read
1.0,0.9763663700271309,0.920662900556009,0.15194003663876468,0.3983392646928766,0.34376834125041333,1.0,69,substitution_1pct,ckmer4_count_l2,400,136,0.35371323529411763,48.105
1.0,0.9974300274249696,0.9914656762397733,0.05006142708335899,0.13064689230208792,0.037849460719827824,1.0,69,substitution_1pct,ckmer4_property_l2,400,147,0.3952721088435374,58.105
1.0,0.9976444035290564,0.9922778199063781,0.04797287775453336,0.12427510151894168,0.036037804968560024,1.0,69,substitution_1pct,ckmer4_property_moment_l2,400,187,0.48170454545454544,90.07875
1.0,0.9976728855464125,0.992329296502267,0.047648910707883865,0.1238603691352458,0.03470586961410329,1.0,69,substitution_1pct,ckmer4_property_multiscale_mean_l2,400,222,0.5319200450450451,118.08625
1.0,0.9976714064829068,0.9923218261220124,0.04766527908277162,0.12392066414827436,0.03471800923344033,1.0,69,substitution_1pct,ckmer4_property_multiscale_l2,400,297,0.5994149831649832,178.02625
1.0,0.997561090839071,0.9919066308480167,0.04880591230978402,0.1272268334956549,0.035195366068658016,1.0,69,substitution_1pct,ckmer4_property_anchor_l2,400,225,0.5374611111111111,120.92875
1.0,0.9585296377493492,0.8591549295774652,0.2014549029023071,0.5307448924342754,0.5850027927017087,1.0,69,substitution_1pct,ckmer5_count_l2,400,512,0.11274169921875,57.72375
1.0,0.995906054098419,0.9862459498835596,0.06329138390459456,0.16585566011767247,0.05968191996194017,1.0,69,substitution_1pct,ckmer5_property_moment_l2,400,563,0.17708259325044404,99.6975
1.0,0.9959330570522694,0.9862725163153898,0.0630476376758777,0.16569540531510052,0.058336947951165376,1.0,69,substitution_1pct,ckmer5_property_multiscale_l2,400,673,0.2788187221396731,187.645
1.0,0.9958227414084335,0.9862365354626569,0.06393946540347367,0.1659124103112243,0.05876179793075933,1.0,69,substitution_1pct,ckmer5_property_anchor_l2,400,601,0.2172171381031614,130.5475
1.0,0.9972986058382736,0.990835532529369,0.051226151907100954,0.1353838313121131,0.04124737484891833,1.0,69,substitution_1pct,cspaced_property_l2,400,147,0.39107142857142857,57.4875
1.0,0.9779798325871595,0.9251419142064446,0.14681284926113558,0.3869317374157563,0.3133616428958103,1.0,69,substitution_1pct,hybrid:ckmer5_count_l2+ckmer4_property_l2,400,659,0.1757644157814871,115.82875
1.0,0.9780870206392028,0.9255402994600136,0.14646267285820708,0.38590073660830954,0.31252771477214175,1.0,69,substitution_1pct,hybrid:ckmer5_count_l2+ckmer4_property_moment_l2,400,699,0.21144849785407727,147.8025
1.0,0.978100522116128,0.9255540341559979,0.14640967566065746,0.38586515404033744,0.31165289727785567,1.0,69,substitution_1pct,hybrid:ckmer5_count_l2+ckmer4_property_multiscale_l2,400,809,0.29140914709517923,235.75
1.0,0.9780453642942101,0.925525452126922,0.1466128341143317,0.3859392194042049,0.3118913140209361,1.0,69,substitution_1pct,hybrid:ckmer5_count_l2+ckmer4_property_anchor_l2,400,737,0.24240502035278155,178.6525
1.0,0.9650842090480761,0.9499067449909326,0.26160501739252234,0.31652195143876893,0.3391462777415019,1.0,69,N_3pct,ckmer4_count_l2,400,136,0.33902573529411767,46.1075
1.0,0.9944154157658184,0.9928012168358126,0.10526659902083699,0.11998982853930806,0.03780589581862735,1.0,69,N_3pct,ckmer4_property_l2,400,147,0.38508503401360544,56.6075
1.0,0.992594201944973,0.9898447458850247,0.12105745252426132,0.14251493888748193,0.03593010103571001,1.0,69,N_3pct,ckmer4_property_moment_l2,400,187,0.4924398395721925,92.08625
1.0,0.9948638376146008,0.9934258036480373,0.10097656837292916,0.11466634415930288,0.03465569663235609,1.0,69,N_3pct,ckmer4_property_multiscale_mean_l2,400,222,0.5405011261261261,119.99125
1.0,0.9943939114075705,0.9929598593878378,0.1055592396380154,0.11866026561566097,0.03466084176127268,1.0,69,N_3pct,ckmer4_property_multiscale_l2,400,297,0.617293771043771,183.33625
1.0,0.9942536230347594,0.9926667526247462,0.10679954014869225,0.1211052986087044,0.03498856728606792,1.0,69,N_3pct,ckmer4_property_anchor_l2,400,225,0.5543944444444444,124.73875
1.0,0.9396190336434168,0.9182637276381611,0.3447060519547564,0.4043167580299954,0.5713511562037001,1.0,69,N_3pct,ckmer5_count_l2,400,512,0.1055908203125,54.0625
1.0,0.990096689941162,0.9865735265938022,0.14009206286816447,0.16386868756696704,0.05887066071266796,1.0,69,N_3pct,ckmer5_property_moment_l2,400,563,0.177693161634103,100.04125
1.0,0.9918963994037594,0.9896077369300137,0.12679042754178688,0.1441683927302828,0.05761387926263081,1.0,69,N_3pct,ckmer5_property_multiscale_l2,400,673,0.28423662704309066,191.29125
1.0,0.9917561110309484,0.9893920864391539,0.1278478379606556,0.1456563336501214,0.057915704058622605,1.0,69,N_3pct,ckmer5_property_anchor_l2,400,601,0.22078826955074876,132.69375
1.0,0.9942080663937662,0.9923452386870538,0.10716503650301824,0.12373147767507268,0.041450871625202924,1.0,69,N_3pct,cspaced_property_l2,400,147,0.3810799319727891,56.01875
1.0,0.9670172247046176,0.9554843863171308,0.2549130015989233,0.29838097881642617,0.30670950335965447,1.0,69,N_3pct,hybrid:ckmer5_count_l2+ckmer4_property_l2,400,659,0.16793626707132017,110.67
1.0,0.966106617794195,0.9545440992596644,0.2585850466754351,0.3015157709517592,0.30584582510256747,1.0,69,N_3pct,hybrid:ckmer5_count_l2+ckmer4_property_moment_l2,400,699,0.20908261802575107,146.14875
1.0,0.9670064725254935,0.9554731353108469,0.2549842144704394,0.2984187040413679,0.3049956579266056,1.0,69,N_3pct,hybrid:ckmer5_count_l2+ckmer4_property_multiscale_l2,400,809,0.29344715698393076,237.39875
1.0,0.9669363283390883,0.955430315662355,0.25526285608852595,0.2985621642644954,0.30516080934712864,1.0,69,N_3pct,hybrid:ckmer5_count_l2+ckmer4_property_anchor_l2,400,737,0.24260685210312077,178.80125
1.0,0.942518741475368,0.8802812619746938,0.326786719269031,0.4893211838778605,0.32081643617037997,1.0,69,substitution_1pct_N_3pct,ckmer4_count_l2,400,136,0.3393933823529412,46.1575
1.0,0.9919468745377102,0.9850707642898486,0.12410282014516202,0.17279582229040782,0.0357513816488562,1.0,69,substitution_1pct_N_3pct,ckmer4_property_l2,400,147,0.38542517006802723,56.6575
1.0,0.99031179887419,0.9833004407097891,0.13712630158021097,0.18275244303196678,0.034137973502431376,1.0,69,substitution_1pct_N_3pct,ckmer4_property_moment_l2,400,187,0.49265374331550804,92.12625
1.0,0.9926290993618408,0.9863768485875066,0.11879788781304157,0.16506453017065595,0.03281095040127102,1.0,69,substitution_1pct_N_3pct,ckmer4_property_multiscale_mean_l2,400,222,0.5404279279279279,119.975
1.0,0.9921572233215986,0.9860018080425884,0.12284838510081009,0.16732113508189395,0.032804618088358585,1.0,69,substitution_1pct_N_3pct,ckmer4_property_multiscale_l2,400,297,0.6170454545454546,183.2625
1.0,0.9919577916643624,0.985358322153293,0.12433569155687643,0.1711237948717096,0.033084484397491655,1.0,69,substitution_1pct_N_3pct,ckmer4_property_anchor_l2,400,225,0.5545333333333333,124.77
1.0,0.9031553384134563,0.8005626615683178,0.4258544419738643,0.6315641388601018,0.5396814841991179,1.0,69,substitution_1pct_N_3pct,ckmer5_count_l2,400,512,0.10563720703125,54.08625
1.0,0.9864516057912622,0.9758693273313401,0.16175843145569882,0.2196844046341628,0.055807896694849236,1.0,69,substitution_1pct_N_3pct,ckmer5_property_moment_l2,400,563,0.17771758436944937,100.055
1.0,0.988297030238671,0.9778707764160981,0.1496441961368417,0.2103766377945111,0.05444909585348674,1.0,69,substitution_1pct_N_3pct,ckmer5_property_multiscale_l2,400,673,0.28408803863298665,191.19125
1.0,0.9880975985814348,0.9775156504311806,0.1508772384460494,0.21205815323918564,0.0546745155761622,1.0,69,substitution_1pct_N_3pct,ckmer5_property_anchor_l2,400,601,0.22079658901830282,132.69875
1.0,0.9917278289961167,0.9842221013024597,0.1259300230049828,0.17763947126583005,0.039083102494332646,1.0,69,substitution_1pct_N_3pct,cspaced_property_l2,400,147,0.3807738095238095,55.97375
1.0,0.9475511064755833,0.8926400351436488,0.3137390268878052,0.4633785842286784,0.289855576068264,1.0,69,substitution_1pct_N_3pct,hybrid:ckmer5_count_l2+ckmer4_property_l2,400,659,0.16804817905918057,110.74375
1.0,0.9467335686438232,0.8928000665222099,0.31666448167159345,0.46303287740659704,0.28909481001398185,1.0,69,substitution_1pct_N_3pct,hybrid:ckmer5_count_l2+ckmer4_property_moment_l2,400,699,0.20917381974248928,146.2125
1.0,0.9476562808675274,0.8931219481234701,0.3135106348467113,0.46233733214981887,0.2882343943159829,1.0,69,substitution_1pct_N_3pct,hybrid:ckmer5_count_l2+ckmer4_property_multiscale_l2,400,809,0.2933853522867738,237.34875
1.0,0.9475565650389092,0.8931884263834755,0.3138184597628448,0.46219345306873555,0.2883689569660295,1.0,69,substitution_1pct_N_3pct,hybrid:ckmer5_count_l2+ckmer4_property_anchor_l2,400,737,0.2426814789687924,178.85625
1.0,0.9214419793379914,0.8925247167601311,0.39357014066110835,0.4636276161745954,0.29444283315879444,1.0,69,local_mismatch_6bp,ckmer4_count_l2,400,136,0.35644301470588236,48.47625
1.0,0.9914220028244124,0.9882716637028609,0.1299790456691095,0.15315571348726353,0.03230155045244776,1.0,69,local_mismatch_6bp,ckmer4_property_l2,400,147,0.39779761904761907,58.47625
1.0,0.9919491230006061,0.9888281416413373,0.125980300249405,0.14947811977639153,0.030935013715986857,1.0,69,local_mismatch_6bp,ckmer4_property_moment_l2,400,187,0.48372326203208554,90.45625
1.0,0.9921801896169958,0.9893085660467024,0.12412376444411664,0.14622874645358863,0.029654127433838398,1.0,69,local_mismatch_6bp,ckmer4_property_multiscale_mean_l2,400,222,0.5336036036036036,118.46
1.0,0.9921772465033503,0.9893130151899335,0.12415028433984805,0.1461982995349563,0.029654731135607876,1.0,69,local_mismatch_6bp,ckmer4_property_multiscale_l2,400,297,0.6006860269360269,178.40375
1.0,0.9918934897520447,0.9889594720672745,0.12643100420398912,0.14859695443376075,0.029954753612082684,1.0,69,local_mismatch_6bp,ckmer4_property_anchor_l2,400,225,0.5392833333333333,121.33875
1.0,0.8776346554335136,0.8450704225352116,0.4923430602591269,0.5566499393061833,0.5110511474859286,1.0,69,local_mismatch_6bp,ckmer5_count_l2,400,512,0.11323974609375,57.97875
1.0,0.9876819733179554,0.9842234381123353,0.15616791705311564,0.1776319829386287,0.05203589314139917,1.0,69,local_mismatch_6bp,ckmer5_property_moment_l2,400,563,0.17754662522202486,99.95875
1.0,0.9879100968206999,0.9845866230501974,0.15465373855767875,0.17557546807290178,0.050797076878314654,1.0,69,local_mismatch_6bp,ckmer5_property_multiscale_l2,400,673,0.27920690936106984,187.90625
1.0,0.9876263400693943,0.9841802140891075,0.15652318267469106,0.17787515662698922,0.0510534325325409,1.0,69,local_mismatch_6bp,ckmer5_property_anchor_l2,400,601,0.2177059068219634,130.84125
1.0,0.9877489545693438,0.9830329951017176,0.15523614845087194,0.18421186055717828,0.03234855029640986,1.0,69,local_mismatch_6bp,cspaced_property_l2,400,147,0.3932057823129252,57.80125
1.0,0.9345283291289629,0.9169554960498153,0.36012264635126734,0.4075401403022503,0.273579723728155,1.0,69,local_mismatch_6bp,hybrid:ckmer5_count_l2+ckmer4_property_l2,400,659,0.17671471927162366,116.455
1.0,0.9347918892170598,0.9172941067717276,0.35942196985146724,0.4067084689684699,0.27287068295199196,1.0,69,local_mismatch_6bp,hybrid:ckmer5_count_l2+ckmer4_property_moment_l2,400,699,0.21235336194563662,148.435
1.0,0.9349059509684318,0.9174798234306811,0.3590870661508943,0.40625155847753436,0.27210805019715567,1.0,69,local_mismatch_6bp,hybrid:ckmer5_count_l2+ckmer4_property_multiscale_l2,400,809,0.2921909765142151,236.3825
1.0,0.9347640725927792,0.9170835093846689,0.3595016832545996,0.40722595257120925,0.272248401293433,1.0,69,local_mismatch_6bp,hybrid:ckmer5_count_l2+ckmer4_property_anchor_l2,400,737,0.24330732700135685,179.3175
1.0,0.9834493670541664,0.9417488425009568,0.12472754392056247,0.34132430526810625,0.34976676524015987,1.0,69,short_indel,ckmer4_count_l2,400,136,0.3543382352941176,48.19
1.0,0.9982116211649997,0.9938957373362377,0.04097449779248956,0.11048972639100846,0.03848457013780082,1.0,69,short_indel,ckmer4_property_l2,400,147,0.3958503401360544,58.19
1.0,0.9983650078431117,0.9944471749693731,0.03921913751157461,0.10538106401482418,0.036759310323612966,1.0,69,short_indel,ckmer4_property_moment_l2,400,187,0.4817847593582888,90.09375
1.0,0.9983751169508649,0.9945022717919474,0.039083473347565935,0.10485583711450142,0.035292583344086734,1.0,69,short_indel,ckmer4_property_multiscale_mean_l2,400,222,0.5322916666666667,118.16875
1.0,0.9983742238380512,0.9945017426587839,0.03909694166477937,0.10486085772748041,0.03530526011194217,1.0,69,short_indel,ckmer4_property_multiscale_l2,400,297,0.5996759259259259,178.10375
1.0,0.9982721915682301,0.9940791401594546,0.040336757077306995,0.10881921273287884,0.035812366795080125,1.0,69,short_indel,ckmer4_property_anchor_l2,400,225,0.5379944444444444,121.04875
1.0,0.9691939376240449,0.897048355719517,0.17053030278497122,0.4537585858461527,0.5927090687826205,1.0,69,short_indel,ckmer5_count_l2,400,512,0.11288818359375,57.79875
1.0,0.9969768261200486,0.990163044976876,0.053411551656493826,0.1402637091147169,0.06046390825081583,1.0,69,short_indel,ckmer5_property_moment_l2,400,563,0.17709147424511545,99.7025
1.0,0.9969860421149883,0.9901563698305343,0.05331947636054915,0.1403112978875482,0.059052715863695496,1.0,69,short_indel,ckmer5_property_multiscale_l2,400,673,0.2789190193164933,187.7125
1.0,0.996884009845167,0.98971267864388,0.0542465180886445,0.14343615767378876,0.05949762627506644,1.0,69,short_indel,ckmer5_property_anchor_l2,400,601,0.21740016638935108,130.6575
1.0,0.9966316073038766,0.9881321557655588,0.056192371312793636,0.15406390664832928,0.04035451924098524,1.0,69,short_indel,cspaced_property_l2,400,147,0.3918877551020408,57.6075
1.0,0.9837027793945223,0.9452813581576172,0.12404459392204795,0.3308100855295248,0.3173507080463201,1.0,69,short_indel,hybrid:ckmer5_count_l2+ckmer4_property_l2,400,659,0.17600720789074356,115.98875
1.0,0.9837794727335782,0.9455503586262836,0.12375779579882781,0.3299958191551864,0.31654668014861714,1.0,69,short_indel,hybrid:ckmer5_count_l2+ckmer4_property_moment_l2,400,699,0.21157725321888413,147.8925
1.0,0.9837840807310481,0.9455795342408746,0.12373786520570526,0.3299072899827514,0.3156291097616164,1.0,69,short_indel,hybrid:ckmer5_count_l2+ckmer4_property_multiscale_l2,400,809,0.291597651421508,235.9025
1.0,0.9837330645961376,0.945588302261912,0.12394475371156098,0.3298805980584457,0.31587829500864095,1.0,69,short_indel,hybrid:ckmer5_count_l2+ckmer4_property_anchor_l2,400,737,0.2426696065128901,178.8475
1.0,0.8925864258150478,0.7848968064522998,0.43584616149627947,0.6559000821817031,0.27036137192280923,1.0,69,substitution_5pct,ckmer4_count_l2,400,136,0.3564613970588235,48.47875
1.0,0.9883354883643338,0.9760363773871968,0.14349459022693783,0.21892292053548665,0.029762933236211486,1.0,69,substitution_5pct,ckmer4_property_l2,400,147,0.3978146258503401,58.47875
1.0,0.9893018661311155,0.978061150105834,0.1374936926698895,0.2094697583023782,0.028701661956863807,1.0,69,substitution_5pct,ckmer4_property_moment_l2,400,187,0.4837433155080214,90.46
1.0,0.9894359989574246,0.9783855201158069,0.13658427931429085,0.20791551276094222,0.027377889573687676,1.0,69,substitution_5pct,ckmer4_property_multiscale_mean_l2,400,222,0.5336036036036036,118.46
1.0,0.9894330374405785,0.9783854252516564,0.13660537715782228,0.20791594970698718,0.027380611409367282,1.0,69,substitution_5pct,ckmer4_property_multiscale_l2,400,297,0.6006860269360269,178.40375
1.0,0.9891620431426662,0.9777368058608088,0.13846127648254491,0.21101275596665137,0.02768937849107135,1.0,69,substitution_5pct,ckmer4_property_anchor_l2,400,225,0.5392333333333333,121.3275
1.0,0.8197143733144503,0.6376152832674572,0.567259161144601,0.8513338474919332,0.45526658518943397,1.0,69,substitution_5pct,ckmer5_count_l2,400,512,0.1131982421875,57.9575
1.0,0.9821734497895683,0.9643736210934342,0.17820462686091015,0.26693171224793505,0.046756574123766034,1.0,69,substitution_5pct,ckmer5_property_moment_l2,400,563,0.17751110124333924,99.93875
1.0,0.9823046210990314,0.9646301192919617,0.17751737120982036,0.2659692200158678,0.04545325951940066,1.0,69,substitution_5pct,ckmer5_property_multiscale_l2,400,673,0.27917161961367015,187.8825
1.0,0.9820336268011189,0.9643250618613121,0.17895797875135094,0.2671134282889092,0.04573238099405396,1.0,69,substitution_5pct,ckmer5_property_anchor_l2,400,601,0.21764767054908485,130.80625
1.0,0.9877752110936874,0.9748216030591238,0.14704438575591006,0.22440306288423256,0.03248381470432822,1.0,69,substitution_5pct,cspaced_property_l2,400,147,0.39229591836734695,57.6675
1.0,0.9040249308393922,0.806504892400861,0.4138210294624563,0.6220852730658615,0.24460960244188537,1.0,69,substitution_5pct,hybrid:ckmer5_count_l2+ckmer4_property_l2,400,659,0.17668626707132018,116.43625
1.0,0.904508119722783,0.8075461399927036,0.4127933864056014,0.620409202760359,0.2440959785042395,1.0,69,substitution_5pct,hybrid:ckmer5_count_l2+ckmer4_property_moment_l2,400,699,0.21232832618025752,148.4175
1.0,0.9045737053775146,0.8076650860930846,0.4126445362852552,0.6202174232493346,0.24326749279051463,1.0,69,substitution_5pct,hybrid:ckmer5_count_l2+ckmer4_property_multiscale_l2,400,809,0.29216470951792334,236.36125
1.0,0.9044382082285584,0.8076139951926344,0.41295851652205356,0.6202997820086161,0.24343218114018242,1.0,69,substitution_5pct,hybrid:ckmer5_count_l2+ckmer4_property_anchor_l2,400,737,0.24326322930800542,179.285
1.0,0.8677978980195021,0.8143263935927484,0.5095930997124959,0.6093824904052555,0.27335619441181114,1.0,69,N_10pct,ckmer4_count_l2,400,136,0.30229779411764707,41.1125
1.0,0.9715745208354869,0.9657850323816979,0.23795319345830254,0.2615911538097613,0.03139067875797405,1.0,69,N_10pct,ckmer4_property_l2,400,147,0.35110544217687073,51.6125
1.0,0.9694883798104625,0.9644981854130729,0.24666274610871952,0.26646506177488777,0.030015569482712223,1.0,69,N_10pct,ckmer4_property_moment_l2,400,187,0.4683422459893048,87.58
1.0,0.9739360581573925,0.9688806046368993,0.22788924193865726,0.24947702985414671,0.028817695395199374,1.0,69,N_10pct,ckmer4_property_multiscale_mean_l2,400,222,0.5315315315315315,118.0
1.0,0.9718153825784636,0.9667784727430876,0.23703647390614638,0.25776547843870024,0.02878228182295956,1.0,69,N_10pct,ckmer4_property_multiscale_l2,400,297,0.620736531986532,184.35875
1.0,0.9722872956291101,0.9672149336947902,0.23501948538158118,0.25606661646064227,0.02899397415600711,1.0,69,N_10pct,ckmer4_property_anchor_l2,400,225,0.5394611111111111,121.37875
1.0,0.7874746695502303,0.7132649749207528,0.647937858487256,0.7572780198595743,0.4404849694947306,1.0,69,N_10pct,ckmer5_count_l2,400,512,0.08995849609375,46.05875
1.0,0.96144662020336,0.9542414603057024,0.27720618700321836,0.30251789891300224,0.04711374784363091,1.0,69,N_10pct,ckmer5_property_moment_l2,400,563,0.164345026642984,92.52625
1.0,0.9637736229713609,0.9566180891553647,0.26863260371756104,0.29455698748338655,0.04591983224452709,1.0,69,N_10pct,ckmer5_property_multiscale_l2,400,673,0.2812852897473997,189.305
1.0,0.9642455360220076,0.9572089803371938,0.2668656398863487,0.29254397362388856,0.04606528333782352,1.0,69,N_10pct,ckmer5_property_anchor_l2,400,601,0.21019134775374376,126.325
1.0,0.9709998989985275,0.9644576784864126,0.2403724565790543,0.2666170335857312,0.03443279611838724,1.0,69,N_10pct,cspaced_property_l2,400,147,0.3474574829931973,51.07625
1.0,0.8795245951928586,0.8409629012375257,0.48821459594073846,0.5639806638631717,0.23825117142255525,1.0,69,N_10pct,hybrid:ckmer5_count_l2+ckmer4_property_l2,400,659,0.14821130500758725,97.67125
1.0,0.8784815246803465,0.8402548332639086,0.4904612112451979,0.5652347532799457,0.23756210271872494,1.0,69,N_10pct,hybrid:ckmer5_count_l2+ckmer4_property_moment_l2,400,699,0.19118562231759656,133.63875
1.0,0.8796450260643469,0.8411696693516373,0.4880085422372222,0.5636139219215179,0.23679995816770133,1.0,69,N_10pct,hybrid:ckmer5_count_l2+ckmer4_property_multiscale_l2,400,809,0.2848176761433869,230.4175
1.0,0.8798809825896703,0.8415978075211197,0.4875301545912534,0.5628537831670594,0.23687064637280572,1.0,69,N_10pct,hybrid:ckmer5_count_l2+ckmer4_property_anchor_l2,400,737,0.22718792401628224,167.4375
0.9775,0.7687481431245107,0.6211462091902814,0.6706193676784196,0.870463962824667,0.1875469385502745,0.9775,69,substitution_5pct_N_10pct,ckmer4_count_l2,400,136,0.3042463235294118,41.3775
0.98,0.960363886592067,0.9446142145186154,0.27992403079655026,0.33282363223345496,0.021616807087744664,0.98,69,substitution_5pct_N_10pct,ckmer4_property_l2,400,147,0.3529081632653061,51.8775
0.985,0.9593169045973627,0.9445710769853479,0.2839181543608025,0.3329518142030802,0.021078459480429686,0.985,69,substitution_5pct_N_10pct,ckmer4_property_moment_l2,400,187,0.4697994652406417,87.8525
0.98,0.9638166354142996,0.9499349789073787,0.2675030429135379,0.31643331071129255,0.019995597358020565,0.98,69,substitution_5pct_N_10pct,ckmer4_property_multiscale_mean_l2,400,222,0.5327252252252253,118.265
0.98,0.9616783709152622,0.9475912387817514,0.27545949734055214,0.32375533705473997,0.019943963726403512,0.98,69,substitution_5pct_N_10pct,ckmer4_property_multiscale_l2,400,297,0.6216329966329966,184.625
0.98,0.9621897051835744,0.948180804418831,0.27353340523147607,0.3219289522580436,0.02005014910028381,0.98,69,substitution_5pct_N_10pct,ckmer4_property_anchor_l2,400,225,0.5403888888888889,121.5875
0.9925,0.633536345772515,0.44131178993903597,0.846441855791337,1.057060187504697,0.30155533134537227,0.9925,69,substitution_5pct_N_10pct,ckmer5_count_l2,400,512,0.09037109375,46.27
0.995,0.9457879221101958,0.9246425487083697,0.3274927588171878,0.3882201707046135,0.03283602445481289,0.995,69,substitution_5pct_N_10pct,ckmer5_property_moment_l2,400,563,0.1647335701598579,92.745
0.995,0.9481493884280953,0.9270604690331418,0.3201478462711448,0.381941141374708,0.031696968260829024,0.995,69,substitution_5pct_N_10pct,ckmer5_property_multiscale_l2,400,673,0.2816010401188707,189.5175
0.995,0.9486607226964074,0.9273290476899426,0.3185022283748247,0.3812373336137918,0.0317766421238224,0.995,69,substitution_5pct_N_10pct,ckmer5_property_anchor_l2,400,601,0.21044925124792013,126.48
0.9825,0.9591378601035756,0.9412252792811693,0.28420482832508387,0.34285469173834143,0.023239703713609474,0.9825,69,substitution_5pct_N_10pct,cspaced_property_l2,400,147,0.34851190476190474,51.23125
0.9925,0.7969501161822911,0.6976563966433181,0.6305530060531416,0.7776161071727445,0.16414843878132437,0.9925,69,substitution_5pct_N_10pct,hybrid:ckmer5_count_l2+ckmer4_property_l2,400,659,0.1489339908952959,98.1475
0.995,0.7964266251849389,0.6981719254643545,0.6315026271223344,0.776952823888714,0.163873092018107,0.995,69,substitution_5pct_N_10pct,hybrid:ckmer5_count_l2+ckmer4_property_moment_l2,400,699,0.19187768240343347,134.1225
0.995,0.7976073583438886,0.6987925144270849,0.6295823263414327,0.7761536586063196,0.1631452404196392,0.995,69,substitution_5pct_N_10pct,hybrid:ckmer5_count_l2+ckmer4_property_multiscale_l2,400,809,0.2854079110012361,230.895
0.995,0.7978630254780447,0.6992809745643563,0.6291625624171985,0.775523974697606,0.16317812007299085,0.995,69,substitution_5pct_N_10pct,hybrid:ckmer5_count_l2+ckmer4_property_anchor_l2,400,737,0.22775780189959294,167.8575
1.0,0.8641068080830769,0.8175986951663261,0.5184741192971795,0.6039888734877632,0.25171061239284553,1.0,69,local_mismatch_12bp,ckmer4_count_l2,400,136,0.35955882352941176,48.9
1.0,0.9851180437175217,0.9798920101846191,0.17149648753776298,0.20053922217246084,0.027514391190478465,1.0,69,local_mismatch_12bp,ckmer4_property_l2,400,147,0.40068027210884355,58.9
1.0,0.9859966501200225,0.9814723124679676,0.16637092819982877,0.19249771019351905,0.026379652496024825,1.0,69,local_mismatch_12bp,ckmer4_property_moment_l2,400,187,0.4860227272727273,90.88625
1.0,0.9863951958841178,0.9818518989157506,0.16399092083752648,0.19051558658202852,0.02528199169737297,1.0,69,local_mismatch_12bp,ckmer4_property_multiscale_mean_l2,400,222,0.5355011261261261,118.88125
1.0,0.9863948922572994,0.9817936171640979,0.16399471574352767,0.19082128959329372,0.025286633539492027,1.0,69,local_mismatch_12bp,ckmer4_property_multiscale_l2,400,297,0.6020917508417508,178.82125
1.0,0.9860356055529587,0.9813996678222126,0.16617308155408708,0.19287464238989144,0.02542887472072427,1.0,69,local_mismatch_12bp,ckmer4_property_anchor_l2,400,225,0.5411666666666667,121.7625
1.0,0.7986224956124142,0.7548759941892424,0.6325376168582345,0.7001771210132465,0.4445957669748735,1.0,69,local_mismatch_12bp,ckmer5_count_l2,400,512,0.11364013671875,58.18375
1.0,0.9796236099635547,0.974465948232381,0.20109495644298178,0.22598252289173157,0.045146216486288304,1.0,69,local_mismatch_12bp,ckmer5_property_moment_l2,400,563,0.17792184724689164,100.17
1.0,0.9800218521008314,0.9750067314510175,0.19911391646712567,0.22357667162081385,0.04401024008322848,1.0,69,local_mismatch_12bp,ckmer5_property_multiscale_l2,400,673,0.27950222882615156,188.105
1.0,0.979662565396491,0.9743678852736302,0.2009113598706969,0.22641605336613813,0.044156017678273846,1.0,69,local_mismatch_12bp,ckmer5_property_anchor_l2,400,601,0.21804700499168053,131.04625
1.0,0.9807672755587376,0.9745093334106799,0.19499474272007336,0.22579046191664526,0.026221956699674916,1.0,69,local_mismatch_12bp,cspaced_property_l2,400,147,0.3961224489795918,58.23
1.0,0.8918702696649681,0.8686333727457677,0.46348319035634183,0.5125750989507377,0.2380526875772115,1.0,69,local_mismatch_12bp,hybrid:ckmer5_count_l2+ckmer4_property_l2,400,659,0.17766881638846738,117.08375
1.0,0.8923095728662183,0.8692742189204632,0.46255615003051076,0.5113233390443924,0.23753721164409497,1.0,69,local_mismatch_12bp,hybrid:ckmer5_count_l2+ckmer4_property_moment_l2,400,699,0.2132618025751073,149.07
1.0,0.8925086939348568,0.8693160749153223,0.4621177960362178,0.5112414715138068,0.23679009816943938,1.0,69,local_mismatch_12bp,hybrid:ckmer5_count_l2+ckmer4_property_multiscale_l2,400,809,0.2929604449938195,237.005
1.0,0.8923290505826864,0.8692471877904188,0.4625130041104353,0.5113762038783699,0.23688324127496962,1.0,69,local_mismatch_12bp,hybrid:ckmer5_count_l2+ckmer4_property_anchor_l2,400,737,0.24416044776119403,179.94625
1.0,0.9747674724698192,0.9170424202277988,0.16359362904509062,0.40732680012016315,0.3319195359171527,1.0,75,substitution_1pct,ckmer4_count_l2,400,136,0.3763327205882353,51.18125
1.0,0.9972826351128998,0.991193998038296,0.05373637051427007,0.13270962781729564,0.03641562132788622,1.0,75,substitution_1pct,ckmer4_property_l2,400,147,0.4161989795918367,61.18125
1.0,0.9975107746593821,0.9918652493590191,0.05145179358592829,0.12755153693538754,0.034791119827954214,1.0,75,substitution_1pct,ckmer4_property_moment_l2,400,187,0.4975802139037433,93.0475
1.0,0.9975383894918916,0.9919928647790586,0.05114701894412686,0.12654671606728835,0.033421784384170115,1.0,75,substitution_1pct,ckmer4_property_multiscale_mean_l2,400,222,0.5457545045045045,121.1575
1.0,0.9975372796098563,0.9919945579945285,0.05116092473380254,0.12653331826268593,0.03344316916138637,1.0,75,substitution_1pct,ckmer4_property_multiscale_l2,400,297,0.6096506734006734,181.06625
1.0,0.9974300035879865,0.9915828660614807,0.052278445832769055,0.12974691388975243,0.03384219945297707,1.0,75,substitution_1pct,ckmer4_property_anchor_l2,400,225,0.5514388888888889,124.07375
1.0,0.9558112162953657,0.8590449605738676,0.2168533211597058,0.5309520494849457,0.5738748253177768,1.0,75,substitution_1pct,ckmer5_count_l2,400,512,0.12219970703125,62.56625
1.0,0.9956704902729947,0.9869448762904535,0.06793959945922452,0.16158598710097993,0.058317952214545006,1.0,75,substitution_1pct,ckmer5_property_moment_l2,400,563,0.18549289520426288,104.4325
1.0,0.995696995223469,0.9869696930620625,0.06771592461477693,0.16143292833738096,0.05698931205219813,1.0,75,substitution_1pct,ckmer5_property_multiscale_l2,400,673,0.28596025260029717,192.45125
1.0,0.9955897192015993,0.986033126058279,0.06858288025525523,0.16713359462656474,0.05741048266034619,1.0,75,substitution_1pct,ckmer5_property_anchor_l2,400,601,0.22538893510815308,135.45875
1.0,0.9971804469931914,0.9911815869352619,0.054534547267624064,0.13280370958155266,0.03982691731090119,1.0,75,substitution_1pct,cspaced_property_l2,400,147,0.4138095238095238,60.83
1.0,0.9765469257041327,0.9258038498009871,0.15800249473790992,0.385217209972306,0.3069158082212513,1.0,75,substitution_1pct,hybrid:ckmer5_count_l2+ckmer4_property_l2,400,659,0.18778072837632778,123.7475
1.0,0.9766609954773738,0.9260349446009948,0.15761987512070208,0.3846168359945812,0.306121803105262,1.0,75,substitution_1pct,hybrid:ckmer5_count_l2+ckmer4_property_moment_l2,400,699,0.22262339055793992,155.61375
1.0,0.9766742479526109,0.9261507957441735,0.15757154155843414,0.3843155044279171,0.3052861489855408,1.0,75,substitution_1pct,hybrid:ckmer5_count_l2+ckmer4_property_multiscale_l2,400,809,0.30115265760197774,243.6325
1.0,0.9766206099416762,0.9260729970435685,0.15776420937056307,0.3845178576987884,0.30551502588595786,1.0,75,substitution_1pct,hybrid:ckmer5_count_l2+ckmer4_property_anchor_l2,400,737,0.2532428765264586,186.64
1.0,0.9686618791888695,0.9544948894024662,0.24779706698489143,0.3016789720989938,0.333671275970293,1.0,75,N_3pct,ckmer4_count_l2,400,136,0.3614338235294118,49.155
1.0,0.9950715781045136,0.9935447091215547,0.09885514815415047,0.11362473401315124,0.036998020351902694,1.0,75,N_3pct,ckmer4_property_l2,400,147,0.4058163265306122,59.655
1.0,0.9933149604536335,0.9905129943264668,0.11494009019004528,0.137746184409319,0.035264059557624045,1.0,75,N_3pct,ckmer4_property_moment_l2,400,187,0.5081082887700534,95.01625
1.0,0.9954745026154517,0.9941351737530174,0.09474882034305125,0.10830344181413139,0.03392982942176003,1.0,75,N_3pct,ckmer4_property_multiscale_mean_l2,400,222,0.5545101351351351,123.10125
1.0,0.9950534247959331,0.9937086857815122,0.09912564083021977,0.11217228295899849,0.033945545635902886,1.0,75,N_3pct,ckmer4_property_multiscale_l2,400,297,0.6279166666666667,186.49125
1.0,0.9948738024947719,0.9933209467788654,0.10084619907213799,0.1155772145907653,0.03415126249266338,1.0,75,N_3pct,ckmer4_property_anchor_l2,400,225,0.5685166666666667,127.91625
1.0,0.9445153056806916,0.9266548992893903,0.33052527101783835,0.38300068932749826,0.5694823537797009,1.0,75,N_3pct,ckmer5_count_l2,400,512,0.11478271484375,58.76875
1.0,0.9909527748505941,0.9880151339809935,0.1337886961716116,0.15482160477161055,0.05851937747783275,1.0,75,N_3pct,ckmer5_property_moment_l2,400,563,0.1858436944937833,104.63
1.0,0.9926912391928938,0.9908170439047356,0.12039435057059263,0.13552081619752557,0.057204866907116375,1.0,75,N_3pct,ckmer5_property_multiscale_l2,400,673,0.2913893016344725,196.105
1.0,0.9925116168917322,0.9903651427997903,0.12184405003090683,0.13881539511573232,0.05748335908128313,1.0,75,N_3pct,ckmer5_property_anchor_l2,400,601,0.22883527454242927,137.53
1.0,0.9948496343519271,0.9932533141315851,0.10106918608681953,0.11616085417781137,0.04046338474529157,1.0,75,N_3pct,cspaced_property_l2,400,147,0.40357993197278913,59.32625
1.0,0.9697934418926026,0.9602171098982125,0.24399908793649264,0.28207399657570487,0.3051541287915016,1.0,75,N_3pct,hybrid:ckmer5_count_l2+ckmer4_property_l2,400,659,0.17970220030349013,118.42375
1.0,0.9689151330671626,0.9594084568603591,0.24763588774316198,0.2849259575057113,0.3043112915009927,1.0,75,N_3pct,hybrid:ckmer5_count_l2+ckmer4_property_moment_l2,400,699,0.2200071530758226,153.785
1.0,0.9697843652383125,0.9602805315000423,0.24406160941686028,0.2818490167127022,0.30349272804345917,1.0,75,N_3pct,hybrid:ckmer5_count_l2+ckmer4_property_multiscale_l2,400,809,0.3031644004944376,245.26
1.0,0.9696945540877318,0.9602329825294548,0.24444878682897403,0.28201763078486064,0.3036377891582316,1.0,75,N_3pct,hybrid:ckmer5_count_l2+ckmer4_property_anchor_l2,400,737,0.25330393487109903,186.685
1.0,0.9485091272072469,0.896811738305143,0.31021101159391046,0.45428647556137197,0.31391060169665913,1.0,75,substitution_1pct_N_3pct,ckmer4_count_l2,400,136,0.3620128676470588,49.23375
1.0,0.9928601823169785,0.9878926208500479,0.11703975582290078,0.15561084856851834,0.03480170585885713,1.0,75,substitution_1pct_N_3pct,ckmer4_property_l2,400,147,0.40635204081632653,59.73375
1.0,0.9913912209287139,0.9859085851044672,0.12930060371329813,0.16787741714176208,0.03326560065009636,1.0,75,substitution_1pct_N_3pct,ckmer4_property_moment_l2,400,187,0.5085227272727273,95.09375
1.0,0.9934731313629673,0.9889044808565919,0.11196748715568443,0.14896654527819486,0.03194276297854549,1.0,75,substitution_1pct_N_3pct,ckmer4_property_multiscale_mean_l2,400,222,0.55490990990991,123.19
1.0,0.993053030819085,0.9885140523197276,0.11578958165389881,0.15156482173847755,0.0319555097680325,1.0,75,substitution_1pct_N_3pct,ckmer4_property_multiscale_l2,400,297,0.6282659932659933,186.595
1.0,0.9929053354949327,0.9881538711723158,0.11697616870124464,0.15392272353771932,0.03217840139006314,1.0,75,substitution_1pct_N_3pct,ckmer4_property_anchor_l2,400,225,0.5691333333333334,128.055
1.0,0.9077071436144227,0.8066448276248737,0.4158083489838951,0.6218596824613585,0.5337303045980644,1.0,75,substitution_1pct_N_3pct,ckmer5_count_l2,400,512,0.1148486328125,58.8025
1.0,0.9874005776775965,0.9782865567462382,0.15579629432912992,0.20839114147057752,0.054948160069745365,1.0,75,substitution_1pct_N_3pct,ckmer5_property_moment_l2,400,563,0.1859014209591474,104.6625
1.0,0.9890623875679674,0.9798035013213061,0.14460711100473478,0.20098000817050857,0.05362246840018464,1.0,75,substitution_1pct_N_3pct,ckmer5_property_multiscale_l2,400,673,0.2914765973254086,196.16375
1.0,0.988914692243815,0.9796910054349589,0.14558440452657667,0.20153905019618992,0.05384767435508632,1.0,75,substitution_1pct_N_3pct,ckmer5_property_anchor_l2,400,601,0.2289912645590682,137.62375
1.0,0.992432932832028,0.9858729754098376,0.12026974264784357,0.1680893962244354,0.038217722156250765,1.0,75,substitution_1pct_N_3pct,cspaced_property_l2,400,147,0.40357993197278913,59.32625
1.0,0.9502836629657007,0.8971072325445953,0.305532759957215,0.45363520468161717,0.28620471372424133,1.0,75,substitution_1pct_N_3pct,hybrid:ckmer5_count_l2+ckmer4_property_l2,400,659,0.17987291350531107,118.53625
1.0,0.9495491822715684,0.8971435752353246,0.3081706036634707,0.4535543960570642,0.28537969178870115,1.0,75,substitution_1pct_N_3pct,hybrid:ckmer5_count_l2+ckmer4_property_moment_l2,400,699,0.22016630901287554,153.89625
1.0,0.9503800872167538,0.8974524191111912,0.3053116675651649,0.452873643177128,0.28464705434313653,1.0,75,substitution_1pct_N_3pct,hybrid:ckmer5_count_l2+ckmer4_property_multiscale_l2,400,809,0.3033343634116193,245.3975
1.0,0.9503062395546776,0.897387884865053,0.3055549711959801,0.4530161169274097,0.28476687934702544,1.0,75,substitution_1pct_N_3pct,hybrid:ckmer5_count_l2+ckmer4_property_anchor_l2,400,737,0.25353799185888737,186.8575
1.0,0.9288551474204894,0.904506249919411,0.3745698789720571,0.43702107908736143,0.29093221972473104,1.0,75,local_mismatch_6bp,ckmer4_count_l2,400,136,0.3795588235294118,51.62
1.0,0.9922532933177802,0.9895912350440291,0.12353586920103178,0.14428281150758665,0.031851178746123435,1.0,75,local_mismatch_6bp,ckmer4_property_l2,400,147,0.41918367346938773,61.62
1.0,0.9927471667205074,0.9902151690235632,0.11955080643636318,0.1398916027999964,0.030413187725451794,1.0,75,local_mismatch_6bp,ckmer4_property_moment_l2,400,187,0.4998729946524064,93.47625
1.0,0.992934637157868,0.9905122229906602,0.11799388440076428,0.1377517749871866,0.029226391584106462,1.0,75,local_mismatch_6bp,ckmer4_property_multiscale_mean_l2,400,222,0.5477364864864865,121.5975
1.0,0.9929327293800643,0.9905185099878411,0.11801241626194779,0.13770612571751906,0.029241065532593095,1.0,75,local_mismatch_6bp,ckmer4_property_multiscale_l2,400,297,0.6111321548821549,181.50625
1.0,0.9926438722763936,0.9899537511352537,0.12041927250471306,0.1417480053151118,0.029464846788141735,1.0,75,local_mismatch_6bp,ckmer4_property_anchor_l2,400,225,0.5534111111111111,124.5175
1.0,0.8877602182252966,0.8607594936708856,0.47150862852111514,0.5277130021690083,0.51363080848984,1.0,75,local_mismatch_6bp,ckmer5_count_l2,400,512,0.1227099609375,62.8275
1.0,0.988755965298322,0.9857267319761112,0.14916858430717803,0.1689572017362661,0.052107860459451365,1.0,75,local_mismatch_6bp,ckmer5_property_moment_l2,400,563,0.1859391651865009,104.68375
1.0,0.9889415279578787,0.9858449233881552,0.1479142539015915,0.16825621294424536,0.05093501127225112,1.0,75,local_mismatch_6bp,ckmer5_property_multiscale_l2,400,673,0.2863502971768202,192.71375
1.0,0.9886526708542082,0.9855947008408701,0.14985450737136827,0.16973684860462163,0.051161754723129234,1.0,75,local_mismatch_6bp,ckmer5_property_anchor_l2,400,601,0.22583194675540766,135.725
1.0,0.9888634615209168,0.9847952660462889,0.14809987230685928,0.17438310428155326,0.032034503439273915,1.0,75,local_mismatch_6bp,cspaced_property_l2,400,147,0.4153656462585034,61.05875
1.0,0.9400067557715386,0.9253851786143378,0.34471396669490617,0.3863024654561182,0.2746170433184568,1.0,75,local_mismatch_6bp,hybrid:ckmer5_count_l2+ckmer4_property_l2,400,659,0.18884294385432474,124.4475
1.0,0.940253692472902,0.92570543964265,0.3440174005386173,0.38547257663368445,0.27394625341171686,1.0,75,local_mismatch_6bp,hybrid:ckmer5_count_l2+ckmer4_property_moment_l2,400,699,0.22361051502145923,156.30375
1.0,0.9403464738026804,0.9258548105066833,0.3437399863413434,0.3850848493982894,0.2731825627196319,1.0,75,local_mismatch_6bp,hybrid:ckmer5_count_l2+ckmer4_property_multiscale_l2,400,809,0.3020194684796044,244.33375
1.0,0.9402020452508453,0.9254409528318296,0.344168309953683,0.3861581178939446,0.2733062982194276,1.0,75,local_mismatch_6bp,hybrid:ckmer5_count_l2+ckmer4_property_anchor_l2,400,737,0.25419945725915877,187.345
1.0,0.9836424487464325,0.9453580304121706,0.1259571962344431,0.3305799444685003,0.3382102963046519,1.0,75,short_indel,ckmer4_count_l2,400,136,0.3764981617647059,51.20375
1.0,0.998226954569024,0.9938648353781242,0.04139890893416826,0.11077129283073929,0.03713025294823889,1.0,75,short_indel,ckmer4_property_l2,400,147,0.41635204081632654,61.20375
1.0,0.9983778660710166,0.9944273550444271,0.039638502740619724,0.10557088106016,0.035379267573140985,1.0,75,short_indel,ckmer4_property_moment_l2,400,187,0.4974598930481283,93.025
1.0,0.9983908956112427,0.994483010302412,0.03946687408534578,0.1050422795385817,0.03404656309668308,1.0,75,short_indel,ckmer4_property_multiscale_mean_l2,400,222,0.5458445945945946,121.1775
1.0,0.9983898505307962,0.9944839532058327,0.03948296162238146,0.10503329289444366,0.03406628072810568,1.0,75,short_indel,ckmer4_property_multiscale_l2,400,297,0.609709595959596,181.08375
1.0,0.998295382586566,0.9943232493298568,0.04074714175327859,0.10655278624118814,0.03445076538739571,1.0,75,short_indel,ckmer4_property_anchor_l2,400,225,0.5515888888888889,124.1075
1.0,0.9687200342240574,0.8951006142331632,0.1746734801614439,0.4580379511280523,0.587308819303117,1.0,75,short_indel,ckmer5_count_l2,400,512,0.1221728515625,62.5525
1.0,0.9969205860501973,0.9890401477598052,0.054732284105139015,0.14805273541786823,0.05951876124578419,1.0,75,short_indel,ckmer5_property_moment_l2,400,563,0.1853885435168739,104.37375
1.0,0.9969325705099769,0.9890972501479189,0.05461847075179623,0.1476665835196172,0.05817633183951835,1.0,75,short_indel,ckmer5_property_multiscale_l2,400,673,0.28593239227340267,192.4325
1.0,0.9968381025657466,0.9890891429114927,0.055549400374076574,0.14772128360844905,0.05860948566358635,1.0,75,short_indel,ckmer5_property_anchor_l2,400,601,0.22538477537437604,135.45625
1.0,0.9965959022023272,0.9885916045598628,0.05740165539610375,0.15105106907894408,0.03887404162801802,1.0,75,short_indel,cspaced_property_l2,400,147,0.41427721088435376,60.89875
1.0,0.9834734943965406,0.9441622877407242,0.1269611577473665,0.3341786930975755,0.31386449601743416,1.0,75,short_indel,hybrid:ckmer5_count_l2+ckmer4_property_l2,400,659,0.18779400606980273,123.75625
1.0,0.9835489501475371,0.9444794381088005,0.1266766751868083,0.3332282906359605,0.31301576376285406,1.0,75,short_indel,hybrid:ckmer5_count_l2+ckmer4_property_moment_l2,400,699,0.22257153075822603,155.5775
1.0,0.9835549423774269,0.9444882786885053,0.1266521110032816,0.3332017768086619,0.3122037366473628,1.0,75,short_indel,hybrid:ckmer5_count_l2+ckmer4_property_multiscale_l2,400,809,0.3011572929542645,243.63625
1.0,0.9835077084053117,0.9444841840796996,0.12686239517225778,0.3332140567556206,0.31243525138529527,1.0,75,short_indel,hybrid:ckmer5_count_l2+ckmer4_property_anchor_l2,400,737,0.253270013568521,186.66
1.0,0.8915518971638747,0.7840489099334295,0.4446795104705874,0.6571903291259048,0.2557860449524681,1.0,75,substitution_5pct,ckmer4_count_l2,400,136,0.3789154411764706,51.5325
1.0,0.9882676974143348,0.9754927546588669,0.14611026665562082,0.2213921295897541,0.0282020183449175,1.0,75,substitution_5pct,ckmer4_property_l2,400,147,0.41858843537414964,61.5325
1.0,0.9892525237609688,0.9776499135950638,0.13990265297568782,0.21142399659020308,0.02713575651780147,1.0,75,substitution_5pct,ckmer4_property_moment_l2,400,187,0.49941176470588233,93.39
1.0,0.9893720165234727,0.977873812973941,0.13909310290643254,0.21036242213669362,0.02594925353681008,1.0,75,substitution_5pct,ckmer4_property_multiscale_mean_l2,400,222,0.5473423423423424,121.51
1.0,0.9893676555418405,0.9778760782586732,0.13912335000810386,0.210351653129314,0.02595868343846456,1.0,75,substitution_5pct,ckmer4_property_multiscale_l2,400,297,0.6108585858585859,181.425
1.0,0.989064026531145,0.9776967726744068,0.14122716757635342,0.21120225264402787,0.026162741802659165,1.0,75,substitution_5pct,ckmer4_property_anchor_l2,400,225,0.5530611111111111,124.43875
1.0,0.8138716005835956,0.6379209456395429,0.5846253391280536,0.8509747872302271,0.44268957388497054,1.0,75,substitution_5pct,ckmer5_count_l2,400,512,0.12264404296875,62.79375
1.0,0.9816851677746954,0.9653282101065803,0.18319591509435257,0.2633316851263503,0.04532988244958272,1.0,75,substitution_5pct,ckmer5_property_moment_l2,400,563,0.18588143872113677,104.65125
1.0,0.9818002995555668,0.9656861566287088,0.18260434840184372,0.2619687478829649,0.04413112496677576,1.0,75,substitution_5pct,ckmer5_property_multiscale_l2,400,673,0.28630943536404163,192.68625
1.0,0.9814966705448714,0.9651665568617012,0.18422575978096487,0.2639447773717201,0.04439732659891579,1.0,75,substitution_5pct,ckmer5_property_anchor_l2,400,601,0.22579034941763726,135.7
1.0,0.9877163386086772,0.9761061735756158,0.14996654305942805,0.218603818663507,0.030854016180341778,1.0,75,substitution_5pct,cspaced_property_l2,400,147,0.41534013605442177,61.055
1.0,0.9010696489989652,0.8072909719454906,0.4261767137385566,0.6208204607268469,0.2371894679349426,1.0,75,substitution_5pct,hybrid:ckmer5_count_l2+ckmer4_property_l2,400,659,0.18865895295902882,124.32625
1.0,0.9015620621722822,0.8081218112699806,0.4251253921203364,0.6194807307759901,0.23670719744499408,1.0,75,substitution_5pct,hybrid:ckmer5_count_l2+ckmer4_property_moment_l2,400,699,0.22343884120171673,156.18375
1.0,0.901619628062718,0.8081898055252065,0.42499730410312553,0.6193709622620006,0.23594437568777857,1.0,75,substitution_5pct,hybrid:ckmer5_count_l2+ckmer4_property_multiscale_l2,400,809,0.3018773176761434,244.21875
1.0,0.9014678135573704,0.8080978046729111,0.42535156947760894,0.6195194706750312,0.23607863089353426,1.0,75,substitution_5pct,hybrid:ckmer5_count_l2+ckmer4_property_anchor_l2,400,737,0.2540468113975577,187.2325
1.0,0.8712218810066257,0.8075522605503123,0.5029914758041281,0.6203994503152318,0.2670681821129125,1.0,75,N_10pct,ckmer4_count_l2,400,136,0.32128676470588236,43.695
1.0,0.970849796766289,0.9642738535644213,0.2410096517632283,0.26730552276024105,0.030589233644139478,1.0,75,N_10pct,ckmer4_property_l2,400,147,0.3686734693877551,54.195
1.0,0.9688368037925333,0.9627640054735219,0.24928833445846837,0.27289556420797884,0.029321337818368886,1.0,75,N_10pct,ckmer4_property_moment_l2,400,187,0.48164438502673795,90.0675
1.0,0.9732949015391409,0.9673968195576821,0.23070727134839986,0.2553553519388841,0.028064652509140805,1.0,75,N_10pct,ckmer4_property_multiscale_mean_l2,400,222,0.5442792792792793,120.83
1.0,0.9710141536742708,0.9652236957920304,0.24041828515903035,0.26372826269827,0.028028802826519383,1.0,75,N_10pct,ckmer4_property_multiscale_l2,400,297,0.6310648148148148,187.42625
1.0,0.9717013494908244,0.9656626644239369,0.23752222712849297,0.2620583157344622,0.02822729922727626,1.0,75,N_10pct,ckmer4_property_anchor_l2,400,225,0.5514611111111111,124.07875
1.0,0.7865667114411005,0.7120622204038837,0.6497325881958599,0.7588646504340293,0.43749993962443573,1.0,75,N_10pct,ckmer5_count_l2,400,512,0.0970654296875,49.6975
1.0,0.9603594346335385,0.9524767963413499,0.28113451928665295,0.30829592169635434,0.04659225181848003,1.0,75,N_10pct,ckmer5_property_moment_l2,400,563,0.17063943161634104,96.07
1.0,0.962536784515276,0.9551704574268397,0.273268644998595,0.29943126649180823,0.045460307032025325,1.0,75,N_10pct,ckmer5_property_multiscale_l2,400,673,0.2874127043090639,193.42875
1.0,0.9632239803318297,0.9561472121405272,0.27073132723032517,0.2961512681233055,0.04559905485753119,1.0,75,N_10pct,ckmer5_property_anchor_l2,400,601,0.21644134775374377,130.08125
1.0,0.9698051693835155,0.9634006578864877,0.24523454675527476,0.2705525280801652,0.032972949604812965,1.0,75,N_10pct,cspaced_property_l2,400,147,0.36575680272108846,53.76625
1.0,0.8787082541036946,0.8391758925105154,0.49015095110879997,0.5671403408663644,0.23655259571513526,1.0,75,N_10pct,hybrid:ckmer5_count_l2+ckmer4_property_l2,400,659,0.15765174506828528,103.8925
1.0,0.8777017576168169,0.8390261235758193,0.4922832922090603,0.5674043131158871,0.2359074416409046,1.0,75,N_10pct,hybrid:ckmer5_count_l2+ckmer4_property_moment_l2,400,699,0.19994992846924178,139.765
1.0,0.8787904325576856,0.8396701154201044,0.4900212099750017,0.5662682200726242,0.23512880235805342,1.0,75,N_10pct,hybrid:ckmer5_count_l2+ckmer4_property_multiscale_l2,400,809,0.2931072311495674,237.12375
1.0,0.8791340304659624,0.8400136074796797,0.48931721691882074,0.5656612886704433,0.23518653960266214,1.0,75,N_10pct,hybrid:ckmer5_count_l2+ckmer4_property_anchor_l2,400,737,0.23578867028493894,173.77625
0.975,0.7689068822609647,0.6238159678805678,0.6695489646393992,0.8673913783675984,0.17699791673831478,0.975,75,substitution_5pct_N_10pct,ckmer4_count_l2,400,136,0.32245404411764705,43.85375
0.985,0.9594178216772983,0.9432588470732749,0.28328981574247236,0.3368712473417683,0.020375454076293584,0.985,75,substitution_5pct_N_10pct,ckmer4_property_l2,400,147,0.36975340136054424,54.35375
0.9875,0.9583993815926999,0.9427173442716477,0.2871695973734875,0.3384749725430953,0.019833280302565478,0.9875,75,substitution_5pct_N_10pct,ckmer4_property_moment_l2,400,187,0.4825,90.2275
0.9875,0.9629488603615503,0.948233560927852,0.27073745929501264,0.32176513786845745,0.018819380747035815,0.9875,75,substitution_5pct_N_10pct,ckmer4_property_multiscale_mean_l2,400,222,0.5448085585585586,120.9475
0.985,0.9606728718867223,0.9460797896296039,0.2791023812328991,0.3283904281353359,0.018767650804476795,0.985,75,substitution_5pct_N_10pct,ckmer4_property_multiscale_l2,400,297,0.6313257575757576,187.50375
0.985,0.9612460244298154,0.9462535567374073,0.27696679468134006,0.327860836348155,0.01885577592136706,0.985,75,substitution_5pct_N_10pct,ckmer4_property_anchor_l2,400,225,0.5522055555555555,124.24625
0.995,0.6289116759731771,0.4336953730959614,0.8517231284342377,1.0642406034514307,0.2915682501323688,0.995,75,substitution_5pct_N_10pct,ckmer5_count_l2,400,512,0.09702880859375,49.67875
1.0,0.9444033729237126,0.9246648530756341,0.33179779595654274,0.38816261234977145,0.031803733207204345,1.0,75,substitution_5pct_N_10pct,ckmer5_property_moment_l2,400,563,0.17060834813499112,96.0525
0.9975,0.9466768632177351,0.9273684256434741,0.3248110800709663,0.38113369807253816,0.030675500526554003,0.9975,75,substitution_5pct_N_10pct,ckmer5_property_multiscale_l2,400,673,0.2872641158989599,193.32875
0.9975,0.9472500157608279,0.926160450884037,0.322980950081255,0.38429035697335395,0.030786093963242004,0.9975,75,substitution_5pct_N_10pct,ckmer5_property_anchor_l2,400,601,0.2164247088186356,130.07125
0.9925,0.9584003764199364,0.9431694888999185,0.28705780428424904,0.33713620777302683,0.02245902360958591,0.9925,75,substitution_5pct_N_10pct,cspaced_property_l2,400,147,0.365952380952381,53.795
0.995,0.7941647488252377,0.6877016922403024,0.6348550621127664,0.7903142171881907,0.15848455278715956,0.995,75,substitution_5pct_N_10pct,hybrid:ckmer5_count_l2+ckmer4_property_l2,400,659,0.15786418816388467,104.0325
0.995,0.7936555287829384,0.6883203790473005,0.635792079395099,0.7895310176703794,0.15828551367560026,0.995,75,substitution_5pct_N_10pct,hybrid:ckmer5_count_l2+ckmer4_property_moment_l2,400,699,0.20015200286123033,139.90625
0.995,0.7947922739299497,0.6890221666498266,0.6339432384608013,0.7886416470592555,0.1575330916689659,0.995,75,substitution_5pct_N_10pct,hybrid:ckmer5_count_l2+ckmer4_property_multiscale_l2,400,809,0.29317985166872684,237.1825
0.995,0.7950788502014962,0.6891061863772795,0.6334672922070205,0.78853509696486,0.15757481638962603,0.995,75,substitution_5pct_N_10pct,hybrid:ckmer5_count_l2+ckmer4_property_anchor_l2,400,737,0.23599050203527816,173.925
1.0,0.8806719672503144,0.8395799612631615,0.4853097033175833,0.5664273738588795,0.252006410299916,1.0,75,local_mismatch_12bp,ckmer4_count_l2,400,136,0.38145220588235296,51.8775
1.0,0.9869419676486325,0.9821605151976732,0.16044019159912754,0.18888875672381694,0.02766562817912122,1.0,75,local_mismatch_12bp,ckmer4_property_l2,400,147,0.42093537414965987,61.8775
1.0,0.987719686745854,0.9833508375516578,0.1556264481665003,0.18247827848716672,0.02640440534339651,1.0,75,local_mismatch_12bp,ckmer4_property_moment_l2,400,187,0.5012433155080214,93.7325
1.0,0.9880714302316659,0.9837709876962613,0.15337264407821727,0.18016110432627278,0.025392728564299603,1.0,75,local_mismatch_12bp,ckmer4_property_multiscale_mean_l2,400,222,0.5488963963963964,121.855
1.0,0.9880705071859494,0.983774453496658,0.15338162215351203,0.180141865434399,0.025403111537875757,1.0,75,local_mismatch_12bp,ckmer4_property_multiscale_l2,400,297,0.6120328282828282,181.77375
1.0,0.9877143304303537,0.9832185986486132,0.15570113859882334,0.18320151488700398,0.025557407735884406,1.0,75,local_mismatch_12bp,ckmer4_property_anchor_l2,400,225,0.5545111111111111,124.765
1.0,0.818558128162338,0.773837811592581,0.6001359545515771,0.6725506280074076,0.45287017947309394,1.0,75,local_mismatch_12bp,ckmer5_count_l2,400,512,0.1231103515625,63.0325
1.0,0.9816874075202917,0.9767448799581048,0.19057087340900844,0.2156623171116456,0.04576105546354066,1.0,75,local_mismatch_12bp,ckmer5_property_moment_l2,400,563,0.18630106571936056,104.8875
1.0,0.9820382279603872,0.9772544828497228,0.18871481566549697,0.2132862624812343,0.0448465603897566,1.0,75,local_mismatch_12bp,ckmer5_property_multiscale_l2,400,673,0.28666976225854385,192.92875
1.0,0.9816820512047916,0.9766622331096985,0.19060216283745268,0.21604521206891358,0.04500127128531275,1.0,75,local_mismatch_12bp,ckmer5_property_anchor_l2,400,601,0.22615640599001663,135.92
1.0,0.9831315888072375,0.9772176515236599,0.1825604184107804,0.21345888141004085,0.02689250061198447,1.0,75,local_mismatch_12bp,cspaced_property_l2,400,147,0.4175,61.3725
1.0,0.9027500479054854,0.8785941410655368,0.4393369032540802,0.4927592897433573,0.24211999411715213,1.0,75,local_mismatch_12bp,hybrid:ckmer5_count_l2+ckmer4_property_l2,400,659,0.18954476479514415,124.91
1.0,0.9031389074540958,0.8790982192109315,0.4384765491970224,0.49173525479372854,0.24149389610026553,1.0,75,local_mismatch_12bp,hybrid:ckmer5_count_l2+ckmer4_property_moment_l2,400,699,0.2242703862660944,156.765
1.0,0.9033143176741437,0.87917323163503,0.43806728747786744,0.4915826852768051,0.24085541971484176,1.0,75,local_mismatch_12bp,hybrid:ckmer5_count_l2+ckmer4_property_multiscale_l2,400,809,0.30260352286773795,244.80625
1.0,0.9031362292963458,0.8791525713801559,0.4384804000990084,0.49162469525298974,0.24095354473321975,1.0,75,local_mismatch_12bp,hybrid:ckmer5_count_l2+ckmer4_property_anchor_l2,400,737,0.2548134328358209,187.7975
1.0,0.9802008492881165,0.9402771710411065,0.15540601629433934,0.3456089815144401,0.29714530058120203,1.0,100,substitution_1pct,ckmer4_count_l2,400,136,0.45650735294117645,62.085
1.0,0.9978677538167282,0.9935409965471957,0.05094186503719337,0.11365741019209458,0.03239194295182202,1.0,100,substitution_1pct,ckmer4_property_l2,400,147,0.4903741496598639,72.085
1.0,0.9980538468858211,0.9941900115560967,0.04868965779269217,0.10779573599066208,0.030601314982355552,1.0,100,substitution_1pct,ckmer4_property_moment_l2,400,187,0.5549064171122995,103.7675
1.0,0.9980694209215655,0.9942060641886606,0.048483846985706895,0.10764678207336009,0.02962691103726373,1.0,100,substitution_1pct,ckmer4_property_multiscale_mean_l2,400,222,0.5949718468468469,132.08375
1.0,0.9980691030689701,0.9942063466139619,0.048488666306758806,0.10764415429719609,0.029627897766573,1.0,100,substitution_1pct,ckmer4_property_multiscale_l2,400,297,0.6467340067340067,192.08
1.0,0.997991766697648,0.9939710950962464,0.04942596504800918,0.109807930210096,0.030048703945260727,1.0,100,substitution_1pct,ckmer4_property_anchor_l2,400,225,0.5999555555555556,134.99
1.0,0.9625018694665711,0.88604962314102,0.21478646236330698,0.47738940681854586,0.5527433145272423,1.0,100,substitution_1pct,ckmer5_count_l2,400,512,0.15908935546875,81.45375
1.0,0.9963415162252894,0.9894604685548251,0.06703492021938513,0.14518629053751564,0.05543596475519015,1.0,100,substitution_1pct,ckmer5_property_moment_l2,400,563,0.21871447602131439,123.13625
1.0,0.9963567724084385,0.9895057026484332,0.06688676845255274,0.14487439046598363,0.05439280590403542,1.0,100,substitution_1pct,ckmer5_property_multiscale_l2,400,673,0.3141883358098068,211.44875
1.0,0.9962794360371163,0.9890567791880809,0.06759352930017043,0.1479406514767892,0.05481683572539803,1.0,100,substitution_1pct,ckmer5_property_anchor_l2,400,601,0.2568365224625624,154.35875
1.0,0.9977645300208142,0.9933742352255749,0.052092540764538627,0.11511526905583633,0.03494836467865111,1.0,100,substitution_1pct,cspaced_property_l2,400,147,0.4971768707482993,73.085
1.0,0.9801848116416497,0.9405369798743953,0.15611818854150214,0.344854230932254,0.29420110351172135,1.0,100,substitution_1pct,hybrid:ckmer5_count_l2+ckmer4_property_l2,400,659,0.23298748103186648,153.53875
1.0,0.9802778581761961,0.9407508338422471,0.15575538962530547,0.3442339314734963,0.2933416853007747,1.0,100,substitution_1pct,hybrid:ckmer5_count_l2+ckmer4_property_moment_l2,400,699,0.2649803290414878,185.22125
1.0,0.9802854862677706,0.9407516675288757,0.1557233959193806,0.34423152930543516,0.2926948361498174,1.0,100,substitution_1pct,hybrid:ckmer5_count_l2+ckmer4_property_multiscale_l2,400,809,0.33811341161928304,273.53375
1.0,0.9802468180821095,0.9407086140808468,0.155881857660188,0.34435628349485864,0.29292145461214575,1.0,100,substitution_1pct,hybrid:ckmer5_count_l2+ckmer4_property_anchor_l2,400,737,0.29368215739484393,216.44375
1.0,0.9699117570835031,0.9577261154388558,0.2431880563053353,0.29077032497650296,0.29561835496118727,1.0,100,N_3pct,ckmer4_count_l2,400,136,0.43800551470588234,59.56875
1.0,0.9949097220451705,0.9936297098068572,0.10060218081907603,0.11287417852955663,0.03271634381753831,1.0,100,N_3pct,ckmer4_property_l2,400,147,0.47665816326530613,70.06875
1.0,0.9932398291852087,0.9910992423426425,0.11584854597333585,0.1334222857523612,0.03085412920116057,1.0,100,N_3pct,ckmer4_property_moment_l2,400,187,0.5655013368983958,105.74875
1.0,0.9953328360822981,0.9941890005638152,0.09634374486601956,0.10780536808345015,0.029897261424069434,1.0,100,N_3pct,ckmer4_property_multiscale_mean_l2,400,222,0.605945945945946,134.52
1.0,0.9948748239392314,0.9937085381814746,0.10101197438247515,0.11217363036184583,0.029896544155500915,1.0,100,N_3pct,ckmer4_property_multiscale_l2,400,297,0.6699326599326599,198.97
1.0,0.9948129336344641,0.993338517157067,0.10155226671228194,0.11542513401101366,0.030207715063621566,1.0,100,N_3pct,ckmer4_property_anchor_l2,400,225,0.6170444444444444,138.835
1.0,0.9423691038445569,0.9226344608345349,0.33730845193817205,0.39335871457272015,0.5411601584884669,1.0,100,N_3pct,ckmer5_count_l2,400,512,0.148876953125,76.225
1.0,0.9905568317481999,0.987961806258515,0.1369621504886172,0.15516567355646155,0.05499639384501183,1.0,100,N_3pct,ckmer5_property_moment_l2,400,563,0.21741563055062166,122.405
1.0,0.9921918265022228,0.9903281144638069,0.12455960047395394,0.13908188297805063,0.053987917715714005,1.0,100,N_3pct,ckmer5_property_multiscale_l2,400,673,0.3203956166419019,215.62625
1.0,0.9921299361974554,0.9901186472079828,0.12503768247239333,0.14057988861509388,0.05427874937688767,1.0,100,N_3pct,ckmer5_property_anchor_l2,400,601,0.25872088186356074,155.49125
1.0,0.9946528547135384,0.9931797363839204,0.10308257899960813,0.11679265312727907,0.0352958492441128,1.0,100,N_3pct,cspaced_property_l2,400,147,0.48261054421768707,70.94375
1.0,0.9686394129448638,0.9583845486286641,0.24893945352095082,0.2884976626895596,0.28858397446052336,1.0,100,N_3pct,hybrid:ckmer5_count_l2+ckmer4_property_l2,400,659,0.22199355083459787,146.29375
1.0,0.9678044665148826,0.9579398569229801,0.25235987207121624,0.29003490895127315,0.28767718796080627,1.0,100,N_3pct,hybrid:ckmer5_count_l2+ckmer4_property_moment_l2,400,699,0.2603344062947067,181.97375
1.0,0.9686219638918943,0.9584017401332595,0.24903047241842188,0.28843806799745886,0.28705915866058646,1.0,100,N_3pct,hybrid:ckmer5_count_l2+ckmer4_property_multiscale_l2,400,809,0.3401668726823239,275.195
1.0,0.9685910187395104,0.9585438501570154,0.24916016243044026,0.2879449410387949,0.28722632410898735,1.0,100,N_3pct,hybrid:ckmer5_count_l2+ckmer4_property_anchor_l2,400,737,0.29180461329715063,215.06
1.0,0.9503850611440829,0.9027480532737452,0.3065756500533361,0.4410245585401847,0.2783812928790056,1.0,100,substitution_1pct_N_3pct,ckmer4_count_l2,400,136,0.43925551470588237,59.73875
1.0,0.992783409068657,0.9879120796177973,0.1183793731149671,0.15548565281800758,0.030800251041089046,1.0,100,substitution_1pct_N_3pct,ckmer4_property_l2,400,147,0.4778146258503401,70.23875
1.0,0.9912012832567973,0.9857022450639841,0.13121610625401708,0.16910182729581388,0.02911699637247782,1.0,100,substitution_1pct_N_3pct,ckmer4_property_moment_l2,400,187,0.5663970588235294,105.91625
1.0,0.9934118447997087,0.9890032130571612,0.11314903732120232,0.14830189966725624,0.028178780976124303,1.0,100,substitution_1pct_N_3pct,ckmer4_property_multiscale_mean_l2,400,222,0.6063907657657658,134.61875
1.0,0.9929543236503033,0.9885013396370924,0.11721776025216296,0.15164856770837518,0.02817473708347125,1.0,100,substitution_1pct_N_3pct,ckmer4_property_multiscale_l2,400,297,0.6700252525252526,198.9975
1.0,0.992852869930908,0.9881228262914716,0.11801959295447567,0.15412444242308154,0.028446020939953378,1.0,100,substitution_1pct_N_3pct,ckmer4_property_anchor_l2,400,225,0.6179222222222223,139.0325
1.0,0.9055845189082682,0.8243621892928947,0.4248516242861406,0.5926849871731311,0.5075981386385653,1.0,100,substitution_1pct_N_3pct,ckmer5_count_l2,400,512,0.1489892578125,76.2825
1.0,0.9868345765455981,0.9775493558458886,0.16020092371958383,0.21189922830444738,0.05154325907305678,1.0,100,substitution_1pct_N_3pct,ckmer5_property_moment_l2,400,563,0.2175133214920071,122.46
1.0,0.9885876169391041,0.9802350594705852,0.148827263939769,0.1988212027929902,0.050592059721800385,1.0,100,substitution_1pct_N_3pct,ckmer5_property_multiscale_l2,400,673,0.3202693164933135,215.54125
1.0,0.9884861632197091,0.979837274948219,0.14947741016635388,0.20081191038489268,0.05089123101606059,1.0,100,substitution_1pct_N_3pct,ckmer5_property_anchor_l2,400,601,0.25886231281198,155.57625
1.0,0.9924528585484539,0.9879803040944624,0.121271155520258,0.1550463221855104,0.03301455819432349,1.0,100,substitution_1pct_N_3pct,cspaced_property_l2,400,147,0.4830527210884354,71.00875
1.0,0.9491839639884627,0.9078070369966827,0.31192284629051076,0.4294005005593262,0.2709130504428133,1.0,100,substitution_1pct_N_3pct,hybrid:ckmer5_count_l2+ckmer4_property_l2,400,659,0.22233877086494688,146.52125
1.0,0.9483929010825328,0.9067539698291217,0.31460355059461187,0.4318462752027331,0.2700529126174053,1.0,100,substitution_1pct_N_3pct,hybrid:ckmer5_count_l2+ckmer4_property_moment_l2,400,699,0.2606562947067239,182.19875
1.0,0.9492694212792858,0.908119087149501,0.31171344644015614,0.4286731624583963,0.26947224796959635,1.0,100,substitution_1pct_N_3pct,hybrid:ckmer5_count_l2+ckmer4_property_multiscale_l2,400,809,0.3402719406674907,275.28
1.0,0.9492186944195882,0.9078680138099964,0.3118772115102281,0.4292580280915045,0.269638762916108,1.0,100,substitution_1pct_N_3pct,hybrid:ckmer5_count_l2+ckmer4_property_anchor_l2,400,737,0.2921506105834464,215.315
1.0,0.9547898461609237,0.9385150186435449,0.298563465706591,0.35067059382813476,0.275766268004118,1.0,100,local_mismatch_6bp,ckmer4_count_l2,400,136,0.4596966911764706,62.51875
1.0,0.9951119955348585,0.9932335994109065,0.09810599318158036,0.11633044167743799,0.030009637843477356,1.0,100,local_mismatch_6bp,ckmer4_property_l2,400,147,0.4933248299319728,72.51875
1.0,0.9954428939329566,0.9936688713943636,0.09474864461641876,0.11252549726137426,0.028340558360235378,1.0,100,local_mismatch_6bp,ckmer4_property_moment_l2,400,187,0.5572326203208556,104.2025
1.0,0.9955472853521815,0.9939084593812203,0.0936511330020689,0.11037680242796521,0.027441117755250568,1.0,100,local_mismatch_6bp,ckmer4_property_multiscale_mean_l2,400,222,0.5969313063063063,132.51875
1.0,0.9955470103721169,0.9939122244219735,0.09365478542634233,0.11034267557428595,0.027440535921340006,1.0,100,local_mismatch_6bp,ckmer4_property_multiscale_l2,400,297,0.6482070707070707,192.5175
1.0,0.9953432583933253,0.9934713707214919,0.09578593311259354,0.11426835342768227,0.02776754391201903,1.0,100,local_mismatch_6bp,ckmer4_property_anchor_l2,400,225,0.6018777777777777,135.4225
1.0,0.921115380011031,0.90014760866468,0.3954938864595172,0.44688341045092755,0.5176888542728103,1.0,100,local_mismatch_6bp,ckmer5_count_l2,400,512,0.15977783203125,81.80625
1.0,0.9921905625784183,0.9898842302185676,0.12437242315317815,0.14223761473994867,0.051871687272503735,1.0,100,local_mismatch_6bp,ckmer5_property_moment_l2,400,563,0.21934280639431616,123.49
1.0,0.9922946790175783,0.9901188303662276,0.12352855928546473,0.14057858119432762,0.05087408911232341,1.0,100,local_mismatch_6bp,ckmer5_property_multiscale_l2,400,673,0.31471768202080236,211.805
1.0,0.992090927038787,0.9898248174262272,0.12516437961616844,0.1426547060104866,0.05121717161160491,1.0,100,local_mismatch_6bp,ckmer5_property_anchor_l2,400,601,0.25742096505823625,154.71
1.0,0.992888196687901,0.9901684537784566,0.11832081398109662,0.1402250686631313,0.03072958529777974,1.0,100,local_mismatch_6bp,cspaced_property_l2,400,147,0.49887755102040815,73.335
1.0,0.9581136877729446,0.9469211924919665,0.288177016836957,0.325818365512715,0.27548293783754985,1.0,100,local_mismatch_6bp,hybrid:ckmer5_count_l2+ckmer4_property_l2,400,659,0.2341805766312595,154.325
1.0,0.9582791369719937,0.9470802398869236,0.28761510346145924,0.32532985924066965,0.2746695159999703,1.0,100,local_mismatch_6bp,hybrid:ckmer5_count_l2+ckmer4_property_moment_l2,400,699,0.26610693848354794,186.00875
1.0,0.9583311951915738,0.9471676180207117,0.2874304309280958,0.32506116898308024,0.2740720333818201,1.0,100,local_mismatch_6bp,hybrid:ckmer5_count_l2+ckmer4_property_multiscale_l2,400,809,0.3390899258343634,274.32375
1.0,0.958229319202178,0.9471480116856285,0.2877915033976348,0.325121467745536,0.2742568577541222,1.0,100,local_mismatch_6bp,hybrid:ckmer5_count_l2+ckmer4_property_anchor_l2,400,737,0.2947472862957938,217.22875
1.0,0.9862797373614263,0.9572266346426518,0.12431564442016299,0.2924828837407784,0.30242843842429856,1.0,100,short_indel,ckmer4_count_l2,400,136,0.4560294117647059,62.02
1.0,0.9985296210781703,0.995158410106102,0.04067677425034881,0.0984031369890472,0.03297875538243716,1.0,100,short_indel,ckmer4_property_l2,400,147,0.48993197278911566,72.02
1.0,0.9986569723524593,0.9956141879176283,0.03890581223216371,0.09365694418932734,0.031128635718512054,1.0,100,short_indel,ckmer4_property_moment_l2,400,187,0.5549598930481283,103.7775
1.0,0.9986653726790579,0.995630452622395,0.03877092883183964,0.09348312301472712,0.030151951404924708,1.0,100,short_indel,ckmer4_property_multiscale_mean_l2,400,222,0.5946846846846847,132.02
1.0,0.9986653101350652,0.9956313318014006,0.0387727819240234,0.093473717190459,0.03015344679254953,1.0,100,short_indel,ckmer4_property_multiscale_l2,400,297,0.646523569023569,192.0175
1.0,0.9985795379422345,0.9953702870599443,0.040060433980143424,0.09622527861725437,0.030565337892693625,1.0,100,short_indel,ckmer4_property_anchor_l2,400,225,0.5995777777777778,134.905
1.0,0.9715581295928901,0.9153007940756607,0.18000439133710613,0.4115803823986361,0.5588903298134297,1.0,100,short_indel,ckmer5_count_l2,400,512,0.15885498046875,81.33375
1.0,0.9972350746474982,0.9916128356327388,0.05610974875261003,0.1295155325809186,0.05608908230063653,1.0,100,short_indel,ckmer5_property_moment_l2,400,563,0.21863454706927177,123.09125
1.0,0.997243412430104,0.991634028427973,0.05601617344304297,0.12935187774435425,0.055023629368819583,1.0,100,short_indel,ckmer5_property_multiscale_l2,400,673,0.3140137444279346,211.33125
1.0,0.9971576402372733,0.9913300155163188,0.05693061003660849,0.13168085213857536,0.05544051518385682,1.0,100,short_indel,ckmer5_property_anchor_l2,400,601,0.2566035773710483,154.21875
1.0,0.9971084897821211,0.990815444423604,0.057318498347819206,0.13553258640320967,0.03427146281129313,1.0,100,short_indel,cspaced_property_l2,400,147,0.4963265306122449,72.96
1.0,0.9850438753355302,0.9551952984742164,0.13051452320252696,0.2993482971477661,0.29748114804342973,1.0,100,short_indel,hybrid:ckmer5_count_l2+ckmer4_property_l2,400,659,0.2327067526555387,153.35375
1.0,0.9851075509726747,0.9554276143880506,0.13024165222239395,0.29857121631518374,0.296604018555182,1.0,100,short_indel,hybrid:ckmer5_count_l2+ckmer4_property_moment_l2,400,699,0.26482296137339056,185.11125
1.0,0.9851117198639776,0.9554375832666935,0.13022144681371567,0.2985378258346112,0.2959552568795708,1.0,100,short_indel,hybrid:ckmer5_count_l2+ckmer4_property_multiscale_l2,400,809,0.3378878244746601,273.35125
1.0,0.9850688337675622,0.9554315149400501,0.13042714657330404,0.29855813182177077,0.29617773508940454,1.0,100,short_indel,hybrid:ckmer5_count_l2+ckmer4_property_anchor_l2,400,737,0.2934040027137042,216.23875
1.0,0.9075082852885891,0.8204961937465203,0.41490054716892044,0.5991723902725541,0.23099362162637724,1.0,100,substitution_5pct,ckmer4_count_l2,400,136,0.4608363970588235,62.67375
0.9975,0.9900839946252361,0.9807354350437777,0.1358554544705646,0.1962883800706082,0.025255642443832747,0.9975,100,substitution_5pct,ckmer4_property_l2,400,147,0.49437925170068026,72.67375
0.9975,0.9909218661248553,0.9824423397167348,0.13000607186951074,0.1873908219946802,0.024193067162605168,0.9975,100,substitution_5pct,ckmer4_property_moment_l2,400,187,0.5580213903743315,104.35
0.9975,0.9910141050857897,0.9826047790836582,0.12933732232696882,0.1865218618876771,0.023190789445203232,0.9975,100,substitution_5pct,ckmer4_property_multiscale_mean_l2,400,222,0.5976295045045045,132.67375
0.9975,0.9910134365161631,0.9826043905226688,0.1293433010677419,0.1865239482211873,0.02318859056689468,0.9975,100,substitution_5pct,ckmer4_property_multiscale_l2,400,297,0.6487247474747475,192.67125
1.0,0.9907527882113188,0.982205825590268,0.13129849661908988,0.18864874284675315,0.023421836162594013,1.0,100,substitution_5pct,ckmer4_property_anchor_l2,400,225,0.6025055555555555,135.56375
1.0,0.8278129154682584,0.6953624908769437,0.5693158961233405,0.7805587314770877,0.427513315913878,1.0,100,substitution_5pct,ckmer5_count_l2,400,512,0.16,81.92
1.0,0.9832293326065934,0.9697599315705607,0.17764988864020675,0.24592709522666545,0.04324372558431613,1.0,100,substitution_5pct,ckmer5_property_moment_l2,400,563,0.2195315275310835,123.59625
1.0,0.9833209029979011,0.9699264971534617,0.17716484783682337,0.24524885387040207,0.04226758845900485,1.0,100,substitution_5pct,ckmer5_property_multiscale_l2,400,673,0.31488484398216937,211.9175
1.0,0.9830602546930569,0.9696590416450064,0.17859083015421923,0.24633696726034957,0.04250262222250334,1.0,100,substitution_5pct,ckmer5_property_anchor_l2,400,601,0.2575873544093178,154.81
1.0,0.98939110140074,0.9805499317683601,0.14078745391522046,0.19723115023660803,0.02727582831908691,1.0,100,substitution_5pct,cspaced_property_l2,400,147,0.498171768707483,73.23125
1.0,0.9089484550467474,0.8371628625218973,0.4139269077784378,0.5706786688018639,0.22815564554830495,1.0,100,substitution_5pct,hybrid:ckmer5_count_l2+ckmer4_property_l2,400,659,0.23458839150227617,154.59375
1.0,0.9093673907965569,0.8381542896901951,0.412979753950319,0.5689386640491898,0.22755376063531407,1.0,100,substitution_5pct,hybrid:ckmer5_count_l2+ckmer4_property_moment_l2,400,699,0.26648068669527897,186.27
1.0,0.9094131759922109,0.8381925780801519,0.41287497905902254,0.5688713692252907,0.22696786134466207,1.0,100,substitution_5pct,hybrid:ckmer5_count_l2+ckmer4_property_multiscale_l2,400,809,0.3394205809641533,274.59125
1.0,0.9092828518397886,0.8381180613285055,0.41318387696803116,0.5690022911507637,0.22710953562240807,1.0,100,substitution_5pct,hybrid:ckmer5_count_l2+ckmer4_property_anchor_l2,400,737,0.2950932835820895,217.48375
1.0,0.8914474832405768,0.8459230185881753,0.4619383913498629,0.5551158483654616,0.24871006793001765,1.0,100,N_10pct,ckmer4_count_l2,400,136,0.39728860294117646,54.03125
1.0,0.9748788924470828,0.9700912011874587,0.22378748445092583,0.24457636026806917,0.028444264615337427,1.0,100,N_10pct,ckmer4_property_l2,400,147,0.43898809523809523,64.53125
1.0,0.9730650429301676,0.9686843263914169,0.23181724487882455,0.25026255080752274,0.026790697971474237,1.0,100,N_10pct,ckmer4_property_moment_l2,400,187,0.534572192513369,99.965
1.0,0.9770167592352853,0.9725938408779992,0.21406202773355198,0.2341203043116659,0.02597830724627137,1.0,100,N_10pct,ckmer4_property_multiscale_mean_l2,400,222,0.5925,131.535
1.0,0.974947503951073,0.9705505011260624,0.2235506851877553,0.24269115008741338,0.025955581535730934,1.0,100,N_10pct,ckmer4_property_multiscale_l2,400,297,0.668476430976431,198.5375
1.0,0.9756632674463597,0.9714379261161138,0.22029766253661875,0.23900658498741087,0.02618156215010482,1.0,100,N_10pct,ckmer4_property_anchor_l2,400,225,0.5982722222222222,134.61125
1.0,0.8044162763408785,0.7395739969534472,0.6222965714957164,0.72170077323854,0.4342804746724997,1.0,100,N_10pct,ckmer5_count_l2,400,512,0.1284326171875,65.7575
1.0,0.9644278803307157,0.9582126936324413,0.2663639932342587,0.28909273003501973,0.0454900611678837,1.0,100,N_10pct,ckmer5_property_moment_l2,400,563,0.19838587921847248,111.69125
1.0,0.9663103413516211,0.9599713771511602,0.25918827516037946,0.2829438795324106,0.0445765332541706,1.0,100,N_10pct,ckmer5_property_multiscale_l2,400,673,0.3124275631500743,210.26375
1.0,0.9670261048469078,0.960575798652391,0.25639882626185995,0.2807995765179566,0.04483988899150499,1.0,100,N_10pct,ckmer5_property_anchor_l2,400,601,0.2434900166389351,146.3375
1.0,0.9741488924155755,0.9695885179301459,0.22700614114920964,0.2466231186816628,0.03046694298507851,1.0,100,N_10pct,cspaced_property_l2,400,147,0.44371598639455784,65.22625
1.0,0.8896475843939807,0.8556196194596161,0.46772659544493805,0.5373646444275427,0.2334047671929922,1.0,100,N_10pct,hybrid:ckmer5_count_l2+ckmer4_property_l2,400,659,0.1977067526555387,130.28875
1.0,0.8887406596355231,0.8553557011809809,0.46972089860858884,0.5378555535481743,0.23263261922583026,1.0,100,N_10pct,hybrid:ckmer5_count_l2+ckmer4_property_moment_l2,400,699,0.23708512160228898,165.7225
1.0,0.8896818901459757,0.8559583530047664,0.46768131951092917,0.5367339126218069,0.232036311067979,1.0,100,N_10pct,hybrid:ckmer5_count_l2+ckmer4_property_multiscale_l2,400,809,0.3266934487021014,264.295
1.0,0.890039771893619,0.8564665819581776,0.4669096300079984,0.5357861844427477,0.23216276120721113,1.0,100,N_10pct,hybrid:ckmer5_count_l2+ckmer4_property_anchor_l2,400,737,0.27187075983717773,200.36875
0.985,0.8045994546774337,0.6884958085550851,0.6167767450422318,0.7893087887985394,0.17211896361930093,0.985,100,substitution_5pct_N_10pct,ckmer4_count_l2,400,136,0.40041360294117645,54.45625
0.9875,0.965121046076458,0.9522269581685164,0.2627818013126257,0.3091052905005699,0.019639899260033254,0.9875,100,substitution_5pct_N_10pct,ckmer4_property_l2,400,147,0.44187925170068026,64.95625
0.99,0.9640350406922255,0.9520523072853923,0.26712969604150966,0.3096697897488961,0.018926377818970358,0.99,100,substitution_5pct_N_10pct,ckmer4_property_moment_l2,400,187,0.5370855614973262,100.435
0.9875,0.9681899679649226,0.9564394741018805,0.2510107688942117,0.29516275441033685,0.01806305998102892,0.9875,100,substitution_5pct_N_10pct,ckmer4_property_multiscale_mean_l2,400,222,0.5940427927927928,131.8775
0.9875,0.9661307055311122,0.9544360981018427,0.25914755472532913,0.30187381906529825,0.018019858867145067,0.9875,100,substitution_5pct_N_10pct,ckmer4_property_multiscale_l2,400,297,0.6693518518518519,198.7975
0.99,0.9666816967377043,0.9547417693648549,0.25697830873367744,0.3008595108700683,0.01820697823158305,0.99,100,substitution_5pct_N_10pct,ckmer4_property_anchor_l2,400,225,0.5999666666666666,134.9925
1.0,0.6594860870831079,0.4878271145303318,0.8172571490749405,1.0120995461316742,0.2975997634643075,1.0,100,substitution_5pct_N_10pct,ckmer5_count_l2,400,512,0.12887451171875,65.98375
1.0,0.9496289207968188,0.9321059605818877,0.31592079922501554,0.36849387506047226,0.03168473317038117,1.0,100,substitution_5pct_N_10pct,ckmer5_property_moment_l2,400,563,0.1988676731793961,111.9625
1.0,0.9517245856357054,0.9345960398630695,0.30918363720104247,0.3616737460745403,0.03083547611808746,1.0,100,substitution_5pct_N_10pct,ckmer5_property_multiscale_l2,400,673,0.312518573551263,210.325
1.0,0.9522755768422975,0.935231721333419,0.30737348641401563,0.3599118214326001,0.030983898262087032,1.0,100,substitution_5pct_N_10pct,ckmer5_property_anchor_l2,400,601,0.24379367720465892,146.52
0.9925,0.9637067095123496,0.9510157377119043,0.26823453016229826,0.3129992404843867,0.020675353446295307,0.9925,100,substitution_5pct_N_10pct,cspaced_property_l2,400,147,0.44529761904761905,65.45875
1.0,0.8123035665797829,0.7214508017161173,0.6071508266813281,0.746390241905669,0.1609021620813078,1.0,100,substitution_5pct_N_10pct,hybrid:ckmer5_count_l2+ckmer4_property_l2,400,659,0.19869499241274657,130.94
1.0,0.8117605638876668,0.7218364632234633,0.6081395723138254,0.7458733612434876,0.16057148328321758,1.0,100,substitution_5pct_N_10pct,hybrid:ckmer5_count_l2+ckmer4_property_moment_l2,400,699,0.23808118741058656,166.41875
1.0,0.8128083963071101,0.7226773940556128,0.606379917249027,0.7447450443139418,0.15995081609170686,1.0,100,substitution_5pct_N_10pct,hybrid:ckmer5_count_l2+ckmer4_property_multiscale_l2,400,809,0.32729449938195304,264.78125
1.0,0.8130838919104061,0.7233222171108942,0.6059154642361518,0.7438786965971624,0.16002947217172356,1.0,100,substitution_5pct_N_10pct,hybrid:ckmer5_count_l2+ckmer4_property_anchor_l2,400,737,0.2726950474898236,200.97625
1.0,0.9227217765304897,0.8960078775280481,0.39030555828315555,0.4560528937711199,0.2498264277085987,1.0,100,local_mismatch_12bp,ckmer4_count_l2,400,136,0.4615533088235294,62.77125
1.0,0.9916204387109504,0.9884198530814567,0.1284238750822334,0.15218503914005638,0.02713841816490625,1.0,100,local_mismatch_12bp,ckmer4_property_l2,400,147,0.49504251700680274,72.77125
1.0,0.9921013677710054,0.9890374881998263,0.12464769008910491,0.14807096818038365,0.025630798919784398,1.0,100,local_mismatch_12bp,ckmer4_property_moment_l2,400,187,0.5586898395721925,104.475
1.0,0.9923459885296549,0.9894727621608244,0.12274760789978494,0.14510160401860928,0.024827469941982525,1.0,100,local_mismatch_12bp,ckmer4_property_multiscale_mean_l2,400,222,0.5980630630630631,132.77
1.0,0.9923468684972235,0.9894774778984851,0.12274282765926926,0.1450691008026625,0.024825549847085623,1.0,100,local_mismatch_12bp,ckmer4_property_multiscale_l2,400,297,0.6490404040404041,192.765
1.0,0.9920525905321732,0.9891413029970759,0.12512529224795102,0.1473682047155008,0.025009127754209045,1.0,100,local_mismatch_12bp,ckmer4_property_anchor_l2,400,225,0.603,135.675
1.0,0.872752203371109,0.8455866435610956,0.502494907176255,0.5557217943557264,0.47618487192623954,1.0,100,local_mismatch_12bp,ckmer5_count_l2,400,512,0.1600244140625,81.9325
1.0,0.9872757191926158,0.9839004363275418,0.15875988527008691,0.17944115182439765,0.04758258848398147,1.0,100,local_mismatch_12bp,ckmer5_property_moment_l2,400,563,0.21960257548845472,123.63625
1.0,0.9875212199188337,0.9843907041543872,0.15723759266286727,0.17668781082535034,0.04676403624421705,1.0,100,local_mismatch_12bp,ckmer5_property_multiscale_l2,400,673,0.3148978454680535,211.92625
1.0,0.9872269419537832,0.9842089375534715,0.15910985586476087,0.17771350637220837,0.04699411826292224,1.0,100,local_mismatch_12bp,ckmer5_property_anchor_l2,400,601,0.2576310316139767,154.83625
1.0,0.9891496546251005,0.9851930507644718,0.14628837318889776,0.17208688578486012,0.027017763123488657,1.0,100,local_mismatch_12bp,cspaced_property_l2,400,147,0.5002295918367347,73.53375
1.0,0.9321863210410296,0.9171295263161259,0.3667967944693257,0.4071129413323339,0.25340157569620003,1.0,100,local_mismatch_12bp,hybrid:ckmer5_count_l2+ckmer4_property_l2,400,659,0.23475531107738998,154.70375
1.0,0.9324267855710572,0.9176175132480192,0.36615293393976495,0.40591251783504373,0.25268130355407886,1.0,100,local_mismatch_12bp,hybrid:ckmer5_count_l2+ckmer4_property_moment_l2,400,699,0.26667739628040055,186.4075
1.0,0.9325495359341661,0.9176572425540035,0.36581776745627365,0.40581463115356603,0.2521167278323849,1.0,100,local_mismatch_12bp,hybrid:ckmer5_count_l2+ckmer4_property_multiscale_l2,400,809,0.33955191594561185,274.6975
1.0,0.9324023969516411,0.9176635377083182,0.36622606766217275,0.40579911675969255,0.25225103772016677,1.0,100,local_mismatch_12bp,hybrid:ckmer5_count_l2+ckmer4_property_anchor_l2,400,737,0.29526119402985074,217.6075
1.0,0.9844480881845458,0.954965980080149,0.13976888013117908,0.30011305974175967,0.26825659068607954,1.0,125,substitution_1pct,ckmer4_count_l2,400,136,0.5182628676470589,70.48375
1.0,0.9983543750291034,0.9952566338016307,0.04547457199395224,0.097399776506198,0.0285773897181696,1.0,125,substitution_1pct,ckmer4_property_l2,400,147,0.5475085034013606,80.48375
1.0,0.9984935305529435,0.9956150850093107,0.043533138187647806,0.09364737026377519,0.027063547051412958,1.0,125,substitution_1pct,ckmer4_property_moment_l2,400,187,0.6009826203208556,112.38375
1.0,0.9985075278522614,0.9956874306897262,0.04331325663889587,0.09287162022532257,0.02618716374900622,1.0,125,substitution_1pct,ckmer4_property_multiscale_mean_l2,400,222,0.6328096846846847,140.48375
1.0,0.9985074485135291,0.9956879162407176,0.04331487311458953,0.09286639043991958,0.026184147199758617,1.0,125,substitution_1pct,ckmer4_property_multiscale_l2,400,297,0.6750294612794613,200.48375
1.0,0.9984241401278343,0.9955294053675238,0.0445753533170901,0.09455779797747331,0.0265429721053862,1.0,125,substitution_1pct,ckmer4_property_anchor_l2,400,225,0.6373555555555556,143.405
1.0,0.9680711854441596,0.9045119348204174,0.2009645846366405,0.43700811251104493,0.5215692095161139,1.0,125,substitution_1pct,ckmer5_count_l2,400,512,0.1919970703125,98.3025
1.0,0.9969317965571463,0.9911770772892804,0.062316686371726056,0.13283762860374834,0.051407286134563274,1.0,125,substitution_1pct,ckmer5_property_moment_l2,400,563,0.24902753108348136,140.2025
1.0,0.9969457145177317,0.9911910479401347,0.06216134113322061,0.13273245128121042,0.05044597363479372,1.0,125,substitution_1pct,ckmer5_property_multiscale_l2,400,673,0.3392310549777117,228.3025
1.0,0.9968624061320372,0.9911307859064659,0.06307486480461381,0.13318564543860884,0.05080348701898627,1.0,125,substitution_1pct,ckmer5_property_anchor_l2,400,601,0.28489808652246257,171.22375
1.0,0.998179580909258,0.994497124379466,0.04771908169001841,0.10490825442566136,0.03080213278615124,1.0,125,substitution_1pct,cspaced_property_l2,400,147,0.56046768707483,82.38875
1.0,0.9832127802366314,0.9498898417355827,0.14571794029326848,0.31657579230933824,0.2766119430196892,1.0,125,substitution_1pct,hybrid:ckmer5_count_l2+ckmer4_property_l2,400,659,0.27129931714719274,178.78625
1.0,0.9832823579985515,0.950066121431663,0.1454210642006891,0.316018495520985,0.275915167527773,1.0,125,substitution_1pct,hybrid:ckmer5_count_l2+ckmer4_property_moment_l2,400,699,0.30141094420600856,210.68625
1.0,0.9832893169788443,0.9500984175572179,0.1453867043494789,0.31591626967714403,0.27530649919550043,1.0,125,substitution_1pct,hybrid:ckmer5_count_l2+ckmer4_property_multiscale_l2,400,809,0.3693278739184178,298.78625
1.0,0.983247662785997,0.9499805468458853,0.14558957768647102,0.31628921997780834,0.2755117196109513,1.0,125,substitution_1pct,hybrid:ckmer5_count_l2+ckmer4_property_anchor_l2,400,737,0.32796132971506103,241.7075
1.0,0.9721662443261516,0.9608100049216461,0.23376595148361587,0.2799642648276785,0.2662393364219837,1.0,125,N_3pct,ckmer4_count_l2,400,136,0.4985294117647059,67.8
1.0,0.9950049723197439,0.9939167359191835,0.09969432438617531,0.11030198414718904,0.028750395121390084,1.0,125,N_3pct,ckmer4_property_l2,400,147,0.5326530612244897,78.3
1.0,0.9933060626308454,0.9913428009133282,0.11532023440751125,0.1315841753965788,0.027179241064962615,1.0,125,N_3pct,ckmer4_property_moment_l2,400,187,0.6106818181818182,114.1975
1.0,0.9954159759509611,0.9944267201031902,0.09551740422393103,0.10557719128027389,0.0263280439847865,1.0,125,N_3pct,ckmer4_property_multiscale_mean_l2,400,222,0.6457094594594595,143.3475
1.0,0.9949411690619935,0.9939704602243585,0.10038683262301035,0.1098137024886787,0.026323153535216394,1.0,125,N_3pct,ckmer4_property_multiscale_l2,400,297,0.7016666666666667,208.395
1.0,0.9949360536418222,0.9937388152879955,0.10038676000398093,0.1119033800095224,0.0266328218221809,1.0,125,N_3pct,ckmer4_property_anchor_l2,400,225,0.6552111111111111,147.4225
1.0,0.9433524597397265,0.9245481113191235,0.33435040959091994,0.38846335394957715,0.5070718690732803,1.0,125,N_3pct,ckmer5_count_l2,400,512,0.17953125,91.92
1.0,0.9905543799790708,0.9883013143629937,0.13700793370524958,0.15296199109653494,0.050777193942602675,1.0,125,N_3pct,ckmer5_property_moment_l2,400,563,0.24567939609236233,138.3175
1.0,0.992189486410219,0.9904897402575512,0.12462411283236285,0.1379148644644049,0.04984364170325291,1.0,125,N_3pct,ckmer5_property_multiscale_l2,400,673,0.34549034175334326,232.515
1.0,0.9921843709900477,0.9904768067378714,0.12464089174279065,0.1380086224849998,0.0501620214828006,1.0,125,N_3pct,ckmer5_property_anchor_l2,400,601,0.28542845257903493,171.5425
1.0,0.9947289256867562,0.9933810914231992,0.10240415499348192,0.11505571240755058,0.03103843425889869,1.0,125,N_3pct,cspaced_property_l2,400,147,0.5445748299319728,80.0525
1.0,0.9691787160297352,0.9593426449563215,0.24676233059472516,0.2851573150361045,0.26972192544621776,1.0,125,N_3pct,hybrid:ckmer5_count_l2+ckmer4_property_l2,400,659,0.25830045523520484,170.22
1.0,0.9683292611852857,0.958921749561673,0.2502477376215832,0.28662934050799255,0.2689486720340086,1.0,125,N_3pct,hybrid:ckmer5_count_l2+ckmer4_property_moment_l2,400,699,0.29487482117310443,206.1175
1.0,0.96914681440086,0.9593558610837105,0.24691220803917813,0.28511098300102056,0.2683876894477836,1.0,125,N_3pct,hybrid:ckmer5_count_l2+ckmer4_property_multiscale_l2,400,809,0.3712175525339926,300.315
1.0,0.9691442566907744,0.9593109562509496,0.24691987025653525,0.28526844683375047,0.2685628297997881,1.0,125,N_3pct,hybrid:ckmer5_count_l2+ckmer4_property_anchor_l2,400,737,0.32475237449118044,239.3425
1.0,0.9565625635963958,0.9236985652960282,0.2887378509360258,0.39064069905832116,0.25293053031436374,1.0,125,substitution_1pct_N_3pct,ckmer4_count_l2,400,136,0.4996599264705882,67.95375
1.0,0.9933641955632262,0.989678850124336,0.11415623079808798,0.1436742736896367,0.027316564170863273,1.0,125,substitution_1pct_N_3pct,ckmer4_property_l2,400,147,0.5336989795918368,78.45375
1.0,0.9918083657325564,0.988326163714675,0.1272137091441049,0.1527994492711464,0.025911810181518974,1.0,125,substitution_1pct_N_3pct,ckmer4_property_moment_l2,400,187,0.6115374331550802,114.3575
1.0,0.9939310717810895,0.9907312599664554,0.10919413537346127,0.13615238906740226,0.025027046182560023,1.0,125,substitution_1pct_N_3pct,ckmer4_property_multiscale_mean_l2,400,222,0.6469087837837838,143.61375
1.0,0.9934594341796885,0.9902001920235594,0.11350173606192002,0.13999862513532269,0.025022691508527557,1.0,125,substitution_1pct_N_3pct,ckmer4_property_multiscale_l2,400,297,0.7029419191919192,208.77375
1.0,0.9933674699565626,0.9901677281395829,0.114271181912966,0.1402303110254724,0.025283840590871246,1.0,125,substitution_1pct_N_3pct,ckmer4_property_anchor_l2,400,225,0.6559,147.5775
1.0,0.9113614894370918,0.8502177989336367,0.41356459057146466,0.547324748402753,0.4803766851301036,1.0,125,substitution_1pct_N_3pct,ckmer5_count_l2,400,512,0.17949951171875,91.90375
1.0,0.9874922605239952,0.981366474189576,0.15680573878135598,0.1930467486299248,0.04804444978803697,1.0,125,substitution_1pct_N_3pct,ckmer5_property_moment_l2,400,563,0.24566163410301953,138.3075
1.0,0.9891433289711276,0.983287986514906,0.1457682945319646,0.18282239151148,0.04712988206857698,1.0,125,substitution_1pct_N_3pct,ckmer5_property_multiscale_l2,400,673,0.34580052005943535,232.72375
1.0,0.9890513647480016,0.9831243748840091,0.14638988604128467,0.18371512054398145,0.0473420622487798,1.0,125,substitution_1pct_N_3pct,ckmer5_property_anchor_l2,400,601,0.28540349417637273,171.5275
1.0,0.9928946235550662,0.9888654846279636,0.11805687830499952,0.14922810754643454,0.029188200091317028,1.0,125,substitution_1pct_N_3pct,cspaced_property_l2,400,147,0.5448724489795919,80.09625
1.0,0.9523628425001591,0.9199079330614698,0.3034401953407808,0.40023000814519755,0.25562258321687514,1.0,125,substitution_1pct_N_3pct,hybrid:ckmer5_count_l2+ckmer4_property_l2,400,659,0.2585091047040971,170.3575
1.0,0.951584927584824,0.9195873457135115,0.3061543904428875,0.4010302385674487,0.25491691601178035,1.0,125,substitution_1pct_N_3pct,hybrid:ckmer5_count_l2+ckmer4_property_moment_l2,400,699,0.2950804721030043,206.26125
1.0,0.9524104618083902,0.9200171941422548,0.30332955313388227,0.39995697059301094,0.2543563982239975,1.0,125,substitution_1pct_N_3pct,hybrid:ckmer5_count_l2+ckmer4_property_multiscale_l2,400,809,0.3716656365883807,300.6775
1.0,0.9523644796968272,0.9200599058241321,0.3034867616973198,0.3998501549801989,0.2544869417794097,1.0,125,substitution_1pct_N_3pct,hybrid:ckmer5_count_l2+ckmer4_property_anchor_l2,400,737,0.3249406377204885,239.48125
1.0,0.9686357654863025,0.9561791899202104,0.24843069275933996,0.29604326913118767,0.2560533374293966,1.0,125,local_mismatch_6bp,ckmer4_count_l2,400,136,0.5223069852941177,71.03375
1.0,0.9966832857615625,0.9953925973742633,0.08076908561703544,0.09599374583185698,0.02727515821881403,1.0,125,local_mismatch_6bp,ckmer4_property_l2,400,147,0.55125,81.03375
1.0,0.9969014852622773,0.995648242229522,0.0780817098144632,0.09329262496144816,0.025782612647004405,1.0,125,local_mismatch_6bp,ckmer4_property_moment_l2,400,187,0.603903743315508,112.93
1.0,0.9969736599869898,0.9957687431638791,0.0771621665184228,0.09199192018046662,0.024983369903500367,1.0,125,local_mismatch_6bp,ckmer4_property_multiscale_mean_l2,400,222,0.6352871621621622,141.03375
1.0,0.9969733022010652,0.9957686033803148,0.07716825313487784,0.09199343871977597,0.02497871703403233,1.0,125,local_mismatch_6bp,ckmer4_property_multiscale_l2,400,297,0.6768813131313132,201.03375
1.0,0.9967798032181101,0.9954147073216177,0.07957014016275282,0.09576308733514018,0.02523395823790385,1.0,125,local_mismatch_6bp,ckmer4_property_anchor_l2,400,225,0.6398,143.955
1.0,0.942540144065821,0.9263289012184953,0.3370728052246676,0.3838517888004235,0.5016713816838569,1.0,125,local_mismatch_6bp,ckmer5_count_l2,400,512,0.19274658203125,98.68625
1.0,0.9944264785002317,0.9928706355394059,0.10495486589331118,0.11940991958524444,0.04939400892984798,1.0,125,local_mismatch_6bp,ckmer5_property_moment_l2,400,563,0.249702486678508,140.5825
1.0,0.9944982954390196,0.9929034180278102,0.10425638077982628,0.11913505935158221,0.0484825876332696,1.0,125,local_mismatch_6bp,ckmer5_property_multiscale_l2,400,673,0.3398012630014859,228.68625
1.0,0.9943047964560643,0.9926539713025576,0.106103284614653,0.12121076895449825,0.048747062378629163,1.0,125,local_mismatch_6bp,ckmer5_property_anchor_l2,400,601,0.28553660565723793,171.6075
1.0,0.9952027807269982,0.9933673614685474,0.09711186447160682,0.115174984310712,0.028067914464044445,1.0,125,local_mismatch_6bp,cspaced_property_l2,400,147,0.5628996598639455,82.74625
1.0,0.9696117149136918,0.9612240823856488,0.24512849549607932,0.27848122695334276,0.26614659442465577,1.0,125,local_mismatch_6bp,hybrid:ckmer5_count_l2+ckmer4_property_l2,400,659,0.27271623672230655,179.72
1.0,0.9697208146640491,0.961402635258761,0.24469693887725563,0.2778393501351921,0.26541737993412506,1.0,125,local_mismatch_6bp,hybrid:ckmer5_count_l2+ckmer4_property_moment_l2,400,699,0.30274141630901286,211.61625
1.0,0.9697567231334431,0.9614029432797552,0.24454450178098114,0.27783824396955836,0.26487925230912385,1.0,125,local_mismatch_6bp,hybrid:ckmer5_count_l2+ckmer4_property_multiscale_l2,400,809,0.37048207663782445,299.72
1.0,0.9696599736419654,0.9612315863327,0.24495475185617416,0.2784543535953715,0.2650373630204645,1.0,125,local_mismatch_6bp,hybrid:ckmer5_count_l2+ckmer4_property_anchor_l2,400,737,0.32922829036635004,242.64125
1.0,0.9880340112134135,0.9652674066567649,0.12718146891844131,0.26356231943898134,0.27097415090872873,1.0,125,short_indel,ckmer4_count_l2,400,136,0.5185477941176471,70.5225
1.0,0.9987388618576203,0.9962165838146847,0.04121300800118817,0.08698750997576919,0.028914314646866307,1.0,125,short_indel,ckmer4_property_l2,400,147,0.5477721088435374,80.5225
1.0,0.9988475729418238,0.9965806323265454,0.03943418422289083,0.0826965533043997,0.027346485109750546,1.0,125,short_indel,ckmer4_property_moment_l2,400,187,0.6010695187165775,112.4
1.0,0.9988539134813362,0.9965766502153599,0.039310601292033204,0.08274472418260105,0.026483365640964377,1.0,125,short_indel,ckmer4_property_multiscale_mean_l2,400,222,0.6329842342342342,140.5225
1.0,0.9988538332897092,0.9965760892732806,0.039312817697277305,0.08275150503292276,0.026479717649639762,1.0,125,short_indel,ckmer4_property_multiscale_l2,400,297,0.6751599326599327,200.5225
1.0,0.998782735521148,0.9963622018480179,0.04050801165112473,0.0852970112569287,0.02686075829534456,1.0,125,short_indel,ckmer4_property_anchor_l2,400,225,0.6375333333333333,143.445
1.0,0.973266086223449,0.9231935930948306,0.19100050912516964,0.3919342477315382,0.5248092196485652,1.0,125,short_indel,ckmer5_count_l2,400,512,0.19210693359375,98.35875
1.0,0.9974432655099215,0.9921850523183454,0.058977756547638635,0.12501957906290612,0.05172246146080978,1.0,125,short_indel,ckmer5_property_moment_l2,400,563,0.24908747779751333,140.23625
1.0,0.9974495258578067,0.9922106653889176,0.058896504837608485,0.12481453818198533,0.05076619342045482,1.0,125,short_indel,ckmer5_property_multiscale_l2,400,673,0.3393146359583952,228.35875
1.0,0.9973784280892457,0.9921066371532055,0.05972325082424266,0.12564523131199298,0.05112769106002448,1.0,125,short_indel,ckmer5_property_anchor_l2,400,601,0.28499376039933444,171.28125
1.0,0.9975211054913617,0.9931248920327743,0.05796618486753741,0.11725927427374508,0.03006520863230787,1.0,125,short_indel,cspaced_property_l2,400,147,0.5603571428571429,82.3725
1.0,0.9860024740405348,0.9592614065181923,0.13818816046068855,0.2854419762680851,0.278401401970171,1.0,125,short_indel,hybrid:ckmer5_count_l2+ckmer4_property_l2,400,659,0.2714434749620637,178.88125
1.0,0.9860568295826363,0.9594133951779833,0.13792562300097796,0.2849090712509203,0.2776724911640388,1.0,125,short_indel,hybrid:ckmer5_count_l2+ckmer4_property_moment_l2,400,699,0.30151466380543634,210.75875
1.0,0.986059959756579,0.9594293404102061,0.13790819709167645,0.2848530940075209,0.27707834371169243,1.0,125,short_indel,hybrid:ckmer5_count_l2+ckmer4_property_multiscale_l2,400,809,0.3694453028430161,298.88125
1.0,0.9860244108722986,0.9592597985722691,0.138092766924677,0.2854477100994171,0.27729271430281854,1.0,125,short_indel,hybrid:ckmer5_count_l2+ckmer4_property_anchor_l2,400,737,0.32809192672998644,241.80375
1.0,0.9187196750408395,0.8540874482556405,0.39292191734296245,0.5402081684103227,0.21052359442649546,1.0,125,substitution_5pct,ckmer4_count_l2,400,136,0.5229963235294117,71.1275
1.0,0.9914487883409524,0.9846938894609615,0.12734779632569923,0.17496345436257138,0.0224541317236185,1.0,125,substitution_5pct,ckmer4_property_l2,400,147,0.5518877551020408,81.1275
1.0,0.9921669001995232,0.9859584920385029,0.12191598709101463,0.16757984556124073,0.021430181514585967,1.0,125,substitution_5pct,ckmer4_property_moment_l2,400,187,0.6044385026737968,113.03
1.0,0.9922395763976369,0.9860334020745087,0.12133639105076202,0.16713226246406188,0.020624376773333716,1.0,125,substitution_5pct,ckmer4_property_multiscale_mean_l2,400,222,0.6357094594594594,141.1275
1.0,0.992239200350257,0.9860330032116691,0.1213407528172131,0.16713464925533136,0.02061823252291434,1.0,125,substitution_5pct,ckmer4_property_multiscale_l2,400,297,0.6771969696969697,201.1275
1.0,0.9919951038698749,0.985807742591844,0.12327887936907313,0.16847691834787978,0.020805125666457404,1.0,125,substitution_5pct,ckmer4_property_anchor_l2,400,225,0.6402722222222222,144.06125
1.0,0.8366639523415728,0.7188515430883625,0.5589615277376665,0.7498645831096954,0.40222848706993913,1.0,125,substitution_5pct,ckmer5_count_l2,400,512,0.1931591796875,98.8975
1.0,0.9843812019235577,0.9724192187050876,0.1726986468382404,0.234864889124524,0.039859102807842245,1.0,125,substitution_5pct,ckmer5_property_moment_l2,400,563,0.250088809946714,140.8
1.0,0.9844535020742913,0.9725982044715018,0.17229430785050695,0.23410155111026437,0.038949806676484525,1.0,125,substitution_5pct,ckmer5_property_multiscale_l2,400,673,0.3401151560178306,228.8975
1.0,0.9842094055939091,0.9722968096686747,0.17366416471817878,0.23538552313130814,0.039157714902123816,1.0,125,substitution_5pct,ckmer5_property_anchor_l2,400,601,0.28590890183028284,171.83125
1.0,0.9907122062235765,0.9833121994060195,0.13279573753597743,0.18268990064401028,0.02386936933273929,1.0,125,substitution_5pct,cspaced_property_l2,400,147,0.5625255102040816,82.69125
1.0,0.9140563703412627,0.8511927659338591,0.40542843794597927,0.5455405158389919,0.21396319685459672,1.0,125,substitution_5pct,hybrid:ckmer5_count_l2+ckmer4_property_l2,400,659,0.2731790591805766,180.025
1.0,0.9144154262705481,0.8519436078346083,0.40458554239482697,0.5441624605214073,0.21350357770174358,1.0,125,substitution_5pct,hybrid:ckmer5_count_l2+ckmer4_property_moment_l2,400,699,0.30318669527896996,211.9275
1.0,0.9144515763459148,0.8519483600543771,0.4044990390960713,0.5441537274471224,0.21293260153131682,1.0,125,substitution_5pct,hybrid:ckmer5_count_l2+ckmer4_property_multiscale_l2,400,809,0.37085908529048206,300.025
1.0,0.9143295281057238,0.851942768414354,0.4047953999348841,0.5441639973278212,0.21304705352290662,1.0,125,substitution_5pct,hybrid:ckmer5_count_l2+ckmer4_property_anchor_l2,400,737,0.3296590909090909,242.95875
1.0,0.9099846797655001,0.8691547503255284,0.4203381654948269,0.511556878629929,0.22983706652015265,1.0,125,N_10pct,ckmer4_count_l2,400,136,0.46034926470588233,62.6075
1.0,0.9780642564869381,0.9739932399713603,0.20918429059218732,0.2280647271098099,0.025505072064095424,1.0,125,N_10pct,ckmer4_property_l2,400,147,0.49732993197278913,73.1075
1.0,0.9761745368985237,0.9725575774157965,0.21805952250659077,0.2342751443212754,0.02410652888587845,1.0,125,N_10pct,ckmer4_property_moment_l2,400,187,0.5829478609625669,109.01125
1.0,0.9799024533924876,0.9762515333232707,0.2002372070085291,0.2179378964585403,0.02334552634728764,1.0,125,N_10pct,ckmer4_property_multiscale_mean_l2,400,222,0.6317060810810811,140.23875
1.0,0.9779844735829574,0.9742397702767256,0.20962183101555495,0.22698118678379373,0.02331794374875877,1.0,125,N_10pct,ckmer4_property_multiscale_l2,400,297,0.6982154882154882,207.37
1.0,0.97862007071698,0.9750398870280534,0.20654055308388217,0.22342834614320742,0.02350718088530499,1.0,125,N_10pct,ckmer4_property_anchor_l2,400,225,0.6365888888888889,143.2325
1.0,0.8252362636183966,0.7706325326755199,0.5877153261735589,0.6772997373730705,0.4192315327533933,1.0,125,N_10pct,ckmer5_count_l2,400,512,0.1575830078125,80.6825
1.0,0.9679394047836957,0.9620425743966446,0.2528410950924179,0.27552649226288317,0.04312991826319256,1.0,125,N_10pct,ckmer5_property_moment_l2,400,563,0.2257304618117229,127.08625
1.0,0.9697493414681293,0.9641887017182077,0.24559151507735286,0.2676239832221671,0.04224578035530875,1.0,125,N_10pct,ckmer5_property_multiscale_l2,400,673,0.3349851411589896,225.445
1.0,0.9703849386021521,0.9646940998465022,0.2429650014305875,0.265728749775819,0.042461741064320054,1.0,125,N_10pct,ckmer5_property_anchor_l2,400,601,0.26839850249584024,161.3075
1.0,0.9771608189440107,0.973711382037094,0.21347985680678735,0.2292972616494716,0.02727588522742803,1.0,125,N_10pct,cspaced_property_l2,400,147,0.5068962585034014,74.51375
1.0,0.9016502600526674,0.8724209453095256,0.4412563624323026,0.5051317213276307,0.22435188691774605,1.0,125,N_10pct,hybrid:ckmer5_count_l2+ckmer4_property_l2,400,659,0.23336874051593323,153.79
1.0,0.9007054002584601,0.8719540459909451,0.4434489680212019,0.5060552217950266,0.22364995392513307,1.0,125,N_10pct,hybrid:ckmer5_count_l2+ckmer4_property_moment_l2,400,699,0.2713787553648069,189.69375
1.0,0.901610368600677,0.8726267925004638,0.44137692295915365,0.5047240610056754,0.22315596851786637,1.0,125,N_10pct,hybrid:ckmer5_count_l2+ckmer4_property_multiscale_l2,400,809,0.3560599505562423,288.0525
1.0,0.9019281671676883,0.872808204151776,0.4406411711394345,0.504364532842373,0.22324500184365006,1.0,125,N_10pct,hybrid:ckmer5_count_l2+ckmer4_property_anchor_l2,400,737,0.30381953867028494,223.915
0.995,0.8333549261452585,0.740523771823648,0.5698686504238053,0.7203835425438924,0.1638096572109767,0.995,125,substitution_5pct_N_10pct,ckmer4_count_l2,400,136,0.4629871323529412,62.96625
0.9975,0.9697005580869346,0.9599228170429261,0.24519507324535372,0.28311542772160014,0.01826837968732139,0.9975,125,substitution_5pct_N_10pct,ckmer4_property_l2,400,147,0.4997704081632653,73.46625
1.0,0.9685620615116991,0.9597282359595843,0.24997664483228835,0.2838018343576285,0.017484210348187746,1.0,125,substitution_5pct_N_10pct,ckmer4_property_moment_l2,400,187,0.584879679144385,109.3725
0.9975,0.9723287747519314,0.9636029577489333,0.23434816542034845,0.26980377371368125,0.016786116889404356,0.9975,125,substitution_5pct_N_10pct,ckmer4_property_multiscale_mean_l2,400,222,0.633277027027027,140.5875
0.9975,0.9704076913330957,0.9616189690145515,0.24246481392090538,0.2770596425645826,0.016750202582915607,0.9975,125,substitution_5pct_N_10pct,ckmer4_property_multiscale_l2,400,297,0.6993560606060606,207.70875
1.0,0.970970123759109,0.9621690206834185,0.24011826213140577,0.27506712425743507,0.016885138590629133,1.0,125,substitution_5pct_N_10pct,ckmer4_property_anchor_l2,400,225,0.6383888888888889,143.6375
1.0,0.69136700204646,0.558583466669736,0.7790184768656252,0.9395919666697868,0.29724189619579344,1.0,125,substitution_5pct_N_10pct,ckmer5_count_l2,400,512,0.15822021484375,81.00875
0.9975,0.954770104092143,0.941791762627089,0.2996617596841576,0.34119857098494694,0.031171377988494422,0.9975,125,substitution_5pct_N_10pct,ckmer5_property_moment_l2,400,563,0.22631438721136768,127.415
0.9975,0.9566157339135393,0.9437545465148021,0.2934135692706372,0.33539644958079406,0.030398392969379507,0.9975,125,substitution_5pct_N_10pct,ckmer5_property_multiscale_l2,400,673,0.3354401931649331,225.75125
0.9975,0.9571781663395527,0.9438263632132385,0.291474899828221,0.3351824362338085,0.030499959527723636,0.9975,125,substitution_5pct_N_10pct,ckmer5_property_anchor_l2,400,601,0.269018302828619,161.68
0.9975,0.9685162739425739,0.9588076761118031,0.2500574806216308,0.2870272290852083,0.019244236562334677,0.9975,125,substitution_5pct_N_10pct,cspaced_property_l2,400,147,0.5087670068027211,74.78875
1.0,0.8305337800666973,0.7590390927007963,0.5775984491895714,0.6942058873326405,0.16016653335056616,1.0,125,substitution_5pct_N_10pct,hybrid:ckmer5_count_l2+ckmer4_property_l2,400,659,0.23440819423368742,154.475
1.0,0.8299645317790797,0.7592661907050614,0.5786608493056881,0.6938786715536633,0.1597757967050672,1.0,125,substitution_5pct_N_10pct,hybrid:ckmer5_count_l2+ckmer4_property_moment_l2,400,699,0.2723623032904149,190.38125
1.0,0.8308873466897779,0.7599246677973649,0.5770336911789894,0.6929290471336872,0.15928021424533786,1.0,125,substitution_5pct_N_10pct,hybrid:ckmer5_count_l2+ckmer4_property_multiscale_l2,400,809,0.3568819530284302,288.7175
1.0,0.8311685629027843,0.7600363229665029,0.5765388323165284,0.6927678857716332,0.15932196507430457,1.0,125,substitution_5pct_N_10pct,hybrid:ckmer5_count_l2+ckmer4_property_anchor_l2,400,737,0.304811736770692,224.64625
1.0,0.9462980342085084,0.9255503491046365,0.3251860923375432,0.38587472040730975,0.23655709542111983,1.0,125,local_mismatch_12bp,ckmer4_count_l2,400,136,0.5249264705882353,71.39
1.0,0.9943048930785736,0.991903994906891,0.10587580861821784,0.1272478294044258,0.025151490143494007,1.0,125,local_mismatch_12bp,ckmer4_property_l2,400,147,0.5536734693877551,81.39
1.0,0.9946519950798812,0.9925589602507434,0.10264998680438392,0.12199212868716533,0.02383256398778446,1.0,125,local_mismatch_12bp,ckmer4_property_moment_l2,400,187,0.6058155080213904,113.2875
1.0,0.9947939358818811,0.9926743840147049,0.1012495496080425,0.1210422673257805,0.02305002402695024,1.0,125,local_mismatch_12bp,ckmer4_property_multiscale_mean_l2,400,222,0.6368918918918919,141.39
1.0,0.9947942075545815,0.9926748398252286,0.10124913841212745,0.12103850280175285,0.02304468408625084,1.0,125,local_mismatch_12bp,ckmer4_property_multiscale_l2,400,297,0.6780808080808081,201.39
1.0,0.9945495617919684,0.9925385750068302,0.10363296016508812,0.12215911724781492,0.02323728523962625,1.0,125,local_mismatch_12bp,ckmer4_property_anchor_l2,400,225,0.6413722222222222,144.30875
1.0,0.9059507667333605,0.8799811348978568,0.43153721553254054,0.4899363363667255,0.4713659592761427,1.0,125,local_mismatch_12bp,ckmer5_count_l2,400,512,0.19332763671875,98.98375
1.0,0.9908309041218889,0.9882150154493248,0.13473120313098833,0.1535251415673901,0.04633090512894831,1.0,125,local_mismatch_12bp,ckmer5_property_moment_l2,400,563,0.2502331261101243,140.88125
1.0,0.9909731165965894,0.988335146594427,0.13364997534104328,0.15274063808944197,0.04547411423878435,1.0,125,local_mismatch_12bp,ckmer5_property_multiscale_l2,400,673,0.3402433135215453,228.98375
1.0,0.9907284708339763,0.9881483662082985,0.13548231858285883,0.15395865424669866,0.0456891529545961,1.0,125,local_mismatch_12bp,ckmer5_property_anchor_l2,400,601,0.28602745424292847,171.9025
1.0,0.9926218275928117,0.9896806064894604,0.12048135258220556,0.1436620381080966,0.02588006478120678,1.0,125,local_mismatch_12bp,cspaced_property_l2,400,147,0.5647023809523809,83.01125
1.0,0.9501278299059672,0.9362752112473203,0.31423541789302967,0.35700062718146497,0.2500191273467303,1.0,125,local_mismatch_12bp,hybrid:ckmer5_count_l2+ckmer4_property_l2,400,659,0.27370827010622156,180.37375
1.0,0.9503013809066208,0.9365979476244,0.313705132194412,0.35609546481976806,0.24934930586323778,1.0,125,local_mismatch_12bp,hybrid:ckmer5_count_l2+ckmer4_property_moment_l2,400,699,0.30367846924177394,212.27125
1.0,0.9503724871439709,0.9366198126134524,0.313467822094882,0.3560340554775804,0.24884123439780587,1.0,125,local_mismatch_12bp,hybrid:ckmer5_count_l2+ckmer4_property_multiscale_l2,400,809,0.37129017305315204,300.37375
1.0,0.9502501642626645,0.9365635505758756,0.31387059071793505,0.35619207459778296,0.24896859605499144,1.0,125,local_mismatch_12bp,hybrid:ckmer5_count_l2+ckmer4_property_anchor_l2,400,737,0.3301119402985075,243.2925
1.0,0.9841725395457399,0.9598406806136954,0.1520442073298857,0.2834053602711588,0.24204366434329302,1.0,150,substitution_1pct,ckmer4_count_l2,400,136,0.5777389705882353,78.5725
1.0,0.9983596902832658,0.9957402042479385,0.04893755787672431,0.0923016311928142,0.025450865150950713,1.0,150,substitution_1pct,ckmer4_property_l2,400,147,0.6025340136054422,88.5725
1.0,0.9984969212698473,0.9961321553695749,0.046859032767113715,0.08795276580531396,0.02406469727479835,1.0,150,substitution_1pct,ckmer4_property_moment_l2,400,187,0.6430949197860962,120.25875
1.0,0.9985099127550708,0.996140688329401,0.046648048755517486,0.08785569534203524,0.023331793800037862,1.0,150,substitution_1pct,ckmer4_property_multiscale_mean_l2,400,222,0.6692454954954955,148.5725
1.0,0.9985098765652287,0.9961408909516738,0.0466490302319632,0.08785338891172739,0.02332873642359687,1.0,150,substitution_1pct,ckmer4_property_multiscale_l2,400,297,0.7022643097643098,208.5725
1.0,0.9984308745572984,0.9960497475016907,0.04794511198923563,0.0888847425354538,0.023705917758857144,1.0,150,substitution_1pct,ckmer4_property_anchor_l2,400,225,0.6735777777777778,151.555
1.0,0.9658015932466302,0.9187560966831188,0.22426204661453134,0.4030975101628569,0.49858450585417047,1.0,150,substitution_1pct,ckmer5_count_l2,400,512,0.2247119140625,115.0525
1.0,0.9967736602394562,0.9921052250123603,0.06885308425844226,0.12565647591883902,0.048280117955097575,1.0,150,substitution_1pct,ckmer5_property_moment_l2,400,563,0.2783992007104796,156.73875
1.0,0.9967866155348375,0.99211260703617,0.06870906408169795,0.12559771384680574,0.04753576405033538,1.0,150,substitution_1pct,ckmer5_property_multiscale_l2,400,673,0.36411961367013373,245.0525
1.0,0.9967076135269073,0.9920348568894722,0.06962323943876769,0.1262149331254799,0.04790912329818142,1.0,150,substitution_1pct,ckmer5_property_anchor_l2,400,601,0.3128702163061564,188.035
1.0,0.9982336637452073,0.9955594589235612,0.05076069426131271,0.09423914628050069,0.027366171747010854,1.0,150,substitution_1pct,cspaced_property_l2,400,147,0.6166666666666667,90.65
1.0,0.9820806417649479,0.957084668636489,0.16232846592712824,0.29296870570733435,0.2635539055054664,1.0,150,substitution_1pct,hybrid:ckmer5_count_l2+ckmer4_property_l2,400,659,0.3089908952959029,203.625
1.0,0.9821492572582389,0.9573060055144612,0.16201978321784324,0.2922122295084377,0.26286336748223743,1.0,150,substitution_1pct,hybrid:ckmer5_count_l2+ckmer4_property_moment_l2,400,699,0.3366398426323319,235.31125
1.0,0.9821557349059294,0.9573077628914552,0.16198885659165213,0.2922062161522254,0.26238783125248166,1.0,150,substitution_1pct,hybrid:ckmer5_count_l2+ckmer4_property_multiscale_l2,400,809,0.40003090234857847,323.625
1.0,0.9821162339019642,0.9572549405237276,0.16219410726454825,0.2923869294512421,0.2625999659325218,1.0,150,substitution_1pct,hybrid:ckmer5_count_l2+ckmer4_property_anchor_l2,400,737,0.361746947082768,266.6075
1.0,0.9793547516544979,0.9702844781353681,0.201368923652847,0.2437847587156561,0.24622004976191236,1.0,150,N_3pct,ckmer4_count_l2,400,136,0.5601838235294118,76.185
1.0,0.9964063912621981,0.9955452742474544,0.08456860689916641,0.09438989088110705,0.026184154849697827,1.0,150,N_3pct,ckmer4_property_l2,400,147,0.5896938775510204,86.685
1.0,0.9947814335026282,0.992876513125515,0.1017468532011566,0.11936068741181478,0.024679359155538122,1.0,150,N_3pct,ckmer4_property_moment_l2,400,187,0.6534024064171123,122.18625
1.0,0.996701686798714,0.9959387444234876,0.08102365975102038,0.0901249747178475,0.023981401610528322,1.0,150,N_3pct,ckmer4_property_multiscale_mean_l2,400,222,0.6837162162162163,151.785
1.0,0.996336624915952,0.9955878857344846,0.08543595427624398,0.09393728735135465,0.023975401456294336,1.0,150,N_3pct,ckmer4_property_multiscale_l2,400,297,0.7302525252525253,216.885
1.0,0.9962712050420592,0.9953936083363045,0.08612047354858769,0.09598324503469154,0.024250570320081346,1.0,150,N_3pct,ckmer4_property_anchor_l2,400,225,0.6930666666666667,155.94
1.0,0.9551474896424853,0.9403794475171207,0.29755090613133567,0.34531301160575983,0.4970973048881866,1.0,150,N_3pct,ckmer5_count_l2,400,512,0.21241455078125,108.75625
1.0,0.9925073307296813,0.990248005340976,0.12199699838520439,0.13965667151292346,0.04871090474868044,1.0,150,N_3pct,ckmer5_property_moment_l2,400,563,0.27488010657193607,154.7575
1.0,0.9940625221430053,0.9928051522413278,0.10866555639317343,0.11995705206064372,0.04796727606445146,1.0,150,N_3pct,ckmer5_property_multiscale_l2,400,673,0.37066307578008917,249.45625
1.0,0.9939971022691125,0.9926951610792244,0.10922868275190611,0.120870499719328,0.04825570513551127,1.0,150,N_3pct,ckmer5_property_anchor_l2,400,601,0.3136626455906822,188.51125
1.0,0.9962191740626642,0.9953787785574841,0.08675658690168732,0.09613762196045197,0.02796143113487797,1.0,150,N_3pct,cspaced_property_l2,400,147,0.6030697278911564,88.65125
1.0,0.9757769404523415,0.9680341833702827,0.21877560129894555,0.25284697725135863,0.2633091653799964,1.0,150,N_3pct,hybrid:ckmer5_count_l2+ckmer4_property_l2,400,659,0.2965724582701062,195.44125
1.0,0.9749644615725566,0.9672878414274785,0.22253076098493602,0.2557817650731614,0.26257670201862693,1.0,150,N_3pct,hybrid:ckmer5_count_l2+ckmer4_property_moment_l2,400,699,0.3303898426323319,230.9425
1.0,0.9757420572792186,0.9680527064209484,0.2189527856242894,0.25277371751516464,0.2621017526747661,1.0,150,N_3pct,hybrid:ckmer5_count_l2+ckmer4_property_multiscale_l2,400,809,0.40252317676143384,325.64125
1.0,0.9757093473422722,0.9681128007483921,0.2190989461419046,0.2525357292559763,0.2622662074594777,1.0,150,N_3pct,hybrid:ckmer5_count_l2+ckmer4_property_anchor_l2,400,737,0.3591536635006784,264.69625
1.0,0.9638666877617433,0.932206446916595,0.2620430744080763,0.36822154451658373,0.23306506577523167,1.0,150,substitution_1pct_N_3pct,ckmer4_count_l2,400,136,0.5612408088235294,76.32875
1.0,0.9947721604083563,0.9918293432891272,0.10099706903211089,0.1278330563514398,0.02476025739565195,1.0,150,substitution_1pct_N_3pct,ckmer4_property_l2,400,147,0.590671768707483,86.82875
1.0,0.9932719251616189,0.9900494408617335,0.1150824771191314,0.1410712203796062,0.0233727151018958,1.0,150,substitution_1pct_N_3pct,ckmer4_property_moment_l2,400,187,0.6543917112299465,122.37125
1.0,0.9952163393102069,0.992490974294453,0.0966345973244934,0.12254811074659586,0.022695129402588256,1.0,150,substitution_1pct_N_3pct,ckmer4_property_multiscale_mean_l2,400,222,0.6843018018018018,151.915
1.0,0.9948495048428017,0.9921541161889162,0.10044707477666591,0.12526675317593913,0.022689567001316233,1.0,150,substitution_1pct_N_3pct,ckmer4_property_multiscale_l2,400,297,0.7306439393939393,217.00125
1.0,0.9947441761581345,0.991963624798864,0.1014069311554858,0.1267782569823402,0.02290725494858023,1.0,150,substitution_1pct_N_3pct,ckmer4_property_anchor_l2,400,225,0.6935388888888889,156.04625
1.0,0.9233059455079125,0.8618916545410892,0.3833549812084709,0.5255631931822082,0.46912069746720775,1.0,150,substitution_1pct_N_3pct,ckmer5_count_l2,400,512,0.212705078125,108.905
1.0,0.9894531848730048,0.9841623102003352,0.14371419737175456,0.17797553246806316,0.04608343202197425,1.0,150,substitution_1pct_N_3pct,ckmer5_property_moment_l2,400,563,0.2752175843694494,154.9475
1.0,0.9910307645541876,0.9856077363682652,0.13213968561545048,0.169660031303295,0.045307957698401596,1.0,150,substitution_1pct_N_3pct,ckmer5_property_multiscale_l2,400,673,0.37084323922734025,249.5775
1.0,0.9909254358695204,0.9855302855716992,0.1328794815823857,0.1701158700223694,0.04553833726491156,1.0,150,substitution_1pct_N_3pct,ckmer5_property_anchor_l2,400,601,0.3138477537437604,188.6225
1.0,0.9944389366428732,0.9906932075428475,0.1040459766612998,0.13643158090712468,0.02645552790005155,1.0,150,substitution_1pct_N_3pct,cspaced_property_l2,400,147,0.6042942176870748,88.83125
1.0,0.9590390529581343,0.9268728183899252,0.28038303624265987,0.3824321577403095,0.24846408138977055,1.0,150,substitution_1pct_N_3pct,hybrid:ckmer5_count_l2+ckmer4_property_l2,400,659,0.2970163125948407,195.73375
1.0,0.9582889353347656,0.9264921516824127,0.2832389375414882,0.38342625968777294,0.2478289735854413,1.0,150,substitution_1pct_N_3pct,hybrid:ckmer5_count_l2+ckmer4_property_moment_l2,400,699,0.3308673104434907,231.27625
1.0,0.959077725175357,0.9270652012274391,0.2802994570093369,0.3819287684806494,0.24733982425844972,1.0,150,substitution_1pct_N_3pct,hybrid:ckmer5_count_l2+ckmer4_property_multiscale_l2,400,809,0.40285074165636586,325.90625
1.0,0.9590250608330234,0.9268731373140066,0.2804802252032779,0.38243126406818473,0.24747409127103384,1.0,150,substitution_1pct_N_3pct,hybrid:ckmer5_count_l2+ckmer4_property_anchor_l2,400,737,0.3594996607869742,264.95125
1.0,0.9766539349551212,0.9686687487281709,0.21437751787501622,0.25032479082694264,0.23836753152969214,1.0,150,local_mismatch_6bp,ckmer4_count_l2,400,136,0.5802941176470588,78.92
1.0,0.9975717633321182,0.996704519863118,0.06913248488736984,0.0811846735421544,0.025036792505611024,1.0,150,local_mismatch_6bp,ckmer4_property_l2,400,147,0.6048979591836735,88.92
1.0,0.9977356544710889,0.9969227467231399,0.06678483194630536,0.07845066227260429,0.023578417882511582,1.0,150,local_mismatch_6bp,ckmer4_property_moment_l2,400,187,0.645086898395722,120.63125
1.0,0.9977834468635802,0.9969869466519732,0.06605973401770183,0.07762799621066273,0.022937177654008753,1.0,150,local_mismatch_6bp,ckmer4_property_multiscale_mean_l2,400,222,0.6708108108108108,148.92
1.0,0.9977833343856333,0.9969804022535244,0.06606230301614302,0.07771225801688994,0.022933105657440618,1.0,150,local_mismatch_6bp,ckmer4_property_multiscale_l2,400,297,0.7034343434343434,208.92
1.0,0.9976499718175009,0.9967541789024342,0.0680457996467333,0.08057072665352293,0.02322839262106059,1.0,150,local_mismatch_6bp,ckmer4_property_anchor_l2,400,225,0.6751333333333334,151.905
1.0,0.9547356431809003,0.9424212936563157,0.29901901709350126,0.3393485121337211,0.49002266057477734,1.0,150,local_mismatch_6bp,ckmer5_count_l2,400,512,0.225478515625,115.445
1.0,0.9956855036289699,0.9944241003536418,0.0923114812686994,0.10560207968523376,0.047515077071722145,1.0,150,local_mismatch_6bp,ckmer5_property_moment_l2,400,563,0.27914076376554176,157.15625
1.0,0.995733183543514,0.9944521083448344,0.09178190861331875,0.10533652163686123,0.046766772192760285,1.0,150,local_mismatch_6bp,ckmer5_property_multiscale_l2,400,673,0.36470282317979197,245.445
1.0,0.9955998209753818,0.9943476835778823,0.0932452795635762,0.10632322133368108,0.04711245815460924,1.0,150,local_mismatch_6bp,ckmer5_property_anchor_l2,400,601,0.31352745424292844,188.43
1.0,0.9964071053610106,0.9950906558108222,0.08404804407811312,0.09908928553642307,0.025787823140437628,1.0,150,local_mismatch_6bp,cspaced_property_l2,400,147,0.6178401360544218,90.8225
1.0,0.9761537032565093,0.9697038076654467,0.217039448561899,0.24615517860798064,0.25903906048222985,1.0,150,local_mismatch_6bp,hybrid:ckmer5_count_l2+ckmer4_property_l2,400,659,0.310113808801214,204.365
1.0,0.9762356488259947,0.9698250926893419,0.21667239580545633,0.2456619800431217,0.25834112989737135,1.0,150,local_mismatch_6bp,hybrid:ckmer5_count_l2+ckmer4_property_moment_l2,400,699,0.3377342632331903,236.07625
1.0,0.9762594887832668,0.9698377945015184,0.21655807240230032,0.2456102702388773,0.25789012073794276,1.0,150,local_mismatch_6bp,hybrid:ckmer5_count_l2+ckmer4_property_multiscale_l2,400,809,0.40094561186650185,324.365
1.0,0.9761928074992007,0.9697963943965884,0.2168795716605735,0.2457787819699791,0.25807492253865943,1.0,150,local_mismatch_6bp,hybrid:ckmer5_count_l2+ckmer4_property_anchor_l2,400,737,0.36275440976933515,267.35
1.0,0.9891825033502641,0.971132039969738,0.12298898309770591,0.24028293914408003,0.24749999448938195,1.0,150,short_indel,ckmer4_count_l2,400,136,0.5771323529411765,78.49
1.0,0.998884393656256,0.9970865802477509,0.0394993690461061,0.0763328696163969,0.02605419383060152,1.0,150,short_indel,ckmer4_property_l2,400,147,0.6019727891156462,88.49
1.0,0.998979531915188,0.9973279495205353,0.037801797336607885,0.07310246920936603,0.024628198232780132,1.0,150,short_indel,ckmer4_property_moment_l2,400,187,0.6431016042780748,120.26
1.0,0.9989841711688097,0.9973240062226235,0.03771030046826707,0.07315658531624311,0.02387806423857895,1.0,150,short_indel,ckmer4_property_multiscale_mean_l2,400,222,0.6688738738738739,148.49
1.0,0.9989841985738802,0.9973236706988412,0.037711300655671215,0.07316120284618526,0.023874218070302645,1.0,150,short_indel,ckmer4_property_multiscale_l2,400,297,0.7019865319865319,208.49
1.0,0.9989290925917669,0.9971220402329458,0.038654321411967986,0.07586777238740286,0.024259496117189482,1.0,150,short_indel,ckmer4_property_anchor_l2,400,225,0.6731444444444444,151.4575
1.0,0.9748400344557708,0.9355914312002617,0.1884471682474368,0.3589110290622879,0.5061420224619819,1.0,150,short_indel,ckmer5_count_l2,400,512,0.2244140625,114.9
1.0,0.9976422873621261,0.99397646084973,0.05769784806292245,0.1097591796022057,0.04906852729055377,1.0,150,short_indel,ckmer5_property_moment_l2,400,563,0.27827708703374776,156.67
1.0,0.9976469540208186,0.9939935403140467,0.05763857403000268,0.10960346170023243,0.048282877307886905,1.0,150,short_indel,ckmer5_property_multiscale_l2,400,673,0.3638930163447251,244.9
1.0,0.9975918480387049,0.99378087157406,0.05828904262344754,0.11152685504367461,0.04870163503479559,1.0,150,short_indel,ckmer5_property_anchor_l2,400,601,0.31259151414309483,187.8675
1.0,0.9978102985139792,0.9944148621893992,0.05556165682490484,0.10568932665481075,0.02697629512903261,1.0,150,short_indel,cspaced_property_l2,400,147,0.6164370748299319,90.61625
1.0,0.9868622140560135,0.9661868606391104,0.13616635555252585,0.2600503204096044,0.26764523175264593,1.0,150,short_indel,hybrid:ckmer5_count_l2+ckmer4_property_l2,400,659,0.3086342943854325,203.39
1.0,0.9869097831854794,0.9663294373080777,0.1359233470572266,0.2595014792139588,0.26694543172263935,1.0,150,short_indel,hybrid:ckmer5_count_l2+ckmer4_property_moment_l2,400,699,0.33642346208869817,235.16
1.0,0.9869121165148255,0.966340179374065,0.1359110647286235,0.25946006749325035,0.26645757654493113,1.0,150,short_indel,hybrid:ckmer5_count_l2+ckmer4_property_multiscale_l2,400,809,0.3997404202719407,323.39
1.0,0.9868845635237691,0.9661709171690771,0.13605571234756964,0.26011167419126857,0.2666796531795772,1.0,150,short_indel,hybrid:ckmer5_count_l2+ckmer4_property_anchor_l2,400,737,0.3614077340569878,266.3575
1.0,0.9278825571267469,0.8765299803847731,0.3715457026404468,0.4969306073000923,0.19322335828804404,1.0,150,substitution_5pct,ckmer4_count_l2,400,136,0.5833455882352941,79.335
1.0,0.9925454035399258,0.9874371140051361,0.11946220248414648,0.15851063333173154,0.020326829589631838,1.0,150,substitution_5pct,ckmer4_property_l2,400,147,0.6077210884353742,89.335
1.0,0.9931717014631721,0.988507628215876,0.11436153063581284,0.151607107897757,0.019363077973359,1.0,150,substitution_5pct,ckmer4_property_moment_l2,400,187,0.6473596256684492,121.05625
1.0,0.9932249570491041,0.9886026989040992,0.1138967658459242,0.15097847865851802,0.018663680570544895,1.0,150,substitution_5pct,ckmer4_property_multiscale_mean_l2,400,222,0.6726801801801802,149.335
1.0,0.9932245457017637,0.9886028709177962,0.11390203443542149,0.15097734275363242,0.018658031446668236,1.0,150,substitution_5pct,ckmer4_property_multiscale_l2,400,297,0.7048316498316498,209.335
1.0,0.9930011301706904,0.9882027827584975,0.11583744047155121,0.1536047706013895,0.018884394369966185,1.0,150,substitution_5pct,ckmer4_property_anchor_l2,400,225,0.6769444444444445,152.3125
1.0,0.8480271776387047,0.7510092961653876,0.5412677082498192,0.7056777367845223,0.39122165960494376,1.0,150,substitution_5pct,ckmer5_count_l2,400,512,0.2263525390625,115.8925
1.0,0.9857089818229403,0.9763409737497039,0.16596346173422574,0.21752712426516937,0.03813079212321898,1.0,150,substitution_5pct,ckmer5_property_moment_l2,400,563,0.2799533747779751,157.61375
1.0,0.9857618260615318,0.9763966551813573,0.1656499323703586,0.2172710050303869,0.03741130756682279,1.0,150,substitution_5pct,ckmer5_property_multiscale_l2,400,673,0.36536775631500745,245.8925
1.0,0.9855384105304584,0.9763240327989788,0.16698988121371683,0.21760496415535988,0.037660755378938184,1.0,150,substitution_5pct,ckmer5_property_anchor_l2,400,601,0.3142595673876872,188.87
1.0,0.9921832241654776,0.9868962213492536,0.12250756958725358,0.16188748296112007,0.021573692454783293,1.0,150,substitution_5pct,cspaced_property_l2,400,147,0.6189965986394558,90.9925
1.0,0.9202862905893153,0.869391868297338,0.39198912761841426,0.5110930552624993,0.2073056607470871,1.0,150,substitution_5pct,hybrid:ckmer5_count_l2+ckmer4_property_l2,400,659,0.3114226100151745,205.2275
1.0,0.9205994395509385,0.8698698544466488,0.3912223971793448,0.5101570350483361,0.20681671998579002,1.0,150,substitution_5pct,hybrid:ckmer5_count_l2+ckmer4_property_moment_l2,400,699,0.3389824749642346,236.94875
1.0,0.9206258616702343,0.8698839817085621,0.39115523891571335,0.5101293487848566,0.2063695890131601,1.0,150,substitution_5pct,hybrid:ckmer5_count_l2+ckmer4_property_multiscale_l2,400,809,0.40201174289245983,325.2275
1.0,0.9205141539046976,0.8697488657266789,0.3914443528253785,0.510394128130851,0.20651374712497578,1.0,150,substitution_5pct,hybrid:ckmer5_count_l2+ckmer4_property_anchor_l2,400,737,0.3639145183175034,268.205
1.0,0.913984843966678,0.8814213752035547,0.41122605798665146,0.48698793373518684,0.21132066954427997,1.0,150,N_10pct,ckmer4_count_l2,400,136,0.5138602941176471,69.885
1.0,0.9781391758972136,0.9745279349828627,0.20886129373887674,0.22570804070621112,0.0230141077907904,1.0,150,N_10pct,ckmer4_property_l2,400,147,0.5468367346938775,80.385
1.0,0.9762887629329381,0.9728062205215338,0.21757775079547956,0.2332114039266237,0.021659879406302388,1.0,150,N_10pct,ckmer4_property_moment_l2,400,187,0.6202272727272727,115.9825
1.0,0.9799690830352862,0.9767465232490894,0.1999316705498766,0.21565470014245594,0.021064199949579955,1.0,150,N_10pct,ckmer4_property_multiscale_mean_l2,400,222,0.6654335585585586,147.72625
1.0,0.9779739296651223,0.9746417020942958,0.20970135720671465,0.2252034481992694,0.021027706603641436,1.0,150,N_10pct,ckmer4_property_multiscale_l2,400,297,0.7241329966329967,215.0675
1.0,0.9787723943600832,0.9755710270558761,0.20582764765571476,0.22103833223960778,0.021252909436816365,1.0,150,N_10pct,ckmer4_property_anchor_l2,400,225,0.66985,150.71625
1.0,0.8270078215949774,0.7752364552753596,0.5851045404176901,0.6704676543708596,0.40626476090508035,1.0,150,N_10pct,ckmer5_count_l2,400,512,0.18383056640625,94.12125
1.0,0.9679452110379034,0.9630792591332776,0.25288853043850235,0.27173788605521654,0.04118808427372422,1.0,150,N_10pct,ckmer5_property_moment_l2,400,563,0.24905639431616342,140.21875
1.0,0.9696303777700876,0.9648221867053886,0.24613375411947558,0.26524635001871455,0.040546804216727544,1.0,150,N_10pct,ckmer5_property_multiscale_l2,400,673,0.35557763744427934,239.30375
1.0,0.9704288424650486,0.965174088058668,0.24284438162584437,0.26391631221418604,0.04078463296559006,1.0,150,N_10pct,ckmer5_property_anchor_l2,400,601,0.29110232945091513,174.9525
1.0,0.9775424493164018,0.9734664338324481,0.21169001567524087,0.23036304030263882,0.024576959393491728,1.0,150,N_10pct,cspaced_property_l2,400,147,0.5584353741496598,82.09
1.0,0.9025734987460956,0.874778648728262,0.4394380865978958,0.5004425008702772,0.21675319137723828,1.0,150,N_10pct,hybrid:ckmer5_count_l2+ckmer4_property_l2,400,659,0.2648046282245827,174.50625
1.0,0.9016482922639578,0.8740149216541452,0.44159418552818364,0.5019662764442463,0.21608942131937497,1.0,150,N_10pct,hybrid:ckmer5_count_l2+ckmer4_property_moment_l2,400,699,0.30057761087267526,210.10375
1.0,0.9024908756300499,0.8748699639526818,0.4396546450804141,0.5002599985401636,0.2156496212821359,1.0,150,N_10pct,hybrid:ckmer5_count_l2+ckmer4_property_multiscale_l2,400,809,0.3821863411619283,309.18875
1.0,0.9028901079775303,0.8752369111954054,0.4387294532600838,0.4995259340741064,0.21576747901597812,1.0,150,N_10pct,hybrid:ckmer5_count_l2+ckmer4_property_anchor_l2,400,737,0.33220827679782905,244.8375
0.9975,0.8436266554168289,0.773748080170244,0.5540781754872526,0.6726840239224209,0.1477150234061902,0.9975,150,substitution_5pct_N_10pct,ckmer4_count_l2,400,136,0.5182536764705883,70.4825
0.995,0.9705576459336877,0.9633205941748361,0.24203866630135196,0.27084831197618675,0.016175779560799946,0.995,150,substitution_5pct_N_10pct,ckmer4_property_l2,400,147,0.5509013605442177,80.9825
0.995,0.9693529123606172,0.9628834723953338,0.24706847478504065,0.2724574184516297,0.015452739726850094,0.995,150,substitution_5pct_N_10pct,ckmer4_property_moment_l2,400,187,0.6235762032085561,116.60875
0.995,0.9730879015110651,0.9666988460356963,0.23141100881830418,0.25807422125718604,0.014866448237784052,0.995,150,substitution_5pct_N_10pct,ckmer4_property_multiscale_mean_l2,400,222,0.6679842342342343,148.2925
0.995,0.9710869259045293,0.9645732225728534,0.2399476221244434,0.266183195193511,0.014828149606070786,0.995,150,substitution_5pct_N_10pct,ckmer4_property_multiscale_l2,400,297,0.7259343434343435,215.6025
0.995,0.971723708279907,0.9649965311784257,0.23723687471778773,0.2645882357215774,0.014962599203917936,0.995,150,substitution_5pct_N_10pct,ckmer4_property_anchor_l2,400,225,0.6725,151.3125
1.0,0.6950953261378331,0.581030504980926,0.7757165017228382,0.9153899844842894,0.28362173004737423,1.0,150,substitution_5pct_N_10pct,ckmer5_count_l2,400,512,0.18447998046875,94.45375
1.0,0.9551012731640107,0.9431674273977629,0.29883576813778767,0.3371425938724924,0.02920432125435121,1.0,150,substitution_5pct_N_10pct,ckmer5_property_moment_l2,400,563,0.24969804618117228,140.58
1.0,0.9568352867079228,0.9451402801491163,0.2929744274239713,0.33123923835508823,0.028558008461260796,1.0,150,substitution_5pct_N_10pct,ckmer5_property_multiscale_l2,400,673,0.3559788261515602,239.57375
1.0,0.9574720690833004,0.9453881264580913,0.2907515822064281,0.3304901603453943,0.028638237834893013,1.0,150,substitution_5pct_N_10pct,ckmer5_property_anchor_l2,400,601,0.2916534941763727,175.28375
0.9975,0.9696064722649246,0.9617849625340518,0.24588189374551417,0.2764598891259857,0.017381580982642527,0.9975,150,substitution_5pct_N_10pct,cspaced_property_l2,400,147,0.5605272108843538,82.3975
1.0,0.8328264860357604,0.7723469566421121,0.5746958801477852,0.6747637134741319,0.1519087018784305,1.0,150,substitution_5pct_N_10pct,hybrid:ckmer5_count_l2+ckmer4_property_l2,400,659,0.2662158573596358,175.43625
1.0,0.8322241192492251,0.7720044352138511,0.575790201253518,0.6752711526277757,0.1515646713458402,1.0,150,substitution_5pct_N_10pct,hybrid:ckmer5_count_l2+ckmer4_property_moment_l2,400,699,0.3019492131616595,211.0625
1.0,0.8330911260211813,0.7728757258720106,0.5742665624615014,0.6739796322459947,0.15113858510748973,1.0,150,substitution_5pct_N_10pct,hybrid:ckmer5_count_l2+ckmer4_property_multiscale_l2,400,809,0.38325865265760195,310.05625
1.0,0.83340951720887,0.773060896523821,0.5736962795802556,0.6737048330938468,0.15117771204523908,1.0,150,substitution_5pct_N_10pct,hybrid:ckmer5_count_l2+ckmer4_property_anchor_l2,400,737,0.33346845318860246,245.76625
1.0,0.9606173628614039,0.9454852417540931,0.27852248557404474,0.33019616280904623,0.22555907879761236,1.0,150,local_mismatch_12bp,ckmer4_count_l2,400,136,0.5838051470588236,79.3975
1.0,0.9958865635506525,0.9943709329718056,0.0900062773182719,0.10610435132653592,0.02364608099567494,1.0,150,local_mismatch_12bp,ckmer4_property_l2,400,147,0.6081462585034013,89.3975
1.0,0.9961138421900401,0.9945673657908904,0.0874922878577015,0.10423659582631625,0.022323876332908457,1.0,150,local_mismatch_12bp,ckmer4_property_moment_l2,400,187,0.6476270053475935,121.10625
1.0,0.9962333415883634,0.9948368587347162,0.08613895347919188,0.10161831670118913,0.021668444169581663,1.0,150,local_mismatch_12bp,ckmer4_property_multiscale_mean_l2,400,222,0.6729617117117117,149.3975
1.0,0.9962336500672532,0.9948367269269477,0.08613716682249302,0.10161961491800041,0.021664729299564343,1.0,150,local_mismatch_12bp,ckmer4_property_multiscale_l2,400,297,0.7050420875420875,209.3975
1.0,0.996017571612966,0.9944873208858428,0.08860218670680664,0.10500170097309738,0.021901325165242305,1.0,150,local_mismatch_12bp,ckmer4_property_anchor_l2,400,225,0.6772444444444444,152.38
1.0,0.9270616751910855,0.9070988964533855,0.3799585841676908,0.4310477609987399,0.4685130322205808,1.0,150,local_mismatch_12bp,ckmer5_count_l2,400,512,0.22611328125,115.77
1.0,0.9929788015281937,0.9910201558353462,0.1178846579601673,0.13401371773550166,0.045300893216202336,1.0,150,local_mismatch_12bp,ckmer5_property_moment_l2,400,563,0.27971358792184725,157.47875
1.0,0.9930986094054071,0.9911615628323165,0.1168614424359771,0.13295440525098481,0.044638340468550176,1.0,150,local_mismatch_12bp,ckmer5_property_multiscale_l2,400,673,0.36518573551263,245.77
1.0,0.9928825309511197,0.9908746173175351,0.11870959705345265,0.135095145959316,0.04488450357823757,1.0,150,local_mismatch_12bp,ckmer5_property_anchor_l2,400,601,0.3140640599001664,188.7525
1.0,0.9946617300667282,0.9927100996830166,0.10260626131830204,0.12074682818709265,0.02432436088710719,1.0,150,local_mismatch_12bp,cspaced_property_l2,400,147,0.6207482993197279,91.25
1.0,0.961474119370869,0.9509955793454781,0.27614094594982996,0.3130635759001824,0.24765236213494515,1.0,150,local_mismatch_12bp,hybrid:ckmer5_count_l2+ckmer4_property_l2,400,659,0.31133156297420334,205.1675
1.0,0.9615877586905629,0.9509845317388883,0.2757426381516101,0.3130989182335897,0.2469854337772162,1.0,150,local_mismatch_12bp,hybrid:ckmer5_count_l2+ckmer4_property_moment_l2,400,699,0.3388787553648069,236.87625
1.0,0.9616476626291695,0.951210474006914,0.275520383407713,0.31237641493039947,0.2465588958060282,1.0,150,local_mismatch_12bp,hybrid:ckmer5_count_l2+ckmer4_property_multiscale_l2,400,809,0.4019375772558714,325.1675
1.0,0.9615396234020258,0.9511087814218536,0.2759270177638757,0.3127018225510234,0.24670349740432004,1.0,150,local_mismatch_12bp,hybrid:ckmer5_count_l2+ckmer4_property_anchor_l2,400,737,0.36383989145183177,268.15
1.0,0.9905579153094405,0.9787840008962133,0.128284969404429,0.20599008857908147,0.16624110183030408,1.0,300,substitution_1pct,ckmer4_count_l2,400,136,0.7858272058823529,106.8725
1.0,0.9991707202164852,0.9981486752877337,0.037978455686430816,0.06084922577551785,0.014690194429921153,1.0,300,substitution_1pct,ckmer4_property_l2,400,147,0.7950510204081632,116.8725
1.0,0.999230362514177,0.9982916245282747,0.0365942199717878,0.05845278233029528,0.014104443063481874,1.0,300,substitution_1pct,ckmer4_property_moment_l2,400,187,0.7950668449197861,148.6775
1.0,0.9992359651848104,0.9982945104040603,0.036458979707746995,0.05840341638966121,0.013641900027983,1.0,300,substitution_1pct,ckmer4_property_multiscale_mean_l2,400,222,0.796722972972973,176.8725
1.0,0.9992360023018043,0.9982944507914523,0.03645824899774944,0.05840443827288022,0.013636207553775924,1.0,300,substitution_1pct,ckmer4_property_multiscale_l2,400,297,0.7975505050505051,236.8725
1.0,0.9991798206313078,0.998186655681172,0.03774354191612289,0.060221890541889554,0.013968282527142488,1.0,300,substitution_1pct,ckmer4_property_anchor_l2,400,225,0.7993333333333333,179.85
1.0,0.9750944642486127,0.9432575787109202,0.20878534449887204,0.33687510131542114,0.40788063819397186,1.0,300,substitution_1pct,ckmer5_count_l2,400,512,0.38815673828125,198.73625
1.0,0.997983828448875,0.9955211819809807,0.0593343813377278,0.09464474250121838,0.03366774607270886,1.0,300,substitution_1pct,ckmer5_property_moment_l2,400,563,0.4272491119005329,240.54125
1.0,0.9979894682365024,0.9955235584248845,0.059250332547973524,0.09461964988758255,0.03317910677120979,1.0,300,substitution_1pct,ckmer5_property_multiscale_l2,400,673,0.48846396731054975,328.73625
1.0,0.9979332865660059,0.9954909725515079,0.06009222581134777,0.09496332610550717,0.033500601948992965,1.0,300,substitution_1pct,ckmer5_property_anchor_l2,400,601,0.45210274542429285,271.71375
1.0,0.99910107886945,0.9980514018813407,0.03955818521084884,0.06242751385431527,0.015659012257170493,1.0,300,substitution_1pct,cspaced_property_l2,400,147,0.8182908163265306,120.28875
1.0,0.9871325922325489,0.970639703228262,0.15006473093295347,0.24232330767688467,0.21216241035521688,1.0,300,substitution_1pct,hybrid:ckmer5_count_l2+ckmer4_property_l2,400,659,0.47892071320182095,315.60875
1.0,0.9871624133813949,0.9707112116366639,0.14989196485111564,0.24202803467052347,0.21186038749347325,1.0,300,substitution_1pct,hybrid:ckmer5_count_l2+ckmer4_property_moment_l2,400,699,0.4970153791130186,347.41375
1.0,0.9871652332752083,0.9707206559950176,0.14987525386709744,0.24198900681628252,0.21157902002042492,1.0,300,substitution_1pct,hybrid:ckmer5_count_l2+ckmer4_property_multiscale_l2,400,809,0.5384533374536464,435.60875
1.0,0.9871371424399604,0.9707191012038645,0.15004933102638235,0.24199541293129628,0.2117506574795664,1.0,300,substitution_1pct,hybrid:ckmer5_count_l2+ckmer4_property_anchor_l2,400,737,0.5136855495251018,378.58625
1.0,0.9846825943805433,0.9785920413238115,0.17356234057235775,0.20692005353362714,0.16829065784848538,1.0,300,N_3pct,ckmer4_count_l2,400,136,0.7678860294117648,104.4325
1.0,0.9971487464931046,0.9966332291321549,0.07540408379735763,0.08205816068574143,0.014998612682397239,1.0,300,N_3pct,ckmer4_property_l2,400,147,0.7818537414965986,114.9325
1.0,0.9957669576070524,0.9947487740167681,0.09180854076713998,0.102481349626725,0.014376269110606445,1.0,300,N_3pct,ckmer4_property_moment_l2,400,187,0.8062901069518716,150.77625
1.0,0.9973536696864591,0.9968841211335796,0.07264514716163735,0.07894147733850794,0.01392277135134444,1.0,300,N_3pct,ckmer4_property_multiscale_mean_l2,400,222,0.8183614864864864,181.67625
1.0,0.9970150767102774,0.9965503588875715,0.07718102451414985,0.08306191758994683,0.013914807982485298,1.0,300,N_3pct,ckmer4_property_multiscale_l2,400,297,0.8364309764309764,248.42
1.0,0.9969811958216626,0.9962741474125936,0.07754486853863157,0.08632304728145547,0.014146458022197207,1.0,300,N_3pct,ckmer4_property_anchor_l2,400,225,0.8219722222222222,184.94375
1.0,0.9599472864459595,0.9473021308615518,0.28139472752474143,0.32464707282070243,0.4079690209280126,1.0,300,N_3pct,ckmer5_count_l2,400,512,0.36715087890625,187.98125
1.0,0.9937685309524313,0.9923807408670322,0.11138444912759575,0.12344439334064078,0.03396581570112121,1.0,300,N_3pct,ckmer5_property_moment_l2,400,563,0.4162078152753108,234.325
1.0,0.9950166500556563,0.9940282546321817,0.09962640373668857,0.10928624027415239,0.03349157862249053,1.0,300,N_3pct,ckmer5_property_multiscale_l2,400,673,0.493267087667162,331.96875
1.0,0.9949827691670415,0.9938378681974788,0.09992080885556387,0.1110146555327669,0.033700776775379804,1.0,300,N_3pct,ckmer5_property_anchor_l2,400,601,0.446742928452579,268.4925
1.0,0.9970248618683977,0.9964568272777816,0.07704324696468011,0.08418042956215524,0.01595585393942119,1.0,300,N_3pct,cspaced_property_l2,400,147,0.8063350340136054,118.53125
1.0,0.978548016469532,0.9720319666434271,0.20603596946622446,0.23650805827588856,0.21238358758745035,1.0,300,N_3pct,hybrid:ckmer5_count_l2+ckmer4_property_l2,400,659,0.45965667678300454,302.91375
1.0,0.9778571220265059,0.971454435605053,0.2093994481723812,0.23893747626952774,0.21206909367492316,1.0,300,N_3pct,hybrid:ckmer5_count_l2+ckmer4_property_moment_l2,400,699,0.48463161659513593,338.7575
1.0,0.9784811815781184,0.9719912095700808,0.20637102476892785,0.23668032758993535,0.21178762263028847,1.0,300,N_3pct,hybrid:ckmer5_count_l2+ckmer4_property_multiscale_l2,400,809,0.5394329419035847,436.40125
1.0,0.9784642411338111,0.9718724493819072,0.20644606508557367,0.23718157792223796,0.2119066011813384,1.0,300,N_3pct,hybrid:ckmer5_count_l2+ckmer4_property_anchor_l2,400,737,0.5060040705563094,372.925
1.0,0.9749410776132537,0.9592134045843087,0.2206053016707602,0.2856101815033228,0.15861455623286777,1.0,300,substitution_1pct_N_3pct,ckmer4_count_l2,400,136,0.7709283088235294,104.84625
1.0,0.9962868772399438,0.9949102704193088,0.0857747971716547,0.10089329651463523,0.014139918860416495,1.0,300,substitution_1pct_N_3pct,ckmer4_property_l2,400,147,0.7846683673469388,115.34625
1.0,0.9949923280858087,0.9936089985292665,0.0997640553999509,0.1130575191299529,0.013579135512968042,1.0,300,substitution_1pct_N_3pct,ckmer4_property_moment_l2,400,187,0.8083823529411764,151.1675
1.0,0.9965598631391882,0.9953085083971988,0.0825666486278606,0.09686579967285418,0.013127117958311557,1.0,300,substitution_1pct_N_3pct,ckmer4_property_multiscale_mean_l2,400,222,0.8202083333333333,182.08625
1.0,0.9962217663998305,0.9949782245376027,0.08660076234028175,0.10021751805336797,0.013120396545440732,1.0,300,substitution_1pct_N_3pct,ckmer4_property_multiscale_l2,400,297,0.8377988215488216,248.82625
1.0,0.9961467916416137,0.9946913006129933,0.08740097604893578,0.10304076254028156,0.013320379663588837,1.0,300,substitution_1pct_N_3pct,ckmer4_property_anchor_l2,400,225,0.8233777777777778,185.26
1.0,0.9342496692693486,0.8952107438143639,0.35835539265014743,0.4577974189178365,0.381867827397005,1.0,300,substitution_1pct_N_3pct,ckmer5_count_l2,400,512,0.36845703125,188.65
1.0,0.9917091280467468,0.9885078645934301,0.12813997936041374,0.15160558821963938,0.03184008502635301,1.0,300,substitution_1pct_N_3pct,ckmer5_property_moment_l2,400,563,0.4173556838365897,234.97125
1.0,0.9929385663607687,0.9898718695652203,0.11809828055953239,0.14232449131477584,0.03138605335097301,1.0,300,substitution_1pct_N_3pct,ckmer5_property_multiscale_l2,400,673,0.49424962852897475,332.63
1.0,0.9928635916025519,0.9896672984245574,0.1186987118041732,0.14375466172988963,0.03156340682627708,1.0,300,substitution_1pct_N_3pct,ckmer5_property_anchor_l2,400,601,0.4476934276206323,269.06375
1.0,0.9960962398681652,0.9946593590740062,0.08794691982885042,0.10335024953771905,0.015186698965437001,1.0,300,substitution_1pct_N_3pct,cspaced_property_l2,400,147,0.8073724489795918,118.68375
1.0,0.965268273254646,0.9449756480064689,0.2605974760418079,0.33173588867626597,0.19888065933653587,1.0,300,substitution_1pct_N_3pct,hybrid:ckmer5_count_l2+ckmer4_property_l2,400,659,0.4612993171471927,303.99625
1.0,0.9646209986775787,0.9445146566777489,0.26315299600109787,0.3331225258314967,0.19859677093839348,1.0,300,substitution_1pct_N_3pct,hybrid:ckmer5_count_l2+ckmer4_property_moment_l2,400,699,0.4861480686695279,339.8175
1.0,0.9652357178345896,0.9449914394619257,0.2607430056559102,0.33168828377189896,0.19832006946473116,1.0,300,substitution_1pct_N_3pct,hybrid:ckmer5_count_l2+ckmer4_property_multiscale_l2,400,809,0.5407617428924598,437.47625
1.0,0.965198230455481,0.9450447779667654,0.26088493121180856,0.3315273835550303,0.19841768239947857,1.0,300,substitution_1pct_N_3pct,hybrid:ckmer5_count_l2+ckmer4_property_anchor_l2,400,737,0.5073405698778833,373.91
1.0,0.9925270252233105,0.9899039595674102,0.12146104526016727,0.14209883224039427,0.16783584864914083,1.0,300,local_mismatch_6bp,ckmer4_count_l2,400,136,0.7867003676470589,106.99125
1.0,0.9993425564239494,0.999119564304135,0.036023754789137115,0.04196273806732574,0.014835817232065212,1.0,300,local_mismatch_6bp,ckmer4_property_l2,400,147,0.795858843537415,116.99125
1.0,0.9993813780044256,0.9991646634472456,0.034950162411387736,0.04087386718838173,0.014258595350810779,1.0,300,local_mismatch_6bp,ckmer4_property_moment_l2,400,187,0.7956951871657754,148.795
1.0,0.9993918147515422,0.9991842711734367,0.034650958699705046,0.04039130644657551,0.013776687201726267,1.0,300,local_mismatch_6bp,ckmer4_property_multiscale_mean_l2,400,222,0.7972578828828829,176.99125
1.0,0.9993918822883013,0.9991846235591004,0.034649589677525745,0.040382581396611016,0.013770589724772077,1.0,300,local_mismatch_6bp,ckmer4_property_multiscale_l2,400,297,0.7979503367003367,236.99125
1.0,0.9993283456049604,0.9989727359428787,0.03624354860300829,0.045326795895303175,0.014097554334968487,1.0,300,local_mismatch_6bp,ckmer4_property_anchor_l2,400,225,0.7998666666666666,179.97
1.0,0.9822345280094851,0.9771462859022538,0.18754399390773543,0.21379294310595248,0.41568489319830676,1.0,300,local_mismatch_6bp,ckmer5_count_l2,400,512,0.38825439453125,198.78625
1.0,0.9985548974374308,0.9981664265932771,0.053484688600822186,0.06055696620508042,0.03430875020602331,1.0,300,local_mismatch_6bp,ckmer5_property_moment_l2,400,563,0.42733570159857903,240.59
1.0,0.9985654017213065,0.9981726775941787,0.053285303714760576,0.06045365824587248,0.03380649085311146,1.0,300,local_mismatch_6bp,ckmer5_property_multiscale_l2,400,673,0.48853826151560176,328.78625
1.0,0.9985018650379655,0.9979925108296073,0.05439347166145641,0.06336385673488963,0.034115831442496976,1.0,300,local_mismatch_6bp,ckmer5_property_anchor_l2,400,601,0.45218801996672214,271.765
1.0,0.9990441778702948,0.9987360301459068,0.04346183616448038,0.05027860655496808,0.015621355289311101,1.0,300,local_mismatch_6bp,cspaced_property_l2,400,147,0.8191666666666667,120.4175
1.0,0.9907885422167172,0.9881360185940137,0.1350456361056464,0.15403882995720306,0.21614482174563235,1.0,300,local_mismatch_6bp,hybrid:ckmer5_count_l2+ckmer4_property_l2,400,659,0.47917678300455235,315.7775
1.0,0.9908079530069551,0.9881693102638821,0.13490502870074675,0.15382255195594763,0.2158271818838628,1.0,300,local_mismatch_6bp,hybrid:ckmer5_count_l2+ckmer4_property_moment_l2,400,699,0.4972550071530758,347.58125
1.0,0.9908132051488932,0.9881698306944717,0.13486511978685717,0.15381916871521809,0.21555175410735214,1.0,300,local_mismatch_6bp,hybrid:ckmer5_count_l2+ckmer4_property_multiscale_l2,400,809,0.5386619283065514,435.7775
1.0,0.9907814368072226,0.9881704130326853,0.13509994919020757,0.15381538257429866,0.21571787739294968,1.0,300,local_mismatch_6bp,hybrid:ckmer5_count_l2+ckmer4_property_anchor_l2,400,737,0.5139162143826322,378.75625
1.0,0.9930017748521164,0.9840419738591905,0.10994333873014553,0.178650629877949,0.16800954175028437,1.0,300,short_indel,ckmer4_count_l2,400,136,0.78484375,106.73875
1.0,0.9993886450516587,0.9986303293889943,0.03253929868413594,0.05233871622529876,0.014854238158415134,1.0,300,short_indel,ckmer4_property_l2,400,147,0.794141156462585,116.73875
1.0,0.9994338685272026,0.9987307141975613,0.03132026624946672,0.050384239359502495,0.014279853888783063,1.0,300,short_indel,ckmer4_property_moment_l2,400,187,0.7946390374331551,148.5975
1.0,0.9994359551065236,0.9987352745230349,0.031259663007262156,0.05029364322077892,0.013795031790390513,1.0,300,short_indel,ckmer4_property_multiscale_mean_l2,400,222,0.7961204954954955,176.73875
1.0,0.9994360144436523,0.9987353907708165,0.03125789549345344,0.05029133179510883,0.013789077377809685,1.0,300,short_indel,ckmer4_property_multiscale_l2,400,297,0.7971001683501684,236.73875
1.0,0.9993923214099101,0.9986598597105438,0.03236364808288197,0.051771414317998955,0.014122236955636844,1.0,300,short_indel,ckmer4_property_anchor_l2,400,225,0.7987333333333333,179.715
1.0,0.9800486245333425,0.9569258496010808,0.18652792512681063,0.2935103066761602,0.41210950448321154,1.0,300,short_indel,ckmer5_count_l2,400,512,0.3875732421875,198.4375
1.0,0.9983975386388991,0.9965984614214769,0.05291057307948721,0.08248076748970132,0.03402141590860789,1.0,300,short_indel,ckmer5_property_moment_l2,400,563,0.4268139431616341,240.29625
1.0,0.9983996845553486,0.9965995855606157,0.05287395003272871,0.08246713805594194,0.033528446631045185,1.0,300,short_indel,ckmer5_property_multiscale_l2,400,673,0.48802005943536403,328.4375
1.0,0.9983559915216066,0.9965250347329406,0.053563605098199484,0.08336618410049138,0.03386402563138589,1.0,300,short_indel,ckmer5_property_anchor_l2,400,601,0.4516035773710482,271.41375
1.0,0.9988026751708796,0.9973920416292424,0.04585089166474452,0.07222126607973636,0.015371075652043325,1.0,300,short_indel,cspaced_property_l2,400,147,0.817108843537415,120.115
1.0,0.9897186347925008,0.9778694857789666,0.13389707469927814,0.21038299332141347,0.21435230650208376,1.0,300,short_indel,hybrid:ckmer5_count_l2+ckmer4_property_l2,400,659,0.4782644157814871,315.17625
1.0,0.9897412465302726,0.977911515114326,0.1337506144903566,0.2101831335109826,0.21405528312808023,1.0,300,short_indel,hybrid:ckmer5_count_l2+ckmer4_property_moment_l2,400,699,0.49647353361945634,347.035
1.0,0.9897423194884973,0.9779141730003211,0.13374334327734638,0.2101704853145188,0.21376323171926395,1.0,300,short_indel,hybrid:ckmer5_count_l2+ckmer4_property_multiscale_l2,400,809,0.5379187268232386,435.17625
1.0,0.9897204729716265,0.9778928340203095,0.13388628431172328,0.2102720077251298,0.21394230701446745,1.0,300,short_indel,hybrid:ckmer5_count_l2+ckmer4_property_anchor_l2,400,737,0.5130970149253732,378.1525
1.0,0.9533274324477498,0.9256647639631796,0.30135880934447334,0.38557741833032294,0.1318523928884314,1.0,300,substitution_5pct,ckmer4_count_l2,400,136,0.7934650735294118,107.91125
1.0,0.9959139800959232,0.9935547215514563,0.08915715597897299,0.11353657657043598,0.011678871847078089,1.0,300,substitution_5pct,ckmer4_property_l2,400,147,0.8021173469387755,117.91125
1.0,0.996207597650138,0.9940088315786928,0.08590143279455513,0.10946386079251437,0.011287102743293309,1.0,300,substitution_5pct,ckmer4_property_moment_l2,400,187,0.8006082887700535,149.71375
1.0,0.9962340545205906,0.9940450232150242,0.08559832455740345,0.1091327233091653,0.010865498550506413,1.0,300,substitution_5pct,ckmer4_property_multiscale_mean_l2,400,222,0.801402027027027,177.91125
1.0,0.9962341842570263,0.9940448129750629,0.08559706227463355,0.10913465005368564,0.01085914112663563,1.0,300,substitution_5pct,ckmer4_property_multiscale_l2,400,297,0.8010479797979798,237.91125
1.0,0.9960459270554064,0.9938401269881051,0.08771729874112819,0.11099394779645547,0.011078971235474279,1.0,300,substitution_5pct,ckmer4_property_anchor_l2,400,225,0.8039444444444445,180.8875
1.0,0.8795020495465441,0.8135181084827205,0.4854621718546035,0.6107075982679666,0.32274717016207416,1.0,300,substitution_5pct,ckmer5_count_l2,400,512,0.3916162109375,200.5075
1.0,0.9902805002589397,0.9849965163888874,0.13784141343921819,0.1732251917753723,0.026785065943180628,1.0,300,substitution_5pct,ckmer5_property_moment_l2,400,563,0.43039076376554175,242.31
1.0,0.9903070868658277,0.9850124372354555,0.1376517694339484,0.1731332579900202,0.026324221915068356,1.0,300,substitution_5pct,ckmer5_property_multiscale_l2,400,673,0.4910958395245171,330.5075
1.0,0.9901188296642078,0.9848809690078768,0.13899321096251885,0.17389094823603343,0.02651671091455399,1.0,300,substitution_5pct,ckmer5_property_anchor_l2,400,601,0.4550478369384359,273.48375
1.0,0.9955198192259479,0.9929516584168909,0.09345222182768156,0.11872943987089825,0.01222695415096395,1.0,300,substitution_5pct,cspaced_property_l2,400,147,0.8218537414965986,120.8125
1.0,0.9377080148212338,0.9035804989813793,0.34903845935403205,0.43913433246875144,0.16804026794939186,1.0,300,substitution_5pct,hybrid:ckmer5_count_l2+ckmer4_property_l2,400,659,0.48318474962063734,318.41875
1.0,0.937854823598341,0.9038037635071383,0.3486278800789318,0.4386256245192143,0.16785613305928648,1.0,300,substitution_5pct,hybrid:ckmer5_count_l2+ckmer4_property_moment_l2,400,699,0.5010318311874106,350.22125
1.0,0.9378681169017853,0.9038251284192422,0.3485902024765528,0.4385769101008884,0.16757568745435655,1.0,300,substitution_5pct,hybrid:ckmer5_count_l2+ckmer4_property_multiscale_l2,400,809,0.541926761433869,438.41875
1.0,0.9377739883009752,0.9037708884809592,0.3488592563325771,0.4387005754191553,0.16768563883218646,1.0,300,substitution_5pct,hybrid:ckmer5_count_l2+ckmer4_property_anchor_l2,400,737,0.5174966078697422,381.395
1.0,0.9419858907065658,0.9208023571354249,0.33845408468343163,0.3979890375005436,0.15025132265180205,1.0,300,N_10pct,ckmer4_count_l2,400,136,0.7277205882352941,98.97
1.0,0.9840133682763136,0.9822909899572114,0.17871031279769467,0.18819675621645893,0.013595699720921601,1.0,300,N_10pct,ckmer4_property_l2,400,147,0.7446938775510205,109.47
1.0,0.9822356853155816,0.9806786218694861,0.1884216402645977,0.1965776025356596,0.013011645842932162,1.0,300,N_10pct,ckmer4_property_moment_l2,400,187,0.775975935828877,145.1075
1.0,0.9851655119480598,0.983508741199164,0.17214879670076705,0.181610896116055,0.012606586924006761,1.0,300,N_10pct,ckmer4_property_multiscale_mean_l2,400,222,0.7971227477477477,176.96125
1.0,0.9834691070922744,0.9818721358758705,0.18175219664671505,0.19040936694572808,0.012584575169313114,1.0,300,N_10pct,ckmer4_property_multiscale_l2,400,297,0.8230723905723906,244.4525
1.0,0.9841502194171972,0.9825155340080493,0.17794825061619723,0.18699981177462785,0.012761333792148213,1.0,300,N_10pct,ckmer4_property_anchor_l2,400,225,0.7995944444444445,179.90875
1.0,0.8565065101018189,0.8189883498228018,0.5334863979836161,0.60168371594239,0.3473282437336795,1.0,300,N_10pct,ckmer5_count_l2,400,512,0.324560546875,166.175
1.0,0.9752168271296578,0.9722302918808311,0.22247299002426296,0.2356680196721042,0.029682560557442186,1.0,300,N_10pct,ckmer5_property_moment_l2,400,563,0.37710923623445824,212.3125
1.0,0.9764502489063506,0.9736013050860447,0.2168523802986831,0.22977682529088164,0.02924673477305276,1.0,300,N_10pct,ckmer5_property_multiscale_l2,400,673,0.4630869242199108,311.6575
1.0,0.9771313612312735,0.9740855188940446,0.2136681423022841,0.22765973087107713,0.029396007076269173,1.0,300,N_10pct,ckmer5_property_anchor_l2,400,601,0.41117096505823625,247.11375
1.0,0.9835800817238218,0.9815019518851121,0.1810993272066885,0.19234369298124018,0.014525693439335163,1.0,300,N_10pct,cspaced_property_l2,400,147,0.7672363945578231,112.78375
1.0,0.9202599391890663,0.9005665829885735,0.397946669198526,0.4459448754702238,0.1817189581251629,1.0,300,N_10pct,hybrid:ckmer5_count_l2+ckmer4_property_l2,400,659,0.4182776934749621,275.645
1.0,0.9193710977087004,0.8998915434438426,0.40020440376491595,0.44745604465778527,0.18141693448589585,1.0,300,N_10pct,hybrid:ckmer5_count_l2+ckmer4_property_moment_l2,400,699,0.4453254649499285,311.2825
1.0,0.9199878085970468,0.9003872281945424,0.3986453904485819,0.4463468857757649,0.1811565359003236,1.0,300,N_10pct,hybrid:ckmer5_count_l2+ckmer4_property_multiscale_l2,400,809,0.5075741656365884,410.6275
1.0,0.920328364759508,0.9007542518698646,0.3977784234169029,0.4455238428529246,0.18122797565232496,1.0,300,N_10pct,hybrid:ckmer5_count_l2+ckmer4_property_anchor_l2,400,737,0.46958446404341925,346.08375
1.0,0.8956574239068211,0.8519694137864999,0.4533419391191711,0.544115010111219,0.1100372010643891,1.0,300,substitution_5pct_N_10pct,ckmer4_count_l2,400,136,0.7356801470588236,100.0525
1.0,0.9798313469286717,0.9762056875589565,0.20055274809255177,0.21814817002206657,0.009945022844732825,1.0,300,substitution_5pct_N_10pct,ckmer4_property_l2,400,147,0.7520578231292517,110.5525
0.9975,0.9783436327432082,0.9747671133611612,0.20789401022966864,0.2246458825838686,0.009581472890344358,0.9975,300,substitution_5pct_N_10pct,ckmer4_property_moment_l2,400,187,0.7820788770053476,146.24875
1.0,0.9813155289659172,0.9779677529193196,0.1930341446564303,0.20991544508452706,0.009249930142935077,1.0,300,substitution_5pct_N_10pct,ckmer4_property_multiscale_mean_l2,400,222,0.8020045045045046,178.045
0.9975,0.979619103317312,0.9763414002875224,0.2016580927709079,0.21752515975140715,0.00922315763563863,0.9975,300,substitution_5pct_N_10pct,ckmer4_property_multiscale_l2,400,297,0.8267255892255893,245.5375
0.9975,0.9802076266367888,0.9765903800669746,0.198690715647605,0.21637753963551934,0.00935271940686424,0.9975,300,substitution_5pct_N_10pct,ckmer4_property_anchor_l2,400,225,0.8043555555555556,180.98
1.0,0.7498181916745216,0.6619844601935967,0.7039588378890658,0.8222110910754317,0.25293067982623607,1.0,300,substitution_5pct_N_10pct,ckmer5_count_l2,400,512,0.3269970703125,167.4225
1.0,0.9663747226959907,0.9595653486110798,0.2588963667576741,0.2843752692344028,0.021717660983713243,1.0,300,substitution_5pct_N_10pct,ckmer5_property_moment_l2,400,563,0.37942939609236237,213.61875
1.0,0.9676501932700944,0.9608631791311463,0.25391444569014043,0.2797742087841306,0.021344832849260406,1.0,300,substitution_5pct_N_10pct,ckmer5_property_multiscale_l2,400,673,0.464944279346211,312.9075
1.0,0.9682387165895712,0.9610319802296313,0.25156291813673476,0.2791702617706801,0.021445601133315825,1.0,300,substitution_5pct_N_10pct,ckmer5_property_anchor_l2,400,601,0.4132279534109817,248.35
0.9975,0.9792600693503164,0.9752814692444556,0.20339574483663184,0.22234445354369206,0.010459132284838637,0.9975,300,substitution_5pct_N_10pct,cspaced_property_l2,400,147,0.7703826530612244,113.24625
1.0,0.8648247693015967,0.8204597373694938,0.5176547337384609,0.5992331444274188,0.13270694873306116,1.0,300,substitution_5pct_N_10pct,hybrid:ckmer5_count_l2+ckmer4_property_l2,400,659,0.42181335356600913,277.975
1.0,0.8640809122088648,0.8196850591970483,0.5191177114620247,0.600524579543769,0.1325128723842288,1.0,300,substitution_5pct_N_10pct,hybrid:ckmer5_count_l2+ckmer4_property_moment_l2,400,699,0.4487428469241774,313.67125
1.0,0.8647186474959168,0.820376701639366,0.5178773209584615,0.5993717237905348,0.13228705432986396,1.0,300,substitution_5pct_N_10pct,hybrid:ckmer5_count_l2+ckmer4_property_multiscale_l2,400,809,0.5104573547589617,412.96
1.0,0.8650129091556552,0.8199088125289941,0.5172997456873969,0.6001519595278486,0.13233571513750242,1.0,300,substitution_5pct_N_10pct,hybrid:ckmer5_count_l2+ckmer4_property_anchor_l2,400,737,0.4727306648575305,348.4025
1.0,0.9876071102490137,0.9831430756943498,0.15637281305386896,0.1836133012227128,0.16402370562316662,1.0,300,local_mismatch_12bp,ckmer4_count_l2,400,136,0.7881525735294118,107.18875
1.0,0.9989069941609557,0.9985215728301978,0.0464320725308988,0.054376965145727284,0.01448585426372745,1.0,300,local_mismatch_12bp,ckmer4_property_l2,400,147,0.7972023809523809,117.18875
1.0,0.9989597578196454,0.9985990629822631,0.045297190294302965,0.052932712789409316,0.01390245059724773,1.0,300,local_mismatch_12bp,ckmer4_property_moment_l2,400,187,0.7968516042780749,149.01125
1.0,0.9989867911400888,0.9986339918031735,0.044708351234686965,0.052268694101121685,0.013450422022622316,1.0,300,local_mismatch_12bp,ckmer4_property_multiscale_mean_l2,400,222,0.7981475225225225,177.18875
1.0,0.9989869985953845,0.9986345536151938,0.044704430770548524,0.05225794435873907,0.01344439052068962,1.0,300,local_mismatch_12bp,ckmer4_property_multiscale_l2,400,297,0.7986153198653199,237.18875
1.0,0.9989012593889245,0.9984241172668523,0.04647470794205149,0.056140456053670906,0.013747152009734375,1.0,300,local_mismatch_12bp,ckmer4_property_anchor_l2,400,225,0.8007222222222222,180.1625
1.0,0.9716945228983568,0.9635661281642605,0.23672417917458222,0.26994025412296346,0.4079555781103471,1.0,300,local_mismatch_12bp,ckmer5_count_l2,400,512,0.3891357421875,199.2375
1.0,0.9976824245241024,0.9969899463240314,0.06773678327873611,0.07758935040557052,0.03363482420315698,1.0,300,local_mismatch_12bp,ckmer5_property_moment_l2,400,563,0.42817051509769094,241.06
1.0,0.9977096652998415,0.9970337768356022,0.06732635365510742,0.07702237087015142,0.03315901592621735,1.0,300,local_mismatch_12bp,ckmer5_property_multiscale_l2,400,673,0.4892087667161961,329.2375
1.0,0.9976239260933815,0.9969460123483551,0.06857213035724202,0.07815353495874777,0.033446920333677424,1.0,300,local_mismatch_12bp,ckmer5_property_anchor_l2,400,601,0.45293053244592346,272.21125
1.0,0.998577694730135,0.9980458734705736,0.05298941945212483,0.06251601920239032,0.015260655499828166,1.0,300,local_mismatch_12bp,cspaced_property_l2,400,147,0.8203486394557823,120.59125
1.0,0.9853007585296563,0.9809719499053511,0.17059226248617784,0.1950797256717719,0.21215532750143634,1.0,300,local_mismatch_12bp,hybrid:ckmer5_count_l2+ckmer4_property_l2,400,659,0.4801612291350531,316.42625
1.0,0.9853271403590012,0.9810275308496774,0.17044368401984022,0.19479460002523546,0.21184863872541887,1.0,300,local_mismatch_12bp,hybrid:ckmer5_count_l2+ckmer4_property_moment_l2,400,699,0.49820994277539343,348.24875
1.0,0.9853407607468708,0.9810314130463579,0.17036061168850744,0.1947746726273664,0.21157332507370544,1.0,300,local_mismatch_12bp,hybrid:ckmer5_count_l2+ckmer4_property_multiscale_l2,400,809,0.5394638442521632,436.42625
1.0,0.9852978911436406,0.9809994224491843,0.17061860853208594,0.19493882240224725,0.2117297348717655,1.0,300,local_mismatch_12bp,hybrid:ckmer5_count_l2+ckmer4_property_anchor_l2,400,737,0.5147896879240162,379.4
