target_label,representation,representation_label,n_features,c_value,length,condition,n_test_sources,accuracy,balanced_accuracy,mcc,macro_f1,auroc,auprc,macro_f1_ci_low,macro_f1_ci_high,baseline_macro_f1,delta_macro_f1,label_retention_ratio
tax_434085,ck4,CK4,136,1.0,69,N_3pct,2400,0.7079166666666666,0.7079166666666666,0.43371320430165594,0.7018986948145363,0.8170638888888889,0.7951372116928928,0.6833404108481032,0.7205785423165412,0.7776634113962102,-0.07576471658167394,0.9025738957608322
tax_434085,ck4,CK4,136,1.0,69,clean,2400,0.7216666666666667,0.7216666666666667,0.45112033772022125,0.7192646246109945,0.8258340277777778,0.8024627974199666,0.7016685679686889,0.7371505361899557,0.7776634113962102,-0.058398786785215706,0.924904803377123
tax_434085,ck4,CK4,136,1.0,69,substitution_1pct,2400,0.7220833333333333,0.7220833333333333,0.4520406358352615,0.7196630422619171,0.8198472222222223,0.7938689623147985,0.7034525684514487,0.7389484620113966,0.7776634113962102,-0.05800036913429307,0.925417129976374
tax_434085,ck4,CK4,136,1.0,75,N_3pct,2400,0.7225,0.7225,0.4535572040108338,0.7198824571832345,0.8235513888888889,0.7982809964719191,0.7002751472390616,0.7388847271014746,0.7776634113962102,-0.05778095421297569,0.9256992763627181
tax_434085,ck4,CK4,136,1.0,75,clean,2400,0.74375,0.74375,0.49161833685766354,0.7426767027401618,0.8354041666666666,0.8120504101964087,0.7262215367140973,0.7608322564214072,0.7776634113962102,-0.03498670865604836,0.9550104734987679
tax_434085,ck4,CK4,136,1.0,75,substitution_1pct,2400,0.7391666666666666,0.7391666666666667,0.48320675453483836,0.7378513723368987,0.8312763888888889,0.8093151798357408,0.719159543281497,0.7548539160963689,0.7776634113962102,-0.03981203905931152,0.9488055648807839
tax_434085,ck4,CK4,136,1.0,100,N_3pct,2400,0.7633333333333333,0.7633333333333334,0.5266695926169755,0.7633326759240997,0.8542555555555555,0.8363502895787295,0.7465805819756592,0.7812364715967108,0.7776634113962102,-0.0143307354721105,0.9815720589883723
tax_434085,ck4,CK4,136,1.0,100,clean,2400,0.7779166666666667,0.7779166666666666,0.5571039346812018,0.7776634113962102,0.8656180555555556,0.8472471731044624,0.7609058787810842,0.7936268922172295,0.7776634113962102,0.0,1.0
tax_434085,ck4,CK4,136,1.0,100,substitution_1pct,2400,0.7695833333333333,0.7695833333333333,0.5397338726788079,0.7694622609964434,0.8567756944444445,0.8364787154442687,0.7520029150088385,0.7853543150610275,0.7776634113962102,-0.008201150399766766,0.98945411307825
tax_434085,ck4_p,CK4+P,147,1.0,69,N_3pct,2400,0.71625,0.71625,0.4401671482148231,0.7137789082164402,0.8165270833333333,0.7950011166640046,0.6948359919687033,0.7320016119540098,0.7700714145250394,-0.056292506308599166,0.9268996287268773
tax_434085,ck4_p,CK4+P,147,1.0,69,clean,2400,0.7308333333333333,0.7308333333333333,0.46603947233408777,0.7295705781719641,0.8251722222222223,0.8024793569029349,0.7118043287845075,0.7465128193275046,0.7700714145250394,-0.04050083635307522,0.947406389083985
tax_434085,ck4_p,CK4+P,147,1.0,69,substitution_1pct,2400,0.72875,0.72875,0.46244390802664215,0.727300098178248,0.8193409722222222,0.7942012070558067,0.7097382282975065,0.7456286426847548,0.7700714145250394,-0.04277131634679132,0.944457987220352
tax_434085,ck4_p,CK4+P,147,1.0,75,N_3pct,2400,0.7270833333333333,0.7270833333333333,0.45706826182344984,0.7262170670219574,0.8227666666666666,0.7978867035359469,0.7095246147413472,0.7435468967181181,0.7700714145250394,-0.043854347503081925,0.9430515836896372
tax_434085,ck4_p,CK4+P,147,1.0,75,clean,2400,0.7433333333333333,0.7433333333333334,0.488297728069561,0.7429046625658476,0.8339631944444444,0.8110854342690785,0.7253749621816594,0.7603886334563377,0.7700714145250394,-0.027166751959191715,0.9647217758680895
tax_434085,ck4_p,CK4+P,147,1.0,75,substitution_1pct,2400,0.7395833333333334,0.7395833333333333,0.4813822795768519,0.7389840388739772,0.8299208333333333,0.809046443649568,0.7209736061317926,0.7561206350953344,0.7700714145250394,-0.03108737565106212,0.9596305289812166
tax_434085,ck4_p,CK4+P,147,1.0,100,N_3pct,2400,0.76875,0.76875,0.5383907641137214,0.7685586992998901,0.8514236111111112,0.8333632620227907,0.7516305617169299,0.784568177000741,0.7700714145250394,-0.001512715225149286,0.9980356169614707
tax_434085,ck4_p,CK4+P,147,1.0,100,clean,2400,0.7704166666666666,0.7704166666666667,0.5424648767203145,0.7700714145250394,0.8625020833333333,0.843929696359579,0.7530920668937748,0.7871002215270897,0.7700714145250394,0.0,1.0
tax_434085,ck4_p,CK4+P,147,1.0,100,substitution_1pct,2400,0.76625,0.7662500000000001,0.5333824779359193,0.7660566311842132,0.8540208333333332,0.8327453978306805,0.7476897481373137,0.7836533879508272,0.7700714145250394,-0.004014783340826167,0.9947864791951765
tax_434085,ck4_msp,CK4+MSP,211,1.0,69,N_3pct,2400,0.7104166666666667,0.7104166666666667,0.4325141098370072,0.7065070449746282,0.8155756944444443,0.7941633638618117,0.6869626977351095,0.7246109072469312,0.7696615304155272,-0.06315448544089897,0.9179451188020233
tax_434085,ck4_msp,CK4+MSP,211,1.0,69,clean,2400,0.7295833333333334,0.7295833333333334,0.46378910484490415,0.7282357886038742,0.8240013888888889,0.8012940949072085,0.7105051119595339,0.7455406071272732,0.7696615304155272,-0.04142574181165304,0.9461766761432289
tax_434085,ck4_msp,CK4+MSP,211,1.0,69,substitution_1pct,2400,0.7254166666666667,0.7254166666666667,0.4559342952870007,0.7238807051516953,0.8181097222222222,0.7929869988219536,0.7067337435727823,0.7415993822852921,0.7696615304155272,-0.04578082526383187,0.9405182363225097
tax_434085,ck4_msp,CK4+MSP,211,1.0,75,N_3pct,2400,0.7229166666666667,0.7229166666666667,0.45043006130921337,0.7215028585218817,0.821620138888889,0.7969571751901232,0.7029669890593854,0.737511545930635,0.7696615304155272,-0.04815867189364553,0.9374287657749433
tax_434085,ck4_msp,CK4+MSP,211,1.0,75,clean,2400,0.7429166666666667,0.7429166666666667,0.48770391215631437,0.7424236494331599,0.8328874999999999,0.8102257161721167,0.7232766388273605,0.7595187862041674,0.7696615304155272,-0.027237880982367346,0.9646105724321936
tax_434085,ck4_msp,CK4+MSP,211,1.0,75,substitution_1pct,2400,0.7375,0.7375,0.4774740218176547,0.7368199354025228,0.8288312499999999,0.8078521812792792,0.7193860340233956,0.7545269017994065,0.7696615304155272,-0.03284159501300443,0.9573298213368234
tax_434085,ck4_msp,CK4+MSP,211,1.0,100,N_3pct,2400,0.7616666666666667,0.7616666666666667,0.5234213045841147,0.7616466383633624,0.8509416666666667,0.8329291974697037,0.7453929275176178,0.7775075570899205,0.7696615304155272,-0.008014892052164768,0.9895864717990548
tax_434085,ck4_msp,CK4+MSP,211,1.0,100,clean,2400,0.77,0.77,0.5415940304697443,0.7696615304155272,0.8619354166666666,0.8435257718945912,0.7524513863856532,0.7859145623133468,0.7696615304155272,0.0,1.0
tax_434085,ck4_msp,CK4+MSP,211,1.0,100,substitution_1pct,2400,0.7645833333333333,0.7645833333333334,0.5299446739566622,0.7644105268187169,0.8535479166666666,0.8323848166450356,0.7472907356024274,0.7809273399832197,0.7696615304155272,-0.0052510035968103,0.9931775158439121
tax_434085,ck4p_msp,CK4P-MSP,222,1.0,69,N_3pct,2400,0.7220833333333333,0.7220833333333333,0.44919219849902287,0.7205287258515642,0.8144159722222223,0.792712770431288,0.7018725086255988,0.7389327646787934,0.7658831763309699,-0.04535445047940567,0.9407815031312216
tax_434085,ck4p_msp,CK4P-MSP,222,1.0,69,clean,2400,0.7316666666666667,0.7316666666666667,0.4656675210701016,0.7309941520467836,0.8226652777777778,0.799835889237886,0.7128146047130963,0.7480500730224557,0.7658831763309699,-0.034889024284186276,0.9544460234113965
tax_434085,ck4p_msp,CK4P-MSP,222,1.0,69,substitution_1pct,2400,0.7279166666666667,0.7279166666666667,0.45883336442737754,0.7270271828463268,0.8168562500000001,0.791501235222412,0.708887095826383,0.7443871370278811,0.7658831763309699,-0.03885599348464308,0.9492664224969843
tax_434085,ck4p_msp,CK4P-MSP,222,1.0,75,N_3pct,2400,0.7270833333333333,0.7270833333333333,0.4560519360037308,0.726519231769558,0.8202680555555556,0.794879651112653,0.7072628307227931,0.7450388164910144,0.7658831763309699,-0.0393639445614119,0.9486031998378809
tax_434085,ck4p_msp,CK4P-MSP,222,1.0,75,clean,2400,0.7441666666666666,0.7441666666666666,0.4893682179476507,0.7438961569824794,0.8311923611111112,0.8081530294737639,0.7255475011238751,0.7622227624556648,0.7658831763309699,-0.021987019348490566,0.971291941084512
tax_434085,ck4p_msp,CK4P-MSP,222,1.0,75,substitution_1pct,2400,0.7375,0.7375,0.47634160003570514,0.7371303395399781,0.8271305555555555,0.8060576169703795,0.718325639696456,0.7552815901384559,0.7658831763309699,-0.02875283679099183,0.96245793395184
tax_434085,ck4p_msp,CK4P-MSP,222,1.0,100,N_3pct,2400,0.7620833333333333,0.7620833333333333,0.5252491021236981,0.7618381837832728,0.8482361111111111,0.829980505772328,0.7448888162283978,0.7790806957031943,0.7658831763309699,-0.004044992547697079,0.9947185253930306
tax_434085,ck4p_msp,CK4P-MSP,222,1.0,100,clean,2400,0.76625,0.76625,0.5341765697759018,0.7658831763309699,0.8589201388888891,0.839680977143804,0.7483551857047573,0.7831279561450776,0.7658831763309699,0.0,1.0
tax_434085,ck4p_msp,CK4P-MSP,222,1.0,100,substitution_1pct,2400,0.76375,0.7637499999999999,0.5287058330632695,0.7634805896091016,0.8505534722222221,0.8283001444722224,0.7454392350459612,0.7810894275749138,0.7658831763309699,-0.0024025867218683272,0.9968629853793393
tax_434085,ck5,CK5,512,1.0,69,N_3pct,2400,0.7295833333333334,0.7295833333333333,0.46472249062802323,0.7279669564382114,0.8157361111111112,0.7892583916362331,0.710843944556177,0.7445994231282338,0.779779167442908,-0.05181221100469657,0.9335552767143013
tax_434085,ck5,CK5,512,1.0,69,clean,2400,0.7333333333333333,0.7333333333333334,0.4692606353608485,0.7325963018904188,0.8251208333333333,0.7992071480912748,0.7154895571339577,0.7508281939945198,0.779779167442908,-0.047182865552489184,0.9394920157879908
tax_434085,ck5,CK5,512,1.0,69,substitution_1pct,2400,0.7308333333333333,0.7308333333333333,0.4641513698359124,0.7301128846726956,0.8193381944444444,0.7893405780664353,0.7128128122153938,0.7487172279206203,0.779779167442908,-0.049666282770212344,0.9363072458923459
tax_434085,ck5,CK5,512,1.0,75,N_3pct,2400,0.7379166666666667,0.7379166666666667,0.4786068194205878,0.737157297671972,0.8232326388888889,0.7942789915309943,0.7195258186654848,0.7535714604166345,0.779779167442908,-0.04262186977093596,0.9453411022627037
tax_434085,ck5,CK5,512,1.0,75,clean,2400,0.7483333333333333,0.7483333333333333,0.49788799020124225,0.7480246635461774,0.8334340277777779,0.8066118127724651,0.7317881109015717,0.7654887320534897,0.779779167442908,-0.031754503896730624,0.9592775682878761
tax_434085,ck5,CK5,512,1.0,75,substitution_1pct,2400,0.745,0.745,0.4913228936241285,0.7446567051257802,0.8293826388888887,0.8026451937399625,0.726496106496685,0.7617564266675018,0.779779167442908,-0.03512246231712779,0.9549584500541312
tax_434085,ck5,CK5,512,1.0,100,N_3pct,2400,0.7683333333333333,0.7683333333333333,0.5367031935436425,0.7683254499632279,0.8481131944444444,0.8259974784202345,0.7503351726978409,0.7857693500421538,0.779779167442908,-0.011453717479680048,0.9853115882574298
tax_434085,ck5,CK5,512,1.0,100,clean,2400,0.78,0.78,0.5611265011370775,0.779779167442908,0.8610437500000001,0.8388340061598791,0.7626667301512775,0.7965232011033105,0.779779167442908,0.0,1.0
tax_434085,ck5,CK5,512,1.0,100,substitution_1pct,2400,0.7708333333333334,0.7708333333333334,0.542300474125849,0.7706994154224793,0.8530430555555556,0.8285356100792934,0.7520029150088385,0.7869716561755047,0.779779167442908,-0.009079752020428655,0.988355995646558
tax_434085,pseknc_k3_l3,PseKNC,67,1.0,69,N_3pct,2400,0.7070833333333333,0.7070833333333333,0.414602372057755,0.7069294203987337,0.7951013888888889,0.7702537451484337,0.6877871179463657,0.7238817215808871,0.7608430595184619,-0.05391363911972813,0.9291396058027392
tax_434085,pseknc_k3_l3,PseKNC,67,1.0,69,clean,2400,0.715,0.7150000000000001,0.4310573874896661,0.7146504467973267,0.8034131944444444,0.7766752162108179,0.6971199582496344,0.7314794901470113,0.7608430595184619,-0.04619261272113517,0.9392875940139738
tax_434085,pseknc_k3_l3,PseKNC,67,1.0,69,substitution_1pct,2400,0.7179166666666666,0.7179166666666666,0.4372055492845018,0.7174739935402258,0.7993131944444444,0.7704366185856425,0.7001999121335905,0.73385005181012,0.7608430595184619,-0.04336906597823609,0.9429986704410704
tax_434085,pseknc_k3_l3,PseKNC,67,1.0,75,N_3pct,2400,0.7254166666666667,0.7254166666666666,0.45086855881554,0.7254059403362111,0.8029249999999999,0.7742015920365187,0.7058034999468067,0.7437369313669061,0.7608430595184619,-0.03543711918225079,0.9534238779746785
tax_434085,pseknc_k3_l3,PseKNC,67,1.0,75,clean,2400,0.72375,0.72375,0.4479707722233691,0.723604844558123,0.8103569444444445,0.7821713726384933,0.7054797233701401,0.7411608707357467,0.7608430595184619,-0.037238214960338856,0.9510566410582664
tax_434085,pseknc_k3_l3,PseKNC,67,1.0,75,substitution_1pct,2400,0.7216666666666667,0.7216666666666667,0.44378289121469927,0.7215256890467465,0.8052000000000001,0.7782807074197595,0.7038642752992524,0.7398699707003139,0.7608430595184619,-0.03931737047171535,0.9483239414753952
tax_434085,pseknc_k3_l3,PseKNC,67,1.0,100,N_3pct,2400,0.7554166666666666,0.7554166666666666,0.5157318749592001,0.7542551382184021,0.8271798611111111,0.8006857704245478,0.7368268198008495,0.7716145090166338,0.7608430595184619,-0.006587921300059807,0.9913412875130525
tax_434085,pseknc_k3_l3,PseKNC,67,1.0,100,clean,2400,0.76125,0.76125,0.524287261415879,0.7608430595184619,0.8353395833333334,0.8065835916465351,0.7442468669747008,0.7773029181196602,0.7608430595184619,0.0,1.0
tax_434085,pseknc_k3_l3,PseKNC,67,1.0,100,substitution_1pct,2400,0.755,0.755,0.5115719462716326,0.7546235857645514,0.8305673611111112,0.7973209520478888,0.7379310489931336,0.771699856171316,0.7608430595184619,-0.0062194737539105205,0.9918255497292086
tax_434085,ncp_anf,NCP+ANF,400,1.0,69,N_3pct,2400,0.5429166666666667,0.5429166666666667,0.09422319247515025,0.5226088966858418,0.6251798611111111,0.5617314234735347,0.5042203194830966,0.5411281102219221,0.5721957836683864,-0.04958688698254465,0.9133393002922187
tax_434085,ncp_anf,NCP+ANF,400,1.0,69,clean,2400,0.54375,0.5437500000000001,0.09375601690174479,0.5285455108760138,0.62328125,0.5586284111691926,0.5099545812392277,0.5483591744486678,0.5721957836683864,-0.04365027279237266,0.9237144452331897
tax_434085,ncp_anf,NCP+ANF,400,1.0,69,substitution_1pct,2400,0.545,0.545,0.09620549586887729,0.5303414343223498,0.6203256944444444,0.5579890847708369,0.5097841772209682,0.549540559935649,0.5721957836683864,-0.0418543493460366,0.9268530972428607
tax_434085,ncp_anf,NCP+ANF,400,1.0,75,N_3pct,2400,0.5729166666666666,0.5729166666666666,0.14660550388034987,0.5717919514641843,0.6226638888888888,0.5549168117903471,0.553288246460187,0.5917630798804006,0.5721957836683864,-0.00040383220420214805,0.9992942412095155
tax_434085,ncp_anf,NCP+ANF,400,1.0,75,clean,2400,0.5675,0.5674999999999999,0.1354524519645015,0.5667776619210225,0.6218111111111111,0.5552088559782995,0.547014564793248,0.5855645935739033,0.5721957836683864,-0.005418121747363891,0.9905310002240353
tax_434085,ncp_anf,NCP+ANF,400,1.0,75,substitution_1pct,2400,0.5733333333333334,0.5733333333333334,0.14701029648221428,0.57283467714742,0.6202395833333333,0.5549021436851816,0.5536946246984831,0.5918728507249184,0.5721957836683864,0.0006388934790335643,1.0011165644649416
tax_434085,ncp_anf,NCP+ANF,400,1.0,100,N_3pct,2400,0.5845833333333333,0.5845833333333333,0.17015268711449968,0.5833796912225059,0.607636111111111,0.5450940210092963,0.5634063489440286,0.6030761647523316,0.5721957836683864,0.011183907554119465,1.019545595884015
tax_434085,ncp_anf,NCP+ANF,400,1.0,100,clean,2400,0.5725,0.5725,0.14520666320838757,0.5721957836683864,0.6088020833333333,0.5452729317370052,0.5533001459142396,0.5926210754834983,0.5721957836683864,0.0,1.0
tax_434085,ncp_anf,NCP+ANF,400,1.0,100,substitution_1pct,2400,0.5716666666666667,0.5716666666666667,0.14352502739148654,0.57138062276283,0.6083125,0.5473996408637138,0.5517729358847023,0.5901694021897725,0.5721957836683864,-0.0008151609055564446,0.9985753811390737
tax_434085,pseeiip,PseEIIP,64,1.0,69,N_3pct,2400,0.6975,0.6975,0.40777365716130487,0.692763219610114,0.80020625,0.7774054895943177,0.6731758885185094,0.7103399855417224,0.7642735740767685,-0.07151035446665455,0.9064335639852025
tax_434085,pseeiip,PseEIIP,64,1.0,69,clean,2400,0.7158333333333333,0.7158333333333333,0.4385649692579314,0.7135986069077889,0.8097701388888888,0.7850466184920741,0.6944645282297299,0.7316165692124772,0.7642735740767685,-0.05067496716897968,0.9336952514285289
tax_434085,pseeiip,PseEIIP,64,1.0,69,substitution_1pct,2400,0.7170833333333333,0.7170833333333333,0.4418633607320286,0.7146194987943655,0.8062743055555555,0.7777409696100681,0.6966249525976489,0.7335543375658868,0.7642735740767685,-0.049654075282403065,0.9350310190400284
tax_434085,pseeiip,PseEIIP,64,1.0,75,N_3pct,2400,0.7141666666666666,0.7141666666666666,0.4350467868086319,0.7119613709127172,0.8091875,0.7840246078950877,0.6937404322821827,0.7299162815110362,0.7642735740767685,-0.052312203164051385,0.9315530394633312
tax_434085,pseeiip,PseEIIP,64,1.0,75,clean,2400,0.7270833333333333,0.7270833333333333,0.4578055819659299,0.7259986972737045,0.817673611111111,0.7914021104981949,0.7060588257152515,0.7434621078896952,0.7642735740767685,-0.03827487680306407,0.9499199264487201
tax_434085,pseeiip,PseEIIP,64,1.0,75,substitution_1pct,2400,0.7258333333333333,0.7258333333333333,0.4553342295291179,0.7247291915349345,0.8122756944444444,0.786546638154963,0.7073660036765821,0.7418506136093376,0.7642735740767685,-0.03954438254183401,0.9482588645177179
tax_434085,pseeiip,PseEIIP,64,1.0,100,N_3pct,2400,0.7558333333333334,0.7558333333333334,0.5117014919810504,0.7558250246015317,0.8353597222222222,0.8088098145447479,0.7383325019309817,0.7741104491597599,0.7642735740767685,-0.008448549475236877,0.9889456475249159
tax_434085,pseeiip,PseEIIP,64,1.0,100,clean,2400,0.7645833333333333,0.7645833333333334,0.530562889401612,0.7642735740767685,0.8432805555555555,0.8171292951108119,0.7455293395526731,0.7805409905291846,0.7642735740767685,0.0,1.0
tax_434085,pseeiip,PseEIIP,64,1.0,100,substitution_1pct,2400,0.76,0.76,0.5211019931729249,0.7597462319575051,0.8384312500000001,0.8072731060594867,0.7429222207761481,0.775682203982565,0.7642735740767685,-0.004527342119263422,0.9940762807025842
tax_434085,hash_k15_d222,Hashed k=15,222,1.0,69,N_3pct,2400,0.51375,0.5137499999999999,0.027500009548616085,0.5137499155815826,0.5101819444444444,0.5076180719432362,0.4937491738266815,0.5320694868903328,0.519998666662963,-0.006248751081380455,0.9879831401847986
tax_434085,hash_k15_d222,Hashed k=15,222,1.0,69,clean,2400,0.50875,0.50875,0.017502680303147843,0.5087123857920373,0.5124277777777777,0.5104898160614926,0.48832999326369403,0.529136070596035,0.519998666662963,-0.011286280870925758,0.9782955580571884
tax_434085,hash_k15_d222,Hashed k=15,222,1.0,69,substitution_1pct,2400,0.49083333333333334,0.49083333333333334,-0.018333358796349345,0.49083297974512485,0.4964215277777777,0.4948040693321977,0.46957854480069555,0.5129193824464019,0.519998666662963,-0.029165686917838163,0.9439119967268265
tax_434085,hash_k15_d222,Hashed k=15,222,1.0,75,N_3pct,2400,0.49666666666666665,0.4966666666666667,-0.006667787319542863,0.49662436913101726,0.5050423611111111,0.5106201015620135,0.4769694283660899,0.5166106740257358,0.519998666662963,-0.023374297531945754,0.9550493125646882
tax_434085,hash_k15_d222,Hashed k=15,222,1.0,75,clean,2400,0.50875,0.50875,0.017500492208265134,0.5087430916997271,0.5149118055555556,0.5140045659506733,0.48833225838768396,0.5277660600332887,0.519998666662963,-0.011255574963235926,0.9783546080310794
tax_434085,hash_k15_d222,Hashed k=15,222,1.0,75,substitution_1pct,2400,0.5266666666666666,0.5266666666666666,0.053335185281641384,0.526658448931405,0.5215895833333334,0.511426381247713,0.5058318576915163,0.5445555370176297,0.519998666662963,0.006659782268441994,1.012807306432496
tax_434085,hash_k15_d222,Hashed k=15,222,1.0,100,N_3pct,2400,0.51625,0.51625,0.03250949461042853,0.5161793588265231,0.5229611111111111,0.518248567900758,0.4969697746678806,0.5374618164700442,0.519998666662963,-0.0038193078364399113,0.992655158404636
tax_434085,hash_k15_d222,Hashed k=15,222,1.0,100,clean,2400,0.52,0.52,0.04000022222407409,0.519998666662963,0.5273416666666667,0.5192728318964916,0.499097375040389,0.5412325254025454,0.519998666662963,0.0,1.0
tax_434085,hash_k15_d222,Hashed k=15,222,1.0,100,substitution_1pct,2400,0.5129166666666667,0.5129166666666667,0.02583341406287842,0.5129159055977691,0.51925625,0.5141570589397968,0.49324566208193316,0.5332876991518084,0.519998666662963,-0.007082761065193899,0.986379270718814
tax_247639,ck4,CK4,136,1.0,69,N_3pct,2400,0.6904166666666667,0.6904166666666667,0.40834329205011644,0.6800006316721492,0.8096097222222223,0.7822086774470357,0.6618048456370743,0.69692570381313,0.7932638470152468,-0.11326321534309758,0.8572187352678879
tax_247639,ck4,CK4,136,1.0,69,clean,2400,0.7229166666666667,0.7229166666666667,0.4609714350903583,0.7183682652561552,0.8231062499999999,0.7964150606440012,0.700093694911525,0.7365986176393996,0.7932638470152468,-0.07489558175909161,0.9055855349504512
tax_247639,ck4,CK4,136,1.0,69,substitution_1pct,2400,0.71375,0.71375,0.4420156003763623,0.7090511251593663,0.8184083333333333,0.7974790483208966,0.6910340179554377,0.728233383165979,0.7932638470152468,-0.08421272185588047,0.8938402119638488
tax_247639,ck4,CK4,136,1.0,75,N_3pct,2400,0.7245833333333334,0.7245833333333334,0.4663790321632952,0.7195027787153814,0.8212625,0.7967605758837213,0.7018983220960707,0.7363227295547292,0.7932638470152468,-0.0737610682998654,0.9070157191993553
tax_247639,ck4,CK4,136,1.0,75,clean,2400,0.7458333333333333,0.7458333333333333,0.4992233016149853,0.7439098114728404,0.8318756944444444,0.8073592917511359,0.7263809443064251,0.761753977762509,0.7932638470152468,-0.04935403554240636,0.9377835814299278
tax_247639,ck4,CK4,136,1.0,75,substitution_1pct,2400,0.7404166666666666,0.7404166666666667,0.4896744074534596,0.7380734701113485,0.8263625,0.8017757250512277,0.7210242640099678,0.7560541166907252,0.7932638470152468,-0.055190376903898275,0.9304262042048697
tax_247639,ck4,CK4,136,1.0,100,N_3pct,2400,0.775,0.775,0.5511655697021322,0.774762092460161,0.8581694444444444,0.8417337356669341,0.7572565822950237,0.790605666871382,0.7932638470152468,-0.018501754555085737,0.976676417783691
tax_247639,ck4,CK4,136,1.0,100,clean,2400,0.7933333333333333,0.7933333333333333,0.5870614351398747,0.7932638470152468,0.8703472222222222,0.8514325806912457,0.7768480929365136,0.8099532800061798,0.7932638470152468,0.0,1.0
tax_247639,ck4,CK4,136,1.0,100,substitution_1pct,2400,0.7870833333333334,0.7870833333333334,0.574607567805379,0.7870016469857972,0.8645972222222222,0.8458910412460778,0.7712478157246708,0.8032426979905749,0.7932638470152468,-0.0062622000294495495,0.9921057791137061
tax_247639,ck4_p,CK4+P,147,1.0,69,N_3pct,2400,0.7120833333333333,0.7120833333333334,0.4352432493940071,0.7084203128925728,0.80764375,0.7815465691269265,0.6904173045456818,0.7271452629083541,0.7907752153375938,-0.08235490244502097,0.8958554835208606
tax_247639,ck4_p,CK4+P,147,1.0,69,clean,2400,0.72125,0.72125,0.45139110159530016,0.7185049837556547,0.8210423611111112,0.794892618545629,0.7018360779492655,0.7359679937961155,0.7907752153375938,-0.07227023158193902,0.9086083754520736
tax_247639,ck4_p,CK4+P,147,1.0,69,substitution_1pct,2400,0.72,0.72,0.44861189385189887,0.7173127038913674,0.8166993055555555,0.7961133405364285,0.6999852136494591,0.7364352475111096,0.7907752153375938,-0.0734625114462264,0.907100639952576
tax_247639,ck4_p,CK4+P,147,1.0,75,N_3pct,2400,0.72875,0.72875,0.4646008720740786,0.7266772550657162,0.8187145833333334,0.7950583557034179,0.7080263963700056,0.7450372127008851,0.7907752153375938,-0.06409796027187753,0.9189428815816981
tax_247639,ck4_p,CK4+P,147,1.0,75,clean,2400,0.7458333333333333,0.7458333333333333,0.49576611185594577,0.7447825107682953,0.8291743055555556,0.8053301084397719,0.7266245404712377,0.7620256753980935,0.7907752153375938,-0.04599270456929849,0.9418384596820432
tax_247639,ck4_p,CK4+P,147,1.0,75,substitution_1pct,2400,0.74375,0.74375,0.49172669727054913,0.7426487062430878,0.8234368055555555,0.799443687971797,0.7264894656569553,0.7598787351349513,0.7907752153375938,-0.048126509094506,0.9391400891668562
tax_247639,ck4_p,CK4+P,147,1.0,100,N_3pct,2400,0.775,0.775,0.5500275020626719,0.7749943748593715,0.8551798611111111,0.839686196118244,0.7591651614489257,0.79121581570542,0.7907752153375938,-0.015780840478222258,0.9800438352490788
tax_247639,ck4_p,CK4+P,147,1.0,100,clean,2400,0.7908333333333334,0.7908333333333333,0.5819900843545236,0.7907752153375938,0.8673173611111111,0.849163252608869,0.7751563550675243,0.807068562020113,0.7907752153375938,0.0,1.0
tax_247639,ck4_p,CK4+P,147,1.0,100,substitution_1pct,2400,0.78625,0.78625,0.573102272844422,0.7861376851558327,0.8614993055555557,0.8431130181143637,0.7706026774458831,0.8029088714596512,0.7907752153375938,-0.0046375301817610515,0.9941354634138587
tax_247639,ck4_msp,CK4+MSP,211,1.0,69,N_3pct,2400,0.7029166666666666,0.7029166666666666,0.42328322744470226,0.696795676751447,0.8056298611111111,0.7795994256508563,0.6793118283884656,0.7142188016978326,0.7895093327081135,-0.09271365595666647,0.8825680050688606
tax_247639,ck4_msp,CK4+MSP,211,1.0,69,clean,2400,0.7229166666666667,0.7229166666666667,0.4554263692134654,0.7199987719244383,0.8189847222222222,0.7923818685856485,0.702567799501564,0.7370172401386339,0.7895093327081135,-0.06951056078367523,0.9119572652228879
tax_247639,ck4_msp,CK4+MSP,211,1.0,69,substitution_1pct,2400,0.7179166666666666,0.7179166666666666,0.4453700135997123,0.7148969001705741,0.8145388888888889,0.7937397386710714,0.6970706136893389,0.7318010653637926,0.7895093327081135,-0.07461243253753946,0.9054951861283138
tax_247639,ck4_msp,CK4+MSP,211,1.0,75,N_3pct,2400,0.7258333333333333,0.7258333333333333,0.46230927012169515,0.7226780255349757,0.8173215277777778,0.7937377157428972,0.7052623196233526,0.7391971475044008,0.7895093327081135,-0.06683130717313779,0.915350833227141
tax_247639,ck4_msp,CK4+MSP,211,1.0,75,clean,2400,0.7458333333333333,0.7458333333333333,0.4963236257709599,0.7446409484286348,0.8274597222222222,0.8034414130840916,0.7267934420751286,0.7619490566730519,0.7895093327081135,-0.0448683842794787,0.9431692794237471
tax_247639,ck4_msp,CK4+MSP,211,1.0,75,substitution_1pct,2400,0.7416666666666667,0.7416666666666667,0.488140786128261,0.7403946002076843,0.8217784722222223,0.7977964487863626,0.7226654116663469,0.7596830165139192,0.7895093327081135,-0.04911473250042919,0.9377908145405202
tax_247639,ck4_msp,CK4+MSP,211,1.0,100,N_3pct,2400,0.7704166666666666,0.7704166666666667,0.5417296215655895,0.7702267447103412,0.8538451388888889,0.838235151248871,0.7536952048137919,0.7861038819201158,0.7895093327081135,-0.01928258799777227,0.9755764913739137
tax_247639,ck4_msp,CK4+MSP,211,1.0,100,clean,2400,0.7895833333333333,0.7895833333333333,0.5795743232298685,0.7895093327081135,0.86603125,0.8475820845061538,0.7741090015294116,0.8045508263332839,0.7895093327081135,0.0,1.0
tax_247639,ck4_msp,CK4+MSP,211,1.0,100,substitution_1pct,2400,0.7845833333333333,0.7845833333333334,0.5698098463980711,0.7844617562927423,0.8601770833333334,0.8414401493360889,0.7678400047344596,0.7999765250227284,0.7895093327081135,-0.0050475764153712355,0.9936066918955125
tax_247639,ck4p_msp,CK4P-MSP,222,1.0,69,N_3pct,2400,0.71375,0.71375,0.4362397886881305,0.7108828716162485,0.8049097222222223,0.7791263073644444,0.6926144149782079,0.7287728263872452,0.7874219070755855,-0.07653903545933693,0.9027979349170052
tax_247639,ck4p_msp,CK4P-MSP,222,1.0,69,clean,2400,0.7266666666666667,0.7266666666666667,0.4596332659691143,0.7247935427167829,0.8180472222222221,0.7916458672369087,0.7074043443681866,0.7427078733406269,0.7874219070755855,-0.06262836435880259,0.9204640310409972
tax_247639,ck4p_msp,CK4P-MSP,222,1.0,69,substitution_1pct,2400,0.72125,0.72125,0.448970810313761,0.7192413571330024,0.8137215277777778,0.7929759717271874,0.701423051749465,0.7355951237044531,0.7874219070755855,-0.06818054994258305,0.9134129374228366
tax_247639,ck4p_msp,CK4P-MSP,222,1.0,75,N_3pct,2400,0.73125,0.73125,0.4684722117052107,0.7295370208432959,0.81605625,0.7927602581124541,0.7121208756225021,0.7476518107461537,0.7874219070755855,-0.0578848862322896,0.9264880927084327
tax_247639,ck4p_msp,CK4P-MSP,222,1.0,75,clean,2400,0.7429166666666667,0.7429166666666667,0.4890308070587954,0.7420762202391786,0.8261284722222223,0.8024950055353564,0.7246682163680638,0.7583934751099356,0.7874219070755855,-0.04534568683640683,0.9424124647422921
tax_247639,ck4p_msp,CK4P-MSP,222,1.0,75,substitution_1pct,2400,0.74125,0.74125,0.4854911072184942,0.740452929142988,0.8202875,0.7966415113918123,0.7222712142896942,0.7580915745957322,0.7874219070755855,-0.04696897793259747,0.9403509382828374
tax_247639,ck4p_msp,CK4P-MSP,222,1.0,100,N_3pct,2400,0.7720833333333333,0.7720833333333333,0.5441713903971551,0.7720823441073963,0.8521243055555555,0.8366930952448784,0.7553492865627259,0.7883396819624736,0.7874219070755855,-0.015339562968189169,0.9805192580618453
tax_247639,ck4p_msp,CK4P-MSP,222,1.0,100,clean,2400,0.7875,0.7875,0.5754229314405879,0.7874219070755855,0.8643111111111111,0.845981780287087,0.7710707514591808,0.8035881101862765,0.7874219070755855,0.0,1.0
tax_247639,ck4p_msp,CK4P-MSP,222,1.0,100,substitution_1pct,2400,0.7820833333333334,0.7820833333333332,0.5648041962100939,0.781960345340627,0.8584833333333334,0.8399052694181555,0.7644486350191425,0.7975046625563743,0.7874219070755855,-0.005461561734958487,0.9930639956980086
tax_247639,ck5,CK5,512,1.0,69,N_3pct,2400,0.7091666666666666,0.7091666666666667,0.4230129475762924,0.7075580327621591,0.7992541666666666,0.7748678158010256,0.6897199254349803,0.7258656500986057,0.7778842362226845,-0.07032620346052543,0.9095929700259497
tax_247639,ck5,CK5,512,1.0,69,clean,2400,0.74125,0.74125,0.4848098645334006,0.7406335995389042,0.8163583333333332,0.791373323439285,0.7234470493151781,0.757280167449386,0.7778842362226845,-0.03725063668378037,0.9521128788202919
tax_247639,ck5,CK5,512,1.0,69,substitution_1pct,2400,0.7345833333333334,0.7345833333333334,0.4714907209100375,0.7339291964150056,0.8115840277777777,0.789764191264288,0.7160876192147879,0.7523296507015362,0.7778842362226845,-0.0439550398076789,0.943494111641702
tax_247639,ck5,CK5,512,1.0,75,N_3pct,2400,0.7329166666666667,0.7329166666666667,0.4687211207860764,0.7320939252506526,0.8115430555555556,0.7936661999739429,0.7146413231447246,0.7499863164073107,0.7778842362226845,-0.0457903109720319,0.9411348002186234
tax_247639,ck5,CK5,512,1.0,75,clean,2400,0.74375,0.74375,0.4885067166015316,0.7434859597665722,0.8233458333333333,0.8001851282442742,0.726399794893047,0.7598305908035011,0.7778842362226845,-0.034398276456112375,0.9557796972167139
tax_247639,ck5,CK5,512,1.0,75,substitution_1pct,2400,0.7391666666666666,0.7391666666666666,0.47934702577124827,0.7388908701482608,0.8172555555555556,0.7959546109458147,0.722088978208434,0.7561481640458265,0.7778842362226845,-0.03899336607442372,0.9498725333942092
tax_247639,ck5,CK5,512,1.0,100,N_3pct,2400,0.76,0.76,0.5205273009736322,0.7598784384594701,0.8432041666666668,0.8267085814234657,0.742033307262903,0.7774266740684672,0.7778842362226845,-0.018005797763214426,0.9768528568586908
tax_247639,ck5,CK5,512,1.0,100,clean,2400,0.7779166666666667,0.7779166666666667,0.555995715516816,0.7778842362226845,0.8563402777777778,0.8397995506490689,0.7616549975031476,0.7937343438602374,0.7778842362226845,0.0,1.0
tax_247639,ck5,CK5,512,1.0,100,substitution_1pct,2400,0.77375,0.7737499999999999,0.5477330262903388,0.7737018723600071,0.8508861111111111,0.8330954914800323,0.7578520012956885,0.7911486925570677,0.7778842362226845,-0.004182363862677452,0.9946234109550972
tax_247639,pseknc_k3_l3,PseKNC,67,1.0,69,N_3pct,2400,0.72,0.72,0.4432932181312517,0.7189599566729934,0.7925361111111111,0.7589794985074202,0.6999249132516183,0.7360140012681308,0.7669016704164061,-0.04794171374341272,0.9374864919548529
tax_247639,pseknc_k3_l3,PseKNC,67,1.0,69,clean,2400,0.7270833333333333,0.7270833333333333,0.4602845182760138,0.7252696839814925,0.804488888888889,0.7737430449694762,0.7064757435031116,0.7427902820669819,0.7669016704164061,-0.041631986434913615,0.9457140490875334
tax_247639,pseknc_k3_l3,PseKNC,67,1.0,69,substitution_1pct,2400,0.72,0.72,0.4456211914999555,0.7182340711752476,0.7996888888888889,0.7703628814571142,0.7000459070286904,0.7356281045704419,0.7669016704164061,-0.04866759924115849,0.9365399749165583
tax_247639,pseknc_k3_l3,PseKNC,67,1.0,75,N_3pct,2400,0.7341666666666666,0.7341666666666666,0.4705369464787519,0.7335441963030301,0.8037368055555556,0.7745531639548047,0.7158545586906773,0.7501602036708175,0.7669016704164061,-0.03335747411337597,0.9565035839662941
tax_247639,pseknc_k3_l3,PseKNC,67,1.0,75,clean,2400,0.7370833333333333,0.7370833333333333,0.4771061140022853,0.7362734271968203,0.8132854166666666,0.7864457442294741,0.7188669218421279,0.7538941943508133,0.7669016704164061,-0.030628243219585793,0.9600623594900302
tax_247639,pseknc_k3_l3,PseKNC,67,1.0,75,substitution_1pct,2400,0.7270833333333333,0.7270833333333333,0.4575189957745632,0.7260834905187774,0.8071493055555556,0.7795627777560945,0.7075586830294232,0.7425557262750038,0.7669016704164061,-0.040818179897628704,0.9467752106010336
tax_247639,pseknc_k3_l3,PseKNC,67,1.0,100,N_3pct,2400,0.7541666666666667,0.7541666666666667,0.5104825936943184,0.7536491588232224,0.83528125,0.8147397199917832,0.736067869031771,0.769015627462893,0.7669016704164061,-0.013252511593183747,0.9827194122735604
tax_247639,pseknc_k3_l3,PseKNC,67,1.0,100,clean,2400,0.7670833333333333,0.7670833333333333,0.5350012135591182,0.7669016704164061,0.8471916666666667,0.822288970146438,0.7497030529304491,0.7836960788643209,0.7669016704164061,0.0,1.0
tax_247639,pseknc_k3_l3,PseKNC,67,1.0,100,substitution_1pct,2400,0.7675,0.7675000000000001,0.5363155867603985,0.7672148381767665,0.8413701388888888,0.8155655641827879,0.7501008383698947,0.7839268817585915,0.7669016704164061,0.00031316776036038885,1.000408354515893
tax_247639,ncp_anf,NCP+ANF,400,1.0,69,N_3pct,2400,0.53375,0.53375,0.0720816604937423,0.5189475311400689,0.5534930555555555,0.543926861266522,0.49967105405018436,0.5383993918956748,0.5406495931706016,-0.02170206203053271,0.9598592835273166
tax_247639,ncp_anf,NCP+ANF,400,1.0,69,clean,2400,0.5370833333333334,0.5370833333333334,0.07812215996081448,0.5253718001000736,0.5601548611111111,0.5484206277596964,0.5055520941487602,0.5442959056567122,0.5406495931706016,-0.015277793070528012,0.9717417838401904
tax_247639,ncp_anf,NCP+ANF,400,1.0,69,substitution_1pct,2400,0.53125,0.53125,0.06564539478174508,0.5200265371994544,0.5600354166666667,0.546674082444262,0.5001367728419114,0.5406745426407297,0.5406495931706016,-0.02062305597114722,0.9618550420981458
tax_247639,ncp_anf,NCP+ANF,400,1.0,75,N_3pct,2400,0.5470833333333334,0.5470833333333334,0.09466526821988305,0.5458905865771398,0.5646041666666666,0.5438949257426666,0.525666920998143,0.5663451146313372,0.5406495931706016,0.005240993406538275,1.0096938820869221
tax_247639,ncp_anf,NCP+ANF,400,1.0,75,clean,2400,0.54375,0.54375,0.08831856274923217,0.5416357151590383,0.5638208333333333,0.5438853216573577,0.5230731980917804,0.5625542560108575,0.5406495931706016,0.0009861219884367278,1.001823957699947
tax_247639,ncp_anf,NCP+ANF,400,1.0,75,substitution_1pct,2400,0.5404166666666667,0.5404166666666667,0.08172726156922298,0.5379032938006041,0.5596395833333333,0.541023206109182,0.5182654619153124,0.5584096129008955,0.5406495931706016,-0.0027462993699974847,0.9949203709672803
tax_247639,ncp_anf,NCP+ANF,400,1.0,100,N_3pct,2400,0.54,0.54,0.08043056228203536,0.5387687688524088,0.5633430555555556,0.5469891291386383,0.5196669402421553,0.5571774143008469,0.5406495931706016,-0.0018808243181928086,0.9965211768547483
tax_247639,ncp_anf,NCP+ANF,400,1.0,100,clean,2400,0.5408333333333334,0.5408333333333333,0.0817320785046799,0.5406495931706016,0.5663097222222223,0.5518764881483886,0.5202959918584877,0.5610826779212178,0.5406495931706016,0.0,1.0
tax_247639,ncp_anf,NCP+ANF,400,1.0,100,substitution_1pct,2400,0.5370833333333334,0.5370833333333334,0.07423373931366554,0.5368742030906665,0.5610333333333333,0.5479453448389571,0.5176484451608402,0.5566101132732688,0.5406495931706016,-0.0037753900799351037,0.9930169371666506
tax_247639,pseeiip,PseEIIP,64,1.0,69,N_3pct,2400,0.6920833333333334,0.6920833333333334,0.41307199001559014,0.6813235207713781,0.8018847222222222,0.7717916154358447,0.6622260240170801,0.6997973766431513,0.7748497434746382,-0.09352622270326005,0.8792976012563896
tax_247639,pseeiip,PseEIIP,64,1.0,69,clean,2400,0.7154166666666667,0.7154166666666666,0.45102123718919224,0.7090508921321093,0.8144263888888889,0.7867589739978622,0.6913027996932429,0.7266959478324221,0.7748497434746382,-0.06579885134252894,0.9150817924421464
tax_247639,pseeiip,PseEIIP,64,1.0,69,substitution_1pct,2400,0.7108333333333333,0.7108333333333333,0.44130599586344227,0.7044022344465102,0.8095097222222222,0.7839839488368717,0.6852305618731819,0.7232310188824824,0.7748497434746382,-0.07044750902812802,0.9090823612946917
tax_247639,pseeiip,PseEIIP,64,1.0,75,N_3pct,2400,0.7054166666666667,0.7054166666666666,0.43199782621830096,0.6982049705470604,0.8152118055555555,0.786346959931706,0.6812314343269311,0.7161337941493966,0.7748497434746382,-0.07664477292757776,0.9010843410957566
tax_247639,pseeiip,PseEIIP,64,1.0,75,clean,2400,0.7291666666666666,0.7291666666666666,0.4687866253858433,0.7261474422171104,0.825167361111111,0.8005345167392772,0.7054301624890214,0.7442365814746342,0.7748497434746382,-0.048702301257527836,0.9371461348891549
tax_247639,pseeiip,PseEIIP,64,1.0,75,substitution_1pct,2400,0.7245833333333334,0.7245833333333334,0.45966492325372027,0.721438636692874,0.819542361111111,0.7943722537738336,0.7022072968451396,0.737732476458926,0.7748497434746382,-0.053411106781764195,0.9310690785774102
tax_247639,pseeiip,PseEIIP,64,1.0,100,N_3pct,2400,0.7545833333333334,0.7545833333333334,0.5095250525085606,0.7544970236932255,0.8482444444444444,0.8292858028513708,0.7378527223565036,0.7716173295596801,0.7748497434746382,-0.02035271978141273,0.9737333335232898
tax_247639,pseeiip,PseEIIP,64,1.0,100,clean,2400,0.775,0.7749999999999999,0.550735570223146,0.7748497434746382,0.8601138888888888,0.837086297881189,0.758466776471827,0.7920044537632581,0.7748497434746382,0.0,1.0
tax_247639,pseeiip,PseEIIP,64,1.0,100,substitution_1pct,2400,0.7770833333333333,0.7770833333333333,0.5551392049179567,0.7768880716613272,0.8542166666666666,0.8312838624760346,0.7596701478831593,0.7933095064775644,0.7748497434746382,0.0020383281866890313,1.002630610907282
tax_247639,hash_k15_d222,Hashed k=15,222,1.0,69,N_3pct,2400,0.51125,0.51125,0.02251189223420896,0.5111209053640726,0.5145173611111111,0.5132691936050388,0.4918891371455341,0.5307859370034723,0.5081967213114754,0.0029241840525972007,1.0057540395873688
tax_247639,hash_k15_d222,Hashed k=15,222,1.0,69,clean,2400,0.52125,0.52125,0.042520216672996027,0.5211361867082644,0.5218548611111111,0.5079110872532162,0.5014235337377257,0.5412552915786243,0.5081967213114754,0.01293946539678903,1.0254615286840043
tax_247639,hash_k15_d222,Hashed k=15,222,1.0,69,substitution_1pct,2400,0.5125,0.5125,0.025000555574074757,0.5124945832731476,0.5065548611111111,0.49512714652791445,0.4929120887843256,0.532081351177748,0.5081967213114754,0.004297861961672145,1.0084570832149033
tax_247639,hash_k15_d222,Hashed k=15,222,1.0,75,N_3pct,2400,0.5125,0.5125,0.025008893632440705,0.5124133179231863,0.5130305555555555,0.5047561439248873,0.49136961239168153,0.5308070944167295,0.5081967213114754,0.004216596611710921,1.0082971739778828
tax_247639,hash_k15_d222,Hashed k=15,222,1.0,75,clean,2400,0.5254166666666666,0.5254166666666666,0.05085751405985799,0.5253038439170699,0.5223249999999999,0.5082224789276992,0.5056940949607631,0.5457426711195692,0.5081967213114754,0.017107122605594438,1.0336624025464922
tax_247639,hash_k15_d222,Hashed k=15,222,1.0,75,substitution_1pct,2400,0.52625,0.52625,0.0525014766247954,0.5262433377969378,0.5206805555555555,0.5069958819504621,0.5053335695513839,0.5466740925859067,0.5081967213114754,0.018046616485462352,1.0355110840520387
tax_247639,hash_k15_d222,Hashed k=15,222,1.0,100,N_3pct,2400,0.5104166666666666,0.5104166666666666,0.020833687798398122,0.5104125017730186,0.5172465277777778,0.5234742871094024,0.4895617635699595,0.5320327506201883,0.5081967213114754,0.0022157804615431376,1.0043600841340041
tax_247639,hash_k15_d222,Hashed k=15,222,1.0,100,clean,2400,0.5083333333333333,0.5083333333333333,0.016675933649126753,0.5081967213114754,0.5123715277777777,0.5107290105665359,0.48715374889728646,0.5295599746743209,0.5081967213114754,0.0,1.0
tax_247639,hash_k15_d222,Hashed k=15,222,1.0,100,substitution_1pct,2400,0.49583333333333335,0.49583333333333335,-0.008336297877480235,0.49574368776671407,0.5066736111111111,0.5171039424043903,0.47524090930066554,0.5176304249700198,0.5081967213114754,-0.01245303354476135,0.9754956436699858
tax_1050222,ck4,CK4,136,1.0,69,N_3pct,2400,0.6583333333333333,0.6583333333333334,0.3301976747031111,0.6513358372900574,0.7657729166666667,0.7318269171251981,0.6308407941931294,0.6705917745113575,0.7380842520023553,-0.08674841471229788,0.8824681403553085
tax_1050222,ck4,CK4,136,1.0,69,clean,2400,0.6875,0.6875,0.3817091848823398,0.684753855810617,0.7790312500000001,0.7472966551504404,0.6660407293616813,0.7028135722079605,0.7380842520023553,-0.053330396191738294,0.9277448393634496
tax_1050222,ck4,CK4,136,1.0,69,substitution_1pct,2400,0.69125,0.6912499999999999,0.390455362278975,0.6881050046484349,0.7780805555555557,0.7432351140908688,0.6698444612184693,0.7060847047593835,0.7380842520023553,-0.04997924735392034,0.9322851731108864
tax_1050222,ck4,CK4,136,1.0,75,N_3pct,2400,0.68125,0.68125,0.3699109319285317,0.6780573461228969,0.7763770833333332,0.7469683641050324,0.6588806611959831,0.695590772411892,0.7380842520023553,-0.06002690587945836,0.9186720137753774
tax_1050222,ck4,CK4,136,1.0,75,clean,2400,0.6970833333333334,0.6970833333333333,0.39683791601600243,0.6960638279896856,0.7872979166666666,0.7565378160745062,0.6783340878308041,0.7158340478965424,0.7380842520023553,-0.0420204240126697,0.9430682555566359
tax_1050222,ck4,CK4,136,1.0,75,substitution_1pct,2400,0.695,0.6950000000000001,0.3932517633026824,0.6937390129219543,0.7801138888888888,0.7510505920898012,0.6757285740732184,0.7126750860038192,0.7380842520023553,-0.044345239080401,0.9399184592272544
tax_1050222,ck4,CK4,136,1.0,100,N_3pct,2400,0.7266666666666667,0.7266666666666667,0.4533963094166174,0.7266476838669351,0.8050583333333333,0.777862387279354,0.7095747415854362,0.7441133275862158,0.7380842520023553,-0.011436568135420155,0.9845050641516957
tax_1050222,ck4,CK4,136,1.0,100,clean,2400,0.73875,0.73875,0.47994612633779066,0.7380842520023553,0.814717361111111,0.7874704704038952,0.7205147011449856,0.7557825525419749,0.7380842520023553,0.0,1.0
tax_1050222,ck4,CK4,136,1.0,100,substitution_1pct,2400,0.72625,0.7262500000000001,0.45444836352984297,0.725663176388243,0.8081347222222222,0.7799527259719102,0.7066603808275113,0.7428245998444913,0.7380842520023553,-0.01242107561411232,0.9831711954557829
tax_1050222,ck4_p,CK4+P,147,1.0,69,N_3pct,2400,0.6729166666666667,0.6729166666666666,0.3513067092628833,0.6703688352279835,0.7646104166666667,0.726800648977754,0.6515455555940393,0.6893815108691724,0.7319109137038589,-0.06154207847587534,0.9159158890466059
tax_1050222,ck4_p,CK4+P,147,1.0,69,clean,2400,0.6925,0.6924999999999999,0.3878023014372143,0.6913890004014451,0.7775256944444444,0.7404368377085783,0.6739850847769373,0.7097601574936947,0.7319109137038589,-0.040521913302413726,0.9446354569337527
tax_1050222,ck4_p,CK4+P,147,1.0,69,substitution_1pct,2400,0.6945833333333333,0.6945833333333333,0.39280732194182305,0.6931680175448174,0.7765604166666666,0.737195649906351,0.6755930291640653,0.7117757288879121,0.7319109137038589,-0.03874289615904147,0.9470661040385615
tax_1050222,ck4_p,CK4+P,147,1.0,75,N_3pct,2400,0.6908333333333333,0.6908333333333334,0.38372080755387705,0.6900058210946443,0.7749840277777779,0.7415892658843166,0.671818643433084,0.7086792761113397,0.7319109137038589,-0.0419050926092146,0.9427456377209181
tax_1050222,ck4_p,CK4+P,147,1.0,75,clean,2400,0.6991666666666667,0.6991666666666667,0.39909288690529887,0.6988803939300627,0.7851104166666667,0.7494795491568117,0.6799496365037757,0.7175354500009684,0.7319109137038589,-0.03303051977379612,0.9548708467719874
tax_1050222,ck4_p,CK4+P,147,1.0,75,substitution_1pct,2400,0.6925,0.6925,0.38618666532270307,0.6920275617248961,0.7785791666666666,0.745051109708236,0.6745806437797789,0.7107694440813858,0.7319109137038589,-0.039883351978962756,0.9455079146488856
tax_1050222,ck4_p,CK4+P,147,1.0,100,N_3pct,2400,0.7266666666666667,0.7266666666666667,0.45504550313504344,0.7261524418073939,0.8014694444444443,0.7705290924012239,0.7082716738392428,0.7436727192668553,0.7319109137038589,-0.005758471896464945,0.9921322775919217
tax_1050222,ck4_p,CK4+P,147,1.0,100,clean,2400,0.7329166666666667,0.7329166666666667,0.4693683749813469,0.7319109137038589,0.8104715277777778,0.7799160993040397,0.7137188204739898,0.7489990354523152,0.7319109137038589,0.0,1.0
tax_1050222,ck4_p,CK4+P,147,1.0,100,substitution_1pct,2400,0.7245833333333334,0.7245833333333334,0.45221064848335163,0.7236563828076783,0.8043027777777777,0.7722148385252332,0.7059491956389875,0.7432010826953753,0.7319109137038589,-0.008254530896180556,0.9887219458794401
tax_1050222,ck4_msp,CK4+MSP,211,1.0,69,N_3pct,2400,0.6708333333333333,0.6708333333333333,0.34883373015054586,0.6674521997616039,0.7638951388888889,0.726222856771984,0.649160855483506,0.6855445734247351,0.7336377009281736,-0.06618550116656974,0.9097844875163393
tax_1050222,ck4_msp,CK4+MSP,211,1.0,69,clean,2400,0.6916666666666667,0.6916666666666667,0.3859690668038416,0.6906138945021253,0.7768986111111111,0.739920570376806,0.6726220717229708,0.7092568388183393,0.7336377009281736,-0.043023806426048306,0.9413555132572712
tax_1050222,ck4_msp,CK4+MSP,211,1.0,69,substitution_1pct,2400,0.69625,0.69625,0.3959914545551672,0.6949109450698456,0.7760548611111111,0.7367237144363322,0.6761178250800057,0.7127047767272082,0.7336377009281736,-0.038726755858327966,0.9472126966630365
tax_1050222,ck4_msp,CK4+MSP,211,1.0,75,N_3pct,2400,0.6866666666666666,0.6866666666666666,0.3768694649921865,0.6851967101939891,0.7741,0.740724099139806,0.6677350518744984,0.7033778423457415,0.7336377009281736,-0.04844099073418451,0.9339715084531526
tax_1050222,ck4_msp,CK4+MSP,211,1.0,75,clean,2400,0.7,0.7,0.40068229732980687,0.6997445743775086,0.7842409722222222,0.7485832077523533,0.6829933892293228,0.7175489490671574,0.7336377009281736,-0.03389312655066501,0.9538012747875626
tax_1050222,ck4_msp,CK4+MSP,211,1.0,75,substitution_1pct,2400,0.6945833333333333,0.6945833333333333,0.39039195318520525,0.6941040432274528,0.7778333333333333,0.7441521105367767,0.676312495758949,0.7123920225858262,0.7336377009281736,-0.039533657700720815,0.9461128324638931
tax_1050222,ck4_msp,CK4+MSP,211,1.0,100,N_3pct,2400,0.7233333333333334,0.7233333333333334,0.4471538328864258,0.7231826216495647,0.80085625,0.7695645212214666,0.705061664696077,0.7402606876505222,0.7336377009281736,-0.010455079278608892,0.9857489885465517
tax_1050222,ck4_msp,CK4+MSP,211,1.0,100,clean,2400,0.7345833333333334,0.7345833333333334,0.47253381755851553,0.7336377009281736,0.8099583333333332,0.7793816398908351,0.7152732822930931,0.7518301036282155,0.7336377009281736,0.0,1.0
tax_1050222,ck4_msp,CK4+MSP,211,1.0,100,substitution_1pct,2400,0.7258333333333333,0.7258333333333333,0.4544243009187451,0.7250014627581769,0.8037,0.771520727850092,0.7062480818395863,0.7433706186481321,0.7336377009281736,-0.008636238169996702,0.9882281974344143
tax_1050222,ck4p_msp,CK4P-MSP,222,1.0,69,N_3pct,2400,0.6708333333333333,0.6708333333333334,0.3445154336626064,0.669472431978612,0.7621736111111111,0.7217969653151964,0.6510505328582549,0.6880021859754084,0.731214120888054,-0.061741688909442094,0.9155627781990079
tax_1050222,ck4p_msp,CK4P-MSP,222,1.0,69,clean,2400,0.6970833333333334,0.6970833333333333,0.3954076956244156,0.6966079664752498,0.7745840277777778,0.7342307275625443,0.6776035820561371,0.7152778179805726,0.731214120888054,-0.034606154412804235,0.9526730222731813
tax_1050222,ck4p_msp,CK4P-MSP,222,1.0,69,substitution_1pct,2400,0.6991666666666667,0.6991666666666667,0.40014307141924627,0.6984863765537661,0.7739069444444444,0.7306921543440896,0.6791799465601394,0.7177490097513415,0.731214120888054,-0.032727744334287934,0.9552419142363657
tax_1050222,ck4p_msp,CK4P-MSP,222,1.0,75,N_3pct,2400,0.6920833333333334,0.6920833333333334,0.38522763746025807,0.6916593113550771,0.771782638888889,0.7343812788226616,0.6724862931863068,0.7101346819028,0.731214120888054,-0.039554809532976964,0.9459052985944282
tax_1050222,ck4p_msp,CK4P-MSP,222,1.0,75,clean,2400,0.6995833333333333,0.6995833333333333,0.399377643710596,0.6995039836040038,0.781773611111111,0.7426161889722946,0.6816177149657999,0.7189578592047964,0.731214120888054,-0.031710137284050255,0.9566335819041096
tax_1050222,ck4p_msp,CK4P-MSP,222,1.0,75,substitution_1pct,2400,0.6925,0.6925,0.38554872644985666,0.6922811777263832,0.7756868055555555,0.7380759771191076,0.6737906057092183,0.7112210242173177,0.731214120888054,-0.03893294316167084,0.9467557558730033
tax_1050222,ck4p_msp,CK4P-MSP,222,1.0,100,N_3pct,2400,0.7275,0.7275,0.4575291194768273,0.7267468459942718,0.797026388888889,0.762901381455906,0.7096277007109569,0.7434156388341462,0.731214120888054,-0.0044672748937822915,0.9938906063679995
tax_1050222,ck4p_msp,CK4P-MSP,222,1.0,100,clean,2400,0.7325,0.7324999999999999,0.46951403596656505,0.731214120888054,0.8056666666666665,0.7719822465541915,0.7129635168726168,0.7500016213030815,0.731214120888054,0.0,1.0
tax_1050222,ck4p_msp,CK4P-MSP,222,1.0,100,substitution_1pct,2400,0.72,0.72,0.44396404403756623,0.71875,0.7997097222222223,0.7647576410207285,0.699539204517868,0.735821725985023,0.731214120888054,-0.012464120888054042,0.9829542119989197
tax_1050222,ck5,CK5,512,1.0,69,N_3pct,2400,0.67875,0.67875,0.36109895821862775,0.6771491417774838,0.766142361111111,0.7292420628953851,0.6581592189089038,0.6953812811022508,0.7247399378924471,-0.04759079611496331,0.9343339677769684
tax_1050222,ck5,CK5,512,1.0,69,clean,2400,0.69375,0.69375,0.38882548095436,0.6932280082828438,0.78009375,0.7461844732300649,0.6747421636900227,0.7111652173913043,0.7247399378924471,-0.03151192960960325,0.956519672834313
tax_1050222,ck5,CK5,512,1.0,69,substitution_1pct,2400,0.6933333333333334,0.6933333333333334,0.38836189840404567,0.692664023874215,0.7777423611111112,0.7411970008979276,0.6741983402434827,0.7121850871285851,0.7247399378924471,-0.032075914018232066,0.9557414841639482
tax_1050222,ck5,CK5,512,1.0,75,N_3pct,2400,0.6904166666666667,0.6904166666666667,0.3825331396664104,0.6897288450733927,0.7751201388888889,0.7468273729454644,0.6713014873449941,0.7067352327421297,0.7247399378924471,-0.035011092819054346,0.9516915089281998
tax_1050222,ck5,CK5,512,1.0,75,clean,2400,0.7016666666666667,0.7016666666666667,0.40374232960134293,0.701515558918369,0.7869618055555555,0.7563455190044089,0.6840114094230705,0.7203189530486797,0.7247399378924471,-0.02322437897407803,0.9679548790403151
tax_1050222,ck5,CK5,512,1.0,75,substitution_1pct,2400,0.6979166666666666,0.6979166666666667,0.39678358304263506,0.6975549402749226,0.7800715277777779,0.7469757893884381,0.6799859721532303,0.7164783264615963,0.7247399378924471,-0.027184997617524465,0.9624899964853892
tax_1050222,ck5,CK5,512,1.0,100,N_3pct,2400,0.7141666666666666,0.7141666666666666,0.42837141248470284,0.7141539623983288,0.7996624999999999,0.7701295292337671,0.6962402015362635,0.7333072149903231,0.7247399378924471,-0.010585975494118216,0.9853934150160092
tax_1050222,ck5,CK5,512,1.0,100,clean,2400,0.7254166666666667,0.7254166666666666,0.45306657195795785,0.7247399378924471,0.8094076388888889,0.7811093651791756,0.7066329281922236,0.742284117183581,0.7247399378924471,0.0,1.0
tax_1050222,ck5,CK5,512,1.0,100,substitution_1pct,2400,0.7179166666666666,0.7179166666666668,0.43791979127973835,0.7172446809788053,0.8023347222222222,0.774569591640835,0.6992403005890284,0.7360311469119262,0.7247399378924471,-0.0074952569136417235,0.9896580048624918
tax_1050222,pseknc_k3_l3,PseKNC,67,1.0,69,N_3pct,2400,0.6683333333333333,0.6683333333333333,0.33714650538039415,0.6680973136452588,0.7423590277777777,0.6970316154268892,0.6493969775354194,0.6869531036420301,0.7132420356526639,-0.04514472200740505,0.936704905556927
tax_1050222,pseknc_k3_l3,PseKNC,67,1.0,69,clean,2400,0.6708333333333333,0.6708333333333334,0.3425068388968277,0.6704296096050997,0.7494180555555556,0.7049630604432353,0.652571604301844,0.6876145085751245,0.7132420356526639,-0.04281242604756419,0.9399748978502256
tax_1050222,pseknc_k3_l3,PseKNC,67,1.0,69,substitution_1pct,2400,0.6729166666666667,0.6729166666666666,0.3468766160846387,0.6724247920184319,0.7475069444444445,0.7011021567262684,0.6527591302621504,0.6912784247647502,0.7132420356526639,-0.040817243634232,0.9427722405664418
tax_1050222,pseknc_k3_l3,PseKNC,67,1.0,75,N_3pct,2400,0.67625,0.67625,0.3525148108292307,0.6762431988588649,0.751976388888889,0.7083983285460164,0.656646977500762,0.6937596899336324,0.7132420356526639,-0.036998836793799006,0.9481258325444285
tax_1050222,pseknc_k3_l3,PseKNC,67,1.0,75,clean,2400,0.6833333333333333,0.6833333333333333,0.36666666666666664,0.6833333333333333,0.7586291666666667,0.7124939465939351,0.6657230929518497,0.7037275120901594,0.7132420356526639,-0.029908702319330516,0.9580665456825437
tax_1050222,pseknc_k3_l3,PseKNC,67,1.0,75,substitution_1pct,2400,0.6825,0.6825,0.3650410694305964,0.6824821396203536,0.7546041666666667,0.7092970822031556,0.6624990332002564,0.701146874426556,0.7132420356526639,-0.03075989603231022,0.9568731307260054
tax_1050222,pseknc_k3_l3,PseKNC,67,1.0,100,N_3pct,2400,0.71375,0.71375,0.4368543345633889,0.7106856283857967,0.7760659722222223,0.7270507074463439,0.6930998598881349,0.728956228956229,0.7132420356526639,-0.0025564072668671223,0.9964157927616706
tax_1050222,pseknc_k3_l3,PseKNC,67,1.0,100,clean,2400,0.7154166666666667,0.7154166666666666,0.4375203112245877,0.7132420356526639,0.7830305555555556,0.7333712954461964,0.6949067333938634,0.7312141256317656,0.7132420356526639,0.0,1.0
tax_1050222,pseknc_k3_l3,PseKNC,67,1.0,100,substitution_1pct,2400,0.71125,0.7112499999999999,0.42772536552575047,0.7094862892445473,0.7762506944444444,0.7283698900889275,0.6915326357758136,0.7273394969940659,0.7132420356526639,-0.0037557464081166003,0.9947342609936334
tax_1050222,ncp_anf,NCP+ANF,400,1.0,69,N_3pct,2400,0.5204166666666666,0.5204166666666666,0.04905460363673276,0.4805346220928866,0.6137819444444446,0.5564669384147376,0.46167944369227865,0.49908701150151763,0.5908070773673864,-0.11027245527449975,0.8133528532429408
tax_1050222,ncp_anf,NCP+ANF,400,1.0,69,clean,2400,0.5254166666666666,0.5254166666666666,0.05847164938218412,0.4945594322557837,0.6141368055555555,0.5550324217075947,0.4747951485286605,0.5145384787507794,0.5908070773673864,-0.09624764511160266,0.8370912455204862
tax_1050222,ncp_anf,NCP+ANF,400,1.0,69,substitution_1pct,2400,0.52625,0.52625,0.060065112640965194,0.49654167599150645,0.6139944444444444,0.5556832758542742,0.4778735402211986,0.5157720842872261,0.5908070773673864,-0.09426540137587991,0.8404463910691068
tax_1050222,ncp_anf,NCP+ANF,400,1.0,75,N_3pct,2400,0.53125,0.53125,0.06652348482012375,0.5170878465498341,0.6157145833333334,0.5565851479438455,0.4972730063061991,0.5385429878920416,0.5908070773673864,-0.07371923081755227,0.8752228372990345
tax_1050222,ncp_anf,NCP+ANF,400,1.0,75,clean,2400,0.5425,0.5425,0.08881675385822942,0.5326744809622309,0.6145069444444444,0.5559063947158256,0.5131055370091672,0.5515772777234408,0.5908070773673864,-0.058132596405155446,0.901604773144912
tax_1050222,ncp_anf,NCP+ANF,400,1.0,75,substitution_1pct,2400,0.5429166666666667,0.5429166666666667,0.08990402408744284,0.5325741391422821,0.6148534722222221,0.5573945514956382,0.5132774828483861,0.5516639326927619,0.5908070773673864,-0.058232938225104225,0.901434934590513
tax_1050222,ncp_anf,NCP+ANF,400,1.0,100,N_3pct,2400,0.5970833333333333,0.5970833333333334,0.19526328825858494,0.5959519285861399,0.6295041666666668,0.5628323921745382,0.5765487025115897,0.6151636241243483,0.5908070773673864,0.005144851218753521,1.008708174657756
tax_1050222,ncp_anf,NCP+ANF,400,1.0,100,clean,2400,0.5916666666666667,0.5916666666666666,0.1841084764143443,0.5908070773673864,0.6299145833333334,0.563484172566339,0.5708552476002798,0.6109086446320158,0.5908070773673864,0.0,1.0
tax_1050222,ncp_anf,NCP+ANF,400,1.0,100,substitution_1pct,2400,0.5891666666666666,0.5891666666666666,0.17908733614849856,0.5883018145757581,0.6274770833333333,0.5623470933271133,0.5681702690094281,0.6068831331463328,0.5908070773673864,-0.0025052627916282155,0.9957595924497188
tax_1050222,pseeiip,PseEIIP,64,1.0,69,N_3pct,2400,0.6454166666666666,0.6454166666666666,0.3024214607251697,0.6386257800447612,0.7484993055555554,0.7111486177444342,0.6181613922792907,0.6587849957128757,0.7180653594771242,-0.07943957943236302,0.8893699878654379
tax_1050222,pseeiip,PseEIIP,64,1.0,69,clean,2400,0.67,0.67,0.3458620832450658,0.667203585685272,0.7567513888888889,0.721318753115708,0.6481015857998654,0.6859693216683518,0.7180653594771242,-0.050861773791852194,0.9291683227430879
tax_1050222,pseeiip,PseEIIP,64,1.0,69,substitution_1pct,2400,0.66625,0.66625,0.3386136717052519,0.663237318714591,0.7541340277777778,0.7155651093023385,0.6436284225251487,0.6810958312918128,0.7180653594771242,-0.054828040762533226,0.9236447768453034
tax_1050222,pseeiip,PseEIIP,64,1.0,75,N_3pct,2400,0.67,0.6699999999999999,0.3459719883267862,0.6671520698980653,0.7603222222222221,0.7257654167297711,0.6493349110162311,0.6854457116363804,0.7180653594771242,-0.05091328957905894,0.9290965802665476
tax_1050222,pseeiip,PseEIIP,64,1.0,75,clean,2400,0.6875,0.6875,0.3775045571366852,0.6864633695154605,0.767120138888889,0.7311248065351796,0.6676479496794248,0.7047405928464588,0.7180653594771242,-0.031601989961663746,0.9559900926223827
tax_1050222,pseeiip,PseEIIP,64,1.0,75,substitution_1pct,2400,0.6829166666666666,0.6829166666666666,0.36838518075769894,0.6818184431368061,0.7614743055555556,0.7262650391725629,0.6623183931607483,0.7006343299761973,0.7180653594771242,-0.03624691634031818,0.9495214246698765
tax_1050222,pseeiip,PseEIIP,64,1.0,100,N_3pct,2400,0.7095833333333333,0.7095833333333333,0.4199877578877736,0.7092994460736396,0.7870930555555555,0.7460896693492336,0.6910863247280803,0.7276671275939695,0.7180653594771242,-0.008765913403484649,0.9877923182231382
tax_1050222,pseeiip,PseEIIP,64,1.0,100,clean,2400,0.7191666666666666,0.7191666666666666,0.44179847289523005,0.7180653594771242,0.7947909722222222,0.7554093916201003,0.7004264679068396,0.7348539500712421,0.7180653594771242,0.0,1.0
tax_1050222,pseeiip,PseEIIP,64,1.0,100,substitution_1pct,2400,0.71125,0.71125,0.42511915606179024,0.7103605151305807,0.7871243055555556,0.7486834575427384,0.692635484579366,0.7284225794024437,0.7180653594771242,-0.007704844346543505,0.9892699957673018
tax_1050222,hash_k15_d222,Hashed k=15,222,1.0,69,N_3pct,2400,0.49416666666666664,0.49416666666666664,-0.011667703841995797,0.49414418418596384,0.4982298611111111,0.509507487863256,0.47452554934581054,0.5126661950056413,0.5033302291472654,-0.009186044961301598,0.9817494669913539
tax_1050222,hash_k15_d222,Hashed k=15,222,1.0,69,clean,2400,0.50125,0.50125,0.00250014671430293,0.5012353661070958,0.5011395833333333,0.5062712513339129,0.4798993775043797,0.5212538214334759,0.5033302291472654,-0.0020948630401695922,0.995837994781838
tax_1050222,hash_k15_d222,Hashed k=15,222,1.0,69,substitution_1pct,2400,0.5,0.5,0.0,0.49999687498046863,0.49906458333333326,0.5090202687508971,0.4791661693413189,0.520437317002158,0.5033302291472654,-0.003333354166796809,0.9933774012094523
tax_1050222,hash_k15_d222,Hashed k=15,222,1.0,75,N_3pct,2400,0.50875,0.50875,0.017500297750654422,0.5087458209279905,0.5091305555555555,0.49889938832675024,0.48787745728449,0.5287403293544989,0.5033302291472654,0.0054155917807250376,1.0107595202257176
tax_1050222,hash_k15_d222,Hashed k=15,222,1.0,75,clean,2400,0.4970833333333333,0.4970833333333333,-0.005833432583551474,0.49707905501279437,0.5012847222222222,0.5010736507926321,0.4762475994669575,0.5165720620335724,0.5033302291472654,-0.006251174134471071,0.9875803721444235
tax_1050222,hash_k15_d222,Hashed k=15,222,1.0,75,substitution_1pct,2400,0.4970833333333333,0.4970833333333333,-0.005834064662971044,0.4970518117541742,0.49701249999999997,0.49993783457040697,0.477492016885304,0.5186545163641506,0.5033302291472654,-0.006278417393091262,0.9875262461312366
tax_1050222,hash_k15_d222,Hashed k=15,222,1.0,100,N_3pct,2400,0.5079166666666667,0.5079166666666667,0.015836242410332158,0.5078714694457183,0.5033993055555555,0.5020004412689187,0.4882969455051273,0.526247976683978,0.5033302291472654,0.00454124029845282,1.0090223873621629
tax_1050222,hash_k15_d222,Hashed k=15,222,1.0,100,clean,2400,0.5033333333333333,0.5033333333333334,0.006666750001562533,0.5033302291472654,0.5021638888888889,0.49958491584155107,0.48409622955766674,0.5228390448479318,0.5033302291472654,0.0,1.0
tax_1050222,hash_k15_d222,Hashed k=15,222,1.0,100,substitution_1pct,2400,0.5016666666666667,0.5016666666666667,0.0033334074098766344,0.5016611295681064,0.5051534722222222,0.4977258631139452,0.48153357259343504,0.5208423262497249,0.5033302291472654,-0.0016690995791590613,0.9966838876695587
tax_552396,ck4,CK4,136,1.0,69,N_3pct,2400,0.8091666666666667,0.8091666666666667,0.6183341921314187,0.8091665341434264,0.8886006944444444,0.8703601053644863,0.7932914264726649,0.8237170999389705,0.8225247115503346,-0.013358177406908145,0.98375954275984
tax_552396,ck4,CK4,136,1.0,69,clean,2400,0.8091666666666667,0.8091666666666666,0.618478521027575,0.8091442676258533,0.8923701388888889,0.8780971535697393,0.7941599642910091,0.8241569952906921,0.8225247115503346,-0.013380443924481233,0.9837324718192829
tax_552396,ck4,CK4,136,1.0,69,substitution_1pct,2400,0.8058333333333333,0.8058333333333334,0.6117082982314186,0.805826726048317,0.8869770833333332,0.8684074818230474,0.7903982091764682,0.8224956610029102,0.8225247115503346,-0.01669798550201762,0.9796991077987864
tax_552396,ck4,CK4,136,1.0,75,N_3pct,2400,0.8125,0.8125,0.6251954041004442,0.8124706985466479,0.8954270833333333,0.8825758920183516,0.7966116257523382,0.8274613824931044,0.8225247115503346,-0.01005401300368669,0.9877766432272456
tax_552396,ck4,CK4,136,1.0,75,clean,2400,0.8158333333333333,0.8158333333333333,0.6327441278666533,0.8156765303817484,0.899792361111111,0.8874132513676772,0.8010907309101734,0.8303399125808582,0.8225247115503346,-0.006848181168586209,0.9916741940121429
tax_552396,ck4,CK4,136,1.0,75,substitution_1pct,2400,0.8108333333333333,0.8108333333333333,0.6218610286119085,0.8108037714226182,0.8930958333333334,0.8755815716931953,0.7953664799878403,0.824558022152363,0.8225247115503346,-0.011720940127716406,0.9857500449978892
tax_552396,ck4,CK4,136,1.0,100,N_3pct,2400,0.8175,0.8175,0.6388769691883464,0.8169462624438928,0.9020673611111112,0.888691826912131,0.8003652634592835,0.8333121840333753,0.8225247115503346,-0.005578449106441785,0.993217894820537
tax_552396,ck4,CK4,136,1.0,100,clean,2400,0.8233333333333334,0.8233333333333334,0.6526412063268341,0.8225247115503346,0.910954861111111,0.9009956017639911,0.8068809963580061,0.8373744659953395,0.8225247115503346,0.0,1.0
tax_552396,ck4,CK4,136,1.0,100,substitution_1pct,2400,0.82,0.8200000000000001,0.6444005289246746,0.8193854086823218,0.9059520833333334,0.8924687190286502,0.8040166829188199,0.8341219020344293,0.8225247115503346,-0.0031393028680127832,0.9961833330671662
tax_552396,ck4_p,CK4+P,147,1.0,69,N_3pct,2400,0.8095833333333333,0.8095833333333333,0.6196421231921577,0.8095102792025622,0.8862506944444446,0.8660235758856322,0.7939528248118334,0.8248535110617592,0.8167314985397758,-0.007221219337213536,0.991158392507055
tax_552396,ck4_p,CK4+P,147,1.0,69,clean,2400,0.8058333333333333,0.8058333333333334,0.6124847099148321,0.8057036675170026,0.8895895833333334,0.8742045255282004,0.7903135779950778,0.8218908269524292,0.8167314985397758,-0.01102783102277316,0.9864976053421599
tax_552396,ck4_p,CK4+P,147,1.0,69,substitution_1pct,2400,0.80375,0.80375,0.6082356073779904,0.8036313265013109,0.884726388888889,0.8646387270061466,0.7878125695057596,0.8182544507164569,0.8167314985397758,-0.013100172038464919,0.9839602463454801
tax_552396,ck4_p,CK4+P,147,1.0,75,N_3pct,2400,0.8083333333333333,0.8083333333333333,0.6179071589902342,0.8081409413328365,0.8921972222222222,0.8778133461654929,0.7926846183814693,0.822770384532398,0.8167314985397758,-0.008590557206939242,0.9894817853574912
tax_552396,ck4_p,CK4+P,147,1.0,75,clean,2400,0.81,0.81,0.6220779275406736,0.809682672289004,0.8966993055555554,0.8830878574149008,0.793470586883051,0.8251520802540615,0.8167314985397758,-0.007048826250771745,0.9913694693257524
tax_552396,ck4_p,CK4+P,147,1.0,75,substitution_1pct,2400,0.8054166666666667,0.8054166666666667,0.6118456280548183,0.8052556983298174,0.8901895833333333,0.8714447997534738,0.7897589199900186,0.8206135849749276,0.8167314985397758,-0.01147580020995842,0.9859491151859873
tax_552396,ck4_p,CK4+P,147,1.0,100,N_3pct,2400,0.8116666666666666,0.8116666666666666,0.6296840634007999,0.8107169653295179,0.8985166666666667,0.8838222675188242,0.7955579360255274,0.8262182185596197,0.8167314985397758,-0.006014533210257911,0.9926358500669912
tax_552396,ck4_p,CK4+P,147,1.0,100,clean,2400,0.8179166666666666,0.8179166666666666,0.6442200607778507,0.8167314985397758,0.90745,0.8964861003186563,0.8008221578643158,0.8318080180455665,0.8167314985397758,0.0,1.0
tax_552396,ck4_p,CK4+P,147,1.0,100,substitution_1pct,2400,0.8179166666666666,0.8179166666666666,0.6419305393048446,0.8170519512801392,0.9025375,0.8881808060597521,0.801477328062582,0.8326110055464179,0.8167314985397758,0.0003204527403634083,1.000392359962774
tax_552396,ck4_msp,CK4+MSP,211,1.0,69,N_3pct,2400,0.8091666666666667,0.8091666666666666,0.6185533025090334,0.8091327347083925,0.8862277777777777,0.8655840766582125,0.7924583475433611,0.8245896965758768,0.8175947349873391,-0.008462000278946613,0.9896501287045621
tax_552396,ck4_msp,CK4+MSP,211,1.0,69,clean,2400,0.8054166666666667,0.8054166666666667,0.611787659186948,0.8052649017611121,0.8895868055555555,0.8739950774532133,0.7905882633619742,0.8203373906988245,0.8175947349873391,-0.01232983322622705,0.9849193827961502
tax_552396,ck4_msp,CK4+MSP,211,1.0,69,substitution_1pct,2400,0.8045833333333333,0.8045833333333334,0.6099042921718945,0.8044651637560825,0.8847354166666667,0.8644154399641588,0.7887145069608692,0.8199031476026764,0.8175947349873391,-0.013129571231256687,0.9839412233599327
tax_552396,ck4_msp,CK4+MSP,211,1.0,75,N_3pct,2400,0.8083333333333333,0.8083333333333333,0.6176014964304791,0.8081882757168442,0.8923229166666667,0.8778844787065001,0.7923778488175025,0.8235298715648527,0.8175947349873391,-0.009406459270494993,0.9884949610510387
tax_552396,ck4_msp,CK4+MSP,211,1.0,75,clean,2400,0.81125,0.81125,0.6246293210170041,0.8109282826559567,0.8967215277777778,0.8829203759502702,0.7950088267344418,0.8272991061707662,0.8175947349873391,-0.006666452331382411,0.9918462631348945
tax_552396,ck4_msp,CK4+MSP,211,1.0,75,substitution_1pct,2400,0.8045833333333333,0.8045833333333334,0.6101761993288842,0.8044216756245918,0.8901895833333333,0.8712994930150111,0.7880734105042885,0.8198380350177457,0.8175947349873391,-0.013173059362747375,0.9838880330327086
tax_552396,ck4_msp,CK4+MSP,211,1.0,100,N_3pct,2400,0.8129166666666666,0.8129166666666667,0.6315432542300287,0.8120709533300814,0.8986944444444445,0.8840120855108138,0.7959199695462219,0.8267890672222041,0.8175947349873391,-0.005523781657257754,0.993243863468197
tax_552396,ck4_msp,CK4+MSP,211,1.0,100,clean,2400,0.81875,0.81875,0.6457319674855607,0.8175947349873391,0.9075611111111112,0.8966652596180698,0.8025233607376628,0.8321047522581108,0.8175947349873391,0.0,1.0
tax_552396,ck4_msp,CK4+MSP,211,1.0,100,substitution_1pct,2400,0.81875,0.8187500000000001,0.6434638143158343,0.8179100786248235,0.9026569444444443,0.888439408690681,0.8019726879240044,0.8324202997730659,0.8175947349873391,0.00031534363748431105,1.0003856967565834
tax_552396,ck4p_msp,CK4P-MSP,222,1.0,69,N_3pct,2400,0.8095833333333333,0.8095833333333333,0.6203155296668061,0.809407001720863,0.8836638888888888,0.8612069216666945,0.7935472531240475,0.824876023709124,0.8186112423240435,-0.00920424060318048,0.9887562738852088
tax_552396,ck4p_msp,CK4P-MSP,222,1.0,69,clean,2400,0.8045833333333333,0.8045833333333334,0.6109258232751413,0.8043019834592058,0.8865152777777778,0.8696208473783329,0.7883401769546693,0.8194726583990785,0.8186112423240435,-0.014309258864837693,0.9825200801980026
tax_552396,ck4p_msp,CK4P-MSP,222,1.0,69,substitution_1pct,2400,0.8070833333333334,0.8070833333333334,0.6158628390633626,0.806817674096618,0.8820625000000001,0.8602742467961095,0.7918446770203745,0.8227154485865908,0.8186112423240435,-0.0117935682274255,0.9855932002669014
tax_552396,ck4p_msp,CK4P-MSP,222,1.0,75,N_3pct,2400,0.8045833333333333,0.8045833333333333,0.6112503797368541,0.8042502529042908,0.8890437499999999,0.872977567021279,0.7880853342388104,0.8227165264562497,0.8186112423240435,-0.014360989419752723,0.982456887131208
tax_552396,ck4p_msp,CK4P-MSP,222,1.0,75,clean,2400,0.8079166666666666,0.8079166666666666,0.619094099243306,0.8074108191463307,0.8932812499999999,0.8779433830916432,0.790973510807687,0.8228909265225124,0.8186112423240435,-0.011200423177712748,0.9863177750333423
tax_552396,ck4p_msp,CK4P-MSP,222,1.0,75,substitution_1pct,2400,0.8045833333333333,0.8045833333333333,0.6113358753393723,0.8042366350545471,0.8870145833333333,0.8665655667634661,0.7889944171954788,0.8193005009527987,0.8186112423240435,-0.014374607269496353,0.9824402518237024
tax_552396,ck4p_msp,CK4P-MSP,222,1.0,100,N_3pct,2400,0.8070833333333334,0.8070833333333334,0.6219289701288895,0.8058794828134688,0.8951513888888889,0.8789462749166179,0.7905046268811666,0.8212193458224424,0.8186112423240435,-0.012731759510574703,0.984447123552287
tax_552396,ck4p_msp,CK4P-MSP,222,1.0,100,clean,2400,0.82,0.8200000000000001,0.6500309966323526,0.8186112423240435,0.9038513888888889,0.8915735205878844,0.8033769758178164,0.8353143450639161,0.8186112423240435,0.0,1.0
tax_552396,ck4p_msp,CK4P-MSP,222,1.0,100,substitution_1pct,2400,0.8170833333333334,0.8170833333333334,0.6423555911849826,0.8159174451941191,0.8990972222222222,0.8831445010293187,0.8004290389319625,0.8310753129531924,0.8186112423240435,-0.002693797129924347,0.9967093084108195
tax_552396,ck5,CK5,512,1.0,69,N_3pct,2400,0.8004166666666667,0.8004166666666667,0.601948178855676,0.800231846442655,0.8883201388888888,0.8693898093509183,0.783849044846455,0.8161456254674936,0.8145400787576698,-0.014308232315014768,0.9824339738606386
tax_552396,ck5,CK5,512,1.0,69,clean,2400,0.8075,0.8075,0.6150034166951391,0.8074994652762923,0.8935652777777778,0.8781010143835846,0.7895822374013027,0.8224725818539579,0.8145400787576698,-0.007040613481377411,0.9913563326532493
tax_552396,ck5,CK5,512,1.0,69,substitution_1pct,2400,0.80125,0.80125,0.6025102511296737,0.8012483092304084,0.88799375,0.8688016631863862,0.7841539856607037,0.8170666025486506,0.8145400787576698,-0.01329176952726141,0.9836818716796184
tax_552396,ck5,CK5,512,1.0,75,N_3pct,2400,0.8066666666666666,0.8066666666666666,0.6134364333979434,0.8066504199311193,0.8929680555555556,0.8781531298752183,0.7911672923691458,0.8233188552651771,0.8145400787576698,-0.00788965882655046,0.9903139709974939
tax_552396,ck5,CK5,512,1.0,75,clean,2400,0.8133333333333334,0.8133333333333334,0.6269183552513474,0.8132958628502527,0.8993749999999998,0.8859469719603451,0.7986280930749021,0.8283133270622117,0.8145400787576698,-0.0012442159074170789,0.9984724927110834
tax_552396,ck5,CK5,512,1.0,75,substitution_1pct,2400,0.8104166666666667,0.8104166666666666,0.6208594185999453,0.8104126840164524,0.89305625,0.8744731383361605,0.7962418496670018,0.8245926232438474,0.8145400787576698,-0.004127394741217372,0.9949328524785269
tax_552396,ck5,CK5,512,1.0,100,N_3pct,2400,0.8170833333333334,0.8170833333333334,0.6367028326339599,0.8167190305870122,0.9022944444444444,0.8893515987478475,0.8013732822106299,0.8330004497032255,0.8145400787576698,0.002178951829342468,1.0026750701238247
tax_552396,ck5,CK5,512,1.0,100,clean,2400,0.8154166666666667,0.8154166666666667,0.6368825927310188,0.8145400787576698,0.9107090277777778,0.9016283618638395,0.7994299248134038,0.8304304190954414,0.8145400787576698,0.0,1.0
tax_552396,ck5,CK5,512,1.0,100,substitution_1pct,2400,0.81625,0.8162499999999999,0.636662748812394,0.8156492919375653,0.9065208333333333,0.8934486270103653,0.8000686771245564,0.8311905733396638,0.8145400787576698,0.0011092131798955407,1.0013617662394063
tax_552396,pseknc_k3_l3,PseKNC,67,1.0,69,N_3pct,2400,0.7820833333333334,0.7820833333333332,0.5678796850408311,0.7813709289871806,0.8623972222222223,0.8299283622699685,0.7649150326797386,0.7973521711602629,0.7987098590671351,-0.017338930079954462,0.9782913283426778
tax_552396,pseknc_k3_l3,PseKNC,67,1.0,69,clean,2400,0.7854166666666667,0.7854166666666667,0.5741605451893216,0.7847949257568612,0.8649805555555556,0.8373662224066656,0.7694612769455504,0.8015805945423259,0.7987098590671351,-0.013914933310273936,0.9825782377013274
tax_552396,pseknc_k3_l3,PseKNC,67,1.0,69,substitution_1pct,2400,0.7808333333333334,0.7808333333333333,0.5646895726884565,0.78024671414526,0.8614194444444445,0.8302438367070509,0.762421707925373,0.79590639074836,0.7987098590671351,-0.018463144921875063,0.9768837898865561
tax_552396,pseknc_k3_l3,PseKNC,67,1.0,75,N_3pct,2400,0.7875,0.7875000000000001,0.5799212149970913,0.786598378147674,0.8664097222222222,0.8391890426389884,0.7706694952218975,0.8020336447041261,0.7987098590671351,-0.012111480919461126,0.9848361945430261
tax_552396,pseknc_k3_l3,PseKNC,67,1.0,75,clean,2400,0.7966666666666666,0.7966666666666666,0.5978981059289235,0.7958904835332138,0.8703930555555555,0.8420808397590893,0.7794951241418123,0.8122135821682671,0.7987098590671351,-0.002819375533921309,0.9964700879776115
tax_552396,pseknc_k3_l3,PseKNC,67,1.0,75,substitution_1pct,2400,0.78875,0.7887500000000001,0.5809722036553804,0.7881187336089346,0.8640840277777777,0.8334757527215384,0.7711045219045841,0.8041513165803109,0.7987098590671351,-0.010591125458200512,0.9867397086213878
tax_552396,pseknc_k3_l3,PseKNC,67,1.0,100,N_3pct,2400,0.7954166666666667,0.7954166666666667,0.6024994127936044,0.7934362003760008,0.8736708333333333,0.8485164430888268,0.7761318073078376,0.8085633565911609,0.7987098590671351,-0.005273658691134275,0.9933972785846243
tax_552396,pseknc_k3_l3,PseKNC,67,1.0,100,clean,2400,0.8004166666666667,0.8004166666666667,0.6112894208839825,0.7987098590671351,0.87993125,0.8564400993868743,0.7827162304839613,0.8144991051974134,0.7987098590671351,0.0,1.0
tax_552396,pseknc_k3_l3,PseKNC,67,1.0,100,substitution_1pct,2400,0.79875,0.79875,0.6062374218360954,0.7972998138942304,0.8761666666666666,0.8508789475312402,0.781091030935764,0.8125383412391975,0.7987098590671351,-0.0014100451729046615,0.9982345965097369
tax_552396,ncp_anf,NCP+ANF,400,1.0,69,N_3pct,2400,0.62625,0.62625,0.2864985964699561,0.6041563582384958,0.7883340277777777,0.721109901381757,0.5845501013546665,0.624018239909416,0.7405512516233039,-0.13639489338480815,0.8158197787312793
tax_552396,ncp_anf,NCP+ANF,400,1.0,69,clean,2400,0.6470833333333333,0.6470833333333333,0.3216042148755364,0.6320574141028368,0.7903215277777776,0.723661699479758,0.6138570045758377,0.6507260989243016,0.7405512516233039,-0.10849383752046715,0.8534958420735278
tax_552396,ncp_anf,NCP+ANF,400,1.0,69,substitution_1pct,2400,0.64,0.64,0.3074963916451469,0.6239379729792469,0.7886895833333333,0.7219787942516249,0.6061727155451665,0.6434544246916465,0.7405512516233039,-0.11661327864405702,0.8425317918396084
tax_552396,ncp_anf,NCP+ANF,400,1.0,75,N_3pct,2400,0.6754166666666667,0.6754166666666667,0.3581300817417178,0.6721103895022009,0.7895777777777779,0.7212013061430071,0.6534663701274255,0.6919706413660832,0.7405512516233039,-0.06844086212110301,0.9075811944533492
tax_552396,ncp_anf,NCP+ANF,400,1.0,75,clean,2400,0.69,0.69,0.383599276867047,0.6885456813621382,0.7926256944444444,0.7243578723032611,0.6706876530319307,0.70635548372328,0.7405512516233039,-0.0520055702611657,0.9297745157446315
tax_552396,ncp_anf,NCP+ANF,400,1.0,75,substitution_1pct,2400,0.6883333333333334,0.6883333333333332,0.3804131643620241,0.686798646702174,0.7907861111111111,0.7215398293600582,0.6690040664408942,0.7057550378630415,0.7405512516233039,-0.053752604921129876,0.9274154154715112
tax_552396,ncp_anf,NCP+ANF,400,1.0,100,N_3pct,2400,0.7358333333333333,0.7358333333333333,0.47624541999475956,0.7345634776371126,0.7970013888888889,0.7240995018949622,0.7158594623504217,0.7500356814050803,0.7405512516233039,-0.005987773986191325,0.9919144367482116
tax_552396,ncp_anf,NCP+ANF,400,1.0,100,clean,2400,0.7425,0.7425,0.4924541721015617,0.7405512516233039,0.7967083333333334,0.7235605131820675,0.7218721812051102,0.7591647804090673,0.7405512516233039,0.0,1.0
tax_552396,ncp_anf,NCP+ANF,400,1.0,100,substitution_1pct,2400,0.7416666666666667,0.7416666666666667,0.4909088255817247,0.7396735422243217,0.7953777777777777,0.7209951111937987,0.722523940049414,0.7573088648823776,0.7405512516233039,-0.0008777093989822404,0.9988147891222137
tax_552396,pseeiip,PseEIIP,64,1.0,69,N_3pct,2400,0.7870833333333334,0.7870833333333334,0.5749595795808318,0.7869365192786488,0.8648638888888889,0.8354666174645045,0.7707625920528447,0.8027361352134472,0.7999831921585305,-0.013046672879881704,0.9836913162579343
tax_552396,pseeiip,PseEIIP,64,1.0,69,clean,2400,0.7854166666666667,0.7854166666666667,0.5724817906203445,0.7851077217089361,0.8675798611111112,0.8425418714083863,0.7677302496164432,0.8011554824120498,0.7999831921585305,-0.014875470449594475,0.9814052712664411
tax_552396,pseeiip,PseEIIP,64,1.0,69,substitution_1pct,2400,0.7820833333333334,0.7820833333333332,0.5657958718977711,0.7817695892306282,0.8640895833333333,0.8349885174607283,0.765531915634614,0.7985638884080841,0.7999831921585305,-0.018213602927902306,0.977232517999837
tax_552396,pseeiip,PseEIIP,64,1.0,75,N_3pct,2400,0.79625,0.79625,0.5941363345645194,0.795969422534009,0.8701916666666667,0.8455697853991009,0.7799569859371925,0.8128523527040029,0.7999831921585305,-0.0040137696245214904,0.9949826825565029
tax_552396,pseeiip,PseEIIP,64,1.0,75,clean,2400,0.7925,0.7925,0.5872094544132362,0.7921096280793936,0.8743736111111111,0.8493148439224406,0.7760682875133452,0.8073143591371318,0.7999831921585305,-0.007873564079136974,0.990157838119208
tax_552396,pseeiip,PseEIIP,64,1.0,75,substitution_1pct,2400,0.7883333333333333,0.7883333333333333,0.5782954161836982,0.788035257914776,0.8675499999999999,0.8396821606783114,0.7731028768153113,0.8040063229252862,0.7999831921585305,-0.01194793424375451,0.9850647684090508
tax_552396,pseeiip,PseEIIP,64,1.0,100,N_3pct,2400,0.7970833333333334,0.7970833333333334,0.6020038051567596,0.7957625624459286,0.8791166666666667,0.859895680504612,0.7782987801726625,0.8118707463330165,0.7999831921585305,-0.004220629712601953,0.9947241020136763
tax_552396,pseeiip,PseEIIP,64,1.0,100,clean,2400,0.80125,0.80125,0.6102800163294907,0.7999831921585305,0.8860340277777777,0.8681975830429121,0.7840691570339735,0.8161974461884318,0.7999831921585305,0.0,1.0
tax_552396,pseeiip,PseEIIP,64,1.0,100,substitution_1pct,2400,0.80125,0.80125,0.6091629908716311,0.8001630744722468,0.8817937499999999,0.8624665128439626,0.7848563625451316,0.8158492288494036,0.7999831921585305,0.00017988231371623975,1.0002248576163593
tax_552396,hash_k15_d222,Hashed k=15,222,1.0,69,N_3pct,2400,0.4975,0.4975,-0.005000111114814952,0.49749441660462895,0.5001965277777778,0.5039464981291748,0.4783036256133124,0.5166681450669718,0.5145825748686066,-0.017088158263977637,0.9667921941034616
tax_552396,hash_k15_d222,Hashed k=15,222,1.0,69,clean,2400,0.5070833333333333,0.5070833333333333,0.01416671093770752,0.5070825631498382,0.5138951388888889,0.5157152556328872,0.4887216128275953,0.5262589475384402,0.5145825748686066,-0.007500011718768351,0.9854250569586749
tax_552396,hash_k15_d222,Hashed k=15,222,1.0,69,substitution_1pct,2400,0.5045833333333334,0.5045833333333334,0.009167586654683382,0.5045584752429418,0.5100520833333333,0.5089661332133782,0.4854165237265944,0.5241636926897459,0.5145825748686066,-0.01002409962566475,0.9805199396263578
tax_552396,hash_k15_d222,Hashed k=15,222,1.0,75,N_3pct,2400,0.5041666666666667,0.5041666666666667,0.008333379630015436,0.504165289348026,0.5124972222222222,0.5107783267569086,0.4832974512118897,0.5237563921371553,0.5145825748686066,-0.010417285520580633,0.9797558525505055
tax_552396,hash_k15_d222,Hashed k=15,222,1.0,75,clean,2400,0.5041666666666667,0.5041666666666667,0.008333379630015436,0.504165289348026,0.5141354166666667,0.5176470007267535,0.4837461816848003,0.5233217142928573,0.5145825748686066,-0.010417285520580633,0.9797558525505055
tax_552396,hash_k15_d222,Hashed k=15,222,1.0,75,substitution_1pct,2400,0.5045833333333334,0.5045833333333334,0.009167382896434269,0.5045639803638163,0.510261111111111,0.514419458060227,0.4853833415771849,0.5250083865618712,0.5145825748686066,-0.010018594504790257,0.9805306378527325
tax_552396,hash_k15_d222,Hashed k=15,222,1.0,100,N_3pct,2400,0.5083333333333333,0.5083333333333333,0.01666750006250521,0.5083210413593673,0.5110708333333334,0.5055199617519714,0.4879058024451503,0.5287551518515844,0.5145825748686066,-0.006261533509239303,0.9878318197796765
tax_552396,hash_k15_d222,Hashed k=15,222,1.0,100,clean,2400,0.5145833333333333,0.5145833333333334,0.029166757812927248,0.5145825748686066,0.5237854166666667,0.5239307054088298,0.49415754217300967,0.5345414096797652,0.5145825748686066,0.0,1.0
tax_552396,hash_k15_d222,Hashed k=15,222,1.0,100,substitution_1pct,2400,0.5195833333333333,0.5195833333333333,0.039183336736142965,0.5194811396520962,0.5251694444444445,0.5173933939571331,0.5003939927962552,0.5396754344452008,0.5145825748686066,0.004898564783489601,1.0095194921529171
tax_1122939,ck4,CK4,136,1.0,69,N_3pct,2400,0.88375,0.88375,0.7680893613189465,0.8837054002133804,0.9464590277777779,0.9285249713640361,0.8707627105190644,0.8958323272136836,0.9051990029190284,-0.02149360270564804,0.9762553840245771
tax_1122939,ck4,CK4,136,1.0,69,clean,2400,0.8945833333333333,0.8945833333333333,0.790326938955841,0.8945059527170538,0.9492402777777778,0.932350052652739,0.8819189768605278,0.9066499867775061,0.9051990029190284,-0.010693050201974641,0.988187072491803
tax_1122939,ck4,CK4,136,1.0,69,substitution_1pct,2400,0.88875,0.88875,0.7782594437280651,0.8886957198397621,0.9490284722222222,0.9329415745790892,0.8762091228117317,0.9024398020674319,0.9051990029190284,-0.016503283079266295,0.9817683370993036
tax_1122939,ck4,CK4,136,1.0,75,N_3pct,2400,0.8904166666666666,0.8904166666666666,0.7814851140792097,0.8903709688708783,0.9499097222222223,0.933857602973025,0.8786706174002789,0.9032729780186607,0.9051990029190284,-0.01482803404815014,0.9836190340462886
tax_1122939,ck4,CK4,136,1.0,75,clean,2400,0.8966666666666666,0.8966666666666667,0.795378539091094,0.8965338132087659,0.9524444444444444,0.935740803826927,0.8842695506887688,0.9086519241723321,0.9051990029190284,-0.008665189710262533,0.9904273097050267
tax_1122939,ck4,CK4,136,1.0,75,substitution_1pct,2400,0.8954166666666666,0.8954166666666667,0.7922212112287832,0.8953250579196134,0.9506451388888889,0.9319453404481401,0.8835739141022108,0.9070529979965098,0.9051990029190284,-0.009873944999415074,0.9890919621347635
tax_1122939,ck4,CK4,136,1.0,100,N_3pct,2400,0.9066666666666666,0.9066666666666667,0.8159485598035467,0.906517094017094,0.959676388888889,0.945393213642059,0.8944373046635423,0.9181970760685289,0.9051990029190284,0.001318091098065577,1.0014561340587154
tax_1122939,ck4,CK4,136,1.0,100,clean,2400,0.9054166666666666,0.9054166666666668,0.8145825357013512,0.9051990029190284,0.9609576388888889,0.9484910044669265,0.8937757365509112,0.9165160201047925,0.9051990029190284,0.0,1.0
tax_1122939,ck4,CK4,136,1.0,100,substitution_1pct,2400,0.9008333333333334,0.9008333333333334,0.8049332747604979,0.9006321133628932,0.95931875,0.9462430241100083,0.8884557822215807,0.9123159685598675,0.9051990029190284,-0.004566889556135267,0.9949548225954644
tax_1122939,ck4_p,CK4+P,147,1.0,69,N_3pct,2400,0.885,0.885,0.7708398163937639,0.884937354782048,0.9448145833333335,0.9251793555456983,0.8723430416780975,0.8982960507113069,0.9001190874408982,-0.015181732658850144,0.9831336399031234
tax_1122939,ck4_p,CK4+P,147,1.0,69,clean,2400,0.8883333333333333,0.8883333333333334,0.778576521589862,0.8881963738913502,0.9473499999999999,0.9286292354969292,0.874314239228129,0.9015518805956788,0.9001190874408982,-0.011922713549547992,0.9867542931642022
tax_1122939,ck4_p,CK4+P,147,1.0,69,substitution_1pct,2400,0.8825,0.8825000000000001,0.7662312159732051,0.8824055978271446,0.946976388888889,0.9289304720002541,0.8715687487957199,0.8949481707000623,0.9001190874408982,-0.01771348961375363,0.9803209487934377
tax_1122939,ck4_p,CK4+P,147,1.0,75,N_3pct,2400,0.8875,0.8875,0.776036485314433,0.8874248717373192,0.9481208333333333,0.930019960698386,0.8752811821512282,0.8995196254222888,0.9001190874408982,-0.012694215703578982,0.9858971819610342
tax_1122939,ck4_p,CK4+P,147,1.0,75,clean,2400,0.89375,0.89375,0.7906493782379659,0.8935383890653488,0.9504618055555554,0.932398472283604,0.8814762052898869,0.906419663277192,0.9001190874408982,-0.006580698375549421,0.9926890802924102
tax_1122939,ck4_p,CK4+P,147,1.0,75,substitution_1pct,2400,0.8925,0.8925000000000001,0.7874195643592777,0.8923348386517929,0.948657638888889,0.9282506100072823,0.879408743510958,0.9045136978913595,0.9001190874408982,-0.00778424878910533,0.991351978979541
tax_1122939,ck4_p,CK4+P,147,1.0,100,N_3pct,2400,0.8991666666666667,0.8991666666666667,0.8010089443332867,0.8989982602937259,0.9574944444444445,0.942471878902597,0.8872085437439383,0.9107477310461848,0.9001190874408982,-0.0011208271471723208,0.9987548012670646
tax_1122939,ck4_p,CK4+P,147,1.0,100,clean,2400,0.9004166666666666,0.9004166666666666,0.8056483228179229,0.9001190874408982,0.9587291666666669,0.9449012315365765,0.8878710504630731,0.9122819087262657,0.9001190874408982,0.0,1.0
tax_1122939,ck4_p,CK4+P,147,1.0,100,substitution_1pct,2400,0.8979166666666667,0.8979166666666667,0.7997755567834561,0.8976650755442329,0.9570979166666667,0.942760859990712,0.8847307181499002,0.9101958826204494,0.9001190874408982,-0.0024540118966652757,0.9972736808596714
tax_1122939,ck4_msp,CK4+MSP,211,1.0,69,N_3pct,2400,0.8841666666666667,0.8841666666666667,0.7696439127876707,0.8840680439957602,0.9447451388888889,0.9250948896736207,0.8715744050959853,0.8970335093192721,0.9005324439763618,-0.016464399980601563,0.9817170385245623
tax_1122939,ck4_msp,CK4+MSP,211,1.0,69,clean,2400,0.8883333333333333,0.8883333333333333,0.778486342735362,0.8882028256596763,0.9473875,0.9286686956401159,0.8747539623681366,0.9007956614632701,0.9005324439763618,-0.012329618316685442,0.9863085240302468
tax_1122939,ck4_msp,CK4+MSP,211,1.0,69,substitution_1pct,2400,0.8833333333333333,0.8833333333333333,0.7678288874541092,0.8832450373928616,0.9469986111111112,0.9289919776186303,0.8695187493741017,0.8957726643229815,0.9005324439763618,-0.017287406583500142,0.9808031274174127
tax_1122939,ck4_msp,CK4+MSP,211,1.0,75,N_3pct,2400,0.8879166666666667,0.8879166666666667,0.7776068413616175,0.8877888511549353,0.9480847222222223,0.9300018370364317,0.8748315245241769,0.8994945243899772,0.9005324439763618,-0.012743592821426453,0.9858488243186928
tax_1122939,ck4_msp,CK4+MSP,211,1.0,75,clean,2400,0.89375,0.89375,0.7905320703048321,0.89354624085163,0.9505180555555556,0.9324852725050645,0.8801955691913305,0.9073794880790417,0.9005324439763618,-0.006986203124731749,0.9922421416668968
tax_1122939,ck4_msp,CK4+MSP,211,1.0,75,substitution_1pct,2400,0.8941666666666667,0.8941666666666667,0.7906604210252748,0.8940109216042462,0.9487305555555556,0.9286026176603338,0.882269031089525,0.9069775040874881,0.9005324439763618,-0.006521522372115562,0.9927581483424192
tax_1122939,ck4_msp,CK4+MSP,211,1.0,100,N_3pct,2400,0.9,0.8999999999999999,0.8033824425353207,0.89978948833487,0.9575006944444444,0.9425855490203038,0.8880049651431285,0.9123230872952511,0.9005324439763618,-0.0007429556414917382,0.9991749818160786
tax_1122939,ck4_msp,CK4+MSP,211,1.0,100,clean,2400,0.9008333333333334,0.9008333333333334,0.8065612130698021,0.9005324439763618,0.9587416666666667,0.944965360500814,0.8883177342007978,0.9122954595586754,0.9005324439763618,0.0,1.0
tax_1122939,ck4_msp,CK4+MSP,211,1.0,100,substitution_1pct,2400,0.8979166666666667,0.8979166666666667,0.7997755567834561,0.8976650755442329,0.9571458333333334,0.9428453286370786,0.8853943665012926,0.9090052678997456,0.9005324439763618,-0.0028673684321288695,0.9968159187919229
tax_1122939,ck4p_msp,CK4P-MSP,222,1.0,69,N_3pct,2400,0.8829166666666667,0.8829166666666667,0.7674148248834317,0.8827960238933443,0.9434826388888888,0.9225170151129336,0.8701423383140121,0.8948948729489605,0.896293322628128,-0.01349729873478367,0.9849409803754795
tax_1122939,ck4p_msp,CK4P-MSP,222,1.0,69,clean,2400,0.8841666666666667,0.8841666666666667,0.7714641157267974,0.8839316282137997,0.9458791666666667,0.9257487003675882,0.8713116857361491,0.8969157675090861,0.896293322628128,-0.012361694414328328,0.9862079811349245
tax_1122939,ck4p_msp,CK4P-MSP,222,1.0,69,substitution_1pct,2400,0.8816666666666667,0.8816666666666667,0.765121770327888,0.8815283674901048,0.9454104166666667,0.9258416664813627,0.8685440089462929,0.893252956100271,0.896293322628128,-0.014764955138023228,0.9835266482910648
tax_1122939,ck4p_msp,CK4P-MSP,222,1.0,75,N_3pct,2400,0.88625,0.88625,0.7743544873274162,0.8861137913035226,0.9468527777777778,0.927087442372011,0.8735832878523621,0.8986842429494176,0.896293322628128,-0.010179531324605362,0.9886426339819684
tax_1122939,ck4p_msp,CK4P-MSP,222,1.0,75,clean,2400,0.89,0.8899999999999999,0.7839294959021854,0.8897243107769424,0.9490180555555555,0.9297145512629676,0.8775157252374159,0.902654362865619,0.896293322628128,-0.0065690118511856355,0.9926709128749014
tax_1122939,ck4p_msp,CK4P-MSP,222,1.0,75,substitution_1pct,2400,0.8879166666666667,0.8879166666666667,0.7788204840780938,0.8877017207415235,0.9471756944444445,0.9250813189607244,0.8742131438783773,0.9002195477288479,0.896293322628128,-0.00859160188660446,0.9904142966708577
tax_1122939,ck4p_msp,CK4P-MSP,222,1.0,100,N_3pct,2400,0.8983333333333333,0.8983333333333334,0.8000350156914234,0.8981193131404512,0.9559236111111111,0.9403918579937891,0.885609763909039,0.9098377578912267,0.896293322628128,0.001825990512323239,1.0020372689009542
tax_1122939,ck4p_msp,CK4P-MSP,222,1.0,100,clean,2400,0.8966666666666666,0.8966666666666667,0.7991077726585021,0.896293322628128,0.9570888888888889,0.9423071721498938,0.8836021116274009,0.9080966052645036,0.896293322628128,0.0,1.0
tax_1122939,ck4p_msp,CK4P-MSP,222,1.0,100,substitution_1pct,2400,0.8945833333333333,0.8945833333333333,0.793623750990901,0.8942873194749673,0.9553902777777776,0.940055005121674,0.8808815411488432,0.9064496857609149,0.896293322628128,-0.0020060031531606848,0.9977618898830144
tax_1122939,ck5,CK5,512,1.0,69,N_3pct,2400,0.8675,0.8674999999999999,0.735588706542119,0.8674469787915167,0.9461368055555556,0.9248653014694788,0.8541124272778411,0.880345289022919,0.9023094355586696,-0.03486245676715294,0.9613630807866177
tax_1122939,ck5,CK5,512,1.0,69,clean,2400,0.8858333333333334,0.8858333333333333,0.7716838153864408,0.8858320648007201,0.9492673611111111,0.9311512633512008,0.8729115345786869,0.898343154250134,0.9023094355586696,-0.016477370757949528,0.9817386695643413
tax_1122939,ck5,CK5,512,1.0,69,substitution_1pct,2400,0.8808333333333334,0.8808333333333334,0.7616677245392409,0.8808332505786463,0.9485819444444444,0.9315356790089925,0.867916299759891,0.8933326833292708,0.9023094355586696,-0.02147618498002335,0.9761986474554306
tax_1122939,ck5,CK5,512,1.0,75,N_3pct,2400,0.88375,0.88375,0.7675130584929868,0.8837490110592955,0.9485909722222222,0.9312321339700483,0.870410079176825,0.8962579399700661,0.9023094355586696,-0.018560424499374117,0.979430089315333
tax_1122939,ck5,CK5,512,1.0,75,clean,2400,0.8879166666666667,0.8879166666666667,0.776286569020263,0.8878839466865243,0.9522597222222221,0.9340970598697393,0.8745574637252447,0.9003847621175786,0.9023094355586696,-0.014425488872145342,0.9840127030665331
tax_1122939,ck5,CK5,512,1.0,75,substitution_1pct,2400,0.88875,0.88875,0.7777271402956363,0.8887337543554537,0.9505118055555554,0.9303093067904284,0.8766496031713437,0.9020692387679601,0.9023094355586696,-0.01357568120321595,0.9849545170778243
tax_1122939,ck5,CK5,512,1.0,100,N_3pct,2400,0.9008333333333334,0.9008333333333334,0.8031953079558525,0.9007389664201592,0.95885,0.94424633374842,0.8890238310487468,0.9111812578939998,0.9023094355586696,-0.0015704691385104441,0.998259500481076
tax_1122939,ck5,CK5,512,1.0,100,clean,2400,0.9025,0.9025,0.8081591175429074,0.9023094355586696,0.96115,0.9475982910964654,0.890981519203608,0.9144133725443183,0.9023094355586696,0.0,1.0
tax_1122939,ck5,CK5,512,1.0,100,substitution_1pct,2400,0.8995833333333333,0.8995833333333333,0.8017904200483577,0.8994190336262828,0.9592090277777778,0.9454809507875175,0.886919617617542,0.9115732659288039,0.9023094355586696,-0.002890401932386766,0.9967966621887344
tax_1122939,pseknc_k3_l3,PseKNC,67,1.0,69,N_3pct,2400,0.8754166666666666,0.8754166666666666,0.7523041150236263,0.8752948843271424,0.9370326388888889,0.9132895439991502,0.8623042340602025,0.8886998376318828,0.8895800976491157,-0.0142852133219733,0.9839416221656434
tax_1122939,pseknc_k3_l3,PseKNC,67,1.0,69,clean,2400,0.88125,0.88125,0.765903332154848,0.8809861653377078,0.9388888888888889,0.9152791447751752,0.8679913596897771,0.8939760152944025,0.8895800976491157,-0.008593932311407926,0.9903393383753537
tax_1122939,pseknc_k3_l3,PseKNC,67,1.0,69,substitution_1pct,2400,0.8770833333333333,0.8770833333333333,0.7570703953712942,0.8768476119656112,0.9382986111111111,0.9154062150140563,0.8641955309038493,0.8898599015549291,0.8895800976491157,-0.01273248568350449,0.9856870834710079
tax_1122939,pseknc_k3_l3,PseKNC,67,1.0,75,N_3pct,2400,0.88,0.88,0.7622434502907511,0.8798234071733186,0.93991875,0.9157146143316119,0.8676579338570432,0.8931178522807298,0.8895800976491157,-0.00975669047579708,0.9890322518437845
tax_1122939,pseknc_k3_l3,PseKNC,67,1.0,75,clean,2400,0.8745833333333334,0.8745833333333333,0.7536710116683795,0.8742085578230558,0.9419111111111111,0.9199302768298548,0.8608219306657043,0.8868921372923168,0.8895800976491157,-0.015371539826059877,0.982720454440604
tax_1122939,pseknc_k3_l3,PseKNC,67,1.0,75,substitution_1pct,2400,0.8791666666666667,0.8791666666666667,0.7622830874632732,0.8788536210583041,0.9405131944444445,0.9171089668540028,0.8662494042541959,0.8913293491925192,0.8895800976491157,-0.010726476590811607,0.987942090184843
tax_1122939,pseknc_k3_l3,PseKNC,67,1.0,100,N_3pct,2400,0.895,0.895,0.7934635338082657,0.8947708342612801,0.9505229166666668,0.9327618952065055,0.8821426526116835,0.9069252743100066,0.8895800976491157,0.005190736612164404,1.005835041303062
tax_1122939,pseknc_k3_l3,PseKNC,67,1.0,100,clean,2400,0.89,0.89,0.7860008808279106,0.8895800976491157,0.9520194444444443,0.9351386938875788,0.8778420201633677,0.9023128076105644,0.8895800976491157,0.0,1.0
tax_1122939,pseknc_k3_l3,PseKNC,67,1.0,100,substitution_1pct,2400,0.88875,0.8887499999999999,0.7826170548642473,0.8883863060030157,0.9501368055555555,0.9327696159709761,0.8763469258946447,0.901783326299192,0.8895800976491157,-0.0011937916461000064,0.9986580279288455
tax_1122939,ncp_anf,NCP+ANF,400,1.0,69,N_3pct,2400,0.8229166666666666,0.8229166666666667,0.681475452695149,0.8182890632640878,0.9083888888888889,0.8743651959778728,0.8041581358454405,0.833160877544878,0.8598765833379663,-0.04158752007387856,0.951635477835157
tax_1122939,ncp_anf,NCP+ANF,400,1.0,69,clean,2400,0.8245833333333333,0.8245833333333333,0.6814547906558661,0.8204299976451875,0.9090756944444446,0.873833395109496,0.8059199574829116,0.8357778861317495,0.8598765833379663,-0.03944658569277881,0.9541252937256989
tax_1122939,ncp_anf,NCP+ANF,400,1.0,69,substitution_1pct,2400,0.8258333333333333,0.8258333333333334,0.6842705498085218,0.8216864283322348,0.9088534722222223,0.8730173077842417,0.8064999624322534,0.8362820772326524,0.8598765833379663,-0.03819015500573153,0.9555864693308885
tax_1122939,ncp_anf,NCP+ANF,400,1.0,75,N_3pct,2400,0.8416666666666667,0.8416666666666667,0.7080012979389886,0.8389092175721782,0.9117958333333332,0.8745429962400789,0.8241069080063639,0.8539011763911057,0.8598765833379663,-0.02096736576578817,0.9756158428173556
tax_1122939,ncp_anf,NCP+ANF,400,1.0,75,clean,2400,0.83625,0.8362499999999999,0.6953344824634003,0.8335619973619082,0.9125249999999999,0.8774365615400257,0.8192754621069035,0.8479015692062802,0.8598765833379663,-0.02631458597605818,0.9693972524825514
tax_1122939,ncp_anf,NCP+ANF,400,1.0,75,substitution_1pct,2400,0.8375,0.8374999999999999,0.696218599512301,0.8350243339107482,0.9125937500000001,0.8795150706849235,0.8198423963249152,0.8491190064450004,0.8598765833379663,-0.024852249427218198,0.9710978878727643
tax_1122939,ncp_anf,NCP+ANF,400,1.0,100,N_3pct,2400,0.8579166666666667,0.8579166666666667,0.721723629831761,0.857336874809447,0.9219673611111111,0.8922701920992538,0.8428579346873559,0.8699192792684487,0.8598765833379663,-0.002539708528519369,0.9970464266875829
tax_1122939,ncp_anf,NCP+ANF,400,1.0,100,clean,2400,0.8604166666666667,0.8604166666666666,0.7264550959587909,0.8598765833379663,0.9230902777777777,0.8928272311439838,0.845746237957169,0.8746091113199411,0.8598765833379663,0.0,1.0
tax_1122939,ncp_anf,NCP+ANF,400,1.0,100,substitution_1pct,2400,0.86125,0.8612500000000001,0.7275397533415148,0.8607694370099296,0.9231138888888889,0.8937528406286127,0.8460788681036359,0.8740048690268389,0.8598765833379663,0.0008928536719632341,1.0010383509555492
tax_1122939,pseeiip,PseEIIP,64,1.0,69,N_3pct,2400,0.8754166666666666,0.8754166666666667,0.7530015961298254,0.8752372986232464,0.9402659722222222,0.9186781879587982,0.862686111268075,0.8885754154730285,0.8958485649288168,-0.02061126630557042,0.9769924660121455
tax_1122939,pseeiip,PseEIIP,64,1.0,69,clean,2400,0.88375,0.88375,0.769619640132099,0.8835899159243119,0.9426062500000001,0.9218059099720212,0.8710303261184148,0.8961788860738525,0.8958485649288168,-0.012258649004504907,0.9863161593550368
tax_1122939,pseeiip,PseEIIP,64,1.0,69,substitution_1pct,2400,0.8825,0.8825000000000001,0.7670653339233843,0.8823418151069771,0.9419541666666666,0.9222321092959872,0.8694318356973725,0.8945439419679483,0.8958485649288168,-0.013506749821839747,0.9849229542239508
tax_1122939,pseeiip,PseEIIP,64,1.0,75,N_3pct,2400,0.885,0.885,0.7724758906336857,0.8848157051282051,0.9439381944444445,0.9225253125689408,0.871928757860649,0.8973219159034401,0.8958485649288168,-0.01103285980061175,0.9876844589224872
tax_1122939,pseeiip,PseEIIP,64,1.0,75,clean,2400,0.8841666666666667,0.8841666666666667,0.7713485573235617,0.8839402695953427,0.9459027777777778,0.9268107916774343,0.8709149377638541,0.8969356327060349,0.8958485649288168,-0.01190829533347415,0.9867072451755053
tax_1122939,pseeiip,PseEIIP,64,1.0,75,substitution_1pct,2400,0.88875,0.88875,0.7801595133987481,0.8885603785190739,0.9443673611111111,0.9232989947562649,0.8752590161479107,0.901054203831576,0.8958485649288168,-0.007288186409742936,0.9918644883799953
tax_1122939,pseeiip,PseEIIP,64,1.0,100,N_3pct,2400,0.89625,0.89625,0.7971192386497006,0.8959493912882688,0.9545708333333334,0.9368964341791591,0.8828068848095322,0.9068866761853925,0.8958485649288168,0.0001008263594519665,1.0001125484411084
tax_1122939,pseeiip,PseEIIP,64,1.0,100,clean,2400,0.89625,0.89625,0.7986806893142313,0.8958485649288168,0.9564194444444444,0.9408952748360268,0.8840064253639193,0.9072280121630852,0.8958485649288168,0.0,1.0
tax_1122939,pseeiip,PseEIIP,64,1.0,100,substitution_1pct,2400,0.8966666666666666,0.8966666666666667,0.7983262896661469,0.8963435320244846,0.9544444444444445,0.9385631265210959,0.8837797416019587,0.908939014202172,0.8958485649288168,0.0004949670956677643,1.0005525120149152
tax_1122939,hash_k15_d222,Hashed k=15,222,1.0,69,N_3pct,2400,0.4995833333333333,0.4995833333333334,-0.0008333359375122071,0.4995825514310699,0.5031513888888889,0.4976501049400491,0.47974688763262086,0.517906773707476,0.4870725582950614,0.01250999313600848,1.0256840442413717
tax_1122939,hash_k15_d222,Hashed k=15,222,1.0,69,clean,2400,0.49625,0.49625,-0.0075016281341774346,0.4961953336950624,0.4995604166666667,0.49607646051260146,0.4761841311704253,0.5162326880738842,0.4870725582950614,0.009122775400001004,1.0187298077968798
tax_1122939,hash_k15_d222,Hashed k=15,222,1.0,69,substitution_1pct,2400,0.5016666666666667,0.5016666666666667,0.0033337083966264508,0.5016386338398202,0.5021243055555555,0.49948740870568303,0.4816624191017194,0.5204019671583181,0.4870725582950614,0.014566075544758805,1.0299053504384348
tax_1122939,hash_k15_d222,Hashed k=15,222,1.0,75,N_3pct,2400,0.5091666666666667,0.5091666666666667,0.018337638089766375,0.5091090551599458,0.5150583333333334,0.5108731369397239,0.4895564994878065,0.5290066622948423,0.4870725582950614,0.022036496864884347,1.0452427394842783
tax_1122939,hash_k15_d222,Hashed k=15,222,1.0,75,clean,2400,0.49541666666666667,0.49541666666666667,-0.00917056817228878,0.4953093322798685,0.5004659722222222,0.4947036343809772,0.4762455444499441,0.5165717683338964,0.4870725582950614,0.0082367739848071,1.016910774061341
tax_1122939,hash_k15_d222,Hashed k=15,222,1.0,75,substitution_1pct,2400,0.495,0.495,-0.010002000600200069,0.4949494949494949,0.4970784722222222,0.4952213879046607,0.4741660823814392,0.5149050017824542,0.4870725582950614,0.007876936654433508,1.0161719984431186
tax_1122939,hash_k15_d222,Hashed k=15,222,1.0,100,N_3pct,2400,0.5004166666666666,0.5004166666666667,0.000833648616335852,0.5003221963319107,0.5045791666666667,0.4981469399947094,0.4813609042197969,0.5208303801176534,0.4870725582950614,0.013249638036849254,1.027202596022301
tax_1122939,hash_k15_d222,Hashed k=15,222,1.0,100,clean,2400,0.4870833333333333,0.4870833333333333,-0.025834418760534637,0.4870725582950614,0.4952993055555555,0.4920004184921136,0.46656367560255985,0.5061975848237753,0.4870725582950614,0.0,1.0
tax_1122939,hash_k15_d222,Hashed k=15,222,1.0,100,substitution_1pct,2400,0.49375,0.49375,-0.012502296639735913,0.49370350158894805,0.49829930555555557,0.4966866061855739,0.4728500327952281,0.5149974394355608,0.4870725582950614,0.0066309432938866375,1.0136138716520953
tax_1097667,ck4,CK4,136,1.0,69,N_3pct,2400,0.8883333333333333,0.8883333333333334,0.7773417356047747,0.8882848458532349,0.9530027777777779,0.9452677594844711,0.8774072892625048,0.9012384992558605,0.9005415193884836,-0.01225667353524873,0.9863896630290054
tax_1097667,ck4,CK4,136,1.0,69,clean,2400,0.8945833333333333,0.8945833333333333,0.7905516196350449,0.8944909946361043,0.9557479166666666,0.9482757225615419,0.8820280326129395,0.9070117837116336,0.9005415193884836,-0.006050524752379327,0.9932812373198651
tax_1097667,ck4,CK4,136,1.0,69,substitution_1pct,2400,0.8925,0.8925,0.785918533271615,0.8924371803254539,0.9546527777777778,0.9467024744667665,0.8811443083089676,0.9045295748616013,0.9005415193884836,-0.008104339063029653,0.9910005936555453
tax_1097667,ck4,CK4,136,1.0,75,N_3pct,2400,0.8866666666666667,0.8866666666666667,0.7742382153673659,0.8866004381725716,0.9530055555555556,0.9423241053434115,0.8744313710351433,0.8991118349963163,0.9005415193884836,-0.013941081215911977,0.984519224360273
tax_1097667,ck4,CK4,136,1.0,75,clean,2400,0.8908333333333334,0.8908333333333334,0.7840759568673062,0.8906656113440687,0.9567902777777778,0.9488212748873395,0.8785514062336676,0.9031787352833516,0.9005415193884836,-0.00987590804441485,0.9890333673331119
tax_1097667,ck4,CK4,136,1.0,75,substitution_1pct,2400,0.89125,0.8912500000000001,0.7837967868260224,0.8911600369680563,0.9539055555555555,0.9436821106290503,0.8794241269395207,0.9028540108726907,0.9005415193884836,-0.009381482420427245,0.9895823987917872
tax_1097667,ck4,CK4,136,1.0,100,N_3pct,2400,0.8995833333333333,0.8995833333333333,0.803260619821887,0.8993274397648606,0.9618777777777778,0.9549683931117995,0.8871158804264512,0.9106264816515877,0.9005415193884836,-0.0012140796236229656,0.9986518338161161
tax_1097667,ck4,CK4,136,1.0,100,clean,2400,0.9008333333333334,0.9008333333333334,0.8064127073471791,0.9005415193884836,0.9642770833333333,0.9584172137399736,0.8887373431916065,0.9122103626124934,0.9005415193884836,0.0,1.0
tax_1097667,ck4,CK4,136,1.0,100,substitution_1pct,2400,0.9025,0.9025000000000001,0.8091928159225517,0.90224740457808,0.9627680555555557,0.9575225245735073,0.890027595299703,0.9140234575005968,0.9005415193884836,0.0017058851895963567,1.0018942882175546
tax_1097667,ck4_p,CK4+P,147,1.0,69,N_3pct,2400,0.8883333333333333,0.8883333333333334,0.7777053809817759,0.888258761576302,0.9507708333333333,0.9418148787701397,0.8749106109762794,0.8995449650812617,0.8966633667974586,-0.008404605221156602,0.9906267998310507
tax_1097667,ck4_p,CK4+P,147,1.0,69,clean,2400,0.8908333333333334,0.8908333333333334,0.7838744225148973,0.890679601522975,0.9530833333333332,0.9440713228736526,0.8784636170147468,0.9028296515497646,0.8966633667974586,-0.005983765274483632,0.9933266312687052
tax_1097667,ck4_p,CK4+P,147,1.0,69,substitution_1pct,2400,0.8908333333333334,0.8908333333333334,0.7834980573881647,0.8907057474732657,0.9521590277777778,0.9428079834652243,0.8778643555138369,0.9024216662820987,0.8966633667974586,-0.00595761932419292,0.9933557904283842
tax_1097667,ck4_p,CK4+P,147,1.0,75,N_3pct,2400,0.8866666666666667,0.8866666666666667,0.7745056603884928,0.8865808934673514,0.9503798611111111,0.9377428613625608,0.8736723123016892,0.8994904701994787,0.8966633667974586,-0.010082473330107256,0.988755564570327
tax_1097667,ck4_p,CK4+P,147,1.0,75,clean,2400,0.8875,0.8875,0.778774303448287,0.8872273878730459,0.9540930555555557,0.9443682512261117,0.8746088164883087,0.900247589625141,0.8966633667974586,-0.009435978924412725,0.9894765647021865
tax_1097667,ck4_p,CK4+P,147,1.0,75,substitution_1pct,2400,0.8841666666666667,0.8841666666666667,0.7710151332265377,0.8839652173913044,0.9514,0.9394194135369129,0.8717599057604956,0.897420433791336,0.8966633667974586,-0.012698149406154213,0.9858384429693976
tax_1097667,ck4_p,CK4+P,147,1.0,100,N_3pct,2400,0.89625,0.89625,0.7971192386497006,0.8959493912882688,0.9593104166666666,0.9513569965859563,0.8829344078279512,0.9076769151759444,0.8966633667974586,-0.0007139755091898348,0.9992037418549395
tax_1097667,ck4_p,CK4+P,147,1.0,100,clean,2400,0.8970833333333333,0.8970833333333333,0.8007015357737697,0.8966633667974586,0.9614979166666666,0.9544793174279189,0.8846984167274567,0.9089738280990177,0.8966633667974586,0.0,1.0
tax_1097667,ck4_p,CK4+P,147,1.0,100,substitution_1pct,2400,0.8975,0.8975,0.8007865705002216,0.8971296668004818,0.9599569444444445,0.953486362257399,0.8844981116383666,0.908554995435745,0.8966633667974586,0.0004663000030231679,1.0005200390919153
tax_1097667,ck4_msp,CK4+MSP,211,1.0,69,N_3pct,2400,0.8883333333333333,0.8883333333333333,0.7780684526262526,0.888232742801855,0.9506819444444443,0.9416778776225533,0.8743860340340507,0.9003690980689694,0.8962505159584556,-0.008017773156600572,0.991054093678232
tax_1097667,ck4_msp,CK4+MSP,211,1.0,69,clean,2400,0.8916666666666667,0.8916666666666666,0.7853527591865844,0.8915273848156418,0.9530722222222222,0.9440722922561873,0.8790034199072244,0.9032896641636086,0.8962505159584556,-0.004723131142813863,0.9947301217029003
tax_1097667,ck4_msp,CK4+MSP,211,1.0,69,substitution_1pct,2400,0.8908333333333334,0.8908333333333334,0.7833231884554545,0.8907179041195596,0.9521722222222222,0.9428338194316085,0.878248610802199,0.9037012639137045,0.8962505159584556,-0.005532611838895973,0.9938269359510724
tax_1097667,ck4_msp,CK4+MSP,211,1.0,75,N_3pct,2400,0.88625,0.88625,0.7740952586147347,0.8861327918963808,0.9503125000000001,0.9377571523135397,0.8730589446116364,0.899149127570507,0.8962505159584556,-0.010117724062074784,0.988711053570491
tax_1097667,ck4_msp,CK4+MSP,211,1.0,75,clean,2400,0.8883333333333333,0.8883333333333333,0.7804490868965629,0.8880627405554677,0.9540326388888888,0.9443188769794078,0.875856910362737,0.9002802616300443,0.8962505159584556,-0.008187775402987874,0.9908644120620318
tax_1097667,ck4_msp,CK4+MSP,211,1.0,75,substitution_1pct,2400,0.88375,0.88375,0.7700197881799139,0.8835597941150745,0.9513972222222222,0.9395474107456073,0.8704986983726699,0.8957396275072963,0.8962505159584556,-0.012690721843381159,0.9858402069316416
tax_1097667,ck4_msp,CK4+MSP,211,1.0,100,N_3pct,2400,0.895,0.895,0.7955898715055537,0.8946311358024863,0.9592548611111111,0.9512706556544054,0.8829216718330948,0.9056554759824652,0.8962505159584556,-0.0016193801559692966,0.9981931612566632
tax_1097667,ck4_msp,CK4+MSP,211,1.0,100,clean,2400,0.8966666666666666,0.8966666666666667,0.7997752518666424,0.8962505159584556,0.9614986111111112,0.9544397892681061,0.8841437957731448,0.9080301134151891,0.8962505159584556,0.0,1.0
tax_1097667,ck4_msp,CK4+MSP,211,1.0,100,substitution_1pct,2400,0.89625,0.89625,0.7983496605167149,0.8958699070827107,0.95994375,0.9534998731109772,0.8827517745930765,0.9075535927348141,0.8962505159584556,-0.00038060887574487,0.9995753320428075
tax_1097667,ck4p_msp,CK4P-MSP,222,1.0,69,N_3pct,2400,0.8829166666666667,0.8829166666666667,0.7672543361558477,0.8828082439465262,0.9488027777777778,0.9385693714941724,0.869791487044609,0.8949252801992528,0.8957572903175164,-0.012949046370990147,0.9855440234637665
tax_1097667,ck4p_msp,CK4P-MSP,222,1.0,69,clean,2400,0.8870833333333333,0.8870833333333333,0.7776220716632282,0.8868324589702414,0.95111875,0.9406992595915721,0.8747817025128058,0.8989848954151706,0.8957572903175164,-0.008924831347274953,0.9900365518162723
tax_1097667,ck4p_msp,CK4P-MSP,222,1.0,69,substitution_1pct,2400,0.8870833333333333,0.8870833333333333,0.7768147780787106,0.8868908710811574,0.9503722222222223,0.939810335255858,0.8747363721825735,0.898220907909141,0.8957572903175164,-0.008866419236359002,0.9901017615684533
tax_1097667,ck4p_msp,CK4P-MSP,222,1.0,75,N_3pct,2400,0.8841666666666667,0.8841666666666667,0.769961598886918,0.8840441883406014,0.948348611111111,0.9341832210268016,0.8711099842298646,0.8973745760205306,0.8957572903175164,-0.011713101976914997,0.9869237994448663
tax_1097667,ck4p_msp,CK4P-MSP,222,1.0,75,clean,2400,0.88625,0.88625,0.7772888711425632,0.8858995968696227,0.9520277777777779,0.9408804252316137,0.8727914186652939,0.8976978359438654,0.8957572903175164,-0.009857693447893667,0.9889951289769582
tax_1097667,ck4p_msp,CK4P-MSP,222,1.0,75,substitution_1pct,2400,0.8829166666666667,0.8829166666666667,0.7690123471328965,0.8826746627896882,0.9494958333333332,0.9361864902516727,0.869586969602593,0.8948521358159912,0.8957572903175164,-0.013082627527828183,0.9853948969556353
tax_1097667,ck4p_msp,CK4P-MSP,222,1.0,100,N_3pct,2400,0.8929166666666667,0.8929166666666667,0.7917967399059216,0.8925134240591135,0.9573152777777778,0.9484540425864745,0.8796513311971801,0.9043483334626504,0.8957572903175164,-0.0032438662584028943,0.9963786325900256
tax_1097667,ck4p_msp,CK4P-MSP,222,1.0,100,clean,2400,0.89625,0.89625,0.8000995319513855,0.8957572903175164,0.9594222222222222,0.9513464541741338,0.8838472921250381,0.9076069703434532,0.8957572903175164,0.0,1.0
tax_1097667,ck4p_msp,CK4P-MSP,222,1.0,100,substitution_1pct,2400,0.8958333333333334,0.8958333333333333,0.7982674682426246,0.895402668347662,0.9578375,0.9502647172128207,0.8831840551007786,0.9075988285918898,0.8957572903175164,-0.0003546219698543629,0.999604109312101
tax_1097667,ck5,CK5,512,1.0,69,N_3pct,2400,0.8770833333333333,0.8770833333333333,0.7549033189430857,0.8770233608716473,0.95074375,0.9429348706984613,0.8632399553446787,0.8899528114190435,0.9010227475410122,-0.023999386669364853,0.9733642832715803
tax_1097667,ck5,CK5,512,1.0,69,clean,2400,0.88875,0.8887499999999999,0.7775218681100652,0.8887484355248746,0.9545347222222221,0.9482314098569584,0.8762386337217428,0.9012600203690594,0.9010227475410122,-0.0122743120161376,0.9863773561215458
tax_1097667,ck5,CK5,512,1.0,69,substitution_1pct,2400,0.8845833333333334,0.8845833333333333,0.7692267648553482,0.8845788246936729,0.9535694444444445,0.9472426952265359,0.8703999105597486,0.8974988877914801,0.9010227475410122,-0.01644392284733931,0.9817497139864487
tax_1097667,ck5,CK5,512,1.0,75,N_3pct,2400,0.88625,0.88625,0.7725067058164822,0.88624950629126,0.9513569444444444,0.9419448803673646,0.8733332453703093,0.899580425349246,0.9010227475410122,-0.014773241249752211,0.9836039197788624
tax_1097667,ck5,CK5,512,1.0,75,clean,2400,0.8916666666666667,0.8916666666666666,0.7837688815089573,0.8916365657126979,0.9558583333333333,0.9485129356162669,0.8790909704718987,0.9041600427275465,0.9010227475410122,-0.0093861818283143,0.9895827471016351
tax_1097667,ck5,CK5,512,1.0,75,substitution_1pct,2400,0.8879166666666667,0.8879166666666667,0.7758788636720093,0.8879133780140425,0.9530715277777777,0.9435083439605408,0.8757956579557828,0.8999823232605375,0.9010227475410122,-0.013109369526969727,0.9854505676324525
tax_1097667,ck5,CK5,512,1.0,100,N_3pct,2400,0.89875,0.8987499999999999,0.799146885107121,0.8986456719077676,0.9609201388888888,0.9566735833621106,0.88689047368178,0.9107394004461051,0.9010227475410122,-0.0023770756332446297,0.9973618028626559
tax_1097667,ck5,CK5,512,1.0,100,clean,2400,0.90125,0.9012500000000001,0.8062106699695798,0.9010227475410122,0.9636819444444444,0.9597164229543529,0.8885282214625172,0.9127626138353354,0.9010227475410122,0.0,1.0
tax_1097667,ck5,CK5,512,1.0,100,substitution_1pct,2400,0.8958333333333334,0.8958333333333333,0.7950138754255778,0.895614050348823,0.9619736111111111,0.9579325699032472,0.8838761129882959,0.9068853315226891,0.9010227475410122,-0.005408697192189171,0.993997157999673
tax_1097667,pseknc_k3_l3,PseKNC,67,1.0,69,N_3pct,2400,0.8783333333333333,0.8783333333333334,0.7581095006485593,0.8782175554398591,0.9420201388888889,0.9234806243966465,0.8652847485901722,0.8919791638605687,0.8907208879939694,-0.012503332554110291,0.9859626817753544
tax_1097667,pseknc_k3_l3,PseKNC,67,1.0,69,clean,2400,0.8820833333333333,0.8820833333333333,0.7689038779263544,0.8817200949234549,0.9440715277777777,0.9256775417139533,0.8685186086896427,0.8940365421041108,0.8907208879939694,-0.00900079307051449,0.989894934325852
tax_1097667,pseknc_k3_l3,PseKNC,67,1.0,69,substitution_1pct,2400,0.8804166666666666,0.8804166666666666,0.7649950170047669,0.8800913937547601,0.9428534722222222,0.9247630943830322,0.8680434646749181,0.8931248525770061,0.8907208879939694,-0.010629494239209336,0.9880664140894366
tax_1097667,pseknc_k3_l3,PseKNC,67,1.0,75,N_3pct,2400,0.8858333333333334,0.8858333333333333,0.7737499991427602,0.8856796359550062,0.9436861111111111,0.9238594400457144,0.8740119550534342,0.8990251282146504,0.8907208879939694,-0.005041252038963218,0.9943402561824761
tax_1097667,pseknc_k3_l3,PseKNC,67,1.0,75,clean,2400,0.8833333333333333,0.8833333333333333,0.7716383155166912,0.8829574968509993,0.9458506944444444,0.928846945805835,0.8699145910503423,0.8964648900252684,0.8907208879939694,-0.007763391142970089,0.9912841483256845
tax_1097667,pseknc_k3_l3,PseKNC,67,1.0,75,substitution_1pct,2400,0.88125,0.8812500000000001,0.7666708001745474,0.8809269937982809,0.9431868055555557,0.9252250765313975,0.8688246972438193,0.8931101276973248,0.8907208879939694,-0.009793894195688546,0.9890045306810467
tax_1097667,pseknc_k3_l3,PseKNC,67,1.0,100,N_3pct,2400,0.8870833333333333,0.8870833333333333,0.7784012823630104,0.8867761941029269,0.9518743055555556,0.9356923396595971,0.8745046759960425,0.8997580827762002,0.8907208879939694,-0.003944693891042572,0.9955713468223176
tax_1097667,pseknc_k3_l3,PseKNC,67,1.0,100,clean,2400,0.89125,0.89125,0.7901893539373134,0.8907208879939694,0.9531368055555556,0.9384499652468268,0.8777021374768602,0.9025412779785422,0.8907208879939694,0.0,1.0
tax_1097667,pseknc_k3_l3,PseKNC,67,1.0,100,substitution_1pct,2400,0.8941666666666667,0.8941666666666667,0.7949063420605503,0.8937291110412247,0.9517569444444444,0.9382171507286752,0.8802636428287516,0.9059524276029625,0.8907208879939694,0.003008223047255232,1.0033772903361795
tax_1097667,ncp_anf,NCP+ANF,400,1.0,69,N_3pct,2400,0.8320833333333333,0.8320833333333333,0.6927242962493382,0.8286236433812527,0.8986284722222222,0.8550383376251356,0.8137470910296594,0.842404860345797,0.8508828697507942,-0.022259226369541474,0.9738398466335787
tax_1097667,ncp_anf,NCP+ANF,400,1.0,69,clean,2400,0.8308333333333333,0.8308333333333333,0.6875234557953898,0.8276534192330578,0.8995527777777778,0.8560217614321786,0.8127274343297641,0.8423363351561425,0.8508828697507942,-0.023229450517736394,0.9726995908090854
tax_1097667,ncp_anf,NCP+ANF,400,1.0,69,substitution_1pct,2400,0.8345833333333333,0.8345833333333333,0.694142609550705,0.8316083855772087,0.8974548611111111,0.8521985756195248,0.814834488814602,0.8458657872724403,0.8508828697507942,-0.01927448417358546,0.9773476645742902
tax_1097667,ncp_anf,NCP+ANF,400,1.0,75,N_3pct,2400,0.83875,0.83875,0.6992553056001812,0.8362422028597316,0.900507638888889,0.8572814687211415,0.822510570117379,0.8509595100211018,0.8508828697507942,-0.014640666891062581,0.9827935578308792
tax_1097667,ncp_anf,NCP+ANF,400,1.0,75,clean,2400,0.8354166666666667,0.8354166666666667,0.6911771036457827,0.8329950661316636,0.9008006944444444,0.8565393039054987,0.8185184781014285,0.8469427054272043,0.8508828697507942,-0.01788780361913056,0.978977360744882
tax_1097667,ncp_anf,NCP+ANF,400,1.0,75,substitution_1pct,2400,0.8383333333333334,0.8383333333333334,0.6955900349971227,0.8361346933402971,0.8992229166666665,0.854677269200874,0.8213367680501037,0.8493643751759528,0.8508828697507942,-0.014748176410497083,0.9826672072798733
tax_1097667,ncp_anf,NCP+ANF,400,1.0,100,N_3pct,2400,0.8483333333333334,0.8483333333333334,0.7034296309463233,0.8476042679178375,0.90761875,0.8621839623442022,0.833476620602365,0.8619621887946544,0.8508828697507942,-0.0032786018329566957,0.9961468235529093
tax_1097667,ncp_anf,NCP+ANF,400,1.0,100,clean,2400,0.8516666666666667,0.8516666666666667,0.7108457969268963,0.8508828697507942,0.9091861111111111,0.8653909310673722,0.836598041528159,0.8651271429656232,0.8508828697507942,0.0,1.0
tax_1097667,ncp_anf,NCP+ANF,400,1.0,100,substitution_1pct,2400,0.8491666666666666,0.8491666666666666,0.7035600696855852,0.8486064052315827,0.9081944444444444,0.8632295385821114,0.8337188328669933,0.863196114011257,0.8508828697507942,-0.002276464519211485,0.9973245853217397
tax_1097667,pseeiip,PseEIIP,64,1.0,69,N_3pct,2400,0.8816666666666667,0.8816666666666666,0.7663289354754691,0.8814353833276162,0.9456048611111112,0.9283334066269373,0.8683688040400376,0.8934821858952011,0.8949556203189729,-0.013520236991356738,0.9848928408466355
tax_1097667,pseeiip,PseEIIP,64,1.0,69,clean,2400,0.8879166666666667,0.8879166666666667,0.7799412806434614,0.8876214975062103,0.9477361111111111,0.9315570739573069,0.874754221889255,0.9001716434471246,0.8949556203189729,-0.007334122812762578,0.9918050430141456
tax_1097667,pseeiip,PseEIIP,64,1.0,69,substitution_1pct,2400,0.8845833333333334,0.8845833333333333,0.7725997547310652,0.8843269045562985,0.9464805555555555,0.9307829864461744,0.8712984694478505,0.8977064140646119,0.8949556203189729,-0.010628715762674434,0.9881237510314911
tax_1097667,pseeiip,PseEIIP,64,1.0,75,N_3pct,2400,0.885,0.885,0.7734983221577062,0.8847399444997777,0.9471444444444446,0.9290121851808912,0.872026080996172,0.8963991768777169,0.8949556203189729,-0.010215675819195247,0.9885852710600842
tax_1097667,pseeiip,PseEIIP,64,1.0,75,clean,2400,0.8845833333333334,0.8845833333333333,0.7737912611456221,0.884238440255769,0.94954375,0.9342057854016146,0.8712881306271069,0.8968210689706249,0.8949556203189729,-0.01071718006320388,0.9880249033361184
tax_1097667,pseeiip,PseEIIP,64,1.0,75,substitution_1pct,2400,0.88375,0.88375,0.7708046828931591,0.8835008009319936,0.9469243055555556,0.9304002357300261,0.8717353933195517,0.8965344030142005,0.8949556203189729,-0.011454819386979342,0.9872006844508148
tax_1097667,pseeiip,PseEIIP,64,1.0,100,N_3pct,2400,0.89375,0.89375,0.7941526980008411,0.8933049743068964,0.9559701388888889,0.9412004326711022,0.880932812434538,0.9047039945881296,0.8949556203189729,-0.0016506460120765398,0.9981556113235109
tax_1097667,pseeiip,PseEIIP,64,1.0,100,clean,2400,0.8954166666666666,0.8954166666666667,0.797868132426441,0.8949556203189729,0.9572486111111111,0.9436132025794465,0.882988153409294,0.9068214488787749,0.8949556203189729,0.0,1.0
tax_1097667,pseeiip,PseEIIP,64,1.0,100,substitution_1pct,2400,0.8970833333333333,0.8970833333333332,0.8005297607587729,0.8966743179032137,0.9558631944444445,0.9432563190304538,0.8852956953226695,0.9093139482514967,0.8949556203189729,0.0017186975842408136,1.0019204277231404
tax_1097667,hash_k15_d222,Hashed k=15,222,1.0,69,N_3pct,2400,0.51,0.51,0.020001361250073634,0.5099833258215036,0.51105625,0.5070053163595646,0.4895349098659913,0.5308262284029636,0.49833333333333335,0.01164999248817028,1.0233779113474988
tax_1097667,hash_k15_d222,Hashed k=15,222,1.0,69,clean,2400,0.5095833333333334,0.5095833333333333,0.01916699277452627,0.5095791613505045,0.5039097222222222,0.5057883969708075,0.4895166663809085,0.5286732781802418,0.49833333333333335,0.011245828017171167,1.022566878964223
tax_1097667,hash_k15_d222,Hashed k=15,222,1.0,69,substitution_1pct,2400,0.4920833333333333,0.4920833333333333,-0.01583426252391856,0.4920684304799915,0.4962395833333333,0.5084459002324957,0.4724809506116904,0.5128032914641549,0.49833333333333335,-0.006264902853341858,0.9874282885886116
tax_1097667,hash_k15_d222,Hashed k=15,222,1.0,75,N_3pct,2400,0.4945833333333333,0.4945833333333333,-0.010834691516946226,0.49455165506032583,0.5016159722222222,0.5056349130385673,0.47456083768097257,0.5133395169921654,0.49833333333333335,-0.003781678273007516,0.9924113479471421
tax_1097667,hash_k15_d222,Hashed k=15,222,1.0,75,clean,2400,0.51,0.51,0.02000177801484994,0.5099782212542779,0.5024673611111111,0.5032823118011331,0.48979060152614606,0.5303683155669928,0.49833333333333335,0.011644887920944591,1.023367668068785
tax_1097667,hash_k15_d222,Hashed k=15,222,1.0,75,substitution_1pct,2400,0.5075,0.5075,0.015000750056254689,0.5074876871921798,0.5068381944444444,0.5063339589181872,0.4867871075276105,0.5270924885808511,0.49833333333333335,0.009154353858846498,1.0183699408538727
tax_1097667,hash_k15_d222,Hashed k=15,222,1.0,100,N_3pct,2400,0.49541666666666667,0.4954166666666666,-0.009166695312634279,0.4954158782539765,0.49473055555555556,0.5089990566497187,0.476247399414872,0.5162138671568715,0.49833333333333335,-0.0029174550793568677,0.9941455750915915
tax_1097667,hash_k15_d222,Hashed k=15,222,1.0,100,clean,2400,0.49833333333333335,0.49833333333333335,-0.0033333333333333335,0.49833333333333335,0.5069,0.5130821669073287,0.4790121051084851,0.5191637365702286,0.49833333333333335,0.0,1.0
tax_1097667,hash_k15_d222,Hashed k=15,222,1.0,100,substitution_1pct,2400,0.4979166666666667,0.4979166666666667,-0.004167721754787342,0.4978531137013695,0.4992916666666667,0.506978027905723,0.4774071904287658,0.5191672664023388,0.49833333333333335,-0.00048021963196387407,0.999036348564621
