task,length,condition,model,input_name,seed,combo_seed,epoch,train_loss,val_loss
target_background,69,clean,mlp_ckmer5,ckmer5_count_l2,606,2045,1,0.7002781927585602,0.7038890719413757
target_background,69,clean,mlp_ckmer5,ckmer5_count_l2,606,2045,2,0.4903374562660853,0.7121915817260742
target_background,69,clean,mlp_ckmer5,ckmer5_count_l2,606,2045,3,0.3752462267875671,0.7217522859573364
target_background,69,clean,mlp_ckmer5,ckmer5_count_l2,606,2045,4,0.2808401485284169,0.7415784597396851
target_background,69,clean,mlp_ckmer5,ckmer5_count_l2,606,2045,5,0.2054030622045199,0.7723886370658875
target_background,69,clean,mlp_ckmer5,ckmer5_count_l2,606,2045,6,0.1510734769205252,0.8105893731117249
target_background,69,clean,mlp_csp,cspaced_property_l2,606,2042,1,0.6908196608225504,0.7265210151672363
target_background,69,clean,mlp_csp,cspaced_property_l2,606,2042,2,0.6199506123860677,0.73166424036026
target_background,69,clean,mlp_csp,cspaced_property_l2,606,2042,3,0.5875586171944936,0.7389606237411499
target_background,69,clean,mlp_csp,cspaced_property_l2,606,2042,4,0.5603392124176025,0.7448533773422241
target_background,69,clean,mlp_csp,cspaced_property_l2,606,2042,5,0.5257988572120667,0.7464395761489868
target_background,69,clean,mlp_csp,cspaced_property_l2,606,2042,6,0.4950196842352549,0.7516688108444214
target_background,69,clean,mlp_hybrid,hybrid_ckmer5_csp,606,2045,1,0.6999647120634714,0.6884204149246216
target_background,69,clean,mlp_hybrid,hybrid_ckmer5_csp,606,2045,2,0.4384134660164515,0.6947445273399353
target_background,69,clean,mlp_hybrid,hybrid_ckmer5_csp,606,2045,3,0.3158288101355235,0.7085853219032288
target_background,69,clean,mlp_hybrid,hybrid_ckmer5_csp,606,2045,4,0.2110508903861045,0.7347012758255005
target_background,69,clean,mlp_hybrid,hybrid_ckmer5_csp,606,2045,5,0.1418346253534158,0.7751094698905945
target_background,69,clean,mlp_hybrid,hybrid_ckmer5_csp,606,2045,6,0.0976063509782155,0.8256038427352905
target_background,69,clean,cnn_onehot,onehot,606,2045,1,0.7033457458019257,0.6981850862503052
target_background,69,clean,cnn_onehot,onehot,606,2045,2,0.6843622724215189,0.6964734196662903
target_background,69,clean,cnn_onehot,onehot,606,2045,3,0.6810914874076843,0.6977753639221191
target_background,69,clean,cnn_onehot,onehot,606,2045,4,0.6763200362523397,0.6975579261779785
target_background,69,clean,cnn_onehot,onehot,606,2045,5,0.6824323733647665,0.6975837349891663
target_background,69,clean,cnn_onehot,onehot,606,2045,6,0.6707921723524729,0.6956791877746582
target_background,69,clean,cnn_onehot,onehot,606,2045,7,0.6634680926799774,0.6970328688621521
target_background,69,clean,cnn_onehot,onehot,606,2045,8,0.6566042304039001,0.6997359395027161
target_background,69,clean,cnn_onehot,onehot,606,2045,9,0.6693243781725565,0.7008234262466431
target_background,69,clean,cnn_onehot,onehot,606,2045,10,0.6593936483065287,0.6964084506034851
target_background,69,clean,cnn_onehot,onehot,606,2045,11,0.649640828371048,0.6941230893135071
target_background,69,clean,cnn_onehot,onehot,606,2045,12,0.6461491088072459,0.6947588324546814
target_background,69,clean,cnn_onehot,onehot,606,2045,13,0.6464346647262573,0.6947628259658813
target_background,69,clean,cnn_onehot,onehot,606,2045,14,0.6362312932809194,0.6946573257446289
target_background,69,clean,cnn_onehot,onehot,606,2045,15,0.6269348760445913,0.6951378583908081
target_background,69,clean,cnn_onehot,onehot,606,2045,16,0.6310227711995443,0.6957141160964966
target_background,69,clean,cnn_property,property,606,2047,1,0.6971618632475535,0.6938204169273376
target_background,69,clean,cnn_property,property,606,2047,2,0.697390596071879,0.6943731307983398
target_background,69,clean,cnn_property,property,606,2047,3,0.6928370594978333,0.6934546232223511
target_background,69,clean,cnn_property,property,606,2047,4,0.6908649802207947,0.6940423846244812
target_background,69,clean,cnn_property,property,606,2047,5,0.6857972939809164,0.6935898661613464
target_background,69,clean,cnn_property,property,606,2047,6,0.6847873429457346,0.693748414516449
target_background,69,clean,cnn_property,property,606,2047,7,0.6828088661034902,0.694015383720398
target_background,69,clean,cnn_property,property,606,2047,8,0.6821132699648539,0.6941123008728027
target_background,69,clean,tiny_transformer_onehot,onehot,606,2058,1,0.7379806439081827,0.6889030337333679
target_background,69,clean,tiny_transformer_onehot,onehot,606,2058,2,0.6833219329516093,0.6864095330238342
target_background,69,clean,tiny_transformer_onehot,onehot,606,2058,3,0.6826517085234324,0.685817539691925
target_background,69,clean,tiny_transformer_onehot,onehot,606,2058,4,0.6912321348985037,0.685472309589386
target_background,69,clean,tiny_transformer_onehot,onehot,606,2058,5,0.6900472640991211,0.6885441541671753
target_background,69,clean,tiny_transformer_onehot,onehot,606,2058,6,0.6818604270617167,0.6859198808670044
target_background,69,clean,tiny_transformer_onehot,onehot,606,2058,7,0.6836066146691641,0.6881308555603027
target_background,69,clean,tiny_transformer_onehot,onehot,606,2058,8,0.6704012850920359,0.6847065687179565
target_background,69,clean,tiny_transformer_onehot,onehot,606,2058,9,0.6932852566242218,0.6858119964599609
target_background,69,clean,tiny_transformer_onehot,onehot,606,2058,10,0.6707259515921274,0.6871129870414734
target_background,69,clean,tiny_transformer_onehot,onehot,606,2058,11,0.6805862188339233,0.6985124349594116
target_background,69,clean,tiny_transformer_onehot,onehot,606,2058,12,0.6859494547049204,0.6860304474830627
target_background,69,clean,tiny_transformer_onehot,onehot,606,2058,13,0.683756560087204,0.689685046672821
target_background,69,clean,tiny_transformer_property,property,606,2060,1,0.7044340968132019,0.701177716255188
target_background,69,clean,tiny_transformer_property,property,606,2060,2,0.6916740338007609,0.7009351849555969
target_background,69,clean,tiny_transformer_property,property,606,2060,3,0.6986579100290934,0.6953855752944946
target_background,69,clean,tiny_transformer_property,property,606,2060,4,0.6959294974803925,0.6894407272338867
target_background,69,clean,tiny_transformer_property,property,606,2060,5,0.694727341334025,0.6978155970573425
target_background,69,clean,tiny_transformer_property,property,606,2060,6,0.6943138738473257,0.6838915944099426
target_background,69,clean,tiny_transformer_property,property,606,2060,7,0.6848000586032867,0.6859400868415833
target_background,69,clean,tiny_transformer_property,property,606,2060,8,0.6934335728486379,0.680350661277771
target_background,69,clean,tiny_transformer_property,property,606,2060,9,0.6908254524072012,0.6816374659538269
target_background,69,clean,tiny_transformer_property,property,606,2060,10,0.6843740244706472,0.6751863360404968
target_background,69,clean,tiny_transformer_property,property,606,2060,11,0.6908636291821798,0.6745601296424866
target_background,69,clean,tiny_transformer_property,property,606,2060,12,0.6846261421839396,0.674680233001709
target_background,69,clean,tiny_transformer_property,property,606,2060,13,0.683875153462092,0.6685323119163513
target_background,69,clean,tiny_transformer_property,property,606,2060,14,0.684014747540156,0.6678110361099243
target_background,69,clean,tiny_transformer_property,property,606,2060,15,0.6910020112991333,0.670559823513031
target_background,69,clean,tiny_transformer_property,property,606,2060,16,0.6959566871325175,0.6673431992530823
target_background,69,clean,tiny_transformer_property,property,606,2060,17,0.6721846063931783,0.6728506088256836
target_background,69,clean,tiny_transformer_property,property,606,2060,18,0.68158820271492,0.6716212630271912
target_background,69,clean,tiny_transformer_property,property,606,2060,19,0.6784414947032928,0.6654730439186096
target_background,69,clean,tiny_transformer_property,property,606,2060,20,0.67685400446256,0.66482013463974
target_background,69,clean,tiny_transformer_property,property,606,2060,21,0.6697635849316915,0.6639496684074402
target_background,69,clean,tiny_transformer_property,property,606,2060,22,0.6800057391325632,0.6703519821166992
target_background,69,clean,tiny_transformer_property,property,606,2060,23,0.6793112854162852,0.6604893803596497
target_background,69,clean,tiny_transformer_property,property,606,2060,24,0.6727870106697083,0.6621917486190796
global_species,69,clean,mlp_ckmer5,ckmer5_count_l2,606,2006,1,3.0457573533058167,2.966738700866699
global_species,69,clean,mlp_ckmer5,ckmer5_count_l2,606,2006,2,2.5846754908561707,2.867440938949585
global_species,69,clean,mlp_ckmer5,ckmer5_count_l2,606,2006,3,2.2216081023216248,2.7739250659942627
global_species,69,clean,mlp_ckmer5,ckmer5_count_l2,606,2006,4,1.8639082809289296,2.685678243637085
global_species,69,clean,mlp_ckmer5,ckmer5_count_l2,606,2006,5,1.5087384283542633,2.6191892623901367
global_species,69,clean,mlp_ckmer5,ckmer5_count_l2,606,2006,6,1.1734319925308228,2.57199764251709
global_species,69,clean,mlp_ckmer5,ckmer5_count_l2,606,2006,7,0.8763011693954468,2.5441689491271973
global_species,69,clean,mlp_ckmer5,ckmer5_count_l2,606,2006,8,0.6307075222333273,2.544173002243042
global_species,69,clean,mlp_ckmer5,ckmer5_count_l2,606,2006,9,0.4485139921307564,2.559460401535034
global_species,69,clean,mlp_ckmer5,ckmer5_count_l2,606,2006,10,0.3187850937247276,2.583206415176392
global_species,69,clean,mlp_ckmer5,ckmer5_count_l2,606,2006,11,0.2319628285864989,2.609255075454712
global_species,69,clean,mlp_ckmer5,ckmer5_count_l2,606,2006,12,0.174526313940684,2.6432130336761475
global_species,69,clean,mlp_csp,cspaced_property_l2,606,2003,1,3.0522736310958862,3.0177011489868164
global_species,69,clean,mlp_csp,cspaced_property_l2,606,2003,2,2.932902534802755,2.9748644828796387
global_species,69,clean,mlp_csp,cspaced_property_l2,606,2003,3,2.8352203567822776,2.9305648803710938
global_species,69,clean,mlp_csp,cspaced_property_l2,606,2003,4,2.7385762532552085,2.883711099624634
global_species,69,clean,mlp_csp,cspaced_property_l2,606,2003,5,2.63977704445521,2.8354804515838623
global_species,69,clean,mlp_csp,cspaced_property_l2,606,2003,6,2.540545662244161,2.7903194427490234
global_species,69,clean,mlp_csp,cspaced_property_l2,606,2003,7,2.442712982495626,2.7494161128997803
global_species,69,clean,mlp_csp,cspaced_property_l2,606,2003,8,2.3473536173502603,2.7161648273468018
global_species,69,clean,mlp_csp,cspaced_property_l2,606,2003,9,2.256233811378479,2.686219453811645
global_species,69,clean,mlp_csp,cspaced_property_l2,606,2003,10,2.1657865047454834,2.661116600036621
global_species,69,clean,mlp_csp,cspaced_property_l2,606,2003,11,2.078544725974401,2.6437599658966064
global_species,69,clean,mlp_csp,cspaced_property_l2,606,2003,12,1.9948964814345045,2.632387161254883
global_species,69,clean,mlp_csp,cspaced_property_l2,606,2003,13,1.9131007591883344,2.622164964675904
global_species,69,clean,mlp_csp,cspaced_property_l2,606,2003,14,1.8339134852091472,2.6186723709106445
global_species,69,clean,mlp_csp,cspaced_property_l2,606,2003,15,1.756079018115997,2.6209607124328613
global_species,69,clean,mlp_csp,cspaced_property_l2,606,2003,16,1.680961360534032,2.6245408058166504
global_species,69,clean,mlp_csp,cspaced_property_l2,606,2003,17,1.6083446244398754,2.6340794563293457
global_species,69,clean,mlp_csp,cspaced_property_l2,606,2003,18,1.53495188554128,2.6463942527771
global_species,69,clean,mlp_csp,cspaced_property_l2,606,2003,19,1.4659440020720165,2.65864372253418
global_species,69,clean,mlp_hybrid,hybrid_ckmer5_csp,606,2006,1,3.0200830698013306,2.9050285816192627
global_species,69,clean,mlp_hybrid,hybrid_ckmer5_csp,606,2006,2,2.448239088058472,2.7752950191497803
global_species,69,clean,mlp_hybrid,hybrid_ckmer5_csp,606,2006,3,1.9974869688351948,2.6540346145629883
global_species,69,clean,mlp_hybrid,hybrid_ckmer5_csp,606,2006,4,1.575838456551234,2.5736262798309326
global_species,69,clean,mlp_hybrid,hybrid_ckmer5_csp,606,2006,5,1.1920026938120525,2.532813787460327
global_species,69,clean,mlp_hybrid,hybrid_ckmer5_csp,606,2006,6,0.8612458556890488,2.522658109664917
global_species,69,clean,mlp_hybrid,hybrid_ckmer5_csp,606,2006,7,0.5990989257891973,2.5433645248413086
global_species,69,clean,mlp_hybrid,hybrid_ckmer5_csp,606,2006,8,0.4079682404796282,2.5807361602783203
global_species,69,clean,mlp_hybrid,hybrid_ckmer5_csp,606,2006,9,0.2802320830523968,2.619866371154785
global_species,69,clean,mlp_hybrid,hybrid_ckmer5_csp,606,2006,10,0.1980600754419962,2.651880979537964
global_species,69,clean,mlp_hybrid,hybrid_ckmer5_csp,606,2006,11,0.1462527985374132,2.6945278644561768
global_species,69,clean,cnn_onehot,onehot,606,2006,1,3.061215321222941,3.048346996307373
global_species,69,clean,cnn_onehot,onehot,606,2006,2,3.0439902941385903,3.0440056324005127
global_species,69,clean,cnn_onehot,onehot,606,2006,3,3.0341513951619468,3.0410194396972656
global_species,69,clean,cnn_onehot,onehot,606,2006,4,3.027432342370352,3.037876844406128
global_species,69,clean,cnn_onehot,onehot,606,2006,5,3.020852486292521,3.035348653793335
global_species,69,clean,cnn_onehot,onehot,606,2006,6,3.0152886311213174,3.032972574234009
global_species,69,clean,cnn_onehot,onehot,606,2006,7,3.007007678349813,3.029656410217285
global_species,69,clean,cnn_onehot,onehot,606,2006,8,2.999667167663574,3.0267019271850586
global_species,69,clean,cnn_onehot,onehot,606,2006,9,2.9912009239196777,3.0223217010498047
global_species,69,clean,cnn_onehot,onehot,606,2006,10,2.9826812148094177,3.01639723777771
global_species,69,clean,cnn_onehot,onehot,606,2006,11,2.971015155315399,3.0096635818481445
global_species,69,clean,cnn_onehot,onehot,606,2006,12,2.9566394090652466,2.999993801116944
global_species,69,clean,cnn_onehot,onehot,606,2006,13,2.9398544232050576,2.986593723297119
global_species,69,clean,cnn_onehot,onehot,606,2006,14,2.919695814450582,2.972208261489868
global_species,69,clean,cnn_onehot,onehot,606,2006,15,2.895506342252096,2.951544523239136
global_species,69,clean,cnn_onehot,onehot,606,2006,16,2.866720219453176,2.924237966537476
global_species,69,clean,cnn_onehot,onehot,606,2006,17,2.831240197022756,2.8943076133728027
global_species,69,clean,cnn_onehot,onehot,606,2006,18,2.78840967019399,2.859292268753052
global_species,69,clean,cnn_onehot,onehot,606,2006,19,2.7450884779294333,2.817460060119629
global_species,69,clean,cnn_onehot,onehot,606,2006,20,2.6905844807624817,2.77528977394104
global_species,69,clean,cnn_onehot,onehot,606,2006,21,2.639445086320241,2.727504014968872
global_species,69,clean,cnn_onehot,onehot,606,2006,22,2.5834375619888306,2.687486410140991
global_species,69,clean,cnn_onehot,onehot,606,2006,23,2.5364561080932617,2.6613879203796387
global_species,69,clean,cnn_onehot,onehot,606,2006,24,2.48939577738444,2.61479926109314
global_species,69,clean,cnn_property,property,606,2008,1,3.055401702721914,3.0424609184265137
global_species,69,clean,cnn_property,property,606,2008,2,3.04023140668869,3.037959098815918
global_species,69,clean,cnn_property,property,606,2008,3,3.031647006670634,3.0338926315307617
global_species,69,clean,cnn_property,property,606,2008,4,3.024320920308431,3.029659509658813
global_species,69,clean,cnn_property,property,606,2008,5,3.014095683892568,3.023109436035156
global_species,69,clean,cnn_property,property,606,2008,6,3.0022907058397927,3.014451265335083
global_species,69,clean,cnn_property,property,606,2008,7,2.988170325756073,3.003312349319458
global_species,69,clean,cnn_property,property,606,2008,8,2.9716258446375527,2.988126516342163
global_species,69,clean,cnn_property,property,606,2008,9,2.948048233985901,2.966682910919189
global_species,69,clean,cnn_property,property,606,2008,10,2.924080769220988,2.9452121257781982
global_species,69,clean,cnn_property,property,606,2008,11,2.886602739493052,2.9166722297668457
global_species,69,clean,cnn_property,property,606,2008,12,2.8455024361610413,2.8784799575805664
global_species,69,clean,cnn_property,property,606,2008,13,2.798353016376496,2.845163583755493
global_species,69,clean,cnn_property,property,606,2008,14,2.746411820252737,2.80438494682312
global_species,69,clean,cnn_property,property,606,2008,15,2.698270579179128,2.758004665374756
global_species,69,clean,cnn_property,property,606,2008,16,2.650745908419291,2.756887674331665
global_species,69,clean,cnn_property,property,606,2008,17,2.614347100257873,2.6974544525146484
global_species,69,clean,cnn_property,property,606,2008,18,2.569633344809214,2.663239002227783
global_species,69,clean,cnn_property,property,606,2008,19,2.5380995869636536,2.6466405391693115
global_species,69,clean,cnn_property,property,606,2008,20,2.5038722157478333,2.633763551712036
global_species,69,clean,cnn_property,property,606,2008,21,2.486020088195801,2.654501676559448
global_species,69,clean,cnn_property,property,606,2008,22,2.45731528600057,2.5999562740325928
global_species,69,clean,cnn_property,property,606,2008,23,2.437146743138632,2.5946078300476074
global_species,69,clean,cnn_property,property,606,2008,24,2.4082270661989846,2.585127353668213
global_species,69,clean,tiny_transformer_onehot,onehot,606,2019,1,3.1294261614481607,3.0625879764556885
global_species,69,clean,tiny_transformer_onehot,onehot,606,2019,2,3.056352416674296,3.0360090732574463
global_species,69,clean,tiny_transformer_onehot,onehot,606,2019,3,3.033132175604502,3.0219321250915527
global_species,69,clean,tiny_transformer_onehot,onehot,606,2019,4,3.025416473547617,3.0097086429595947
global_species,69,clean,tiny_transformer_onehot,onehot,606,2019,5,3.010279496510824,2.9904751777648926
global_species,69,clean,tiny_transformer_onehot,onehot,606,2019,6,2.9850738644599915,2.967576265335083
global_species,69,clean,tiny_transformer_onehot,onehot,606,2019,7,2.953952511151632,2.928047180175781
global_species,69,clean,tiny_transformer_onehot,onehot,606,2019,8,2.9113078912099204,2.876218557357788
global_species,69,clean,tiny_transformer_onehot,onehot,606,2019,9,2.852252463499705,2.816805362701416
global_species,69,clean,tiny_transformer_onehot,onehot,606,2019,10,2.79474808772405,2.7549796104431152
global_species,69,clean,tiny_transformer_onehot,onehot,606,2019,11,2.7325706084569297,2.711750030517578
global_species,69,clean,tiny_transformer_onehot,onehot,606,2019,12,2.6925581296284995,2.654942750930786
global_species,69,clean,tiny_transformer_onehot,onehot,606,2019,13,2.6421675284703574,2.6430132389068604
global_species,69,clean,tiny_transformer_onehot,onehot,606,2019,14,2.6167136629422507,2.591466426849365
global_species,69,clean,tiny_transformer_onehot,onehot,606,2019,15,2.577708780765533,2.5627188682556152
global_species,69,clean,tiny_transformer_onehot,onehot,606,2019,16,2.5634885430336,2.5481951236724854
global_species,69,clean,tiny_transformer_onehot,onehot,606,2019,17,2.5371746023496,2.591595411300659
global_species,69,clean,tiny_transformer_onehot,onehot,606,2019,18,2.527344504992167,2.5257723331451416
global_species,69,clean,tiny_transformer_onehot,onehot,606,2019,19,2.5163774887720742,2.513034582138061
global_species,69,clean,tiny_transformer_onehot,onehot,606,2019,20,2.515498956044515,2.520155668258667
global_species,69,clean,tiny_transformer_onehot,onehot,606,2019,21,2.495487848917643,2.499614953994751
global_species,69,clean,tiny_transformer_onehot,onehot,606,2019,22,2.4871642192204795,2.491382837295532
global_species,69,clean,tiny_transformer_onehot,onehot,606,2019,23,2.4801240960756936,2.486889123916626
global_species,69,clean,tiny_transformer_onehot,onehot,606,2019,24,2.4818384051322937,2.548677921295166
global_species,69,clean,tiny_transformer_property,property,606,2021,1,3.1492572824160256,3.065884113311768
global_species,69,clean,tiny_transformer_property,property,606,2021,2,3.061270078023275,3.031568765640259
global_species,69,clean,tiny_transformer_property,property,606,2021,3,3.04280557235082,3.015320301055908
global_species,69,clean,tiny_transformer_property,property,606,2021,4,3.0174493392308555,2.993846893310547
global_species,69,clean,tiny_transformer_property,property,606,2021,5,2.9991073409716287,2.968092203140259
global_species,69,clean,tiny_transformer_property,property,606,2021,6,2.968534290790558,2.9279565811157227
global_species,69,clean,tiny_transformer_property,property,606,2021,7,2.923091173171997,2.8724160194396973
global_species,69,clean,tiny_transformer_property,property,606,2021,8,2.8642541766166687,2.8046350479125977
global_species,69,clean,tiny_transformer_property,property,606,2021,9,2.805753529071808,2.747030019760132
global_species,69,clean,tiny_transformer_property,property,606,2021,10,2.753177265326182,2.6848268508911133
global_species,69,clean,tiny_transformer_property,property,606,2021,11,2.6892598470052085,2.62477970123291
global_species,69,clean,tiny_transformer_property,property,606,2021,12,2.6395614544550576,2.586300611495972
global_species,69,clean,tiny_transformer_property,property,606,2021,13,2.612111667792002,2.561896324157715
global_species,69,clean,tiny_transformer_property,property,606,2021,14,2.5970514019330344,2.5491740703582764
global_species,69,clean,tiny_transformer_property,property,606,2021,15,2.5630879004796348,2.545585870742798
global_species,69,clean,tiny_transformer_property,property,606,2021,16,2.553043146928152,2.5372509956359863
global_species,69,clean,tiny_transformer_property,property,606,2021,17,2.542895714441935,2.523360013961792
global_species,69,clean,tiny_transformer_property,property,606,2021,18,2.538104077180227,2.5205466747283936
global_species,69,clean,tiny_transformer_property,property,606,2021,19,2.5267041524251304,2.5091590881347656
global_species,69,clean,tiny_transformer_property,property,606,2021,20,2.505330264568329,2.5029172897338867
global_species,69,clean,tiny_transformer_property,property,606,2021,21,2.4985245068868003,2.509150266647339
global_species,69,clean,tiny_transformer_property,property,606,2021,22,2.493717829386393,2.4953620433807373
global_species,69,clean,tiny_transformer_property,property,606,2021,23,2.4969213207562766,2.4905648231506348
global_species,69,clean,tiny_transformer_property,property,606,2021,24,2.4719490011533103,2.491931676864624
within_genus_species:Enterobacter,69,clean,mlp_ckmer5,ckmer5_count_l2,606,2253,1,1.605234424273173,1.6271954774856567
within_genus_species:Enterobacter,69,clean,mlp_ckmer5,ckmer5_count_l2,606,2253,2,1.2996546824773152,1.6180102825164795
within_genus_species:Enterobacter,69,clean,mlp_ckmer5,ckmer5_count_l2,606,2253,3,1.0816007057825725,1.612768530845642
within_genus_species:Enterobacter,69,clean,mlp_ckmer5,ckmer5_count_l2,606,2253,4,0.9032699863115946,1.6090049743652344
within_genus_species:Enterobacter,69,clean,mlp_ckmer5,ckmer5_count_l2,606,2253,5,0.7509215871493021,1.6072204113006592
within_genus_species:Enterobacter,69,clean,mlp_ckmer5,ckmer5_count_l2,606,2253,6,0.620237410068512,1.6068129539489746
within_genus_species:Enterobacter,69,clean,mlp_ckmer5,ckmer5_count_l2,606,2253,7,0.5062044560909271,1.6088427305221558
within_genus_species:Enterobacter,69,clean,mlp_ckmer5,ckmer5_count_l2,606,2253,8,0.4088561038176219,1.6140371561050415
within_genus_species:Enterobacter,69,clean,mlp_ckmer5,ckmer5_count_l2,606,2253,9,0.3281071682771047,1.621354579925537
within_genus_species:Enterobacter,69,clean,mlp_ckmer5,ckmer5_count_l2,606,2253,10,0.2608849108219147,1.6304129362106323
within_genus_species:Enterobacter,69,clean,mlp_ckmer5,ckmer5_count_l2,606,2253,11,0.2065835247437159,1.6404783725738523
within_genus_species:Enterobacter,69,clean,mlp_csp,cspaced_property_l2,606,2250,1,1.6275646289189656,1.5825375318527222
within_genus_species:Enterobacter,69,clean,mlp_csp,cspaced_property_l2,606,2250,2,1.564747412999471,1.582289457321167
within_genus_species:Enterobacter,69,clean,mlp_csp,cspaced_property_l2,606,2250,3,1.5178433656692505,1.58294939994812
within_genus_species:Enterobacter,69,clean,mlp_csp,cspaced_property_l2,606,2250,4,1.473803440729777,1.583087921142578
within_genus_species:Enterobacter,69,clean,mlp_csp,cspaced_property_l2,606,2250,5,1.426873763402303,1.5831767320632937
within_genus_species:Enterobacter,69,clean,mlp_csp,cspaced_property_l2,606,2250,6,1.3879770437876384,1.5838592052459717
within_genus_species:Enterobacter,69,clean,mlp_csp,cspaced_property_l2,606,2250,7,1.3456885417302449,1.584840178489685
within_genus_species:Enterobacter,69,clean,mlp_hybrid,hybrid_ckmer5_csp,606,2253,1,1.666460116704305,1.613405466079712
within_genus_species:Enterobacter,69,clean,mlp_hybrid,hybrid_ckmer5_csp,606,2253,2,1.2995515664418538,1.6095354557037354
within_genus_species:Enterobacter,69,clean,mlp_hybrid,hybrid_ckmer5_csp,606,2253,3,1.0599786440531414,1.6139845848083496
within_genus_species:Enterobacter,69,clean,mlp_hybrid,hybrid_ckmer5_csp,606,2253,4,0.8617109258969625,1.619024634361267
within_genus_species:Enterobacter,69,clean,mlp_hybrid,hybrid_ckmer5_csp,606,2253,5,0.7017918030420939,1.62855327129364
within_genus_species:Enterobacter,69,clean,mlp_hybrid,hybrid_ckmer5_csp,606,2253,6,0.5611660679181417,1.6389590501785278
within_genus_species:Enterobacter,69,clean,mlp_hybrid,hybrid_ckmer5_csp,606,2253,7,0.4434937636057536,1.6508463621139526
within_genus_species:Enterobacter,69,clean,cnn_onehot,onehot,606,2253,1,1.6175471146901448,1.625531792640686
within_genus_species:Enterobacter,69,clean,cnn_onehot,onehot,606,2253,2,1.608343243598938,1.624354124069214
within_genus_species:Enterobacter,69,clean,cnn_onehot,onehot,606,2253,3,1.600144902865092,1.623640775680542
within_genus_species:Enterobacter,69,clean,cnn_onehot,onehot,606,2253,4,1.594450871149699,1.6228495836257937
within_genus_species:Enterobacter,69,clean,cnn_onehot,onehot,606,2253,5,1.591450611750285,1.6225864887237549
within_genus_species:Enterobacter,69,clean,cnn_onehot,onehot,606,2253,6,1.5868135690689087,1.621779203414917
within_genus_species:Enterobacter,69,clean,cnn_onehot,onehot,606,2253,7,1.5823859373728435,1.620815992355347
within_genus_species:Enterobacter,69,clean,cnn_onehot,onehot,606,2253,8,1.5777995189030964,1.6206519603729248
within_genus_species:Enterobacter,69,clean,cnn_onehot,onehot,606,2253,9,1.5747719605763753,1.6206660270690918
within_genus_species:Enterobacter,69,clean,cnn_onehot,onehot,606,2253,10,1.570780634880066,1.6200965642929075
within_genus_species:Enterobacter,69,clean,cnn_onehot,onehot,606,2253,11,1.5657058954238892,1.6195787191390991
within_genus_species:Enterobacter,69,clean,cnn_onehot,onehot,606,2253,12,1.5629269282023113,1.619446873664856
within_genus_species:Enterobacter,69,clean,cnn_onehot,onehot,606,2253,13,1.5600982507069905,1.6193604469299316
within_genus_species:Enterobacter,69,clean,cnn_onehot,onehot,606,2253,14,1.5557525952657063,1.6192256212234497
within_genus_species:Enterobacter,69,clean,cnn_onehot,onehot,606,2253,15,1.5524726311365764,1.6190282106399536
within_genus_species:Enterobacter,69,clean,cnn_onehot,onehot,606,2253,16,1.5486667553583782,1.6188849210739136
within_genus_species:Enterobacter,69,clean,cnn_onehot,onehot,606,2253,17,1.544696847597758,1.6186790466308594
within_genus_species:Enterobacter,69,clean,cnn_onehot,onehot,606,2253,18,1.5398021936416626,1.6181188821792605
within_genus_species:Enterobacter,69,clean,cnn_onehot,onehot,606,2253,19,1.535780628522237,1.6178245544433594
within_genus_species:Enterobacter,69,clean,cnn_onehot,onehot,606,2253,20,1.5314111709594729,1.6175942420959473
within_genus_species:Enterobacter,69,clean,cnn_onehot,onehot,606,2253,21,1.5274850130081177,1.6176872253417969
within_genus_species:Enterobacter,69,clean,cnn_onehot,onehot,606,2253,22,1.5217808485031128,1.6173765659332275
within_genus_species:Enterobacter,69,clean,cnn_onehot,onehot,606,2253,23,1.5168497959772749,1.6166470050811768
within_genus_species:Enterobacter,69,clean,cnn_onehot,onehot,606,2253,24,1.51125963528951,1.6160001754760742
within_genus_species:Enterobacter,69,clean,cnn_property,property,606,2255,1,1.62274173895518,1.6189175844192505
within_genus_species:Enterobacter,69,clean,cnn_property,property,606,2255,2,1.6142537991205852,1.6166990995407104
within_genus_species:Enterobacter,69,clean,cnn_property,property,606,2255,3,1.6081686814626055,1.6153556108474731
within_genus_species:Enterobacter,69,clean,cnn_property,property,606,2255,4,1.6037411292394002,1.614345908164978
within_genus_species:Enterobacter,69,clean,cnn_property,property,606,2255,5,1.600974678993225,1.6140220165252686
within_genus_species:Enterobacter,69,clean,cnn_property,property,606,2255,6,1.5976605812708538,1.6135634183883667
within_genus_species:Enterobacter,69,clean,cnn_property,property,606,2255,7,1.5960365136464436,1.6135581731796265
within_genus_species:Enterobacter,69,clean,cnn_property,property,606,2255,8,1.5939587752024331,1.6132148504257202
within_genus_species:Enterobacter,69,clean,cnn_property,property,606,2255,9,1.5919503768285117,1.613498568534851
within_genus_species:Enterobacter,69,clean,cnn_property,property,606,2255,10,1.5889072020848591,1.6131281852722168
within_genus_species:Enterobacter,69,clean,cnn_property,property,606,2255,11,1.5875686009724934,1.613661289215088
within_genus_species:Enterobacter,69,clean,cnn_property,property,606,2255,12,1.5841565529505413,1.613505482673645
within_genus_species:Enterobacter,69,clean,cnn_property,property,606,2255,13,1.5822534163792927,1.6132497787475586
within_genus_species:Enterobacter,69,clean,cnn_property,property,606,2255,14,1.5804764032363892,1.6135507822036743
within_genus_species:Enterobacter,69,clean,cnn_property,property,606,2255,15,1.577497482299805,1.6135952472686768
within_genus_species:Enterobacter,69,clean,tiny_transformer_onehot,onehot,606,2266,1,1.7390412092208862,1.6399084329605105
within_genus_species:Enterobacter,69,clean,tiny_transformer_onehot,onehot,606,2266,2,1.6432587305704751,1.6132817268371582
within_genus_species:Enterobacter,69,clean,tiny_transformer_onehot,onehot,606,2266,3,1.621752103169759,1.6225197315216064
within_genus_species:Enterobacter,69,clean,tiny_transformer_onehot,onehot,606,2266,4,1.6218748490015666,1.6261279582977295
within_genus_species:Enterobacter,69,clean,tiny_transformer_onehot,onehot,606,2266,5,1.6205915212631226,1.6248693466186523
within_genus_species:Enterobacter,69,clean,tiny_transformer_onehot,onehot,606,2266,6,1.6212445100148518,1.621845006942749
within_genus_species:Enterobacter,69,clean,tiny_transformer_onehot,onehot,606,2266,7,1.617039918899536,1.6162095069885254
within_genus_species:Enterobacter,69,clean,tiny_transformer_property,property,606,2268,1,1.6276715993881226,1.6200621128082275
within_genus_species:Enterobacter,69,clean,tiny_transformer_property,property,606,2268,2,1.606404463450114,1.614173412322998
within_genus_species:Enterobacter,69,clean,tiny_transformer_property,property,606,2268,3,1.6216579675674438,1.615348219871521
within_genus_species:Enterobacter,69,clean,tiny_transformer_property,property,606,2268,4,1.615669012069702,1.613720178604126
within_genus_species:Enterobacter,69,clean,tiny_transformer_property,property,606,2268,5,1.6090987920761108,1.6163536310195925
within_genus_species:Enterobacter,69,clean,tiny_transformer_property,property,606,2268,6,1.6056461334228516,1.6170071363449097
within_genus_species:Enterobacter,69,clean,tiny_transformer_property,property,606,2268,7,1.6068333387374878,1.6172224283218384
within_genus_species:Enterobacter,69,clean,tiny_transformer_property,property,606,2268,8,1.604370911916097,1.6172741651535034
within_genus_species:Enterobacter,69,clean,tiny_transformer_property,property,606,2268,9,1.6074150403340657,1.6184616088867188
target_background,69,N_3pct,mlp_ckmer5,ckmer5_count_l2,606,2052,1,0.6897116502126058,0.6936684846878052
target_background,69,N_3pct,mlp_ckmer5,ckmer5_count_l2,606,2052,2,0.4997358520825704,0.7150068283081055
target_background,69,N_3pct,mlp_ckmer5,ckmer5_count_l2,606,2052,3,0.3810966312885284,0.7480375170707703
target_background,69,N_3pct,mlp_ckmer5,ckmer5_count_l2,606,2052,4,0.2907717749476433,0.7857076525688171
target_background,69,N_3pct,mlp_ckmer5,ckmer5_count_l2,606,2052,5,0.2145547146598498,0.8318038582801819
target_background,69,N_3pct,mlp_ckmer5,ckmer5_count_l2,606,2052,6,0.1427417248487472,0.8857308030128479
target_background,69,N_3pct,mlp_csp,cspaced_property_l2,606,2049,1,0.6652598083019257,0.6820946931838989
target_background,69,N_3pct,mlp_csp,cspaced_property_l2,606,2049,2,0.6266186038653055,0.6913228034973145
target_background,69,N_3pct,mlp_csp,cspaced_property_l2,606,2049,3,0.5736314008633295,0.6934939622879028
target_background,69,N_3pct,mlp_csp,cspaced_property_l2,606,2049,4,0.5616513987382253,0.6973744034767151
target_background,69,N_3pct,mlp_csp,cspaced_property_l2,606,2049,5,0.5400253633658091,0.7064361572265625
target_background,69,N_3pct,mlp_csp,cspaced_property_l2,606,2049,6,0.4953118364016215,0.7092851400375366
target_background,69,N_3pct,mlp_hybrid,hybrid_ckmer5_csp,606,2052,1,0.716474582751592,0.7111835479736328
target_background,69,N_3pct,mlp_hybrid,hybrid_ckmer5_csp,606,2052,2,0.4344021777311961,0.7506299614906311
target_background,69,N_3pct,mlp_hybrid,hybrid_ckmer5_csp,606,2052,3,0.3048523565133412,0.8137856721878052
target_background,69,N_3pct,mlp_hybrid,hybrid_ckmer5_csp,606,2052,4,0.2129249796271324,0.8808572888374329
target_background,69,N_3pct,mlp_hybrid,hybrid_ckmer5_csp,606,2052,5,0.1572049235304196,0.9531517624855042
target_background,69,N_3pct,mlp_hybrid,hybrid_ckmer5_csp,606,2052,6,0.0928431625167528,1.0187638998031616
target_background,69,N_3pct,cnn_onehot,onehot,606,2052,1,0.6943619052569071,0.6916381120681763
target_background,69,N_3pct,cnn_onehot,onehot,606,2052,2,0.6888029972712199,0.6923688650131226
target_background,69,N_3pct,cnn_onehot,onehot,606,2052,3,0.6838608682155609,0.6914945244789124
target_background,69,N_3pct,cnn_onehot,onehot,606,2052,4,0.6806541482607523,0.6912396550178528
target_background,69,N_3pct,cnn_onehot,onehot,606,2052,5,0.681243101755778,0.6907401084899902
target_background,69,N_3pct,cnn_onehot,onehot,606,2052,6,0.6750499506791433,0.6895351409912109
target_background,69,N_3pct,cnn_onehot,onehot,606,2052,7,0.6731338302294413,0.6883348226547241
target_background,69,N_3pct,cnn_onehot,onehot,606,2052,8,0.670913428068161,0.6877338290214539
target_background,69,N_3pct,cnn_onehot,onehot,606,2052,9,0.6670639018217722,0.6864355206489563
target_background,69,N_3pct,cnn_onehot,onehot,606,2052,10,0.6619862715403239,0.6859040260314941
target_background,69,N_3pct,cnn_onehot,onehot,606,2052,11,0.6588254471619924,0.684972882270813
target_background,69,N_3pct,cnn_onehot,onehot,606,2052,12,0.6533377170562744,0.6838906407356262
target_background,69,N_3pct,cnn_onehot,onehot,606,2052,13,0.648148775100708,0.6830874085426331
target_background,69,N_3pct,cnn_onehot,onehot,606,2052,14,0.6424481570720673,0.683087170124054
target_background,69,N_3pct,cnn_onehot,onehot,606,2052,15,0.6374344130357107,0.6827176809310913
target_background,69,N_3pct,cnn_onehot,onehot,606,2052,16,0.6302707691987356,0.6822875738143921
target_background,69,N_3pct,cnn_onehot,onehot,606,2052,17,0.6292536954085032,0.6822654008865356
target_background,69,N_3pct,cnn_onehot,onehot,606,2052,18,0.6246400574843088,0.6832075715065002
target_background,69,N_3pct,cnn_onehot,onehot,606,2052,19,0.6145070493221283,0.6827436685562134
target_background,69,N_3pct,cnn_onehot,onehot,606,2052,20,0.6131946345170339,0.6883978843688965
target_background,69,N_3pct,cnn_onehot,onehot,606,2052,21,0.6060369809468588,0.6829295754432678
target_background,69,N_3pct,cnn_onehot,onehot,606,2052,22,0.583817332983017,0.6833796501159668
target_background,69,N_3pct,cnn_property,property,606,2054,1,0.6960196495056152,0.6942372918128967
target_background,69,N_3pct,cnn_property,property,606,2054,2,0.6866098443667094,0.6946820020675659
target_background,69,N_3pct,cnn_property,property,606,2054,3,0.6850639780362447,0.6956009864807129
target_background,69,N_3pct,cnn_property,property,606,2054,4,0.681410938501358,0.6938949227333069
target_background,69,N_3pct,cnn_property,property,606,2054,5,0.6792991558710734,0.692398190498352
target_background,69,N_3pct,cnn_property,property,606,2054,6,0.6757481892903646,0.6903489232063293
target_background,69,N_3pct,cnn_property,property,606,2054,7,0.6710743208726248,0.6909369826316833
target_background,69,N_3pct,cnn_property,property,606,2054,8,0.6694460014502207,0.6884279251098633
target_background,69,N_3pct,cnn_property,property,606,2054,9,0.6652023196220398,0.688322901725769
target_background,69,N_3pct,cnn_property,property,606,2054,10,0.6594508588314056,0.6870144605636597
target_background,69,N_3pct,cnn_property,property,606,2054,11,0.6517642736434937,0.6858621835708618
target_background,69,N_3pct,cnn_property,property,606,2054,12,0.6542241473992666,0.6846141219139099
target_background,69,N_3pct,cnn_property,property,606,2054,13,0.644316186507543,0.6835818886756897
target_background,69,N_3pct,cnn_property,property,606,2054,14,0.643284430106481,0.6826809644699097
target_background,69,N_3pct,cnn_property,property,606,2054,15,0.6373807092507681,0.6859622597694397
target_background,69,N_3pct,cnn_property,property,606,2054,16,0.6255689064661661,0.6819705963134766
target_background,69,N_3pct,cnn_property,property,606,2054,17,0.620233287413915,0.6790756583213806
target_background,69,N_3pct,cnn_property,property,606,2054,18,0.6121083696683248,0.677676260471344
target_background,69,N_3pct,cnn_property,property,606,2054,19,0.6119696895281473,0.682144820690155
target_background,69,N_3pct,cnn_property,property,606,2054,20,0.5945630768934885,0.6807631850242615
target_background,69,N_3pct,cnn_property,property,606,2054,21,0.595549205938975,0.6753782629966736
target_background,69,N_3pct,cnn_property,property,606,2054,22,0.5855757693449656,0.6813559532165527
target_background,69,N_3pct,cnn_property,property,606,2054,23,0.5756856203079224,0.6753752827644348
target_background,69,N_3pct,cnn_property,property,606,2054,24,0.5632392565409342,0.6732019186019897
target_background,69,N_3pct,tiny_transformer_onehot,onehot,606,2065,1,0.7037122249603271,0.6917611956596375
target_background,69,N_3pct,tiny_transformer_onehot,onehot,606,2065,2,0.6989041666189829,0.6974989771842957
target_background,69,N_3pct,tiny_transformer_onehot,onehot,606,2065,3,0.6818621158599854,0.6932605504989624
target_background,69,N_3pct,tiny_transformer_onehot,onehot,606,2065,4,0.6875557800134023,0.6969298720359802
target_background,69,N_3pct,tiny_transformer_onehot,onehot,606,2065,5,0.6898092925548553,0.6920440793037415
target_background,69,N_3pct,tiny_transformer_onehot,onehot,606,2065,6,0.679643710454305,0.6968415379524231
target_background,69,N_3pct,tiny_transformer_property,property,606,2067,1,0.8678231438000997,0.6991754770278931
target_background,69,N_3pct,tiny_transformer_property,property,606,2067,2,0.701999843120575,0.7407410740852356
target_background,69,N_3pct,tiny_transformer_property,property,606,2067,3,0.7380164563655853,0.7096704840660095
target_background,69,N_3pct,tiny_transformer_property,property,606,2067,4,0.696664015452067,0.6973046064376831
target_background,69,N_3pct,tiny_transformer_property,property,606,2067,5,0.7022650341192881,0.7018197178840637
target_background,69,N_3pct,tiny_transformer_property,property,606,2067,6,0.6973454852898916,0.6936774849891663
target_background,69,N_3pct,tiny_transformer_property,property,606,2067,7,0.6901766061782837,0.6955485343933105
target_background,69,N_3pct,tiny_transformer_property,property,606,2067,8,0.6988647282123566,0.6958487629890442
target_background,69,N_3pct,tiny_transformer_property,property,606,2067,9,0.6938093801339468,0.6918057799339294
target_background,69,N_3pct,tiny_transformer_property,property,606,2067,10,0.7067694763342539,0.6943973302841187
target_background,69,N_3pct,tiny_transformer_property,property,606,2067,11,0.6889473001162211,0.6914274096488953
target_background,69,N_3pct,tiny_transformer_property,property,606,2067,12,0.6865617235501608,0.6958106160163879
target_background,69,N_3pct,tiny_transformer_property,property,606,2067,13,0.706077516078949,0.6951402425765991
target_background,69,N_3pct,tiny_transformer_property,property,606,2067,14,0.6902448137601217,0.6905170679092407
target_background,69,N_3pct,tiny_transformer_property,property,606,2067,15,0.6982841591040293,0.7006523013114929
target_background,69,N_3pct,tiny_transformer_property,property,606,2067,16,0.6961555381615957,0.690736711025238
target_background,69,N_3pct,tiny_transformer_property,property,606,2067,17,0.6885860562324524,0.6884981989860535
target_background,69,N_3pct,tiny_transformer_property,property,606,2067,18,0.6899584432442983,0.6893391013145447
target_background,69,N_3pct,tiny_transformer_property,property,606,2067,19,0.6885166168212891,0.6878084540367126
target_background,69,N_3pct,tiny_transformer_property,property,606,2067,20,0.6940504213174185,0.6875342130661011
target_background,69,N_3pct,tiny_transformer_property,property,606,2067,21,0.6901546021302541,0.6872192025184631
target_background,69,N_3pct,tiny_transformer_property,property,606,2067,22,0.6890918215115865,0.6858625411987305
target_background,69,N_3pct,tiny_transformer_property,property,606,2067,23,0.6915846566359202,0.6916308999061584
target_background,69,N_3pct,tiny_transformer_property,property,606,2067,24,0.694307267665863,0.6855106353759766
global_species,69,N_3pct,mlp_ckmer5,ckmer5_count_l2,606,2013,1,3.0295417110125222,2.996338367462158
global_species,69,N_3pct,mlp_ckmer5,ckmer5_count_l2,606,2013,2,2.5577625830968223,2.9073479175567627
global_species,69,N_3pct,mlp_ckmer5,ckmer5_count_l2,606,2013,3,2.183770378430685,2.8270719051361084
global_species,69,N_3pct,mlp_ckmer5,ckmer5_count_l2,606,2013,4,1.8274419109026592,2.7617027759552
global_species,69,N_3pct,mlp_ckmer5,ckmer5_count_l2,606,2013,5,1.479376475016276,2.7205967903137207
global_species,69,N_3pct,mlp_ckmer5,ckmer5_count_l2,606,2013,6,1.1544140179951985,2.7058420181274414
global_species,69,N_3pct,mlp_ckmer5,ckmer5_count_l2,606,2013,7,0.8665373673041662,2.705944299697876
global_species,69,N_3pct,mlp_ckmer5,ckmer5_count_l2,606,2013,8,0.6287302325169245,2.726046562194824
global_species,69,N_3pct,mlp_ckmer5,ckmer5_count_l2,606,2013,9,0.4471711789568265,2.754049062728882
global_species,69,N_3pct,mlp_ckmer5,ckmer5_count_l2,606,2013,10,0.3177111347516377,2.788616180419922
global_species,69,N_3pct,mlp_ckmer5,ckmer5_count_l2,606,2013,11,0.2311510145664215,2.8217337131500244
global_species,69,N_3pct,mlp_csp,cspaced_property_l2,606,2010,1,3.0239852468172708,3.019484043121338
global_species,69,N_3pct,mlp_csp,cspaced_property_l2,606,2010,2,2.906895299752553,2.9639835357666016
global_species,69,N_3pct,mlp_csp,cspaced_property_l2,606,2010,3,2.805641114711761,2.9127585887908936
global_species,69,N_3pct,mlp_csp,cspaced_property_l2,606,2010,4,2.70971143245697,2.8640174865722656
global_species,69,N_3pct,mlp_csp,cspaced_property_l2,606,2010,5,2.6161427895228067,2.819897413253784
global_species,69,N_3pct,mlp_csp,cspaced_property_l2,606,2010,6,2.5274229447046914,2.778777599334717
global_species,69,N_3pct,mlp_csp,cspaced_property_l2,606,2010,7,2.4430536230405173,2.743122100830078
global_species,69,N_3pct,mlp_csp,cspaced_property_l2,606,2010,8,2.361526926358541,2.7120394706726074
global_species,69,N_3pct,mlp_csp,cspaced_property_l2,606,2010,9,2.281166076660156,2.6877713203430176
global_species,69,N_3pct,mlp_csp,cspaced_property_l2,606,2010,10,2.2050870060920715,2.667497634887696
global_species,69,N_3pct,mlp_csp,cspaced_property_l2,606,2010,11,2.127073615789413,2.6539974212646484
global_species,69,N_3pct,mlp_csp,cspaced_property_l2,606,2010,12,2.050562183062236,2.642066478729248
global_species,69,N_3pct,mlp_csp,cspaced_property_l2,606,2010,13,1.976478656133016,2.629814386367798
global_species,69,N_3pct,mlp_csp,cspaced_property_l2,606,2010,14,1.899745484193166,2.62593960762024
global_species,69,N_3pct,mlp_csp,cspaced_property_l2,606,2010,15,1.8242527445157368,2.619032144546509
global_species,69,N_3pct,mlp_csp,cspaced_property_l2,606,2010,16,1.751161773999532,2.6142139434814453
global_species,69,N_3pct,mlp_csp,cspaced_property_l2,606,2010,17,1.6764114101727805,2.6176464557647705
global_species,69,N_3pct,mlp_csp,cspaced_property_l2,606,2010,18,1.6046024958292644,2.6221814155578613
global_species,69,N_3pct,mlp_csp,cspaced_property_l2,606,2010,19,1.528729796409607,2.6250901222229004
global_species,69,N_3pct,mlp_csp,cspaced_property_l2,606,2010,20,1.4582054217656453,2.634249687194824
global_species,69,N_3pct,mlp_csp,cspaced_property_l2,606,2010,21,1.3894722958405812,2.6473913192749023
global_species,69,N_3pct,mlp_hybrid,hybrid_ckmer5_csp,606,2013,1,3.024903158346812,2.9060308933258057
global_species,69,N_3pct,mlp_hybrid,hybrid_ckmer5_csp,606,2013,2,2.4460533062616983,2.77102279663086
global_species,69,N_3pct,mlp_hybrid,hybrid_ckmer5_csp,606,2013,3,1.9991824229558308,2.67934250831604
global_species,69,N_3pct,mlp_hybrid,hybrid_ckmer5_csp,606,2013,4,1.600329001744588,2.619889259338379
global_species,69,N_3pct,mlp_hybrid,hybrid_ckmer5_csp,606,2013,5,1.224654148022334,2.5910563468933105
global_species,69,N_3pct,mlp_hybrid,hybrid_ckmer5_csp,606,2013,6,0.8953449030717214,2.586338758468628
global_species,69,N_3pct,mlp_hybrid,hybrid_ckmer5_csp,606,2013,7,0.6252150734265646,2.595409870147705
global_species,69,N_3pct,mlp_hybrid,hybrid_ckmer5_csp,606,2013,8,0.4237911974390347,2.622561454772949
global_species,69,N_3pct,mlp_hybrid,hybrid_ckmer5_csp,606,2013,9,0.2864769883453846,2.6540677547454834
global_species,69,N_3pct,mlp_hybrid,hybrid_ckmer5_csp,606,2013,10,0.2011209328969319,2.691104888916016
global_species,69,N_3pct,mlp_hybrid,hybrid_ckmer5_csp,606,2013,11,0.1472932671507199,2.719014883041382
global_species,69,N_3pct,cnn_onehot,onehot,606,2013,1,3.063243170579274,3.0494420528411865
global_species,69,N_3pct,cnn_onehot,onehot,606,2013,2,3.047275960445404,3.0442051887512207
global_species,69,N_3pct,cnn_onehot,onehot,606,2013,3,3.037707428137461,3.0403871536254883
global_species,69,N_3pct,cnn_onehot,onehot,606,2013,4,3.02966962258021,3.034916400909424
global_species,69,N_3pct,cnn_onehot,onehot,606,2013,5,3.019903580347697,3.0295066833496094
global_species,69,N_3pct,cnn_onehot,onehot,606,2013,6,3.0083808501561484,3.0206446647644043
global_species,69,N_3pct,cnn_onehot,onehot,606,2013,7,2.993917246659597,3.0093328952789307
global_species,69,N_3pct,cnn_onehot,onehot,606,2013,8,2.975221415360769,2.9932241439819336
global_species,69,N_3pct,cnn_onehot,onehot,606,2013,9,2.950177470842997,2.969578981399536
global_species,69,N_3pct,cnn_onehot,onehot,606,2013,10,2.9176088770230613,2.941229820251465
global_species,69,N_3pct,cnn_onehot,onehot,606,2013,11,2.877658108870188,2.904700756072998
global_species,69,N_3pct,cnn_onehot,onehot,606,2013,12,2.825957755247752,2.8594534397125244
global_species,69,N_3pct,cnn_onehot,onehot,606,2013,13,2.7672146757443747,2.8063454627990723
global_species,69,N_3pct,cnn_onehot,onehot,606,2013,14,2.705620586872101,2.7519125938415527
global_species,69,N_3pct,cnn_onehot,onehot,606,2013,15,2.6334972182909646,2.700289726257324
global_species,69,N_3pct,cnn_onehot,onehot,606,2013,16,2.5759113828341165,2.654995441436768
global_species,69,N_3pct,cnn_onehot,onehot,606,2013,17,2.514516731103261,2.620189428329468
global_species,69,N_3pct,cnn_onehot,onehot,606,2013,18,2.469469726085663,2.59212589263916
global_species,69,N_3pct,cnn_onehot,onehot,606,2013,19,2.429794669151306,2.572714567184448
global_species,69,N_3pct,cnn_onehot,onehot,606,2013,20,2.3937560518582663,2.555493354797364
global_species,69,N_3pct,cnn_onehot,onehot,606,2013,21,2.357422252496084,2.541499137878418
global_species,69,N_3pct,cnn_onehot,onehot,606,2013,22,2.3276500503222146,2.532314777374268
global_species,69,N_3pct,cnn_onehot,onehot,606,2013,23,2.2948177655537925,2.519541025161743
global_species,69,N_3pct,cnn_onehot,onehot,606,2013,24,2.265328903992971,2.513880729675293
global_species,69,N_3pct,cnn_property,property,606,2015,1,3.062969962755839,3.056252956390381
global_species,69,N_3pct,cnn_property,property,606,2015,2,3.0492050449053445,3.052072763442993
global_species,69,N_3pct,cnn_property,property,606,2015,3,3.042366405328115,3.0498862266540527
global_species,69,N_3pct,cnn_property,property,606,2015,4,3.0381986697514853,3.047893047332764
global_species,69,N_3pct,cnn_property,property,606,2015,5,3.03195442756017,3.0461864471435547
global_species,69,N_3pct,cnn_property,property,606,2015,6,3.026852309703827,3.043823480606079
global_species,69,N_3pct,cnn_property,property,606,2015,7,3.0230174462000527,3.042026996612549
global_species,69,N_3pct,cnn_property,property,606,2015,8,3.01623543103536,3.039822816848755
global_species,69,N_3pct,cnn_property,property,606,2015,9,3.0093255241711936,3.0362606048583984
global_species,69,N_3pct,cnn_property,property,606,2015,10,3.0017709136009216,3.033186912536621
global_species,69,N_3pct,cnn_property,property,606,2015,11,2.9926701386769614,3.028440237045288
global_species,69,N_3pct,cnn_property,property,606,2015,12,2.9833162426948547,3.021420478820801
global_species,69,N_3pct,cnn_property,property,606,2015,13,2.97068053483963,3.010521173477173
global_species,69,N_3pct,cnn_property,property,606,2015,14,2.952768703301748,3.0000991821289062
global_species,69,N_3pct,cnn_property,property,606,2015,15,2.9328751961390176,2.9817683696746826
global_species,69,N_3pct,cnn_property,property,606,2015,16,2.911517163117727,2.9626054763793945
global_species,69,N_3pct,cnn_property,property,606,2015,17,2.874659299850464,2.933889627456665
global_species,69,N_3pct,cnn_property,property,606,2015,18,2.841990232467652,2.904963970184326
global_species,69,N_3pct,cnn_property,property,606,2015,19,2.8057221174240112,2.8846938610076904
global_species,69,N_3pct,cnn_property,property,606,2015,20,2.7684808572133384,2.8459627628326416
global_species,69,N_3pct,cnn_property,property,606,2015,21,2.703484316666921,2.797014236450196
global_species,69,N_3pct,cnn_property,property,606,2015,22,2.6591203610102334,2.7660136222839355
global_species,69,N_3pct,cnn_property,property,606,2015,23,2.5974872509638467,2.744323492050171
global_species,69,N_3pct,cnn_property,property,606,2015,24,2.5731868346532187,2.702791213989258
global_species,69,N_3pct,tiny_transformer_onehot,onehot,606,2026,1,3.0815996726353965,3.0345516204833984
global_species,69,N_3pct,tiny_transformer_onehot,onehot,606,2026,2,3.0195313493410745,3.0100910663604736
global_species,69,N_3pct,tiny_transformer_onehot,onehot,606,2026,3,2.9909010330835977,2.980537414550781
global_species,69,N_3pct,tiny_transformer_onehot,onehot,606,2026,4,2.9599697589874268,2.9471595287323
global_species,69,N_3pct,tiny_transformer_onehot,onehot,606,2026,5,2.9194675286610923,2.910050392150879
global_species,69,N_3pct,tiny_transformer_onehot,onehot,606,2026,6,2.8734969099362693,2.8595449924468994
global_species,69,N_3pct,tiny_transformer_onehot,onehot,606,2026,7,2.818937679131826,2.8063783645629883
global_species,69,N_3pct,tiny_transformer_onehot,onehot,606,2026,8,2.7578771909077964,2.747429370880127
global_species,69,N_3pct,tiny_transformer_onehot,onehot,606,2026,9,2.6930177013079324,2.691946029663086
global_species,69,N_3pct,tiny_transformer_onehot,onehot,606,2026,10,2.639711300532023,2.6632320880889893
global_species,69,N_3pct,tiny_transformer_onehot,onehot,606,2026,11,2.607392430305481,2.6456868648529053
global_species,69,N_3pct,tiny_transformer_onehot,onehot,606,2026,12,2.584016263484955,2.63208532333374
global_species,69,N_3pct,tiny_transformer_onehot,onehot,606,2026,13,2.571606477101644,2.621942043304444
global_species,69,N_3pct,tiny_transformer_onehot,onehot,606,2026,14,2.551219364007314,2.6354379653930664
global_species,69,N_3pct,tiny_transformer_onehot,onehot,606,2026,15,2.5501991510391235,2.632209300994873
global_species,69,N_3pct,tiny_transformer_onehot,onehot,606,2026,16,2.53684135278066,2.6240179538726807
global_species,69,N_3pct,tiny_transformer_onehot,onehot,606,2026,17,2.52223535378774,2.596409797668457
global_species,69,N_3pct,tiny_transformer_onehot,onehot,606,2026,18,2.5158775250116983,2.589109420776367
global_species,69,N_3pct,tiny_transformer_onehot,onehot,606,2026,19,2.519180258115133,2.5905115604400635
global_species,69,N_3pct,tiny_transformer_onehot,onehot,606,2026,20,2.514830231666565,2.592022657394409
global_species,69,N_3pct,tiny_transformer_onehot,onehot,606,2026,21,2.497315227985382,2.6054129600524902
global_species,69,N_3pct,tiny_transformer_onehot,onehot,606,2026,22,2.4930597941080728,2.573514461517334
global_species,69,N_3pct,tiny_transformer_onehot,onehot,606,2026,23,2.49883246421814,2.571709156036377
global_species,69,N_3pct,tiny_transformer_onehot,onehot,606,2026,24,2.4814425905545554,2.593459129333496
global_species,69,N_3pct,tiny_transformer_property,property,606,2028,1,3.1581900318463645,3.083066463470459
global_species,69,N_3pct,tiny_transformer_property,property,606,2028,2,3.085231443246206,3.054629325866699
global_species,69,N_3pct,tiny_transformer_property,property,606,2028,3,3.0523061553637185,3.034367084503174
global_species,69,N_3pct,tiny_transformer_property,property,606,2028,4,3.039433519045512,3.024558782577514
global_species,69,N_3pct,tiny_transformer_property,property,606,2028,5,3.028308689594269,3.012258768081665
global_species,69,N_3pct,tiny_transformer_property,property,606,2028,6,3.010027666886648,2.9969425201416016
global_species,69,N_3pct,tiny_transformer_property,property,606,2028,7,2.987279196580251,2.97689175605774
global_species,69,N_3pct,tiny_transformer_property,property,606,2028,8,2.9570619066556296,2.9464144706726074
global_species,69,N_3pct,tiny_transformer_property,property,606,2028,9,2.9133207400639853,2.901240348815918
global_species,69,N_3pct,tiny_transformer_property,property,606,2028,10,2.861363291740417,2.8542349338531494
global_species,69,N_3pct,tiny_transformer_property,property,606,2028,11,2.7985203663508096,2.794306755065918
global_species,69,N_3pct,tiny_transformer_property,property,606,2028,12,2.730798582235972,2.7339186668396
global_species,69,N_3pct,tiny_transformer_property,property,606,2028,13,2.679444233576457,2.6995205879211426
global_species,69,N_3pct,tiny_transformer_property,property,606,2028,14,2.637554168701172,2.6564137935638428
global_species,69,N_3pct,tiny_transformer_property,property,606,2028,15,2.5836836894353232,2.627472162246704
global_species,69,N_3pct,tiny_transformer_property,property,606,2028,16,2.556861400604248,2.6071627140045166
global_species,69,N_3pct,tiny_transformer_property,property,606,2028,17,2.533050258954366,2.596429347991944
global_species,69,N_3pct,tiny_transformer_property,property,606,2028,18,2.5331682562828064,2.586954116821289
global_species,69,N_3pct,tiny_transformer_property,property,606,2028,19,2.5371070901552835,2.592862844467163
global_species,69,N_3pct,tiny_transformer_property,property,606,2028,20,2.498582700888316,2.5736122131347656
global_species,69,N_3pct,tiny_transformer_property,property,606,2028,21,2.478120525677999,2.5800912380218506
global_species,69,N_3pct,tiny_transformer_property,property,606,2028,22,2.5013054609298706,2.569671154022217
global_species,69,N_3pct,tiny_transformer_property,property,606,2028,23,2.4683111707369485,2.5632665157318115
global_species,69,N_3pct,tiny_transformer_property,property,606,2028,24,2.459719300270081,2.5671348571777344
within_genus_species:Enterobacter,69,N_3pct,mlp_ckmer5,ckmer5_count_l2,606,2260,1,1.600619912147522,1.607555627822876
within_genus_species:Enterobacter,69,N_3pct,mlp_ckmer5,ckmer5_count_l2,606,2260,2,1.3216099341710408,1.5968785285949707
within_genus_species:Enterobacter,69,N_3pct,mlp_ckmer5,ckmer5_count_l2,606,2260,3,1.1233208179473877,1.588275671005249
within_genus_species:Enterobacter,69,N_3pct,mlp_ckmer5,ckmer5_count_l2,606,2260,4,0.9469857017199198,1.5809273719787598
within_genus_species:Enterobacter,69,N_3pct,mlp_ckmer5,ckmer5_count_l2,606,2260,5,0.7978345354398092,1.5751441717147827
within_genus_species:Enterobacter,69,N_3pct,mlp_ckmer5,ckmer5_count_l2,606,2260,6,0.6648833552996317,1.5692377090454102
within_genus_species:Enterobacter,69,N_3pct,mlp_ckmer5,ckmer5_count_l2,606,2260,7,0.5505457719167074,1.565406084060669
within_genus_species:Enterobacter,69,N_3pct,mlp_ckmer5,ckmer5_count_l2,606,2260,8,0.4495614071687062,1.5638902187347412
within_genus_species:Enterobacter,69,N_3pct,mlp_ckmer5,ckmer5_count_l2,606,2260,9,0.3630664745966593,1.5645394325256348
within_genus_species:Enterobacter,69,N_3pct,mlp_ckmer5,ckmer5_count_l2,606,2260,10,0.2891357143719991,1.565814971923828
within_genus_species:Enterobacter,69,N_3pct,mlp_ckmer5,ckmer5_count_l2,606,2260,11,0.2299407770236333,1.568629264831543
within_genus_species:Enterobacter,69,N_3pct,mlp_ckmer5,ckmer5_count_l2,606,2260,12,0.1822258780399958,1.5723974704742432
within_genus_species:Enterobacter,69,N_3pct,mlp_ckmer5,ckmer5_count_l2,606,2260,13,0.1443727314472198,1.5766719579696655
within_genus_species:Enterobacter,69,N_3pct,mlp_csp,cspaced_property_l2,606,2257,1,1.619674801826477,1.6507385969161987
within_genus_species:Enterobacter,69,N_3pct,mlp_csp,cspaced_property_l2,606,2257,2,1.559313694636027,1.6473835706710815
within_genus_species:Enterobacter,69,N_3pct,mlp_csp,cspaced_property_l2,606,2257,3,1.5153849124908447,1.6472809314727783
within_genus_species:Enterobacter,69,N_3pct,mlp_csp,cspaced_property_l2,606,2257,4,1.478622635205587,1.6475532054901123
within_genus_species:Enterobacter,69,N_3pct,mlp_csp,cspaced_property_l2,606,2257,5,1.4374173879623413,1.648575782775879
within_genus_species:Enterobacter,69,N_3pct,mlp_csp,cspaced_property_l2,606,2257,6,1.3984737793604534,1.6484832763671875
within_genus_species:Enterobacter,69,N_3pct,mlp_csp,cspaced_property_l2,606,2257,7,1.3643161455790205,1.648998498916626
within_genus_species:Enterobacter,69,N_3pct,mlp_csp,cspaced_property_l2,606,2257,8,1.3302212158838909,1.6510809659957886
within_genus_species:Enterobacter,69,N_3pct,mlp_hybrid,hybrid_ckmer5_csp,606,2260,1,1.6272648175557454,1.5964275598526
within_genus_species:Enterobacter,69,N_3pct,mlp_hybrid,hybrid_ckmer5_csp,606,2260,2,1.2660682996114094,1.582656741142273
within_genus_species:Enterobacter,69,N_3pct,mlp_hybrid,hybrid_ckmer5_csp,606,2260,3,1.018511434396108,1.5723633766174316
within_genus_species:Enterobacter,69,N_3pct,mlp_hybrid,hybrid_ckmer5_csp,606,2260,4,0.8186495900154114,1.561409831047058
within_genus_species:Enterobacter,69,N_3pct,mlp_hybrid,hybrid_ckmer5_csp,606,2260,5,0.654488742351532,1.556840419769287
within_genus_species:Enterobacter,69,N_3pct,mlp_hybrid,hybrid_ckmer5_csp,606,2260,6,0.5151204466819763,1.554068684577942
within_genus_species:Enterobacter,69,N_3pct,mlp_hybrid,hybrid_ckmer5_csp,606,2260,7,0.4006311297416687,1.5524414777755735
within_genus_species:Enterobacter,69,N_3pct,mlp_hybrid,hybrid_ckmer5_csp,606,2260,8,0.3078064918518066,1.553607702255249
within_genus_species:Enterobacter,69,N_3pct,mlp_hybrid,hybrid_ckmer5_csp,606,2260,9,0.2348176389932632,1.5571110248565674
within_genus_species:Enterobacter,69,N_3pct,mlp_hybrid,hybrid_ckmer5_csp,606,2260,10,0.1769742767016092,1.5616624355316162
within_genus_species:Enterobacter,69,N_3pct,mlp_hybrid,hybrid_ckmer5_csp,606,2260,11,0.1348412757118543,1.5671019554138184
within_genus_species:Enterobacter,69,N_3pct,mlp_hybrid,hybrid_ckmer5_csp,606,2260,12,0.1035912955800692,1.5727018117904663
within_genus_species:Enterobacter,69,N_3pct,cnn_onehot,onehot,606,2260,1,1.621051788330078,1.6208500862121582
within_genus_species:Enterobacter,69,N_3pct,cnn_onehot,onehot,606,2260,2,1.6081790924072266,1.6180713176727295
within_genus_species:Enterobacter,69,N_3pct,cnn_onehot,onehot,606,2260,3,1.6033424933751423,1.616547465324402
within_genus_species:Enterobacter,69,N_3pct,cnn_onehot,onehot,606,2260,4,1.5976662238438923,1.6144107580184937
within_genus_species:Enterobacter,69,N_3pct,cnn_onehot,onehot,606,2260,5,1.5928782224655151,1.6126267910003662
within_genus_species:Enterobacter,69,N_3pct,cnn_onehot,onehot,606,2260,6,1.5897711118062336,1.611413598060608
within_genus_species:Enterobacter,69,N_3pct,cnn_onehot,onehot,606,2260,7,1.5855369170506797,1.6104226112365725
within_genus_species:Enterobacter,69,N_3pct,cnn_onehot,onehot,606,2260,8,1.5816908677419026,1.6099189519882202
within_genus_species:Enterobacter,69,N_3pct,cnn_onehot,onehot,606,2260,9,1.5788464943567913,1.6099189519882202
within_genus_species:Enterobacter,69,N_3pct,cnn_onehot,onehot,606,2260,10,1.575452884038289,1.6098182201385498
within_genus_species:Enterobacter,69,N_3pct,cnn_onehot,onehot,606,2260,11,1.5719337463378906,1.609890699386597
within_genus_species:Enterobacter,69,N_3pct,cnn_onehot,onehot,606,2260,12,1.5686075290044148,1.6097040176391602
within_genus_species:Enterobacter,69,N_3pct,cnn_onehot,onehot,606,2260,13,1.5650281111399331,1.609808325767517
within_genus_species:Enterobacter,69,N_3pct,cnn_onehot,onehot,606,2260,14,1.5615793863932292,1.6098707914352417
within_genus_species:Enterobacter,69,N_3pct,cnn_onehot,onehot,606,2260,15,1.5580601692199707,1.6096670627593994
within_genus_species:Enterobacter,69,N_3pct,cnn_onehot,onehot,606,2260,16,1.5549435218175252,1.6095446348190308
within_genus_species:Enterobacter,69,N_3pct,cnn_onehot,onehot,606,2260,17,1.5496223370234172,1.6091296672821045
within_genus_species:Enterobacter,69,N_3pct,cnn_onehot,onehot,606,2260,18,1.5451273918151855,1.6085221767425537
within_genus_species:Enterobacter,69,N_3pct,cnn_onehot,onehot,606,2260,19,1.5416446924209597,1.6080372333526611
within_genus_species:Enterobacter,69,N_3pct,cnn_onehot,onehot,606,2260,20,1.5370767911275227,1.6081490516662598
within_genus_species:Enterobacter,69,N_3pct,cnn_onehot,onehot,606,2260,21,1.532193899154663,1.607972502708435
within_genus_species:Enterobacter,69,N_3pct,cnn_onehot,onehot,606,2260,22,1.5271255175272624,1.6082444190979004
within_genus_species:Enterobacter,69,N_3pct,cnn_onehot,onehot,606,2260,23,1.522627830505371,1.6084200143814087
within_genus_species:Enterobacter,69,N_3pct,cnn_onehot,onehot,606,2260,24,1.5174380938212078,1.608918070793152
within_genus_species:Enterobacter,69,N_3pct,cnn_property,property,606,2262,1,1.6340091625849409,1.6210731267929075
within_genus_species:Enterobacter,69,N_3pct,cnn_property,property,606,2262,2,1.6195284128189087,1.6167134046554563
within_genus_species:Enterobacter,69,N_3pct,cnn_property,property,606,2262,3,1.6105393568674724,1.6143038272857666
within_genus_species:Enterobacter,69,N_3pct,cnn_property,property,606,2262,4,1.604711929957072,1.6134616136550903
within_genus_species:Enterobacter,69,N_3pct,cnn_property,property,606,2262,5,1.6010735829671223,1.613208889961243
within_genus_species:Enterobacter,69,N_3pct,cnn_property,property,606,2262,6,1.5994749863942463,1.6133986711502075
within_genus_species:Enterobacter,69,N_3pct,cnn_property,property,606,2262,7,1.595165769259135,1.613959550857544
within_genus_species:Enterobacter,69,N_3pct,cnn_property,property,606,2262,8,1.59066899617513,1.614106297492981
within_genus_species:Enterobacter,69,N_3pct,cnn_property,property,606,2262,9,1.5866135358810425,1.614475131034851
within_genus_species:Enterobacter,69,N_3pct,cnn_property,property,606,2262,10,1.583359162012736,1.6144614219665527
within_genus_species:Enterobacter,69,N_3pct,tiny_transformer_onehot,onehot,606,2273,1,1.6569072008132937,1.627030849456787
within_genus_species:Enterobacter,69,N_3pct,tiny_transformer_onehot,onehot,606,2273,2,1.6276082197825117,1.6087754964828491
within_genus_species:Enterobacter,69,N_3pct,tiny_transformer_onehot,onehot,606,2273,3,1.6237446467081706,1.6091152429580688
within_genus_species:Enterobacter,69,N_3pct,tiny_transformer_onehot,onehot,606,2273,4,1.6190789143244426,1.613475680351257
within_genus_species:Enterobacter,69,N_3pct,tiny_transformer_onehot,onehot,606,2273,5,1.6183393796284993,1.6108314990997314
within_genus_species:Enterobacter,69,N_3pct,tiny_transformer_onehot,onehot,606,2273,6,1.6156001488367715,1.611270785331726
within_genus_species:Enterobacter,69,N_3pct,tiny_transformer_onehot,onehot,606,2273,7,1.6108380158742268,1.6104357242584229
within_genus_species:Enterobacter,69,N_3pct,tiny_transformer_property,property,606,2275,1,1.6535934607187908,1.6110053062438965
within_genus_species:Enterobacter,69,N_3pct,tiny_transformer_property,property,606,2275,2,1.610478401184082,1.6111620664596558
within_genus_species:Enterobacter,69,N_3pct,tiny_transformer_property,property,606,2275,3,1.621057351430257,1.621074676513672
within_genus_species:Enterobacter,69,N_3pct,tiny_transformer_property,property,606,2275,4,1.6204055547714231,1.6213847398757937
within_genus_species:Enterobacter,69,N_3pct,tiny_transformer_property,property,606,2275,5,1.6203900973002117,1.6193939447402954
within_genus_species:Enterobacter,69,N_3pct,tiny_transformer_property,property,606,2275,6,1.6174747943878174,1.6171919107437134
target_background,69,substitution_1pct_N_3pct,mlp_ckmer5,ckmer5_count_l2,606,2178,1,0.7157291869322459,0.7490330338478088
target_background,69,substitution_1pct_N_3pct,mlp_ckmer5,ckmer5_count_l2,606,2178,2,0.4837047110001246,0.7487316727638245
target_background,69,substitution_1pct_N_3pct,mlp_ckmer5,ckmer5_count_l2,606,2178,3,0.3517738580703735,0.7594829201698303
target_background,69,substitution_1pct_N_3pct,mlp_ckmer5,ckmer5_count_l2,606,2178,4,0.2504566883047421,0.7909747958183289
target_background,69,substitution_1pct_N_3pct,mlp_ckmer5,ckmer5_count_l2,606,2178,5,0.1723446100950241,0.8331305384635925
target_background,69,substitution_1pct_N_3pct,mlp_ckmer5,ckmer5_count_l2,606,2178,6,0.1141198091208934,0.873318076133728
target_background,69,substitution_1pct_N_3pct,mlp_ckmer5,ckmer5_count_l2,606,2178,7,0.0768834302822748,0.909906804561615
target_background,69,substitution_1pct_N_3pct,mlp_csp,cspaced_property_l2,606,2175,1,0.6981707910696665,0.6911386251449585
target_background,69,substitution_1pct_N_3pct,mlp_csp,cspaced_property_l2,606,2175,2,0.6547235945860544,0.6929768323898315
target_background,69,substitution_1pct_N_3pct,mlp_csp,cspaced_property_l2,606,2175,3,0.6007475256919861,0.6964601278305054
target_background,69,substitution_1pct_N_3pct,mlp_csp,cspaced_property_l2,606,2175,4,0.5941910942395529,0.7005152106285095
target_background,69,substitution_1pct_N_3pct,mlp_csp,cspaced_property_l2,606,2175,5,0.5673778454462687,0.70185387134552
target_background,69,substitution_1pct_N_3pct,mlp_csp,cspaced_property_l2,606,2175,6,0.5104194184144338,0.6948853135108948
target_background,69,substitution_1pct_N_3pct,mlp_hybrid,hybrid_ckmer5_csp,606,2178,1,0.7241434156894684,0.7038426995277405
target_background,69,substitution_1pct_N_3pct,mlp_hybrid,hybrid_ckmer5_csp,606,2178,2,0.430292472243309,0.7032859921455383
target_background,69,substitution_1pct_N_3pct,mlp_hybrid,hybrid_ckmer5_csp,606,2178,3,0.2906228254238764,0.7216792106628418
target_background,69,substitution_1pct_N_3pct,mlp_hybrid,hybrid_ckmer5_csp,606,2178,4,0.1874520356456438,0.7693767547607422
target_background,69,substitution_1pct_N_3pct,mlp_hybrid,hybrid_ckmer5_csp,606,2178,5,0.1210463593403498,0.8275662660598755
target_background,69,substitution_1pct_N_3pct,mlp_hybrid,hybrid_ckmer5_csp,606,2178,6,0.0766359455883503,0.8645815253257751
target_background,69,substitution_1pct_N_3pct,mlp_hybrid,hybrid_ckmer5_csp,606,2178,7,0.0494989765187104,0.8958139419555664
target_background,69,substitution_1pct_N_3pct,cnn_onehot,onehot,606,2178,1,0.6949739555517832,0.6926064491271973
target_background,69,substitution_1pct_N_3pct,cnn_onehot,onehot,606,2178,2,0.6879126926263174,0.6921652555465698
target_background,69,substitution_1pct_N_3pct,cnn_onehot,onehot,606,2178,3,0.6852123141288757,0.691532552242279
target_background,69,substitution_1pct_N_3pct,cnn_onehot,onehot,606,2178,4,0.6818943818410238,0.6910086870193481
target_background,69,substitution_1pct_N_3pct,cnn_onehot,onehot,606,2178,5,0.6816982924938202,0.6910924315452576
target_background,69,substitution_1pct_N_3pct,cnn_onehot,onehot,606,2178,6,0.6765249073505402,0.6902939677238464
target_background,69,substitution_1pct_N_3pct,cnn_onehot,onehot,606,2178,7,0.6751170853773752,0.6900462508201599
target_background,69,substitution_1pct_N_3pct,cnn_onehot,onehot,606,2178,8,0.669180671374003,0.6893622279167175
target_background,69,substitution_1pct_N_3pct,cnn_onehot,onehot,606,2178,9,0.6689033508300781,0.6895964741706848
target_background,69,substitution_1pct_N_3pct,cnn_onehot,onehot,606,2178,10,0.6672405302524567,0.6894458532333374
target_background,69,substitution_1pct_N_3pct,cnn_onehot,onehot,606,2178,11,0.6607440114021301,0.6889272332191467
target_background,69,substitution_1pct_N_3pct,cnn_onehot,onehot,606,2178,12,0.6589599053064982,0.6887537240982056
target_background,69,substitution_1pct_N_3pct,cnn_onehot,onehot,606,2178,13,0.6534783840179443,0.6887187361717224
target_background,69,substitution_1pct_N_3pct,cnn_onehot,onehot,606,2178,14,0.649799774090449,0.6882573962211609
target_background,69,substitution_1pct_N_3pct,cnn_onehot,onehot,606,2178,15,0.6445542871952057,0.6877912282943726
target_background,69,substitution_1pct_N_3pct,cnn_onehot,onehot,606,2178,16,0.6390071312586466,0.6869842410087585
target_background,69,substitution_1pct_N_3pct,cnn_onehot,onehot,606,2178,17,0.6364608506361643,0.6861545443534851
target_background,69,substitution_1pct_N_3pct,cnn_onehot,onehot,606,2178,18,0.6236712038516998,0.6877558827400208
target_background,69,substitution_1pct_N_3pct,cnn_onehot,onehot,606,2178,19,0.6285593112309774,0.6861888766288757
target_background,69,substitution_1pct_N_3pct,cnn_onehot,onehot,606,2178,20,0.6181896030902863,0.6846814751625061
target_background,69,substitution_1pct_N_3pct,cnn_onehot,onehot,606,2178,21,0.6117519636948904,0.6849446296691895
target_background,69,substitution_1pct_N_3pct,cnn_onehot,onehot,606,2178,22,0.5995183785756429,0.6830087900161743
target_background,69,substitution_1pct_N_3pct,cnn_onehot,onehot,606,2178,23,0.5896434287230173,0.6826643347740173
target_background,69,substitution_1pct_N_3pct,cnn_onehot,onehot,606,2178,24,0.5834875404834747,0.6816374063491821
target_background,69,substitution_1pct_N_3pct,cnn_property,property,606,2180,1,0.6971830328305563,0.6922038197517395
target_background,69,substitution_1pct_N_3pct,cnn_property,property,606,2180,2,0.6891093949476877,0.6914469599723816
target_background,69,substitution_1pct_N_3pct,cnn_property,property,606,2180,3,0.6878404219945272,0.6917037963867188
target_background,69,substitution_1pct_N_3pct,cnn_property,property,606,2180,4,0.6847500503063202,0.6912091374397278
target_background,69,substitution_1pct_N_3pct,cnn_property,property,606,2180,5,0.6838477750619253,0.6914070248603821
target_background,69,substitution_1pct_N_3pct,cnn_property,property,606,2180,6,0.6798375447591146,0.6912493109703064
target_background,69,substitution_1pct_N_3pct,cnn_property,property,606,2180,7,0.6837879021962484,0.6920823454856873
target_background,69,substitution_1pct_N_3pct,cnn_property,property,606,2180,8,0.6776966353257498,0.6917772889137268
target_background,69,substitution_1pct_N_3pct,cnn_property,property,606,2180,9,0.6752961476643881,0.6918694376945496
target_background,69,substitution_1pct_N_3pct,tiny_transformer_onehot,onehot,606,2191,1,0.7336790263652802,0.6995140314102173
target_background,69,substitution_1pct_N_3pct,tiny_transformer_onehot,onehot,606,2191,2,0.698758989572525,0.6919821500778198
target_background,69,substitution_1pct_N_3pct,tiny_transformer_onehot,onehot,606,2191,3,0.6939791540304819,0.6950808167457581
target_background,69,substitution_1pct_N_3pct,tiny_transformer_onehot,onehot,606,2191,4,0.6890944937864939,0.6898859739303589
target_background,69,substitution_1pct_N_3pct,tiny_transformer_onehot,onehot,606,2191,5,0.6816326975822449,0.6897583603858948
target_background,69,substitution_1pct_N_3pct,tiny_transformer_onehot,onehot,606,2191,6,0.6746180057525635,0.6885464787483215
target_background,69,substitution_1pct_N_3pct,tiny_transformer_onehot,onehot,606,2191,7,0.6786882181962332,0.6882510781288147
target_background,69,substitution_1pct_N_3pct,tiny_transformer_onehot,onehot,606,2191,8,0.681423286596934,0.6882277131080627
target_background,69,substitution_1pct_N_3pct,tiny_transformer_onehot,onehot,606,2191,9,0.6760526895523071,0.6994184851646423
target_background,69,substitution_1pct_N_3pct,tiny_transformer_onehot,onehot,606,2191,10,0.6816332638263702,0.6929802298545837
target_background,69,substitution_1pct_N_3pct,tiny_transformer_onehot,onehot,606,2191,11,0.6654327611128489,0.6902943253517151
target_background,69,substitution_1pct_N_3pct,tiny_transformer_onehot,onehot,606,2191,12,0.6954032480716705,0.7010994553565979
target_background,69,substitution_1pct_N_3pct,tiny_transformer_onehot,onehot,606,2191,13,0.6700125237305959,0.6917237639427185
target_background,69,substitution_1pct_N_3pct,tiny_transformer_property,property,606,2193,1,0.7625709076722463,0.7119280099868774
target_background,69,substitution_1pct_N_3pct,tiny_transformer_property,property,606,2193,2,0.705593595902125,0.6991806626319885
target_background,69,substitution_1pct_N_3pct,tiny_transformer_property,property,606,2193,3,0.6954445143540701,0.6912814974784851
target_background,69,substitution_1pct_N_3pct,tiny_transformer_property,property,606,2193,4,0.6970670719941457,0.6916190981864929
target_background,69,substitution_1pct_N_3pct,tiny_transformer_property,property,606,2193,5,0.6855855186780294,0.6945104598999023
target_background,69,substitution_1pct_N_3pct,tiny_transformer_property,property,606,2193,6,0.7026429971059164,0.6927894949913025
target_background,69,substitution_1pct_N_3pct,tiny_transformer_property,property,606,2193,7,0.6906109054883321,0.6912038922309875
target_background,69,substitution_1pct_N_3pct,tiny_transformer_property,property,606,2193,8,0.70343217253685,0.6916648745536804
target_background,69,substitution_1pct_N_3pct,tiny_transformer_property,property,606,2193,9,0.6840308407942454,0.6919885873794556
target_background,69,substitution_1pct_N_3pct,tiny_transformer_property,property,606,2193,10,0.70920529961586,0.693886935710907
target_background,69,substitution_1pct_N_3pct,tiny_transformer_property,property,606,2193,11,0.6966008444627126,0.6885409951210022
target_background,69,substitution_1pct_N_3pct,tiny_transformer_property,property,606,2193,12,0.6885450482368469,0.6855888366699219
target_background,69,substitution_1pct_N_3pct,tiny_transformer_property,property,606,2193,13,0.6868263979752859,0.6882151365280151
target_background,69,substitution_1pct_N_3pct,tiny_transformer_property,property,606,2193,14,0.6980554759502411,0.6851417422294617
target_background,69,substitution_1pct_N_3pct,tiny_transformer_property,property,606,2193,15,0.6836838821570078,0.6922202110290527
target_background,69,substitution_1pct_N_3pct,tiny_transformer_property,property,606,2193,16,0.7004182934761047,0.6863459348678589
target_background,69,substitution_1pct_N_3pct,tiny_transformer_property,property,606,2193,17,0.6930417319138845,0.6863552927970886
target_background,69,substitution_1pct_N_3pct,tiny_transformer_property,property,606,2193,18,0.6888620555400848,0.6831168532371521
target_background,69,substitution_1pct_N_3pct,tiny_transformer_property,property,606,2193,19,0.6867359975973765,0.6864432692527771
target_background,69,substitution_1pct_N_3pct,tiny_transformer_property,property,606,2193,20,0.6876324514547983,0.6827145218849182
target_background,69,substitution_1pct_N_3pct,tiny_transformer_property,property,606,2193,21,0.683415283759435,0.6850796937942505
target_background,69,substitution_1pct_N_3pct,tiny_transformer_property,property,606,2193,22,0.6832435031731924,0.6818000674247742
target_background,69,substitution_1pct_N_3pct,tiny_transformer_property,property,606,2193,23,0.6851930618286133,0.6806684732437134
target_background,69,substitution_1pct_N_3pct,tiny_transformer_property,property,606,2193,24,0.6805170675118765,0.6822269558906555
global_species,69,substitution_1pct_N_3pct,mlp_ckmer5,ckmer5_count_l2,606,2139,1,3.014018138249716,2.9446401596069336
global_species,69,substitution_1pct_N_3pct,mlp_ckmer5,ckmer5_count_l2,606,2139,2,2.554579754670461,2.843614339828491
global_species,69,substitution_1pct_N_3pct,mlp_ckmer5,ckmer5_count_l2,606,2139,3,2.192801892757416,2.759488344192505
global_species,69,substitution_1pct_N_3pct,mlp_ckmer5,ckmer5_count_l2,606,2139,4,1.83816855152448,2.6908085346221924
global_species,69,substitution_1pct_N_3pct,mlp_ckmer5,ckmer5_count_l2,606,2139,5,1.491534262895584,2.638798475265503
global_species,69,substitution_1pct_N_3pct,mlp_ckmer5,ckmer5_count_l2,606,2139,6,1.1641068657239275,2.614572048187256
global_species,69,substitution_1pct_N_3pct,mlp_ckmer5,ckmer5_count_l2,606,2139,7,0.8738450755675634,2.6012637615203857
global_species,69,substitution_1pct_N_3pct,mlp_ckmer5,ckmer5_count_l2,606,2139,8,0.6307841688394547,2.607487201690674
global_species,69,substitution_1pct_N_3pct,mlp_ckmer5,ckmer5_count_l2,606,2139,9,0.4518080080548922,2.625812292098999
global_species,69,substitution_1pct_N_3pct,mlp_ckmer5,ckmer5_count_l2,606,2139,10,0.3218837529420852,2.649902820587158
global_species,69,substitution_1pct_N_3pct,mlp_ckmer5,ckmer5_count_l2,606,2139,11,0.2343513754506906,2.67549991607666
global_species,69,substitution_1pct_N_3pct,mlp_ckmer5,ckmer5_count_l2,606,2139,12,0.1756864947577317,2.704549789428711
global_species,69,substitution_1pct_N_3pct,mlp_csp,cspaced_property_l2,606,2136,1,3.060682932535807,3.002822160720825
global_species,69,substitution_1pct_N_3pct,mlp_csp,cspaced_property_l2,606,2136,2,2.934045751889547,2.944297790527344
global_species,69,substitution_1pct_N_3pct,mlp_csp,cspaced_property_l2,606,2136,3,2.834937353928884,2.891462564468384
global_species,69,substitution_1pct_N_3pct,mlp_csp,cspaced_property_l2,606,2136,4,2.7325656612714133,2.8334105014801025
global_species,69,substitution_1pct_N_3pct,mlp_csp,cspaced_property_l2,606,2136,5,2.62748525540034,2.7798986434936523
global_species,69,substitution_1pct_N_3pct,mlp_csp,cspaced_property_l2,606,2136,6,2.525335947672526,2.731739282608032
global_species,69,substitution_1pct_N_3pct,mlp_csp,cspaced_property_l2,606,2136,7,2.4286780754725137,2.691610336303711
global_species,69,substitution_1pct_N_3pct,mlp_csp,cspaced_property_l2,606,2136,8,2.3373518586158752,2.6650397777557373
global_species,69,substitution_1pct_N_3pct,mlp_csp,cspaced_property_l2,606,2136,9,2.25240292151769,2.6452462673187256
global_species,69,substitution_1pct_N_3pct,mlp_csp,cspaced_property_l2,606,2136,10,2.171987156073252,2.630362033843994
global_species,69,substitution_1pct_N_3pct,mlp_csp,cspaced_property_l2,606,2136,11,2.092466175556183,2.620844602584839
global_species,69,substitution_1pct_N_3pct,mlp_csp,cspaced_property_l2,606,2136,12,2.0176997780799866,2.615697145462036
global_species,69,substitution_1pct_N_3pct,mlp_csp,cspaced_property_l2,606,2136,13,1.9428502023220064,2.6087779998779297
global_species,69,substitution_1pct_N_3pct,mlp_csp,cspaced_property_l2,606,2136,14,1.868655910094579,2.6066734790802
global_species,69,substitution_1pct_N_3pct,mlp_csp,cspaced_property_l2,606,2136,15,1.7926188111305237,2.6077768802642822
global_species,69,substitution_1pct_N_3pct,mlp_csp,cspaced_property_l2,606,2136,16,1.7193155984083812,2.6111724376678467
global_species,69,substitution_1pct_N_3pct,mlp_csp,cspaced_property_l2,606,2136,17,1.6470156411329906,2.6154768466949463
global_species,69,substitution_1pct_N_3pct,mlp_csp,cspaced_property_l2,606,2136,18,1.5739905933539071,2.623236179351806
global_species,69,substitution_1pct_N_3pct,mlp_csp,cspaced_property_l2,606,2136,19,1.5050041576226552,2.6300716400146484
global_species,69,substitution_1pct_N_3pct,mlp_hybrid,hybrid_ckmer5_csp,606,2139,1,3.0105921824773154,2.9577207565307617
global_species,69,substitution_1pct_N_3pct,mlp_hybrid,hybrid_ckmer5_csp,606,2139,2,2.4546835819880166,2.8520848751068115
global_species,69,substitution_1pct_N_3pct,mlp_hybrid,hybrid_ckmer5_csp,606,2139,3,2.007543663183848,2.764676570892334
global_species,69,substitution_1pct_N_3pct,mlp_hybrid,hybrid_ckmer5_csp,606,2139,4,1.5813283324241638,2.7022299766540527
global_species,69,substitution_1pct_N_3pct,mlp_hybrid,hybrid_ckmer5_csp,606,2139,5,1.1847988963127136,2.6681785583496094
global_species,69,substitution_1pct_N_3pct,mlp_hybrid,hybrid_ckmer5_csp,606,2139,6,0.8459362288316091,2.6686668395996094
global_species,69,substitution_1pct_N_3pct,mlp_hybrid,hybrid_ckmer5_csp,606,2139,7,0.5816237727801005,2.68100643157959
global_species,69,substitution_1pct_N_3pct,mlp_hybrid,hybrid_ckmer5_csp,606,2139,8,0.3921165814002355,2.713346242904663
global_species,69,substitution_1pct_N_3pct,mlp_hybrid,hybrid_ckmer5_csp,606,2139,9,0.2676544313629468,2.747439384460449
global_species,69,substitution_1pct_N_3pct,mlp_hybrid,hybrid_ckmer5_csp,606,2139,10,0.1886542712648709,2.7806382179260254
global_species,69,substitution_1pct_N_3pct,cnn_onehot,onehot,606,2139,1,3.059370219707489,3.051108837127685
global_species,69,substitution_1pct_N_3pct,cnn_onehot,onehot,606,2139,2,3.043482005596161,3.045370817184448
global_species,69,substitution_1pct_N_3pct,cnn_onehot,onehot,606,2139,3,3.0332781275113425,3.0390844345092773
global_species,69,substitution_1pct_N_3pct,cnn_onehot,onehot,606,2139,4,3.022526502609253,3.032377481460572
global_species,69,substitution_1pct_N_3pct,cnn_onehot,onehot,606,2139,5,3.010595917701721,3.0232584476470947
global_species,69,substitution_1pct_N_3pct,cnn_onehot,onehot,606,2139,6,2.9975192149480185,3.012512683868408
global_species,69,substitution_1pct_N_3pct,cnn_onehot,onehot,606,2139,7,2.980606198310852,3.000326156616211
global_species,69,substitution_1pct_N_3pct,cnn_onehot,onehot,606,2139,8,2.9591636459032693,2.9811365604400635
global_species,69,substitution_1pct_N_3pct,cnn_onehot,onehot,606,2139,9,2.93400913476944,2.956795215606689
global_species,69,substitution_1pct_N_3pct,cnn_onehot,onehot,606,2139,10,2.9025465846061707,2.92680025100708
global_species,69,substitution_1pct_N_3pct,cnn_onehot,onehot,606,2139,11,2.858779271443685,2.886082410812378
global_species,69,substitution_1pct_N_3pct,cnn_onehot,onehot,606,2139,12,2.811624050140381,2.83748197555542
global_species,69,substitution_1pct_N_3pct,cnn_onehot,onehot,606,2139,13,2.7551656365394592,2.7870805263519287
global_species,69,substitution_1pct_N_3pct,cnn_onehot,onehot,606,2139,14,2.698168377081553,2.7396669387817383
global_species,69,substitution_1pct_N_3pct,cnn_onehot,onehot,606,2139,15,2.6325753728548684,2.6973798274993896
global_species,69,substitution_1pct_N_3pct,cnn_onehot,onehot,606,2139,16,2.580711623032888,2.6587252616882324
global_species,69,substitution_1pct_N_3pct,cnn_onehot,onehot,606,2139,17,2.535061498483022,2.633904457092285
global_species,69,substitution_1pct_N_3pct,cnn_onehot,onehot,606,2139,18,2.4873834252357483,2.6149327754974365
global_species,69,substitution_1pct_N_3pct,cnn_onehot,onehot,606,2139,19,2.4576745430628457,2.597644090652466
global_species,69,substitution_1pct_N_3pct,cnn_onehot,onehot,606,2139,20,2.414891223112742,2.581875801086426
global_species,69,substitution_1pct_N_3pct,cnn_onehot,onehot,606,2139,21,2.389258941014608,2.576608180999756
global_species,69,substitution_1pct_N_3pct,cnn_onehot,onehot,606,2139,22,2.3600241343180337,2.5749716758728027
global_species,69,substitution_1pct_N_3pct,cnn_onehot,onehot,606,2139,23,2.3391729990641275,2.565837860107422
global_species,69,substitution_1pct_N_3pct,cnn_onehot,onehot,606,2139,24,2.307667990525564,2.564617156982422
global_species,69,substitution_1pct_N_3pct,cnn_property,property,606,2141,1,3.057820200920105,3.049208402633667
global_species,69,substitution_1pct_N_3pct,cnn_property,property,606,2141,2,3.0468376080195108,3.0466864109039307
global_species,69,substitution_1pct_N_3pct,cnn_property,property,606,2141,3,3.0410314798355103,3.043703079223633
global_species,69,substitution_1pct_N_3pct,cnn_property,property,606,2141,4,3.035845319430033,3.041003942489624
global_species,69,substitution_1pct_N_3pct,cnn_property,property,606,2141,5,3.030417879422506,3.037980079650879
global_species,69,substitution_1pct_N_3pct,cnn_property,property,606,2141,6,3.0250962575276694,3.034985542297364
global_species,69,substitution_1pct_N_3pct,cnn_property,property,606,2141,7,3.018446385860443,3.03175687789917
global_species,69,substitution_1pct_N_3pct,cnn_property,property,606,2141,8,3.010721584161123,3.026705503463745
global_species,69,substitution_1pct_N_3pct,cnn_property,property,606,2141,9,2.999815583229065,3.0182912349700928
global_species,69,substitution_1pct_N_3pct,cnn_property,property,606,2141,10,2.987601180871328,3.0071568489074707
global_species,69,substitution_1pct_N_3pct,cnn_property,property,606,2141,11,2.969470997651418,2.989058256149292
global_species,69,substitution_1pct_N_3pct,cnn_property,property,606,2141,12,2.947027325630188,2.967296600341797
global_species,69,substitution_1pct_N_3pct,cnn_property,property,606,2141,13,2.9187249541282654,2.938976526260376
global_species,69,substitution_1pct_N_3pct,cnn_property,property,606,2141,14,2.882121463616689,2.902026414871216
global_species,69,substitution_1pct_N_3pct,cnn_property,property,606,2141,15,2.835438092549642,2.856536626815796
global_species,69,substitution_1pct_N_3pct,cnn_property,property,606,2141,16,2.7814512848854065,2.8075597286224365
global_species,69,substitution_1pct_N_3pct,cnn_property,property,606,2141,17,2.724214156468709,2.764425039291382
global_species,69,substitution_1pct_N_3pct,cnn_property,property,606,2141,18,2.6654855211575827,2.712277412414551
global_species,69,substitution_1pct_N_3pct,cnn_property,property,606,2141,19,2.612886826197306,2.6796622276306152
global_species,69,substitution_1pct_N_3pct,cnn_property,property,606,2141,20,2.564781367778778,2.653037548065185
global_species,69,substitution_1pct_N_3pct,cnn_property,property,606,2141,21,2.5130699078241983,2.6103851795196533
global_species,69,substitution_1pct_N_3pct,cnn_property,property,606,2141,22,2.482350091139476,2.623711585998535
global_species,69,substitution_1pct_N_3pct,cnn_property,property,606,2141,23,2.4628689885139465,2.579595804214477
global_species,69,substitution_1pct_N_3pct,cnn_property,property,606,2141,24,2.413313627243042,2.5671610832214355
global_species,69,substitution_1pct_N_3pct,tiny_transformer_onehot,onehot,606,2152,1,3.1114322741826377,3.0660462379455566
global_species,69,substitution_1pct_N_3pct,tiny_transformer_onehot,onehot,606,2152,2,3.0635364055633545,3.045238971710205
global_species,69,substitution_1pct_N_3pct,tiny_transformer_onehot,onehot,606,2152,3,3.0415207147598267,3.031191110610962
global_species,69,substitution_1pct_N_3pct,tiny_transformer_onehot,onehot,606,2152,4,3.0279820561409,3.0188491344451904
global_species,69,substitution_1pct_N_3pct,tiny_transformer_onehot,onehot,606,2152,5,3.015229423840841,3.003178358078003
global_species,69,substitution_1pct_N_3pct,tiny_transformer_onehot,onehot,606,2152,6,2.9953956802686057,2.978833198547364
global_species,69,substitution_1pct_N_3pct,tiny_transformer_onehot,onehot,606,2152,7,2.9718830784161887,2.9426560401916504
global_species,69,substitution_1pct_N_3pct,tiny_transformer_onehot,onehot,606,2152,8,2.929249962170919,2.890503406524658
global_species,69,substitution_1pct_N_3pct,tiny_transformer_onehot,onehot,606,2152,9,2.8709516127904258,2.8125193119049072
global_species,69,substitution_1pct_N_3pct,tiny_transformer_onehot,onehot,606,2152,10,2.7977746526400247,2.725980520248413
global_species,69,substitution_1pct_N_3pct,tiny_transformer_onehot,onehot,606,2152,11,2.7255298495292664,2.656670093536377
global_species,69,substitution_1pct_N_3pct,tiny_transformer_onehot,onehot,606,2152,12,2.654187877972921,2.6334784030914307
global_species,69,substitution_1pct_N_3pct,tiny_transformer_onehot,onehot,606,2152,13,2.6246928572654724,2.582266569137573
global_species,69,substitution_1pct_N_3pct,tiny_transformer_onehot,onehot,606,2152,14,2.5882744193077087,2.5179100036621094
global_species,69,substitution_1pct_N_3pct,tiny_transformer_onehot,onehot,606,2152,15,2.5719937682151794,2.500156879425049
global_species,69,substitution_1pct_N_3pct,tiny_transformer_onehot,onehot,606,2152,16,2.547556539376577,2.4826114177703857
global_species,69,substitution_1pct_N_3pct,tiny_transformer_onehot,onehot,606,2152,17,2.5457507769266763,2.4804766178131104
global_species,69,substitution_1pct_N_3pct,tiny_transformer_onehot,onehot,606,2152,18,2.534190634886424,2.465533971786499
global_species,69,substitution_1pct_N_3pct,tiny_transformer_onehot,onehot,606,2152,19,2.507365047931671,2.462346076965332
global_species,69,substitution_1pct_N_3pct,tiny_transformer_onehot,onehot,606,2152,20,2.5166581869125366,2.48901104927063
global_species,69,substitution_1pct_N_3pct,tiny_transformer_onehot,onehot,606,2152,21,2.500914255777994,2.4903037548065186
global_species,69,substitution_1pct_N_3pct,tiny_transformer_onehot,onehot,606,2152,22,2.4950727820396423,2.5228419303894043
global_species,69,substitution_1pct_N_3pct,tiny_transformer_onehot,onehot,606,2152,23,2.493206063906352,2.484117269515991
global_species,69,substitution_1pct_N_3pct,tiny_transformer_onehot,onehot,606,2152,24,2.482105155785878,2.449782133102417
global_species,69,substitution_1pct_N_3pct,tiny_transformer_property,property,606,2154,1,3.1210700472195945,3.061153650283813
global_species,69,substitution_1pct_N_3pct,tiny_transformer_property,property,606,2154,2,3.057193915049235,3.0323119163513184
global_species,69,substitution_1pct_N_3pct,tiny_transformer_property,property,606,2154,3,3.02555904785792,3.010185718536377
global_species,69,substitution_1pct_N_3pct,tiny_transformer_property,property,606,2154,4,3.00830626487732,2.99170994758606
global_species,69,substitution_1pct_N_3pct,tiny_transformer_property,property,606,2154,5,2.981565276781718,2.9592504501342773
global_species,69,substitution_1pct_N_3pct,tiny_transformer_property,property,606,2154,6,2.9443389177322388,2.9186716079711914
global_species,69,substitution_1pct_N_3pct,tiny_transformer_property,property,606,2154,7,2.9049838185310364,2.863355875015259
global_species,69,substitution_1pct_N_3pct,tiny_transformer_property,property,606,2154,8,2.8285731077194214,2.7993905544281006
global_species,69,substitution_1pct_N_3pct,tiny_transformer_property,property,606,2154,9,2.7647140622138977,2.7403676509857178
global_species,69,substitution_1pct_N_3pct,tiny_transformer_property,property,606,2154,10,2.689108967781067,2.6773509979248047
global_species,69,substitution_1pct_N_3pct,tiny_transformer_property,property,606,2154,11,2.631209353605906,2.650193214416504
global_species,69,substitution_1pct_N_3pct,tiny_transformer_property,property,606,2154,12,2.5931933919588723,2.615036725997925
global_species,69,substitution_1pct_N_3pct,tiny_transformer_property,property,606,2154,13,2.5724021991093955,2.606398582458496
global_species,69,substitution_1pct_N_3pct,tiny_transformer_property,property,606,2154,14,2.5422473549842834,2.62868881225586
global_species,69,substitution_1pct_N_3pct,tiny_transformer_property,property,606,2154,15,2.55674018462499,2.580674648284912
global_species,69,substitution_1pct_N_3pct,tiny_transformer_property,property,606,2154,16,2.5181673169136047,2.5843398571014404
global_species,69,substitution_1pct_N_3pct,tiny_transformer_property,property,606,2154,17,2.49987530708313,2.586634397506714
global_species,69,substitution_1pct_N_3pct,tiny_transformer_property,property,606,2154,18,2.496528923511505,2.560256242752075
global_species,69,substitution_1pct_N_3pct,tiny_transformer_property,property,606,2154,19,2.4999668995539346,2.555091142654419
global_species,69,substitution_1pct_N_3pct,tiny_transformer_property,property,606,2154,20,2.4814900755882263,2.5499489307403564
global_species,69,substitution_1pct_N_3pct,tiny_transformer_property,property,606,2154,21,2.466287632783254,2.5525710582733154
global_species,69,substitution_1pct_N_3pct,tiny_transformer_property,property,606,2154,22,2.456111510594686,2.5440964698791504
global_species,69,substitution_1pct_N_3pct,tiny_transformer_property,property,606,2154,23,2.441880544026693,2.5472307205200195
global_species,69,substitution_1pct_N_3pct,tiny_transformer_property,property,606,2154,24,2.4588924646377563,2.5808794498443604
within_genus_species:Enterobacter,69,substitution_1pct_N_3pct,mlp_ckmer5,ckmer5_count_l2,606,2386,1,1.6321568489074707,1.641770601272583
within_genus_species:Enterobacter,69,substitution_1pct_N_3pct,mlp_ckmer5,ckmer5_count_l2,606,2386,2,1.3293970425923665,1.6356042623519895
within_genus_species:Enterobacter,69,substitution_1pct_N_3pct,mlp_ckmer5,ckmer5_count_l2,606,2386,3,1.1140921115875244,1.6336519718170166
within_genus_species:Enterobacter,69,substitution_1pct_N_3pct,mlp_ckmer5,ckmer5_count_l2,606,2386,4,0.940282424290975,1.635733723640442
within_genus_species:Enterobacter,69,substitution_1pct_N_3pct,mlp_ckmer5,ckmer5_count_l2,606,2386,5,0.787759025891622,1.640680193901062
within_genus_species:Enterobacter,69,substitution_1pct_N_3pct,mlp_ckmer5,ckmer5_count_l2,606,2386,6,0.6549534996350607,1.6496788263320925
within_genus_species:Enterobacter,69,substitution_1pct_N_3pct,mlp_ckmer5,ckmer5_count_l2,606,2386,7,0.5422926147778829,1.659907341003418
within_genus_species:Enterobacter,69,substitution_1pct_N_3pct,mlp_ckmer5,ckmer5_count_l2,606,2386,8,0.4434987306594848,1.6720079183578491
within_genus_species:Enterobacter,69,substitution_1pct_N_3pct,mlp_csp,cspaced_property_l2,606,2383,1,1.6130249500274658,1.6294459104537964
within_genus_species:Enterobacter,69,substitution_1pct_N_3pct,mlp_csp,cspaced_property_l2,606,2383,2,1.5471633672714231,1.6264375448226929
within_genus_species:Enterobacter,69,substitution_1pct_N_3pct,mlp_csp,cspaced_property_l2,606,2383,3,1.4887536764144895,1.6241044998168943
within_genus_species:Enterobacter,69,substitution_1pct_N_3pct,mlp_csp,cspaced_property_l2,606,2383,4,1.4396701256434123,1.6225563287734983
within_genus_species:Enterobacter,69,substitution_1pct_N_3pct,mlp_csp,cspaced_property_l2,606,2383,5,1.3925753037134807,1.621399164199829
within_genus_species:Enterobacter,69,substitution_1pct_N_3pct,mlp_csp,cspaced_property_l2,606,2383,6,1.349200447400411,1.622411608695984
within_genus_species:Enterobacter,69,substitution_1pct_N_3pct,mlp_csp,cspaced_property_l2,606,2383,7,1.306518038113912,1.6236060857772827
within_genus_species:Enterobacter,69,substitution_1pct_N_3pct,mlp_csp,cspaced_property_l2,606,2383,8,1.2635829051335652,1.624579668045044
within_genus_species:Enterobacter,69,substitution_1pct_N_3pct,mlp_csp,cspaced_property_l2,606,2383,9,1.2235506772994995,1.6251274347305298
within_genus_species:Enterobacter,69,substitution_1pct_N_3pct,mlp_csp,cspaced_property_l2,606,2383,10,1.1805763244628906,1.6257765293121338
within_genus_species:Enterobacter,69,substitution_1pct_N_3pct,mlp_hybrid,hybrid_ckmer5_csp,606,2386,1,1.658061981201172,1.6776819229125977
within_genus_species:Enterobacter,69,substitution_1pct_N_3pct,mlp_hybrid,hybrid_ckmer5_csp,606,2386,2,1.278273979822795,1.6700403690338137
within_genus_species:Enterobacter,69,substitution_1pct_N_3pct,mlp_hybrid,hybrid_ckmer5_csp,606,2386,3,1.0225025812784831,1.6678904294967651
within_genus_species:Enterobacter,69,substitution_1pct_N_3pct,mlp_hybrid,hybrid_ckmer5_csp,606,2386,4,0.8247426549593607,1.6688603162765503
within_genus_species:Enterobacter,69,substitution_1pct_N_3pct,mlp_hybrid,hybrid_ckmer5_csp,606,2386,5,0.6584600607554117,1.6724382638931274
within_genus_species:Enterobacter,69,substitution_1pct_N_3pct,mlp_hybrid,hybrid_ckmer5_csp,606,2386,6,0.5208332538604736,1.680720567703247
within_genus_species:Enterobacter,69,substitution_1pct_N_3pct,mlp_hybrid,hybrid_ckmer5_csp,606,2386,7,0.4097534318765004,1.6915576457977295
within_genus_species:Enterobacter,69,substitution_1pct_N_3pct,mlp_hybrid,hybrid_ckmer5_csp,606,2386,8,0.3167049487431844,1.7072677612304688
within_genus_species:Enterobacter,69,substitution_1pct_N_3pct,cnn_onehot,onehot,606,2386,1,1.616061011950175,1.6111146211624146
within_genus_species:Enterobacter,69,substitution_1pct_N_3pct,cnn_onehot,onehot,606,2386,2,1.6068243980407717,1.6106549501419067
within_genus_species:Enterobacter,69,substitution_1pct_N_3pct,cnn_onehot,onehot,606,2386,3,1.6004610459009807,1.6112335920333862
within_genus_species:Enterobacter,69,substitution_1pct_N_3pct,cnn_onehot,onehot,606,2386,4,1.5957516034444172,1.6112525463104248
within_genus_species:Enterobacter,69,substitution_1pct_N_3pct,cnn_onehot,onehot,606,2386,5,1.590684413909912,1.611283302307129
within_genus_species:Enterobacter,69,substitution_1pct_N_3pct,cnn_onehot,onehot,606,2386,6,1.5861114263534546,1.6111199855804443
within_genus_species:Enterobacter,69,substitution_1pct_N_3pct,cnn_onehot,onehot,606,2386,7,1.5819731950759888,1.611134648323059
within_genus_species:Enterobacter,69,substitution_1pct_N_3pct,cnn_property,property,606,2388,1,1.6181553204854329,1.6145193576812744
within_genus_species:Enterobacter,69,substitution_1pct_N_3pct,cnn_property,property,606,2388,2,1.6091917753219604,1.6138954162597656
within_genus_species:Enterobacter,69,substitution_1pct_N_3pct,cnn_property,property,606,2388,3,1.6039085785547893,1.611723780632019
within_genus_species:Enterobacter,69,substitution_1pct_N_3pct,cnn_property,property,606,2388,4,1.5993718306223552,1.6108747720718384
within_genus_species:Enterobacter,69,substitution_1pct_N_3pct,cnn_property,property,606,2388,5,1.5959373712539673,1.6103808879852295
within_genus_species:Enterobacter,69,substitution_1pct_N_3pct,cnn_property,property,606,2388,6,1.591698447863261,1.610368013381958
within_genus_species:Enterobacter,69,substitution_1pct_N_3pct,cnn_property,property,606,2388,7,1.5884043375651042,1.6108369827270508
within_genus_species:Enterobacter,69,substitution_1pct_N_3pct,cnn_property,property,606,2388,8,1.5847800970077517,1.610976219177246
within_genus_species:Enterobacter,69,substitution_1pct_N_3pct,cnn_property,property,606,2388,9,1.5817075967788696,1.6111154556274414
within_genus_species:Enterobacter,69,substitution_1pct_N_3pct,cnn_property,property,606,2388,10,1.5784727732340496,1.6110948324203491
within_genus_species:Enterobacter,69,substitution_1pct_N_3pct,cnn_property,property,606,2388,11,1.5747844378153484,1.6113847494125366
within_genus_species:Enterobacter,69,substitution_1pct_N_3pct,tiny_transformer_onehot,onehot,606,2399,1,1.6323317289352417,1.6234067678451538
within_genus_species:Enterobacter,69,substitution_1pct_N_3pct,tiny_transformer_onehot,onehot,606,2399,2,1.6056508620580037,1.6184217929840088
within_genus_species:Enterobacter,69,substitution_1pct_N_3pct,tiny_transformer_onehot,onehot,606,2399,3,1.6154038906097412,1.62176775932312
within_genus_species:Enterobacter,69,substitution_1pct_N_3pct,tiny_transformer_onehot,onehot,606,2399,4,1.6130210558573406,1.624790072441101
within_genus_species:Enterobacter,69,substitution_1pct_N_3pct,tiny_transformer_onehot,onehot,606,2399,5,1.6060870091120405,1.623310685157776
within_genus_species:Enterobacter,69,substitution_1pct_N_3pct,tiny_transformer_onehot,onehot,606,2399,6,1.600695252418518,1.6236871480941772
within_genus_species:Enterobacter,69,substitution_1pct_N_3pct,tiny_transformer_onehot,onehot,606,2399,7,1.6006440718968709,1.6251405477523804
within_genus_species:Enterobacter,69,substitution_1pct_N_3pct,tiny_transformer_property,property,606,2401,1,1.6486183404922483,1.6155879497528076
within_genus_species:Enterobacter,69,substitution_1pct_N_3pct,tiny_transformer_property,property,606,2401,2,1.6258731683095295,1.6122077703475952
within_genus_species:Enterobacter,69,substitution_1pct_N_3pct,tiny_transformer_property,property,606,2401,3,1.6063313086827595,1.6121890544891355
within_genus_species:Enterobacter,69,substitution_1pct_N_3pct,tiny_transformer_property,property,606,2401,4,1.610458572705587,1.6140891313552856
within_genus_species:Enterobacter,69,substitution_1pct_N_3pct,tiny_transformer_property,property,606,2401,5,1.606759548187256,1.6135648488998413
within_genus_species:Enterobacter,69,substitution_1pct_N_3pct,tiny_transformer_property,property,606,2401,6,1.6062372128168745,1.6129579544067385
within_genus_species:Enterobacter,69,substitution_1pct_N_3pct,tiny_transformer_property,property,606,2401,7,1.6061293681462605,1.6107624769210815
within_genus_species:Enterobacter,69,substitution_1pct_N_3pct,tiny_transformer_property,property,606,2401,8,1.6020234028498332,1.6107362508773804
within_genus_species:Enterobacter,69,substitution_1pct_N_3pct,tiny_transformer_property,property,606,2401,9,1.599619468053182,1.6101213693618774
within_genus_species:Enterobacter,69,substitution_1pct_N_3pct,tiny_transformer_property,property,606,2401,10,1.6008179982503254,1.6102468967437744
within_genus_species:Enterobacter,69,substitution_1pct_N_3pct,tiny_transformer_property,property,606,2401,11,1.5999915599822998,1.6095117330551147
within_genus_species:Enterobacter,69,substitution_1pct_N_3pct,tiny_transformer_property,property,606,2401,12,1.5987680753072102,1.6080896854400637
within_genus_species:Enterobacter,69,substitution_1pct_N_3pct,tiny_transformer_property,property,606,2401,13,1.5993767976760864,1.607843279838562
within_genus_species:Enterobacter,69,substitution_1pct_N_3pct,tiny_transformer_property,property,606,2401,14,1.597667932510376,1.6079210042953491
within_genus_species:Enterobacter,69,substitution_1pct_N_3pct,tiny_transformer_property,property,606,2401,15,1.595403830210368,1.6074202060699463
within_genus_species:Enterobacter,69,substitution_1pct_N_3pct,tiny_transformer_property,property,606,2401,16,1.5942519903182983,1.607815504074097
within_genus_species:Enterobacter,69,substitution_1pct_N_3pct,tiny_transformer_property,property,606,2401,17,1.5940971771876018,1.6071780920028689
within_genus_species:Enterobacter,69,substitution_1pct_N_3pct,tiny_transformer_property,property,606,2401,18,1.5933804114659629,1.6076676845550537
within_genus_species:Enterobacter,69,substitution_1pct_N_3pct,tiny_transformer_property,property,606,2401,19,1.593660791714986,1.6075502634048462
within_genus_species:Enterobacter,69,substitution_1pct_N_3pct,tiny_transformer_property,property,606,2401,20,1.5930989980697632,1.606897234916687
within_genus_species:Enterobacter,69,substitution_1pct_N_3pct,tiny_transformer_property,property,606,2401,21,1.5940268437067668,1.606898069381714
within_genus_species:Enterobacter,69,substitution_1pct_N_3pct,tiny_transformer_property,property,606,2401,22,1.5891603231430054,1.605625033378601
within_genus_species:Enterobacter,69,substitution_1pct_N_3pct,tiny_transformer_property,property,606,2401,23,1.5882116158803303,1.6053065061569214
within_genus_species:Enterobacter,69,substitution_1pct_N_3pct,tiny_transformer_property,property,606,2401,24,1.5927119255065918,1.6052944660186768
target_background,75,clean,mlp_ckmer5,ckmer5_count_l2,606,2147,1,0.7106760740280151,0.7569603323936462
target_background,75,clean,mlp_ckmer5,ckmer5_count_l2,606,2147,2,0.4659221768379211,0.7796577215194702
target_background,75,clean,mlp_ckmer5,ckmer5_count_l2,606,2147,3,0.3723837832609812,0.8142622113227844
target_background,75,clean,mlp_ckmer5,ckmer5_count_l2,606,2147,4,0.2527913724382718,0.8626003265380859
target_background,75,clean,mlp_ckmer5,ckmer5_count_l2,606,2147,5,0.1880758429567019,0.9198935627937316
target_background,75,clean,mlp_ckmer5,ckmer5_count_l2,606,2147,6,0.1305879441400369,0.9819031953811646
target_background,75,clean,mlp_csp,cspaced_property_l2,606,2144,1,0.7093143463134766,0.6764814257621765
target_background,75,clean,mlp_csp,cspaced_property_l2,606,2144,2,0.6495314538478851,0.6581507325172424
target_background,75,clean,mlp_csp,cspaced_property_l2,606,2144,3,0.6286640763282776,0.6469554305076599
target_background,75,clean,mlp_csp,cspaced_property_l2,606,2144,4,0.6065069735050201,0.6376368403434753
target_background,75,clean,mlp_csp,cspaced_property_l2,606,2144,5,0.5888493756453196,0.6330757737159729
target_background,75,clean,mlp_csp,cspaced_property_l2,606,2144,6,0.5469393332799276,0.6301855444908142
target_background,75,clean,mlp_csp,cspaced_property_l2,606,2144,7,0.521411250034968,0.6275643706321716
target_background,75,clean,mlp_csp,cspaced_property_l2,606,2144,8,0.4891127049922943,0.6252508759498596
target_background,75,clean,mlp_csp,cspaced_property_l2,606,2144,9,0.4660654366016388,0.6227632761001587
target_background,75,clean,mlp_csp,cspaced_property_l2,606,2144,10,0.4551557699839274,0.6231194734573364
target_background,75,clean,mlp_csp,cspaced_property_l2,606,2144,11,0.41847658654054,0.6257199645042419
target_background,75,clean,mlp_csp,cspaced_property_l2,606,2144,12,0.3874018440643946,0.6325938105583191
target_background,75,clean,mlp_csp,cspaced_property_l2,606,2144,13,0.3583385894695918,0.639912486076355
target_background,75,clean,mlp_csp,cspaced_property_l2,606,2144,14,0.3433986256519953,0.6474580764770508
target_background,75,clean,mlp_hybrid,hybrid_ckmer5_csp,606,2147,1,0.6981184383233389,0.7076128721237183
target_background,75,clean,mlp_hybrid,hybrid_ckmer5_csp,606,2147,2,0.4252550552288691,0.7242485880851746
target_background,75,clean,mlp_hybrid,hybrid_ckmer5_csp,606,2147,3,0.3195098638534546,0.7530261874198914
target_background,75,clean,mlp_hybrid,hybrid_ckmer5_csp,606,2147,4,0.2043761610984802,0.7928062081336975
target_background,75,clean,mlp_hybrid,hybrid_ckmer5_csp,606,2147,5,0.1468857079744339,0.8436294198036194
target_background,75,clean,mlp_hybrid,hybrid_ckmer5_csp,606,2147,6,0.0947785185029109,0.899888813495636
target_background,75,clean,cnn_onehot,onehot,606,2147,1,0.7030058602492014,0.6940924525260925
target_background,75,clean,cnn_onehot,onehot,606,2147,2,0.6895451446374258,0.6927661299705505
target_background,75,clean,cnn_onehot,onehot,606,2147,3,0.6864097317059835,0.6928991675376892
target_background,75,clean,cnn_onehot,onehot,606,2147,4,0.6861738661924998,0.6933624148368835
target_background,75,clean,cnn_onehot,onehot,606,2147,5,0.6856985092163086,0.6930355429649353
target_background,75,clean,cnn_onehot,onehot,606,2147,6,0.6824832856655121,0.692275881767273
target_background,75,clean,cnn_onehot,onehot,606,2147,7,0.6818643609682719,0.6915345788002014
target_background,75,clean,cnn_onehot,onehot,606,2147,8,0.6794949571291605,0.6910091638565063
target_background,75,clean,cnn_onehot,onehot,606,2147,9,0.6783493558565775,0.6902247071266174
target_background,75,clean,cnn_onehot,onehot,606,2147,10,0.6753988762696584,0.6895986795425415
target_background,75,clean,cnn_onehot,onehot,606,2147,11,0.6718554298082987,0.6890357136726379
target_background,75,clean,cnn_onehot,onehot,606,2147,12,0.6705813109874725,0.688235342502594
target_background,75,clean,cnn_onehot,onehot,606,2147,13,0.6644399265448252,0.6876832842826843
target_background,75,clean,cnn_onehot,onehot,606,2147,14,0.661216268936793,0.6868491768836975
target_background,75,clean,cnn_onehot,onehot,606,2147,15,0.6574086546897888,0.6860054135322571
target_background,75,clean,cnn_onehot,onehot,606,2147,16,0.6582859754562378,0.6881069540977478
target_background,75,clean,cnn_onehot,onehot,606,2147,17,0.6538181205590566,0.6848477721214294
target_background,75,clean,cnn_onehot,onehot,606,2147,18,0.642941931883494,0.684265673160553
target_background,75,clean,cnn_onehot,onehot,606,2147,19,0.6407544314861298,0.6862791776657104
target_background,75,clean,cnn_onehot,onehot,606,2147,20,0.6401294271151224,0.6841910481452942
target_background,75,clean,cnn_onehot,onehot,606,2147,21,0.627146303653717,0.6844063997268677
target_background,75,clean,cnn_onehot,onehot,606,2147,22,0.6289328833421072,0.6831949353218079
target_background,75,clean,cnn_onehot,onehot,606,2147,23,0.6138862768809,0.6817655563354492
target_background,75,clean,cnn_onehot,onehot,606,2147,24,0.6072146892547607,0.6811643242835999
target_background,75,clean,cnn_property,property,606,2149,1,0.7013380726178488,0.6959599852561951
target_background,75,clean,cnn_property,property,606,2149,2,0.701230784257253,0.6957310438156128
target_background,75,clean,cnn_property,property,606,2149,3,0.6879662970701853,0.6933345794677734
target_background,75,clean,cnn_property,property,606,2149,4,0.6866661608219147,0.6941141486167908
target_background,75,clean,cnn_property,property,606,2149,5,0.6822247008482615,0.695013701915741
target_background,75,clean,cnn_property,property,606,2149,6,0.6925667921702067,0.6970706582069397
target_background,75,clean,cnn_property,property,606,2149,7,0.6833659211794535,0.6938762664794922
target_background,75,clean,cnn_property,property,606,2149,8,0.6795666515827179,0.6938355565071106
target_background,75,clean,tiny_transformer_onehot,onehot,606,2160,1,0.6935349106788635,0.6943253874778748
target_background,75,clean,tiny_transformer_onehot,onehot,606,2160,2,0.7073690593242645,0.6936777830123901
target_background,75,clean,tiny_transformer_onehot,onehot,606,2160,3,0.6867522199948629,0.6954243779182434
target_background,75,clean,tiny_transformer_onehot,onehot,606,2160,4,0.6830500562985738,0.6930244565010071
target_background,75,clean,tiny_transformer_onehot,onehot,606,2160,5,0.6733513176441193,0.6926606893539429
target_background,75,clean,tiny_transformer_onehot,onehot,606,2160,6,0.6774362921714783,0.693766176700592
target_background,75,clean,tiny_transformer_onehot,onehot,606,2160,7,0.672309676806132,0.6939243078231812
target_background,75,clean,tiny_transformer_onehot,onehot,606,2160,8,0.6725291113058726,0.6943706274032593
target_background,75,clean,tiny_transformer_onehot,onehot,606,2160,9,0.6843854685624441,0.6946498155593872
target_background,75,clean,tiny_transformer_onehot,onehot,606,2160,10,0.6901035209496816,0.6943251490592957
target_background,75,clean,tiny_transformer_property,property,606,2162,1,0.7044631540775299,0.7037099003791809
target_background,75,clean,tiny_transformer_property,property,606,2162,2,0.6807199120521545,0.682391345500946
target_background,75,clean,tiny_transformer_property,property,606,2162,3,0.6966724892457327,0.6792627573013306
target_background,75,clean,tiny_transformer_property,property,606,2162,4,0.6678089996178945,0.6700097918510437
target_background,75,clean,tiny_transformer_property,property,606,2162,5,0.6806071102619171,0.683503270149231
target_background,75,clean,tiny_transformer_property,property,606,2162,6,0.6786155005296072,0.6615199446678162
target_background,75,clean,tiny_transformer_property,property,606,2162,7,0.6651704013347626,0.6597124934196472
target_background,75,clean,tiny_transformer_property,property,606,2162,8,0.65919029712677,0.6579342484474182
target_background,75,clean,tiny_transformer_property,property,606,2162,9,0.6653748055299123,0.6657694578170776
target_background,75,clean,tiny_transformer_property,property,606,2162,10,0.6635853350162506,0.6515664458274841
target_background,75,clean,tiny_transformer_property,property,606,2162,11,0.6640103360017141,0.6511627435684204
target_background,75,clean,tiny_transformer_property,property,606,2162,12,0.6792748471101125,0.6487864851951599
target_background,75,clean,tiny_transformer_property,property,606,2162,13,0.6606542567412058,0.6778696775436401
target_background,75,clean,tiny_transformer_property,property,606,2162,14,0.668088694413503,0.64781254529953
target_background,75,clean,tiny_transformer_property,property,606,2162,15,0.6771792769432068,0.6476503610610962
target_background,75,clean,tiny_transformer_property,property,606,2162,16,0.642746572693189,0.6452170014381409
target_background,75,clean,tiny_transformer_property,property,606,2162,17,0.6473658581574758,0.6430495977401733
target_background,75,clean,tiny_transformer_property,property,606,2162,18,0.6566840509573618,0.6412753462791443
target_background,75,clean,tiny_transformer_property,property,606,2162,19,0.6776778300603231,0.6404519081115723
target_background,75,clean,tiny_transformer_property,property,606,2162,20,0.6627675294876099,0.6694218516349792
target_background,75,clean,tiny_transformer_property,property,606,2162,21,0.6834496458371481,0.6473837494850159
target_background,75,clean,tiny_transformer_property,property,606,2162,22,0.6773790021737417,0.6510696411132812
target_background,75,clean,tiny_transformer_property,property,606,2162,23,0.6910459697246552,0.6418813467025757
target_background,75,clean,tiny_transformer_property,property,606,2162,24,0.6636844078699747,0.6452263593673706
global_species,75,clean,mlp_ckmer5,ckmer5_count_l2,606,2108,1,3.0466949542363486,2.947006702423096
global_species,75,clean,mlp_ckmer5,ckmer5_count_l2,606,2108,2,2.5927467346191406,2.84091854095459
global_species,75,clean,mlp_ckmer5,ckmer5_count_l2,606,2108,3,2.2272397875785828,2.733728170394897
global_species,75,clean,mlp_ckmer5,ckmer5_count_l2,606,2108,4,1.8632344802220664,2.643194437026977
global_species,75,clean,mlp_ckmer5,ckmer5_count_l2,606,2108,5,1.508098840713501,2.5778796672821045
global_species,75,clean,mlp_ckmer5,ckmer5_count_l2,606,2108,6,1.1735409647226334,2.546216011047364
global_species,75,clean,mlp_ckmer5,ckmer5_count_l2,606,2108,7,0.8786835124095281,2.5391721725463867
global_species,75,clean,mlp_ckmer5,ckmer5_count_l2,606,2108,8,0.6320370535055796,2.5492520332336426
global_species,75,clean,mlp_ckmer5,ckmer5_count_l2,606,2108,9,0.4501411045591036,2.5705695152282715
global_species,75,clean,mlp_ckmer5,ckmer5_count_l2,606,2108,10,0.3198439876238505,2.601015090942383
global_species,75,clean,mlp_ckmer5,ckmer5_count_l2,606,2108,11,0.2323701145748297,2.6313164234161377
global_species,75,clean,mlp_ckmer5,ckmer5_count_l2,606,2108,12,0.1731309170524279,2.665088176727295
global_species,75,clean,mlp_csp,cspaced_property_l2,606,2105,1,3.077505608399709,3.046856641769409
global_species,75,clean,mlp_csp,cspaced_property_l2,606,2105,2,2.95784984032313,3.005582094192505
global_species,75,clean,mlp_csp,cspaced_property_l2,606,2105,3,2.8547830979029336,2.9648616313934326
global_species,75,clean,mlp_csp,cspaced_property_l2,606,2105,4,2.750751475493113,2.918120861053467
global_species,75,clean,mlp_csp,cspaced_property_l2,606,2105,5,2.647452414035797,2.86504340171814
global_species,75,clean,mlp_csp,cspaced_property_l2,606,2105,6,2.536285877227783,2.8201375007629395
global_species,75,clean,mlp_csp,cspaced_property_l2,606,2105,7,2.4377346634864807,2.783908128738404
global_species,75,clean,mlp_csp,cspaced_property_l2,606,2105,8,2.347448905309041,2.7598094940185547
global_species,75,clean,mlp_csp,cspaced_property_l2,606,2105,9,2.2651293675104776,2.7446634769439697
global_species,75,clean,mlp_csp,cspaced_property_l2,606,2105,10,2.1865996519724527,2.731008291244507
global_species,75,clean,mlp_csp,cspaced_property_l2,606,2105,11,2.1096383134524026,2.7249503135681152
global_species,75,clean,mlp_csp,cspaced_property_l2,606,2105,12,2.0351406137148538,2.721184492111206
global_species,75,clean,mlp_csp,cspaced_property_l2,606,2105,13,1.9602719843387604,2.7214560508728027
global_species,75,clean,mlp_csp,cspaced_property_l2,606,2105,14,1.886019537846248,2.72456693649292
global_species,75,clean,mlp_csp,cspaced_property_l2,606,2105,15,1.813637087742488,2.7257063388824463
global_species,75,clean,mlp_csp,cspaced_property_l2,606,2105,16,1.7406049966812134,2.7397680282592773
global_species,75,clean,mlp_csp,cspaced_property_l2,606,2105,17,1.6684045791625977,2.7499985694885254
global_species,75,clean,mlp_hybrid,hybrid_ckmer5_csp,606,2108,1,2.977200130621592,2.8618505001068115
global_species,75,clean,mlp_hybrid,hybrid_ckmer5_csp,606,2108,2,2.383946081002553,2.714539051055908
global_species,75,clean,mlp_hybrid,hybrid_ckmer5_csp,606,2108,3,1.9364071885744727,2.628112316131592
global_species,75,clean,mlp_hybrid,hybrid_ckmer5_csp,606,2108,4,1.5377501050631206,2.5729775428771973
global_species,75,clean,mlp_hybrid,hybrid_ckmer5_csp,606,2108,5,1.1710930466651917,2.544886350631714
global_species,75,clean,mlp_hybrid,hybrid_ckmer5_csp,606,2108,6,0.8498573352893194,2.5448951721191406
global_species,75,clean,mlp_hybrid,hybrid_ckmer5_csp,606,2108,7,0.5974021703004837,2.5652456283569336
global_species,75,clean,mlp_hybrid,hybrid_ckmer5_csp,606,2108,8,0.4076363767186801,2.592719554901123
global_species,75,clean,mlp_hybrid,hybrid_ckmer5_csp,606,2108,9,0.2838269708057244,2.6271445751190186
global_species,75,clean,mlp_hybrid,hybrid_ckmer5_csp,606,2108,10,0.200599572310845,2.663105726242065
global_species,75,clean,cnn_onehot,onehot,606,2108,1,3.053802609443665,3.046025037765503
global_species,75,clean,cnn_onehot,onehot,606,2108,2,3.0410619179407754,3.0416948795318604
global_species,75,clean,cnn_onehot,onehot,606,2108,3,3.03320042292277,3.03803825378418
global_species,75,clean,cnn_onehot,onehot,606,2108,4,3.0258578658103943,3.0333492755889893
global_species,75,clean,cnn_onehot,onehot,606,2108,5,3.017718970775604,3.0270204544067383
global_species,75,clean,cnn_onehot,onehot,606,2108,6,3.008218208948771,3.0185861587524414
global_species,75,clean,cnn_onehot,onehot,606,2108,7,2.996418913205465,3.00789737701416
global_species,75,clean,cnn_onehot,onehot,606,2108,8,2.981599807739258,2.991771459579468
global_species,75,clean,cnn_onehot,onehot,606,2108,9,2.9588623444239297,2.96960186958313
global_species,75,clean,cnn_onehot,onehot,606,2108,10,2.9291534423828125,2.9386208057403564
global_species,75,clean,cnn_onehot,onehot,606,2108,11,2.891463081041972,2.897573947906494
global_species,75,clean,cnn_onehot,onehot,606,2108,12,2.844633559385936,2.8441038131713867
global_species,75,clean,cnn_onehot,onehot,606,2108,13,2.784652054309845,2.79015851020813
global_species,75,clean,cnn_onehot,onehot,606,2108,14,2.7271084984143577,2.732027292251587
global_species,75,clean,cnn_onehot,onehot,606,2108,15,2.671621024608612,2.683322191238404
global_species,75,clean,cnn_onehot,onehot,606,2108,16,2.61808584133784,2.6430017948150635
global_species,75,clean,cnn_onehot,onehot,606,2108,17,2.5761717557907104,2.6088240146636963
global_species,75,clean,cnn_onehot,onehot,606,2108,18,2.539163072903951,2.5897057056427
global_species,75,clean,cnn_onehot,onehot,606,2108,19,2.5071710348129272,2.5688326358795166
global_species,75,clean,cnn_onehot,onehot,606,2108,20,2.482926686604818,2.556069850921631
global_species,75,clean,cnn_onehot,onehot,606,2108,21,2.450779378414154,2.542489051818848
global_species,75,clean,cnn_onehot,onehot,606,2108,22,2.4331802328427634,2.5338222980499268
global_species,75,clean,cnn_onehot,onehot,606,2108,23,2.409726142883301,2.526142835617065
global_species,75,clean,cnn_onehot,onehot,606,2108,24,2.386448880036672,2.52095365524292
global_species,75,clean,cnn_property,property,606,2110,1,3.053765873114268,3.05022931098938
global_species,75,clean,cnn_property,property,606,2110,2,3.04144420226415,3.045691967010498
global_species,75,clean,cnn_property,property,606,2110,3,3.0337787667910256,3.041539669036865
global_species,75,clean,cnn_property,property,606,2110,4,3.028597374757131,3.0377416610717773
global_species,75,clean,cnn_property,property,606,2110,5,3.0210804541905723,3.033273458480835
global_species,75,clean,cnn_property,property,606,2110,6,3.0117217699686685,3.025759220123291
global_species,75,clean,cnn_property,property,606,2110,7,3.0028523405392966,3.01773738861084
global_species,75,clean,cnn_property,property,606,2110,8,2.992504715919494,3.00577712059021
global_species,75,clean,cnn_property,property,606,2110,9,2.978368798891703,2.991344928741455
global_species,75,clean,cnn_property,property,606,2110,10,2.954529047012329,2.971622943878174
global_species,75,clean,cnn_property,property,606,2110,11,2.9267294804255166,2.9458632469177246
global_species,75,clean,cnn_property,property,606,2110,12,2.887733260790507,2.9120588302612305
global_species,75,clean,cnn_property,property,606,2110,13,2.848374525705973,2.879495859146118
global_species,75,clean,cnn_property,property,606,2110,14,2.8045514822006226,2.8412039279937744
global_species,75,clean,cnn_property,property,606,2110,15,2.7517287135124207,2.7998170852661133
global_species,75,clean,cnn_property,property,606,2110,16,2.7045886516571045,2.7753899097442627
global_species,75,clean,cnn_property,property,606,2110,17,2.6597777207692466,2.7256336212158203
global_species,75,clean,cnn_property,property,606,2110,18,2.6234111189842224,2.704931259155273
global_species,75,clean,cnn_property,property,606,2110,19,2.578578174114228,2.678102731704712
global_species,75,clean,cnn_property,property,606,2110,20,2.544090211391449,2.658196449279785
global_species,75,clean,cnn_property,property,606,2110,21,2.5183292627334595,2.6495182514190674
global_species,75,clean,cnn_property,property,606,2110,22,2.499707480271657,2.654315948486328
global_species,75,clean,cnn_property,property,606,2110,23,2.4817681511243186,2.620497941970825
global_species,75,clean,cnn_property,property,606,2110,24,2.470310151576996,2.624098300933838
global_species,75,clean,tiny_transformer_onehot,onehot,606,2121,1,3.1172823309898376,3.069228172302246
global_species,75,clean,tiny_transformer_onehot,onehot,606,2121,2,3.0516644716262817,3.0222787857055664
global_species,75,clean,tiny_transformer_onehot,onehot,606,2121,3,3.0132745703061423,2.9910802841186523
global_species,75,clean,tiny_transformer_onehot,onehot,606,2121,4,2.9767948190371194,2.95424222946167
global_species,75,clean,tiny_transformer_onehot,onehot,606,2121,5,2.9363579750061035,2.906523942947388
global_species,75,clean,tiny_transformer_onehot,onehot,606,2121,6,2.8804096579551697,2.847557306289673
global_species,75,clean,tiny_transformer_onehot,onehot,606,2121,7,2.819518188635508,2.779517412185669
global_species,75,clean,tiny_transformer_onehot,onehot,606,2121,8,2.7496548295021057,2.7142233848571777
global_species,75,clean,tiny_transformer_onehot,onehot,606,2121,9,2.688002268473307,2.6632635593414307
global_species,75,clean,tiny_transformer_onehot,onehot,606,2121,10,2.6465710401535034,2.6387906074523926
global_species,75,clean,tiny_transformer_onehot,onehot,606,2121,11,2.635679920514425,2.6269917488098145
global_species,75,clean,tiny_transformer_onehot,onehot,606,2121,12,2.6041022539138794,2.5939106941223145
global_species,75,clean,tiny_transformer_onehot,onehot,606,2121,13,2.594981034596761,2.5848350524902344
global_species,75,clean,tiny_transformer_onehot,onehot,606,2121,14,2.587511420249939,2.5728073120117188
global_species,75,clean,tiny_transformer_onehot,onehot,606,2121,15,2.563632428646088,2.57034969329834
global_species,75,clean,tiny_transformer_onehot,onehot,606,2121,16,2.557889779408773,2.558192491531372
global_species,75,clean,tiny_transformer_onehot,onehot,606,2121,17,2.554258982340494,2.5533523559570312
global_species,75,clean,tiny_transformer_onehot,onehot,606,2121,18,2.5529887874921164,2.565443277359009
global_species,75,clean,tiny_transformer_onehot,onehot,606,2121,19,2.529610017935435,2.546018362045288
global_species,75,clean,tiny_transformer_onehot,onehot,606,2121,20,2.5332236886024475,2.545736789703369
global_species,75,clean,tiny_transformer_onehot,onehot,606,2121,21,2.5234528382619223,2.5380237102508545
global_species,75,clean,tiny_transformer_onehot,onehot,606,2121,22,2.533413807551066,2.535336494445801
global_species,75,clean,tiny_transformer_onehot,onehot,606,2121,23,2.517554024855296,2.531080961227417
global_species,75,clean,tiny_transformer_onehot,onehot,606,2121,24,2.5101919770240784,2.5501904487609863
global_species,75,clean,tiny_transformer_property,property,606,2123,1,3.1518399119377136,3.0719001293182373
global_species,75,clean,tiny_transformer_property,property,606,2123,2,3.05924262603124,3.036895036697388
global_species,75,clean,tiny_transformer_property,property,606,2123,3,3.040706952412924,3.0224430561065674
global_species,75,clean,tiny_transformer_property,property,606,2123,4,3.029579818248749,3.016061782836914
global_species,75,clean,tiny_transformer_property,property,606,2123,5,3.020557979742686,3.0002365112304688
global_species,75,clean,tiny_transformer_property,property,606,2123,6,3.0023275216420493,2.9813311100006104
global_species,75,clean,tiny_transformer_property,property,606,2123,7,2.9824024637540183,2.95413589477539
global_species,75,clean,tiny_transformer_property,property,606,2123,8,2.943692624568939,2.912630081176758
global_species,75,clean,tiny_transformer_property,property,606,2123,9,2.8912532329559326,2.852018356323242
global_species,75,clean,tiny_transformer_property,property,606,2123,10,2.828084707260132,2.781510591506958
global_species,75,clean,tiny_transformer_property,property,606,2123,11,2.7496132850646973,2.719690561294556
global_species,75,clean,tiny_transformer_property,property,606,2123,12,2.6893123984336853,2.6755592823028564
global_species,75,clean,tiny_transformer_property,property,606,2123,13,2.641710042953491,2.6346302032470703
global_species,75,clean,tiny_transformer_property,property,606,2123,14,2.601174116134644,2.6219215393066406
global_species,75,clean,tiny_transformer_property,property,606,2123,15,2.588946580886841,2.6082241535186768
global_species,75,clean,tiny_transformer_property,property,606,2123,16,2.555505295594533,2.60354232788086
global_species,75,clean,tiny_transformer_property,property,606,2123,17,2.546049396197001,2.587817668914795
global_species,75,clean,tiny_transformer_property,property,606,2123,18,2.527494887510936,2.5836825370788574
global_species,75,clean,tiny_transformer_property,property,606,2123,19,2.5154061516126,2.5816850662231445
global_species,75,clean,tiny_transformer_property,property,606,2123,20,2.5089741547902427,2.5732195377349854
global_species,75,clean,tiny_transformer_property,property,606,2123,21,2.505480726559957,2.572782278060913
global_species,75,clean,tiny_transformer_property,property,606,2123,22,2.507395545641581,2.658018112182617
global_species,75,clean,tiny_transformer_property,property,606,2123,23,2.4888548254966736,2.562392473220825
global_species,75,clean,tiny_transformer_property,property,606,2123,24,2.4835224747657776,2.5709595680236816
within_genus_species:Enterobacter,75,clean,mlp_ckmer5,ckmer5_count_l2,606,2355,1,1.661048372586568,1.59235680103302
within_genus_species:Enterobacter,75,clean,mlp_ckmer5,ckmer5_count_l2,606,2355,2,1.349867820739746,1.587186574935913
within_genus_species:Enterobacter,75,clean,mlp_ckmer5,ckmer5_count_l2,606,2355,3,1.1280020872751872,1.5858405828475952
within_genus_species:Enterobacter,75,clean,mlp_ckmer5,ckmer5_count_l2,606,2355,4,0.9491770466168722,1.5884963274002075
within_genus_species:Enterobacter,75,clean,mlp_ckmer5,ckmer5_count_l2,606,2355,5,0.7881467938423157,1.5941962003707886
within_genus_species:Enterobacter,75,clean,mlp_ckmer5,ckmer5_count_l2,606,2355,6,0.6525758107503256,1.601534366607666
within_genus_species:Enterobacter,75,clean,mlp_ckmer5,ckmer5_count_l2,606,2355,7,0.5354525446891785,1.6121760606765747
within_genus_species:Enterobacter,75,clean,mlp_ckmer5,ckmer5_count_l2,606,2355,8,0.4318465491135915,1.6251693964004517
within_genus_species:Enterobacter,75,clean,mlp_csp,cspaced_property_l2,606,2352,1,1.6356734434763591,1.6254799365997314
within_genus_species:Enterobacter,75,clean,mlp_csp,cspaced_property_l2,606,2352,2,1.5696324110031128,1.6200997829437256
within_genus_species:Enterobacter,75,clean,mlp_csp,cspaced_property_l2,606,2352,3,1.5241555372873945,1.6154457330703735
within_genus_species:Enterobacter,75,clean,mlp_csp,cspaced_property_l2,606,2352,4,1.474734862645467,1.6118770837783811
within_genus_species:Enterobacter,75,clean,mlp_csp,cspaced_property_l2,606,2352,5,1.4366482893625896,1.6085608005523682
within_genus_species:Enterobacter,75,clean,mlp_csp,cspaced_property_l2,606,2352,6,1.3939631779988606,1.6056290864944458
within_genus_species:Enterobacter,75,clean,mlp_csp,cspaced_property_l2,606,2352,7,1.356850783030192,1.6040133237838743
within_genus_species:Enterobacter,75,clean,mlp_csp,cspaced_property_l2,606,2352,8,1.3177441358566284,1.6027742624282837
within_genus_species:Enterobacter,75,clean,mlp_csp,cspaced_property_l2,606,2352,9,1.2825313409169514,1.601896047592163
within_genus_species:Enterobacter,75,clean,mlp_csp,cspaced_property_l2,606,2352,10,1.2475150028864543,1.602094054222107
within_genus_species:Enterobacter,75,clean,mlp_csp,cspaced_property_l2,606,2352,11,1.2054562171300252,1.6020267009735107
within_genus_species:Enterobacter,75,clean,mlp_csp,cspaced_property_l2,606,2352,12,1.1725029548009236,1.6019269227981567
within_genus_species:Enterobacter,75,clean,mlp_csp,cspaced_property_l2,606,2352,13,1.134965419769287,1.602691650390625
within_genus_species:Enterobacter,75,clean,mlp_csp,cspaced_property_l2,606,2352,14,1.1011494795481365,1.602853298187256
within_genus_species:Enterobacter,75,clean,mlp_hybrid,hybrid_ckmer5_csp,606,2355,1,1.5947380065917969,1.631985068321228
within_genus_species:Enterobacter,75,clean,mlp_hybrid,hybrid_ckmer5_csp,606,2355,2,1.2174487908681233,1.6249245405197144
within_genus_species:Enterobacter,75,clean,mlp_hybrid,hybrid_ckmer5_csp,606,2355,3,0.9586366415023804,1.6218971014022827
within_genus_species:Enterobacter,75,clean,mlp_hybrid,hybrid_ckmer5_csp,606,2355,4,0.7605788310368856,1.6231168508529663
within_genus_species:Enterobacter,75,clean,mlp_hybrid,hybrid_ckmer5_csp,606,2355,5,0.5904419422149658,1.6288844347000122
within_genus_species:Enterobacter,75,clean,mlp_hybrid,hybrid_ckmer5_csp,606,2355,6,0.45377912123998,1.6364071369171145
within_genus_species:Enterobacter,75,clean,mlp_hybrid,hybrid_ckmer5_csp,606,2355,7,0.3437349001566569,1.648026466369629
within_genus_species:Enterobacter,75,clean,mlp_hybrid,hybrid_ckmer5_csp,606,2355,8,0.2548710306485494,1.664799451828003
within_genus_species:Enterobacter,75,clean,cnn_onehot,onehot,606,2355,1,1.6121317545572915,1.6097480058670044
within_genus_species:Enterobacter,75,clean,cnn_onehot,onehot,606,2355,2,1.6014082829157512,1.6094789505004885
within_genus_species:Enterobacter,75,clean,cnn_onehot,onehot,606,2355,3,1.5950437784194946,1.6095620393753052
within_genus_species:Enterobacter,75,clean,cnn_onehot,onehot,606,2355,4,1.5892821947733562,1.609338402748108
within_genus_species:Enterobacter,75,clean,cnn_onehot,onehot,606,2355,5,1.583856741587321,1.6097562313079834
within_genus_species:Enterobacter,75,clean,cnn_onehot,onehot,606,2355,6,1.579114516576131,1.6097562313079834
within_genus_species:Enterobacter,75,clean,cnn_onehot,onehot,606,2355,7,1.5754597187042236,1.609836459159851
within_genus_species:Enterobacter,75,clean,cnn_onehot,onehot,606,2355,8,1.5709097782770791,1.6102796792984009
within_genus_species:Enterobacter,75,clean,cnn_onehot,onehot,606,2355,9,1.567171295483907,1.6103758811950684
within_genus_species:Enterobacter,75,clean,cnn_property,property,606,2357,1,1.6258373657862346,1.6190803050994873
within_genus_species:Enterobacter,75,clean,cnn_property,property,606,2357,2,1.6146212418874104,1.6134226322174072
within_genus_species:Enterobacter,75,clean,cnn_property,property,606,2357,3,1.6076524655024211,1.6113317012786863
within_genus_species:Enterobacter,75,clean,cnn_property,property,606,2357,4,1.604515592257182,1.6107981204986572
within_genus_species:Enterobacter,75,clean,cnn_property,property,606,2357,5,1.601880391438802,1.6103143692016602
within_genus_species:Enterobacter,75,clean,cnn_property,property,606,2357,6,1.5990170240402222,1.6103651523590088
within_genus_species:Enterobacter,75,clean,cnn_property,property,606,2357,7,1.597160816192627,1.6103482246398926
within_genus_species:Enterobacter,75,clean,cnn_property,property,606,2357,8,1.5949310064315796,1.6103249788284302
within_genus_species:Enterobacter,75,clean,cnn_property,property,606,2357,9,1.592328667640686,1.6102734804153442
within_genus_species:Enterobacter,75,clean,cnn_property,property,606,2357,10,1.590778390566508,1.6100132465362549
within_genus_species:Enterobacter,75,clean,cnn_property,property,606,2357,11,1.588203191757202,1.6098642349243164
within_genus_species:Enterobacter,75,clean,cnn_property,property,606,2357,12,1.5865285793940227,1.609883189201355
within_genus_species:Enterobacter,75,clean,cnn_property,property,606,2357,13,1.584040880203247,1.6096898317337036
within_genus_species:Enterobacter,75,clean,cnn_property,property,606,2357,14,1.5815734068552654,1.6087840795516968
within_genus_species:Enterobacter,75,clean,cnn_property,property,606,2357,15,1.578741153081258,1.6085261106491089
within_genus_species:Enterobacter,75,clean,cnn_property,property,606,2357,16,1.5768457651138306,1.6081818342208862
within_genus_species:Enterobacter,75,clean,cnn_property,property,606,2357,17,1.5752400954564412,1.6080702543258667
within_genus_species:Enterobacter,75,clean,cnn_property,property,606,2357,18,1.5719023148218791,1.6080609560012815
within_genus_species:Enterobacter,75,clean,cnn_property,property,606,2357,19,1.5692561467488606,1.607777118682861
within_genus_species:Enterobacter,75,clean,cnn_property,property,606,2357,20,1.566624363263448,1.6073954105377195
within_genus_species:Enterobacter,75,clean,cnn_property,property,606,2357,21,1.564753572146098,1.60744309425354
within_genus_species:Enterobacter,75,clean,cnn_property,property,606,2357,22,1.5612380504608154,1.6068055629730225
within_genus_species:Enterobacter,75,clean,cnn_property,property,606,2357,23,1.557221531867981,1.6067380905151367
within_genus_species:Enterobacter,75,clean,cnn_property,property,606,2357,24,1.5547749201456706,1.606612205505371
within_genus_species:Enterobacter,75,clean,tiny_transformer_onehot,onehot,606,2368,1,1.8139804601669312,1.697123646736145
within_genus_species:Enterobacter,75,clean,tiny_transformer_onehot,onehot,606,2368,2,1.6914881070454917,1.6398022174835205
within_genus_species:Enterobacter,75,clean,tiny_transformer_onehot,onehot,606,2368,3,1.649761438369751,1.6269121170043943
within_genus_species:Enterobacter,75,clean,tiny_transformer_onehot,onehot,606,2368,4,1.6303512652715046,1.6239477396011353
within_genus_species:Enterobacter,75,clean,tiny_transformer_onehot,onehot,606,2368,5,1.6304423014322915,1.624914288520813
within_genus_species:Enterobacter,75,clean,tiny_transformer_onehot,onehot,606,2368,6,1.6240335702896118,1.6232026815414429
within_genus_species:Enterobacter,75,clean,tiny_transformer_onehot,onehot,606,2368,7,1.6175220012664795,1.6187769174575806
within_genus_species:Enterobacter,75,clean,tiny_transformer_onehot,onehot,606,2368,8,1.6172469854354858,1.6148674488067627
within_genus_species:Enterobacter,75,clean,tiny_transformer_onehot,onehot,606,2368,9,1.614134669303894,1.6116909980773926
within_genus_species:Enterobacter,75,clean,tiny_transformer_onehot,onehot,606,2368,10,1.6154202620188396,1.6095911264419556
within_genus_species:Enterobacter,75,clean,tiny_transformer_onehot,onehot,606,2368,11,1.611387809117635,1.608104944229126
within_genus_species:Enterobacter,75,clean,tiny_transformer_onehot,onehot,606,2368,12,1.6105399131774902,1.6066899299621582
within_genus_species:Enterobacter,75,clean,tiny_transformer_onehot,onehot,606,2368,13,1.6136236190795898,1.607377052307129
within_genus_species:Enterobacter,75,clean,tiny_transformer_onehot,onehot,606,2368,14,1.608398159344991,1.607405424118042
within_genus_species:Enterobacter,75,clean,tiny_transformer_onehot,onehot,606,2368,15,1.609526554743449,1.6069412231445312
within_genus_species:Enterobacter,75,clean,tiny_transformer_onehot,onehot,606,2368,16,1.6078596115112305,1.6065664291381836
within_genus_species:Enterobacter,75,clean,tiny_transformer_onehot,onehot,606,2368,17,1.607096831003825,1.605707049369812
within_genus_species:Enterobacter,75,clean,tiny_transformer_onehot,onehot,606,2368,18,1.6053543885548909,1.6057121753692627
within_genus_species:Enterobacter,75,clean,tiny_transformer_onehot,onehot,606,2368,19,1.6074854532877605,1.605091571807861
within_genus_species:Enterobacter,75,clean,tiny_transformer_onehot,onehot,606,2368,20,1.6048052708307905,1.6056535243988037
within_genus_species:Enterobacter,75,clean,tiny_transformer_onehot,onehot,606,2368,21,1.6063255469004314,1.6067880392074585
within_genus_species:Enterobacter,75,clean,tiny_transformer_onehot,onehot,606,2368,22,1.6066135962804158,1.6088005304336548
within_genus_species:Enterobacter,75,clean,tiny_transformer_onehot,onehot,606,2368,23,1.602933645248413,1.6087051630020142
within_genus_species:Enterobacter,75,clean,tiny_transformer_onehot,onehot,606,2368,24,1.6032323837280271,1.6091817617416382
within_genus_species:Enterobacter,75,clean,tiny_transformer_property,property,606,2370,1,1.6236327489217122,1.6049363613128662
within_genus_species:Enterobacter,75,clean,tiny_transformer_property,property,606,2370,2,1.626499096552531,1.620087504386902
within_genus_species:Enterobacter,75,clean,tiny_transformer_property,property,606,2370,3,1.6127774715423584,1.6144083738327026
within_genus_species:Enterobacter,75,clean,tiny_transformer_property,property,606,2370,4,1.608496109644572,1.6104166507720947
within_genus_species:Enterobacter,75,clean,tiny_transformer_property,property,606,2370,5,1.6050433715184529,1.606874942779541
within_genus_species:Enterobacter,75,clean,tiny_transformer_property,property,606,2370,6,1.6050153573354085,1.6068445444107056
target_background,75,N_3pct,mlp_ckmer5,ckmer5_count_l2,606,2154,1,0.7051557997862498,0.6616953015327454
target_background,75,N_3pct,mlp_ckmer5,ckmer5_count_l2,606,2154,2,0.4944949746131897,0.655445396900177
target_background,75,N_3pct,mlp_ckmer5,ckmer5_count_l2,606,2154,3,0.3809297680854797,0.6645350456237793
target_background,75,N_3pct,mlp_ckmer5,ckmer5_count_l2,606,2154,4,0.2710830171902974,0.6763256192207336
target_background,75,N_3pct,mlp_ckmer5,ckmer5_count_l2,606,2154,5,0.2100858117143313,0.6953316330909729
target_background,75,N_3pct,mlp_ckmer5,ckmer5_count_l2,606,2154,6,0.1482681098083655,0.7254910469055176
target_background,75,N_3pct,mlp_ckmer5,ckmer5_count_l2,606,2154,7,0.1073221166928609,0.7585301995277405
target_background,75,N_3pct,mlp_csp,cspaced_property_l2,606,2151,1,0.7518275479475657,0.7087579369544983
target_background,75,N_3pct,mlp_csp,cspaced_property_l2,606,2151,2,0.6941587428251902,0.6953480839729309
target_background,75,N_3pct,mlp_csp,cspaced_property_l2,606,2151,3,0.6635258694489797,0.6840870976448059
target_background,75,N_3pct,mlp_csp,cspaced_property_l2,606,2151,4,0.6250398655732473,0.6771413683891296
target_background,75,N_3pct,mlp_csp,cspaced_property_l2,606,2151,5,0.5920084019502004,0.6729585528373718
target_background,75,N_3pct,mlp_csp,cspaced_property_l2,606,2151,6,0.5723953346411387,0.6688051819801331
target_background,75,N_3pct,mlp_csp,cspaced_property_l2,606,2151,7,0.5586470464865366,0.6611534357070923
target_background,75,N_3pct,mlp_csp,cspaced_property_l2,606,2151,8,0.5351189325253168,0.6564107537269592
target_background,75,N_3pct,mlp_csp,cspaced_property_l2,606,2151,9,0.4945419728755951,0.6529284715652466
target_background,75,N_3pct,mlp_csp,cspaced_property_l2,606,2151,10,0.4779161810874939,0.6505507826805115
target_background,75,N_3pct,mlp_csp,cspaced_property_l2,606,2151,11,0.4409568806489308,0.6534809470176697
target_background,75,N_3pct,mlp_csp,cspaced_property_l2,606,2151,12,0.4064106047153473,0.6570692658424377
target_background,75,N_3pct,mlp_csp,cspaced_property_l2,606,2151,13,0.3831240286429723,0.6624127626419067
target_background,75,N_3pct,mlp_csp,cspaced_property_l2,606,2151,14,0.3526237408320109,0.6710889935493469
target_background,75,N_3pct,mlp_csp,cspaced_property_l2,606,2151,15,0.3331219007571538,0.6824411153793335
target_background,75,N_3pct,mlp_hybrid,hybrid_ckmer5_csp,606,2154,1,0.6964828272660574,0.6845977902412415
target_background,75,N_3pct,mlp_hybrid,hybrid_ckmer5_csp,606,2154,2,0.4620874474445979,0.6665163040161133
target_background,75,N_3pct,mlp_hybrid,hybrid_ckmer5_csp,606,2154,3,0.3446498413880666,0.6680612564086914
target_background,75,N_3pct,mlp_hybrid,hybrid_ckmer5_csp,606,2154,4,0.2327810625235239,0.6750065684318542
target_background,75,N_3pct,mlp_hybrid,hybrid_ckmer5_csp,606,2154,5,0.1607877314090728,0.6938272714614868
target_background,75,N_3pct,mlp_hybrid,hybrid_ckmer5_csp,606,2154,6,0.1096588050325711,0.7235661149024963
target_background,75,N_3pct,mlp_hybrid,hybrid_ckmer5_csp,606,2154,7,0.0734449047595262,0.7574909925460815
target_background,75,N_3pct,cnn_onehot,onehot,606,2154,1,0.696375846862793,0.6915885806083679
target_background,75,N_3pct,cnn_onehot,onehot,606,2154,2,0.6892228821913401,0.6907745599746704
target_background,75,N_3pct,cnn_onehot,onehot,606,2154,3,0.6824722290039062,0.6905518174171448
target_background,75,N_3pct,cnn_onehot,onehot,606,2154,4,0.6819982628027598,0.6902931928634644
target_background,75,N_3pct,cnn_onehot,onehot,606,2154,5,0.6777409712473551,0.6899008750915527
target_background,75,N_3pct,cnn_onehot,onehot,606,2154,6,0.6767427921295166,0.6898661255836487
target_background,75,N_3pct,cnn_onehot,onehot,606,2154,7,0.6712051431337992,0.6895387768745422
target_background,75,N_3pct,cnn_onehot,onehot,606,2154,8,0.6696950793266296,0.6894950270652771
target_background,75,N_3pct,cnn_onehot,onehot,606,2154,9,0.6644943058490753,0.6895121335983276
target_background,75,N_3pct,cnn_onehot,onehot,606,2154,10,0.6644707123438517,0.6895806193351746
target_background,75,N_3pct,cnn_onehot,onehot,606,2154,11,0.6583885749181112,0.6895309686660767
target_background,75,N_3pct,cnn_onehot,onehot,606,2154,12,0.6511521836121877,0.6892219185829163
target_background,75,N_3pct,cnn_onehot,onehot,606,2154,13,0.6471993525822958,0.6886186599731445
target_background,75,N_3pct,cnn_onehot,onehot,606,2154,14,0.6511442959308624,0.688809871673584
target_background,75,N_3pct,cnn_onehot,onehot,606,2154,15,0.6436611711978912,0.6888779401779175
target_background,75,N_3pct,cnn_onehot,onehot,606,2154,16,0.6332394182682037,0.6877041459083557
target_background,75,N_3pct,cnn_onehot,onehot,606,2154,17,0.635558009147644,0.6877527832984924
target_background,75,N_3pct,cnn_onehot,onehot,606,2154,18,0.6299645602703094,0.6872917413711548
target_background,75,N_3pct,cnn_onehot,onehot,606,2154,19,0.6217037240664164,0.6882754564285278
target_background,75,N_3pct,cnn_onehot,onehot,606,2154,20,0.618698000907898,0.6912106871604919
target_background,75,N_3pct,cnn_onehot,onehot,606,2154,21,0.6112159589926401,0.687466025352478
target_background,75,N_3pct,cnn_onehot,onehot,606,2154,22,0.603553295135498,0.6887632012367249
target_background,75,N_3pct,cnn_onehot,onehot,606,2154,23,0.5908313890298208,0.687045156955719
target_background,75,N_3pct,cnn_onehot,onehot,606,2154,24,0.5942797561486562,0.687362551689148
target_background,75,N_3pct,cnn_property,property,606,2156,1,0.6979522903760275,0.693666398525238
target_background,75,N_3pct,cnn_property,property,606,2156,2,0.6941359440485636,0.6925163269042969
target_background,75,N_3pct,cnn_property,property,606,2156,3,0.6833790441354116,0.694564163684845
target_background,75,N_3pct,cnn_property,property,606,2156,4,0.6948827505111694,0.6960704922676086
target_background,75,N_3pct,cnn_property,property,606,2156,5,0.6888848841190338,0.6917207837104797
target_background,75,N_3pct,cnn_property,property,606,2156,6,0.6815931995709738,0.6913542151451111
target_background,75,N_3pct,cnn_property,property,606,2156,7,0.678103119134903,0.6912520527839661
target_background,75,N_3pct,cnn_property,property,606,2156,8,0.6785079836845398,0.6912370324134827
target_background,75,N_3pct,cnn_property,property,606,2156,9,0.6766832073529562,0.6916688680648804
target_background,75,N_3pct,cnn_property,property,606,2156,10,0.6772687236467997,0.6911446452140808
target_background,75,N_3pct,cnn_property,property,606,2156,11,0.6727629701296488,0.6909283995628357
target_background,75,N_3pct,cnn_property,property,606,2156,12,0.6707629064718882,0.691472589969635
target_background,75,N_3pct,cnn_property,property,606,2156,13,0.6644157568613688,0.6917816400527954
target_background,75,N_3pct,cnn_property,property,606,2156,14,0.6661887764930725,0.6910055875778198
target_background,75,N_3pct,cnn_property,property,606,2156,15,0.6674092411994934,0.692188560962677
target_background,75,N_3pct,cnn_property,property,606,2156,16,0.6647560993830363,0.6891736388206482
target_background,75,N_3pct,cnn_property,property,606,2156,17,0.6552373965581259,0.6881942749023438
target_background,75,N_3pct,cnn_property,property,606,2156,18,0.6539228856563568,0.6887617707252502
target_background,75,N_3pct,cnn_property,property,606,2156,19,0.6554254790147146,0.6875186562538147
target_background,75,N_3pct,cnn_property,property,606,2156,20,0.6520904501279196,0.6907448172569275
target_background,75,N_3pct,cnn_property,property,606,2156,21,0.643565704425176,0.6883813142776489
target_background,75,N_3pct,cnn_property,property,606,2156,22,0.6350445548693339,0.6918535232543945
target_background,75,N_3pct,cnn_property,property,606,2156,23,0.6577461361885071,0.6927817463874817
target_background,75,N_3pct,cnn_property,property,606,2156,24,0.6327939331531525,0.6927910447120667
target_background,75,N_3pct,tiny_transformer_onehot,onehot,606,2167,1,0.7013668815294901,0.6997540593147278
target_background,75,N_3pct,tiny_transformer_onehot,onehot,606,2167,2,0.676563024520874,0.6985859870910645
target_background,75,N_3pct,tiny_transformer_onehot,onehot,606,2167,3,0.6754058996836344,0.6951823234558105
target_background,75,N_3pct,tiny_transformer_onehot,onehot,606,2167,4,0.6805960933367411,0.6929351091384888
target_background,75,N_3pct,tiny_transformer_onehot,onehot,606,2167,5,0.6650195121765137,0.6916564702987671
target_background,75,N_3pct,tiny_transformer_onehot,onehot,606,2167,6,0.6802480419476827,0.6959227919578552
target_background,75,N_3pct,tiny_transformer_onehot,onehot,606,2167,7,0.6894799172878265,0.693348228931427
target_background,75,N_3pct,tiny_transformer_onehot,onehot,606,2167,8,0.6765733857949575,0.691108226776123
target_background,75,N_3pct,tiny_transformer_onehot,onehot,606,2167,9,0.6765974362691244,0.6895141005516052
target_background,75,N_3pct,tiny_transformer_onehot,onehot,606,2167,10,0.6558129986127218,0.6885625123977661
target_background,75,N_3pct,tiny_transformer_onehot,onehot,606,2167,11,0.6688674688339233,0.688107430934906
target_background,75,N_3pct,tiny_transformer_onehot,onehot,606,2167,12,0.6779249906539917,0.6875761151313782
target_background,75,N_3pct,tiny_transformer_onehot,onehot,606,2167,13,0.6714697281519572,0.6889098882675171
target_background,75,N_3pct,tiny_transformer_onehot,onehot,606,2167,14,0.6745069921016693,0.6942996382713318
target_background,75,N_3pct,tiny_transformer_onehot,onehot,606,2167,15,0.6806829671065012,0.6879162192344666
target_background,75,N_3pct,tiny_transformer_onehot,onehot,606,2167,16,0.6735029021898905,0.6862486600875854
target_background,75,N_3pct,tiny_transformer_onehot,onehot,606,2167,17,0.6557648181915283,0.6853417754173279
target_background,75,N_3pct,tiny_transformer_onehot,onehot,606,2167,18,0.6688013672828674,0.6897500157356262
target_background,75,N_3pct,tiny_transformer_onehot,onehot,606,2167,19,0.6646619339783987,0.6855133175849915
target_background,75,N_3pct,tiny_transformer_onehot,onehot,606,2167,20,0.6734996140003204,0.6833511590957642
target_background,75,N_3pct,tiny_transformer_onehot,onehot,606,2167,21,0.6842833062012991,0.6825360059738159
target_background,75,N_3pct,tiny_transformer_onehot,onehot,606,2167,22,0.6572599411010742,0.6887268424034119
target_background,75,N_3pct,tiny_transformer_onehot,onehot,606,2167,23,0.6769726077715555,0.6825605630874634
target_background,75,N_3pct,tiny_transformer_onehot,onehot,606,2167,24,0.6632527808348337,0.6808220148086548
target_background,75,N_3pct,tiny_transformer_property,property,606,2169,1,0.6941278676191965,0.6886625289916992
target_background,75,N_3pct,tiny_transformer_property,property,606,2169,2,0.6971049706141154,0.6860179901123047
target_background,75,N_3pct,tiny_transformer_property,property,606,2169,3,0.6968442300955454,0.685844898223877
target_background,75,N_3pct,tiny_transformer_property,property,606,2169,4,0.6849509874979655,0.6868070363998413
target_background,75,N_3pct,tiny_transformer_property,property,606,2169,5,0.6949535806973776,0.6823838949203491
target_background,75,N_3pct,tiny_transformer_property,property,606,2169,6,0.6856221954027811,0.6867213249206543
target_background,75,N_3pct,tiny_transformer_property,property,606,2169,7,0.6946958601474762,0.6809201836585999
target_background,75,N_3pct,tiny_transformer_property,property,606,2169,8,0.6902189155419668,0.6793306469917297
target_background,75,N_3pct,tiny_transformer_property,property,606,2169,9,0.6907477180163065,0.6772130727767944
target_background,75,N_3pct,tiny_transformer_property,property,606,2169,10,0.6862852871417999,0.683305561542511
target_background,75,N_3pct,tiny_transformer_property,property,606,2169,11,0.6871053477128347,0.6755973696708679
target_background,75,N_3pct,tiny_transformer_property,property,606,2169,12,0.694767564535141,0.6739420294761658
target_background,75,N_3pct,tiny_transformer_property,property,606,2169,13,0.6812707285086314,0.6844326853752136
target_background,75,N_3pct,tiny_transformer_property,property,606,2169,14,0.6877370774745941,0.6714376211166382
target_background,75,N_3pct,tiny_transformer_property,property,606,2169,15,0.6786108215649923,0.6795070767402649
target_background,75,N_3pct,tiny_transformer_property,property,606,2169,16,0.6854871809482574,0.671271026134491
target_background,75,N_3pct,tiny_transformer_property,property,606,2169,17,0.6895717879136404,0.6680740714073181
target_background,75,N_3pct,tiny_transformer_property,property,606,2169,18,0.6818831066290537,0.6759847402572632
target_background,75,N_3pct,tiny_transformer_property,property,606,2169,19,0.6899953881899515,0.6665627360343933
target_background,75,N_3pct,tiny_transformer_property,property,606,2169,20,0.6895109812418619,0.6702901124954224
target_background,75,N_3pct,tiny_transformer_property,property,606,2169,21,0.6921666860580444,0.6679784655570984
target_background,75,N_3pct,tiny_transformer_property,property,606,2169,22,0.6907758514086405,0.6654178500175476
target_background,75,N_3pct,tiny_transformer_property,property,606,2169,23,0.6798038184642792,0.6665250658988953
target_background,75,N_3pct,tiny_transformer_property,property,606,2169,24,0.6840729216734568,0.6656784415245056
global_species,75,N_3pct,mlp_ckmer5,ckmer5_count_l2,606,2115,1,3.030691921710968,2.959381580352783
global_species,75,N_3pct,mlp_ckmer5,ckmer5_count_l2,606,2115,2,2.565283517042796,2.860144853591919
global_species,75,N_3pct,mlp_ckmer5,ckmer5_count_l2,606,2115,3,2.1913294990857444,2.7657294273376465
global_species,75,N_3pct,mlp_ckmer5,ckmer5_count_l2,606,2115,4,1.831582337617874,2.68575382232666
global_species,75,N_3pct,mlp_ckmer5,ckmer5_count_l2,606,2115,5,1.4806979298591614,2.623473644256592
global_species,75,N_3pct,mlp_ckmer5,ckmer5_count_l2,606,2115,6,1.148227373758952,2.591146945953369
global_species,75,N_3pct,mlp_ckmer5,ckmer5_count_l2,606,2115,7,0.8549844870964686,2.5810787677764893
global_species,75,N_3pct,mlp_ckmer5,ckmer5_count_l2,606,2115,8,0.6185834134618441,2.5843238830566406
global_species,75,N_3pct,mlp_ckmer5,ckmer5_count_l2,606,2115,9,0.435268372297287,2.602043628692627
global_species,75,N_3pct,mlp_ckmer5,ckmer5_count_l2,606,2115,10,0.3115469266970952,2.62406063079834
global_species,75,N_3pct,mlp_ckmer5,ckmer5_count_l2,606,2115,11,0.2249748396376768,2.650917053222656
global_species,75,N_3pct,mlp_ckmer5,ckmer5_count_l2,606,2115,12,0.168491485218207,2.67858362197876
global_species,75,N_3pct,mlp_csp,cspaced_property_l2,606,2112,1,3.046036700407664,2.998850107192993
global_species,75,N_3pct,mlp_csp,cspaced_property_l2,606,2112,2,2.911440392335256,2.9345688819885254
global_species,75,N_3pct,mlp_csp,cspaced_property_l2,606,2112,3,2.789313594500224,2.870673894882202
global_species,75,N_3pct,mlp_csp,cspaced_property_l2,606,2112,4,2.677486538887024,2.804128646850586
global_species,75,N_3pct,mlp_csp,cspaced_property_l2,606,2112,5,2.5679537256558738,2.7463512420654297
global_species,75,N_3pct,mlp_csp,cspaced_property_l2,606,2112,6,2.470782697200775,2.697197437286377
global_species,75,N_3pct,mlp_csp,cspaced_property_l2,606,2112,7,2.3823469082514444,2.667370557785034
global_species,75,N_3pct,mlp_csp,cspaced_property_l2,606,2112,8,2.2997059424718223,2.64500379562378
global_species,75,N_3pct,mlp_csp,cspaced_property_l2,606,2112,9,2.224716186523437,2.631160020828247
global_species,75,N_3pct,mlp_csp,cspaced_property_l2,606,2112,10,2.152676026026408,2.6163878440856934
global_species,75,N_3pct,mlp_csp,cspaced_property_l2,606,2112,11,2.0823528170585632,2.610718250274658
global_species,75,N_3pct,mlp_csp,cspaced_property_l2,606,2112,12,2.008986016114553,2.6030824184417725
global_species,75,N_3pct,mlp_csp,cspaced_property_l2,606,2112,13,1.9401260614395144,2.603158473968506
global_species,75,N_3pct,mlp_csp,cspaced_property_l2,606,2112,14,1.869467904170354,2.6046528816223145
global_species,75,N_3pct,mlp_csp,cspaced_property_l2,606,2112,15,1.8025185068448384,2.60771107673645
global_species,75,N_3pct,mlp_csp,cspaced_property_l2,606,2112,16,1.7331729928652446,2.615769147872925
global_species,75,N_3pct,mlp_csp,cspaced_property_l2,606,2112,17,1.665108601252238,2.623942613601685
global_species,75,N_3pct,mlp_hybrid,hybrid_ckmer5_csp,606,2115,1,3.0181276400883994,2.911149263381958
global_species,75,N_3pct,mlp_hybrid,hybrid_ckmer5_csp,606,2115,2,2.429704427719116,2.750257730484009
global_species,75,N_3pct,mlp_hybrid,hybrid_ckmer5_csp,606,2115,3,1.9708747565746307,2.63004994392395
global_species,75,N_3pct,mlp_hybrid,hybrid_ckmer5_csp,606,2115,4,1.5553496380647025,2.555887222290039
global_species,75,N_3pct,mlp_hybrid,hybrid_ckmer5_csp,606,2115,5,1.176702966292699,2.509684085845948
global_species,75,N_3pct,mlp_hybrid,hybrid_ckmer5_csp,606,2115,6,0.8426028142372767,2.495275020599365
global_species,75,N_3pct,mlp_hybrid,hybrid_ckmer5_csp,606,2115,7,0.5787854865193367,2.499796152114868
global_species,75,N_3pct,mlp_hybrid,hybrid_ckmer5_csp,606,2115,8,0.3893322323759396,2.515061140060425
global_species,75,N_3pct,mlp_hybrid,hybrid_ckmer5_csp,606,2115,9,0.2628341652452945,2.5412709712982178
global_species,75,N_3pct,mlp_hybrid,hybrid_ckmer5_csp,606,2115,10,0.1860989506045977,2.563730001449585
global_species,75,N_3pct,mlp_hybrid,hybrid_ckmer5_csp,606,2115,11,0.1362832728773355,2.5918686389923096
global_species,75,N_3pct,cnn_onehot,onehot,606,2115,1,3.0632986227671304,3.054666519165039
global_species,75,N_3pct,cnn_onehot,onehot,606,2115,2,3.048813581466675,3.0489625930786133
global_species,75,N_3pct,cnn_onehot,onehot,606,2115,3,3.040703455607096,3.046225547790528
global_species,75,N_3pct,cnn_onehot,onehot,606,2115,4,3.0344819823900857,3.044240713119507
global_species,75,N_3pct,cnn_onehot,onehot,606,2115,5,3.029376010100046,3.041762590408325
global_species,75,N_3pct,cnn_onehot,onehot,606,2115,6,3.0228680968284607,3.0394747257232666
global_species,75,N_3pct,cnn_onehot,onehot,606,2115,7,3.016786297162374,3.036151170730591
global_species,75,N_3pct,cnn_onehot,onehot,606,2115,8,3.009569923082988,3.0325591564178467
global_species,75,N_3pct,cnn_onehot,onehot,606,2115,9,3.000183244546254,3.0280706882476807
global_species,75,N_3pct,cnn_onehot,onehot,606,2115,10,2.990900754928589,3.021263599395752
global_species,75,N_3pct,cnn_onehot,onehot,606,2115,11,2.978029489517212,3.0125622749328613
global_species,75,N_3pct,cnn_onehot,onehot,606,2115,12,2.962151288986206,3.001188039779663
global_species,75,N_3pct,cnn_onehot,onehot,606,2115,13,2.944618503252665,2.9856553077697754
global_species,75,N_3pct,cnn_onehot,onehot,606,2115,14,2.9195109208424888,2.96429181098938
global_species,75,N_3pct,cnn_onehot,onehot,606,2115,15,2.886765420436859,2.936856508255005
global_species,75,N_3pct,cnn_onehot,onehot,606,2115,16,2.848530491193136,2.899753332138061
global_species,75,N_3pct,cnn_onehot,onehot,606,2115,17,2.800021628538768,2.857462406158448
global_species,75,N_3pct,cnn_onehot,onehot,606,2115,18,2.743590871493021,2.812496900558472
global_species,75,N_3pct,cnn_onehot,onehot,606,2115,19,2.680104653040568,2.7683346271514893
global_species,75,N_3pct,cnn_onehot,onehot,606,2115,20,2.6184089183807373,2.725271701812744
global_species,75,N_3pct,cnn_onehot,onehot,606,2115,21,2.556408842404684,2.6943109035491943
global_species,75,N_3pct,cnn_onehot,onehot,606,2115,22,2.50460284948349,2.669868230819702
global_species,75,N_3pct,cnn_onehot,onehot,606,2115,23,2.453874131043752,2.64963173866272
global_species,75,N_3pct,cnn_onehot,onehot,606,2115,24,2.4116735061009726,2.632333755493164
global_species,75,N_3pct,cnn_property,property,606,2117,1,3.055134971936544,3.046405553817749
global_species,75,N_3pct,cnn_property,property,606,2117,2,3.042278746763865,3.043656587600708
global_species,75,N_3pct,cnn_property,property,606,2117,3,3.0366403261820474,3.04098916053772
global_species,75,N_3pct,cnn_property,property,606,2117,4,3.030752658843994,3.0385937690734863
global_species,75,N_3pct,cnn_property,property,606,2117,5,3.0256541768709817,3.035975217819214
global_species,75,N_3pct,cnn_property,property,606,2117,6,3.0193135341008506,3.033775568008423
global_species,75,N_3pct,cnn_property,property,606,2117,7,3.011545042196909,3.0308096408843994
global_species,75,N_3pct,cnn_property,property,606,2117,8,3.0034855206807456,3.0270164012908936
global_species,75,N_3pct,cnn_property,property,606,2117,9,2.992949108282725,3.020716667175293
global_species,75,N_3pct,cnn_property,property,606,2117,10,2.978326499462128,3.012465476989746
global_species,75,N_3pct,cnn_property,property,606,2117,11,2.96449081103007,3.000432014465332
global_species,75,N_3pct,cnn_property,property,606,2117,12,2.942683835824331,2.984797716140747
global_species,75,N_3pct,cnn_property,property,606,2117,13,2.917147715886434,2.959329605102539
global_species,75,N_3pct,cnn_property,property,606,2117,14,2.8852555751800537,2.929534912109375
global_species,75,N_3pct,cnn_property,property,606,2117,15,2.838642636934916,2.8924269676208496
global_species,75,N_3pct,cnn_property,property,606,2117,16,2.789538304011027,2.8453195095062256
global_species,75,N_3pct,cnn_property,property,606,2117,17,2.732195278008779,2.794184684753418
global_species,75,N_3pct,cnn_property,property,606,2117,18,2.674855589866638,2.748979330062866
global_species,75,N_3pct,cnn_property,property,606,2117,19,2.6305952072143555,2.734180927276612
global_species,75,N_3pct,cnn_property,property,606,2117,20,2.57154913743337,2.6807801723480225
global_species,75,N_3pct,cnn_property,property,606,2117,21,2.5209606885910034,2.6802308559417725
global_species,75,N_3pct,cnn_property,property,606,2117,22,2.484729905923208,2.634194612503052
global_species,75,N_3pct,cnn_property,property,606,2117,23,2.4468242526054382,2.6148834228515625
global_species,75,N_3pct,cnn_property,property,606,2117,24,2.411968727906545,2.6141903400421143
global_species,75,N_3pct,tiny_transformer_onehot,onehot,606,2128,1,3.094580372174581,3.048135757446289
global_species,75,N_3pct,tiny_transformer_onehot,onehot,606,2128,2,3.0466055671374,3.0332655906677246
global_species,75,N_3pct,tiny_transformer_onehot,onehot,606,2128,3,3.0195391178131104,3.010548114776612
global_species,75,N_3pct,tiny_transformer_onehot,onehot,606,2128,4,3.0025495688120523,2.990668296813965
global_species,75,N_3pct,tiny_transformer_onehot,onehot,606,2128,5,2.9794535438219705,2.966604471206665
global_species,75,N_3pct,tiny_transformer_onehot,onehot,606,2128,6,2.943260391553243,2.928171873092652
global_species,75,N_3pct,tiny_transformer_onehot,onehot,606,2128,7,2.9050607879956565,2.88694167137146
global_species,75,N_3pct,tiny_transformer_onehot,onehot,606,2128,8,2.8499292135238647,2.8287742137908936
global_species,75,N_3pct,tiny_transformer_onehot,onehot,606,2128,9,2.7848868568738303,2.767336368560791
global_species,75,N_3pct,tiny_transformer_onehot,onehot,606,2128,10,2.724445939064026,2.700068235397339
global_species,75,N_3pct,tiny_transformer_onehot,onehot,606,2128,11,2.66391243537267,2.652168273925781
global_species,75,N_3pct,tiny_transformer_onehot,onehot,606,2128,12,2.629018565018972,2.6211178302764893
global_species,75,N_3pct,tiny_transformer_onehot,onehot,606,2128,13,2.622236013412476,2.6426687240600586
global_species,75,N_3pct,tiny_transformer_onehot,onehot,606,2128,14,2.595762312412262,2.6034767627716064
global_species,75,N_3pct,tiny_transformer_onehot,onehot,606,2128,15,2.589357376098633,2.5914292335510254
global_species,75,N_3pct,tiny_transformer_onehot,onehot,606,2128,16,2.5739656885464988,2.591646909713745
global_species,75,N_3pct,tiny_transformer_onehot,onehot,606,2128,17,2.5885502894719443,2.6027379035949707
global_species,75,N_3pct,tiny_transformer_onehot,onehot,606,2128,18,2.5700453321139016,2.5718414783477783
global_species,75,N_3pct,tiny_transformer_onehot,onehot,606,2128,19,2.55588972568512,2.563424825668335
global_species,75,N_3pct,tiny_transformer_onehot,onehot,606,2128,20,2.5512770811716714,2.563072681427002
global_species,75,N_3pct,tiny_transformer_onehot,onehot,606,2128,21,2.539950728416443,2.5769851207733154
global_species,75,N_3pct,tiny_transformer_onehot,onehot,606,2128,22,2.538667102654775,2.583035469055176
global_species,75,N_3pct,tiny_transformer_onehot,onehot,606,2128,23,2.5372153719266257,2.5608808994293213
global_species,75,N_3pct,tiny_transformer_onehot,onehot,606,2128,24,2.5293623010317483,2.5526328086853027
global_species,75,N_3pct,tiny_transformer_property,property,606,2130,1,3.1647419532140098,3.086859941482544
global_species,75,N_3pct,tiny_transformer_property,property,606,2130,2,3.0766578912734985,3.0534143447875977
global_species,75,N_3pct,tiny_transformer_property,property,606,2130,3,3.058765431245168,3.038235902786255
global_species,75,N_3pct,tiny_transformer_property,property,606,2130,4,3.045393089453379,3.029977321624756
global_species,75,N_3pct,tiny_transformer_property,property,606,2130,5,3.030493597189585,3.0188920497894287
global_species,75,N_3pct,tiny_transformer_property,property,606,2130,6,3.017526646455129,3.003979444503784
global_species,75,N_3pct,tiny_transformer_property,property,606,2130,7,2.999766925970713,2.979837417602539
global_species,75,N_3pct,tiny_transformer_property,property,606,2130,8,2.9646770358085632,2.94138503074646
global_species,75,N_3pct,tiny_transformer_property,property,606,2130,9,2.9181532065073648,2.8813390731811523
global_species,75,N_3pct,tiny_transformer_property,property,606,2130,10,2.8429229656855264,2.803839683532715
global_species,75,N_3pct,tiny_transformer_property,property,606,2130,11,2.7623735666275024,2.724497079849243
global_species,75,N_3pct,tiny_transformer_property,property,606,2130,12,2.692380209763845,2.676748037338257
global_species,75,N_3pct,tiny_transformer_property,property,606,2130,13,2.6242165168126426,2.658834218978882
global_species,75,N_3pct,tiny_transformer_property,property,606,2130,14,2.600733677546183,2.630930662155152
global_species,75,N_3pct,tiny_transformer_property,property,606,2130,15,2.5968027114868164,2.622706174850464
global_species,75,N_3pct,tiny_transformer_property,property,606,2130,16,2.5724626183509827,2.6122918128967285
global_species,75,N_3pct,tiny_transformer_property,property,606,2130,17,2.554666757583618,2.6215710639953613
global_species,75,N_3pct,tiny_transformer_property,property,606,2130,18,2.548036773999532,2.59834098815918
global_species,75,N_3pct,tiny_transformer_property,property,606,2130,19,2.5432441433270774,2.600120782852173
global_species,75,N_3pct,tiny_transformer_property,property,606,2130,20,2.528862416744232,2.5941994190216064
global_species,75,N_3pct,tiny_transformer_property,property,606,2130,21,2.51961213350296,2.5981218814849854
global_species,75,N_3pct,tiny_transformer_property,property,606,2130,22,2.516972601413727,2.595386743545532
global_species,75,N_3pct,tiny_transformer_property,property,606,2130,23,2.528785904248556,2.589829206466675
global_species,75,N_3pct,tiny_transformer_property,property,606,2130,24,2.502524177233378,2.5940091609954834
within_genus_species:Enterobacter,75,N_3pct,mlp_ckmer5,ckmer5_count_l2,606,2362,1,1.6035645008087158,1.6468610763549805
within_genus_species:Enterobacter,75,N_3pct,mlp_ckmer5,ckmer5_count_l2,606,2362,2,1.3117117881774902,1.6401677131652832
within_genus_species:Enterobacter,75,N_3pct,mlp_ckmer5,ckmer5_count_l2,606,2362,3,1.105143427848816,1.636199116706848
within_genus_species:Enterobacter,75,N_3pct,mlp_ckmer5,ckmer5_count_l2,606,2362,4,0.929292619228363,1.6338659524917605
within_genus_species:Enterobacter,75,N_3pct,mlp_ckmer5,ckmer5_count_l2,606,2362,5,0.7779203454653422,1.63454270362854
within_genus_species:Enterobacter,75,N_3pct,mlp_ckmer5,ckmer5_count_l2,606,2362,6,0.6488851110140482,1.6362429857254028
within_genus_species:Enterobacter,75,N_3pct,mlp_ckmer5,ckmer5_count_l2,606,2362,7,0.5300215582052866,1.639632225036621
within_genus_species:Enterobacter,75,N_3pct,mlp_ckmer5,ckmer5_count_l2,606,2362,8,0.4305534164110819,1.6436041593551636
within_genus_species:Enterobacter,75,N_3pct,mlp_ckmer5,ckmer5_count_l2,606,2362,9,0.3459454079469045,1.6502172946929932
within_genus_species:Enterobacter,75,N_3pct,mlp_csp,cspaced_property_l2,606,2359,1,1.6202641328175862,1.6460577249526978
within_genus_species:Enterobacter,75,N_3pct,mlp_csp,cspaced_property_l2,606,2359,2,1.5528489748636882,1.638398051261902
within_genus_species:Enterobacter,75,N_3pct,mlp_csp,cspaced_property_l2,606,2359,3,1.5003623565038045,1.6338229179382324
within_genus_species:Enterobacter,75,N_3pct,mlp_csp,cspaced_property_l2,606,2359,4,1.4543543656667073,1.6287139654159546
within_genus_species:Enterobacter,75,N_3pct,mlp_csp,cspaced_property_l2,606,2359,5,1.4026674032211304,1.6243436336517334
within_genus_species:Enterobacter,75,N_3pct,mlp_csp,cspaced_property_l2,606,2359,6,1.3566240469614663,1.6210218667984009
within_genus_species:Enterobacter,75,N_3pct,mlp_csp,cspaced_property_l2,606,2359,7,1.3161861499150591,1.6170953512191772
within_genus_species:Enterobacter,75,N_3pct,mlp_csp,cspaced_property_l2,606,2359,8,1.2717669407526653,1.6148003339767456
within_genus_species:Enterobacter,75,N_3pct,mlp_csp,cspaced_property_l2,606,2359,9,1.2329199314117432,1.6134259700775146
within_genus_species:Enterobacter,75,N_3pct,mlp_csp,cspaced_property_l2,606,2359,10,1.189682960510254,1.6118645668029783
within_genus_species:Enterobacter,75,N_3pct,mlp_csp,cspaced_property_l2,606,2359,11,1.151025931040446,1.6095547676086426
within_genus_species:Enterobacter,75,N_3pct,mlp_csp,cspaced_property_l2,606,2359,12,1.1111269394556682,1.6082499027252195
within_genus_species:Enterobacter,75,N_3pct,mlp_csp,cspaced_property_l2,606,2359,13,1.0668155352274578,1.6073061227798462
within_genus_species:Enterobacter,75,N_3pct,mlp_csp,cspaced_property_l2,606,2359,14,1.0319461822509766,1.606426239013672
within_genus_species:Enterobacter,75,N_3pct,mlp_csp,cspaced_property_l2,606,2359,15,0.9873533050219218,1.607195258140564
within_genus_species:Enterobacter,75,N_3pct,mlp_csp,cspaced_property_l2,606,2359,16,0.9440951347351074,1.6078096628189087
within_genus_species:Enterobacter,75,N_3pct,mlp_csp,cspaced_property_l2,606,2359,17,0.9116371075312296,1.6079165935516355
within_genus_species:Enterobacter,75,N_3pct,mlp_csp,cspaced_property_l2,606,2359,18,0.869772712389628,1.6092137098312378
within_genus_species:Enterobacter,75,N_3pct,mlp_csp,cspaced_property_l2,606,2359,19,0.8302152554194132,1.610160231590271
within_genus_species:Enterobacter,75,N_3pct,mlp_hybrid,hybrid_ckmer5_csp,606,2362,1,1.6306625604629517,1.58399498462677
within_genus_species:Enterobacter,75,N_3pct,mlp_hybrid,hybrid_ckmer5_csp,606,2362,2,1.238491137822469,1.577985167503357
within_genus_species:Enterobacter,75,N_3pct,mlp_hybrid,hybrid_ckmer5_csp,606,2362,3,0.975058118502299,1.5819894075393677
within_genus_species:Enterobacter,75,N_3pct,mlp_hybrid,hybrid_ckmer5_csp,606,2362,4,0.7650560339291891,1.589271068572998
within_genus_species:Enterobacter,75,N_3pct,mlp_hybrid,hybrid_ckmer5_csp,606,2362,5,0.5966560244560242,1.5996034145355225
within_genus_species:Enterobacter,75,N_3pct,mlp_hybrid,hybrid_ckmer5_csp,606,2362,6,0.4587214887142181,1.6112523078918457
within_genus_species:Enterobacter,75,N_3pct,mlp_hybrid,hybrid_ckmer5_csp,606,2362,7,0.3485508660475413,1.6234500408172607
within_genus_species:Enterobacter,75,N_3pct,cnn_onehot,onehot,606,2362,1,1.6183920701344807,1.6084870100021362
within_genus_species:Enterobacter,75,N_3pct,cnn_onehot,onehot,606,2362,2,1.6067043542861938,1.6068716049194336
within_genus_species:Enterobacter,75,N_3pct,cnn_onehot,onehot,606,2362,3,1.5994065205256145,1.6063852310180664
within_genus_species:Enterobacter,75,N_3pct,cnn_onehot,onehot,606,2362,4,1.5935537020365398,1.6057850122451782
within_genus_species:Enterobacter,75,N_3pct,cnn_onehot,onehot,606,2362,5,1.5882339477539062,1.6055580377578735
within_genus_species:Enterobacter,75,N_3pct,cnn_onehot,onehot,606,2362,6,1.5847907463709514,1.605525016784668
within_genus_species:Enterobacter,75,N_3pct,cnn_onehot,onehot,606,2362,7,1.5793371597925825,1.6051204204559326
within_genus_species:Enterobacter,75,N_3pct,cnn_onehot,onehot,606,2362,8,1.5750105778376262,1.6048709154129028
within_genus_species:Enterobacter,75,N_3pct,cnn_onehot,onehot,606,2362,9,1.571266810099284,1.6048061847686768
within_genus_species:Enterobacter,75,N_3pct,cnn_onehot,onehot,606,2362,10,1.56741996606191,1.6041966676712036
within_genus_species:Enterobacter,75,N_3pct,cnn_onehot,onehot,606,2362,11,1.5641838709513347,1.6042171716690063
within_genus_species:Enterobacter,75,N_3pct,cnn_onehot,onehot,606,2362,12,1.5597697496414185,1.6036534309387207
within_genus_species:Enterobacter,75,N_3pct,cnn_onehot,onehot,606,2362,13,1.5557658672332764,1.6029565334320068
within_genus_species:Enterobacter,75,N_3pct,cnn_onehot,onehot,606,2362,14,1.5512131055196126,1.6025691032409668
within_genus_species:Enterobacter,75,N_3pct,cnn_onehot,onehot,606,2362,15,1.5484319925308228,1.60261869430542
within_genus_species:Enterobacter,75,N_3pct,cnn_onehot,onehot,606,2362,16,1.5442290703455608,1.601837992668152
within_genus_species:Enterobacter,75,N_3pct,cnn_onehot,onehot,606,2362,17,1.5389851331710815,1.601071834564209
within_genus_species:Enterobacter,75,N_3pct,cnn_onehot,onehot,606,2362,18,1.5357112089792888,1.6008141040802002
within_genus_species:Enterobacter,75,N_3pct,cnn_onehot,onehot,606,2362,19,1.531035582224528,1.6004983186721802
within_genus_species:Enterobacter,75,N_3pct,cnn_onehot,onehot,606,2362,20,1.5248604615529378,1.5994575023651123
within_genus_species:Enterobacter,75,N_3pct,cnn_onehot,onehot,606,2362,21,1.5199126402537029,1.5984405279159546
within_genus_species:Enterobacter,75,N_3pct,cnn_onehot,onehot,606,2362,22,1.5145647525787354,1.5973526239395142
within_genus_species:Enterobacter,75,N_3pct,cnn_onehot,onehot,606,2362,23,1.5092488527297974,1.5966721773147583
within_genus_species:Enterobacter,75,N_3pct,cnn_onehot,onehot,606,2362,24,1.5042695999145508,1.596300721168518
within_genus_species:Enterobacter,75,N_3pct,cnn_property,property,606,2364,1,1.6281969547271729,1.6134984493255615
within_genus_species:Enterobacter,75,N_3pct,cnn_property,property,606,2364,2,1.6144669850667317,1.6100865602493286
within_genus_species:Enterobacter,75,N_3pct,cnn_property,property,606,2364,3,1.6068745056788127,1.6081795692443848
within_genus_species:Enterobacter,75,N_3pct,cnn_property,property,606,2364,4,1.6010281244913738,1.6070746183395386
within_genus_species:Enterobacter,75,N_3pct,cnn_property,property,606,2364,5,1.595316211382548,1.606226921081543
within_genus_species:Enterobacter,75,N_3pct,cnn_property,property,606,2364,6,1.5933783054351809,1.6055247783660889
within_genus_species:Enterobacter,75,N_3pct,cnn_property,property,606,2364,7,1.5895528395970662,1.604750394821167
within_genus_species:Enterobacter,75,N_3pct,cnn_property,property,606,2364,8,1.5854559739430745,1.6035922765731812
within_genus_species:Enterobacter,75,N_3pct,cnn_property,property,606,2364,9,1.5826517740885415,1.6029942035675049
within_genus_species:Enterobacter,75,N_3pct,cnn_property,property,606,2364,10,1.5788559516270957,1.602288842201233
within_genus_species:Enterobacter,75,N_3pct,cnn_property,property,606,2364,11,1.5764172077178955,1.6021164655685425
within_genus_species:Enterobacter,75,N_3pct,cnn_property,property,606,2364,12,1.572176218032837,1.601368427276611
within_genus_species:Enterobacter,75,N_3pct,cnn_property,property,606,2364,13,1.570439378420512,1.6003196239471436
within_genus_species:Enterobacter,75,N_3pct,cnn_property,property,606,2364,14,1.5661856333414714,1.6004853248596191
within_genus_species:Enterobacter,75,N_3pct,cnn_property,property,606,2364,15,1.5627921024958291,1.6006118059158323
within_genus_species:Enterobacter,75,N_3pct,cnn_property,property,606,2364,16,1.5588265260060628,1.6007059812545776
within_genus_species:Enterobacter,75,N_3pct,cnn_property,property,606,2364,17,1.5551950534184773,1.6002999544143677
within_genus_species:Enterobacter,75,N_3pct,cnn_property,property,606,2364,18,1.5522646109263103,1.599778175354004
within_genus_species:Enterobacter,75,N_3pct,cnn_property,property,606,2364,19,1.547481854756673,1.5992697477340698
within_genus_species:Enterobacter,75,N_3pct,cnn_property,property,606,2364,20,1.5433402856191,1.5987404584884644
within_genus_species:Enterobacter,75,N_3pct,cnn_property,property,606,2364,21,1.5379441579182942,1.5981343984603882
within_genus_species:Enterobacter,75,N_3pct,cnn_property,property,606,2364,22,1.5334133704503377,1.5971096754074097
within_genus_species:Enterobacter,75,N_3pct,cnn_property,property,606,2364,23,1.528198003768921,1.596322536468506
within_genus_species:Enterobacter,75,N_3pct,cnn_property,property,606,2364,24,1.5234918196996052,1.5960044860839844
within_genus_species:Enterobacter,75,N_3pct,tiny_transformer_onehot,onehot,606,2375,1,1.6956649621327715,1.642143487930298
within_genus_species:Enterobacter,75,N_3pct,tiny_transformer_onehot,onehot,606,2375,2,1.6296240886052449,1.618335247039795
within_genus_species:Enterobacter,75,N_3pct,tiny_transformer_onehot,onehot,606,2375,3,1.609585205713908,1.6176663637161257
within_genus_species:Enterobacter,75,N_3pct,tiny_transformer_onehot,onehot,606,2375,4,1.6166127920150757,1.6227514743804932
within_genus_species:Enterobacter,75,N_3pct,tiny_transformer_onehot,onehot,606,2375,5,1.6202047268549602,1.6245512962341309
within_genus_species:Enterobacter,75,N_3pct,tiny_transformer_onehot,onehot,606,2375,6,1.618848244349162,1.6189781427383425
within_genus_species:Enterobacter,75,N_3pct,tiny_transformer_onehot,onehot,606,2375,7,1.6129448016484578,1.6162798404693604
within_genus_species:Enterobacter,75,N_3pct,tiny_transformer_onehot,onehot,606,2375,8,1.6116173267364502,1.6147829294204712
within_genus_species:Enterobacter,75,N_3pct,tiny_transformer_onehot,onehot,606,2375,9,1.6087088584899902,1.6139323711395264
within_genus_species:Enterobacter,75,N_3pct,tiny_transformer_onehot,onehot,606,2375,10,1.6073713699976604,1.6137449741363523
within_genus_species:Enterobacter,75,N_3pct,tiny_transformer_onehot,onehot,606,2375,11,1.6081356604894002,1.6134579181671145
within_genus_species:Enterobacter,75,N_3pct,tiny_transformer_onehot,onehot,606,2375,12,1.6104604800542195,1.613813877105713
within_genus_species:Enterobacter,75,N_3pct,tiny_transformer_onehot,onehot,606,2375,13,1.6069942315419514,1.61290180683136
within_genus_species:Enterobacter,75,N_3pct,tiny_transformer_onehot,onehot,606,2375,14,1.6053719520568848,1.61296284198761
within_genus_species:Enterobacter,75,N_3pct,tiny_transformer_onehot,onehot,606,2375,15,1.6038959821065266,1.612465739250183
within_genus_species:Enterobacter,75,N_3pct,tiny_transformer_onehot,onehot,606,2375,16,1.604747732480367,1.6132155656814575
within_genus_species:Enterobacter,75,N_3pct,tiny_transformer_onehot,onehot,606,2375,17,1.602235476175944,1.612567901611328
within_genus_species:Enterobacter,75,N_3pct,tiny_transformer_onehot,onehot,606,2375,18,1.6030890146891277,1.6121695041656494
within_genus_species:Enterobacter,75,N_3pct,tiny_transformer_onehot,onehot,606,2375,19,1.603166659673055,1.6124533414840698
within_genus_species:Enterobacter,75,N_3pct,tiny_transformer_onehot,onehot,606,2375,20,1.6035386323928833,1.611824870109558
within_genus_species:Enterobacter,75,N_3pct,tiny_transformer_onehot,onehot,606,2375,21,1.602434754371643,1.6119025945663452
within_genus_species:Enterobacter,75,N_3pct,tiny_transformer_onehot,onehot,606,2375,22,1.6007669766743975,1.6118223667144775
within_genus_species:Enterobacter,75,N_3pct,tiny_transformer_onehot,onehot,606,2375,23,1.60012690226237,1.6114766597747805
within_genus_species:Enterobacter,75,N_3pct,tiny_transformer_onehot,onehot,606,2375,24,1.6014127731323242,1.6112428903579712
within_genus_species:Enterobacter,75,N_3pct,tiny_transformer_property,property,606,2377,1,1.7675927480061848,1.6880487203598022
within_genus_species:Enterobacter,75,N_3pct,tiny_transformer_property,property,606,2377,2,1.6577767928441365,1.6251139640808103
within_genus_species:Enterobacter,75,N_3pct,tiny_transformer_property,property,606,2377,3,1.6076767047246296,1.611230731010437
within_genus_species:Enterobacter,75,N_3pct,tiny_transformer_property,property,606,2377,4,1.6146212418874104,1.6175533533096311
within_genus_species:Enterobacter,75,N_3pct,tiny_transformer_property,property,606,2377,5,1.6181217829386394,1.622869849205017
within_genus_species:Enterobacter,75,N_3pct,tiny_transformer_property,property,606,2377,6,1.622402588526408,1.6215637922286987
within_genus_species:Enterobacter,75,N_3pct,tiny_transformer_property,property,606,2377,7,1.617308457692464,1.615729808807373
within_genus_species:Enterobacter,75,N_3pct,tiny_transformer_property,property,606,2377,8,1.6104076306025188,1.6120461225509644
target_background,75,substitution_1pct_N_3pct,mlp_ckmer5,ckmer5_count_l2,606,2280,1,0.7291789352893829,0.6766983866691589
target_background,75,substitution_1pct_N_3pct,mlp_ckmer5,ckmer5_count_l2,606,2280,2,0.5081033209959666,0.6721047163009644
target_background,75,substitution_1pct_N_3pct,mlp_ckmer5,ckmer5_count_l2,606,2280,3,0.3861048817634582,0.6744460463523865
target_background,75,substitution_1pct_N_3pct,mlp_ckmer5,ckmer5_count_l2,606,2280,4,0.2996058488885562,0.6814879179000854
target_background,75,substitution_1pct_N_3pct,mlp_ckmer5,ckmer5_count_l2,606,2280,5,0.2330861290295919,0.6870535612106323
target_background,75,substitution_1pct_N_3pct,mlp_ckmer5,ckmer5_count_l2,606,2280,6,0.1708996370434761,0.6929786801338196
target_background,75,substitution_1pct_N_3pct,mlp_ckmer5,ckmer5_count_l2,606,2280,7,0.1180216607948144,0.6989036202430725
target_background,75,substitution_1pct_N_3pct,mlp_csp,cspaced_property_l2,606,2277,1,0.6825079421202341,0.6986961960792542
target_background,75,substitution_1pct_N_3pct,mlp_csp,cspaced_property_l2,606,2277,2,0.6586918036142985,0.6909798383712769
target_background,75,substitution_1pct_N_3pct,mlp_csp,cspaced_property_l2,606,2277,3,0.6340001424153646,0.6826958656311035
target_background,75,substitution_1pct_N_3pct,mlp_csp,cspaced_property_l2,606,2277,4,0.6071052749951681,0.6782041192054749
target_background,75,substitution_1pct_N_3pct,mlp_csp,cspaced_property_l2,606,2277,5,0.5775780081748962,0.6778407692909241
target_background,75,substitution_1pct_N_3pct,mlp_csp,cspaced_property_l2,606,2277,6,0.5507656335830688,0.6756299138069153
target_background,75,substitution_1pct_N_3pct,mlp_csp,cspaced_property_l2,606,2277,7,0.547068253159523,0.6711358428001404
target_background,75,substitution_1pct_N_3pct,mlp_csp,cspaced_property_l2,606,2277,8,0.5267181495825449,0.6663740277290344
target_background,75,substitution_1pct_N_3pct,mlp_csp,cspaced_property_l2,606,2277,9,0.4876778125762939,0.666437029838562
target_background,75,substitution_1pct_N_3pct,mlp_csp,cspaced_property_l2,606,2277,10,0.4642718484004338,0.6700178980827332
target_background,75,substitution_1pct_N_3pct,mlp_csp,cspaced_property_l2,606,2277,11,0.426290954152743,0.6708312630653381
target_background,75,substitution_1pct_N_3pct,mlp_csp,cspaced_property_l2,606,2277,12,0.4039501498142878,0.6703485250473022
target_background,75,substitution_1pct_N_3pct,mlp_csp,cspaced_property_l2,606,2277,13,0.371976042787234,0.671879768371582
target_background,75,substitution_1pct_N_3pct,mlp_hybrid,hybrid_ckmer5_csp,606,2280,1,0.6925036311149597,0.6649267077445984
target_background,75,substitution_1pct_N_3pct,mlp_hybrid,hybrid_ckmer5_csp,606,2280,2,0.4399674038092295,0.6606529355049133
target_background,75,substitution_1pct_N_3pct,mlp_hybrid,hybrid_ckmer5_csp,606,2280,3,0.3035411288340886,0.655061662197113
target_background,75,substitution_1pct_N_3pct,mlp_hybrid,hybrid_ckmer5_csp,606,2280,4,0.2099572047591209,0.6553047299385071
target_background,75,substitution_1pct_N_3pct,mlp_hybrid,hybrid_ckmer5_csp,606,2280,5,0.1435041626294454,0.6602916121482849
target_background,75,substitution_1pct_N_3pct,mlp_hybrid,hybrid_ckmer5_csp,606,2280,6,0.0967675012846787,0.6743528246879578
target_background,75,substitution_1pct_N_3pct,mlp_hybrid,hybrid_ckmer5_csp,606,2280,7,0.0640001166611909,0.6866065859794617
target_background,75,substitution_1pct_N_3pct,mlp_hybrid,hybrid_ckmer5_csp,606,2280,8,0.0415738628556331,0.7035638093948364
target_background,75,substitution_1pct_N_3pct,cnn_onehot,onehot,606,2280,1,0.6944001615047455,0.6933652758598328
target_background,75,substitution_1pct_N_3pct,cnn_onehot,onehot,606,2280,2,0.6930901010831197,0.6920483708381653
target_background,75,substitution_1pct_N_3pct,cnn_onehot,onehot,606,2280,3,0.6849314868450165,0.6914681792259216
target_background,75,substitution_1pct_N_3pct,cnn_onehot,onehot,606,2280,4,0.6831816633542379,0.6909953951835632
target_background,75,substitution_1pct_N_3pct,cnn_onehot,onehot,606,2280,5,0.6800547937552134,0.6904454827308655
target_background,75,substitution_1pct_N_3pct,cnn_onehot,onehot,606,2280,6,0.6793817679087321,0.6897193789482117
target_background,75,substitution_1pct_N_3pct,cnn_onehot,onehot,606,2280,7,0.6741610964139303,0.6892707943916321
target_background,75,substitution_1pct_N_3pct,cnn_onehot,onehot,606,2280,8,0.6711731851100922,0.6886969804763794
target_background,75,substitution_1pct_N_3pct,cnn_onehot,onehot,606,2280,9,0.6675874392191569,0.6878613829612732
target_background,75,substitution_1pct_N_3pct,cnn_onehot,onehot,606,2280,10,0.6634592016537985,0.6872124075889587
target_background,75,substitution_1pct_N_3pct,cnn_onehot,onehot,606,2280,11,0.6616420447826385,0.6867003440856934
target_background,75,substitution_1pct_N_3pct,cnn_onehot,onehot,606,2280,12,0.6580439309279124,0.6857536435127258
target_background,75,substitution_1pct_N_3pct,cnn_onehot,onehot,606,2280,13,0.6537476678689321,0.6866795420646667
target_background,75,substitution_1pct_N_3pct,cnn_onehot,onehot,606,2280,14,0.6445762614409128,0.6850622892379761
target_background,75,substitution_1pct_N_3pct,cnn_onehot,onehot,606,2280,15,0.6415629386901855,0.6835991144180298
target_background,75,substitution_1pct_N_3pct,cnn_onehot,onehot,606,2280,16,0.6327663064002991,0.6831351518630981
target_background,75,substitution_1pct_N_3pct,cnn_onehot,onehot,606,2280,17,0.6269825597604116,0.6824218034744263
target_background,75,substitution_1pct_N_3pct,cnn_onehot,onehot,606,2280,18,0.6250850558280945,0.6888145208358765
target_background,75,substitution_1pct_N_3pct,cnn_onehot,onehot,606,2280,19,0.6225589215755463,0.6809332966804504
target_background,75,substitution_1pct_N_3pct,cnn_onehot,onehot,606,2280,20,0.6125843028227488,0.6847572922706604
target_background,75,substitution_1pct_N_3pct,cnn_onehot,onehot,606,2280,21,0.5976532697677612,0.6802484393119812
target_background,75,substitution_1pct_N_3pct,cnn_onehot,onehot,606,2280,22,0.5996188422044119,0.6793864369392395
target_background,75,substitution_1pct_N_3pct,cnn_onehot,onehot,606,2280,23,0.5843549072742462,0.6784929037094116
target_background,75,substitution_1pct_N_3pct,cnn_onehot,onehot,606,2280,24,0.5741138855616251,0.6783486604690552
target_background,75,substitution_1pct_N_3pct,cnn_property,property,606,2282,1,0.6983323295911154,0.691188395023346
target_background,75,substitution_1pct_N_3pct,cnn_property,property,606,2282,2,0.6907415390014648,0.6910046935081482
target_background,75,substitution_1pct_N_3pct,cnn_property,property,606,2282,3,0.6869195501009623,0.6901311278343201
target_background,75,substitution_1pct_N_3pct,cnn_property,property,606,2282,4,0.6842161615689596,0.6905398964881897
target_background,75,substitution_1pct_N_3pct,cnn_property,property,606,2282,5,0.6842900514602661,0.6905041337013245
target_background,75,substitution_1pct_N_3pct,cnn_property,property,606,2282,6,0.6796023547649384,0.6901116967201233
target_background,75,substitution_1pct_N_3pct,cnn_property,property,606,2282,7,0.6780737936496735,0.6925591230392456
target_background,75,substitution_1pct_N_3pct,cnn_property,property,606,2282,8,0.6776173611481985,0.6917226910591125
target_background,75,substitution_1pct_N_3pct,cnn_property,property,606,2282,9,0.6787720819314321,0.6891322731971741
target_background,75,substitution_1pct_N_3pct,cnn_property,property,606,2282,10,0.6728198428948721,0.6893070340156555
target_background,75,substitution_1pct_N_3pct,cnn_property,property,606,2282,11,0.6678668161233267,0.6896859407424927
target_background,75,substitution_1pct_N_3pct,cnn_property,property,606,2282,12,0.664974182844162,0.6901253461837769
target_background,75,substitution_1pct_N_3pct,cnn_property,property,606,2282,13,0.6622258722782135,0.6900862455368042
target_background,75,substitution_1pct_N_3pct,cnn_property,property,606,2282,14,0.6612419386704763,0.69061678647995
target_background,75,substitution_1pct_N_3pct,tiny_transformer_onehot,onehot,606,2293,1,0.699137399593989,0.6957899332046509
target_background,75,substitution_1pct_N_3pct,tiny_transformer_onehot,onehot,606,2293,2,0.6948521733283997,0.6924518346786499
target_background,75,substitution_1pct_N_3pct,tiny_transformer_onehot,onehot,606,2293,3,0.6920416454474131,0.6939184069633484
target_background,75,substitution_1pct_N_3pct,tiny_transformer_onehot,onehot,606,2293,4,0.6921148498853048,0.6953662037849426
target_background,75,substitution_1pct_N_3pct,tiny_transformer_onehot,onehot,606,2293,5,0.6846311191717783,0.694848358631134
target_background,75,substitution_1pct_N_3pct,tiny_transformer_onehot,onehot,606,2293,6,0.677388479312261,0.6982146501541138
target_background,75,substitution_1pct_N_3pct,tiny_transformer_onehot,onehot,606,2293,7,0.6796837449073792,0.6990877389907837
target_background,75,substitution_1pct_N_3pct,tiny_transformer_property,property,606,2295,1,0.7130349973837534,0.6941399574279785
target_background,75,substitution_1pct_N_3pct,tiny_transformer_property,property,606,2295,2,0.7018871307373047,0.7041159868240356
target_background,75,substitution_1pct_N_3pct,tiny_transformer_property,property,606,2295,3,0.6979716519514719,0.6913213729858398
target_background,75,substitution_1pct_N_3pct,tiny_transformer_property,property,606,2295,4,0.6928461492061615,0.6915316581726074
target_background,75,substitution_1pct_N_3pct,tiny_transformer_property,property,606,2295,5,0.6895674963792165,0.6886826157569885
target_background,75,substitution_1pct_N_3pct,tiny_transformer_property,property,606,2295,6,0.688215454419454,0.687065064907074
target_background,75,substitution_1pct_N_3pct,tiny_transformer_property,property,606,2295,7,0.6864574452241262,0.6866115927696228
target_background,75,substitution_1pct_N_3pct,tiny_transformer_property,property,606,2295,8,0.6855920354525248,0.6844139695167542
target_background,75,substitution_1pct_N_3pct,tiny_transformer_property,property,606,2295,9,0.6928055286407471,0.6843317747116089
target_background,75,substitution_1pct_N_3pct,tiny_transformer_property,property,606,2295,10,0.6754485666751862,0.6854723691940308
target_background,75,substitution_1pct_N_3pct,tiny_transformer_property,property,606,2295,11,0.6968521873156229,0.6930940747261047
target_background,75,substitution_1pct_N_3pct,tiny_transformer_property,property,606,2295,12,0.692957599957784,0.678617000579834
target_background,75,substitution_1pct_N_3pct,tiny_transformer_property,property,606,2295,13,0.6751543382803599,0.6855417490005493
target_background,75,substitution_1pct_N_3pct,tiny_transformer_property,property,606,2295,14,0.6916987498601278,0.6834695935249329
target_background,75,substitution_1pct_N_3pct,tiny_transformer_property,property,606,2295,15,0.6782358884811401,0.6776799559593201
target_background,75,substitution_1pct_N_3pct,tiny_transformer_property,property,606,2295,16,0.681875209013621,0.6766185164451599
target_background,75,substitution_1pct_N_3pct,tiny_transformer_property,property,606,2295,17,0.6802546679973602,0.6754055023193359
target_background,75,substitution_1pct_N_3pct,tiny_transformer_property,property,606,2295,18,0.6715604960918427,0.6720799803733826
target_background,75,substitution_1pct_N_3pct,tiny_transformer_property,property,606,2295,19,0.670014371474584,0.6702204942703247
target_background,75,substitution_1pct_N_3pct,tiny_transformer_property,property,606,2295,20,0.669585645198822,0.6689635515213013
target_background,75,substitution_1pct_N_3pct,tiny_transformer_property,property,606,2295,21,0.6728731294473013,0.6688780784606934
target_background,75,substitution_1pct_N_3pct,tiny_transformer_property,property,606,2295,22,0.6667717198530833,0.6663182377815247
target_background,75,substitution_1pct_N_3pct,tiny_transformer_property,property,606,2295,23,0.6699142555395762,0.6696068644523621
target_background,75,substitution_1pct_N_3pct,tiny_transformer_property,property,606,2295,24,0.667086144288381,0.6654126048088074
global_species,75,substitution_1pct_N_3pct,mlp_ckmer5,ckmer5_count_l2,606,2241,1,3.036332050959269,2.9865376949310303
global_species,75,substitution_1pct_N_3pct,mlp_ckmer5,ckmer5_count_l2,606,2241,2,2.5632847944895425,2.90816330909729
global_species,75,substitution_1pct_N_3pct,mlp_ckmer5,ckmer5_count_l2,606,2241,3,2.193087915579478,2.839768886566162
global_species,75,substitution_1pct_N_3pct,mlp_ckmer5,ckmer5_count_l2,606,2241,4,1.8299482762813568,2.788844108581543
global_species,75,substitution_1pct_N_3pct,mlp_ckmer5,ckmer5_count_l2,606,2241,5,1.4709019263585408,2.759995222091675
global_species,75,substitution_1pct_N_3pct,mlp_ckmer5,ckmer5_count_l2,606,2241,6,1.1402739485104878,2.7499754428863525
global_species,75,substitution_1pct_N_3pct,mlp_ckmer5,ckmer5_count_l2,606,2241,7,0.8454690823952357,2.7635769844055176
global_species,75,substitution_1pct_N_3pct,mlp_ckmer5,ckmer5_count_l2,606,2241,8,0.6104387988646826,2.7982053756713867
global_species,75,substitution_1pct_N_3pct,mlp_ckmer5,ckmer5_count_l2,606,2241,9,0.4312881529331207,2.838801622390747
global_species,75,substitution_1pct_N_3pct,mlp_ckmer5,ckmer5_count_l2,606,2241,10,0.3041792437434196,2.8862521648406982
global_species,75,substitution_1pct_N_3pct,mlp_ckmer5,ckmer5_count_l2,606,2241,11,0.2212760920325915,2.934498071670532
global_species,75,substitution_1pct_N_3pct,mlp_csp,cspaced_property_l2,606,2238,1,3.056014140446981,3.013251543045044
global_species,75,substitution_1pct_N_3pct,mlp_csp,cspaced_property_l2,606,2238,2,2.9269485672314963,2.938800811767578
global_species,75,substitution_1pct_N_3pct,mlp_csp,cspaced_property_l2,606,2238,3,2.820005079110464,2.8658132553100586
global_species,75,substitution_1pct_N_3pct,mlp_csp,cspaced_property_l2,606,2238,4,2.715725600719452,2.7943930625915527
global_species,75,substitution_1pct_N_3pct,mlp_csp,cspaced_property_l2,606,2238,5,2.6129392782847085,2.7296276092529297
global_species,75,substitution_1pct_N_3pct,mlp_csp,cspaced_property_l2,606,2238,6,2.510986546675364,2.6756207942962646
global_species,75,substitution_1pct_N_3pct,mlp_csp,cspaced_property_l2,606,2238,7,2.4158003528912864,2.6319355964660645
global_species,75,substitution_1pct_N_3pct,mlp_csp,cspaced_property_l2,606,2238,8,2.323749581972758,2.595184326171875
global_species,75,substitution_1pct_N_3pct,mlp_csp,cspaced_property_l2,606,2238,9,2.2393776377042136,2.568509101867676
global_species,75,substitution_1pct_N_3pct,mlp_csp,cspaced_property_l2,606,2238,10,2.15583927432696,2.5488879680633545
global_species,75,substitution_1pct_N_3pct,mlp_csp,cspaced_property_l2,606,2238,11,2.077331999937693,2.529775857925415
global_species,75,substitution_1pct_N_3pct,mlp_csp,cspaced_property_l2,606,2238,12,1.999839852253596,2.516605854034424
global_species,75,substitution_1pct_N_3pct,mlp_csp,cspaced_property_l2,606,2238,13,1.9197758038838704,2.508190870285034
global_species,75,substitution_1pct_N_3pct,mlp_csp,cspaced_property_l2,606,2238,14,1.844963550567627,2.4982643127441406
global_species,75,substitution_1pct_N_3pct,mlp_csp,cspaced_property_l2,606,2238,15,1.7715666890144348,2.4946255683898926
global_species,75,substitution_1pct_N_3pct,mlp_csp,cspaced_property_l2,606,2238,16,1.696902851263682,2.4940364360809326
global_species,75,substitution_1pct_N_3pct,mlp_csp,cspaced_property_l2,606,2238,17,1.6231008768081665,2.49391770362854
global_species,75,substitution_1pct_N_3pct,mlp_csp,cspaced_property_l2,606,2238,18,1.551218678553899,2.4969820976257324
global_species,75,substitution_1pct_N_3pct,mlp_csp,cspaced_property_l2,606,2238,19,1.4835506478945415,2.4967966079711914
global_species,75,substitution_1pct_N_3pct,mlp_csp,cspaced_property_l2,606,2238,20,1.4150084654490154,2.5069172382354736
global_species,75,substitution_1pct_N_3pct,mlp_csp,cspaced_property_l2,606,2238,21,1.3483525315920513,2.5149803161621094
global_species,75,substitution_1pct_N_3pct,mlp_csp,cspaced_property_l2,606,2238,22,1.2848091622193654,2.5254085063934326
global_species,75,substitution_1pct_N_3pct,mlp_hybrid,hybrid_ckmer5_csp,606,2241,1,2.983625670274099,2.904682874679565
global_species,75,substitution_1pct_N_3pct,mlp_hybrid,hybrid_ckmer5_csp,606,2241,2,2.378797252972921,2.784823179244995
global_species,75,substitution_1pct_N_3pct,mlp_hybrid,hybrid_ckmer5_csp,606,2241,3,1.9352697432041168,2.711329698562622
global_species,75,substitution_1pct_N_3pct,mlp_hybrid,hybrid_ckmer5_csp,606,2241,4,1.5362303753693898,2.6768808364868164
global_species,75,substitution_1pct_N_3pct,mlp_hybrid,hybrid_ckmer5_csp,606,2241,5,1.1610540648301442,2.673553705215454
global_species,75,substitution_1pct_N_3pct,mlp_hybrid,hybrid_ckmer5_csp,606,2241,6,0.8429673512776693,2.682469606399536
global_species,75,substitution_1pct_N_3pct,mlp_hybrid,hybrid_ckmer5_csp,606,2241,7,0.5816381623347601,2.707480907440185
global_species,75,substitution_1pct_N_3pct,mlp_hybrid,hybrid_ckmer5_csp,606,2241,8,0.3964325462778409,2.748966693878174
global_species,75,substitution_1pct_N_3pct,mlp_hybrid,hybrid_ckmer5_csp,606,2241,9,0.2726362782220046,2.790714979171753
global_species,75,substitution_1pct_N_3pct,mlp_hybrid,hybrid_ckmer5_csp,606,2241,10,0.1905694777766863,2.8368825912475586
global_species,75,substitution_1pct_N_3pct,cnn_onehot,onehot,606,2241,1,3.0559794704119363,3.046236276626587
global_species,75,substitution_1pct_N_3pct,cnn_onehot,onehot,606,2241,2,3.0414086182912192,3.04304313659668
global_species,75,substitution_1pct_N_3pct,cnn_onehot,onehot,606,2241,3,3.033546646436056,3.040134906768799
global_species,75,substitution_1pct_N_3pct,cnn_onehot,onehot,606,2241,4,3.0255997578303018,3.036892890930176
global_species,75,substitution_1pct_N_3pct,cnn_onehot,onehot,606,2241,5,3.017515480518341,3.0333564281463623
global_species,75,substitution_1pct_N_3pct,cnn_onehot,onehot,606,2241,6,3.0092708667119346,3.02894139289856
global_species,75,substitution_1pct_N_3pct,cnn_onehot,onehot,606,2241,7,2.9985643227895102,3.0220367908477783
global_species,75,substitution_1pct_N_3pct,cnn_onehot,onehot,606,2241,8,2.986519515514374,3.014073133468628
global_species,75,substitution_1pct_N_3pct,cnn_onehot,onehot,606,2241,9,2.9697742660840354,3.0019776821136475
global_species,75,substitution_1pct_N_3pct,cnn_onehot,onehot,606,2241,10,2.951855798562368,2.9844791889190674
global_species,75,substitution_1pct_N_3pct,cnn_onehot,onehot,606,2241,11,2.9217742284139,2.9604604244232178
global_species,75,substitution_1pct_N_3pct,cnn_onehot,onehot,606,2241,12,2.8872971733411155,2.931422710418701
global_species,75,substitution_1pct_N_3pct,cnn_onehot,onehot,606,2241,13,2.8441283305486045,2.8926448822021484
global_species,75,substitution_1pct_N_3pct,cnn_onehot,onehot,606,2241,14,2.7897039453188577,2.8500173091888428
global_species,75,substitution_1pct_N_3pct,cnn_onehot,onehot,606,2241,15,2.731606046358744,2.8063225746154785
global_species,75,substitution_1pct_N_3pct,cnn_onehot,onehot,606,2241,16,2.6790479818979898,2.7660274505615234
global_species,75,substitution_1pct_N_3pct,cnn_onehot,onehot,606,2241,17,2.626725494861603,2.729802131652832
global_species,75,substitution_1pct_N_3pct,cnn_onehot,onehot,606,2241,18,2.5770208835601807,2.7100086212158203
global_species,75,substitution_1pct_N_3pct,cnn_onehot,onehot,606,2241,19,2.541855732599894,2.686490058898926
global_species,75,substitution_1pct_N_3pct,cnn_onehot,onehot,606,2241,20,2.495962381362915,2.6714353561401367
global_species,75,substitution_1pct_N_3pct,cnn_onehot,onehot,606,2241,21,2.467896739641825,2.6648645401000977
global_species,75,substitution_1pct_N_3pct,cnn_onehot,onehot,606,2241,22,2.4414032300313315,2.66084098815918
global_species,75,substitution_1pct_N_3pct,cnn_onehot,onehot,606,2241,23,2.4025258819262185,2.6545143127441406
global_species,75,substitution_1pct_N_3pct,cnn_onehot,onehot,606,2241,24,2.3811368147532144,2.6588799953460693
global_species,75,substitution_1pct_N_3pct,cnn_property,property,606,2243,1,3.052833755811056,3.0444018840789795
global_species,75,substitution_1pct_N_3pct,cnn_property,property,606,2243,2,3.041340251763662,3.042076826095581
global_species,75,substitution_1pct_N_3pct,cnn_property,property,606,2243,3,3.035072088241577,3.039604663848877
global_species,75,substitution_1pct_N_3pct,cnn_property,property,606,2243,4,3.0292784770329795,3.036783695220948
global_species,75,substitution_1pct_N_3pct,cnn_property,property,606,2243,5,3.023804267247518,3.03422474861145
global_species,75,substitution_1pct_N_3pct,cnn_property,property,606,2243,6,3.017516831556956,3.030087471008301
global_species,75,substitution_1pct_N_3pct,cnn_property,property,606,2243,7,3.009764273961385,3.0247344970703125
global_species,75,substitution_1pct_N_3pct,cnn_property,property,606,2243,8,2.9998096028963723,3.0179243087768555
global_species,75,substitution_1pct_N_3pct,cnn_property,property,606,2243,9,2.990427613258362,3.0094869136810303
global_species,75,substitution_1pct_N_3pct,cnn_property,property,606,2243,10,2.9747314055760703,2.99616813659668
global_species,75,substitution_1pct_N_3pct,cnn_property,property,606,2243,11,2.956667939821879,2.9800844192504883
global_species,75,substitution_1pct_N_3pct,cnn_property,property,606,2243,12,2.928185522556305,2.954859733581543
global_species,75,substitution_1pct_N_3pct,cnn_property,property,606,2243,13,2.89766256014506,2.9257373809814453
global_species,75,substitution_1pct_N_3pct,cnn_property,property,606,2243,14,2.8603920141855874,2.888050079345703
global_species,75,substitution_1pct_N_3pct,cnn_property,property,606,2243,15,2.814853330453237,2.8479602336883545
global_species,75,substitution_1pct_N_3pct,cnn_property,property,606,2243,16,2.767323851585388,2.8049590587615967
global_species,75,substitution_1pct_N_3pct,cnn_property,property,606,2243,17,2.7173445224761963,2.7646100521087646
global_species,75,substitution_1pct_N_3pct,cnn_property,property,606,2243,18,2.6706745823224387,2.7408342361450195
global_species,75,substitution_1pct_N_3pct,cnn_property,property,606,2243,19,2.629360874493917,2.69927191734314
global_species,75,substitution_1pct_N_3pct,cnn_property,property,606,2243,20,2.5934088826179504,2.676870107650757
global_species,75,substitution_1pct_N_3pct,cnn_property,property,606,2243,21,2.574125289916992,2.6702089309692383
global_species,75,substitution_1pct_N_3pct,cnn_property,property,606,2243,22,2.5443836649258933,2.641952991485596
global_species,75,substitution_1pct_N_3pct,cnn_property,property,606,2243,23,2.500546117623647,2.631852865219116
global_species,75,substitution_1pct_N_3pct,cnn_property,property,606,2243,24,2.487309575080872,2.6190109252929688
global_species,75,substitution_1pct_N_3pct,tiny_transformer_onehot,onehot,606,2254,1,3.157261312007904,3.0698935985565186
global_species,75,substitution_1pct_N_3pct,tiny_transformer_onehot,onehot,606,2254,2,3.051966687043508,3.0422372817993164
global_species,75,substitution_1pct_N_3pct,tiny_transformer_onehot,onehot,606,2254,3,3.0348076224327087,3.019379138946533
global_species,75,substitution_1pct_N_3pct,tiny_transformer_onehot,onehot,606,2254,4,3.016372740268708,3.0008692741394043
global_species,75,substitution_1pct_N_3pct,tiny_transformer_onehot,onehot,606,2254,5,2.995966692765554,2.981632947921753
global_species,75,substitution_1pct_N_3pct,tiny_transformer_onehot,onehot,606,2254,6,2.970835189024607,2.9557106494903564
global_species,75,substitution_1pct_N_3pct,tiny_transformer_onehot,onehot,606,2254,7,2.9459329644838967,2.9195632934570312
global_species,75,substitution_1pct_N_3pct,tiny_transformer_onehot,onehot,606,2254,8,2.901181062062581,2.870793581008911
global_species,75,substitution_1pct_N_3pct,tiny_transformer_onehot,onehot,606,2254,9,2.857600847880045,2.82148551940918
global_species,75,substitution_1pct_N_3pct,tiny_transformer_onehot,onehot,606,2254,10,2.7935100197792053,2.751940965652466
global_species,75,substitution_1pct_N_3pct,tiny_transformer_onehot,onehot,606,2254,11,2.730803291002909,2.6925923824310303
global_species,75,substitution_1pct_N_3pct,tiny_transformer_onehot,onehot,606,2254,12,2.6653849283854165,2.6387388706207275
global_species,75,substitution_1pct_N_3pct,tiny_transformer_onehot,onehot,606,2254,13,2.6292972366015115,2.586390972137451
global_species,75,substitution_1pct_N_3pct,tiny_transformer_onehot,onehot,606,2254,14,2.586726665496826,2.560595989227295
global_species,75,substitution_1pct_N_3pct,tiny_transformer_onehot,onehot,606,2254,15,2.567059655984243,2.551022291183472
global_species,75,substitution_1pct_N_3pct,tiny_transformer_onehot,onehot,606,2254,16,2.540805657704672,2.535762548446656
global_species,75,substitution_1pct_N_3pct,tiny_transformer_onehot,onehot,606,2254,17,2.5197399854660034,2.530239582061768
global_species,75,substitution_1pct_N_3pct,tiny_transformer_onehot,onehot,606,2254,18,2.5009968876838684,2.524056434631348
global_species,75,substitution_1pct_N_3pct,tiny_transformer_onehot,onehot,606,2254,19,2.5109140475591025,2.525984287261963
global_species,75,substitution_1pct_N_3pct,tiny_transformer_onehot,onehot,606,2254,20,2.510908961296081,2.517007827758789
global_species,75,substitution_1pct_N_3pct,tiny_transformer_onehot,onehot,606,2254,21,2.4705860217412314,2.5085978507995605
global_species,75,substitution_1pct_N_3pct,tiny_transformer_onehot,onehot,606,2254,22,2.4582536816596985,2.500258207321167
global_species,75,substitution_1pct_N_3pct,tiny_transformer_onehot,onehot,606,2254,23,2.445987562338511,2.51127552986145
global_species,75,substitution_1pct_N_3pct,tiny_transformer_onehot,onehot,606,2254,24,2.444997032483419,2.513239622116089
global_species,75,substitution_1pct_N_3pct,tiny_transformer_property,property,606,2256,1,3.1022590001424155,3.072176933288574
global_species,75,substitution_1pct_N_3pct,tiny_transformer_property,property,606,2256,2,3.057722965876261,3.051820516586304
global_species,75,substitution_1pct_N_3pct,tiny_transformer_property,property,606,2256,3,3.040745973587036,3.0369203090667725
global_species,75,substitution_1pct_N_3pct,tiny_transformer_property,property,606,2256,4,3.027313152949015,3.025176763534546
global_species,75,substitution_1pct_N_3pct,tiny_transformer_property,property,606,2256,5,3.020268122355143,3.0107650756835938
global_species,75,substitution_1pct_N_3pct,tiny_transformer_property,property,606,2256,6,2.997241199016571,2.986978769302368
global_species,75,substitution_1pct_N_3pct,tiny_transformer_property,property,606,2256,7,2.970632751782736,2.951371431350708
global_species,75,substitution_1pct_N_3pct,tiny_transformer_property,property,606,2256,8,2.927133401234945,2.9028892517089844
global_species,75,substitution_1pct_N_3pct,tiny_transformer_property,property,606,2256,9,2.8714723587036133,2.850278854370117
global_species,75,substitution_1pct_N_3pct,tiny_transformer_property,property,606,2256,10,2.804521401723226,2.8057007789611816
global_species,75,substitution_1pct_N_3pct,tiny_transformer_property,property,606,2256,11,2.743249535560608,2.7052810192108154
global_species,75,substitution_1pct_N_3pct,tiny_transformer_property,property,606,2256,12,2.675198753674825,2.6644113063812256
global_species,75,substitution_1pct_N_3pct,tiny_transformer_property,property,606,2256,13,2.618395527203878,2.616005182266236
global_species,75,substitution_1pct_N_3pct,tiny_transformer_property,property,606,2256,14,2.5782410502433777,2.58148193359375
global_species,75,substitution_1pct_N_3pct,tiny_transformer_property,property,606,2256,15,2.557152410348257,2.576876163482666
global_species,75,substitution_1pct_N_3pct,tiny_transformer_property,property,606,2256,16,2.5404017170270285,2.569453954696656
global_species,75,substitution_1pct_N_3pct,tiny_transformer_property,property,606,2256,17,2.534278551737468,2.555501937866211
global_species,75,substitution_1pct_N_3pct,tiny_transformer_property,property,606,2256,18,2.5252700448036194,2.547520637512207
global_species,75,substitution_1pct_N_3pct,tiny_transformer_property,property,606,2256,19,2.520759562651316,2.553783416748047
global_species,75,substitution_1pct_N_3pct,tiny_transformer_property,property,606,2256,20,2.5052887399991355,2.5323872566223145
global_species,75,substitution_1pct_N_3pct,tiny_transformer_property,property,606,2256,21,2.496144930521647,2.5416958332061768
global_species,75,substitution_1pct_N_3pct,tiny_transformer_property,property,606,2256,22,2.497992773850759,2.529139995574951
global_species,75,substitution_1pct_N_3pct,tiny_transformer_property,property,606,2256,23,2.477374871571859,2.530273914337158
global_species,75,substitution_1pct_N_3pct,tiny_transformer_property,property,606,2256,24,2.471669614315033,2.51794695854187
within_genus_species:Enterobacter,75,substitution_1pct_N_3pct,mlp_ckmer5,ckmer5_count_l2,606,2488,1,1.6547319889068604,1.639311671257019
within_genus_species:Enterobacter,75,substitution_1pct_N_3pct,mlp_ckmer5,ckmer5_count_l2,606,2488,2,1.3641867637634275,1.6429935693740845
within_genus_species:Enterobacter,75,substitution_1pct_N_3pct,mlp_ckmer5,ckmer5_count_l2,606,2488,3,1.1583664814631145,1.6485587358474731
within_genus_species:Enterobacter,75,substitution_1pct_N_3pct,mlp_ckmer5,ckmer5_count_l2,606,2488,4,0.9776570796966552,1.6557068824768066
within_genus_species:Enterobacter,75,substitution_1pct_N_3pct,mlp_ckmer5,ckmer5_count_l2,606,2488,5,0.8231055935223898,1.6661694049835205
within_genus_species:Enterobacter,75,substitution_1pct_N_3pct,mlp_ckmer5,ckmer5_count_l2,606,2488,6,0.687230388323466,1.6785181760787964
within_genus_species:Enterobacter,75,substitution_1pct_N_3pct,mlp_csp,cspaced_property_l2,606,2485,1,1.5968968868255615,1.6920067071914673
within_genus_species:Enterobacter,75,substitution_1pct_N_3pct,mlp_csp,cspaced_property_l2,606,2485,2,1.5334072907765706,1.69084370136261
within_genus_species:Enterobacter,75,substitution_1pct_N_3pct,mlp_csp,cspaced_property_l2,606,2485,3,1.4833747148513794,1.6895376443862915
within_genus_species:Enterobacter,75,substitution_1pct_N_3pct,mlp_csp,cspaced_property_l2,606,2485,4,1.433437466621399,1.6911921501159668
within_genus_species:Enterobacter,75,substitution_1pct_N_3pct,mlp_csp,cspaced_property_l2,606,2485,5,1.387136975924174,1.6937141418457031
within_genus_species:Enterobacter,75,substitution_1pct_N_3pct,mlp_csp,cspaced_property_l2,606,2485,6,1.342117706934611,1.6961649656295776
within_genus_species:Enterobacter,75,substitution_1pct_N_3pct,mlp_csp,cspaced_property_l2,606,2485,7,1.3065955638885498,1.699940204620361
within_genus_species:Enterobacter,75,substitution_1pct_N_3pct,mlp_csp,cspaced_property_l2,606,2485,8,1.2681788206100464,1.7038116455078125
within_genus_species:Enterobacter,75,substitution_1pct_N_3pct,mlp_hybrid,hybrid_ckmer5_csp,606,2488,1,1.6524665753046672,1.640212059020996
within_genus_species:Enterobacter,75,substitution_1pct_N_3pct,mlp_hybrid,hybrid_ckmer5_csp,606,2488,2,1.2760897080103557,1.6435502767562866
within_genus_species:Enterobacter,75,substitution_1pct_N_3pct,mlp_hybrid,hybrid_ckmer5_csp,606,2488,3,1.0246730248133342,1.6481136083602903
within_genus_species:Enterobacter,75,substitution_1pct_N_3pct,mlp_hybrid,hybrid_ckmer5_csp,606,2488,4,0.8214607040087382,1.65447199344635
within_genus_species:Enterobacter,75,substitution_1pct_N_3pct,mlp_hybrid,hybrid_ckmer5_csp,606,2488,5,0.6519909103711446,1.6655223369598389
within_genus_species:Enterobacter,75,substitution_1pct_N_3pct,mlp_hybrid,hybrid_ckmer5_csp,606,2488,6,0.5158046384652456,1.679457426071167
within_genus_species:Enterobacter,75,substitution_1pct_N_3pct,cnn_onehot,onehot,606,2488,1,1.6284698247909546,1.6177432537078855
within_genus_species:Enterobacter,75,substitution_1pct_N_3pct,cnn_onehot,onehot,606,2488,2,1.6129279534022014,1.6153602600097656
within_genus_species:Enterobacter,75,substitution_1pct_N_3pct,cnn_onehot,onehot,606,2488,3,1.6070464849472046,1.6144717931747437
within_genus_species:Enterobacter,75,substitution_1pct_N_3pct,cnn_onehot,onehot,606,2488,4,1.5993669033050537,1.6135724782943726
within_genus_species:Enterobacter,75,substitution_1pct_N_3pct,cnn_onehot,onehot,606,2488,5,1.5936375856399536,1.6130945682525637
within_genus_species:Enterobacter,75,substitution_1pct_N_3pct,cnn_onehot,onehot,606,2488,6,1.590061902999878,1.6127595901489258
within_genus_species:Enterobacter,75,substitution_1pct_N_3pct,cnn_onehot,onehot,606,2488,7,1.585295557975769,1.6125390529632568
within_genus_species:Enterobacter,75,substitution_1pct_N_3pct,cnn_onehot,onehot,606,2488,8,1.581119378407796,1.6118149757385254
within_genus_species:Enterobacter,75,substitution_1pct_N_3pct,cnn_onehot,onehot,606,2488,9,1.5775340398152669,1.6118178367614746
within_genus_species:Enterobacter,75,substitution_1pct_N_3pct,cnn_onehot,onehot,606,2488,10,1.5741629600524902,1.6114866733551023
within_genus_species:Enterobacter,75,substitution_1pct_N_3pct,cnn_onehot,onehot,606,2488,11,1.571793794631958,1.6112678050994873
within_genus_species:Enterobacter,75,substitution_1pct_N_3pct,cnn_onehot,onehot,606,2488,12,1.5673004388809204,1.6106470823287964
within_genus_species:Enterobacter,75,substitution_1pct_N_3pct,cnn_onehot,onehot,606,2488,13,1.5639320214589436,1.6098390817642212
within_genus_species:Enterobacter,75,substitution_1pct_N_3pct,cnn_onehot,onehot,606,2488,14,1.5600661436716716,1.609522581100464
within_genus_species:Enterobacter,75,substitution_1pct_N_3pct,cnn_onehot,onehot,606,2488,15,1.55613374710083,1.6093052625656128
within_genus_species:Enterobacter,75,substitution_1pct_N_3pct,cnn_onehot,onehot,606,2488,16,1.5523569186528523,1.6085572242736816
within_genus_species:Enterobacter,75,substitution_1pct_N_3pct,cnn_onehot,onehot,606,2488,17,1.5484192371368408,1.6073237657546997
within_genus_species:Enterobacter,75,substitution_1pct_N_3pct,cnn_onehot,onehot,606,2488,18,1.5467205047607422,1.6065655946731567
within_genus_species:Enterobacter,75,substitution_1pct_N_3pct,cnn_onehot,onehot,606,2488,19,1.5390825668970745,1.606603503227234
within_genus_species:Enterobacter,75,substitution_1pct_N_3pct,cnn_onehot,onehot,606,2488,20,1.5357123215993245,1.6070107221603394
within_genus_species:Enterobacter,75,substitution_1pct_N_3pct,cnn_onehot,onehot,606,2488,21,1.5298945506413777,1.6066138744354248
within_genus_species:Enterobacter,75,substitution_1pct_N_3pct,cnn_onehot,onehot,606,2488,22,1.5259484847386675,1.6065549850463867
within_genus_species:Enterobacter,75,substitution_1pct_N_3pct,cnn_onehot,onehot,606,2488,23,1.52044943968455,1.6062510013580322
within_genus_species:Enterobacter,75,substitution_1pct_N_3pct,cnn_onehot,onehot,606,2488,24,1.5139122009277344,1.606167554855347
within_genus_species:Enterobacter,75,substitution_1pct_N_3pct,cnn_property,property,606,2490,1,1.615208625793457,1.608199119567871
within_genus_species:Enterobacter,75,substitution_1pct_N_3pct,cnn_property,property,606,2490,2,1.6066274642944336,1.607483148574829
within_genus_species:Enterobacter,75,substitution_1pct_N_3pct,cnn_property,property,606,2490,3,1.6013339757919312,1.608543038368225
within_genus_species:Enterobacter,75,substitution_1pct_N_3pct,cnn_property,property,606,2490,4,1.5994240442911785,1.6089686155319214
within_genus_species:Enterobacter,75,substitution_1pct_N_3pct,cnn_property,property,606,2490,5,1.5958603620529177,1.6092417240142822
within_genus_species:Enterobacter,75,substitution_1pct_N_3pct,cnn_property,property,606,2490,6,1.592408339182536,1.608426570892334
within_genus_species:Enterobacter,75,substitution_1pct_N_3pct,cnn_property,property,606,2490,7,1.59063454469045,1.6083091497421265
within_genus_species:Enterobacter,75,substitution_1pct_N_3pct,tiny_transformer_onehot,onehot,606,2501,1,1.7959796984990437,1.7037999629974363
within_genus_species:Enterobacter,75,substitution_1pct_N_3pct,tiny_transformer_onehot,onehot,606,2501,2,1.7183068593343098,1.6608420610427856
within_genus_species:Enterobacter,75,substitution_1pct_N_3pct,tiny_transformer_onehot,onehot,606,2501,3,1.6752831935882568,1.6387488842010498
within_genus_species:Enterobacter,75,substitution_1pct_N_3pct,tiny_transformer_onehot,onehot,606,2501,4,1.6453309853871665,1.621595025062561
within_genus_species:Enterobacter,75,substitution_1pct_N_3pct,tiny_transformer_onehot,onehot,606,2501,5,1.6264554262161257,1.615885853767395
within_genus_species:Enterobacter,75,substitution_1pct_N_3pct,tiny_transformer_onehot,onehot,606,2501,6,1.6151669025421145,1.614663004875183
within_genus_species:Enterobacter,75,substitution_1pct_N_3pct,tiny_transformer_onehot,onehot,606,2501,7,1.6180776357650757,1.6193758249282837
within_genus_species:Enterobacter,75,substitution_1pct_N_3pct,tiny_transformer_onehot,onehot,606,2501,8,1.6141387621561687,1.620225429534912
within_genus_species:Enterobacter,75,substitution_1pct_N_3pct,tiny_transformer_onehot,onehot,606,2501,9,1.6207921107610066,1.62052583694458
within_genus_species:Enterobacter,75,substitution_1pct_N_3pct,tiny_transformer_onehot,onehot,606,2501,10,1.616479794184367,1.6189223527908323
within_genus_species:Enterobacter,75,substitution_1pct_N_3pct,tiny_transformer_onehot,onehot,606,2501,11,1.6165600220362346,1.6179227828979492
within_genus_species:Enterobacter,75,substitution_1pct_N_3pct,tiny_transformer_property,property,606,2503,1,1.7266862392425537,1.647408127784729
within_genus_species:Enterobacter,75,substitution_1pct_N_3pct,tiny_transformer_property,property,606,2503,2,1.632962663968404,1.611112356185913
within_genus_species:Enterobacter,75,substitution_1pct_N_3pct,tiny_transformer_property,property,606,2503,3,1.612746238708496,1.6135125160217283
within_genus_species:Enterobacter,75,substitution_1pct_N_3pct,tiny_transformer_property,property,606,2503,4,1.6220866441726685,1.6188180446624756
within_genus_species:Enterobacter,75,substitution_1pct_N_3pct,tiny_transformer_property,property,606,2503,5,1.6245094537734983,1.617858648300171
within_genus_species:Enterobacter,75,substitution_1pct_N_3pct,tiny_transformer_property,property,606,2503,6,1.6177257696787517,1.6120595932006836
within_genus_species:Enterobacter,75,substitution_1pct_N_3pct,tiny_transformer_property,property,606,2503,7,1.6073757410049438,1.6078909635543823
within_genus_species:Enterobacter,75,substitution_1pct_N_3pct,tiny_transformer_property,property,606,2503,8,1.604495604832967,1.6072908639907837
within_genus_species:Enterobacter,75,substitution_1pct_N_3pct,tiny_transformer_property,property,606,2503,9,1.608373800913493,1.6094541549682615
within_genus_species:Enterobacter,75,substitution_1pct_N_3pct,tiny_transformer_property,property,606,2503,10,1.604670246442159,1.6086249351501465
within_genus_species:Enterobacter,75,substitution_1pct_N_3pct,tiny_transformer_property,property,606,2503,11,1.6065035263697307,1.608439326286316
within_genus_species:Enterobacter,75,substitution_1pct_N_3pct,tiny_transformer_property,property,606,2503,12,1.6055274804433186,1.6078119277954102
within_genus_species:Enterobacter,75,substitution_1pct_N_3pct,tiny_transformer_property,property,606,2503,13,1.6027499039967854,1.6070456504821775
within_genus_species:Enterobacter,75,substitution_1pct_N_3pct,tiny_transformer_property,property,606,2503,14,1.603193958600362,1.6073179244995115
within_genus_species:Enterobacter,75,substitution_1pct_N_3pct,tiny_transformer_property,property,606,2503,15,1.5992589394251506,1.6075208187103271
within_genus_species:Enterobacter,75,substitution_1pct_N_3pct,tiny_transformer_property,property,606,2503,16,1.60029931863149,1.60883629322052
within_genus_species:Enterobacter,75,substitution_1pct_N_3pct,tiny_transformer_property,property,606,2503,17,1.6003402471542358,1.60870099067688
within_genus_species:Enterobacter,75,substitution_1pct_N_3pct,tiny_transformer_property,property,606,2503,18,1.5989460547765095,1.607812523841858
target_background,100,clean,mlp_ckmer5,ckmer5_count_l2,606,2572,1,0.6840320924917856,0.6835908889770508
target_background,100,clean,mlp_ckmer5,ckmer5_count_l2,606,2572,2,0.4814451336860657,0.68537837266922
target_background,100,clean,mlp_ckmer5,ckmer5_count_l2,606,2572,3,0.3716682990392049,0.6982006430625916
target_background,100,clean,mlp_ckmer5,ckmer5_count_l2,606,2572,4,0.2702444593111674,0.7170920372009277
target_background,100,clean,mlp_ckmer5,ckmer5_count_l2,606,2572,5,0.1904333705703417,0.7498618364334106
target_background,100,clean,mlp_ckmer5,ckmer5_count_l2,606,2572,6,0.1396392360329628,0.7965803146362305
target_background,100,clean,mlp_csp,cspaced_property_l2,606,2569,1,0.6867312689622244,0.7091215252876282
target_background,100,clean,mlp_csp,cspaced_property_l2,606,2569,2,0.6189800401528677,0.7137783765792847
target_background,100,clean,mlp_csp,cspaced_property_l2,606,2569,3,0.6347928543885549,0.7261615991592407
target_background,100,clean,mlp_csp,cspaced_property_l2,606,2569,4,0.5741971035798391,0.7278733253479004
target_background,100,clean,mlp_csp,cspaced_property_l2,606,2569,5,0.6076410214106241,0.7302979826927185
target_background,100,clean,mlp_csp,cspaced_property_l2,606,2569,6,0.5356511225303014,0.7272607684135437
target_background,100,clean,mlp_hybrid,hybrid_ckmer5_csp,606,2572,1,0.6965443591276804,0.7304501533508301
target_background,100,clean,mlp_hybrid,hybrid_ckmer5_csp,606,2572,2,0.4570569942394892,0.7445692420005798
target_background,100,clean,mlp_hybrid,hybrid_ckmer5_csp,606,2572,3,0.3372337569793065,0.7588408589363098
target_background,100,clean,mlp_hybrid,hybrid_ckmer5_csp,606,2572,4,0.2366462796926498,0.778365433216095
target_background,100,clean,mlp_hybrid,hybrid_ckmer5_csp,606,2572,5,0.1613878384232521,0.8284055590629578
target_background,100,clean,mlp_hybrid,hybrid_ckmer5_csp,606,2572,6,0.1150164815286795,0.8877431750297546
target_background,100,clean,cnn_onehot,onehot,606,2572,1,0.6958254973093668,0.6953954696655273
target_background,100,clean,cnn_onehot,onehot,606,2572,2,0.6884159743785858,0.6947428584098816
target_background,100,clean,cnn_onehot,onehot,606,2572,3,0.686694473028183,0.6943977475166321
target_background,100,clean,cnn_onehot,onehot,606,2572,4,0.6814493934313456,0.6942723989486694
target_background,100,clean,cnn_onehot,onehot,606,2572,5,0.6813859641551971,0.694908082485199
target_background,100,clean,cnn_onehot,onehot,606,2572,6,0.6795702377955118,0.6946664452552795
target_background,100,clean,cnn_onehot,onehot,606,2572,7,0.6759324173132578,0.6938358545303345
target_background,100,clean,cnn_onehot,onehot,606,2572,8,0.6726427475611368,0.6936531662940979
target_background,100,clean,cnn_onehot,onehot,606,2572,9,0.6724458336830139,0.69399493932724
target_background,100,clean,cnn_onehot,onehot,606,2572,10,0.665987233320872,0.6934477090835571
target_background,100,clean,cnn_onehot,onehot,606,2572,11,0.6623560190200806,0.6929243803024292
target_background,100,clean,cnn_onehot,onehot,606,2572,12,0.6599954267342886,0.6939108967781067
target_background,100,clean,cnn_onehot,onehot,606,2572,13,0.6527353326479594,0.692870557308197
target_background,100,clean,cnn_onehot,onehot,606,2572,14,0.6535874009132385,0.6927555799484253
target_background,100,clean,cnn_onehot,onehot,606,2572,15,0.649531900882721,0.6917162537574768
target_background,100,clean,cnn_onehot,onehot,606,2572,16,0.6492847601572672,0.6924445033073425
target_background,100,clean,cnn_onehot,onehot,606,2572,17,0.6323189536730448,0.6917683482170105
target_background,100,clean,cnn_onehot,onehot,606,2572,18,0.6289204061031342,0.6912188529968262
target_background,100,clean,cnn_onehot,onehot,606,2572,19,0.6317249238491058,0.6911650896072388
target_background,100,clean,cnn_onehot,onehot,606,2572,20,0.6177996496359507,0.6909149885177612
target_background,100,clean,cnn_onehot,onehot,606,2572,21,0.6099300583203634,0.691034197807312
target_background,100,clean,cnn_onehot,onehot,606,2572,22,0.6115529537200928,0.6920637488365173
target_background,100,clean,cnn_onehot,onehot,606,2572,23,0.5984148383140564,0.6925610899925232
target_background,100,clean,cnn_onehot,onehot,606,2572,24,0.584115078051885,0.6920508146286011
target_background,100,clean,cnn_property,property,606,2574,1,0.6934957305590311,0.6924225091934204
target_background,100,clean,cnn_property,property,606,2574,2,0.6906421780586243,0.6932724118232727
target_background,100,clean,cnn_property,property,606,2574,3,0.6864128907521566,0.6930111050605774
target_background,100,clean,cnn_property,property,606,2574,4,0.6876846452554067,0.6927070021629333
target_background,100,clean,cnn_property,property,606,2574,5,0.6895877023537954,0.6920328140258789
target_background,100,clean,cnn_property,property,606,2574,6,0.6808185875415802,0.6918593645095825
target_background,100,clean,cnn_property,property,606,2574,7,0.6780892014503479,0.6924260854721069
target_background,100,clean,cnn_property,property,606,2574,8,0.6818611820538839,0.6920796632766724
target_background,100,clean,cnn_property,property,606,2574,9,0.67845352490743,0.6890549063682556
target_background,100,clean,cnn_property,property,606,2574,10,0.6728315850098928,0.6882488131523132
target_background,100,clean,cnn_property,property,606,2574,11,0.6770825187365214,0.6882033944129944
target_background,100,clean,cnn_property,property,606,2574,12,0.672326405843099,0.6866046190261841
target_background,100,clean,cnn_property,property,606,2574,13,0.6681848764419556,0.6866574287414551
target_background,100,clean,cnn_property,property,606,2574,14,0.6637889246145884,0.6870240569114685
target_background,100,clean,cnn_property,property,606,2574,15,0.6646518409252167,0.6874608993530273
target_background,100,clean,cnn_property,property,606,2574,16,0.6646527747313181,0.6848846077919006
target_background,100,clean,cnn_property,property,606,2574,17,0.6642292439937592,0.6840086579322815
target_background,100,clean,cnn_property,property,606,2574,18,0.6650350987911224,0.6857351064682007
target_background,100,clean,cnn_property,property,606,2574,19,0.6582604348659515,0.6836337447166443
target_background,100,clean,cnn_property,property,606,2574,20,0.6574363907178243,0.6840693354606628
target_background,100,clean,cnn_property,property,606,2574,21,0.6598171790440878,0.6849642395973206
target_background,100,clean,cnn_property,property,606,2574,22,0.647894432147344,0.6838716268539429
target_background,100,clean,cnn_property,property,606,2574,23,0.6417434612909952,0.6817907094955444
target_background,100,clean,cnn_property,property,606,2574,24,0.6382607320944468,0.6824749112129211
target_background,100,clean,tiny_transformer_onehot,onehot,606,2585,1,0.7018781205018362,0.6846105456352234
target_background,100,clean,tiny_transformer_onehot,onehot,606,2585,2,0.6896290481090546,0.7031226754188538
target_background,100,clean,tiny_transformer_onehot,onehot,606,2585,3,0.6735408008098602,0.6842088103294373
target_background,100,clean,tiny_transformer_onehot,onehot,606,2585,4,0.6620982388655344,0.686355710029602
target_background,100,clean,tiny_transformer_onehot,onehot,606,2585,5,0.685962458451589,0.6877226829528809
target_background,100,clean,tiny_transformer_onehot,onehot,606,2585,6,0.6664450069268545,0.6800837516784668
target_background,100,clean,tiny_transformer_onehot,onehot,606,2585,7,0.6547332108020782,0.688521683216095
target_background,100,clean,tiny_transformer_onehot,onehot,606,2585,8,0.6893201569716135,0.6856024861335754
target_background,100,clean,tiny_transformer_onehot,onehot,606,2585,9,0.6420288383960724,0.6795998811721802
target_background,100,clean,tiny_transformer_onehot,onehot,606,2585,10,0.6715010106563568,0.6800881624221802
target_background,100,clean,tiny_transformer_onehot,onehot,606,2585,11,0.6571977436542511,0.6845867037773132
target_background,100,clean,tiny_transformer_onehot,onehot,606,2585,12,0.6585232516129812,0.6855177283287048
target_background,100,clean,tiny_transformer_onehot,onehot,606,2585,13,0.6380311747392019,0.6809727549552917
target_background,100,clean,tiny_transformer_onehot,onehot,606,2585,14,0.6490867336591085,0.6829176545143127
target_background,100,clean,tiny_transformer_property,property,606,2587,1,0.706481953461965,0.697119414806366
target_background,100,clean,tiny_transformer_property,property,606,2587,2,0.6991788844267527,0.6873720288276672
target_background,100,clean,tiny_transformer_property,property,606,2587,3,0.6912288169066111,0.6834255456924438
target_background,100,clean,tiny_transformer_property,property,606,2587,4,0.6925606230894724,0.6787852644920349
target_background,100,clean,tiny_transformer_property,property,606,2587,5,0.6914195020993551,0.6819007992744446
target_background,100,clean,tiny_transformer_property,property,606,2587,6,0.6957002878189087,0.6728967428207397
target_background,100,clean,tiny_transformer_property,property,606,2587,7,0.6815195977687836,0.6692498922348022
target_background,100,clean,tiny_transformer_property,property,606,2587,8,0.6812834242979685,0.665660560131073
target_background,100,clean,tiny_transformer_property,property,606,2587,9,0.6764651338259379,0.6617990136146545
target_background,100,clean,tiny_transformer_property,property,606,2587,10,0.6784575680891672,0.6573461294174194
target_background,100,clean,tiny_transformer_property,property,606,2587,11,0.6727534929911295,0.6530075669288635
target_background,100,clean,tiny_transformer_property,property,606,2587,12,0.6767354309558868,0.6492170691490173
target_background,100,clean,tiny_transformer_property,property,606,2587,13,0.6744100252787272,0.6430018544197083
target_background,100,clean,tiny_transformer_property,property,606,2587,14,0.6753677030404409,0.6507179141044617
target_background,100,clean,tiny_transformer_property,property,606,2587,15,0.6661811371644338,0.6356931924819946
target_background,100,clean,tiny_transformer_property,property,606,2587,16,0.6741224229335785,0.6377702355384827
target_background,100,clean,tiny_transformer_property,property,606,2587,17,0.6619985500971476,0.628624439239502
target_background,100,clean,tiny_transformer_property,property,606,2587,18,0.6750346223513285,0.625227153301239
target_background,100,clean,tiny_transformer_property,property,606,2587,19,0.6567495961983999,0.6300305724143982
target_background,100,clean,tiny_transformer_property,property,606,2587,20,0.6716733674208323,0.6223767995834351
target_background,100,clean,tiny_transformer_property,property,606,2587,21,0.653458833694458,0.6178794503211975
target_background,100,clean,tiny_transformer_property,property,606,2587,22,0.6766046682993571,0.6142687201499939
target_background,100,clean,tiny_transformer_property,property,606,2587,23,0.6539560755093893,0.6132392883300781
target_background,100,clean,tiny_transformer_property,property,606,2587,24,0.6873876750469208,0.6111107468605042
global_species,100,clean,mlp_ckmer5,ckmer5_count_l2,606,2533,1,3.0211490851182203,2.9334819316864014
global_species,100,clean,mlp_ckmer5,ckmer5_count_l2,606,2533,2,2.5154723020700307,2.819941520690918
global_species,100,clean,mlp_ckmer5,ckmer5_count_l2,606,2533,3,2.195510149002075,2.7193737030029297
global_species,100,clean,mlp_ckmer5,ckmer5_count_l2,606,2533,4,1.8689617010263293,2.648279905319214
global_species,100,clean,mlp_ckmer5,ckmer5_count_l2,606,2533,5,1.5183039170045118,2.600513219833374
global_species,100,clean,mlp_ckmer5,ckmer5_count_l2,606,2533,6,1.2417483513171856,2.576023578643799
global_species,100,clean,mlp_ckmer5,ckmer5_count_l2,606,2533,7,0.9987998421375568,2.5740981101989746
global_species,100,clean,mlp_ckmer5,ckmer5_count_l2,606,2533,8,0.7704028166257418,2.5823893547058105
global_species,100,clean,mlp_ckmer5,ckmer5_count_l2,606,2533,9,0.5948311709440671,2.589589834213257
global_species,100,clean,mlp_ckmer5,ckmer5_count_l2,606,2533,10,0.4574694702258476,2.6113884449005127
global_species,100,clean,mlp_ckmer5,ckmer5_count_l2,606,2533,11,0.3564788756462244,2.6415536403656006
global_species,100,clean,mlp_ckmer5,ckmer5_count_l2,606,2533,12,0.2834729093771714,2.6766483783721924
global_species,100,clean,mlp_csp,cspaced_property_l2,606,2530,1,3.080038510836088,3.0162296295166016
global_species,100,clean,mlp_csp,cspaced_property_l2,606,2530,2,2.919699265406682,2.9664676189422607
global_species,100,clean,mlp_csp,cspaced_property_l2,606,2530,3,2.8659288516411414,2.916826009750366
global_species,100,clean,mlp_csp,cspaced_property_l2,606,2530,4,2.7758538722991943,2.8649842739105225
global_species,100,clean,mlp_csp,cspaced_property_l2,606,2530,5,2.6993693021627574,2.807358264923096
global_species,100,clean,mlp_csp,cspaced_property_l2,606,2530,6,2.6254318677462063,2.7514536380767822
global_species,100,clean,mlp_csp,cspaced_property_l2,606,2530,7,2.5263390174278846,2.7035086154937744
global_species,100,clean,mlp_csp,cspaced_property_l2,606,2530,8,2.4378457436194787,2.6610352993011475
global_species,100,clean,mlp_csp,cspaced_property_l2,606,2530,9,2.388723245033851,2.629981517791748
global_species,100,clean,mlp_csp,cspaced_property_l2,606,2530,10,2.2552265662413378,2.6033501625061035
global_species,100,clean,mlp_csp,cspaced_property_l2,606,2530,11,2.1640659937491784,2.582265138626098
global_species,100,clean,mlp_csp,cspaced_property_l2,606,2530,12,2.1556024918189416,2.577266216278076
global_species,100,clean,mlp_csp,cspaced_property_l2,606,2530,13,2.0805276540609507,2.564826250076294
global_species,100,clean,mlp_csp,cspaced_property_l2,606,2530,14,2.0100212739064145,2.560757875442505
global_species,100,clean,mlp_csp,cspaced_property_l2,606,2530,15,1.900672504535088,2.5504441261291504
global_species,100,clean,mlp_csp,cspaced_property_l2,606,2530,16,1.889073646985568,2.5484659671783447
global_species,100,clean,mlp_csp,cspaced_property_l2,606,2530,17,1.8086453859622664,2.544622898101806
global_species,100,clean,mlp_csp,cspaced_property_l2,606,2530,18,1.7446639354412372,2.550752639770508
global_species,100,clean,mlp_csp,cspaced_property_l2,606,2530,19,1.7622193739964411,2.5565602779388428
global_species,100,clean,mlp_csp,cspaced_property_l2,606,2530,20,1.6987223074986384,2.561149835586548
global_species,100,clean,mlp_csp,cspaced_property_l2,606,2530,21,1.7205387812394362,2.5708675384521484
global_species,100,clean,mlp_csp,cspaced_property_l2,606,2530,22,1.6119826848690326,2.580452442169189
global_species,100,clean,mlp_hybrid,hybrid_ckmer5_csp,606,2533,1,3.0257941025954027,2.8582985401153564
global_species,100,clean,mlp_hybrid,hybrid_ckmer5_csp,606,2533,2,2.4068646797767053,2.7038137912750244
global_species,100,clean,mlp_hybrid,hybrid_ckmer5_csp,606,2533,3,2.022621209804828,2.5892114639282227
global_species,100,clean,mlp_hybrid,hybrid_ckmer5_csp,606,2533,4,1.648726490827707,2.526718616485596
global_species,100,clean,mlp_hybrid,hybrid_ckmer5_csp,606,2533,5,1.2530476542619555,2.501080274581909
global_species,100,clean,mlp_hybrid,hybrid_ckmer5_csp,606,2533,6,1.0220506741450384,2.50307846069336
global_species,100,clean,mlp_hybrid,hybrid_ckmer5_csp,606,2533,7,0.7641161313423743,2.502041339874268
global_species,100,clean,mlp_hybrid,hybrid_ckmer5_csp,606,2533,8,0.5596150113986089,2.5100555419921875
global_species,100,clean,mlp_hybrid,hybrid_ckmer5_csp,606,2533,9,0.4191818764576545,2.51673436164856
global_species,100,clean,mlp_hybrid,hybrid_ckmer5_csp,606,2533,10,0.3067851868959573,2.547454357147217
global_species,100,clean,cnn_onehot,onehot,606,2533,1,3.0588890405801625,3.0498623847961426
global_species,100,clean,cnn_onehot,onehot,606,2533,2,3.058228089259221,3.0448317527771
global_species,100,clean,cnn_onehot,onehot,606,2533,3,3.0362349106715274,3.040381908416748
global_species,100,clean,cnn_onehot,onehot,606,2533,4,3.0354131185091457,3.0364229679107666
global_species,100,clean,cnn_onehot,onehot,606,2533,5,3.020063198529757,3.0334696769714355
global_species,100,clean,cnn_onehot,onehot,606,2533,6,3.01744793011592,3.031477451324463
global_species,100,clean,cnn_onehot,onehot,606,2533,7,3.003143934103159,3.0291900634765625
global_species,100,clean,cnn_onehot,onehot,606,2533,8,3.010269678556002,3.025461912155152
global_species,100,clean,cnn_onehot,onehot,606,2533,9,3.0110705632429857,3.020462989807129
global_species,100,clean,cnn_onehot,onehot,606,2533,10,2.9791531012608456,3.013551950454712
global_species,100,clean,cnn_onehot,onehot,606,2533,11,2.987387088628916,3.008122444152832
global_species,100,clean,cnn_onehot,onehot,606,2533,12,2.971205656345074,2.997973680496216
global_species,100,clean,cnn_onehot,onehot,606,2533,13,2.9474746630742,2.9861316680908203
global_species,100,clean,cnn_onehot,onehot,606,2533,14,2.9355110021737905,2.9738502502441406
global_species,100,clean,cnn_onehot,onehot,606,2533,15,2.924972020662748,2.952733278274536
global_species,100,clean,cnn_onehot,onehot,606,2533,16,2.901411826793964,2.930001735687256
global_species,100,clean,cnn_onehot,onehot,606,2533,17,2.8609788601215067,2.905817031860352
global_species,100,clean,cnn_onehot,onehot,606,2533,18,2.822612138894888,2.875852584838867
global_species,100,clean,cnn_onehot,onehot,606,2533,19,2.8132343108837423,2.836532592773437
global_species,100,clean,cnn_onehot,onehot,606,2533,20,2.742421370286208,2.806964874267578
global_species,100,clean,cnn_onehot,onehot,606,2533,21,2.724456145213201,2.7694666385650635
global_species,100,clean,cnn_onehot,onehot,606,2533,22,2.6217842927345862,2.742360830307007
global_species,100,clean,cnn_onehot,onehot,606,2533,23,2.649875677548922,2.7038495540618896
global_species,100,clean,cnn_onehot,onehot,606,2533,24,2.649434419778677,2.686580181121826
global_species,100,clean,cnn_property,property,606,2535,1,3.0541635843423696,3.048297166824341
global_species,100,clean,cnn_property,property,606,2535,2,3.035637250313392,3.046144723892212
global_species,100,clean,cnn_property,property,606,2535,3,3.0488765973311205,3.045287609100342
global_species,100,clean,cnn_property,property,606,2535,4,3.0412769684424767,3.044461250305176
global_species,100,clean,cnn_property,property,606,2535,5,3.036587348351112,3.040905237197876
global_species,100,clean,cnn_property,property,606,2535,6,3.0378556618323693,3.0388717651367188
global_species,100,clean,cnn_property,property,606,2535,7,3.0235226337726298,3.0353264808654785
global_species,100,clean,cnn_property,property,606,2535,8,3.023462258852445,3.0320608615875244
global_species,100,clean,cnn_property,property,606,2535,9,3.018267136353713,3.0273568630218506
global_species,100,clean,cnn_property,property,606,2535,10,3.0108082111065206,3.020008087158203
global_species,100,clean,cnn_property,property,606,2535,11,3.0061558209932766,3.0123658180236816
global_species,100,clean,cnn_property,property,606,2535,12,2.974545112022987,3.005016326904297
global_species,100,clean,cnn_property,property,606,2535,13,2.994191151398879,2.9945173263549805
global_species,100,clean,cnn_property,property,606,2535,14,2.9423849949469933,2.974810838699341
global_species,100,clean,cnn_property,property,606,2535,15,2.943004406415499,2.9566187858581543
global_species,100,clean,cnn_property,property,606,2535,16,2.9107766151428223,2.9249014854431152
global_species,100,clean,cnn_property,property,606,2535,17,2.886432464306171,2.8861429691314697
global_species,100,clean,cnn_property,property,606,2535,18,2.8150522158696103,2.860189437866211
global_species,100,clean,cnn_property,property,606,2535,19,2.826484955274142,2.8201944828033447
global_species,100,clean,cnn_property,property,606,2535,20,2.7803675944988546,2.7942819595336914
global_species,100,clean,cnn_property,property,606,2535,21,2.742484532869779,2.75789213180542
global_species,100,clean,cnn_property,property,606,2535,22,2.7074733880849986,2.7108805179595947
global_species,100,clean,cnn_property,property,606,2535,23,2.701532473930946,2.675957441329956
global_species,100,clean,cnn_property,property,606,2535,24,2.629133903063261,2.6515133380889893
global_species,100,clean,tiny_transformer_onehot,onehot,606,2546,1,3.093426264249361,3.055924415588379
global_species,100,clean,tiny_transformer_onehot,onehot,606,2546,2,3.0641241807204027,3.029146909713745
global_species,100,clean,tiny_transformer_onehot,onehot,606,2546,3,3.009056036288922,3.0021207332611084
global_species,100,clean,tiny_transformer_onehot,onehot,606,2546,4,2.9730571049910326,2.9833223819732666
global_species,100,clean,tiny_transformer_onehot,onehot,606,2546,5,2.992402755297148,2.954241991043091
global_species,100,clean,tiny_transformer_onehot,onehot,606,2546,6,2.954609852570754,2.9223320484161377
global_species,100,clean,tiny_transformer_onehot,onehot,606,2546,7,2.929326497591459,2.8897511959075928
global_species,100,clean,tiny_transformer_onehot,onehot,606,2546,8,2.8845171745006857,2.849639177322388
global_species,100,clean,tiny_transformer_onehot,onehot,606,2546,9,2.838462040974544,2.8110384941101074
global_species,100,clean,tiny_transformer_onehot,onehot,606,2546,10,2.782069518015935,2.7595860958099365
global_species,100,clean,tiny_transformer_onehot,onehot,606,2546,11,2.7211872247549205,2.709347724914551
global_species,100,clean,tiny_transformer_onehot,onehot,606,2546,12,2.607674470314613,2.665679693222046
global_species,100,clean,tiny_transformer_onehot,onehot,606,2546,13,2.636547272021954,2.6319668292999268
global_species,100,clean,tiny_transformer_onehot,onehot,606,2546,14,2.564992592884944,2.6021804809570312
global_species,100,clean,tiny_transformer_onehot,onehot,606,2546,15,2.6943688025841346,2.5878257751464844
global_species,100,clean,tiny_transformer_onehot,onehot,606,2546,16,2.5843126590435324,2.6013011932373047
global_species,100,clean,tiny_transformer_onehot,onehot,606,2546,17,2.5156230284617496,2.5864431858062744
global_species,100,clean,tiny_transformer_onehot,onehot,606,2546,18,2.564081870592557,2.5788257122039795
global_species,100,clean,tiny_transformer_onehot,onehot,606,2546,19,2.5233755845289965,2.566072463989258
global_species,100,clean,tiny_transformer_onehot,onehot,606,2546,20,2.5858120184678297,2.572906732559204
global_species,100,clean,tiny_transformer_onehot,onehot,606,2546,21,2.617333870667678,2.5827107429504395
global_species,100,clean,tiny_transformer_onehot,onehot,606,2546,22,2.534979215035072,2.573170185089112
global_species,100,clean,tiny_transformer_onehot,onehot,606,2546,23,2.506924262413612,2.555335283279419
global_species,100,clean,tiny_transformer_onehot,onehot,606,2546,24,2.5497192786290097,2.571747303009033
global_species,100,clean,tiny_transformer_property,property,606,2548,1,3.144265651702881,3.070101022720337
global_species,100,clean,tiny_transformer_property,property,606,2548,2,3.084783572417039,3.050891637802124
global_species,100,clean,tiny_transformer_property,property,606,2548,3,3.0551259334270773,3.0436837673187256
global_species,100,clean,tiny_transformer_property,property,606,2548,4,3.055945634841919,3.037435293197632
global_species,100,clean,tiny_transformer_property,property,606,2548,5,3.035422893670889,3.03554368019104
global_species,100,clean,tiny_transformer_property,property,606,2548,6,3.03546221439655,3.0277464389801025
global_species,100,clean,tiny_transformer_property,property,606,2548,7,3.0149611693162184,3.0150907039642334
global_species,100,clean,tiny_transformer_property,property,606,2548,8,2.986859541672927,3.0059926509857178
global_species,100,clean,tiny_transformer_property,property,606,2548,9,3.011339756158682,2.9918694496154785
global_species,100,clean,tiny_transformer_property,property,606,2548,10,3.00579441510714,2.960630416870117
global_species,100,clean,tiny_transformer_property,property,606,2548,11,2.9321231842041016,2.9280261993408203
global_species,100,clean,tiny_transformer_property,property,606,2548,12,2.920534995885996,2.869923114776612
global_species,100,clean,tiny_transformer_property,property,606,2548,13,2.847908698595487,2.804404735565185
global_species,100,clean,tiny_transformer_property,property,606,2548,14,2.816337603789109,2.7614076137542725
global_species,100,clean,tiny_transformer_property,property,606,2548,15,2.758330308474027,2.7863640785217285
global_species,100,clean,tiny_transformer_property,property,606,2548,16,2.713869645045354,2.700533628463745
global_species,100,clean,tiny_transformer_property,property,606,2548,17,2.66550036577078,2.673940420150757
global_species,100,clean,tiny_transformer_property,property,606,2548,18,2.674653676839976,2.661226511001587
global_species,100,clean,tiny_transformer_property,property,606,2548,19,2.698375885303204,2.620075225830078
global_species,100,clean,tiny_transformer_property,property,606,2548,20,2.589381639774029,2.6499056816101074
global_species,100,clean,tiny_transformer_property,property,606,2548,21,2.599491724601158,2.6114284992218018
global_species,100,clean,tiny_transformer_property,property,606,2548,22,2.574006098967332,2.603076219558716
global_species,100,clean,tiny_transformer_property,property,606,2548,23,2.551415021602924,2.608618259429932
global_species,100,clean,tiny_transformer_property,property,606,2548,24,2.526388791891245,2.626430034637451
within_genus_species:Enterobacter,100,clean,mlp_ckmer5,ckmer5_count_l2,606,2780,1,1.626335183779399,1.5802017450332642
within_genus_species:Enterobacter,100,clean,mlp_ckmer5,ckmer5_count_l2,606,2780,2,1.3188857237497966,1.5706669092178345
within_genus_species:Enterobacter,100,clean,mlp_ckmer5,ckmer5_count_l2,606,2780,3,1.0962494214375813,1.5595961809158323
within_genus_species:Enterobacter,100,clean,mlp_ckmer5,ckmer5_count_l2,606,2780,4,0.9143476883570352,1.5524593591690063
within_genus_species:Enterobacter,100,clean,mlp_ckmer5,ckmer5_count_l2,606,2780,5,0.7623452544212341,1.5457321405410769
within_genus_species:Enterobacter,100,clean,mlp_ckmer5,ckmer5_count_l2,606,2780,6,0.6268225113550822,1.5405410528182983
within_genus_species:Enterobacter,100,clean,mlp_ckmer5,ckmer5_count_l2,606,2780,7,0.5089955031871796,1.5378005504608154
within_genus_species:Enterobacter,100,clean,mlp_ckmer5,ckmer5_count_l2,606,2780,8,0.4090592960516612,1.5385823249816897
within_genus_species:Enterobacter,100,clean,mlp_ckmer5,ckmer5_count_l2,606,2780,9,0.3260438740253448,1.5406392812728882
within_genus_species:Enterobacter,100,clean,mlp_ckmer5,ckmer5_count_l2,606,2780,10,0.2585468192895253,1.544309139251709
within_genus_species:Enterobacter,100,clean,mlp_ckmer5,ckmer5_count_l2,606,2780,11,0.2039129187663396,1.5487390756607056
within_genus_species:Enterobacter,100,clean,mlp_ckmer5,ckmer5_count_l2,606,2780,12,0.1603338569402694,1.555148959159851
within_genus_species:Enterobacter,100,clean,mlp_csp,cspaced_property_l2,606,2777,1,1.6162681182225545,1.6862146854400637
within_genus_species:Enterobacter,100,clean,mlp_csp,cspaced_property_l2,606,2777,2,1.5548675855000813,1.6796400547027588
within_genus_species:Enterobacter,100,clean,mlp_csp,cspaced_property_l2,606,2777,3,1.5035183032353718,1.6740224361419678
within_genus_species:Enterobacter,100,clean,mlp_csp,cspaced_property_l2,606,2777,4,1.4563515186309814,1.6701651811599731
within_genus_species:Enterobacter,100,clean,mlp_csp,cspaced_property_l2,606,2777,5,1.4191478888193767,1.6669621467590332
within_genus_species:Enterobacter,100,clean,mlp_csp,cspaced_property_l2,606,2777,6,1.3751044273376465,1.6648757457733154
within_genus_species:Enterobacter,100,clean,mlp_csp,cspaced_property_l2,606,2777,7,1.3366239070892334,1.6637680530548096
within_genus_species:Enterobacter,100,clean,mlp_csp,cspaced_property_l2,606,2777,8,1.2961089213689168,1.6630388498306274
within_genus_species:Enterobacter,100,clean,mlp_csp,cspaced_property_l2,606,2777,9,1.2606494029362996,1.6635056734085083
within_genus_species:Enterobacter,100,clean,mlp_csp,cspaced_property_l2,606,2777,10,1.224642276763916,1.664984941482544
within_genus_species:Enterobacter,100,clean,mlp_csp,cspaced_property_l2,606,2777,11,1.1890398661295574,1.6669318675994873
within_genus_species:Enterobacter,100,clean,mlp_csp,cspaced_property_l2,606,2777,12,1.149203936258952,1.6684430837631226
within_genus_species:Enterobacter,100,clean,mlp_csp,cspaced_property_l2,606,2777,13,1.110097924868266,1.6708879470825195
within_genus_species:Enterobacter,100,clean,mlp_hybrid,hybrid_ckmer5_csp,606,2780,1,1.6367586851119995,1.6292835474014282
within_genus_species:Enterobacter,100,clean,mlp_hybrid,hybrid_ckmer5_csp,606,2780,2,1.262583573659261,1.6309489011764526
within_genus_species:Enterobacter,100,clean,mlp_hybrid,hybrid_ckmer5_csp,606,2780,3,1.0055506626764934,1.6304513216018677
within_genus_species:Enterobacter,100,clean,mlp_hybrid,hybrid_ckmer5_csp,606,2780,4,0.8027452826499939,1.63569176197052
within_genus_species:Enterobacter,100,clean,mlp_hybrid,hybrid_ckmer5_csp,606,2780,5,0.6368991931279501,1.6433840990066528
within_genus_species:Enterobacter,100,clean,mlp_hybrid,hybrid_ckmer5_csp,606,2780,6,0.4989313582579295,1.654498815536499
within_genus_species:Enterobacter,100,clean,cnn_onehot,onehot,606,2780,1,1.6157528162002563,1.6070261001586914
within_genus_species:Enterobacter,100,clean,cnn_onehot,onehot,606,2780,2,1.6066311597824097,1.607294678688049
within_genus_species:Enterobacter,100,clean,cnn_onehot,onehot,606,2780,3,1.600125432014465,1.6078053712844849
within_genus_species:Enterobacter,100,clean,cnn_onehot,onehot,606,2780,4,1.595452626546224,1.608214259147644
within_genus_species:Enterobacter,100,clean,cnn_onehot,onehot,606,2780,5,1.590550382932027,1.6085785627365112
within_genus_species:Enterobacter,100,clean,cnn_onehot,onehot,606,2780,6,1.5864157279332478,1.608843445777893
within_genus_species:Enterobacter,100,clean,cnn_property,property,606,2782,1,1.6149246295293171,1.6095900535583496
within_genus_species:Enterobacter,100,clean,cnn_property,property,606,2782,2,1.607012112935384,1.6107808351516724
within_genus_species:Enterobacter,100,clean,cnn_property,property,606,2782,3,1.600357135136922,1.6104501485824585
within_genus_species:Enterobacter,100,clean,cnn_property,property,606,2782,4,1.5966263612111409,1.6106630563735962
within_genus_species:Enterobacter,100,clean,cnn_property,property,606,2782,5,1.5932927926381428,1.6109403371810913
within_genus_species:Enterobacter,100,clean,cnn_property,property,606,2782,6,1.590086579322815,1.610992193222046
within_genus_species:Enterobacter,100,clean,tiny_transformer_onehot,onehot,606,2793,1,1.6390907367070515,1.6189764738082886
within_genus_species:Enterobacter,100,clean,tiny_transformer_onehot,onehot,606,2793,2,1.604263106981913,1.6231086254119873
within_genus_species:Enterobacter,100,clean,tiny_transformer_onehot,onehot,606,2793,3,1.612820823987325,1.6275274753570557
within_genus_species:Enterobacter,100,clean,tiny_transformer_onehot,onehot,606,2793,4,1.615405559539795,1.6249369382858276
within_genus_species:Enterobacter,100,clean,tiny_transformer_onehot,onehot,606,2793,5,1.607598106066386,1.620634913444519
within_genus_species:Enterobacter,100,clean,tiny_transformer_onehot,onehot,606,2793,6,1.6047865947087605,1.6200082302093506
within_genus_species:Enterobacter,100,clean,tiny_transformer_property,property,606,2795,1,1.7338539759318037,1.6557815074920654
within_genus_species:Enterobacter,100,clean,tiny_transformer_property,property,606,2795,2,1.6497215032577517,1.6265541315078735
within_genus_species:Enterobacter,100,clean,tiny_transformer_property,property,606,2795,3,1.6139620145161946,1.6262991428375244
within_genus_species:Enterobacter,100,clean,tiny_transformer_property,property,606,2795,4,1.6203534603118896,1.6296210289001465
within_genus_species:Enterobacter,100,clean,tiny_transformer_property,property,606,2795,5,1.612290898958842,1.631119966506958
within_genus_species:Enterobacter,100,clean,tiny_transformer_property,property,606,2795,6,1.6091853777567546,1.6307146549224854
within_genus_species:Enterobacter,100,clean,tiny_transformer_property,property,606,2795,7,1.6077770392100017,1.629762887954712
within_genus_species:Enterobacter,100,clean,tiny_transformer_property,property,606,2795,8,1.6097808281580608,1.626071572303772
within_genus_species:Enterobacter,100,clean,tiny_transformer_property,property,606,2795,9,1.6066340208053589,1.622167944908142
within_genus_species:Enterobacter,100,clean,tiny_transformer_property,property,606,2795,10,1.6016207933425903,1.6197121143341064
within_genus_species:Enterobacter,100,clean,tiny_transformer_property,property,606,2795,11,1.6016533772150676,1.6168224811553955
within_genus_species:Enterobacter,100,clean,tiny_transformer_property,property,606,2795,12,1.600795030593872,1.6154283285140991
within_genus_species:Enterobacter,100,clean,tiny_transformer_property,property,606,2795,13,1.600576361020406,1.6151634454727173
within_genus_species:Enterobacter,100,clean,tiny_transformer_property,property,606,2795,14,1.5993646383285522,1.6155556440353394
within_genus_species:Enterobacter,100,clean,tiny_transformer_property,property,606,2795,15,1.600925366083781,1.6154769659042358
within_genus_species:Enterobacter,100,clean,tiny_transformer_property,property,606,2795,16,1.5981810887654622,1.6156142950057983
within_genus_species:Enterobacter,100,clean,tiny_transformer_property,property,606,2795,17,1.595596472422282,1.6176120042800903
within_genus_species:Enterobacter,100,clean,tiny_transformer_property,property,606,2795,18,1.5989349683125813,1.6195095777511597
target_background,100,N_3pct,mlp_ckmer5,ckmer5_count_l2,606,2579,1,0.6969801187515259,0.6841391324996948
target_background,100,N_3pct,mlp_ckmer5,ckmer5_count_l2,606,2579,2,0.4979987194140752,0.6864272952079773
target_background,100,N_3pct,mlp_ckmer5,ckmer5_count_l2,606,2579,3,0.366167073448499,0.7012868523597717
target_background,100,N_3pct,mlp_ckmer5,ckmer5_count_l2,606,2579,4,0.2748830119768778,0.7242034673690796
target_background,100,N_3pct,mlp_ckmer5,ckmer5_count_l2,606,2579,5,0.2066126738985379,0.747927188873291
target_background,100,N_3pct,mlp_ckmer5,ckmer5_count_l2,606,2579,6,0.1372379573682944,0.7744938135147095
target_background,100,N_3pct,mlp_csp,cspaced_property_l2,606,2576,1,0.6986395219961802,0.7161235809326172
target_background,100,N_3pct,mlp_csp,cspaced_property_l2,606,2576,2,0.6428686777750651,0.6756115555763245
target_background,100,N_3pct,mlp_csp,cspaced_property_l2,606,2576,3,0.6284661491711935,0.6502494215965271
target_background,100,N_3pct,mlp_csp,cspaced_property_l2,606,2576,4,0.5907753805319468,0.6446584463119507
target_background,100,N_3pct,mlp_csp,cspaced_property_l2,606,2576,5,0.5589912931124369,0.6533323526382446
target_background,100,N_3pct,mlp_csp,cspaced_property_l2,606,2576,6,0.547824869553248,0.6560512185096741
target_background,100,N_3pct,mlp_csp,cspaced_property_l2,606,2576,7,0.5226723899443945,0.666379451751709
target_background,100,N_3pct,mlp_csp,cspaced_property_l2,606,2576,8,0.4804213146368662,0.6781864762306213
target_background,100,N_3pct,mlp_csp,cspaced_property_l2,606,2576,9,0.4682523806889851,0.6813985705375671
target_background,100,N_3pct,mlp_hybrid,hybrid_ckmer5_csp,606,2579,1,0.6980321606000265,0.6502262949943542
target_background,100,N_3pct,mlp_hybrid,hybrid_ckmer5_csp,606,2579,2,0.4655193984508514,0.6641589999198914
target_background,100,N_3pct,mlp_hybrid,hybrid_ckmer5_csp,606,2579,3,0.3319984177748362,0.6911880373954773
target_background,100,N_3pct,mlp_hybrid,hybrid_ckmer5_csp,606,2579,4,0.2362706462542216,0.7264086008071899
target_background,100,N_3pct,mlp_hybrid,hybrid_ckmer5_csp,606,2579,5,0.1725701789061228,0.7678192257881165
target_background,100,N_3pct,mlp_hybrid,hybrid_ckmer5_csp,606,2579,6,0.1085051087041695,0.8137603998184204
target_background,100,N_3pct,cnn_onehot,onehot,606,2579,1,0.6971341172854105,0.6918014287948608
target_background,100,N_3pct,cnn_onehot,onehot,606,2579,2,0.6890683968861898,0.690162718296051
target_background,100,N_3pct,cnn_onehot,onehot,606,2579,3,0.6838586032390594,0.688643753528595
target_background,100,N_3pct,cnn_onehot,onehot,606,2579,4,0.6794146100680033,0.6872199773788452
target_background,100,N_3pct,cnn_onehot,onehot,606,2579,5,0.6767559548219045,0.6864822506904602
target_background,100,N_3pct,cnn_onehot,onehot,606,2579,6,0.6706934968630472,0.6862164735794067
target_background,100,N_3pct,cnn_onehot,onehot,606,2579,7,0.6680756906668345,0.6859626173973083
target_background,100,N_3pct,cnn_onehot,onehot,606,2579,8,0.6605467001597086,0.6843439936637878
target_background,100,N_3pct,cnn_onehot,onehot,606,2579,9,0.6577384173870087,0.6827495694160461
target_background,100,N_3pct,cnn_onehot,onehot,606,2579,10,0.6563597321510315,0.6816527247428894
target_background,100,N_3pct,cnn_onehot,onehot,606,2579,11,0.649042805035909,0.680229127407074
target_background,100,N_3pct,cnn_onehot,onehot,606,2579,12,0.648362914721171,0.6788886189460754
target_background,100,N_3pct,cnn_onehot,onehot,606,2579,13,0.6434579292933146,0.6798695921897888
target_background,100,N_3pct,cnn_onehot,onehot,606,2579,14,0.6401990552743276,0.6759900450706482
target_background,100,N_3pct,cnn_onehot,onehot,606,2579,15,0.629833310842514,0.6782306432723999
target_background,100,N_3pct,cnn_onehot,onehot,606,2579,16,0.6213310261567434,0.6749658584594727
target_background,100,N_3pct,cnn_onehot,onehot,606,2579,17,0.6153451502323151,0.6717137098312378
target_background,100,N_3pct,cnn_onehot,onehot,606,2579,18,0.6070477763811747,0.6702173948287964
target_background,100,N_3pct,cnn_onehot,onehot,606,2579,19,0.602325826883316,0.6677999496459961
target_background,100,N_3pct,cnn_onehot,onehot,606,2579,20,0.5933753848075867,0.6666280031204224
target_background,100,N_3pct,cnn_onehot,onehot,606,2579,21,0.5900379121303558,0.6648455858230591
target_background,100,N_3pct,cnn_onehot,onehot,606,2579,22,0.5686366955439249,0.6653154492378235
target_background,100,N_3pct,cnn_onehot,onehot,606,2579,23,0.5628071427345276,0.6639030575752258
target_background,100,N_3pct,cnn_onehot,onehot,606,2579,24,0.5555405914783478,0.6593960523605347
target_background,100,N_3pct,cnn_property,property,606,2581,1,0.6990758776664734,0.6904364228248596
target_background,100,N_3pct,cnn_property,property,606,2581,2,0.7025546034177145,0.6950955390930176
target_background,100,N_3pct,cnn_property,property,606,2581,3,0.6869509716828665,0.6900255084037781
target_background,100,N_3pct,cnn_property,property,606,2581,4,0.6842018763224283,0.6880117654800415
target_background,100,N_3pct,cnn_property,property,606,2581,5,0.6788929204146067,0.6879116892814636
target_background,100,N_3pct,cnn_property,property,606,2581,6,0.6814422210057577,0.6877707242965698
target_background,100,N_3pct,cnn_property,property,606,2581,7,0.6750567158063253,0.6851316690444946
target_background,100,N_3pct,cnn_property,property,606,2581,8,0.6756338278452555,0.6827548146247864
target_background,100,N_3pct,cnn_property,property,606,2581,9,0.667247881491979,0.681397557258606
target_background,100,N_3pct,cnn_property,property,606,2581,10,0.666528989871343,0.6802100539207458
target_background,100,N_3pct,cnn_property,property,606,2581,11,0.6644547879695892,0.6785164475440979
target_background,100,N_3pct,cnn_property,property,606,2581,12,0.6575466096401215,0.6766999959945679
target_background,100,N_3pct,cnn_property,property,606,2581,13,0.6657895843187968,0.6747301816940308
target_background,100,N_3pct,cnn_property,property,606,2581,14,0.6473131775856018,0.6781024932861328
target_background,100,N_3pct,cnn_property,property,606,2581,15,0.6566989521185557,0.6736260056495667
target_background,100,N_3pct,cnn_property,property,606,2581,16,0.6282603045304617,0.6724228858947754
target_background,100,N_3pct,cnn_property,property,606,2581,17,0.640898178021113,0.6773830056190491
target_background,100,N_3pct,cnn_property,property,606,2581,18,0.6340840756893158,0.6671872138977051
target_background,100,N_3pct,cnn_property,property,606,2581,19,0.6205119788646698,0.6706919074058533
target_background,100,N_3pct,cnn_property,property,606,2581,20,0.6187265117963155,0.6635303497314453
target_background,100,N_3pct,cnn_property,property,606,2581,21,0.6023666659990946,0.6653880476951599
target_background,100,N_3pct,cnn_property,property,606,2581,22,0.6060871779918671,0.6632580161094666
target_background,100,N_3pct,cnn_property,property,606,2581,23,0.5960027078787485,0.6656867861747742
target_background,100,N_3pct,cnn_property,property,606,2581,24,0.5886922478675842,0.6641842126846313
target_background,100,N_3pct,tiny_transformer_onehot,onehot,606,2592,1,0.7090810437997183,0.6807108521461487
target_background,100,N_3pct,tiny_transformer_onehot,onehot,606,2592,2,0.6974732478459676,0.6868952512741089
target_background,100,N_3pct,tiny_transformer_onehot,onehot,606,2592,3,0.6882924139499664,0.6717724204063416
target_background,100,N_3pct,tiny_transformer_onehot,onehot,606,2592,4,0.6849496364593506,0.6776822209358215
target_background,100,N_3pct,tiny_transformer_onehot,onehot,606,2592,5,0.6843803425629934,0.6618366837501526
target_background,100,N_3pct,tiny_transformer_onehot,onehot,606,2592,6,0.679861972729365,0.6578216552734375
target_background,100,N_3pct,tiny_transformer_onehot,onehot,606,2592,7,0.6688573757807413,0.6545141339302063
target_background,100,N_3pct,tiny_transformer_onehot,onehot,606,2592,8,0.6675089001655579,0.6559852957725525
target_background,100,N_3pct,tiny_transformer_onehot,onehot,606,2592,9,0.6726280848185221,0.6507242918014526
target_background,100,N_3pct,tiny_transformer_onehot,onehot,606,2592,10,0.6579245825608572,0.6461471319198608
target_background,100,N_3pct,tiny_transformer_onehot,onehot,606,2592,11,0.671010434627533,0.6426841020584106
target_background,100,N_3pct,tiny_transformer_onehot,onehot,606,2592,12,0.6608086129029592,0.6469537615776062
target_background,100,N_3pct,tiny_transformer_onehot,onehot,606,2592,13,0.6705755690733591,0.639182984828949
target_background,100,N_3pct,tiny_transformer_onehot,onehot,606,2592,14,0.6617458760738373,0.6408169865608215
target_background,100,N_3pct,tiny_transformer_onehot,onehot,606,2592,15,0.6528280178705851,0.6395739912986755
target_background,100,N_3pct,tiny_transformer_onehot,onehot,606,2592,16,0.6762849489847819,0.6369745135307312
target_background,100,N_3pct,tiny_transformer_onehot,onehot,606,2592,17,0.6989259421825409,0.6364558339118958
target_background,100,N_3pct,tiny_transformer_onehot,onehot,606,2592,18,0.6550167302290598,0.6492452025413513
target_background,100,N_3pct,tiny_transformer_onehot,onehot,606,2592,19,0.6816792587439219,0.6548870205879211
target_background,100,N_3pct,tiny_transformer_onehot,onehot,606,2592,20,0.6588089565436045,0.6387938857078552
target_background,100,N_3pct,tiny_transformer_onehot,onehot,606,2592,21,0.6816469331582388,0.648151695728302
target_background,100,N_3pct,tiny_transformer_onehot,onehot,606,2592,22,0.6674395799636841,0.6427747011184692
target_background,100,N_3pct,tiny_transformer_property,property,606,2594,1,0.7232301334540049,0.7054347991943359
target_background,100,N_3pct,tiny_transformer_property,property,606,2594,2,0.6972117026646932,0.6975880861282349
target_background,100,N_3pct,tiny_transformer_property,property,606,2594,3,0.6948771476745605,0.6922726035118103
target_background,100,N_3pct,tiny_transformer_property,property,606,2594,4,0.69289430975914,0.6857529282569885
target_background,100,N_3pct,tiny_transformer_property,property,606,2594,5,0.6923813819885254,0.6801981329917908
target_background,100,N_3pct,tiny_transformer_property,property,606,2594,6,0.6862519880135854,0.6783849000930786
target_background,100,N_3pct,tiny_transformer_property,property,606,2594,7,0.6991363366444906,0.6722224950790405
target_background,100,N_3pct,tiny_transformer_property,property,606,2594,8,0.6953613758087158,0.6722536087036133
target_background,100,N_3pct,tiny_transformer_property,property,606,2594,9,0.688274602095286,0.65961754322052
target_background,100,N_3pct,tiny_transformer_property,property,606,2594,10,0.7020441194375356,0.6588631868362427
target_background,100,N_3pct,tiny_transformer_property,property,606,2594,11,0.6892927785714468,0.6589276194572449
target_background,100,N_3pct,tiny_transformer_property,property,606,2594,12,0.6895274619261423,0.6505001783370972
target_background,100,N_3pct,tiny_transformer_property,property,606,2594,13,0.6767745713392893,0.6460918188095093
target_background,100,N_3pct,tiny_transformer_property,property,606,2594,14,0.6812332272529602,0.6414124369621277
target_background,100,N_3pct,tiny_transformer_property,property,606,2594,15,0.6862875918547312,0.6383858919143677
target_background,100,N_3pct,tiny_transformer_property,property,606,2594,16,0.6823192636171976,0.6329420804977417
target_background,100,N_3pct,tiny_transformer_property,property,606,2594,17,0.6881338556607565,0.6304891705513
target_background,100,N_3pct,tiny_transformer_property,property,606,2594,18,0.6825987994670868,0.637584388256073
target_background,100,N_3pct,tiny_transformer_property,property,606,2594,19,0.6864487727483114,0.6350566744804382
target_background,100,N_3pct,tiny_transformer_property,property,606,2594,20,0.6808538337548574,0.6268168091773987
target_background,100,N_3pct,tiny_transformer_property,property,606,2594,21,0.6839377681414286,0.626395583152771
target_background,100,N_3pct,tiny_transformer_property,property,606,2594,22,0.6863785088062286,0.6256628036499023
target_background,100,N_3pct,tiny_transformer_property,property,606,2594,23,0.6831254164377848,0.6236057877540588
target_background,100,N_3pct,tiny_transformer_property,property,606,2594,24,0.6816210349400839,0.6213456988334656
global_species,100,N_3pct,mlp_ckmer5,ckmer5_count_l2,606,2540,1,3.024857080899752,2.962563753128052
global_species,100,N_3pct,mlp_ckmer5,ckmer5_count_l2,606,2540,2,2.559339358256413,2.850450038909912
global_species,100,N_3pct,mlp_ckmer5,ckmer5_count_l2,606,2540,3,2.198916719510005,2.7470738887786865
global_species,100,N_3pct,mlp_ckmer5,ckmer5_count_l2,606,2540,4,1.8451207876205444,2.6712841987609863
global_species,100,N_3pct,mlp_ckmer5,ckmer5_count_l2,606,2540,5,1.5533312284029448,2.617937564849853
global_species,100,N_3pct,mlp_ckmer5,ckmer5_count_l2,606,2540,6,1.2601991020716157,2.582939624786377
global_species,100,N_3pct,mlp_ckmer5,ckmer5_count_l2,606,2540,7,1.0236509763277497,2.5628697872161865
global_species,100,N_3pct,mlp_ckmer5,ckmer5_count_l2,606,2540,8,0.827390927534837,2.557248115539551
global_species,100,N_3pct,mlp_ckmer5,ckmer5_count_l2,606,2540,9,0.6046193150373605,2.5618326663970947
global_species,100,N_3pct,mlp_ckmer5,ckmer5_count_l2,606,2540,10,0.4599044609528321,2.5732970237731934
global_species,100,N_3pct,mlp_ckmer5,ckmer5_count_l2,606,2540,11,0.3703573391987727,2.589085578918457
global_species,100,N_3pct,mlp_ckmer5,ckmer5_count_l2,606,2540,12,0.2811690293825589,2.608615159988404
global_species,100,N_3pct,mlp_ckmer5,ckmer5_count_l2,606,2540,13,0.2162875134784441,2.633399724960327
global_species,100,N_3pct,mlp_csp,cspaced_property_l2,606,2537,1,3.042072974718534,2.9907820224761963
global_species,100,N_3pct,mlp_csp,cspaced_property_l2,606,2537,2,2.9571214822622447,2.9436964988708496
global_species,100,N_3pct,mlp_csp,cspaced_property_l2,606,2537,3,2.858543689434345,2.8962035179138184
global_species,100,N_3pct,mlp_csp,cspaced_property_l2,606,2537,4,2.748410866810725,2.841027975082397
global_species,100,N_3pct,mlp_csp,cspaced_property_l2,606,2537,5,2.6413215307089,2.7870919704437256
global_species,100,N_3pct,mlp_csp,cspaced_property_l2,606,2537,6,2.5636660685906043,2.735417127609253
global_species,100,N_3pct,mlp_csp,cspaced_property_l2,606,2537,7,2.4707065362196703,2.6905903816223145
global_species,100,N_3pct,mlp_csp,cspaced_property_l2,606,2537,8,2.4132225788556614,2.6529228687286377
global_species,100,N_3pct,mlp_csp,cspaced_property_l2,606,2537,9,2.366903671851525,2.620946168899536
global_species,100,N_3pct,mlp_csp,cspaced_property_l2,606,2537,10,2.3669497049771824,2.5962045192718506
global_species,100,N_3pct,mlp_csp,cspaced_property_l2,606,2537,11,2.243079955761249,2.5673513412475586
global_species,100,N_3pct,mlp_csp,cspaced_property_l2,606,2537,12,2.2462327663715067,2.544161558151245
global_species,100,N_3pct,mlp_csp,cspaced_property_l2,606,2537,13,2.0875047261898336,2.5262839794158936
global_species,100,N_3pct,mlp_csp,cspaced_property_l2,606,2537,14,2.1668609105623684,2.5137500762939453
global_species,100,N_3pct,mlp_csp,cspaced_property_l2,606,2537,15,2.019604206085205,2.5008912086486816
global_species,100,N_3pct,mlp_csp,cspaced_property_l2,606,2537,16,2.009391729648297,2.4955878257751465
global_species,100,N_3pct,mlp_csp,cspaced_property_l2,606,2537,17,1.877825929568364,2.4915859699249268
global_species,100,N_3pct,mlp_csp,cspaced_property_l2,606,2537,18,1.886776997492864,2.494122266769409
global_species,100,N_3pct,mlp_csp,cspaced_property_l2,606,2537,19,1.8430880491550152,2.497459650039673
global_species,100,N_3pct,mlp_csp,cspaced_property_l2,606,2537,20,1.7750689891668467,2.5024962425231934
global_species,100,N_3pct,mlp_csp,cspaced_property_l2,606,2537,21,1.6610791866595929,2.510255813598633
global_species,100,N_3pct,mlp_csp,cspaced_property_l2,606,2537,22,1.6891035116635835,2.516956329345703
global_species,100,N_3pct,mlp_hybrid,hybrid_ckmer5_csp,606,2540,1,2.9879825665400577,2.863151788711548
global_species,100,N_3pct,mlp_hybrid,hybrid_ckmer5_csp,606,2540,2,2.3866353768568773,2.7270352840423584
global_species,100,N_3pct,mlp_hybrid,hybrid_ckmer5_csp,606,2540,3,1.9575563760904164,2.607491970062256
global_species,100,N_3pct,mlp_hybrid,hybrid_ckmer5_csp,606,2540,4,1.578123546563662,2.5323703289031982
global_species,100,N_3pct,mlp_hybrid,hybrid_ckmer5_csp,606,2540,5,1.2763375227267926,2.492265224456787
global_species,100,N_3pct,mlp_hybrid,hybrid_ckmer5_csp,606,2540,6,1.0271353584069471,2.477349042892456
global_species,100,N_3pct,mlp_hybrid,hybrid_ckmer5_csp,606,2540,7,0.7547238790071927,2.482019424438477
global_species,100,N_3pct,mlp_hybrid,hybrid_ckmer5_csp,606,2540,8,0.5829146848275111,2.5042436122894287
global_species,100,N_3pct,mlp_hybrid,hybrid_ckmer5_csp,606,2540,9,0.4097331808163569,2.526320695877075
global_species,100,N_3pct,mlp_hybrid,hybrid_ckmer5_csp,606,2540,10,0.3010045949083108,2.543487310409546
global_species,100,N_3pct,mlp_hybrid,hybrid_ckmer5_csp,606,2540,11,0.236890184191557,2.560194969177246
global_species,100,N_3pct,cnn_onehot,onehot,606,2540,1,3.045383361669688,3.046973943710327
global_species,100,N_3pct,cnn_onehot,onehot,606,2540,2,3.0344450106987586,3.0452938079833984
global_species,100,N_3pct,cnn_onehot,onehot,606,2540,3,3.020664013349093,3.041316032409668
global_species,100,N_3pct,cnn_onehot,onehot,606,2540,4,3.0124877049372745,3.037914991378784
global_species,100,N_3pct,cnn_onehot,onehot,606,2540,5,3.0187762700594387,3.033433198928833
global_species,100,N_3pct,cnn_onehot,onehot,606,2540,6,3.013996894542988,3.025984525680542
global_species,100,N_3pct,cnn_onehot,onehot,606,2540,7,2.995420712691087,3.019376516342163
global_species,100,N_3pct,cnn_onehot,onehot,606,2540,8,2.982314421580388,3.011417865753174
global_species,100,N_3pct,cnn_onehot,onehot,606,2540,9,2.9687874683967004,3.00329327583313
global_species,100,N_3pct,cnn_onehot,onehot,606,2540,10,2.962837127538828,2.9933578968048096
global_species,100,N_3pct,cnn_onehot,onehot,606,2540,11,2.951515766290518,2.976593255996704
global_species,100,N_3pct,cnn_onehot,onehot,606,2540,12,2.900458886073186,2.958373785018921
global_species,100,N_3pct,cnn_onehot,onehot,606,2540,13,2.8864140877356896,2.942623376846313
global_species,100,N_3pct,cnn_onehot,onehot,606,2540,14,2.8926034523890567,2.9162371158599854
global_species,100,N_3pct,cnn_onehot,onehot,606,2540,15,2.8089924408839297,2.89384126663208
global_species,100,N_3pct,cnn_onehot,onehot,606,2540,16,2.8074578505295973,2.861700296401977
global_species,100,N_3pct,cnn_onehot,onehot,606,2540,17,2.7628764556004453,2.8327112197875977
global_species,100,N_3pct,cnn_onehot,onehot,606,2540,18,2.7183085404909573,2.805946350097656
global_species,100,N_3pct,cnn_onehot,onehot,606,2540,19,2.7026274571051965,2.770831346511841
global_species,100,N_3pct,cnn_onehot,onehot,606,2540,20,2.666625866523156,2.747711181640625
global_species,100,N_3pct,cnn_onehot,onehot,606,2540,21,2.6459723069117618,2.723660469055176
global_species,100,N_3pct,cnn_onehot,onehot,606,2540,22,2.594638916162344,2.705186367034912
global_species,100,N_3pct,cnn_onehot,onehot,606,2540,23,2.551764799998357,2.693352699279785
global_species,100,N_3pct,cnn_onehot,onehot,606,2540,24,2.5469577679267297,2.675074577331543
global_species,100,N_3pct,cnn_property,property,606,2542,1,3.061761599320632,3.052612781524658
global_species,100,N_3pct,cnn_property,property,606,2542,2,3.036904628460224,3.048283338546753
global_species,100,N_3pct,cnn_property,property,606,2542,3,3.053795722814707,3.0483577251434326
global_species,100,N_3pct,cnn_property,property,606,2542,4,3.040336425487812,3.04474139213562
global_species,100,N_3pct,cnn_property,property,606,2542,5,3.034593380414522,3.043490171432495
global_species,100,N_3pct,cnn_property,property,606,2542,6,3.040002584457397,3.043477296829224
global_species,100,N_3pct,cnn_property,property,606,2542,7,3.02678106381343,3.040313482284546
global_species,100,N_3pct,cnn_property,property,606,2542,8,3.022442891047551,3.0383825302124023
global_species,100,N_3pct,cnn_property,property,606,2542,9,3.027301201453576,3.036728382110596
global_species,100,N_3pct,cnn_property,property,606,2542,10,3.0274012822371263,3.0323665142059326
global_species,100,N_3pct,cnn_property,property,606,2542,11,2.997002033086924,3.0272109508514404
global_species,100,N_3pct,cnn_property,property,606,2542,12,3.001182060975295,3.021214008331299
global_species,100,N_3pct,cnn_property,property,606,2542,13,2.9880097462580752,3.016502857208252
global_species,100,N_3pct,cnn_property,property,606,2542,14,2.997418000147893,3.000560760498047
global_species,100,N_3pct,cnn_property,property,606,2542,15,2.9511259519136868,2.984966516494751
global_species,100,N_3pct,cnn_property,property,606,2542,16,2.9496124340937686,2.968766927719116
global_species,100,N_3pct,cnn_property,property,606,2542,17,2.9167640209198,2.9514405727386475
global_species,100,N_3pct,cnn_property,property,606,2542,18,2.893107652664185,2.9289915561676025
global_species,100,N_3pct,cnn_property,property,606,2542,19,2.8263367872971754,2.89758849143982
global_species,100,N_3pct,cnn_property,property,606,2542,20,2.8178498928363505,2.879817485809326
global_species,100,N_3pct,cnn_property,property,606,2542,21,2.73266863822937,2.8519058227539062
global_species,100,N_3pct,cnn_property,property,606,2542,22,2.773023165189303,2.814481973648072
global_species,100,N_3pct,cnn_property,property,606,2542,23,2.633112879899832,2.794721841812134
global_species,100,N_3pct,cnn_property,property,606,2542,24,2.7004522543687086,2.7874324321746826
global_species,100,N_3pct,tiny_transformer_onehot,onehot,606,2553,1,3.1123798810518704,3.040643215179444
global_species,100,N_3pct,tiny_transformer_onehot,onehot,606,2553,2,3.051064876409677,3.01812744140625
global_species,100,N_3pct,tiny_transformer_onehot,onehot,606,2553,3,3.0251739575312686,3.0062196254730225
global_species,100,N_3pct,tiny_transformer_onehot,onehot,606,2553,4,3.014585238236648,2.987215995788574
global_species,100,N_3pct,tiny_transformer_onehot,onehot,606,2553,5,2.983327003625723,2.965012788772583
global_species,100,N_3pct,tiny_transformer_onehot,onehot,606,2553,6,2.962454905876746,2.935866355895996
global_species,100,N_3pct,tiny_transformer_onehot,onehot,606,2553,7,2.9209877160879283,2.9051575660705566
global_species,100,N_3pct,tiny_transformer_onehot,onehot,606,2553,8,2.8732330799102783,2.8630497455596924
global_species,100,N_3pct,tiny_transformer_onehot,onehot,606,2553,9,2.831762974078839,2.807861328125
global_species,100,N_3pct,tiny_transformer_onehot,onehot,606,2553,10,2.7899194680727444,2.7665581703186035
global_species,100,N_3pct,tiny_transformer_onehot,onehot,606,2553,11,2.723836513666006,2.7191641330718994
global_species,100,N_3pct,tiny_transformer_onehot,onehot,606,2553,12,2.6390211215386024,2.6818292140960693
global_species,100,N_3pct,tiny_transformer_onehot,onehot,606,2553,13,2.692499967721792,2.6499948501586914
global_species,100,N_3pct,tiny_transformer_onehot,onehot,606,2553,14,2.553794035544762,2.627281665802002
global_species,100,N_3pct,tiny_transformer_onehot,onehot,606,2553,15,2.5767887372236986,2.6032888889312744
global_species,100,N_3pct,tiny_transformer_onehot,onehot,606,2553,16,2.517624103105985,2.5962204933166504
global_species,100,N_3pct,tiny_transformer_onehot,onehot,606,2553,17,2.4893337121376624,2.594574213027954
global_species,100,N_3pct,tiny_transformer_onehot,onehot,606,2553,18,2.5752405570103574,2.6021528244018555
global_species,100,N_3pct,tiny_transformer_onehot,onehot,606,2553,19,2.523803124060997,2.574941635131836
global_species,100,N_3pct,tiny_transformer_onehot,onehot,606,2553,20,2.5115808156820445,2.5594491958618164
global_species,100,N_3pct,tiny_transformer_onehot,onehot,606,2553,21,2.5044799217811,2.5555615425109863
global_species,100,N_3pct,tiny_transformer_onehot,onehot,606,2553,22,2.515331671788142,2.5592498779296875
global_species,100,N_3pct,tiny_transformer_onehot,onehot,606,2553,23,2.519040822982788,2.594364881515503
global_species,100,N_3pct,tiny_transformer_onehot,onehot,606,2553,24,2.505577564239502,2.587770938873291
global_species,100,N_3pct,tiny_transformer_property,property,606,2555,1,3.1116861746861386,3.050581455230713
global_species,100,N_3pct,tiny_transformer_property,property,606,2555,2,3.0443705962254453,3.046520948410034
global_species,100,N_3pct,tiny_transformer_property,property,606,2555,3,2.9937410538013163,3.038191080093384
global_species,100,N_3pct,tiny_transformer_property,property,606,2555,4,3.056195149054894,3.0343799591064453
global_species,100,N_3pct,tiny_transformer_property,property,606,2555,5,3.0151176819434533,3.005793333053589
global_species,100,N_3pct,tiny_transformer_property,property,606,2555,6,2.9977830006526065,2.995155572891236
global_species,100,N_3pct,tiny_transformer_property,property,606,2555,7,2.997663479584914,2.9722166061401367
global_species,100,N_3pct,tiny_transformer_property,property,606,2555,8,2.9589318312131443,2.943140983581543
global_species,100,N_3pct,tiny_transformer_property,property,606,2555,9,2.941493933017437,2.9067699909210205
global_species,100,N_3pct,tiny_transformer_property,property,606,2555,10,2.9029147808368387,2.879607677459717
global_species,100,N_3pct,tiny_transformer_property,property,606,2555,11,2.8489555028768687,2.84554123878479
global_species,100,N_3pct,tiny_transformer_property,property,606,2555,12,2.7827275899740367,2.7948155403137207
global_species,100,N_3pct,tiny_transformer_property,property,606,2555,13,2.707814473372239,2.752678871154785
global_species,100,N_3pct,tiny_transformer_property,property,606,2555,14,2.687247111247136,2.702537298202514
global_species,100,N_3pct,tiny_transformer_property,property,606,2555,15,2.614987666790302,2.70585036277771
global_species,100,N_3pct,tiny_transformer_property,property,606,2555,16,2.639288297066322,2.64845609664917
global_species,100,N_3pct,tiny_transformer_property,property,606,2555,17,2.5727955194619985,2.6331276893615723
global_species,100,N_3pct,tiny_transformer_property,property,606,2555,18,2.686686350749089,2.6363534927368164
global_species,100,N_3pct,tiny_transformer_property,property,606,2555,19,2.541600612493662,2.5911865234375
global_species,100,N_3pct,tiny_transformer_property,property,606,2555,20,2.521342259186965,2.631657600402832
global_species,100,N_3pct,tiny_transformer_property,property,606,2555,21,2.567229252595168,2.715005159378052
global_species,100,N_3pct,tiny_transformer_property,property,606,2555,22,2.5929505274846005,2.570810317993164
global_species,100,N_3pct,tiny_transformer_property,property,606,2555,23,2.553662520188552,2.5450363159179688
global_species,100,N_3pct,tiny_transformer_property,property,606,2555,24,2.535166318599994,2.575201749801636
within_genus_species:Enterobacter,100,N_3pct,mlp_ckmer5,ckmer5_count_l2,606,2787,1,1.6129755179087322,1.6869844198226929
within_genus_species:Enterobacter,100,N_3pct,mlp_ckmer5,ckmer5_count_l2,606,2787,2,1.3041220903396606,1.6898280382156372
within_genus_species:Enterobacter,100,N_3pct,mlp_ckmer5,ckmer5_count_l2,606,2787,3,1.090003490447998,1.6947124004364014
within_genus_species:Enterobacter,100,N_3pct,mlp_ckmer5,ckmer5_count_l2,606,2787,4,0.9098402659098308,1.702708125114441
within_genus_species:Enterobacter,100,N_3pct,mlp_ckmer5,ckmer5_count_l2,606,2787,5,0.7531761129697164,1.7125662565231323
within_genus_species:Enterobacter,100,N_3pct,mlp_ckmer5,ckmer5_count_l2,606,2787,6,0.6178981264432272,1.7258079051971436
within_genus_species:Enterobacter,100,N_3pct,mlp_csp,cspaced_property_l2,606,2784,1,1.6550626357396443,1.6953555345535278
within_genus_species:Enterobacter,100,N_3pct,mlp_csp,cspaced_property_l2,606,2784,2,1.5963540474573772,1.7019925117492676
within_genus_species:Enterobacter,100,N_3pct,mlp_csp,cspaced_property_l2,606,2784,3,1.5510093371073406,1.7079273462295532
within_genus_species:Enterobacter,100,N_3pct,mlp_csp,cspaced_property_l2,606,2784,4,1.5045690536499023,1.7149697542190552
within_genus_species:Enterobacter,100,N_3pct,mlp_csp,cspaced_property_l2,606,2784,5,1.461914857228597,1.7222731113433838
within_genus_species:Enterobacter,100,N_3pct,mlp_csp,cspaced_property_l2,606,2784,6,1.4244832595189412,1.7297160625457764
within_genus_species:Enterobacter,100,N_3pct,mlp_hybrid,hybrid_ckmer5_csp,606,2787,1,1.6217478116353352,1.669967770576477
within_genus_species:Enterobacter,100,N_3pct,mlp_hybrid,hybrid_ckmer5_csp,606,2787,2,1.247602899869283,1.673115611076355
within_genus_species:Enterobacter,100,N_3pct,mlp_hybrid,hybrid_ckmer5_csp,606,2787,3,0.9944904247919718,1.6780463457107544
within_genus_species:Enterobacter,100,N_3pct,mlp_hybrid,hybrid_ckmer5_csp,606,2787,4,0.7988056739171346,1.6859983205795288
within_genus_species:Enterobacter,100,N_3pct,mlp_hybrid,hybrid_ckmer5_csp,606,2787,5,0.6362479130427042,1.6967990398406982
within_genus_species:Enterobacter,100,N_3pct,mlp_hybrid,hybrid_ckmer5_csp,606,2787,6,0.4970870713392893,1.71168315410614
within_genus_species:Enterobacter,100,N_3pct,cnn_onehot,onehot,606,2787,1,1.6302560170491536,1.6198302507400513
within_genus_species:Enterobacter,100,N_3pct,cnn_onehot,onehot,606,2787,2,1.614810824394226,1.6155354976654053
within_genus_species:Enterobacter,100,N_3pct,cnn_onehot,onehot,606,2787,3,1.6048948764801023,1.6120305061340332
within_genus_species:Enterobacter,100,N_3pct,cnn_onehot,onehot,606,2787,4,1.596618930498759,1.610285758972168
within_genus_species:Enterobacter,100,N_3pct,cnn_onehot,onehot,606,2787,5,1.5908829768498738,1.6095057725906372
within_genus_species:Enterobacter,100,N_3pct,cnn_onehot,onehot,606,2787,6,1.5847526788711548,1.609158635139465
within_genus_species:Enterobacter,100,N_3pct,cnn_onehot,onehot,606,2787,7,1.5816556215286257,1.609148383140564
within_genus_species:Enterobacter,100,N_3pct,cnn_onehot,onehot,606,2787,8,1.5773255825042725,1.6097742319107056
within_genus_species:Enterobacter,100,N_3pct,cnn_onehot,onehot,606,2787,9,1.5730053981145222,1.6104142665863037
within_genus_species:Enterobacter,100,N_3pct,cnn_onehot,onehot,606,2787,10,1.5684808492660522,1.61102557182312
within_genus_species:Enterobacter,100,N_3pct,cnn_onehot,onehot,606,2787,11,1.5651768048604329,1.6116068363189695
within_genus_species:Enterobacter,100,N_3pct,cnn_onehot,onehot,606,2787,12,1.5630618731180828,1.6122097969055176
within_genus_species:Enterobacter,100,N_3pct,cnn_property,property,606,2789,1,1.6233181556065877,1.6101698875427246
within_genus_species:Enterobacter,100,N_3pct,cnn_property,property,606,2789,2,1.609381874402364,1.6095255613327026
within_genus_species:Enterobacter,100,N_3pct,cnn_property,property,606,2789,3,1.6040360530217488,1.6096909046173096
within_genus_species:Enterobacter,100,N_3pct,cnn_property,property,606,2789,4,1.5971073706944785,1.6103075742721558
within_genus_species:Enterobacter,100,N_3pct,cnn_property,property,606,2789,5,1.593718409538269,1.6114633083343506
within_genus_species:Enterobacter,100,N_3pct,cnn_property,property,606,2789,6,1.5888609886169434,1.61242938041687
within_genus_species:Enterobacter,100,N_3pct,cnn_property,property,606,2789,7,1.584145148595174,1.6128240823745728
within_genus_species:Enterobacter,100,N_3pct,tiny_transformer_onehot,onehot,606,2800,1,1.7206912835439043,1.643160700798035
within_genus_species:Enterobacter,100,N_3pct,tiny_transformer_onehot,onehot,606,2800,2,1.6328848203023274,1.617658019065857
within_genus_species:Enterobacter,100,N_3pct,tiny_transformer_onehot,onehot,606,2800,3,1.617556889851888,1.6339765787124634
within_genus_species:Enterobacter,100,N_3pct,tiny_transformer_onehot,onehot,606,2800,4,1.6158694823582966,1.6358102560043335
within_genus_species:Enterobacter,100,N_3pct,tiny_transformer_onehot,onehot,606,2800,5,1.6223884026209514,1.6299546957015991
within_genus_species:Enterobacter,100,N_3pct,tiny_transformer_onehot,onehot,606,2800,6,1.6145823796590169,1.6233221292495728
within_genus_species:Enterobacter,100,N_3pct,tiny_transformer_onehot,onehot,606,2800,7,1.6097689072291057,1.6172248125076294
within_genus_species:Enterobacter,100,N_3pct,tiny_transformer_onehot,onehot,606,2800,8,1.6090809901555378,1.6151913404464722
within_genus_species:Enterobacter,100,N_3pct,tiny_transformer_onehot,onehot,606,2800,9,1.605555256207784,1.615285038948059
within_genus_species:Enterobacter,100,N_3pct,tiny_transformer_onehot,onehot,606,2800,10,1.6069690783818562,1.6166654825210571
within_genus_species:Enterobacter,100,N_3pct,tiny_transformer_onehot,onehot,606,2800,11,1.6055078109105427,1.6176530122756958
within_genus_species:Enterobacter,100,N_3pct,tiny_transformer_onehot,onehot,606,2800,12,1.6067652702331543,1.618632197380066
within_genus_species:Enterobacter,100,N_3pct,tiny_transformer_onehot,onehot,606,2800,13,1.606941779454549,1.6191967725753784
within_genus_species:Enterobacter,100,N_3pct,tiny_transformer_property,property,606,2802,1,1.6716221570968628,1.6208478212356567
within_genus_species:Enterobacter,100,N_3pct,tiny_transformer_property,property,606,2802,2,1.6205835342407229,1.6110546588897705
within_genus_species:Enterobacter,100,N_3pct,tiny_transformer_property,property,606,2802,3,1.611342430114746,1.6138784885406494
within_genus_species:Enterobacter,100,N_3pct,tiny_transformer_property,property,606,2802,4,1.6224920749664309,1.6185059547424316
within_genus_species:Enterobacter,100,N_3pct,tiny_transformer_property,property,606,2802,5,1.6214405695597331,1.615505933761597
within_genus_species:Enterobacter,100,N_3pct,tiny_transformer_property,property,606,2802,6,1.617539405822754,1.6120541095733645
within_genus_species:Enterobacter,100,N_3pct,tiny_transformer_property,property,606,2802,7,1.6143900950749714,1.610375165939331
within_genus_species:Enterobacter,100,N_3pct,tiny_transformer_property,property,606,2802,8,1.6126954158147175,1.61001718044281
within_genus_species:Enterobacter,100,N_3pct,tiny_transformer_property,property,606,2802,9,1.610388914744059,1.6103280782699585
within_genus_species:Enterobacter,100,N_3pct,tiny_transformer_property,property,606,2802,10,1.61156431833903,1.6116222143173218
within_genus_species:Enterobacter,100,N_3pct,tiny_transformer_property,property,606,2802,11,1.6145774920781453,1.6130738258361816
within_genus_species:Enterobacter,100,N_3pct,tiny_transformer_property,property,606,2802,12,1.611179788907369,1.6110435724258425
within_genus_species:Enterobacter,100,N_3pct,tiny_transformer_property,property,606,2802,13,1.612762689590454,1.609238862991333
within_genus_species:Enterobacter,100,N_3pct,tiny_transformer_property,property,606,2802,14,1.6115352312723796,1.6099079847335815
within_genus_species:Enterobacter,100,N_3pct,tiny_transformer_property,property,606,2802,15,1.6093306144078572,1.6093789339065552
within_genus_species:Enterobacter,100,N_3pct,tiny_transformer_property,property,606,2802,16,1.6094832022984822,1.6093194484710691
within_genus_species:Enterobacter,100,N_3pct,tiny_transformer_property,property,606,2802,17,1.609076976776123,1.6094249486923218
within_genus_species:Enterobacter,100,N_3pct,tiny_transformer_property,property,606,2802,18,1.6070940494537354,1.6089681386947632
within_genus_species:Enterobacter,100,N_3pct,tiny_transformer_property,property,606,2802,19,1.6076016028722129,1.6087677478790283
within_genus_species:Enterobacter,100,N_3pct,tiny_transformer_property,property,606,2802,20,1.6076394319534302,1.609119892120361
within_genus_species:Enterobacter,100,N_3pct,tiny_transformer_property,property,606,2802,21,1.6069916486740112,1.6095260381698608
within_genus_species:Enterobacter,100,N_3pct,tiny_transformer_property,property,606,2802,22,1.608707110087077,1.6101257801055908
within_genus_species:Enterobacter,100,N_3pct,tiny_transformer_property,property,606,2802,23,1.6073215007781982,1.612225890159607
within_genus_species:Enterobacter,100,N_3pct,tiny_transformer_property,property,606,2802,24,1.6053082545598347,1.613220453262329
target_background,100,substitution_1pct_N_3pct,mlp_ckmer5,ckmer5_count_l2,606,2705,1,0.7258233527342478,0.6692605018615723
target_background,100,substitution_1pct_N_3pct,mlp_ckmer5,ckmer5_count_l2,606,2705,2,0.4967910349369049,0.6794552803039551
target_background,100,substitution_1pct_N_3pct,mlp_ckmer5,ckmer5_count_l2,606,2705,3,0.374297946691513,0.7023889422416687
target_background,100,substitution_1pct_N_3pct,mlp_ckmer5,ckmer5_count_l2,606,2705,4,0.3053992390632629,0.7339255213737488
target_background,100,substitution_1pct_N_3pct,mlp_ckmer5,ckmer5_count_l2,606,2705,5,0.2290738746523857,0.7681255340576172
target_background,100,substitution_1pct_N_3pct,mlp_ckmer5,ckmer5_count_l2,606,2705,6,0.1719517012437184,0.8084086775779724
target_background,100,substitution_1pct_N_3pct,mlp_csp,cspaced_property_l2,606,2702,1,0.6857961813608805,0.7166484594345093
target_background,100,substitution_1pct_N_3pct,mlp_csp,cspaced_property_l2,606,2702,2,0.6280128359794617,0.7396605610847473
target_background,100,substitution_1pct_N_3pct,mlp_csp,cspaced_property_l2,606,2702,3,0.5906687378883362,0.7634419202804565
target_background,100,substitution_1pct_N_3pct,mlp_csp,cspaced_property_l2,606,2702,4,0.571179156502088,0.784271776676178
target_background,100,substitution_1pct_N_3pct,mlp_csp,cspaced_property_l2,606,2702,5,0.5532344579696655,0.79661625623703
target_background,100,substitution_1pct_N_3pct,mlp_csp,cspaced_property_l2,606,2702,6,0.5354733020067215,0.8020882606506348
target_background,100,substitution_1pct_N_3pct,mlp_hybrid,hybrid_ckmer5_csp,606,2705,1,0.6981012125809988,0.7225398421287537
target_background,100,substitution_1pct_N_3pct,mlp_hybrid,hybrid_ckmer5_csp,606,2705,2,0.4526877005894978,0.7571237683296204
target_background,100,substitution_1pct_N_3pct,mlp_hybrid,hybrid_ckmer5_csp,606,2705,3,0.3101646502812703,0.7901635766029358
target_background,100,substitution_1pct_N_3pct,mlp_hybrid,hybrid_ckmer5_csp,606,2705,4,0.2292072723309199,0.8398136496543884
target_background,100,substitution_1pct_N_3pct,mlp_hybrid,hybrid_ckmer5_csp,606,2705,5,0.1557574321826299,0.8904608488082886
target_background,100,substitution_1pct_N_3pct,mlp_hybrid,hybrid_ckmer5_csp,606,2705,6,0.1090913278361161,0.9421018958091736
target_background,100,substitution_1pct_N_3pct,cnn_onehot,onehot,606,2705,1,0.6946093539396921,0.6924431920051575
target_background,100,substitution_1pct_N_3pct,cnn_onehot,onehot,606,2705,2,0.688790520032247,0.6919289827346802
target_background,100,substitution_1pct_N_3pct,cnn_onehot,onehot,606,2705,3,0.6852313180764517,0.6915775537490845
target_background,100,substitution_1pct_N_3pct,cnn_onehot,onehot,606,2705,4,0.6865675648053488,0.6910324692726135
target_background,100,substitution_1pct_N_3pct,cnn_onehot,onehot,606,2705,5,0.6826331416765848,0.6892982125282288
target_background,100,substitution_1pct_N_3pct,cnn_onehot,onehot,606,2705,6,0.6794482171535492,0.6883874535560608
target_background,100,substitution_1pct_N_3pct,cnn_onehot,onehot,606,2705,7,0.6742072105407715,0.688016414642334
target_background,100,substitution_1pct_N_3pct,cnn_onehot,onehot,606,2705,8,0.6735537350177765,0.6876717209815979
target_background,100,substitution_1pct_N_3pct,cnn_onehot,onehot,606,2705,9,0.6692410608132681,0.6870166659355164
target_background,100,substitution_1pct_N_3pct,cnn_onehot,onehot,606,2705,10,0.6694744030634562,0.6861510276794434
target_background,100,substitution_1pct_N_3pct,cnn_onehot,onehot,606,2705,11,0.66086545586586,0.6855478286743164
target_background,100,substitution_1pct_N_3pct,cnn_onehot,onehot,606,2705,12,0.6546966830889384,0.6856869459152222
target_background,100,substitution_1pct_N_3pct,cnn_onehot,onehot,606,2705,13,0.6622490882873535,0.6857910752296448
target_background,100,substitution_1pct_N_3pct,cnn_onehot,onehot,606,2705,14,0.6479468643665314,0.6821155548095703
target_background,100,substitution_1pct_N_3pct,cnn_onehot,onehot,606,2705,15,0.6476285457611084,0.6815997958183289
target_background,100,substitution_1pct_N_3pct,cnn_onehot,onehot,606,2705,16,0.6404200792312622,0.6811418533325195
target_background,100,substitution_1pct_N_3pct,cnn_onehot,onehot,606,2705,17,0.6306159694989523,0.6807106733322144
target_background,100,substitution_1pct_N_3pct,cnn_onehot,onehot,606,2705,18,0.6230048636595408,0.6796504855155945
target_background,100,substitution_1pct_N_3pct,cnn_onehot,onehot,606,2705,19,0.607325941324234,0.6782550811767578
target_background,100,substitution_1pct_N_3pct,cnn_onehot,onehot,606,2705,20,0.6127259830633799,0.6767028570175171
target_background,100,substitution_1pct_N_3pct,cnn_onehot,onehot,606,2705,21,0.5959372321764628,0.6753368377685547
target_background,100,substitution_1pct_N_3pct,cnn_onehot,onehot,606,2705,22,0.5861929655075073,0.6767029762268066
target_background,100,substitution_1pct_N_3pct,cnn_onehot,onehot,606,2705,23,0.5839506089687347,0.6735478043556213
target_background,100,substitution_1pct_N_3pct,cnn_onehot,onehot,606,2705,24,0.5753906865914663,0.6742727160453796
target_background,100,substitution_1pct_N_3pct,cnn_property,property,606,2707,1,0.7056081493695577,0.6907873749732971
target_background,100,substitution_1pct_N_3pct,cnn_property,property,606,2707,2,0.692020316918691,0.6911097168922424
target_background,100,substitution_1pct_N_3pct,cnn_property,property,606,2707,3,0.6900692880153656,0.6898028254508972
target_background,100,substitution_1pct_N_3pct,cnn_property,property,606,2707,4,0.6877404352029165,0.6889556646347046
target_background,100,substitution_1pct_N_3pct,cnn_property,property,606,2707,5,0.6839403112729391,0.6887391209602356
target_background,100,substitution_1pct_N_3pct,cnn_property,property,606,2707,6,0.6833063364028931,0.6888819336891174
target_background,100,substitution_1pct_N_3pct,cnn_property,property,606,2707,7,0.6815254290898641,0.6883813142776489
target_background,100,substitution_1pct_N_3pct,cnn_property,property,606,2707,8,0.6775852839152018,0.6879846453666687
target_background,100,substitution_1pct_N_3pct,cnn_property,property,606,2707,9,0.678363303343455,0.6872962713241577
target_background,100,substitution_1pct_N_3pct,cnn_property,property,606,2707,10,0.6681061784426371,0.6913266181945801
target_background,100,substitution_1pct_N_3pct,cnn_property,property,606,2707,11,0.6680126587549845,0.6918728947639465
target_background,100,substitution_1pct_N_3pct,cnn_property,property,606,2707,12,0.6731360455354055,0.6888913512229919
target_background,100,substitution_1pct_N_3pct,cnn_property,property,606,2707,13,0.6633168856302897,0.6869954466819763
target_background,100,substitution_1pct_N_3pct,cnn_property,property,606,2707,14,0.6656499703725179,0.6860243082046509
target_background,100,substitution_1pct_N_3pct,cnn_property,property,606,2707,15,0.6521095236142477,0.6890066266059875
target_background,100,substitution_1pct_N_3pct,cnn_property,property,606,2707,16,0.6514250934123993,0.6882628202438354
target_background,100,substitution_1pct_N_3pct,cnn_property,property,606,2707,17,0.6476707259813944,0.685425341129303
target_background,100,substitution_1pct_N_3pct,cnn_property,property,606,2707,18,0.6401838064193726,0.6849172711372375
target_background,100,substitution_1pct_N_3pct,cnn_property,property,606,2707,19,0.6349949936072031,0.6824327111244202
target_background,100,substitution_1pct_N_3pct,cnn_property,property,606,2707,20,0.6352247397104899,0.6825807690620422
target_background,100,substitution_1pct_N_3pct,cnn_property,property,606,2707,21,0.631673792997996,0.6889615058898926
target_background,100,substitution_1pct_N_3pct,cnn_property,property,606,2707,22,0.615706334511439,0.6826953291893005
target_background,100,substitution_1pct_N_3pct,cnn_property,property,606,2707,23,0.6242822011311849,0.6835269927978516
target_background,100,substitution_1pct_N_3pct,cnn_property,property,606,2707,24,0.6259451905886332,0.6905900239944458
target_background,100,substitution_1pct_N_3pct,tiny_transformer_onehot,onehot,606,2718,1,0.7143827577431997,0.6996942758560181
target_background,100,substitution_1pct_N_3pct,tiny_transformer_onehot,onehot,606,2718,2,0.6958061059316,0.6956662535667419
target_background,100,substitution_1pct_N_3pct,tiny_transformer_onehot,onehot,606,2718,3,0.7101000746091207,0.699209988117218
target_background,100,substitution_1pct_N_3pct,tiny_transformer_onehot,onehot,606,2718,4,0.6998468041419983,0.6972774267196655
target_background,100,substitution_1pct_N_3pct,tiny_transformer_onehot,onehot,606,2718,5,0.6926672756671906,0.693341076374054
target_background,100,substitution_1pct_N_3pct,tiny_transformer_onehot,onehot,606,2718,6,0.6824094355106354,0.6947579383850098
target_background,100,substitution_1pct_N_3pct,tiny_transformer_onehot,onehot,606,2718,7,0.6991584102312723,0.6961786150932312
target_background,100,substitution_1pct_N_3pct,tiny_transformer_onehot,onehot,606,2718,8,0.6778833369414011,0.6935738325119019
target_background,100,substitution_1pct_N_3pct,tiny_transformer_onehot,onehot,606,2718,9,0.6739750405152639,0.6954695582389832
target_background,100,substitution_1pct_N_3pct,tiny_transformer_onehot,onehot,606,2718,10,0.6889962951342264,0.691614031791687
target_background,100,substitution_1pct_N_3pct,tiny_transformer_onehot,onehot,606,2718,11,0.6775678098201752,0.7003150582313538
target_background,100,substitution_1pct_N_3pct,tiny_transformer_onehot,onehot,606,2718,12,0.684284488360087,0.6940239667892456
target_background,100,substitution_1pct_N_3pct,tiny_transformer_onehot,onehot,606,2718,13,0.6879905064900717,0.6924882531166077
target_background,100,substitution_1pct_N_3pct,tiny_transformer_onehot,onehot,606,2718,14,0.6682353615760803,0.7055715918540955
target_background,100,substitution_1pct_N_3pct,tiny_transformer_onehot,onehot,606,2718,15,0.6683715184529623,0.6964209675788879
target_background,100,substitution_1pct_N_3pct,tiny_transformer_property,property,606,2720,1,0.7040711144606272,0.6684774160385132
target_background,100,substitution_1pct_N_3pct,tiny_transformer_property,property,606,2720,2,0.680422176917394,0.6586494445800781
target_background,100,substitution_1pct_N_3pct,tiny_transformer_property,property,606,2720,3,0.6803072988986969,0.6559821367263794
target_background,100,substitution_1pct_N_3pct,tiny_transformer_property,property,606,2720,4,0.6821857988834381,0.6540688276290894
target_background,100,substitution_1pct_N_3pct,tiny_transformer_property,property,606,2720,5,0.6922191878159841,0.6548042893409729
target_background,100,substitution_1pct_N_3pct,tiny_transformer_property,property,606,2720,6,0.6939583619435629,0.652404248714447
target_background,100,substitution_1pct_N_3pct,tiny_transformer_property,property,606,2720,7,0.6840458512306213,0.6485370993614197
target_background,100,substitution_1pct_N_3pct,tiny_transformer_property,property,606,2720,8,0.6924877365430196,0.6493884325027466
target_background,100,substitution_1pct_N_3pct,tiny_transformer_property,property,606,2720,9,0.6823777755101522,0.6464061141014099
target_background,100,substitution_1pct_N_3pct,tiny_transformer_property,property,606,2720,10,0.6762272516886393,0.6459299325942993
target_background,100,substitution_1pct_N_3pct,tiny_transformer_property,property,606,2720,11,0.678516815106074,0.6450955271720886
target_background,100,substitution_1pct_N_3pct,tiny_transformer_property,property,606,2720,12,0.6885575552781423,0.6475827097892761
target_background,100,substitution_1pct_N_3pct,tiny_transformer_property,property,606,2720,13,0.6647140781084696,0.6418930292129517
target_background,100,substitution_1pct_N_3pct,tiny_transformer_property,property,606,2720,14,0.6919557948907217,0.6398853063583374
target_background,100,substitution_1pct_N_3pct,tiny_transformer_property,property,606,2720,15,0.6691025495529175,0.6430240273475647
target_background,100,substitution_1pct_N_3pct,tiny_transformer_property,property,606,2720,16,0.6840302050113678,0.637619137763977
target_background,100,substitution_1pct_N_3pct,tiny_transformer_property,property,606,2720,17,0.693518320719401,0.6359887719154358
target_background,100,substitution_1pct_N_3pct,tiny_transformer_property,property,606,2720,18,0.6693059007326762,0.6474083065986633
target_background,100,substitution_1pct_N_3pct,tiny_transformer_property,property,606,2720,19,0.6958003242810568,0.6453486084938049
target_background,100,substitution_1pct_N_3pct,tiny_transformer_property,property,606,2720,20,0.6884091397126516,0.6411543488502502
target_background,100,substitution_1pct_N_3pct,tiny_transformer_property,property,606,2720,21,0.6716664334138235,0.6378887295722961
target_background,100,substitution_1pct_N_3pct,tiny_transformer_property,property,606,2720,22,0.6669696569442749,0.6480485796928406
global_species,100,substitution_1pct_N_3pct,mlp_ckmer5,ckmer5_count_l2,606,2666,1,3.0525742310744066,2.9827797412872314
global_species,100,substitution_1pct_N_3pct,mlp_ckmer5,ckmer5_count_l2,606,2666,2,2.558526589320256,2.8852946758270264
global_species,100,substitution_1pct_N_3pct,mlp_ckmer5,ckmer5_count_l2,606,2666,3,2.2666390308967004,2.7907793521881104
global_species,100,substitution_1pct_N_3pct,mlp_ckmer5,ckmer5_count_l2,606,2666,4,1.9121431020589976,2.71205472946167
global_species,100,substitution_1pct_N_3pct,mlp_ckmer5,ckmer5_count_l2,606,2666,5,1.5937698437617376,2.656226396560669
global_species,100,substitution_1pct_N_3pct,mlp_ckmer5,ckmer5_count_l2,606,2666,6,1.2589482619212224,2.630164861679077
global_species,100,substitution_1pct_N_3pct,mlp_ckmer5,ckmer5_count_l2,606,2666,7,1.062593950675084,2.621689796447754
global_species,100,substitution_1pct_N_3pct,mlp_ckmer5,ckmer5_count_l2,606,2666,8,0.7677110296029311,2.634146451950073
global_species,100,substitution_1pct_N_3pct,mlp_ckmer5,ckmer5_count_l2,606,2666,9,0.6251082191100488,2.656721353530884
global_species,100,substitution_1pct_N_3pct,mlp_ckmer5,ckmer5_count_l2,606,2666,10,0.4673290321460137,2.6716420650482178
global_species,100,substitution_1pct_N_3pct,mlp_ckmer5,ckmer5_count_l2,606,2666,11,0.3429946727477587,2.701728343963623
global_species,100,substitution_1pct_N_3pct,mlp_ckmer5,ckmer5_count_l2,606,2666,12,0.2829230920626567,2.7262072563171387
global_species,100,substitution_1pct_N_3pct,mlp_csp,cspaced_property_l2,606,2663,1,3.025138066365169,2.992393493652344
global_species,100,substitution_1pct_N_3pct,mlp_csp,cspaced_property_l2,606,2663,2,2.8812688313997707,2.9437575340271
global_species,100,substitution_1pct_N_3pct,mlp_csp,cspaced_property_l2,606,2663,3,2.8417515204502988,2.890848159790039
global_species,100,substitution_1pct_N_3pct,mlp_csp,cspaced_property_l2,606,2663,4,2.733491053948036,2.836090564727783
global_species,100,substitution_1pct_N_3pct,mlp_csp,cspaced_property_l2,606,2663,5,2.6484944086808424,2.77809476852417
global_species,100,substitution_1pct_N_3pct,mlp_csp,cspaced_property_l2,606,2663,6,2.485726246467004,2.7274932861328125
global_species,100,substitution_1pct_N_3pct,mlp_csp,cspaced_property_l2,606,2663,7,2.4765839393322286,2.685219049453736
global_species,100,substitution_1pct_N_3pct,mlp_csp,cspaced_property_l2,606,2663,8,2.42391116802509,2.6524248123168945
global_species,100,substitution_1pct_N_3pct,mlp_csp,cspaced_property_l2,606,2663,9,2.2564886716695933,2.627007246017456
global_species,100,substitution_1pct_N_3pct,mlp_csp,cspaced_property_l2,606,2663,10,2.2224259009728065,2.60986328125
global_species,100,substitution_1pct_N_3pct,mlp_csp,cspaced_property_l2,606,2663,11,2.1266974944334764,2.5968217849731445
global_species,100,substitution_1pct_N_3pct,mlp_csp,cspaced_property_l2,606,2663,12,2.1274334283975453,2.588232040405273
global_species,100,substitution_1pct_N_3pct,mlp_csp,cspaced_property_l2,606,2663,13,2.037475063250615,2.579539060592652
global_species,100,substitution_1pct_N_3pct,mlp_csp,cspaced_property_l2,606,2663,14,1.9828052337353048,2.5752487182617188
global_species,100,substitution_1pct_N_3pct,mlp_csp,cspaced_property_l2,606,2663,15,1.944157215265128,2.572652578353882
global_species,100,substitution_1pct_N_3pct,mlp_csp,cspaced_property_l2,606,2663,16,1.84431097140679,2.5724899768829346
global_species,100,substitution_1pct_N_3pct,mlp_csp,cspaced_property_l2,606,2663,17,1.8955550835682795,2.577478170394897
global_species,100,substitution_1pct_N_3pct,mlp_csp,cspaced_property_l2,606,2663,18,1.802648177513709,2.5713679790496826
global_species,100,substitution_1pct_N_3pct,mlp_csp,cspaced_property_l2,606,2663,19,1.748216674878047,2.574169635772705
global_species,100,substitution_1pct_N_3pct,mlp_csp,cspaced_property_l2,606,2663,20,1.7300191934292133,2.5845484733581543
global_species,100,substitution_1pct_N_3pct,mlp_csp,cspaced_property_l2,606,2663,21,1.675216894883376,2.5917165279388428
global_species,100,substitution_1pct_N_3pct,mlp_csp,cspaced_property_l2,606,2663,22,1.631624093422523,2.5940561294555664
global_species,100,substitution_1pct_N_3pct,mlp_csp,cspaced_property_l2,606,2663,23,1.5105943496410663,2.595854520797729
global_species,100,substitution_1pct_N_3pct,mlp_hybrid,hybrid_ckmer5_csp,606,2666,1,2.9812034460214467,2.87837815284729
global_species,100,substitution_1pct_N_3pct,mlp_hybrid,hybrid_ckmer5_csp,606,2666,2,2.3732142448425293,2.738051652908325
global_species,100,substitution_1pct_N_3pct,mlp_hybrid,hybrid_ckmer5_csp,606,2666,3,1.948884890629695,2.65293025970459
global_species,100,substitution_1pct_N_3pct,mlp_hybrid,hybrid_ckmer5_csp,606,2666,4,1.577797477061932,2.6071698665618896
global_species,100,substitution_1pct_N_3pct,mlp_hybrid,hybrid_ckmer5_csp,606,2666,5,1.216340495989873,2.581498622894287
global_species,100,substitution_1pct_N_3pct,mlp_hybrid,hybrid_ckmer5_csp,606,2666,6,0.9268552706791804,2.5855813026428223
global_species,100,substitution_1pct_N_3pct,mlp_hybrid,hybrid_ckmer5_csp,606,2666,7,0.7275815835365882,2.604328155517578
global_species,100,substitution_1pct_N_3pct,mlp_hybrid,hybrid_ckmer5_csp,606,2666,8,0.4972399175167084,2.634994506835937
global_species,100,substitution_1pct_N_3pct,mlp_hybrid,hybrid_ckmer5_csp,606,2666,9,0.3979719923092769,2.685088872909546
global_species,100,substitution_1pct_N_3pct,mlp_hybrid,hybrid_ckmer5_csp,606,2666,10,0.2930532636550756,2.708284378051758
global_species,100,substitution_1pct_N_3pct,cnn_onehot,onehot,606,2666,1,3.060469920818622,3.049923658370972
global_species,100,substitution_1pct_N_3pct,cnn_onehot,onehot,606,2666,2,3.0343739619621863,3.0465633869171143
global_species,100,substitution_1pct_N_3pct,cnn_onehot,onehot,606,2666,3,3.035636865175688,3.044276714324951
global_species,100,substitution_1pct_N_3pct,cnn_onehot,onehot,606,2666,4,3.0315277576446533,3.0411088466644287
global_species,100,substitution_1pct_N_3pct,cnn_onehot,onehot,606,2666,5,3.0240190029144287,3.039350748062134
global_species,100,substitution_1pct_N_3pct,cnn_onehot,onehot,606,2666,6,3.010921735029954,3.037945508956909
global_species,100,substitution_1pct_N_3pct,cnn_onehot,onehot,606,2666,7,3.0034211782308726,3.0359463691711426
global_species,100,substitution_1pct_N_3pct,cnn_onehot,onehot,606,2666,8,3.0161726841559777,3.0325725078582764
global_species,100,substitution_1pct_N_3pct,cnn_onehot,onehot,606,2666,9,2.999512690764207,3.028118848800659
global_species,100,substitution_1pct_N_3pct,cnn_onehot,onehot,606,2666,10,2.999978413948646,3.0216987133026123
global_species,100,substitution_1pct_N_3pct,cnn_onehot,onehot,606,2666,11,2.972260255080003,3.0115668773651123
global_species,100,substitution_1pct_N_3pct,cnn_onehot,onehot,606,2666,12,2.970832292850201,3.0022411346435547
global_species,100,substitution_1pct_N_3pct,cnn_onehot,onehot,606,2666,13,2.9665766679323635,2.98751187324524
global_species,100,substitution_1pct_N_3pct,cnn_onehot,onehot,606,2666,14,2.946306723814744,2.970060348510742
global_species,100,substitution_1pct_N_3pct,cnn_onehot,onehot,606,2666,15,2.9217403485224795,2.949409008026123
global_species,100,substitution_1pct_N_3pct,cnn_onehot,onehot,606,2666,16,2.8999363642472487,2.926417827606201
global_species,100,substitution_1pct_N_3pct,cnn_onehot,onehot,606,2666,17,2.8422369406773496,2.900390863418579
global_species,100,substitution_1pct_N_3pct,cnn_onehot,onehot,606,2666,18,2.8448135302617,2.8700459003448486
global_species,100,substitution_1pct_N_3pct,cnn_onehot,onehot,606,2666,19,2.793048546864436,2.8279712200164795
global_species,100,substitution_1pct_N_3pct,cnn_onehot,onehot,606,2666,20,2.752045759787926,2.792815923690796
global_species,100,substitution_1pct_N_3pct,cnn_onehot,onehot,606,2666,21,2.7019194089449368,2.7569501399993896
global_species,100,substitution_1pct_N_3pct,cnn_onehot,onehot,606,2666,22,2.661181926727295,2.721076726913452
global_species,100,substitution_1pct_N_3pct,cnn_onehot,onehot,606,2666,23,2.5520617411686826,2.6898903846740723
global_species,100,substitution_1pct_N_3pct,cnn_onehot,onehot,606,2666,24,2.547719350227943,2.665654182434082
global_species,100,substitution_1pct_N_3pct,cnn_property,property,606,2668,1,3.054255833992592,3.0509071350097656
global_species,100,substitution_1pct_N_3pct,cnn_property,property,606,2668,2,3.040839268611028,3.049060106277466
global_species,100,substitution_1pct_N_3pct,cnn_property,property,606,2668,3,3.0277192959418664,3.0480663776397705
global_species,100,substitution_1pct_N_3pct,cnn_property,property,606,2668,4,3.0314520872556248,3.048473358154297
global_species,100,substitution_1pct_N_3pct,cnn_property,property,606,2668,5,3.040086819575383,3.046958446502685
global_species,100,substitution_1pct_N_3pct,cnn_property,property,606,2668,6,3.016845593085656,3.0464842319488525
global_species,100,substitution_1pct_N_3pct,cnn_property,property,606,2668,7,3.0188976984757643,3.0482819080352783
global_species,100,substitution_1pct_N_3pct,cnn_property,property,606,2668,8,3.034124025931725,3.046278715133667
global_species,100,substitution_1pct_N_3pct,cnn_property,property,606,2668,9,2.998432764640221,3.045338153839112
global_species,100,substitution_1pct_N_3pct,cnn_property,property,606,2668,10,3.02595984018766,3.0446035861968994
global_species,100,substitution_1pct_N_3pct,cnn_property,property,606,2668,11,2.9884151495420017,3.0379786491394043
global_species,100,substitution_1pct_N_3pct,cnn_property,property,606,2668,12,2.974223632078904,3.038898229598999
global_species,100,substitution_1pct_N_3pct,cnn_property,property,606,2668,13,3.0161942335275502,3.03824520111084
global_species,100,substitution_1pct_N_3pct,cnn_property,property,606,2668,14,2.9958063455728383,3.0286905765533447
global_species,100,substitution_1pct_N_3pct,cnn_property,property,606,2668,15,2.9903317047999454,3.0237832069396973
global_species,100,substitution_1pct_N_3pct,cnn_property,property,606,2668,16,2.983733892440796,3.0169498920440674
global_species,100,substitution_1pct_N_3pct,cnn_property,property,606,2668,17,2.9423385766836314,3.0140914916992188
global_species,100,substitution_1pct_N_3pct,cnn_property,property,606,2668,18,2.9572535111353946,3.00752592086792
global_species,100,substitution_1pct_N_3pct,cnn_property,property,606,2668,19,2.9350442519554725,2.9959750175476074
global_species,100,substitution_1pct_N_3pct,cnn_property,property,606,2668,20,2.920428606180044,2.981592893600464
global_species,100,substitution_1pct_N_3pct,cnn_property,property,606,2668,21,2.892907491097084,2.9701006412506104
global_species,100,substitution_1pct_N_3pct,cnn_property,property,606,2668,22,2.868651261696449,2.9498767852783203
global_species,100,substitution_1pct_N_3pct,cnn_property,property,606,2668,23,2.852048672162569,2.9339263439178467
global_species,100,substitution_1pct_N_3pct,cnn_property,property,606,2668,24,2.806829929351806,2.925337314605713
global_species,100,substitution_1pct_N_3pct,tiny_transformer_onehot,onehot,606,2679,1,3.128523258062509,3.0474209785461426
global_species,100,substitution_1pct_N_3pct,tiny_transformer_onehot,onehot,606,2679,2,3.041700528218196,3.023844003677368
global_species,100,substitution_1pct_N_3pct,tiny_transformer_onehot,onehot,606,2679,3,3.0259747871985803,3.0080814361572266
global_species,100,substitution_1pct_N_3pct,tiny_transformer_onehot,onehot,606,2679,4,3.006135427034818,2.9900808334350586
global_species,100,substitution_1pct_N_3pct,tiny_transformer_onehot,onehot,606,2679,5,2.995748684956477,2.9696202278137207
global_species,100,substitution_1pct_N_3pct,tiny_transformer_onehot,onehot,606,2679,6,2.954751033049363,2.947085380554199
global_species,100,substitution_1pct_N_3pct,tiny_transformer_onehot,onehot,606,2679,7,2.941272625556359,2.9101407527923584
global_species,100,substitution_1pct_N_3pct,tiny_transformer_onehot,onehot,606,2679,8,2.908989594532893,2.8802385330200195
global_species,100,substitution_1pct_N_3pct,tiny_transformer_onehot,onehot,606,2679,9,2.8862047012035665,2.8458123207092285
global_species,100,substitution_1pct_N_3pct,tiny_transformer_onehot,onehot,606,2679,10,2.8255706750429592,2.800525426864624
global_species,100,substitution_1pct_N_3pct,tiny_transformer_onehot,onehot,606,2679,11,2.729751330155593,2.751892566680908
global_species,100,substitution_1pct_N_3pct,tiny_transformer_onehot,onehot,606,2679,12,2.695029277067918,2.707098960876465
global_species,100,substitution_1pct_N_3pct,tiny_transformer_onehot,onehot,606,2679,13,2.713924536338219,2.673590660095215
global_species,100,substitution_1pct_N_3pct,tiny_transformer_onehot,onehot,606,2679,14,2.643679527135996,2.6781132221221924
global_species,100,substitution_1pct_N_3pct,tiny_transformer_onehot,onehot,606,2679,15,2.621822375517625,2.639948844909668
global_species,100,substitution_1pct_N_3pct,tiny_transformer_onehot,onehot,606,2679,16,2.5934755435356727,2.656167268753052
global_species,100,substitution_1pct_N_3pct,tiny_transformer_onehot,onehot,606,2679,17,2.5514242465679464,2.6082258224487305
global_species,100,substitution_1pct_N_3pct,tiny_transformer_onehot,onehot,606,2679,18,2.5477583775153527,2.617428541183472
global_species,100,substitution_1pct_N_3pct,tiny_transformer_onehot,onehot,606,2679,19,2.5578137727884145,2.6153812408447266
global_species,100,substitution_1pct_N_3pct,tiny_transformer_onehot,onehot,606,2679,20,2.5386286882253795,2.5850372314453125
global_species,100,substitution_1pct_N_3pct,tiny_transformer_onehot,onehot,606,2679,21,2.5002649013812723,2.5850589275360107
global_species,100,substitution_1pct_N_3pct,tiny_transformer_onehot,onehot,606,2679,22,2.499806385773879,2.5969600677490234
global_species,100,substitution_1pct_N_3pct,tiny_transformer_onehot,onehot,606,2679,23,2.501048656610342,2.57330060005188
global_species,100,substitution_1pct_N_3pct,tiny_transformer_onehot,onehot,606,2679,24,2.48322661106403,2.582291603088379
global_species,100,substitution_1pct_N_3pct,tiny_transformer_property,property,606,2681,1,3.115837023808406,3.0445289611816406
global_species,100,substitution_1pct_N_3pct,tiny_transformer_property,property,606,2681,2,3.049650687437791,3.026182174682617
global_species,100,substitution_1pct_N_3pct,tiny_transformer_property,property,606,2681,3,3.0404657217172475,3.014641523361206
global_species,100,substitution_1pct_N_3pct,tiny_transformer_property,property,606,2681,4,3.005594693697416,2.994435310363769
global_species,100,substitution_1pct_N_3pct,tiny_transformer_property,property,606,2681,5,2.9916320764101467,2.96378231048584
global_species,100,substitution_1pct_N_3pct,tiny_transformer_property,property,606,2681,6,2.9452057618361254,2.9347426891326904
global_species,100,substitution_1pct_N_3pct,tiny_transformer_property,property,606,2681,7,2.920810185945951,2.8905324935913086
global_species,100,substitution_1pct_N_3pct,tiny_transformer_property,property,606,2681,8,2.845936610148504,2.849181652069092
global_species,100,substitution_1pct_N_3pct,tiny_transformer_property,property,606,2681,9,2.834275429065411,2.805999279022217
global_species,100,substitution_1pct_N_3pct,tiny_transformer_property,property,606,2681,10,2.698713935338534,2.740086078643799
global_species,100,substitution_1pct_N_3pct,tiny_transformer_property,property,606,2681,11,2.747348950459407,2.692112684249878
global_species,100,substitution_1pct_N_3pct,tiny_transformer_property,property,606,2681,12,2.663684881650485,2.665568351745605
global_species,100,substitution_1pct_N_3pct,tiny_transformer_property,property,606,2681,13,2.6504757587726298,2.621156692504883
global_species,100,substitution_1pct_N_3pct,tiny_transformer_property,property,606,2681,14,2.6213396879342885,2.605954885482788
global_species,100,substitution_1pct_N_3pct,tiny_transformer_property,property,606,2681,15,2.61996839596675,2.6213529109954834
global_species,100,substitution_1pct_N_3pct,tiny_transformer_property,property,606,2681,16,2.592398973611685,2.585669040679932
global_species,100,substitution_1pct_N_3pct,tiny_transformer_property,property,606,2681,17,2.5615784388322096,2.575878858566284
global_species,100,substitution_1pct_N_3pct,tiny_transformer_property,property,606,2681,18,2.5614497111393857,2.569746971130371
global_species,100,substitution_1pct_N_3pct,tiny_transformer_property,property,606,2681,19,2.522609178836529,2.5389721393585205
global_species,100,substitution_1pct_N_3pct,tiny_transformer_property,property,606,2681,20,2.551059576181265,2.536689281463623
global_species,100,substitution_1pct_N_3pct,tiny_transformer_property,property,606,2681,21,2.558692455291748,2.547435998916626
global_species,100,substitution_1pct_N_3pct,tiny_transformer_property,property,606,2681,22,2.485575703474192,2.540349245071411
global_species,100,substitution_1pct_N_3pct,tiny_transformer_property,property,606,2681,23,2.5122774014106164,2.516822099685669
global_species,100,substitution_1pct_N_3pct,tiny_transformer_property,property,606,2681,24,2.524244785308838,2.514631986618042
within_genus_species:Enterobacter,100,substitution_1pct_N_3pct,mlp_ckmer5,ckmer5_count_l2,606,2913,1,1.6105672121047974,1.6189076900482178
within_genus_species:Enterobacter,100,substitution_1pct_N_3pct,mlp_ckmer5,ckmer5_count_l2,606,2913,2,1.3088895479838054,1.6113473176956177
within_genus_species:Enterobacter,100,substitution_1pct_N_3pct,mlp_ckmer5,ckmer5_count_l2,606,2913,3,1.0916348695755005,1.6053526401519775
within_genus_species:Enterobacter,100,substitution_1pct_N_3pct,mlp_ckmer5,ckmer5_count_l2,606,2913,4,0.917085607846578,1.6010485887527466
within_genus_species:Enterobacter,100,substitution_1pct_N_3pct,mlp_ckmer5,ckmer5_count_l2,606,2913,5,0.7602911194165548,1.60041606426239
within_genus_species:Enterobacter,100,substitution_1pct_N_3pct,mlp_ckmer5,ckmer5_count_l2,606,2913,6,0.6262030800183614,1.602828860282898
within_genus_species:Enterobacter,100,substitution_1pct_N_3pct,mlp_ckmer5,ckmer5_count_l2,606,2913,7,0.5103810032208761,1.608309268951416
within_genus_species:Enterobacter,100,substitution_1pct_N_3pct,mlp_ckmer5,ckmer5_count_l2,606,2913,8,0.413383404413859,1.6177059412002563
within_genus_species:Enterobacter,100,substitution_1pct_N_3pct,mlp_ckmer5,ckmer5_count_l2,606,2913,9,0.3288358251253764,1.627549409866333
within_genus_species:Enterobacter,100,substitution_1pct_N_3pct,mlp_ckmer5,ckmer5_count_l2,606,2913,10,0.2591487814982732,1.638971924781799
within_genus_species:Enterobacter,100,substitution_1pct_N_3pct,mlp_csp,cspaced_property_l2,606,2910,1,1.6685608625411987,1.6511268615722656
within_genus_species:Enterobacter,100,substitution_1pct_N_3pct,mlp_csp,cspaced_property_l2,606,2910,2,1.5898096958796184,1.650387167930603
within_genus_species:Enterobacter,100,substitution_1pct_N_3pct,mlp_csp,cspaced_property_l2,606,2910,3,1.5335590442021687,1.6494065523147583
within_genus_species:Enterobacter,100,substitution_1pct_N_3pct,mlp_csp,cspaced_property_l2,606,2910,4,1.4829139312108357,1.6495057344436646
within_genus_species:Enterobacter,100,substitution_1pct_N_3pct,mlp_csp,cspaced_property_l2,606,2910,5,1.432248592376709,1.6511704921722412
within_genus_species:Enterobacter,100,substitution_1pct_N_3pct,mlp_csp,cspaced_property_l2,606,2910,6,1.3835371335347493,1.6536366939544678
within_genus_species:Enterobacter,100,substitution_1pct_N_3pct,mlp_csp,cspaced_property_l2,606,2910,7,1.3384076356887815,1.6573928594589231
within_genus_species:Enterobacter,100,substitution_1pct_N_3pct,mlp_csp,cspaced_property_l2,606,2910,8,1.289812088012695,1.6624284982681274
within_genus_species:Enterobacter,100,substitution_1pct_N_3pct,mlp_hybrid,hybrid_ckmer5_csp,606,2913,1,1.6047667264938354,1.626529574394226
within_genus_species:Enterobacter,100,substitution_1pct_N_3pct,mlp_hybrid,hybrid_ckmer5_csp,606,2913,2,1.2238812843958538,1.6135187149047852
within_genus_species:Enterobacter,100,substitution_1pct_N_3pct,mlp_hybrid,hybrid_ckmer5_csp,606,2913,3,0.9679901997248332,1.6094025373458862
within_genus_species:Enterobacter,100,substitution_1pct_N_3pct,mlp_hybrid,hybrid_ckmer5_csp,606,2913,4,0.7706389228502909,1.6113495826721191
within_genus_species:Enterobacter,100,substitution_1pct_N_3pct,mlp_hybrid,hybrid_ckmer5_csp,606,2913,5,0.6112186113993326,1.617790460586548
within_genus_species:Enterobacter,100,substitution_1pct_N_3pct,mlp_hybrid,hybrid_ckmer5_csp,606,2913,6,0.4788002371788025,1.6267797946929932
within_genus_species:Enterobacter,100,substitution_1pct_N_3pct,mlp_hybrid,hybrid_ckmer5_csp,606,2913,7,0.3684281806151072,1.6385560035705566
within_genus_species:Enterobacter,100,substitution_1pct_N_3pct,mlp_hybrid,hybrid_ckmer5_csp,606,2913,8,0.2819769779841105,1.6532450914382937
within_genus_species:Enterobacter,100,substitution_1pct_N_3pct,cnn_onehot,onehot,606,2913,1,1.6217997868855794,1.619438886642456
within_genus_species:Enterobacter,100,substitution_1pct_N_3pct,cnn_onehot,onehot,606,2913,2,1.6114511092503865,1.61584734916687
within_genus_species:Enterobacter,100,substitution_1pct_N_3pct,cnn_onehot,onehot,606,2913,3,1.6020824511845906,1.613447666168213
within_genus_species:Enterobacter,100,substitution_1pct_N_3pct,cnn_onehot,onehot,606,2913,4,1.5960691372553508,1.6121904850006104
within_genus_species:Enterobacter,100,substitution_1pct_N_3pct,cnn_onehot,onehot,606,2913,5,1.5906987190246582,1.6113286018371582
within_genus_species:Enterobacter,100,substitution_1pct_N_3pct,cnn_onehot,onehot,606,2913,6,1.5858449935913086,1.610695242881775
within_genus_species:Enterobacter,100,substitution_1pct_N_3pct,cnn_onehot,onehot,606,2913,7,1.582897663116455,1.6104919910430908
within_genus_species:Enterobacter,100,substitution_1pct_N_3pct,cnn_onehot,onehot,606,2913,8,1.5786261558532717,1.6099889278411863
within_genus_species:Enterobacter,100,substitution_1pct_N_3pct,cnn_onehot,onehot,606,2913,9,1.57469109694163,1.6096640825271606
within_genus_species:Enterobacter,100,substitution_1pct_N_3pct,cnn_onehot,onehot,606,2913,10,1.5725358724594116,1.6094505786895752
within_genus_species:Enterobacter,100,substitution_1pct_N_3pct,cnn_onehot,onehot,606,2913,11,1.5679039160410564,1.6092983484268188
within_genus_species:Enterobacter,100,substitution_1pct_N_3pct,cnn_onehot,onehot,606,2913,12,1.5646106799443562,1.6092751026153564
within_genus_species:Enterobacter,100,substitution_1pct_N_3pct,cnn_onehot,onehot,606,2913,13,1.561164458592733,1.6093043088912964
within_genus_species:Enterobacter,100,substitution_1pct_N_3pct,cnn_onehot,onehot,606,2913,14,1.5577178398768108,1.6092015504837036
within_genus_species:Enterobacter,100,substitution_1pct_N_3pct,cnn_onehot,onehot,606,2913,15,1.5533502101898191,1.6094297170639038
within_genus_species:Enterobacter,100,substitution_1pct_N_3pct,cnn_onehot,onehot,606,2913,16,1.5500459273656209,1.6098027229309082
within_genus_species:Enterobacter,100,substitution_1pct_N_3pct,cnn_onehot,onehot,606,2913,17,1.546170433362325,1.609966516494751
within_genus_species:Enterobacter,100,substitution_1pct_N_3pct,cnn_onehot,onehot,606,2913,18,1.5422372420628865,1.6099790334701538
within_genus_species:Enterobacter,100,substitution_1pct_N_3pct,cnn_onehot,onehot,606,2913,19,1.5389195680618286,1.6102584600448608
within_genus_species:Enterobacter,100,substitution_1pct_N_3pct,cnn_property,property,606,2915,1,1.6139105955759685,1.609262228012085
within_genus_species:Enterobacter,100,substitution_1pct_N_3pct,cnn_property,property,606,2915,2,1.6054720481236775,1.6075536012649536
within_genus_species:Enterobacter,100,substitution_1pct_N_3pct,cnn_property,property,606,2915,3,1.600798726081848,1.6072503328323364
within_genus_species:Enterobacter,100,substitution_1pct_N_3pct,cnn_property,property,606,2915,4,1.5967161258061726,1.607967734336853
within_genus_species:Enterobacter,100,substitution_1pct_N_3pct,cnn_property,property,606,2915,5,1.5935000975926716,1.6089051961898804
within_genus_species:Enterobacter,100,substitution_1pct_N_3pct,cnn_property,property,606,2915,6,1.5894583066304524,1.608590841293335
within_genus_species:Enterobacter,100,substitution_1pct_N_3pct,cnn_property,property,606,2915,7,1.5857751766840618,1.6087733507156372
within_genus_species:Enterobacter,100,substitution_1pct_N_3pct,cnn_property,property,606,2915,8,1.5837506850560503,1.608811616897583
within_genus_species:Enterobacter,100,substitution_1pct_N_3pct,tiny_transformer_onehot,onehot,606,2926,1,1.6421727339426675,1.607661247253418
within_genus_species:Enterobacter,100,substitution_1pct_N_3pct,tiny_transformer_onehot,onehot,606,2926,2,1.6120415131251018,1.6124658584594729
within_genus_species:Enterobacter,100,substitution_1pct_N_3pct,tiny_transformer_onehot,onehot,606,2926,3,1.606316288312276,1.6197946071624756
within_genus_species:Enterobacter,100,substitution_1pct_N_3pct,tiny_transformer_onehot,onehot,606,2926,4,1.6050925652186077,1.61863374710083
within_genus_species:Enterobacter,100,substitution_1pct_N_3pct,tiny_transformer_onehot,onehot,606,2926,5,1.6049027840296428,1.6165390014648438
within_genus_species:Enterobacter,100,substitution_1pct_N_3pct,tiny_transformer_onehot,onehot,606,2926,6,1.60408616065979,1.613880634307861
within_genus_species:Enterobacter,100,substitution_1pct_N_3pct,tiny_transformer_property,property,606,2928,1,1.7170168956120808,1.6516221761703491
within_genus_species:Enterobacter,100,substitution_1pct_N_3pct,tiny_transformer_property,property,606,2928,2,1.6466257572174072,1.6156737804412842
within_genus_species:Enterobacter,100,substitution_1pct_N_3pct,tiny_transformer_property,property,606,2928,3,1.622481385866801,1.6108139753341677
within_genus_species:Enterobacter,100,substitution_1pct_N_3pct,tiny_transformer_property,property,606,2928,4,1.6186623175938923,1.6175367832183838
within_genus_species:Enterobacter,100,substitution_1pct_N_3pct,tiny_transformer_property,property,606,2928,5,1.6191526254018147,1.619937300682068
within_genus_species:Enterobacter,100,substitution_1pct_N_3pct,tiny_transformer_property,property,606,2928,6,1.6159590085347493,1.6168917417526243
within_genus_species:Enterobacter,100,substitution_1pct_N_3pct,tiny_transformer_property,property,606,2928,7,1.6135077476501465,1.6154149770736694
within_genus_species:Enterobacter,100,substitution_1pct_N_3pct,tiny_transformer_property,property,606,2928,8,1.611388882001241,1.6138643026351929
target_background,150,clean,mlp_ckmer5,ckmer5_count_l2,606,3422,1,0.7220101555188497,0.7384796738624573
target_background,150,clean,mlp_ckmer5,ckmer5_count_l2,606,3422,2,0.52962926030159,0.745221734046936
target_background,150,clean,mlp_ckmer5,ckmer5_count_l2,606,3422,3,0.3782988687356313,0.7487869262695312
target_background,150,clean,mlp_ckmer5,ckmer5_count_l2,606,3422,4,0.319778377811114,0.7652886509895325
target_background,150,clean,mlp_ckmer5,ckmer5_count_l2,606,3422,5,0.2273911486069361,0.7824406027793884
target_background,150,clean,mlp_ckmer5,ckmer5_count_l2,606,3422,6,0.1640875190496444,0.8187670111656189
target_background,150,clean,mlp_csp,cspaced_property_l2,606,3419,1,0.672236571709315,0.7014687657356262
target_background,150,clean,mlp_csp,cspaced_property_l2,606,3419,2,0.6213492155075073,0.7080932855606079
target_background,150,clean,mlp_csp,cspaced_property_l2,606,3419,3,0.5900149345397949,0.7157505750656128
target_background,150,clean,mlp_csp,cspaced_property_l2,606,3419,4,0.5674931506315867,0.7174581289291382
target_background,150,clean,mlp_csp,cspaced_property_l2,606,3419,5,0.5481363038221995,0.7146276831626892
target_background,150,clean,mlp_csp,cspaced_property_l2,606,3419,6,0.5093119541803995,0.7081896066665649
target_background,150,clean,mlp_hybrid,hybrid_ckmer5_csp,606,3422,1,0.6976494590441386,0.7463897466659546
target_background,150,clean,mlp_hybrid,hybrid_ckmer5_csp,606,3422,2,0.4805856893459956,0.740442156791687
target_background,150,clean,mlp_hybrid,hybrid_ckmer5_csp,606,3422,3,0.3147144938508669,0.7224764227867126
target_background,150,clean,mlp_hybrid,hybrid_ckmer5_csp,606,3422,4,0.2495210940639178,0.7460058927536011
target_background,150,clean,mlp_hybrid,hybrid_ckmer5_csp,606,3422,5,0.1641592507561048,0.7789292931556702
target_background,150,clean,mlp_hybrid,hybrid_ckmer5_csp,606,3422,6,0.1102173837522665,0.8294972777366638
target_background,150,clean,mlp_hybrid,hybrid_ckmer5_csp,606,3422,7,0.0724907921006282,0.8696137070655823
target_background,150,clean,mlp_hybrid,hybrid_ckmer5_csp,606,3422,8,0.0493763840446869,0.9051442742347716
target_background,150,clean,cnn_onehot,onehot,606,3422,1,0.6979484359423319,0.6931911110877991
target_background,150,clean,cnn_onehot,onehot,606,3422,2,0.6929670770963033,0.6925902962684631
target_background,150,clean,cnn_onehot,onehot,606,3422,3,0.6899446050326029,0.6923613548278809
target_background,150,clean,cnn_onehot,onehot,606,3422,4,0.6878222227096558,0.6926148533821106
target_background,150,clean,cnn_onehot,onehot,606,3422,5,0.6865157584349314,0.692834734916687
target_background,150,clean,cnn_onehot,onehot,606,3422,6,0.6810669302940369,0.6928879618644714
target_background,150,clean,cnn_onehot,onehot,606,3422,7,0.681632936000824,0.6936154961585999
target_background,150,clean,cnn_onehot,onehot,606,3422,8,0.6825368503729502,0.692970335483551
target_background,150,clean,cnn_property,property,606,3424,1,0.6955970724423727,0.6941958665847778
target_background,150,clean,cnn_property,property,606,3424,2,0.6871298849582672,0.6942487955093384
target_background,150,clean,cnn_property,property,606,3424,3,0.6906140744686127,0.6955013275146484
target_background,150,clean,cnn_property,property,606,3424,4,0.6881854236125946,0.6943185925483704
target_background,150,clean,cnn_property,property,606,3424,5,0.6852963070074717,0.6933823823928833
target_background,150,clean,cnn_property,property,606,3424,6,0.6827394167582194,0.6940156817436218
target_background,150,clean,cnn_property,property,606,3424,7,0.6787265737851461,0.6943566203117371
target_background,150,clean,cnn_property,property,606,3424,8,0.6820936600367228,0.6942523717880249
target_background,150,clean,cnn_property,property,606,3424,9,0.6747204860051473,0.6938712000846863
target_background,150,clean,cnn_property,property,606,3424,10,0.6740578512350718,0.6944767832756042
target_background,150,clean,tiny_transformer_onehot,onehot,606,3435,1,0.6962520877520243,0.6948637962341309
target_background,150,clean,tiny_transformer_onehot,onehot,606,3435,2,0.6702330410480499,0.6830719709396362
target_background,150,clean,tiny_transformer_onehot,onehot,606,3435,3,0.6745305260022482,0.6828807592391968
target_background,150,clean,tiny_transformer_onehot,onehot,606,3435,4,0.6811555325984955,0.6839689612388611
target_background,150,clean,tiny_transformer_onehot,onehot,606,3435,5,0.6818557480971018,0.6885284185409546
target_background,150,clean,tiny_transformer_onehot,onehot,606,3435,6,0.6571411987145742,0.6841573715209961
target_background,150,clean,tiny_transformer_onehot,onehot,606,3435,7,0.6551090081532797,0.684705913066864
target_background,150,clean,tiny_transformer_onehot,onehot,606,3435,8,0.6787970463434855,0.6868090629577637
target_background,150,clean,tiny_transformer_property,property,606,3437,1,0.7125792801380157,0.7015819549560547
target_background,150,clean,tiny_transformer_property,property,606,3437,2,0.7015041510264078,0.6926544308662415
target_background,150,clean,tiny_transformer_property,property,606,3437,3,0.6972062289714813,0.6923379302024841
target_background,150,clean,tiny_transformer_property,property,606,3437,4,0.6933184464772543,0.6881453394889832
target_background,150,clean,tiny_transformer_property,property,606,3437,5,0.6892237861951193,0.6869138479232788
target_background,150,clean,tiny_transformer_property,property,606,3437,6,0.6958048244317373,0.6873172521591187
target_background,150,clean,tiny_transformer_property,property,606,3437,7,0.6831268270810446,0.6906517148017883
target_background,150,clean,tiny_transformer_property,property,606,3437,8,0.6946472922960917,0.6856502890586853
target_background,150,clean,tiny_transformer_property,property,606,3437,9,0.6851335962613424,0.6841491460800171
target_background,150,clean,tiny_transformer_property,property,606,3437,10,0.6828671395778656,0.6819199919700623
target_background,150,clean,tiny_transformer_property,property,606,3437,11,0.682046135266622,0.680897057056427
target_background,150,clean,tiny_transformer_property,property,606,3437,12,0.6784817973772684,0.6800192594528198
target_background,150,clean,tiny_transformer_property,property,606,3437,13,0.6945379376411438,0.680977463722229
target_background,150,clean,tiny_transformer_property,property,606,3437,14,0.6982526083787283,0.6899644732475281
target_background,150,clean,tiny_transformer_property,property,606,3437,15,0.6856749951839447,0.6782881617546082
target_background,150,clean,tiny_transformer_property,property,606,3437,16,0.679524819056193,0.689713180065155
target_background,150,clean,tiny_transformer_property,property,606,3437,17,0.6881317993005117,0.6780953407287598
target_background,150,clean,tiny_transformer_property,property,606,3437,18,0.676638533671697,0.6813575625419617
target_background,150,clean,tiny_transformer_property,property,606,3437,19,0.6828846434752146,0.6771332025527954
target_background,150,clean,tiny_transformer_property,property,606,3437,20,0.6860772371292114,0.6772035360336304
target_background,150,clean,tiny_transformer_property,property,606,3437,21,0.6716776589552561,0.6804326176643372
target_background,150,clean,tiny_transformer_property,property,606,3437,22,0.6653638283411661,0.6824179291725159
target_background,150,clean,tiny_transformer_property,property,606,3437,23,0.6650519669055939,0.677051842212677
target_background,150,clean,tiny_transformer_property,property,606,3437,24,0.6917267541090647,0.6762481331825256
global_species,150,clean,mlp_ckmer5,ckmer5_count_l2,606,3383,1,2.990141850251418,2.853301763534546
global_species,150,clean,mlp_ckmer5,ckmer5_count_l2,606,3383,2,2.4779892151172342,2.717421054840088
global_species,150,clean,mlp_ckmer5,ckmer5_count_l2,606,3383,3,2.1262451043495765,2.603431701660156
global_species,150,clean,mlp_ckmer5,ckmer5_count_l2,606,3383,4,1.8091225990882287,2.5176522731781006
global_species,150,clean,mlp_ckmer5,ckmer5_count_l2,606,3383,5,1.5469482586934016,2.47161078453064
global_species,150,clean,mlp_ckmer5,ckmer5_count_l2,606,3383,6,1.1971004651143,2.4412691593170166
global_species,150,clean,mlp_ckmer5,ckmer5_count_l2,606,3383,7,1.01366093984017,2.432004928588867
global_species,150,clean,mlp_ckmer5,ckmer5_count_l2,606,3383,8,0.7640827664962182,2.448614835739136
global_species,150,clean,mlp_ckmer5,ckmer5_count_l2,606,3383,9,0.5996371507644653,2.4559733867645264
global_species,150,clean,mlp_ckmer5,ckmer5_count_l2,606,3383,10,0.4603039301358737,2.470398187637329
global_species,150,clean,mlp_ckmer5,ckmer5_count_l2,606,3383,11,0.3975402621122507,2.4857425689697266
global_species,150,clean,mlp_ckmer5,ckmer5_count_l2,606,3383,12,0.2875396173733931,2.5136563777923584
global_species,150,clean,mlp_csp,cspaced_property_l2,606,3380,1,3.03378308736361,2.9837429523468018
global_species,150,clean,mlp_csp,cspaced_property_l2,606,3380,2,2.9000947842231164,2.908943891525269
global_species,150,clean,mlp_csp,cspaced_property_l2,606,3380,3,2.810739297133225,2.8357653617858887
global_species,150,clean,mlp_csp,cspaced_property_l2,606,3380,4,2.680495317165668,2.7590150833129883
global_species,150,clean,mlp_csp,cspaced_property_l2,606,3380,5,2.5519846769479604,2.68967080116272
global_species,150,clean,mlp_csp,cspaced_property_l2,606,3380,6,2.4865158521212063,2.636046886444092
global_species,150,clean,mlp_csp,cspaced_property_l2,606,3380,7,2.3310529543803287,2.5983285903930664
global_species,150,clean,mlp_csp,cspaced_property_l2,606,3380,8,2.306380125192496,2.57310152053833
global_species,150,clean,mlp_csp,cspaced_property_l2,606,3380,9,2.272257896570059,2.55849289894104
global_species,150,clean,mlp_csp,cspaced_property_l2,606,3380,10,2.2622564755953274,2.545195341110229
global_species,150,clean,mlp_csp,cspaced_property_l2,606,3380,11,2.117634589855488,2.536057472229004
global_species,150,clean,mlp_csp,cspaced_property_l2,606,3380,12,1.9814710983863244,2.527021646499634
global_species,150,clean,mlp_csp,cspaced_property_l2,606,3380,13,1.979950712277339,2.5226221084594727
global_species,150,clean,mlp_csp,cspaced_property_l2,606,3380,14,1.899126612223112,2.5145065784454346
global_species,150,clean,mlp_csp,cspaced_property_l2,606,3380,15,1.916229660694416,2.519240379333496
global_species,150,clean,mlp_csp,cspaced_property_l2,606,3380,16,1.8583751733486469,2.533273220062256
global_species,150,clean,mlp_csp,cspaced_property_l2,606,3380,17,1.8466895818710327,2.516400098800659
global_species,150,clean,mlp_csp,cspaced_property_l2,606,3380,18,1.6985378907277031,2.5068655014038086
global_species,150,clean,mlp_csp,cspaced_property_l2,606,3380,19,1.753602165442247,2.504434585571289
global_species,150,clean,mlp_csp,cspaced_property_l2,606,3380,20,1.6702088851195116,2.5025746822357178
global_species,150,clean,mlp_csp,cspaced_property_l2,606,3380,21,1.584206590285668,2.505676507949829
global_species,150,clean,mlp_csp,cspaced_property_l2,606,3380,22,1.5962259127543523,2.519003391265869
global_species,150,clean,mlp_csp,cspaced_property_l2,606,3380,23,1.5086616277694702,2.5217504501342773
global_species,150,clean,mlp_csp,cspaced_property_l2,606,3380,24,1.4333969400479245,2.530416250228882
global_species,150,clean,mlp_hybrid,hybrid_ckmer5_csp,606,3383,1,2.9564237411205587,2.7700235843658447
global_species,150,clean,mlp_hybrid,hybrid_ckmer5_csp,606,3383,2,2.3075615626115065,2.60275936126709
global_species,150,clean,mlp_hybrid,hybrid_ckmer5_csp,606,3383,3,1.8949808065707867,2.523203134536743
global_species,150,clean,mlp_hybrid,hybrid_ckmer5_csp,606,3383,4,1.5856651893028846,2.474792957305908
global_species,150,clean,mlp_hybrid,hybrid_ckmer5_csp,606,3383,5,1.3452827747051532,2.454850912094116
global_species,150,clean,mlp_hybrid,hybrid_ckmer5_csp,606,3383,6,1.0133757041050837,2.441823720932007
global_species,150,clean,mlp_hybrid,hybrid_ckmer5_csp,606,3383,7,0.7732526384867154,2.447558879852295
global_species,150,clean,mlp_hybrid,hybrid_ckmer5_csp,606,3383,8,0.5914409504486964,2.473766565322876
global_species,150,clean,mlp_hybrid,hybrid_ckmer5_csp,606,3383,9,0.473673770060906,2.478060007095337
global_species,150,clean,mlp_hybrid,hybrid_ckmer5_csp,606,3383,10,0.3368823436590341,2.5004210472106934
global_species,150,clean,mlp_hybrid,hybrid_ckmer5_csp,606,3383,11,0.2853531413353406,2.515650510787964
global_species,150,clean,cnn_onehot,onehot,606,3383,1,3.0450632388775167,3.044943332672119
global_species,150,clean,cnn_onehot,onehot,606,3383,2,3.047901758780846,3.042410373687744
global_species,150,clean,cnn_onehot,onehot,606,3383,3,3.038055181503296,3.040492296218872
global_species,150,clean,cnn_onehot,onehot,606,3383,4,3.026735966022198,3.0385284423828125
global_species,150,clean,cnn_onehot,onehot,606,3383,5,3.033855603291438,3.035992383956909
global_species,150,clean,cnn_onehot,onehot,606,3383,6,3.0145342900202823,3.030144691467285
global_species,150,clean,cnn_onehot,onehot,606,3383,7,2.998889684677124,3.024589776992798
global_species,150,clean,cnn_onehot,onehot,606,3383,8,2.9927014204171987,3.018660068511963
global_species,150,clean,cnn_onehot,onehot,606,3383,9,3.0009560951819787,3.01204800605774
global_species,150,clean,cnn_onehot,onehot,606,3383,10,2.987860074410072,3.0030596256256104
global_species,150,clean,cnn_onehot,onehot,606,3383,11,2.9670544954446645,2.990239143371582
global_species,150,clean,cnn_onehot,onehot,606,3383,12,2.9584918205554667,2.976094961166382
global_species,150,clean,cnn_onehot,onehot,606,3383,13,2.934748044380775,2.9581494331359863
global_species,150,clean,cnn_onehot,onehot,606,3383,14,2.9156469931969275,2.935402631759644
global_species,150,clean,cnn_onehot,onehot,606,3383,15,2.920923434771024,2.9055991172790527
global_species,150,clean,cnn_onehot,onehot,606,3383,16,2.864690670600304,2.8761048316955566
global_species,150,clean,cnn_onehot,onehot,606,3383,17,2.845358738532433,2.8457980155944824
global_species,150,clean,cnn_onehot,onehot,606,3383,18,2.804051711009099,2.8151795864105225
global_species,150,clean,cnn_onehot,onehot,606,3383,19,2.768673401612502,2.783287763595581
global_species,150,clean,cnn_onehot,onehot,606,3383,20,2.721557598847609,2.74831485748291
global_species,150,clean,cnn_onehot,onehot,606,3383,21,2.663944776241596,2.71601939201355
global_species,150,clean,cnn_onehot,onehot,606,3383,22,2.604139016224788,2.694954872131348
global_species,150,clean,cnn_onehot,onehot,606,3383,23,2.6513933952038107,2.6604666709899902
global_species,150,clean,cnn_onehot,onehot,606,3383,24,2.523815842775198,2.6424522399902344
global_species,150,clean,cnn_property,property,606,3385,1,3.070392847061157,3.051884412765503
global_species,150,clean,cnn_property,property,606,3385,2,3.045122843522292,3.04910945892334
global_species,150,clean,cnn_property,property,606,3385,3,3.0427627930274377,3.047279357910156
global_species,150,clean,cnn_property,property,606,3385,4,3.055225188915546,3.046870470046997
global_species,150,clean,cnn_property,property,606,3385,5,3.041981898821317,3.04602575302124
global_species,150,clean,cnn_property,property,606,3385,6,3.027530890244704,3.0442583560943604
global_species,150,clean,cnn_property,property,606,3385,7,3.0273099679213304,3.0440502166748047
global_species,150,clean,cnn_property,property,606,3385,8,3.017756755535419,3.043507099151612
global_species,150,clean,cnn_property,property,606,3385,9,3.0363583931556115,3.0431840419769287
global_species,150,clean,cnn_property,property,606,3385,10,3.026190244234525,3.0383450984954834
global_species,150,clean,cnn_property,property,606,3385,11,3.0257985408489523,3.0349082946777344
global_species,150,clean,cnn_property,property,606,3385,12,3.014768967261681,3.030956745147705
global_species,150,clean,cnn_property,property,606,3385,13,3.006301109607404,3.0271155834198
global_species,150,clean,cnn_property,property,606,3385,14,2.993725593273456,3.0232362747192383
global_species,150,clean,cnn_property,property,606,3385,15,3.008501841471745,3.016485452651977
global_species,150,clean,cnn_property,property,606,3385,16,2.993704759157621,3.00569486618042
global_species,150,clean,cnn_property,property,606,3385,17,2.9655679005842943,3.001173257827759
global_species,150,clean,cnn_property,property,606,3385,18,2.984380538646992,2.9852278232574463
global_species,150,clean,cnn_property,property,606,3385,19,2.925789007773766,2.973564386367798
global_species,150,clean,cnn_property,property,606,3385,20,2.936034679412842,2.946805000305176
global_species,150,clean,cnn_property,property,606,3385,21,2.891910112821139,2.926263332366944
global_species,150,clean,cnn_property,property,606,3385,22,2.8861830051128683,2.9079606533050537
global_species,150,clean,cnn_property,property,606,3385,23,2.8466600271371694,2.877877712249756
global_species,150,clean,cnn_property,property,606,3385,24,2.816324710845948,2.8495748043060303
global_species,150,clean,tiny_transformer_onehot,onehot,606,3396,1,3.125295694057758,3.049353837966919
global_species,150,clean,tiny_transformer_onehot,onehot,606,3396,2,3.0643346309661865,3.028594970703125
global_species,150,clean,tiny_transformer_onehot,onehot,606,3396,3,3.0370244062863865,3.0132627487182617
global_species,150,clean,tiny_transformer_onehot,onehot,606,3396,4,3.024324050316444,3.005898952484131
global_species,150,clean,tiny_transformer_onehot,onehot,606,3396,5,3.012155111019428,2.984693765640259
global_species,150,clean,tiny_transformer_onehot,onehot,606,3396,6,2.989113605939425,2.954099416732788
global_species,150,clean,tiny_transformer_onehot,onehot,606,3396,7,2.924376157613901,2.9165940284729004
global_species,150,clean,tiny_transformer_onehot,onehot,606,3396,8,2.8947874215932994,2.877793073654175
global_species,150,clean,tiny_transformer_onehot,onehot,606,3396,9,2.8555080707256613,2.8223671913146973
global_species,150,clean,tiny_transformer_onehot,onehot,606,3396,10,2.8243330075190616,2.762013912200928
global_species,150,clean,tiny_transformer_onehot,onehot,606,3396,11,2.754860621232253,2.706007719039917
global_species,150,clean,tiny_transformer_onehot,onehot,606,3396,12,2.721235697086041,2.664050579071045
global_species,150,clean,tiny_transformer_onehot,onehot,606,3396,13,2.709489657328679,2.6142818927764893
global_species,150,clean,tiny_transformer_onehot,onehot,606,3396,14,2.55825177522806,2.575092077255249
global_species,150,clean,tiny_transformer_onehot,onehot,606,3396,15,2.5042917728424072,2.550113677978516
global_species,150,clean,tiny_transformer_onehot,onehot,606,3396,16,2.593943981023936,2.585802793502808
global_species,150,clean,tiny_transformer_onehot,onehot,606,3396,17,2.547602470104511,2.5514583587646484
global_species,150,clean,tiny_transformer_onehot,onehot,606,3396,18,2.5234011503366323,2.5134472846984863
global_species,150,clean,tiny_transformer_onehot,onehot,606,3396,19,2.485417677805974,2.5081236362457275
global_species,150,clean,tiny_transformer_onehot,onehot,606,3396,20,2.4787497520446777,2.5028254985809326
global_species,150,clean,tiny_transformer_onehot,onehot,606,3396,21,2.5321194391984205,2.4908933639526367
global_species,150,clean,tiny_transformer_onehot,onehot,606,3396,22,2.4610490065354567,2.4760172367095947
global_species,150,clean,tiny_transformer_onehot,onehot,606,3396,23,2.5256396256960354,2.457047700881958
global_species,150,clean,tiny_transformer_onehot,onehot,606,3396,24,2.50949292916518,2.45591688156128
global_species,150,clean,tiny_transformer_property,property,606,3398,1,3.113071478330172,3.0585525035858154
global_species,150,clean,tiny_transformer_property,property,606,3398,2,3.0602695024930515,3.039658784866333
global_species,150,clean,tiny_transformer_property,property,606,3398,3,3.032477177106417,3.0254030227661133
global_species,150,clean,tiny_transformer_property,property,606,3398,4,3.035910074527447,3.0166454315185547
global_species,150,clean,tiny_transformer_property,property,606,3398,5,3.022488832473755,2.997200489044189
global_species,150,clean,tiny_transformer_property,property,606,3398,6,2.99683534182035,2.9677894115448
global_species,150,clean,tiny_transformer_property,property,606,3398,7,2.954844254713792,2.9342737197875977
global_species,150,clean,tiny_transformer_property,property,606,3398,8,2.9381909920619083,2.900437355041504
global_species,150,clean,tiny_transformer_property,property,606,3398,9,2.875510912675124,2.8501484394073486
global_species,150,clean,tiny_transformer_property,property,606,3398,10,2.7768651888920712,2.8120646476745605
global_species,150,clean,tiny_transformer_property,property,606,3398,11,2.814019698363084,2.7663943767547607
global_species,150,clean,tiny_transformer_property,property,606,3398,12,2.664630174636841,2.710371971130371
global_species,150,clean,tiny_transformer_property,property,606,3398,13,2.660960124089168,2.66728138923645
global_species,150,clean,tiny_transformer_property,property,606,3398,14,2.5949151515960693,2.6350138187408447
global_species,150,clean,tiny_transformer_property,property,606,3398,15,2.600264989412748,2.6208508014678955
global_species,150,clean,tiny_transformer_property,property,606,3398,16,2.6239920946267934,2.608160257339477
global_species,150,clean,tiny_transformer_property,property,606,3398,17,2.559277057647705,2.5703771114349365
global_species,150,clean,tiny_transformer_property,property,606,3398,18,2.5033087730407715,2.5725858211517334
global_species,150,clean,tiny_transformer_property,property,606,3398,19,2.5236300321725698,2.5495080947875977
global_species,150,clean,tiny_transformer_property,property,606,3398,20,2.54569987150339,2.5457746982574463
global_species,150,clean,tiny_transformer_property,property,606,3398,21,2.543259455607488,2.543808460235596
global_species,150,clean,tiny_transformer_property,property,606,3398,22,2.491630095701951,2.594829559326172
global_species,150,clean,tiny_transformer_property,property,606,3398,23,2.458477176152743,2.585963726043701
global_species,150,clean,tiny_transformer_property,property,606,3398,24,2.631691785959097,2.6083996295928955
within_genus_species:Enterobacter,150,clean,mlp_ckmer5,ckmer5_count_l2,606,3630,1,1.6572400331497192,1.6479387283325195
within_genus_species:Enterobacter,150,clean,mlp_ckmer5,ckmer5_count_l2,606,3630,2,1.346060037612915,1.6299291849136353
within_genus_species:Enterobacter,150,clean,mlp_ckmer5,ckmer5_count_l2,606,3630,3,1.125921408335368,1.617509126663208
within_genus_species:Enterobacter,150,clean,mlp_ckmer5,ckmer5_count_l2,606,3630,4,0.9441596070925394,1.6104568243026731
within_genus_species:Enterobacter,150,clean,mlp_ckmer5,ckmer5_count_l2,606,3630,5,0.794750968615214,1.6083531379699707
within_genus_species:Enterobacter,150,clean,mlp_ckmer5,ckmer5_count_l2,606,3630,6,0.6586076021194458,1.6058754920959473
within_genus_species:Enterobacter,150,clean,mlp_ckmer5,ckmer5_count_l2,606,3630,7,0.5451040665308634,1.6070581674575806
within_genus_species:Enterobacter,150,clean,mlp_ckmer5,ckmer5_count_l2,606,3630,8,0.4431117673714955,1.6097925901412964
within_genus_species:Enterobacter,150,clean,mlp_ckmer5,ckmer5_count_l2,606,3630,9,0.3593529462814331,1.614249348640442
within_genus_species:Enterobacter,150,clean,mlp_ckmer5,ckmer5_count_l2,606,3630,10,0.2874818046887715,1.6184593439102173
within_genus_species:Enterobacter,150,clean,mlp_ckmer5,ckmer5_count_l2,606,3630,11,0.2308113078276316,1.6223008632659912
within_genus_species:Enterobacter,150,clean,mlp_csp,cspaced_property_l2,606,3627,1,1.6174858411153157,1.5990684032440186
within_genus_species:Enterobacter,150,clean,mlp_csp,cspaced_property_l2,606,3627,2,1.5549144347508748,1.5961370468139648
within_genus_species:Enterobacter,150,clean,mlp_csp,cspaced_property_l2,606,3627,3,1.503455400466919,1.5939611196517944
within_genus_species:Enterobacter,150,clean,mlp_csp,cspaced_property_l2,606,3627,4,1.4583977858225503,1.590878963470459
within_genus_species:Enterobacter,150,clean,mlp_csp,cspaced_property_l2,606,3627,5,1.4121451775232952,1.588627576828003
within_genus_species:Enterobacter,150,clean,mlp_csp,cspaced_property_l2,606,3627,6,1.3712721665700276,1.5867891311645508
within_genus_species:Enterobacter,150,clean,mlp_csp,cspaced_property_l2,606,3627,7,1.3284977674484253,1.584065079689026
within_genus_species:Enterobacter,150,clean,mlp_csp,cspaced_property_l2,606,3627,8,1.2869300842285156,1.5808223485946655
within_genus_species:Enterobacter,150,clean,mlp_csp,cspaced_property_l2,606,3627,9,1.2440356810887654,1.5769219398498535
within_genus_species:Enterobacter,150,clean,mlp_csp,cspaced_property_l2,606,3627,10,1.205116073290507,1.5731472969055176
within_genus_species:Enterobacter,150,clean,mlp_csp,cspaced_property_l2,606,3627,11,1.162502686182658,1.5686018466949463
within_genus_species:Enterobacter,150,clean,mlp_csp,cspaced_property_l2,606,3627,12,1.1225970188776653,1.56495201587677
within_genus_species:Enterobacter,150,clean,mlp_csp,cspaced_property_l2,606,3627,13,1.0800601243972778,1.5610467195510864
within_genus_species:Enterobacter,150,clean,mlp_csp,cspaced_property_l2,606,3627,14,1.0423824389775591,1.5571796894073486
within_genus_species:Enterobacter,150,clean,mlp_csp,cspaced_property_l2,606,3627,15,0.9970632592837017,1.553330659866333
within_genus_species:Enterobacter,150,clean,mlp_csp,cspaced_property_l2,606,3627,16,0.9560465415318808,1.5501681566238403
within_genus_species:Enterobacter,150,clean,mlp_csp,cspaced_property_l2,606,3627,17,0.915095885594686,1.5473840236663818
within_genus_species:Enterobacter,150,clean,mlp_csp,cspaced_property_l2,606,3627,18,0.875499427318573,1.546020269393921
within_genus_species:Enterobacter,150,clean,mlp_csp,cspaced_property_l2,606,3627,19,0.833827555179596,1.5447150468826294
within_genus_species:Enterobacter,150,clean,mlp_csp,cspaced_property_l2,606,3627,20,0.7915056347846985,1.5435572862625122
within_genus_species:Enterobacter,150,clean,mlp_csp,cspaced_property_l2,606,3627,21,0.7572112282117208,1.5434597730636597
within_genus_species:Enterobacter,150,clean,mlp_csp,cspaced_property_l2,606,3627,22,0.7176904479662577,1.5443416833877563
within_genus_species:Enterobacter,150,clean,mlp_csp,cspaced_property_l2,606,3627,23,0.6773309707641602,1.5453627109527588
within_genus_species:Enterobacter,150,clean,mlp_csp,cspaced_property_l2,606,3627,24,0.6415138641993204,1.547585368156433
within_genus_species:Enterobacter,150,clean,mlp_hybrid,hybrid_ckmer5_csp,606,3630,1,1.6422949234644573,1.6761634349822998
within_genus_species:Enterobacter,150,clean,mlp_hybrid,hybrid_ckmer5_csp,606,3630,2,1.2473779519399006,1.658339500427246
within_genus_species:Enterobacter,150,clean,mlp_hybrid,hybrid_ckmer5_csp,606,3630,3,0.9846877654393514,1.6485494375228882
within_genus_species:Enterobacter,150,clean,mlp_hybrid,hybrid_ckmer5_csp,606,3630,4,0.7764572501182556,1.6420843601226809
within_genus_species:Enterobacter,150,clean,mlp_hybrid,hybrid_ckmer5_csp,606,3630,5,0.615127424399058,1.638279914855957
within_genus_species:Enterobacter,150,clean,mlp_hybrid,hybrid_ckmer5_csp,606,3630,6,0.4772471984227498,1.6367859840393066
within_genus_species:Enterobacter,150,clean,mlp_hybrid,hybrid_ckmer5_csp,606,3630,7,0.3726413249969482,1.6396212577819824
within_genus_species:Enterobacter,150,clean,mlp_hybrid,hybrid_ckmer5_csp,606,3630,8,0.2827207346757253,1.6454156637191772
within_genus_species:Enterobacter,150,clean,mlp_hybrid,hybrid_ckmer5_csp,606,3630,9,0.2159826755523681,1.654033660888672
within_genus_species:Enterobacter,150,clean,mlp_hybrid,hybrid_ckmer5_csp,606,3630,10,0.1636728892723719,1.6628230810165403
within_genus_species:Enterobacter,150,clean,mlp_hybrid,hybrid_ckmer5_csp,606,3630,11,0.127086562414964,1.6721887588500977
within_genus_species:Enterobacter,150,clean,cnn_onehot,onehot,606,3630,1,1.6120775540669758,1.604194164276123
within_genus_species:Enterobacter,150,clean,cnn_onehot,onehot,606,3630,2,1.6038827498753865,1.6028794050216677
within_genus_species:Enterobacter,150,clean,cnn_onehot,onehot,606,3630,3,1.5970583359400432,1.6022191047668457
within_genus_species:Enterobacter,150,clean,cnn_onehot,onehot,606,3630,4,1.5928677717844646,1.602025270462036
within_genus_species:Enterobacter,150,clean,cnn_onehot,onehot,606,3630,5,1.5897008577982583,1.6020931005477903
within_genus_species:Enterobacter,150,clean,cnn_onehot,onehot,606,3630,6,1.5869359175364175,1.6021201610565186
within_genus_species:Enterobacter,150,clean,cnn_onehot,onehot,606,3630,7,1.5835192600886028,1.6021478176116943
within_genus_species:Enterobacter,150,clean,cnn_onehot,onehot,606,3630,8,1.5797616640726726,1.6022711992263794
within_genus_species:Enterobacter,150,clean,cnn_onehot,onehot,606,3630,9,1.5761957168579102,1.6022480726242063
within_genus_species:Enterobacter,150,clean,cnn_property,property,606,3632,1,1.6303455432256062,1.624740481376648
within_genus_species:Enterobacter,150,clean,cnn_property,property,606,3632,2,1.615176757176717,1.6197633743286133
within_genus_species:Enterobacter,150,clean,cnn_property,property,606,3632,3,1.611663858095805,1.617884874343872
within_genus_species:Enterobacter,150,clean,cnn_property,property,606,3632,4,1.6058821280797322,1.6151816844940186
within_genus_species:Enterobacter,150,clean,cnn_property,property,606,3632,5,1.6024659872055054,1.6130383014678955
within_genus_species:Enterobacter,150,clean,cnn_property,property,606,3632,6,1.598578969637553,1.612215518951416
within_genus_species:Enterobacter,150,clean,cnn_property,property,606,3632,7,1.596817096074422,1.6119301319122314
within_genus_species:Enterobacter,150,clean,cnn_property,property,606,3632,8,1.5940889914830525,1.611720085144043
within_genus_species:Enterobacter,150,clean,cnn_property,property,606,3632,9,1.5920413732528689,1.6116647720336914
within_genus_species:Enterobacter,150,clean,cnn_property,property,606,3632,10,1.5890462398529053,1.6120150089263916
within_genus_species:Enterobacter,150,clean,cnn_property,property,606,3632,11,1.586742083231608,1.612993836402893
within_genus_species:Enterobacter,150,clean,cnn_property,property,606,3632,12,1.5842223167419434,1.6133689880371094
within_genus_species:Enterobacter,150,clean,cnn_property,property,606,3632,13,1.5818173090616865,1.6129698753356934
within_genus_species:Enterobacter,150,clean,cnn_property,property,606,3632,14,1.5797282059987383,1.6123279333114624
within_genus_species:Enterobacter,150,clean,tiny_transformer_onehot,onehot,606,3643,1,1.6869542598724363,1.6277867555618286
within_genus_species:Enterobacter,150,clean,tiny_transformer_onehot,onehot,606,3643,2,1.6394331852595012,1.613706111907959
within_genus_species:Enterobacter,150,clean,tiny_transformer_onehot,onehot,606,3643,3,1.6307424704233806,1.6169328689575195
within_genus_species:Enterobacter,150,clean,tiny_transformer_onehot,onehot,606,3643,4,1.6257245937983196,1.618727684020996
within_genus_species:Enterobacter,150,clean,tiny_transformer_onehot,onehot,606,3643,5,1.622495412826538,1.6150355339050293
within_genus_species:Enterobacter,150,clean,tiny_transformer_onehot,onehot,606,3643,6,1.6147130330403645,1.6145296096801758
within_genus_species:Enterobacter,150,clean,tiny_transformer_onehot,onehot,606,3643,7,1.6149969498316448,1.6147085428237915
within_genus_species:Enterobacter,150,clean,tiny_transformer_property,property,606,3645,1,1.6837974786758425,1.6367900371551514
within_genus_species:Enterobacter,150,clean,tiny_transformer_property,property,606,3645,2,1.6423613627751668,1.614882469177246
within_genus_species:Enterobacter,150,clean,tiny_transformer_property,property,606,3645,3,1.616737683614095,1.608134627342224
within_genus_species:Enterobacter,150,clean,tiny_transformer_property,property,606,3645,4,1.613255540529887,1.6114829778671265
within_genus_species:Enterobacter,150,clean,tiny_transformer_property,property,606,3645,5,1.61687175432841,1.614152431488037
within_genus_species:Enterobacter,150,clean,tiny_transformer_property,property,606,3645,6,1.6222833792368572,1.615051031112671
within_genus_species:Enterobacter,150,clean,tiny_transformer_property,property,606,3645,7,1.6162230571111045,1.6113641262054443
within_genus_species:Enterobacter,150,clean,tiny_transformer_property,property,606,3645,8,1.6134392420450847,1.6090599298477173
target_background,150,N_3pct,mlp_ckmer5,ckmer5_count_l2,606,3429,1,0.6740039388338724,0.7196728587150574
target_background,150,N_3pct,mlp_ckmer5,ckmer5_count_l2,606,3429,2,0.4418310473362605,0.7816539406776428
target_background,150,N_3pct,mlp_ckmer5,ckmer5_count_l2,606,3429,3,0.3473114321629206,0.8340556025505066
target_background,150,N_3pct,mlp_ckmer5,ckmer5_count_l2,606,3429,4,0.2355091497302055,0.8711240887641907
target_background,150,N_3pct,mlp_ckmer5,ckmer5_count_l2,606,3429,5,0.176369992395242,0.923355758190155
target_background,150,N_3pct,mlp_ckmer5,ckmer5_count_l2,606,3429,6,0.1277049096922079,0.99297034740448
target_background,150,N_3pct,mlp_csp,cspaced_property_l2,606,3426,1,0.699706902106603,0.7030067443847656
target_background,150,N_3pct,mlp_csp,cspaced_property_l2,606,3426,2,0.6291226347287496,0.6982321739196777
target_background,150,N_3pct,mlp_csp,cspaced_property_l2,606,3426,3,0.6182235380013784,0.7037732005119324
target_background,150,N_3pct,mlp_csp,cspaced_property_l2,606,3426,4,0.5805233716964722,0.7105724215507507
target_background,150,N_3pct,mlp_csp,cspaced_property_l2,606,3426,5,0.5514396677414576,0.7154403328895569
target_background,150,N_3pct,mlp_csp,cspaced_property_l2,606,3426,6,0.5241300910711288,0.7174973487854004
target_background,150,N_3pct,mlp_csp,cspaced_property_l2,606,3426,7,0.5171794792016348,0.7176039814949036
target_background,150,N_3pct,mlp_hybrid,hybrid_ckmer5_csp,606,3429,1,0.671870286266009,0.8672507405281067
target_background,150,N_3pct,mlp_hybrid,hybrid_ckmer5_csp,606,3429,2,0.4132995183269183,0.9079121947288512
target_background,150,N_3pct,mlp_hybrid,hybrid_ckmer5_csp,606,3429,3,0.3114657352368037,0.9073166251182556
target_background,150,N_3pct,mlp_hybrid,hybrid_ckmer5_csp,606,3429,4,0.1958019907275835,0.9416093230247498
target_background,150,N_3pct,mlp_hybrid,hybrid_ckmer5_csp,606,3429,5,0.1409467756748199,1.028605341911316
target_background,150,N_3pct,mlp_hybrid,hybrid_ckmer5_csp,606,3429,6,0.0980727138618628,1.1308637857437134
target_background,150,N_3pct,cnn_onehot,onehot,606,3429,1,0.7041061123212179,0.6933369040489197
target_background,150,N_3pct,cnn_onehot,onehot,606,3429,2,0.6862529416879019,0.6930474042892456
target_background,150,N_3pct,cnn_onehot,onehot,606,3429,3,0.6807570060094198,0.6945306658744812
target_background,150,N_3pct,cnn_onehot,onehot,606,3429,4,0.685935397942861,0.6957969665527344
target_background,150,N_3pct,cnn_onehot,onehot,606,3429,5,0.6833009123802185,0.6937693953514099
target_background,150,N_3pct,cnn_onehot,onehot,606,3429,6,0.6750743687152863,0.6922732591629028
target_background,150,N_3pct,cnn_onehot,onehot,606,3429,7,0.6709680259227753,0.6930243372917175
target_background,150,N_3pct,cnn_onehot,onehot,606,3429,8,0.6691766579945883,0.6930414438247681
target_background,150,N_3pct,cnn_onehot,onehot,606,3429,9,0.6674503882726034,0.693368136882782
target_background,150,N_3pct,cnn_onehot,onehot,606,3429,10,0.6584169467290243,0.6936384439468384
target_background,150,N_3pct,cnn_onehot,onehot,606,3429,11,0.6536024113496145,0.6941828727722168
target_background,150,N_3pct,cnn_property,property,606,3431,1,0.7002684076627096,0.6949224472045898
target_background,150,N_3pct,cnn_property,property,606,3431,2,0.6877755522727966,0.6943769454956055
target_background,150,N_3pct,cnn_property,property,606,3431,3,0.6883315543333689,0.696106493473053
target_background,150,N_3pct,cnn_property,property,606,3431,4,0.685955286026001,0.6956505179405212
target_background,150,N_3pct,cnn_property,property,606,3431,5,0.685276448726654,0.6926441192626953
target_background,150,N_3pct,cnn_property,property,606,3431,6,0.6806760728359222,0.6925259232521057
target_background,150,N_3pct,cnn_property,property,606,3431,7,0.6784425675868988,0.692406177520752
target_background,150,N_3pct,cnn_property,property,606,3431,8,0.6737923423449198,0.6929269433021545
target_background,150,N_3pct,cnn_property,property,606,3431,9,0.6689397990703583,0.6956256031990051
target_background,150,N_3pct,cnn_property,property,606,3431,10,0.6759495139122009,0.6953698992729187
target_background,150,N_3pct,cnn_property,property,606,3431,11,0.6702724099159241,0.6917843818664551
target_background,150,N_3pct,cnn_property,property,606,3431,12,0.6657911241054535,0.6916326284408569
target_background,150,N_3pct,cnn_property,property,606,3431,13,0.6656301915645599,0.6925376653671265
target_background,150,N_3pct,cnn_property,property,606,3431,14,0.6624367237091064,0.6908689141273499
target_background,150,N_3pct,cnn_property,property,606,3431,15,0.6596639653046926,0.6915488839149475
target_background,150,N_3pct,cnn_property,property,606,3431,16,0.6532458563645681,0.6919751763343811
target_background,150,N_3pct,cnn_property,property,606,3431,17,0.6477482616901398,0.6921929717063904
target_background,150,N_3pct,cnn_property,property,606,3431,18,0.64684130748113,0.690938413143158
target_background,150,N_3pct,cnn_property,property,606,3431,19,0.6420884430408478,0.690937876701355
target_background,150,N_3pct,tiny_transformer_onehot,onehot,606,3442,1,0.6941893796126047,0.6839666962623596
target_background,150,N_3pct,tiny_transformer_onehot,onehot,606,3442,2,0.685430516799291,0.6910034418106079
target_background,150,N_3pct,tiny_transformer_onehot,onehot,606,3442,3,0.6832729776700338,0.6813048124313354
target_background,150,N_3pct,tiny_transformer_onehot,onehot,606,3442,4,0.6718514959017435,0.676028847694397
target_background,150,N_3pct,tiny_transformer_onehot,onehot,606,3442,5,0.6878880560398102,0.6767693161964417
target_background,150,N_3pct,tiny_transformer_onehot,onehot,606,3442,6,0.6716533501942953,0.6774489283561707
target_background,150,N_3pct,tiny_transformer_onehot,onehot,606,3442,7,0.670237253109614,0.6723284125328064
target_background,150,N_3pct,tiny_transformer_onehot,onehot,606,3442,8,0.659697413444519,0.6727278828620911
target_background,150,N_3pct,tiny_transformer_onehot,onehot,606,3442,9,0.6692487597465515,0.6711698770523071
target_background,150,N_3pct,tiny_transformer_onehot,onehot,606,3442,10,0.6500019232432047,0.6686047315597534
target_background,150,N_3pct,tiny_transformer_onehot,onehot,606,3442,11,0.669692873954773,0.6663210988044739
target_background,150,N_3pct,tiny_transformer_onehot,onehot,606,3442,12,0.6708725492159525,0.6798267364501953
target_background,150,N_3pct,tiny_transformer_onehot,onehot,606,3442,13,0.6697127322355906,0.6653884649276733
target_background,150,N_3pct,tiny_transformer_onehot,onehot,606,3442,14,0.6740623911221822,0.6663026809692383
target_background,150,N_3pct,tiny_transformer_onehot,onehot,606,3442,15,0.6480872631072998,0.6768361926078796
target_background,150,N_3pct,tiny_transformer_onehot,onehot,606,3442,16,0.6701299250125885,0.6734018921852112
target_background,150,N_3pct,tiny_transformer_onehot,onehot,606,3442,17,0.6515831847985586,0.6661719083786011
target_background,150,N_3pct,tiny_transformer_onehot,onehot,606,3442,18,0.6547614435354868,0.6673392653465271
target_background,150,N_3pct,tiny_transformer_property,property,606,3444,1,0.7444525957107544,0.7072526216506958
target_background,150,N_3pct,tiny_transformer_property,property,606,3444,2,0.7380742232004801,0.7277661561965942
target_background,150,N_3pct,tiny_transformer_property,property,606,3444,3,0.70128200451533,0.6940036416053772
target_background,150,N_3pct,tiny_transformer_property,property,606,3444,4,0.7119165559609731,0.7115928530693054
target_background,150,N_3pct,tiny_transformer_property,property,606,3444,5,0.6972467799981436,0.692464292049408
target_background,150,N_3pct,tiny_transformer_property,property,606,3444,6,0.6874603430430094,0.6912925839424133
target_background,150,N_3pct,tiny_transformer_property,property,606,3444,7,0.6892362336317698,0.6909967064857483
target_background,150,N_3pct,tiny_transformer_property,property,606,3444,8,0.685103585322698,0.6909282803535461
target_background,150,N_3pct,tiny_transformer_property,property,606,3444,9,0.6781794826189677,0.6910712122917175
target_background,150,N_3pct,tiny_transformer_property,property,606,3444,10,0.6844499905904134,0.6910151839256287
target_background,150,N_3pct,tiny_transformer_property,property,606,3444,11,0.6740807394186655,0.6929092407226562
target_background,150,N_3pct,tiny_transformer_property,property,606,3444,12,0.6816131869951884,0.6963072419166565
target_background,150,N_3pct,tiny_transformer_property,property,606,3444,13,0.6751050551732382,0.6930323839187622
global_species,150,N_3pct,mlp_ckmer5,ckmer5_count_l2,606,3390,1,2.981552472481361,2.858870029449463
global_species,150,N_3pct,mlp_ckmer5,ckmer5_count_l2,606,3390,2,2.474865363194392,2.7108068466186523
global_species,150,N_3pct,mlp_ckmer5,ckmer5_count_l2,606,3390,3,2.14561586196606,2.596253156661988
global_species,150,N_3pct,mlp_ckmer5,ckmer5_count_l2,606,3390,4,1.816812359369718,2.5196566581726074
global_species,150,N_3pct,mlp_ckmer5,ckmer5_count_l2,606,3390,5,1.511804488989023,2.455944061279297
global_species,150,N_3pct,mlp_ckmer5,ckmer5_count_l2,606,3390,6,1.3551603372280414,2.411947965621948
global_species,150,N_3pct,mlp_ckmer5,ckmer5_count_l2,606,3390,7,1.0303707764698908,2.391866683959961
global_species,150,N_3pct,mlp_ckmer5,ckmer5_count_l2,606,3390,8,0.8570736050605774,2.388927936553955
global_species,150,N_3pct,mlp_ckmer5,ckmer5_count_l2,606,3390,9,0.6355730868302859,2.386049270629883
global_species,150,N_3pct,mlp_ckmer5,ckmer5_count_l2,606,3390,10,0.5571877589592567,2.397936582565308
global_species,150,N_3pct,mlp_ckmer5,ckmer5_count_l2,606,3390,11,0.3884344255694976,2.4128010272979736
global_species,150,N_3pct,mlp_ckmer5,ckmer5_count_l2,606,3390,12,0.3233047013099377,2.4283218383789062
global_species,150,N_3pct,mlp_ckmer5,ckmer5_count_l2,606,3390,13,0.2769576666446832,2.445516586303711
global_species,150,N_3pct,mlp_ckmer5,ckmer5_count_l2,606,3390,14,0.211297075335796,2.4686527252197266
global_species,150,N_3pct,mlp_csp,cspaced_property_l2,606,3387,1,3.0942990596477804,3.0038421154022217
global_species,150,N_3pct,mlp_csp,cspaced_property_l2,606,3387,2,2.943420025018545,2.9368724822998047
global_species,150,N_3pct,mlp_csp,cspaced_property_l2,606,3387,3,2.8009894994589,2.876027107238769
global_species,150,N_3pct,mlp_csp,cspaced_property_l2,606,3387,4,2.737626699300913,2.8217339515686035
global_species,150,N_3pct,mlp_csp,cspaced_property_l2,606,3387,5,2.6586611637702355,2.770510196685791
global_species,150,N_3pct,mlp_csp,cspaced_property_l2,606,3387,6,2.529435240305387,2.728365421295166
global_species,150,N_3pct,mlp_csp,cspaced_property_l2,606,3387,7,2.5294560469113865,2.6890485286712646
global_species,150,N_3pct,mlp_csp,cspaced_property_l2,606,3387,8,2.478169771341177,2.6544082164764404
global_species,150,N_3pct,mlp_csp,cspaced_property_l2,606,3387,9,2.33566506092365,2.6297409534454346
global_species,150,N_3pct,mlp_csp,cspaced_property_l2,606,3387,10,2.291794318419236,2.6072661876678467
global_species,150,N_3pct,mlp_csp,cspaced_property_l2,606,3387,11,2.251809340256912,2.5816075801849365
global_species,150,N_3pct,mlp_csp,cspaced_property_l2,606,3387,12,2.1662975457998424,2.5549087524414062
global_species,150,N_3pct,mlp_csp,cspaced_property_l2,606,3387,13,2.1239429987393894,2.5435659885406494
global_species,150,N_3pct,mlp_csp,cspaced_property_l2,606,3387,14,2.1280849621846127,2.537752866744995
global_species,150,N_3pct,mlp_csp,cspaced_property_l2,606,3387,15,1.9786644073633048,2.5282320976257324
global_species,150,N_3pct,mlp_csp,cspaced_property_l2,606,3387,16,1.9453324171213,2.523323774337769
global_species,150,N_3pct,mlp_csp,cspaced_property_l2,606,3387,17,1.8414064370668848,2.523743391036988
global_species,150,N_3pct,mlp_csp,cspaced_property_l2,606,3387,18,1.8770564152644231,2.5271875858306885
global_species,150,N_3pct,mlp_csp,cspaced_property_l2,606,3387,19,1.785343472774212,2.5319125652313232
global_species,150,N_3pct,mlp_csp,cspaced_property_l2,606,3387,20,1.6645687543428862,2.5387980937957764
global_species,150,N_3pct,mlp_csp,cspaced_property_l2,606,3387,21,1.695752767416147,2.547238111495972
global_species,150,N_3pct,mlp_hybrid,hybrid_ckmer5_csp,606,3390,1,2.9023127372448263,2.790785074234009
global_species,150,N_3pct,mlp_hybrid,hybrid_ckmer5_csp,606,3390,2,2.2609481719823985,2.6225521564483643
global_species,150,N_3pct,mlp_hybrid,hybrid_ckmer5_csp,606,3390,3,1.9029994836220367,2.522653818130493
global_species,150,N_3pct,mlp_hybrid,hybrid_ckmer5_csp,606,3390,4,1.569026075876676,2.4611873626708984
global_species,150,N_3pct,mlp_hybrid,hybrid_ckmer5_csp,606,3390,5,1.2212887039551368,2.4306957721710205
global_species,150,N_3pct,mlp_hybrid,hybrid_ckmer5_csp,606,3390,6,0.9978777582828816,2.4164392948150635
global_species,150,N_3pct,mlp_hybrid,hybrid_ckmer5_csp,606,3390,7,0.7583949840985812,2.4266011714935303
global_species,150,N_3pct,mlp_hybrid,hybrid_ckmer5_csp,606,3390,8,0.5682586316878979,2.4379329681396484
global_species,150,N_3pct,mlp_hybrid,hybrid_ckmer5_csp,606,3390,9,0.4331873678244077,2.4545531272888184
global_species,150,N_3pct,mlp_hybrid,hybrid_ckmer5_csp,606,3390,10,0.3596505270554469,2.4815356731414795
global_species,150,N_3pct,mlp_hybrid,hybrid_ckmer5_csp,606,3390,11,0.2568103751310935,2.5100882053375244
global_species,150,N_3pct,cnn_onehot,onehot,606,3390,1,3.0626135972829966,3.0445501804351807
global_species,150,N_3pct,cnn_onehot,onehot,606,3390,2,3.040810328263503,3.0413286685943604
global_species,150,N_3pct,cnn_onehot,onehot,606,3390,3,3.030732264885536,3.039052963256836
global_species,150,N_3pct,cnn_onehot,onehot,606,3390,4,3.027365336051354,3.037847757339477
global_species,150,N_3pct,cnn_onehot,onehot,606,3390,5,3.0280684324411244,3.036118984222412
global_species,150,N_3pct,cnn_onehot,onehot,606,3390,6,3.018371105194092,3.033754825592041
global_species,150,N_3pct,cnn_onehot,onehot,606,3390,7,3.022052911611704,3.030770778656006
global_species,150,N_3pct,cnn_onehot,onehot,606,3390,8,3.0095166793236365,3.026991605758667
global_species,150,N_3pct,cnn_onehot,onehot,606,3390,9,3.005051117676955,3.0221047401428223
global_species,150,N_3pct,cnn_onehot,onehot,606,3390,10,2.999401202568641,3.017918586730957
global_species,150,N_3pct,cnn_onehot,onehot,606,3390,11,2.9825557562021108,3.01243257522583
global_species,150,N_3pct,cnn_onehot,onehot,606,3390,12,2.97799196610084,3.006511926651001
global_species,150,N_3pct,cnn_onehot,onehot,606,3390,13,2.965800743836623,2.9991040229797363
global_species,150,N_3pct,cnn_onehot,onehot,606,3390,14,2.9542865386376014,2.98628044128418
global_species,150,N_3pct,cnn_onehot,onehot,606,3390,15,2.932362391398504,2.9729928970336914
global_species,150,N_3pct,cnn_onehot,onehot,606,3390,16,2.933941511007456,2.9599597454071045
global_species,150,N_3pct,cnn_onehot,onehot,606,3390,17,2.9189684757819543,2.9395461082458496
global_species,150,N_3pct,cnn_onehot,onehot,606,3390,18,2.874803616450383,2.920478343963623
global_species,150,N_3pct,cnn_onehot,onehot,606,3390,19,2.850783421443059,2.8989803791046143
global_species,150,N_3pct,cnn_onehot,onehot,606,3390,20,2.8230007611788235,2.876160144805908
global_species,150,N_3pct,cnn_onehot,onehot,606,3390,21,2.8233042863699107,2.8488380908966064
global_species,150,N_3pct,cnn_onehot,onehot,606,3390,22,2.787905087837806,2.828735589981079
global_species,150,N_3pct,cnn_onehot,onehot,606,3390,23,2.7316754047687235,2.798994541168213
global_species,150,N_3pct,cnn_onehot,onehot,606,3390,24,2.687779664993286,2.769465923309326
global_species,150,N_3pct,cnn_property,property,606,3392,1,3.044680980535654,3.047762155532837
global_species,150,N_3pct,cnn_property,property,606,3392,2,3.041280819819524,3.045987367630005
global_species,150,N_3pct,cnn_property,property,606,3392,3,3.043616221501277,3.0445051193237305
global_species,150,N_3pct,cnn_property,property,606,3392,4,3.0348240045400767,3.043396234512329
global_species,150,N_3pct,cnn_property,property,606,3392,5,3.035916383449848,3.0417633056640625
global_species,150,N_3pct,cnn_property,property,606,3392,6,3.0195935506087084,3.040146589279175
global_species,150,N_3pct,cnn_property,property,606,3392,7,3.0359207666837253,3.0368220806121826
global_species,150,N_3pct,cnn_property,property,606,3392,8,3.021200858629667,3.033874034881592
global_species,150,N_3pct,cnn_property,property,606,3392,9,3.019437313079834,3.030392646789551
global_species,150,N_3pct,cnn_property,property,606,3392,10,2.990496690456684,3.0251827239990234
global_species,150,N_3pct,cnn_property,property,606,3392,11,3.0055348873138428,3.01822566986084
global_species,150,N_3pct,cnn_property,property,606,3392,12,2.9877368120046763,3.011610984802246
global_species,150,N_3pct,cnn_property,property,606,3392,13,2.9823279014000525,3.0013580322265625
global_species,150,N_3pct,cnn_property,property,606,3392,14,2.953536968964797,2.993580818176269
global_species,150,N_3pct,cnn_property,property,606,3392,15,2.946453241201548,2.99397611618042
global_species,150,N_3pct,cnn_property,property,606,3392,16,2.9304914474487305,2.971996068954468
global_species,150,N_3pct,cnn_property,property,606,3392,17,2.9236056804656982,2.95953369140625
global_species,150,N_3pct,cnn_property,property,606,3392,18,2.887760510811439,2.9521305561065674
global_species,150,N_3pct,cnn_property,property,606,3392,19,2.8741435637840858,2.935070276260376
global_species,150,N_3pct,cnn_property,property,606,3392,20,2.815006036024827,2.916422128677368
global_species,150,N_3pct,cnn_property,property,606,3392,21,2.822999459046584,2.9073903560638428
global_species,150,N_3pct,cnn_property,property,606,3392,22,2.8098782759446363,2.878838300704956
global_species,150,N_3pct,cnn_property,property,606,3392,23,2.774551116503202,2.8526175022125244
global_species,150,N_3pct,cnn_property,property,606,3392,24,2.770816601239718,2.852735757827759
global_species,150,N_3pct,tiny_transformer_onehot,onehot,606,3403,1,3.1357821134420543,3.078213214874268
global_species,150,N_3pct,tiny_transformer_onehot,onehot,606,3403,2,3.095530968445998,3.052931070327759
global_species,150,N_3pct,tiny_transformer_onehot,onehot,606,3403,3,3.0597543166233945,3.0304672718048096
global_species,150,N_3pct,tiny_transformer_onehot,onehot,606,3403,4,3.0484610154078555,3.0170371532440186
global_species,150,N_3pct,tiny_transformer_onehot,onehot,606,3403,5,3.04018943126385,3.0068178176879883
global_species,150,N_3pct,tiny_transformer_onehot,onehot,606,3403,6,3.015409763042743,2.9937639236450195
global_species,150,N_3pct,tiny_transformer_onehot,onehot,606,3403,7,3.0232823812044582,2.981379508972168
global_species,150,N_3pct,tiny_transformer_onehot,onehot,606,3403,8,2.996126321645884,2.958756923675537
global_species,150,N_3pct,tiny_transformer_onehot,onehot,606,3403,9,2.941177349824172,2.9223744869232178
global_species,150,N_3pct,tiny_transformer_onehot,onehot,606,3403,10,2.906061264184805,2.880362272262573
global_species,150,N_3pct,tiny_transformer_onehot,onehot,606,3403,11,2.8361995770381045,2.818930149078369
global_species,150,N_3pct,tiny_transformer_onehot,onehot,606,3403,12,2.8053044906029334,2.760027885437012
global_species,150,N_3pct,tiny_transformer_onehot,onehot,606,3403,13,2.697752494078416,2.699023485183716
global_species,150,N_3pct,tiny_transformer_onehot,onehot,606,3403,14,2.7262379022744985,2.6664464473724365
global_species,150,N_3pct,tiny_transformer_onehot,onehot,606,3403,15,2.6872482483203592,2.6157214641571045
global_species,150,N_3pct,tiny_transformer_onehot,onehot,606,3403,16,2.5622211694717407,2.590418100357056
global_species,150,N_3pct,tiny_transformer_onehot,onehot,606,3403,17,2.543665574147151,2.582343578338623
global_species,150,N_3pct,tiny_transformer_onehot,onehot,606,3403,18,2.5856233743520884,2.5759451389312744
global_species,150,N_3pct,tiny_transformer_onehot,onehot,606,3403,19,2.609363079071045,2.563771963119507
global_species,150,N_3pct,tiny_transformer_onehot,onehot,606,3403,20,2.5320150668804464,2.5498952865600586
global_species,150,N_3pct,tiny_transformer_onehot,onehot,606,3403,21,2.5050838635518,2.557757377624512
global_species,150,N_3pct,tiny_transformer_onehot,onehot,606,3403,22,2.5350798276754527,2.554807662963867
global_species,150,N_3pct,tiny_transformer_onehot,onehot,606,3403,23,2.466879826325637,2.567964792251587
global_species,150,N_3pct,tiny_transformer_onehot,onehot,606,3403,24,2.5378239154815674,2.5767080783843994
global_species,150,N_3pct,tiny_transformer_property,property,606,3405,1,3.0888004853175235,3.03781795501709
global_species,150,N_3pct,tiny_transformer_property,property,606,3405,2,3.050550002318162,3.031229019165039
global_species,150,N_3pct,tiny_transformer_property,property,606,3405,3,3.0365664958953857,3.023120403289795
global_species,150,N_3pct,tiny_transformer_property,property,606,3405,4,3.054087528815636,3.01720666885376
global_species,150,N_3pct,tiny_transformer_property,property,606,3405,5,3.0234412596775937,3.0050361156463623
global_species,150,N_3pct,tiny_transformer_property,property,606,3405,6,3.004044532775879,2.988898754119873
global_species,150,N_3pct,tiny_transformer_property,property,606,3405,7,2.97881504205557,2.9663853645324707
global_species,150,N_3pct,tiny_transformer_property,property,606,3405,8,2.961319831701425,2.941514730453491
global_species,150,N_3pct,tiny_transformer_property,property,606,3405,9,2.9320246623112607,2.891099452972412
global_species,150,N_3pct,tiny_transformer_property,property,606,3405,10,2.8863845421717715,2.8429770469665527
global_species,150,N_3pct,tiny_transformer_property,property,606,3405,11,2.838973907323984,2.781184673309326
global_species,150,N_3pct,tiny_transformer_property,property,606,3405,12,2.715037804383498,2.7608230113983154
global_species,150,N_3pct,tiny_transformer_property,property,606,3405,13,2.7263586337749777,2.669482707977295
global_species,150,N_3pct,tiny_transformer_property,property,606,3405,14,2.60548653969398,2.651416778564453
global_species,150,N_3pct,tiny_transformer_property,property,606,3405,15,2.6588744933788595,2.5869333744049072
global_species,150,N_3pct,tiny_transformer_property,property,606,3405,16,2.590666330777682,2.581591844558716
global_species,150,N_3pct,tiny_transformer_property,property,606,3405,17,2.563908411906316,2.6458606719970703
global_species,150,N_3pct,tiny_transformer_property,property,606,3405,18,2.5635872804201565,2.5549535751342773
global_species,150,N_3pct,tiny_transformer_property,property,606,3405,19,2.47988013120798,2.5346479415893555
global_species,150,N_3pct,tiny_transformer_property,property,606,3405,20,2.547253351945144,2.529843807220459
global_species,150,N_3pct,tiny_transformer_property,property,606,3405,21,2.4814410484754124,2.5321943759918213
global_species,150,N_3pct,tiny_transformer_property,property,606,3405,22,2.514485285832332,2.521797180175781
global_species,150,N_3pct,tiny_transformer_property,property,606,3405,23,2.483450330220736,2.510458469390869
global_species,150,N_3pct,tiny_transformer_property,property,606,3405,24,2.511873850455651,2.497570753097534
within_genus_species:Enterobacter,150,N_3pct,mlp_ckmer5,ckmer5_count_l2,606,3637,1,1.644799033800761,1.6299480199813845
within_genus_species:Enterobacter,150,N_3pct,mlp_ckmer5,ckmer5_count_l2,606,3637,2,1.3308792511622112,1.6303720474243164
within_genus_species:Enterobacter,150,N_3pct,mlp_ckmer5,ckmer5_count_l2,606,3637,3,1.1117525895436604,1.633483648300171
within_genus_species:Enterobacter,150,N_3pct,mlp_ckmer5,ckmer5_count_l2,606,3637,4,0.932737668355306,1.6415913105010986
within_genus_species:Enterobacter,150,N_3pct,mlp_ckmer5,ckmer5_count_l2,606,3637,5,0.7830896973609924,1.6523234844207764
within_genus_species:Enterobacter,150,N_3pct,mlp_ckmer5,ckmer5_count_l2,606,3637,6,0.6470301946004232,1.6665514707565308
within_genus_species:Enterobacter,150,N_3pct,mlp_csp,cspaced_property_l2,606,3634,1,1.6410380999247234,1.6566554307937622
within_genus_species:Enterobacter,150,N_3pct,mlp_csp,cspaced_property_l2,606,3634,2,1.5839583079020183,1.6527360677719116
within_genus_species:Enterobacter,150,N_3pct,mlp_csp,cspaced_property_l2,606,3634,3,1.5344510475794475,1.6496055126190186
within_genus_species:Enterobacter,150,N_3pct,mlp_csp,cspaced_property_l2,606,3634,4,1.4913136959075928,1.6468700170516968
within_genus_species:Enterobacter,150,N_3pct,mlp_csp,cspaced_property_l2,606,3634,5,1.4432748556137085,1.644839882850647
within_genus_species:Enterobacter,150,N_3pct,mlp_csp,cspaced_property_l2,606,3634,6,1.4080435037612915,1.642606258392334
within_genus_species:Enterobacter,150,N_3pct,mlp_csp,cspaced_property_l2,606,3634,7,1.3687588771184285,1.6413779258728027
within_genus_species:Enterobacter,150,N_3pct,mlp_csp,cspaced_property_l2,606,3634,8,1.3264408906300862,1.640905499458313
within_genus_species:Enterobacter,150,N_3pct,mlp_csp,cspaced_property_l2,606,3634,9,1.2851495345433552,1.6413952112197876
within_genus_species:Enterobacter,150,N_3pct,mlp_csp,cspaced_property_l2,606,3634,10,1.250876784324646,1.6428749561309814
within_genus_species:Enterobacter,150,N_3pct,mlp_csp,cspaced_property_l2,606,3634,11,1.2065675258636477,1.6457587480545044
within_genus_species:Enterobacter,150,N_3pct,mlp_csp,cspaced_property_l2,606,3634,12,1.16774586836497,1.6499921083450315
within_genus_species:Enterobacter,150,N_3pct,mlp_csp,cspaced_property_l2,606,3634,13,1.129608432451884,1.6546711921691897
within_genus_species:Enterobacter,150,N_3pct,mlp_hybrid,hybrid_ckmer5_csp,606,3637,1,1.629388173421224,1.70612633228302
within_genus_species:Enterobacter,150,N_3pct,mlp_hybrid,hybrid_ckmer5_csp,606,3637,2,1.2444283962249756,1.7114824056625366
within_genus_species:Enterobacter,150,N_3pct,mlp_hybrid,hybrid_ckmer5_csp,606,3637,3,0.9844311873118082,1.7202359437942505
within_genus_species:Enterobacter,150,N_3pct,mlp_hybrid,hybrid_ckmer5_csp,606,3637,4,0.7857062419255575,1.736286997795105
within_genus_species:Enterobacter,150,N_3pct,mlp_hybrid,hybrid_ckmer5_csp,606,3637,5,0.6233324408531189,1.7558940649032593
within_genus_species:Enterobacter,150,N_3pct,mlp_hybrid,hybrid_ckmer5_csp,606,3637,6,0.4886383811632792,1.7780970335006714
within_genus_species:Enterobacter,150,N_3pct,cnn_onehot,onehot,606,3637,1,1.6322614351908369,1.6228679418563845
within_genus_species:Enterobacter,150,N_3pct,cnn_onehot,onehot,606,3637,2,1.6175384124120076,1.617281794548035
within_genus_species:Enterobacter,150,N_3pct,cnn_onehot,onehot,606,3637,3,1.608883023262024,1.6142138242721558
within_genus_species:Enterobacter,150,N_3pct,cnn_onehot,onehot,606,3637,4,1.6022462050120037,1.612579345703125
within_genus_species:Enterobacter,150,N_3pct,cnn_onehot,onehot,606,3637,5,1.594238003094991,1.6113488674163818
within_genus_species:Enterobacter,150,N_3pct,cnn_onehot,onehot,606,3637,6,1.5897305806477864,1.611157774925232
within_genus_species:Enterobacter,150,N_3pct,cnn_onehot,onehot,606,3637,7,1.58525816599528,1.611040472984314
within_genus_species:Enterobacter,150,N_3pct,cnn_onehot,onehot,606,3637,8,1.5822905699412029,1.6112200021743774
within_genus_species:Enterobacter,150,N_3pct,cnn_onehot,onehot,606,3637,9,1.578850467999776,1.6113635301589966
within_genus_species:Enterobacter,150,N_3pct,cnn_onehot,onehot,606,3637,10,1.5755866765975952,1.6110814809799194
within_genus_species:Enterobacter,150,N_3pct,cnn_onehot,onehot,606,3637,11,1.5721710125605266,1.6112840175628662
within_genus_species:Enterobacter,150,N_3pct,cnn_onehot,onehot,606,3637,12,1.5684154431025188,1.611391544342041
within_genus_species:Enterobacter,150,N_3pct,cnn_property,property,606,3639,1,1.6127704779307048,1.6034553050994873
within_genus_species:Enterobacter,150,N_3pct,cnn_property,property,606,3639,2,1.6050221920013428,1.604339361190796
within_genus_species:Enterobacter,150,N_3pct,cnn_property,property,606,3639,3,1.599281946818034,1.6042695045471191
within_genus_species:Enterobacter,150,N_3pct,cnn_property,property,606,3639,4,1.595405379931132,1.60381281375885
within_genus_species:Enterobacter,150,N_3pct,cnn_property,property,606,3639,5,1.590943773587545,1.6040347814559937
within_genus_species:Enterobacter,150,N_3pct,cnn_property,property,606,3639,6,1.5883833169937134,1.6039718389511108
within_genus_species:Enterobacter,150,N_3pct,tiny_transformer_onehot,onehot,606,3650,1,1.6549312671025591,1.615883231163025
within_genus_species:Enterobacter,150,N_3pct,tiny_transformer_onehot,onehot,606,3650,2,1.6135156551996868,1.606568455696106
within_genus_species:Enterobacter,150,N_3pct,tiny_transformer_onehot,onehot,606,3650,3,1.611033042271932,1.6079400777816772
within_genus_species:Enterobacter,150,N_3pct,tiny_transformer_onehot,onehot,606,3650,4,1.6147487958272295,1.6129679679870603
within_genus_species:Enterobacter,150,N_3pct,tiny_transformer_onehot,onehot,606,3650,5,1.6114057699839277,1.612178921699524
within_genus_species:Enterobacter,150,N_3pct,tiny_transformer_onehot,onehot,606,3650,6,1.60764479637146,1.606969714164734
within_genus_species:Enterobacter,150,N_3pct,tiny_transformer_onehot,onehot,606,3650,7,1.6035371621449788,1.6047524213790894
within_genus_species:Enterobacter,150,N_3pct,tiny_transformer_onehot,onehot,606,3650,8,1.607578992843628,1.6041094064712524
within_genus_species:Enterobacter,150,N_3pct,tiny_transformer_onehot,onehot,606,3650,9,1.6030521392822266,1.6014784574508667
within_genus_species:Enterobacter,150,N_3pct,tiny_transformer_onehot,onehot,606,3650,10,1.599960168202718,1.600059151649475
within_genus_species:Enterobacter,150,N_3pct,tiny_transformer_onehot,onehot,606,3650,11,1.5969433387120564,1.5985807180404663
within_genus_species:Enterobacter,150,N_3pct,tiny_transformer_onehot,onehot,606,3650,12,1.596739331881205,1.5978249311447144
within_genus_species:Enterobacter,150,N_3pct,tiny_transformer_onehot,onehot,606,3650,13,1.5951388676961262,1.598217487335205
within_genus_species:Enterobacter,150,N_3pct,tiny_transformer_onehot,onehot,606,3650,14,1.593135992685954,1.597490906715393
within_genus_species:Enterobacter,150,N_3pct,tiny_transformer_onehot,onehot,606,3650,15,1.5907378594080608,1.5964393615722656
within_genus_species:Enterobacter,150,N_3pct,tiny_transformer_onehot,onehot,606,3650,16,1.5897614161173503,1.595133900642395
within_genus_species:Enterobacter,150,N_3pct,tiny_transformer_onehot,onehot,606,3650,17,1.5886612335840862,1.5930083990097046
within_genus_species:Enterobacter,150,N_3pct,tiny_transformer_onehot,onehot,606,3650,18,1.588990608851115,1.591124176979065
within_genus_species:Enterobacter,150,N_3pct,tiny_transformer_onehot,onehot,606,3650,19,1.587701678276062,1.589749097824097
within_genus_species:Enterobacter,150,N_3pct,tiny_transformer_onehot,onehot,606,3650,20,1.5843193531036377,1.5880526304244995
within_genus_species:Enterobacter,150,N_3pct,tiny_transformer_onehot,onehot,606,3650,21,1.580888271331787,1.5869026184082031
within_genus_species:Enterobacter,150,N_3pct,tiny_transformer_onehot,onehot,606,3650,22,1.5785306692123413,1.5860114097595217
within_genus_species:Enterobacter,150,N_3pct,tiny_transformer_onehot,onehot,606,3650,23,1.5794078906377156,1.585868000984192
within_genus_species:Enterobacter,150,N_3pct,tiny_transformer_onehot,onehot,606,3650,24,1.5752115646998088,1.5856831073760986
within_genus_species:Enterobacter,150,N_3pct,tiny_transformer_property,property,606,3652,1,1.637381871541341,1.6134860515594482
within_genus_species:Enterobacter,150,N_3pct,tiny_transformer_property,property,606,3652,2,1.622308095296224,1.6074484586715698
within_genus_species:Enterobacter,150,N_3pct,tiny_transformer_property,property,606,3652,3,1.6150457859039309,1.603963017463684
within_genus_species:Enterobacter,150,N_3pct,tiny_transformer_property,property,606,3652,4,1.6137919425964355,1.6032335758209229
within_genus_species:Enterobacter,150,N_3pct,tiny_transformer_property,property,606,3652,5,1.6119238535563152,1.6037813425064087
within_genus_species:Enterobacter,150,N_3pct,tiny_transformer_property,property,606,3652,6,1.6131238142649331,1.6038397550582886
within_genus_species:Enterobacter,150,N_3pct,tiny_transformer_property,property,606,3652,7,1.6088130076726277,1.603102684020996
within_genus_species:Enterobacter,150,N_3pct,tiny_transformer_property,property,606,3652,8,1.615765651067098,1.6044278144836426
within_genus_species:Enterobacter,150,N_3pct,tiny_transformer_property,property,606,3652,9,1.6064449548721311,1.603044867515564
within_genus_species:Enterobacter,150,N_3pct,tiny_transformer_property,property,606,3652,10,1.6056537230809529,1.602126121520996
within_genus_species:Enterobacter,150,N_3pct,tiny_transformer_property,property,606,3652,11,1.6040425697962444,1.60155189037323
within_genus_species:Enterobacter,150,N_3pct,tiny_transformer_property,property,606,3652,12,1.6027443408966064,1.6019222736358645
within_genus_species:Enterobacter,150,N_3pct,tiny_transformer_property,property,606,3652,13,1.6021420160929365,1.6009626388549805
within_genus_species:Enterobacter,150,N_3pct,tiny_transformer_property,property,606,3652,14,1.6037810643513997,1.6012526750564575
within_genus_species:Enterobacter,150,N_3pct,tiny_transformer_property,property,606,3652,15,1.6006678342819214,1.5986963510513306
within_genus_species:Enterobacter,150,N_3pct,tiny_transformer_property,property,606,3652,16,1.5968360503514607,1.597000002861023
within_genus_species:Enterobacter,150,N_3pct,tiny_transformer_property,property,606,3652,17,1.5957791010538738,1.5968759059906006
within_genus_species:Enterobacter,150,N_3pct,tiny_transformer_property,property,606,3652,18,1.5945737759272258,1.5959490537643433
within_genus_species:Enterobacter,150,N_3pct,tiny_transformer_property,property,606,3652,19,1.5941987037658691,1.5953034162521362
within_genus_species:Enterobacter,150,N_3pct,tiny_transformer_property,property,606,3652,20,1.592839519182841,1.5938894748687744
within_genus_species:Enterobacter,150,N_3pct,tiny_transformer_property,property,606,3652,21,1.5928123792012532,1.594032645225525
within_genus_species:Enterobacter,150,N_3pct,tiny_transformer_property,property,606,3652,22,1.5899023214975994,1.593874216079712
within_genus_species:Enterobacter,150,N_3pct,tiny_transformer_property,property,606,3652,23,1.5865724484125774,1.5919384956359863
within_genus_species:Enterobacter,150,N_3pct,tiny_transformer_property,property,606,3652,24,1.585981051127116,1.59161114692688
target_background,150,substitution_1pct_N_3pct,mlp_ckmer5,ckmer5_count_l2,606,3555,1,0.7257066567738851,0.6933579444885254
target_background,150,substitution_1pct_N_3pct,mlp_ckmer5,ckmer5_count_l2,606,3555,2,0.4872647374868393,0.7067697644233704
target_background,150,substitution_1pct_N_3pct,mlp_ckmer5,ckmer5_count_l2,606,3555,3,0.3697329411904017,0.7402227520942688
target_background,150,substitution_1pct_N_3pct,mlp_ckmer5,ckmer5_count_l2,606,3555,4,0.2886058315634727,0.7799934148788452
target_background,150,substitution_1pct_N_3pct,mlp_ckmer5,ckmer5_count_l2,606,3555,5,0.1998643452922503,0.8249691128730774
target_background,150,substitution_1pct_N_3pct,mlp_ckmer5,ckmer5_count_l2,606,3555,6,0.142217884461085,0.8750255703926086
target_background,150,substitution_1pct_N_3pct,mlp_csp,cspaced_property_l2,606,3552,1,0.6867632965246836,0.6525325179100037
target_background,150,substitution_1pct_N_3pct,mlp_csp,cspaced_property_l2,606,3552,2,0.6521893938382467,0.6324490308761597
target_background,150,substitution_1pct_N_3pct,mlp_csp,cspaced_property_l2,606,3552,3,0.6059934596220652,0.6269739866256714
target_background,150,substitution_1pct_N_3pct,mlp_csp,cspaced_property_l2,606,3552,4,0.6104962229728699,0.6221855878829956
target_background,150,substitution_1pct_N_3pct,mlp_csp,cspaced_property_l2,606,3552,5,0.5655416150887808,0.619330108165741
target_background,150,substitution_1pct_N_3pct,mlp_csp,cspaced_property_l2,606,3552,6,0.5409134179353714,0.6171773672103882
target_background,150,substitution_1pct_N_3pct,mlp_csp,cspaced_property_l2,606,3552,7,0.5363601446151733,0.6133657693862915
target_background,150,substitution_1pct_N_3pct,mlp_csp,cspaced_property_l2,606,3552,8,0.499651884039243,0.611463725566864
target_background,150,substitution_1pct_N_3pct,mlp_csp,cspaced_property_l2,606,3552,9,0.4726486404736836,0.6104745268821716
target_background,150,substitution_1pct_N_3pct,mlp_csp,cspaced_property_l2,606,3552,10,0.4612901359796524,0.6078943610191345
target_background,150,substitution_1pct_N_3pct,mlp_csp,cspaced_property_l2,606,3552,11,0.4090438435475031,0.6058748960494995
target_background,150,substitution_1pct_N_3pct,mlp_csp,cspaced_property_l2,606,3552,12,0.4106928954521815,0.6034649014472961
target_background,150,substitution_1pct_N_3pct,mlp_csp,cspaced_property_l2,606,3552,13,0.3902548799912135,0.6053786873817444
target_background,150,substitution_1pct_N_3pct,mlp_csp,cspaced_property_l2,606,3552,14,0.3501274387041728,0.6061403155326843
target_background,150,substitution_1pct_N_3pct,mlp_csp,cspaced_property_l2,606,3552,15,0.3395022451877594,0.6097187995910645
target_background,150,substitution_1pct_N_3pct,mlp_csp,cspaced_property_l2,606,3552,16,0.2937014450629552,0.6146475076675415
target_background,150,substitution_1pct_N_3pct,mlp_csp,cspaced_property_l2,606,3552,17,0.2746349597970645,0.62083899974823
target_background,150,substitution_1pct_N_3pct,mlp_hybrid,hybrid_ckmer5_csp,606,3555,1,0.7145706315835317,0.733707070350647
target_background,150,substitution_1pct_N_3pct,mlp_hybrid,hybrid_ckmer5_csp,606,3555,2,0.4361310700575511,0.7466987371444702
target_background,150,substitution_1pct_N_3pct,mlp_hybrid,hybrid_ckmer5_csp,606,3555,3,0.3059680114189784,0.7782388925552368
target_background,150,substitution_1pct_N_3pct,mlp_hybrid,hybrid_ckmer5_csp,606,3555,4,0.2224492778380712,0.8174723982810974
target_background,150,substitution_1pct_N_3pct,mlp_hybrid,hybrid_ckmer5_csp,606,3555,5,0.1475727222859859,0.8655282258987427
target_background,150,substitution_1pct_N_3pct,mlp_hybrid,hybrid_ckmer5_csp,606,3555,6,0.0984714552760124,0.9247244596481324
target_background,150,substitution_1pct_N_3pct,cnn_onehot,onehot,606,3555,1,0.696029394865036,0.6948736310005188
target_background,150,substitution_1pct_N_3pct,cnn_onehot,onehot,606,3555,2,0.6859294772148132,0.6942902207374573
target_background,150,substitution_1pct_N_3pct,cnn_onehot,onehot,606,3555,3,0.682444175084432,0.6940637230873108
target_background,150,substitution_1pct_N_3pct,cnn_onehot,onehot,606,3555,4,0.6821573376655579,0.6937638521194458
target_background,150,substitution_1pct_N_3pct,cnn_onehot,onehot,606,3555,5,0.6838443577289581,0.694084644317627
target_background,150,substitution_1pct_N_3pct,cnn_onehot,onehot,606,3555,6,0.6713636517524719,0.6929874420166016
target_background,150,substitution_1pct_N_3pct,cnn_onehot,onehot,606,3555,7,0.6685621837774912,0.6934140920639038
target_background,150,substitution_1pct_N_3pct,cnn_onehot,onehot,606,3555,8,0.6656162142753601,0.6934385299682617
target_background,150,substitution_1pct_N_3pct,cnn_onehot,onehot,606,3555,9,0.6621062854925791,0.6933294534683228
target_background,150,substitution_1pct_N_3pct,cnn_onehot,onehot,606,3555,10,0.656015525261561,0.6931213140487671
target_background,150,substitution_1pct_N_3pct,cnn_onehot,onehot,606,3555,11,0.658996194601059,0.6928421854972839
target_background,150,substitution_1pct_N_3pct,cnn_onehot,onehot,606,3555,12,0.6515587170918783,0.6908156275749207
target_background,150,substitution_1pct_N_3pct,cnn_onehot,onehot,606,3555,13,0.646776537100474,0.6902766227722168
target_background,150,substitution_1pct_N_3pct,cnn_onehot,onehot,606,3555,14,0.644118050734202,0.6899910569190979
target_background,150,substitution_1pct_N_3pct,cnn_onehot,onehot,606,3555,15,0.6367839376131693,0.6889155507087708
target_background,150,substitution_1pct_N_3pct,cnn_onehot,onehot,606,3555,16,0.6380487183729807,0.6913466453552246
target_background,150,substitution_1pct_N_3pct,cnn_onehot,onehot,606,3555,17,0.6292462448279063,0.6873696446418762
target_background,150,substitution_1pct_N_3pct,cnn_onehot,onehot,606,3555,18,0.6249354978402456,0.6889476776123047
target_background,150,substitution_1pct_N_3pct,cnn_onehot,onehot,606,3555,19,0.6154567698637644,0.6871533393859863
target_background,150,substitution_1pct_N_3pct,cnn_onehot,onehot,606,3555,20,0.6090675989786783,0.6854009032249451
target_background,150,substitution_1pct_N_3pct,cnn_onehot,onehot,606,3555,21,0.6004952390988668,0.6851449012756348
target_background,150,substitution_1pct_N_3pct,cnn_onehot,onehot,606,3555,22,0.5922319491704305,0.6841869354248047
target_background,150,substitution_1pct_N_3pct,cnn_onehot,onehot,606,3555,23,0.5862112045288086,0.6851581931114197
target_background,150,substitution_1pct_N_3pct,cnn_onehot,onehot,606,3555,24,0.5785348812739054,0.6846255660057068
target_background,150,substitution_1pct_N_3pct,cnn_property,property,606,3557,1,0.6958755950133005,0.6918475031852722
target_background,150,substitution_1pct_N_3pct,cnn_property,property,606,3557,2,0.6901394923528036,0.6919217705726624
target_background,150,substitution_1pct_N_3pct,cnn_property,property,606,3557,3,0.6888902386029562,0.6914628148078918
target_background,150,substitution_1pct_N_3pct,cnn_property,property,606,3557,4,0.682702918847402,0.6912859082221985
target_background,150,substitution_1pct_N_3pct,cnn_property,property,606,3557,5,0.6829164723555247,0.690948486328125
target_background,150,substitution_1pct_N_3pct,cnn_property,property,606,3557,6,0.6785594622294108,0.6903349161148071
target_background,150,substitution_1pct_N_3pct,cnn_property,property,606,3557,7,0.6766424675782522,0.6902837753295898
target_background,150,substitution_1pct_N_3pct,cnn_property,property,606,3557,8,0.6764948765436808,0.68986576795578
target_background,150,substitution_1pct_N_3pct,cnn_property,property,606,3557,9,0.6724682052930196,0.6892309188842773
target_background,150,substitution_1pct_N_3pct,cnn_property,property,606,3557,10,0.6700105667114258,0.689581036567688
target_background,150,substitution_1pct_N_3pct,cnn_property,property,606,3557,11,0.6666990915934244,0.6891240477561951
target_background,150,substitution_1pct_N_3pct,cnn_property,property,606,3557,12,0.6616706252098083,0.6888508796691895
target_background,150,substitution_1pct_N_3pct,cnn_property,property,606,3557,13,0.6622790694236755,0.6882935166358948
target_background,150,substitution_1pct_N_3pct,cnn_property,property,606,3557,14,0.6586088140805563,0.6878547072410583
target_background,150,substitution_1pct_N_3pct,cnn_property,property,606,3557,15,0.652051160732905,0.6876410841941833
target_background,150,substitution_1pct_N_3pct,cnn_property,property,606,3557,16,0.648390144109726,0.6874550580978394
target_background,150,substitution_1pct_N_3pct,cnn_property,property,606,3557,17,0.6446346938610077,0.6876846551895142
target_background,150,substitution_1pct_N_3pct,cnn_property,property,606,3557,18,0.6417499383290609,0.6874520182609558
target_background,150,substitution_1pct_N_3pct,cnn_property,property,606,3557,19,0.6353464225927988,0.6860109567642212
target_background,150,substitution_1pct_N_3pct,cnn_property,property,606,3557,20,0.631095955769221,0.6849809885025024
target_background,150,substitution_1pct_N_3pct,cnn_property,property,606,3557,21,0.6273873150348663,0.6841307878494263
target_background,150,substitution_1pct_N_3pct,cnn_property,property,606,3557,22,0.6226552327473959,0.6837124824523926
target_background,150,substitution_1pct_N_3pct,cnn_property,property,606,3557,23,0.621321419874827,0.684648334980011
target_background,150,substitution_1pct_N_3pct,cnn_property,property,606,3557,24,0.6011055509249369,0.6915813088417053
target_background,150,substitution_1pct_N_3pct,tiny_transformer_onehot,onehot,606,3568,1,0.6911783516407013,0.6868252158164978
target_background,150,substitution_1pct_N_3pct,tiny_transformer_onehot,onehot,606,3568,2,0.6921831667423248,0.6850740313529968
target_background,150,substitution_1pct_N_3pct,tiny_transformer_onehot,onehot,606,3568,3,0.6849159499009451,0.6823976635932922
target_background,150,substitution_1pct_N_3pct,tiny_transformer_onehot,onehot,606,3568,4,0.6858912408351898,0.6818946003913879
target_background,150,substitution_1pct_N_3pct,tiny_transformer_onehot,onehot,606,3568,5,0.6867238283157349,0.6809234023094177
target_background,150,substitution_1pct_N_3pct,tiny_transformer_onehot,onehot,606,3568,6,0.6811259885629019,0.6809069514274597
target_background,150,substitution_1pct_N_3pct,tiny_transformer_onehot,onehot,606,3568,7,0.6791076958179474,0.6792722344398499
target_background,150,substitution_1pct_N_3pct,tiny_transformer_onehot,onehot,606,3568,8,0.6809518833955129,0.6775833964347839
target_background,150,substitution_1pct_N_3pct,tiny_transformer_onehot,onehot,606,3568,9,0.6829790870348612,0.6798056960105896
target_background,150,substitution_1pct_N_3pct,tiny_transformer_onehot,onehot,606,3568,10,0.6871786316235861,0.6773281097412109
target_background,150,substitution_1pct_N_3pct,tiny_transformer_onehot,onehot,606,3568,11,0.670353353023529,0.6760912537574768
target_background,150,substitution_1pct_N_3pct,tiny_transformer_onehot,onehot,606,3568,12,0.695286879936854,0.6766349077224731
target_background,150,substitution_1pct_N_3pct,tiny_transformer_onehot,onehot,606,3568,13,0.6876046657562256,0.6776512861251831
target_background,150,substitution_1pct_N_3pct,tiny_transformer_onehot,onehot,606,3568,14,0.6749678552150726,0.6783351898193359
target_background,150,substitution_1pct_N_3pct,tiny_transformer_onehot,onehot,606,3568,15,0.6884172956148783,0.6772393584251404
target_background,150,substitution_1pct_N_3pct,tiny_transformer_onehot,onehot,606,3568,16,0.6701969603697459,0.676750123500824
target_background,150,substitution_1pct_N_3pct,tiny_transformer_property,property,606,3570,1,0.7047480245431265,0.6942625641822815
target_background,150,substitution_1pct_N_3pct,tiny_transformer_property,property,606,3570,2,0.704813172419866,0.6934195756912231
target_background,150,substitution_1pct_N_3pct,tiny_transformer_property,property,606,3570,3,0.6910309394200643,0.6832500696182251
target_background,150,substitution_1pct_N_3pct,tiny_transformer_property,property,606,3570,4,0.6792473395665487,0.6815999746322632
target_background,150,substitution_1pct_N_3pct,tiny_transformer_property,property,606,3570,5,0.6806101103623708,0.678305983543396
target_background,150,substitution_1pct_N_3pct,tiny_transformer_property,property,606,3570,6,0.6809464792410532,0.6768754124641418
target_background,150,substitution_1pct_N_3pct,tiny_transformer_property,property,606,3570,7,0.6872281829516093,0.6727567315101624
target_background,150,substitution_1pct_N_3pct,tiny_transformer_property,property,606,3570,8,0.6954832275708517,0.6760302782058716
target_background,150,substitution_1pct_N_3pct,tiny_transformer_property,property,606,3570,9,0.6807463467121124,0.6733875274658203
target_background,150,substitution_1pct_N_3pct,tiny_transformer_property,property,606,3570,10,0.6683636605739594,0.6691766381263733
target_background,150,substitution_1pct_N_3pct,tiny_transformer_property,property,606,3570,11,0.6827668249607086,0.670021653175354
target_background,150,substitution_1pct_N_3pct,tiny_transformer_property,property,606,3570,12,0.6713743805885315,0.6722261309623718
target_background,150,substitution_1pct_N_3pct,tiny_transformer_property,property,606,3570,13,0.680695652961731,0.666257917881012
target_background,150,substitution_1pct_N_3pct,tiny_transformer_property,property,606,3570,14,0.6679712931315104,0.664377748966217
target_background,150,substitution_1pct_N_3pct,tiny_transformer_property,property,606,3570,15,0.6623360315958658,0.6644467711448669
target_background,150,substitution_1pct_N_3pct,tiny_transformer_property,property,606,3570,16,0.6848559677600861,0.6687140464782715
target_background,150,substitution_1pct_N_3pct,tiny_transformer_property,property,606,3570,17,0.6832682192325592,0.663878858089447
target_background,150,substitution_1pct_N_3pct,tiny_transformer_property,property,606,3570,18,0.6669717828432719,0.6662111282348633
target_background,150,substitution_1pct_N_3pct,tiny_transformer_property,property,606,3570,19,0.6649952431519827,0.6684373617172241
target_background,150,substitution_1pct_N_3pct,tiny_transformer_property,property,606,3570,20,0.6792464057604471,0.6600461602210999
target_background,150,substitution_1pct_N_3pct,tiny_transformer_property,property,606,3570,21,0.6844803790251414,0.6618804931640625
target_background,150,substitution_1pct_N_3pct,tiny_transformer_property,property,606,3570,22,0.6806924839814504,0.6659100651741028
target_background,150,substitution_1pct_N_3pct,tiny_transformer_property,property,606,3570,23,0.6811191340287527,0.6612610220909119
target_background,150,substitution_1pct_N_3pct,tiny_transformer_property,property,606,3570,24,0.663577268520991,0.6654305458068848
global_species,150,substitution_1pct_N_3pct,mlp_ckmer5,ckmer5_count_l2,606,3516,1,3.020786982316237,2.916306734085083
global_species,150,substitution_1pct_N_3pct,mlp_ckmer5,ckmer5_count_l2,606,3516,2,2.491048702826866,2.791332960128784
global_species,150,substitution_1pct_N_3pct,mlp_ckmer5,ckmer5_count_l2,606,3516,3,2.1198676274372983,2.68434476852417
global_species,150,substitution_1pct_N_3pct,mlp_ckmer5,ckmer5_count_l2,606,3516,4,1.7254236936569214,2.6128711700439453
global_species,150,substitution_1pct_N_3pct,mlp_ckmer5,ckmer5_count_l2,606,3516,5,1.478906824038579,2.570004463195801
global_species,150,substitution_1pct_N_3pct,mlp_ckmer5,ckmer5_count_l2,606,3516,6,1.1815034517875085,2.5544240474700928
global_species,150,substitution_1pct_N_3pct,mlp_ckmer5,ckmer5_count_l2,606,3516,7,0.9820470122190622,2.550123453140259
global_species,150,substitution_1pct_N_3pct,mlp_ckmer5,ckmer5_count_l2,606,3516,8,0.775589759533222,2.562519073486328
global_species,150,substitution_1pct_N_3pct,mlp_ckmer5,ckmer5_count_l2,606,3516,9,0.5949873832555918,2.5829010009765625
global_species,150,substitution_1pct_N_3pct,mlp_ckmer5,ckmer5_count_l2,606,3516,10,0.4633976037685687,2.5987541675567627
global_species,150,substitution_1pct_N_3pct,mlp_ckmer5,ckmer5_count_l2,606,3516,11,0.368624943953294,2.6229286193847656
global_species,150,substitution_1pct_N_3pct,mlp_ckmer5,ckmer5_count_l2,606,3516,12,0.2875939653469966,2.636975049972534
global_species,150,substitution_1pct_N_3pct,mlp_csp,cspaced_property_l2,606,3513,1,3.0347053087674656,2.991730213165283
global_species,150,substitution_1pct_N_3pct,mlp_csp,cspaced_property_l2,606,3513,2,2.9278131998502293,2.937303304672241
global_species,150,substitution_1pct_N_3pct,mlp_csp,cspaced_property_l2,606,3513,3,2.829598775276771,2.890749454498291
global_species,150,substitution_1pct_N_3pct,mlp_csp,cspaced_property_l2,606,3513,4,2.68537581883944,2.8412888050079346
global_species,150,substitution_1pct_N_3pct,mlp_csp,cspaced_property_l2,606,3513,5,2.61843021099384,2.795722961425781
global_species,150,substitution_1pct_N_3pct,mlp_csp,cspaced_property_l2,606,3513,6,2.518711126767672,2.7568178176879883
global_species,150,substitution_1pct_N_3pct,mlp_csp,cspaced_property_l2,606,3513,7,2.4719560879927416,2.7140860557556152
global_species,150,substitution_1pct_N_3pct,mlp_csp,cspaced_property_l2,606,3513,8,2.3269140170170712,2.68582820892334
global_species,150,substitution_1pct_N_3pct,mlp_csp,cspaced_property_l2,606,3513,9,2.240658008135282,2.664576530456543
global_species,150,substitution_1pct_N_3pct,mlp_csp,cspaced_property_l2,606,3513,10,2.230609471981342,2.649676322937012
global_species,150,substitution_1pct_N_3pct,mlp_csp,cspaced_property_l2,606,3513,11,2.197539907235366,2.6413915157318115
global_species,150,substitution_1pct_N_3pct,mlp_csp,cspaced_property_l2,606,3513,12,2.1126024906451883,2.638079881668091
global_species,150,substitution_1pct_N_3pct,mlp_csp,cspaced_property_l2,606,3513,13,2.026389507146982,2.634852886199951
global_species,150,substitution_1pct_N_3pct,mlp_csp,cspaced_property_l2,606,3513,14,1.9046025322033808,2.636597156524658
global_species,150,substitution_1pct_N_3pct,mlp_csp,cspaced_property_l2,606,3513,15,1.847794418151562,2.646712303161621
global_species,150,substitution_1pct_N_3pct,mlp_csp,cspaced_property_l2,606,3513,16,1.864178584172176,2.662599802017212
global_species,150,substitution_1pct_N_3pct,mlp_csp,cspaced_property_l2,606,3513,17,1.8641594648361208,2.675600528717041
global_species,150,substitution_1pct_N_3pct,mlp_csp,cspaced_property_l2,606,3513,18,1.723653609936054,2.685817003250122
global_species,150,substitution_1pct_N_3pct,mlp_hybrid,hybrid_ckmer5_csp,606,3516,1,2.905593468592717,2.775730848312378
global_species,150,substitution_1pct_N_3pct,mlp_hybrid,hybrid_ckmer5_csp,606,3516,2,2.277121672263512,2.6038975715637207
global_species,150,substitution_1pct_N_3pct,mlp_hybrid,hybrid_ckmer5_csp,606,3516,3,1.8448693385491004,2.509572744369507
global_species,150,substitution_1pct_N_3pct,mlp_hybrid,hybrid_ckmer5_csp,606,3516,4,1.471544467485868,2.468968391418457
global_species,150,substitution_1pct_N_3pct,mlp_hybrid,hybrid_ckmer5_csp,606,3516,5,1.192628264427185,2.4524285793304443
global_species,150,substitution_1pct_N_3pct,mlp_hybrid,hybrid_ckmer5_csp,606,3516,6,0.9690368725703312,2.45944881439209
global_species,150,substitution_1pct_N_3pct,mlp_hybrid,hybrid_ckmer5_csp,606,3516,7,0.7135730110681974,2.464991569519043
global_species,150,substitution_1pct_N_3pct,mlp_hybrid,hybrid_ckmer5_csp,606,3516,8,0.5575256576904883,2.4942212104797363
global_species,150,substitution_1pct_N_3pct,mlp_hybrid,hybrid_ckmer5_csp,606,3516,9,0.428277137187811,2.5350210666656494
global_species,150,substitution_1pct_N_3pct,mlp_hybrid,hybrid_ckmer5_csp,606,3516,10,0.3108298400273689,2.555361270904541
global_species,150,substitution_1pct_N_3pct,cnn_onehot,onehot,606,3516,1,3.0630722779494066,3.0509495735168457
global_species,150,substitution_1pct_N_3pct,cnn_onehot,onehot,606,3516,2,3.036704210134653,3.044426918029785
global_species,150,substitution_1pct_N_3pct,cnn_onehot,onehot,606,3516,3,3.023179897895226,3.040079116821289
global_species,150,substitution_1pct_N_3pct,cnn_onehot,onehot,606,3516,4,3.032199969658485,3.037910461425781
global_species,150,substitution_1pct_N_3pct,cnn_onehot,onehot,606,3516,5,3.02440331532405,3.0352821350097656
global_species,150,substitution_1pct_N_3pct,cnn_onehot,onehot,606,3516,6,3.019272052324735,3.031817674636841
global_species,150,substitution_1pct_N_3pct,cnn_onehot,onehot,606,3516,7,3.011466778241671,3.028665542602539
global_species,150,substitution_1pct_N_3pct,cnn_onehot,onehot,606,3516,8,3.01243701347938,3.0243752002716064
global_species,150,substitution_1pct_N_3pct,cnn_onehot,onehot,606,3516,9,2.9935759030855618,3.019131183624268
global_species,150,substitution_1pct_N_3pct,cnn_onehot,onehot,606,3516,10,2.987920174231896,3.0148093700408936
global_species,150,substitution_1pct_N_3pct,cnn_onehot,onehot,606,3516,11,2.996122488608727,3.0059964656829834
global_species,150,substitution_1pct_N_3pct,cnn_onehot,onehot,606,3516,12,2.9732624750870924,2.994840621948242
global_species,150,substitution_1pct_N_3pct,cnn_onehot,onehot,606,3516,13,2.9561127515939565,2.983381509780884
global_species,150,substitution_1pct_N_3pct,cnn_onehot,onehot,606,3516,14,2.9327813478616567,2.971970558166504
global_species,150,substitution_1pct_N_3pct,cnn_onehot,onehot,606,3516,15,2.9428108105292687,2.957751989364624
global_species,150,substitution_1pct_N_3pct,cnn_onehot,onehot,606,3516,16,2.9262535021855283,2.9402518272399902
global_species,150,substitution_1pct_N_3pct,cnn_onehot,onehot,606,3516,17,2.9032662281623254,2.923737049102783
global_species,150,substitution_1pct_N_3pct,cnn_onehot,onehot,606,3516,18,2.873830978686993,2.9082205295562744
global_species,150,substitution_1pct_N_3pct,cnn_onehot,onehot,606,3516,19,2.8563559238727274,2.890737295150757
global_species,150,substitution_1pct_N_3pct,cnn_onehot,onehot,606,3516,20,2.836859776423528,2.8607702255249023
global_species,150,substitution_1pct_N_3pct,cnn_onehot,onehot,606,3516,21,2.78118975345905,2.835621833801269
global_species,150,substitution_1pct_N_3pct,cnn_onehot,onehot,606,3516,22,2.766292535341703,2.8126344680786133
global_species,150,substitution_1pct_N_3pct,cnn_onehot,onehot,606,3516,23,2.737956028718215,2.790654182434082
global_species,150,substitution_1pct_N_3pct,cnn_onehot,onehot,606,3516,24,2.6884464667393613,2.757707118988037
global_species,150,substitution_1pct_N_3pct,cnn_property,property,606,3518,1,3.0572630808903623,3.048872232437134
global_species,150,substitution_1pct_N_3pct,cnn_property,property,606,3518,2,3.0539735097151537,3.0460851192474365
global_species,150,substitution_1pct_N_3pct,cnn_property,property,606,3518,3,3.045279227770292,3.0434882640838623
global_species,150,substitution_1pct_N_3pct,cnn_property,property,606,3518,4,3.045568686265212,3.0404956340789795
global_species,150,substitution_1pct_N_3pct,cnn_property,property,606,3518,5,3.032222491044265,3.039442300796509
global_species,150,substitution_1pct_N_3pct,cnn_property,property,606,3518,6,3.0250801673302283,3.037680625915528
global_species,150,substitution_1pct_N_3pct,cnn_property,property,606,3518,7,3.008371059711163,3.03665542602539
global_species,150,substitution_1pct_N_3pct,cnn_property,property,606,3518,8,3.0267552595872145,3.03861665725708
global_species,150,substitution_1pct_N_3pct,cnn_property,property,606,3518,9,3.0222958418039174,3.035809278488159
global_species,150,substitution_1pct_N_3pct,cnn_property,property,606,3518,10,3.0190735230079064,3.031717300415039
global_species,150,substitution_1pct_N_3pct,cnn_property,property,606,3518,11,3.005174600161039,3.029409170150757
global_species,150,substitution_1pct_N_3pct,cnn_property,property,606,3518,12,2.9991978865403395,3.027165174484253
global_species,150,substitution_1pct_N_3pct,cnn_property,property,606,3518,13,3.0052580466637244,3.0221683979034424
global_species,150,substitution_1pct_N_3pct,cnn_property,property,606,3518,14,2.981418517919688,3.017225503921509
global_species,150,substitution_1pct_N_3pct,cnn_property,property,606,3518,15,2.991100934835581,3.013167381286621
global_species,150,substitution_1pct_N_3pct,cnn_property,property,606,3518,16,2.955316561918992,3.003933906555176
global_species,150,substitution_1pct_N_3pct,cnn_property,property,606,3518,17,2.964209923377404,2.990698337554932
global_species,150,substitution_1pct_N_3pct,cnn_property,property,606,3518,18,2.944977100078876,2.9720942974090576
global_species,150,substitution_1pct_N_3pct,cnn_property,property,606,3518,19,2.9491302050077,2.9643592834472656
global_species,150,substitution_1pct_N_3pct,cnn_property,property,606,3518,20,2.901933468305148,2.945448398590088
global_species,150,substitution_1pct_N_3pct,cnn_property,property,606,3518,21,2.888033151626587,2.9247636795043945
global_species,150,substitution_1pct_N_3pct,cnn_property,property,606,3518,22,2.8243787105266867,2.906728506088257
global_species,150,substitution_1pct_N_3pct,cnn_property,property,606,3518,23,2.8786024130307712,2.8757011890411377
global_species,150,substitution_1pct_N_3pct,cnn_property,property,606,3518,24,2.7892905382009654,2.848139524459839
global_species,150,substitution_1pct_N_3pct,tiny_transformer_onehot,onehot,606,3529,1,3.163642461483295,3.063672065734864
global_species,150,substitution_1pct_N_3pct,tiny_transformer_onehot,onehot,606,3529,2,3.0488572120666504,3.031001567840576
global_species,150,substitution_1pct_N_3pct,tiny_transformer_onehot,onehot,606,3529,3,3.0499930381774902,3.024873733520508
global_species,150,substitution_1pct_N_3pct,tiny_transformer_onehot,onehot,606,3529,4,3.0244535299447866,3.0142834186553955
global_species,150,substitution_1pct_N_3pct,tiny_transformer_onehot,onehot,606,3529,5,3.027088293662438,3.004679918289185
global_species,150,substitution_1pct_N_3pct,tiny_transformer_onehot,onehot,606,3529,6,3.0089558271261363,2.986390829086304
global_species,150,substitution_1pct_N_3pct,tiny_transformer_onehot,onehot,606,3529,7,2.9950296695415792,2.969547986984253
global_species,150,substitution_1pct_N_3pct,tiny_transformer_onehot,onehot,606,3529,8,2.9933385298802304,2.9584317207336426
global_species,150,substitution_1pct_N_3pct,tiny_transformer_onehot,onehot,606,3529,9,2.964026872928326,2.921938896179199
global_species,150,substitution_1pct_N_3pct,tiny_transformer_onehot,onehot,606,3529,10,2.933422932258019,2.897050380706787
global_species,150,substitution_1pct_N_3pct,tiny_transformer_onehot,onehot,606,3529,11,2.887829578839816,2.865963697433472
global_species,150,substitution_1pct_N_3pct,tiny_transformer_onehot,onehot,606,3529,12,2.8421571254730225,2.835299015045166
global_species,150,substitution_1pct_N_3pct,tiny_transformer_onehot,onehot,606,3529,13,2.7458577431165256,2.790804147720337
global_species,150,substitution_1pct_N_3pct,tiny_transformer_onehot,onehot,606,3529,14,2.7974052245800314,2.746840715408325
global_species,150,substitution_1pct_N_3pct,tiny_transformer_onehot,onehot,606,3529,15,2.706399660844069,2.720346450805664
global_species,150,substitution_1pct_N_3pct,tiny_transformer_onehot,onehot,606,3529,16,2.734965067643386,2.7011306285858154
global_species,150,substitution_1pct_N_3pct,tiny_transformer_onehot,onehot,606,3529,17,2.687654055081881,2.650014638900757
global_species,150,substitution_1pct_N_3pct,tiny_transformer_onehot,onehot,606,3529,18,2.652357303179228,2.624345064163208
global_species,150,substitution_1pct_N_3pct,tiny_transformer_onehot,onehot,606,3529,19,2.5975198929126444,2.6445796489715576
global_species,150,substitution_1pct_N_3pct,tiny_transformer_onehot,onehot,606,3529,20,2.5876679237072286,2.615275859832764
global_species,150,substitution_1pct_N_3pct,tiny_transformer_onehot,onehot,606,3529,21,2.615267350123479,2.593487501144409
global_species,150,substitution_1pct_N_3pct,tiny_transformer_onehot,onehot,606,3529,22,2.5847827104421763,2.653839349746704
global_species,150,substitution_1pct_N_3pct,tiny_transformer_onehot,onehot,606,3529,23,2.507791335766132,2.584805965423584
global_species,150,substitution_1pct_N_3pct,tiny_transformer_onehot,onehot,606,3529,24,2.516451597213745,2.582894325256348
global_species,150,substitution_1pct_N_3pct,tiny_transformer_property,property,606,3531,1,3.1264146658090444,3.057525157928467
global_species,150,substitution_1pct_N_3pct,tiny_transformer_property,property,606,3531,2,3.0591532633854794,3.044128179550171
global_species,150,substitution_1pct_N_3pct,tiny_transformer_property,property,606,3531,3,3.045834944798396,3.038254737854004
global_species,150,substitution_1pct_N_3pct,tiny_transformer_property,property,606,3531,4,3.042871511899508,3.0398309230804443
global_species,150,substitution_1pct_N_3pct,tiny_transformer_property,property,606,3531,5,3.039901935137235,3.0321602821350098
global_species,150,substitution_1pct_N_3pct,tiny_transformer_property,property,606,3531,6,3.0302517414093018,3.0175647735595703
global_species,150,substitution_1pct_N_3pct,tiny_transformer_property,property,606,3531,7,3.0272941405956564,2.9950740337371826
global_species,150,substitution_1pct_N_3pct,tiny_transformer_property,property,606,3531,8,3.003672177974994,2.986227512359619
global_species,150,substitution_1pct_N_3pct,tiny_transformer_property,property,606,3531,9,2.964012127656204,2.967036485671997
global_species,150,substitution_1pct_N_3pct,tiny_transformer_property,property,606,3531,10,2.955550010387714,2.9257500171661377
global_species,150,substitution_1pct_N_3pct,tiny_transformer_property,property,606,3531,11,2.9359482801877537,2.8799474239349365
global_species,150,substitution_1pct_N_3pct,tiny_transformer_property,property,606,3531,12,2.8956896708561826,2.8356704711914062
global_species,150,substitution_1pct_N_3pct,tiny_transformer_property,property,606,3531,13,2.7937443806574893,2.7819314002990723
global_species,150,substitution_1pct_N_3pct,tiny_transformer_property,property,606,3531,14,2.7591170897850623,2.743821144104004
global_species,150,substitution_1pct_N_3pct,tiny_transformer_property,property,606,3531,15,2.84012954051678,2.7158565521240234
global_species,150,substitution_1pct_N_3pct,tiny_transformer_property,property,606,3531,16,2.676766744026771,2.6871824264526367
global_species,150,substitution_1pct_N_3pct,tiny_transformer_property,property,606,3531,17,2.640189134157621,2.6469428539276123
global_species,150,substitution_1pct_N_3pct,tiny_transformer_property,property,606,3531,18,2.628033399581909,2.6305532455444336
global_species,150,substitution_1pct_N_3pct,tiny_transformer_property,property,606,3531,19,2.5174870674426737,2.6102092266082764
global_species,150,substitution_1pct_N_3pct,tiny_transformer_property,property,606,3531,20,2.5483585687784047,2.608954668045044
global_species,150,substitution_1pct_N_3pct,tiny_transformer_property,property,606,3531,21,2.524265197607188,2.595822095870972
global_species,150,substitution_1pct_N_3pct,tiny_transformer_property,property,606,3531,22,2.5043385212238016,2.6298868656158447
global_species,150,substitution_1pct_N_3pct,tiny_transformer_property,property,606,3531,23,2.507326676295354,2.668278217315674
global_species,150,substitution_1pct_N_3pct,tiny_transformer_property,property,606,3531,24,2.545914649963379,2.597973108291626
within_genus_species:Enterobacter,150,substitution_1pct_N_3pct,mlp_ckmer5,ckmer5_count_l2,606,3763,1,1.6285442511240642,1.623515248298645
within_genus_species:Enterobacter,150,substitution_1pct_N_3pct,mlp_ckmer5,ckmer5_count_l2,606,3763,2,1.3109509944915771,1.6212726831436155
within_genus_species:Enterobacter,150,substitution_1pct_N_3pct,mlp_ckmer5,ckmer5_count_l2,606,3763,3,1.085231602191925,1.6219686269760132
within_genus_species:Enterobacter,150,substitution_1pct_N_3pct,mlp_ckmer5,ckmer5_count_l2,606,3763,4,0.9071305394172668,1.6290991306304932
within_genus_species:Enterobacter,150,substitution_1pct_N_3pct,mlp_ckmer5,ckmer5_count_l2,606,3763,5,0.7552427450815836,1.640222668647766
within_genus_species:Enterobacter,150,substitution_1pct_N_3pct,mlp_ckmer5,ckmer5_count_l2,606,3763,6,0.6243988076845804,1.6541129350662231
within_genus_species:Enterobacter,150,substitution_1pct_N_3pct,mlp_ckmer5,ckmer5_count_l2,606,3763,7,0.5132766664028168,1.670653223991394
within_genus_species:Enterobacter,150,substitution_1pct_N_3pct,mlp_csp,cspaced_property_l2,606,3760,1,1.6172858079274497,1.6216819286346436
within_genus_species:Enterobacter,150,substitution_1pct_N_3pct,mlp_csp,cspaced_property_l2,606,3760,2,1.5506414572397869,1.6253886222839355
within_genus_species:Enterobacter,150,substitution_1pct_N_3pct,mlp_csp,cspaced_property_l2,606,3760,3,1.497607707977295,1.6283038854599
within_genus_species:Enterobacter,150,substitution_1pct_N_3pct,mlp_csp,cspaced_property_l2,606,3760,4,1.4502032200495405,1.6296542882919312
within_genus_species:Enterobacter,150,substitution_1pct_N_3pct,mlp_csp,cspaced_property_l2,606,3760,5,1.4018032550811768,1.6307541131973269
within_genus_species:Enterobacter,150,substitution_1pct_N_3pct,mlp_csp,cspaced_property_l2,606,3760,6,1.359905481338501,1.633033275604248
within_genus_species:Enterobacter,150,substitution_1pct_N_3pct,mlp_hybrid,hybrid_ckmer5_csp,606,3763,1,1.6374270121256511,1.6364821195602417
within_genus_species:Enterobacter,150,substitution_1pct_N_3pct,mlp_hybrid,hybrid_ckmer5_csp,606,3763,2,1.252081076304118,1.631884217262268
within_genus_species:Enterobacter,150,substitution_1pct_N_3pct,mlp_hybrid,hybrid_ckmer5_csp,606,3763,3,0.9953115582466124,1.6356395483016968
within_genus_species:Enterobacter,150,substitution_1pct_N_3pct,mlp_hybrid,hybrid_ckmer5_csp,606,3763,4,0.8021561503410339,1.6433868408203125
within_genus_species:Enterobacter,150,substitution_1pct_N_3pct,mlp_hybrid,hybrid_ckmer5_csp,606,3763,5,0.6415181557337443,1.655968189239502
within_genus_species:Enterobacter,150,substitution_1pct_N_3pct,mlp_hybrid,hybrid_ckmer5_csp,606,3763,6,0.510658452908198,1.67170512676239
within_genus_species:Enterobacter,150,substitution_1pct_N_3pct,mlp_hybrid,hybrid_ckmer5_csp,606,3763,7,0.4035166005293528,1.693026065826416
within_genus_species:Enterobacter,150,substitution_1pct_N_3pct,cnn_onehot,onehot,606,3763,1,1.6127947568893433,1.60939359664917
within_genus_species:Enterobacter,150,substitution_1pct_N_3pct,cnn_onehot,onehot,606,3763,2,1.6025595664978027,1.6074682474136353
within_genus_species:Enterobacter,150,substitution_1pct_N_3pct,cnn_onehot,onehot,606,3763,3,1.595024545987447,1.606949806213379
within_genus_species:Enterobacter,150,substitution_1pct_N_3pct,cnn_onehot,onehot,606,3763,4,1.589500864346822,1.6069778203964231
within_genus_species:Enterobacter,150,substitution_1pct_N_3pct,cnn_onehot,onehot,606,3763,5,1.5862114429473877,1.606550693511963
within_genus_species:Enterobacter,150,substitution_1pct_N_3pct,cnn_onehot,onehot,606,3763,6,1.5802537202835083,1.6068339347839355
within_genus_species:Enterobacter,150,substitution_1pct_N_3pct,cnn_onehot,onehot,606,3763,7,1.5764976739883425,1.6071988344192505
within_genus_species:Enterobacter,150,substitution_1pct_N_3pct,cnn_onehot,onehot,606,3763,8,1.572911500930786,1.607674241065979
within_genus_species:Enterobacter,150,substitution_1pct_N_3pct,cnn_onehot,onehot,606,3763,9,1.5684916178385415,1.607883334159851
within_genus_species:Enterobacter,150,substitution_1pct_N_3pct,cnn_onehot,onehot,606,3763,10,1.565528074900309,1.6078978776931765
within_genus_species:Enterobacter,150,substitution_1pct_N_3pct,cnn_property,property,606,3765,1,1.618707299232483,1.6100422143936155
within_genus_species:Enterobacter,150,substitution_1pct_N_3pct,cnn_property,property,606,3765,2,1.6102017561594646,1.6079953908920288
within_genus_species:Enterobacter,150,substitution_1pct_N_3pct,cnn_property,property,606,3765,3,1.6021542151769002,1.6073747873306274
within_genus_species:Enterobacter,150,substitution_1pct_N_3pct,cnn_property,property,606,3765,4,1.5980687141418457,1.607092022895813
within_genus_species:Enterobacter,150,substitution_1pct_N_3pct,cnn_property,property,606,3765,5,1.5949725707372029,1.6070173978805542
within_genus_species:Enterobacter,150,substitution_1pct_N_3pct,cnn_property,property,606,3765,6,1.591436227162679,1.606422781944275
within_genus_species:Enterobacter,150,substitution_1pct_N_3pct,cnn_property,property,606,3765,7,1.5880295038223269,1.6060835123062134
within_genus_species:Enterobacter,150,substitution_1pct_N_3pct,cnn_property,property,606,3765,8,1.586229642232259,1.6057101488113403
within_genus_species:Enterobacter,150,substitution_1pct_N_3pct,cnn_property,property,606,3765,9,1.5830610593159993,1.605829834938049
within_genus_species:Enterobacter,150,substitution_1pct_N_3pct,cnn_property,property,606,3765,10,1.579525629679362,1.6061047315597534
within_genus_species:Enterobacter,150,substitution_1pct_N_3pct,cnn_property,property,606,3765,11,1.577041705449422,1.606362223625183
within_genus_species:Enterobacter,150,substitution_1pct_N_3pct,cnn_property,property,606,3765,12,1.5741442044576008,1.606243133544922
within_genus_species:Enterobacter,150,substitution_1pct_N_3pct,cnn_property,property,606,3765,13,1.5708128213882446,1.6060761213302612
within_genus_species:Enterobacter,150,substitution_1pct_N_3pct,tiny_transformer_onehot,onehot,606,3776,1,2.030515591303508,1.854614019393921
within_genus_species:Enterobacter,150,substitution_1pct_N_3pct,tiny_transformer_onehot,onehot,606,3776,2,1.8329599301020305,1.716506838798523
within_genus_species:Enterobacter,150,substitution_1pct_N_3pct,tiny_transformer_onehot,onehot,606,3776,3,1.6942534844080608,1.6409345865249634
within_genus_species:Enterobacter,150,substitution_1pct_N_3pct,tiny_transformer_onehot,onehot,606,3776,4,1.638364275296529,1.6248196363449097
within_genus_species:Enterobacter,150,substitution_1pct_N_3pct,tiny_transformer_onehot,onehot,606,3776,5,1.6191279888153076,1.6412508487701416
within_genus_species:Enterobacter,150,substitution_1pct_N_3pct,tiny_transformer_onehot,onehot,606,3776,6,1.6540342966715496,1.6600614786148071
within_genus_species:Enterobacter,150,substitution_1pct_N_3pct,tiny_transformer_onehot,onehot,606,3776,7,1.6448953946431475,1.6519299745559692
within_genus_species:Enterobacter,150,substitution_1pct_N_3pct,tiny_transformer_onehot,onehot,606,3776,8,1.6366297006607056,1.638219118118286
within_genus_species:Enterobacter,150,substitution_1pct_N_3pct,tiny_transformer_onehot,onehot,606,3776,9,1.6231292883555095,1.6249083280563354
within_genus_species:Enterobacter,150,substitution_1pct_N_3pct,tiny_transformer_property,property,606,3778,1,1.6986732085545857,1.6388139724731445
within_genus_species:Enterobacter,150,substitution_1pct_N_3pct,tiny_transformer_property,property,606,3778,2,1.6329111655553181,1.6122956275939941
within_genus_species:Enterobacter,150,substitution_1pct_N_3pct,tiny_transformer_property,property,606,3778,3,1.6259108781814575,1.6140867471694946
within_genus_species:Enterobacter,150,substitution_1pct_N_3pct,tiny_transformer_property,property,606,3778,4,1.6215296983718872,1.614548921585083
within_genus_species:Enterobacter,150,substitution_1pct_N_3pct,tiny_transformer_property,property,606,3778,5,1.62061341603597,1.6107257604599
within_genus_species:Enterobacter,150,substitution_1pct_N_3pct,tiny_transformer_property,property,606,3778,6,1.6178186337153118,1.6089072227478027
within_genus_species:Enterobacter,150,substitution_1pct_N_3pct,tiny_transformer_property,property,606,3778,7,1.6122945547103882,1.6080336570739746
within_genus_species:Enterobacter,150,substitution_1pct_N_3pct,tiny_transformer_property,property,606,3778,8,1.608147104581197,1.6086608171463013
within_genus_species:Enterobacter,150,substitution_1pct_N_3pct,tiny_transformer_property,property,606,3778,9,1.6089330911636353,1.609572172164917
within_genus_species:Enterobacter,150,substitution_1pct_N_3pct,tiny_transformer_property,property,606,3778,10,1.6121066808700562,1.6091394424438477
within_genus_species:Enterobacter,150,substitution_1pct_N_3pct,tiny_transformer_property,property,606,3778,11,1.6086663007736206,1.608399748802185
within_genus_species:Enterobacter,150,substitution_1pct_N_3pct,tiny_transformer_property,property,606,3778,12,1.6100732882817586,1.6071053743362427
within_genus_species:Enterobacter,150,substitution_1pct_N_3pct,tiny_transformer_property,property,606,3778,13,1.6099804242451985,1.6063311100006104
within_genus_species:Enterobacter,150,substitution_1pct_N_3pct,tiny_transformer_property,property,606,3778,14,1.6094118356704712,1.6035181283950806
within_genus_species:Enterobacter,150,substitution_1pct_N_3pct,tiny_transformer_property,property,606,3778,15,1.606479565302531,1.6029607057571411
within_genus_species:Enterobacter,150,substitution_1pct_N_3pct,tiny_transformer_property,property,606,3778,16,1.6068106492360432,1.6022164821624756
within_genus_species:Enterobacter,150,substitution_1pct_N_3pct,tiny_transformer_property,property,606,3778,17,1.609588384628296,1.603639006614685
within_genus_species:Enterobacter,150,substitution_1pct_N_3pct,tiny_transformer_property,property,606,3778,18,1.6064327160517375,1.6039202213287354
within_genus_species:Enterobacter,150,substitution_1pct_N_3pct,tiny_transformer_property,property,606,3778,19,1.6045177777608235,1.601017713546753
within_genus_species:Enterobacter,150,substitution_1pct_N_3pct,tiny_transformer_property,property,606,3778,20,1.6027030150095622,1.6002339124679565
within_genus_species:Enterobacter,150,substitution_1pct_N_3pct,tiny_transformer_property,property,606,3778,21,1.6019729773203533,1.5994166135787964
within_genus_species:Enterobacter,150,substitution_1pct_N_3pct,tiny_transformer_property,property,606,3778,22,1.6057587464650471,1.5999332666397095
within_genus_species:Enterobacter,150,substitution_1pct_N_3pct,tiny_transformer_property,property,606,3778,23,1.602933367093404,1.5994906425476074
within_genus_species:Enterobacter,150,substitution_1pct_N_3pct,tiny_transformer_property,property,606,3778,24,1.6005502144495647,1.5991973876953125
