target_label,representation,representation_label,n_features,c_value,length,condition,n_test_sources,accuracy,balanced_accuracy,mcc,macro_f1,auroc,auprc,macro_f1_ci_low,macro_f1_ci_high,baseline_macro_f1,delta_macro_f1,label_retention_ratio
tax_434085,ck4,CK4,136,0.1,69,N_3pct,2400,0.7154166666666667,0.7154166666666667,0.43230704011484755,0.7149316049757583,0.8015034722222222,0.7776048183026254,,,0.7533892836339003,-0.03845767865814209,0.9489537753010698
tax_434085,ck4,CK4,136,0.1,69,clean,2400,0.7216666666666667,0.7216666666666667,0.44351138961930425,0.7216107954999302,0.8089597222222221,0.7833640526481562,,,0.7533892836339003,-0.031778488133970106,0.9578192989676072
tax_434085,ck4,CK4,136,0.1,69,substitution_1pct,2400,0.7220833333333333,0.7220833333333334,0.44453742348369135,0.7219674381630259,0.8035916666666667,0.7755715721192253,,,0.7533892836339003,-0.031421845470874454,0.9582926832734942
tax_434085,ck4,CK4,136,0.1,75,N_3pct,2400,0.7233333333333334,0.7233333333333334,0.4467417504093718,0.7233100836945326,0.8071159722222222,0.779478325970318,,,0.7533892836339003,-0.030079199939367696,0.9600748237428018
tax_434085,ck4,CK4,136,0.1,75,clean,2400,0.7241666666666666,0.7241666666666666,0.4483389376050803,0.7241649426975585,0.8163680555555556,0.7909354596166966,,,0.7533892836339003,-0.029224340936341853,0.9612095080575329
tax_434085,ck4,CK4,136,0.1,75,substitution_1pct,2400,0.7258333333333333,0.7258333333333333,0.4516723126058616,0.7258316197809569,0.8126284722222221,0.7889615134371326,,,0.7533892836339003,-0.027557663852943448,0.9634217469619136
tax_434085,ck4,CK4,136,0.1,100,N_3pct,2400,0.7479166666666667,0.7479166666666667,0.4975989682994891,0.7474694332793198,0.8284923611111111,0.8063757958289336,,,0.7533892836339003,-0.005919850354580536,0.9921423751529532
tax_434085,ck4,CK4,136,0.1,100,clean,2400,0.7545833333333334,0.7545833333333334,0.5141700694948865,0.7533892836339003,0.8383138888888888,0.814406534633537,,,0.7533892836339003,0.0,1.0
tax_434085,ck4,CK4,136,0.1,100,substitution_1pct,2400,0.7475,0.7475,0.49860295899070406,0.7465877157767965,0.8299590277777777,0.8026729883102535,,,0.7533892836339003,-0.006801567857103841,0.9909720406105366
tax_434085,ck4,CK4,136,1.0,69,N_3pct,2400,0.7079166666666666,0.7079166666666666,0.43371320430165594,0.7018986948145363,0.8170638888888889,0.7951372116928928,0.6826794858178848,0.7201675016769492,0.7776634113962102,-0.07576471658167394,0.9025738957608322
tax_434085,ck4,CK4,136,1.0,69,clean,2400,0.7216666666666667,0.7216666666666667,0.45112033772022125,0.7192646246109945,0.8258340277777778,0.8024627974199666,0.6999767211238601,0.7356696451960142,0.7776634113962102,-0.058398786785215706,0.924904803377123
tax_434085,ck4,CK4,136,1.0,69,substitution_1pct,2400,0.7220833333333333,0.7220833333333333,0.4520406358352615,0.7196630422619171,0.8198472222222223,0.7938689623147985,0.702787317208203,0.7388877310387963,0.7776634113962102,-0.05800036913429307,0.925417129976374
tax_434085,ck4,CK4,136,1.0,75,N_3pct,2400,0.7225,0.7225,0.4535572040108338,0.7198824571832345,0.8235513888888889,0.7982809964719191,0.7034834881588258,0.7376116686129394,0.7776634113962102,-0.05778095421297569,0.9256992763627181
tax_434085,ck4,CK4,136,1.0,75,clean,2400,0.74375,0.74375,0.49161833685766354,0.7426767027401618,0.8354041666666666,0.8120504101964087,0.7255382641303408,0.7591330305909991,0.7776634113962102,-0.03498670865604836,0.9550104734987679
tax_434085,ck4,CK4,136,1.0,75,substitution_1pct,2400,0.7391666666666666,0.7391666666666667,0.48320675453483836,0.7378513723368987,0.8312763888888889,0.8093151798357408,0.7201507218149383,0.752158424468847,0.7776634113962102,-0.03981203905931152,0.9488055648807839
tax_434085,ck4,CK4,136,1.0,100,N_3pct,2400,0.7633333333333333,0.7633333333333334,0.5266695926169755,0.7633326759240997,0.8542555555555555,0.8363502895787295,0.7457769952936172,0.7787516064059914,0.7776634113962102,-0.0143307354721105,0.9815720589883723
tax_434085,ck4,CK4,136,1.0,100,clean,2400,0.7779166666666667,0.7779166666666666,0.5571039346812018,0.7776634113962102,0.8656180555555556,0.8472471731044624,0.7611086239552828,0.793682189439202,0.7776634113962102,0.0,1.0
tax_434085,ck4,CK4,136,1.0,100,substitution_1pct,2400,0.7695833333333333,0.7695833333333333,0.5397338726788079,0.7694622609964434,0.8567756944444445,0.8364787154442687,0.751148769318195,0.7847422635306511,0.7776634113962102,-0.008201150399766766,0.98945411307825
tax_434085,ck4,CK4,136,10.0,69,N_3pct,2400,0.66625,0.66625,0.381224130168718,0.6450144042090094,0.8144645833333333,0.7913490314663496,,,0.7865332499478841,-0.14151884573887474,0.8200726469627929
tax_434085,ck4,CK4,136,10.0,69,clean,2400,0.6929166666666666,0.6929166666666666,0.4125755213219086,0.6829752436428811,0.8237770833333334,0.7988746501573931,,,0.7865332499478841,-0.103558006305003,0.8683361366962365
tax_434085,ck4,CK4,136,10.0,69,substitution_1pct,2400,0.6945833333333333,0.6945833333333333,0.4158599636338625,0.6847916824566468,0.8188166666666666,0.7904851472837698,,,0.7865332499478841,-0.1017415674912373,0.8706455607592194
tax_434085,ck4,CK4,136,10.0,75,N_3pct,2400,0.6895833333333333,0.6895833333333333,0.41161539480887377,0.6773676083935667,0.82124375,0.7941096006662008,,,0.7865332499478841,-0.1091656415543174,0.8612065776474793
tax_434085,ck4,CK4,136,10.0,75,clean,2400,0.7258333333333333,0.7258333333333333,0.4690884609836389,0.7207438907421082,0.8345333333333332,0.8098507142027613,,,0.7865332499478841,-0.06578935920577589,0.9163552726980899
tax_434085,ck4,CK4,136,10.0,75,substitution_1pct,2400,0.72125,0.72125,0.4599047347634346,0.7159773864506567,0.8303756944444445,0.8049859752894128,,,0.7865332499478841,-0.07055586349722742,0.9102951292880467
tax_434085,ck4,CK4,136,10.0,100,N_3pct,2400,0.7679166666666667,0.7679166666666667,0.537247146275963,0.7676112933818763,0.855823611111111,0.8360370689439351,,,0.7865332499478841,-0.018921956566007814,0.9759425853042302
tax_434085,ck4,CK4,136,10.0,100,clean,2400,0.7866666666666666,0.7866666666666666,0.5740513465556167,0.7865332499478841,0.8678479166666668,0.8487322105577003,,,0.7865332499478841,0.0,1.0
tax_434085,ck4,CK4,136,10.0,100,substitution_1pct,2400,0.7775,0.7775,0.5553734599476656,0.7774251901333504,0.8584979166666666,0.8394351619060766,,,0.7865332499478841,-0.009108059814533664,0.9884199939225238
tax_434085,ck4_p,CK4+P,147,0.1,69,N_3pct,2400,0.7058333333333333,0.7058333333333333,0.4116666666666667,0.7058333333333333,0.7896347222222224,0.7613577599424328,,,0.7370366636421682,-0.03120333030883493,0.9576638017508663
tax_434085,ck4_p,CK4+P,147,0.1,69,clean,2400,0.7179166666666666,0.7179166666666666,0.43604065333288083,0.7178496069638773,0.7956763888888888,0.7660360424329246,,,0.7370366636421682,-0.019187056678290904,0.9739672968458918
tax_434085,ck4_p,CK4+P,147,0.1,69,substitution_1pct,2400,0.7120833333333333,0.7120833333333334,0.42430827371686997,0.7120352892209968,0.790838888888889,0.7583086939043315,,,0.7370366636421682,-0.02500137442117145,0.9660785200323364
tax_434085,ck4_p,CK4+P,147,0.1,75,N_3pct,2400,0.7095833333333333,0.7095833333333333,0.41982154511737363,0.7093568233993472,0.7944131944444445,0.7618428053927159,,,0.7370366636421682,-0.027679840242820997,0.9624444188352351
tax_434085,ck4_p,CK4+P,147,0.1,75,clean,2400,0.7195833333333334,0.7195833333333332,0.43966294151066393,0.7194250715377476,0.8021256944444443,0.771805687475251,,,0.7370366636421682,-0.017611592104420648,0.9761048629285407
tax_434085,ck4_p,CK4+P,147,0.1,75,substitution_1pct,2400,0.7170833333333333,0.7170833333333333,0.43444567641773135,0.7169924859559953,0.7990125,0.7707799143326719,,,0.7370366636421682,-0.020044177686172948,0.9728043682560894
tax_434085,ck4_p,CK4+P,147,0.1,100,N_3pct,2400,0.7375,0.7375,0.48106833173290653,0.7358444417267946,0.8106097222222222,0.7835299381429455,,,0.7370366636421682,-0.0011922219153736036,0.9983824116571324
tax_434085,ck4_p,CK4+P,147,0.1,100,clean,2400,0.7391666666666666,0.7391666666666667,0.48627586661867545,0.7370366636421682,0.8193784722222222,0.7901597528564906,,,0.7370366636421682,0.0,1.0
tax_434085,ck4_p,CK4+P,147,0.1,100,substitution_1pct,2400,0.7325,0.7324999999999999,0.47159607413851223,0.7306293706293706,0.8110555555555555,0.778571479193848,,,0.7370366636421682,-0.006407293012797632,0.9913066834679091
tax_434085,ck4_p,CK4+P,147,1.0,69,N_3pct,2400,0.71625,0.71625,0.4401671482148231,0.7137789082164402,0.8165270833333333,0.7950011166640046,0.6959133928676049,0.7300761322742206,0.7700714145250394,-0.056292506308599166,0.9268996287268773
tax_434085,ck4_p,CK4+P,147,1.0,69,clean,2400,0.7308333333333333,0.7308333333333333,0.46603947233408777,0.7295705781719641,0.8251722222222223,0.8024793569029349,0.7138450320848142,0.7466666745074125,0.7700714145250394,-0.04050083635307522,0.947406389083985
tax_434085,ck4_p,CK4+P,147,1.0,69,substitution_1pct,2400,0.72875,0.72875,0.46244390802664215,0.727300098178248,0.8193409722222222,0.7942012070558067,0.709981707618836,0.742514698695746,0.7700714145250394,-0.04277131634679132,0.944457987220352
tax_434085,ck4_p,CK4+P,147,1.0,75,N_3pct,2400,0.7270833333333333,0.7270833333333333,0.45706826182344984,0.7262170670219574,0.8227666666666666,0.7978867035359469,0.7085640104049842,0.7425469324190573,0.7700714145250394,-0.043854347503081925,0.9430515836896372
tax_434085,ck4_p,CK4+P,147,1.0,75,clean,2400,0.7433333333333333,0.7433333333333334,0.488297728069561,0.7429046625658476,0.8339631944444444,0.8110854342690785,0.7284474253613844,0.7624078596923421,0.7700714145250394,-0.027166751959191715,0.9647217758680895
tax_434085,ck4_p,CK4+P,147,1.0,75,substitution_1pct,2400,0.7395833333333334,0.7395833333333333,0.4813822795768519,0.7389840388739772,0.8299208333333333,0.809046443649568,0.7220401184467312,0.7558678657349462,0.7700714145250394,-0.03108737565106212,0.9596305289812166
tax_434085,ck4_p,CK4+P,147,1.0,100,N_3pct,2400,0.76875,0.76875,0.5383907641137214,0.7685586992998901,0.8514236111111112,0.8333632620227907,0.7536069057483618,0.7861797733884318,0.7700714145250394,-0.001512715225149286,0.9980356169614707
tax_434085,ck4_p,CK4+P,147,1.0,100,clean,2400,0.7704166666666666,0.7704166666666667,0.5424648767203145,0.7700714145250394,0.8625020833333333,0.843929696359579,0.7542469514253136,0.787006691579955,0.7700714145250394,0.0,1.0
tax_434085,ck4_p,CK4+P,147,1.0,100,substitution_1pct,2400,0.76625,0.7662500000000001,0.5333824779359193,0.7660566311842132,0.8540208333333332,0.8327453978306805,0.7491525737283745,0.7819558124085815,0.7700714145250394,-0.004014783340826167,0.9947864791951765
tax_434085,ck4_p,CK4+P,147,10.0,69,N_3pct,2400,0.7070833333333333,0.7070833333333333,0.4394276021060413,0.6986711849319875,0.8182993055555555,0.7955572718943689,,,0.7861207441511093,-0.08744955921912179,0.888758107619264
tax_434085,ck4_p,CK4+P,147,10.0,69,clean,2400,0.7079166666666666,0.7079166666666667,0.43439105452833554,0.7016804942060515,0.8275756944444443,0.8030147753338258,,,0.7861207441511093,-0.08444024994505783,0.8925861573132249
tax_434085,ck4_p,CK4+P,147,10.0,69,substitution_1pct,2400,0.7054166666666667,0.7054166666666666,0.43031731917581867,0.6987510632393741,0.8222444444444444,0.794478760961151,,,0.7861207441511093,-0.08736968091173525,0.8888597183552494
tax_434085,ck4_p,CK4+P,147,10.0,75,N_3pct,2400,0.71625,0.71625,0.44468599890687094,0.712362853626588,0.8246041666666667,0.7975552665255543,,,0.7861207441511093,-0.07375789052452131,0.9061748579040888
tax_434085,ck4_p,CK4+P,147,10.0,75,clean,2400,0.73375,0.73375,0.4800888512250186,0.7302598148860491,0.8379416666666667,0.8132031008970902,,,0.7861207441511093,-0.055860929265060255,0.9289410314119346
tax_434085,ck4_p,CK4+P,147,10.0,75,substitution_1pct,2400,0.7279166666666667,0.7279166666666667,0.4686767657072416,0.7241893442263758,0.8337444444444446,0.8089428997974042,,,0.7861207441511093,-0.06193139992473351,0.9212189725490453
tax_434085,ck4_p,CK4+P,147,10.0,100,N_3pct,2400,0.77375,0.77375,0.5478198451625272,0.7736839518616457,0.8579888888888889,0.838071085368415,,,0.7861207441511093,-0.012436792289463594,0.98417953936212
tax_434085,ck4_p,CK4+P,147,10.0,100,clean,2400,0.78625,0.78625,0.5731932267060075,0.7861207441511093,0.8700930555555555,0.8507358243951791,,,0.7861207441511093,0.0,1.0
tax_434085,ck4_p,CK4+P,147,10.0,100,substitution_1pct,2400,0.78,0.78,0.5603433154532916,0.7799326043600853,0.8608374999999999,0.841288680121275,,,0.7861207441511093,-0.006188139791024061,0.9921282578572502
tax_434085,ck4_msp,CK4+MSP,211,0.1,69,N_3pct,2400,0.7045833333333333,0.7045833333333333,0.409270276320117,0.7045459399288556,0.7890916666666666,0.7609208650635269,,,0.7370366636421682,-0.03249072371331263,0.9559170861965601
tax_434085,ck4_msp,CK4+MSP,211,0.1,69,clean,2400,0.7166666666666667,0.7166666666666667,0.43346881350964134,0.7166223889149346,0.7951604166666666,0.7656074759771665,,,0.7370366636421682,-0.020414274727233672,0.9723022262876941
tax_434085,ck4_msp,CK4+MSP,211,0.1,69,substitution_1pct,2400,0.7108333333333333,0.7108333333333333,0.42176567606462656,0.7107993924286948,0.7902513888888888,0.7580128814209494,,,0.7370366636421682,-0.026237271213473412,0.9644016742887412
tax_434085,ck4_msp,CK4+MSP,211,0.1,75,N_3pct,2400,0.70875,0.70875,0.41767769584697073,0.7086880456347053,0.7939472222222221,0.7614532971020632,,,0.7370366636421682,-0.02834861800746291,0.9615370314586872
tax_434085,ck4_msp,CK4+MSP,211,0.1,75,clean,2400,0.71875,0.71875,0.4379943914480049,0.7185912678870425,0.801713888888889,0.7714724940454311,,,0.7370366636421682,-0.018445395755125715,0.9749735709700312
tax_434085,ck4_msp,CK4+MSP,211,0.1,75,substitution_1pct,2400,0.715,0.7150000000000001,0.4302390881474702,0.7149208113364824,0.7985284722222222,0.7703016517839176,,,0.7370366636421682,-0.0221158523056858,0.9699935520216901
tax_434085,ck4_msp,CK4+MSP,211,0.1,100,N_3pct,2400,0.7325,0.7324999999999999,0.46857744818586977,0.7314788738285313,0.8103111111111112,0.7831569623886205,,,0.7370366636421682,-0.005557789813636971,0.9924592763320994
tax_434085,ck4_msp,CK4+MSP,211,0.1,100,clean,2400,0.7391666666666666,0.7391666666666667,0.48627586661867545,0.7370366636421682,0.8190680555555556,0.7899183955971842,,,0.7370366636421682,0.0,1.0
tax_434085,ck4_msp,CK4+MSP,211,0.1,100,substitution_1pct,2400,0.7320833333333333,0.7320833333333333,0.47068385221307446,0.7302286081792546,0.8108027777777778,0.7784650335874418,,,0.7370366636421682,-0.006808055462913631,0.9907629351445413
tax_434085,ck4_msp,CK4+MSP,211,1.0,69,N_3pct,2400,0.7104166666666667,0.7104166666666667,0.4325141098370072,0.7065070449746282,0.8155756944444443,0.7941633638618117,0.6881008680284489,0.7222176812256084,0.7696615304155272,-0.06315448544089897,0.9179451188020233
tax_434085,ck4_msp,CK4+MSP,211,1.0,69,clean,2400,0.7295833333333334,0.7295833333333334,0.46378910484490415,0.7282357886038742,0.8240013888888889,0.8012940949072085,0.712546759583535,0.745178544957572,0.7696615304155272,-0.04142574181165304,0.9461766761432289
tax_434085,ck4_msp,CK4+MSP,211,1.0,69,substitution_1pct,2400,0.7254166666666667,0.7254166666666667,0.4559342952870007,0.7238807051516953,0.8181097222222222,0.7929869988219536,0.7060786761335637,0.7426624298801904,0.7696615304155272,-0.04578082526383187,0.9405182363225097
tax_434085,ck4_msp,CK4+MSP,211,1.0,75,N_3pct,2400,0.7229166666666667,0.7229166666666667,0.45043006130921337,0.7215028585218817,0.821620138888889,0.7969571751901232,0.7022324891551913,0.7406460573625727,0.7696615304155272,-0.04815867189364553,0.9374287657749433
tax_434085,ck4_msp,CK4+MSP,211,1.0,75,clean,2400,0.7429166666666667,0.7429166666666667,0.48770391215631437,0.7424236494331599,0.8328874999999999,0.8102257161721167,0.7255001216509147,0.7598866569676389,0.7696615304155272,-0.027237880982367346,0.9646105724321936
tax_434085,ck4_msp,CK4+MSP,211,1.0,75,substitution_1pct,2400,0.7375,0.7375,0.4774740218176547,0.7368199354025228,0.8288312499999999,0.8078521812792792,0.7193787245477182,0.7534494558375082,0.7696615304155272,-0.03284159501300443,0.9573298213368234
tax_434085,ck4_msp,CK4+MSP,211,1.0,100,N_3pct,2400,0.7616666666666667,0.7616666666666667,0.5234213045841147,0.7616466383633624,0.8509416666666667,0.8329291974697037,0.7453818656792252,0.7787689775371136,0.7696615304155272,-0.008014892052164768,0.9895864717990548
tax_434085,ck4_msp,CK4+MSP,211,1.0,100,clean,2400,0.77,0.77,0.5415940304697443,0.7696615304155272,0.8619354166666666,0.8435257718945912,0.752420553277958,0.7856305213887012,0.7696615304155272,0.0,1.0
tax_434085,ck4_msp,CK4+MSP,211,1.0,100,substitution_1pct,2400,0.7645833333333333,0.7645833333333334,0.5299446739566622,0.7644105268187169,0.8535479166666666,0.8323848166450356,0.7467273136783261,0.7801638260164896,0.7696615304155272,-0.0052510035968103,0.9931775158439121
tax_434085,ck4_msp,CK4+MSP,211,10.0,69,N_3pct,2400,0.67625,0.67625,0.39380371170259426,0.6593210353001356,0.8157277777777777,0.7937240346526211,,,0.7844617562927423,-0.12514072099260665,0.8404756892369051
tax_434085,ck4_msp,CK4+MSP,211,10.0,69,clean,2400,0.7025,0.7025,0.4259855132328269,0.6951766182535413,0.8244215277777778,0.80018351625839,,,0.7844617562927423,-0.08928513803920102,0.8861829307509518
tax_434085,ck4_msp,CK4+MSP,211,10.0,69,substitution_1pct,2400,0.7,0.7,0.4214556003531379,0.6923688241439201,0.8193131944444445,0.7911660402731484,,,0.7844617562927423,-0.09209293214882219,0.8826036688084826
tax_434085,ck4_msp,CK4+MSP,211,10.0,75,N_3pct,2400,0.6966666666666667,0.6966666666666667,0.4193371015884954,0.6872708944281525,0.8218513888888889,0.7945953839263526,,,0.7844617562927423,-0.0971908618645898,0.8761050349683069
tax_434085,ck4_msp,CK4+MSP,211,10.0,75,clean,2400,0.7291666666666666,0.7291666666666667,0.4725364928640531,0.7250973437354619,0.8347541666666666,0.8098192001170406,,,0.7844617562927423,-0.05936441255728042,0.9243246568987271
tax_434085,ck4_msp,CK4+MSP,211,10.0,75,substitution_1pct,2400,0.7266666666666667,0.7266666666666667,0.46799339556065367,0.7223866006394418,0.8307784722222221,0.8056366152524748,,,0.7844617562927423,-0.06207515565330046,0.9208691116484007
tax_434085,ck4_msp,CK4+MSP,211,10.0,100,N_3pct,2400,0.7733333333333333,0.7733333333333333,0.5475991396840694,0.7731403450852288,0.8570208333333333,0.8377723498051693,,,0.7844617562927423,-0.01132141120751351,0.9855679246098409
tax_434085,ck4_msp,CK4+MSP,211,10.0,100,clean,2400,0.7845833333333333,0.7845833333333334,0.5698098463980711,0.7844617562927423,0.868957638888889,0.8502696778221885,,,0.7844617562927423,0.0,1.0
tax_434085,ck4_msp,CK4+MSP,211,10.0,100,substitution_1pct,2400,0.7779166666666667,0.7779166666666666,0.5562245663227658,0.7778385630364841,0.8598895833333333,0.8406409095772495,,,0.7844617562927423,-0.006623193256258153,0.99155702211978
tax_434085,ck4p_msp,CK4P-MSP,222,0.1,69,N_3pct,2400,0.7,0.7,0.4000800240080028,0.6999699969997,0.7795465277777778,0.7476197498285552,,,0.7262435561944767,-0.026273559194776697,0.9638226611848366
tax_434085,ck4p_msp,CK4P-MSP,222,0.1,69,clean,2400,0.7083333333333334,0.7083333333333334,0.41733726360196355,0.7080990016985858,0.7846256944444444,0.7508670162930628,,,0.7262435561944767,-0.01814455449589092,0.9750158822875227
tax_434085,ck4p_msp,CK4P-MSP,222,0.1,69,substitution_1pct,2400,0.7045833333333333,0.7045833333333333,0.40969634242686154,0.7043923687507155,0.7804041666666667,0.7440149726977016,,,0.7262435561944767,-0.021851187443761133,0.9699120394840244
tax_434085,ck4p_msp,CK4P-MSP,222,0.1,75,N_3pct,2400,0.7029166666666666,0.7029166666666666,0.4072215252145663,0.7024102991913845,0.7837368055555555,0.7465171783350841,,,0.7262435561944767,-0.023833257003092134,0.9671828317100964
tax_434085,ck4p_msp,CK4P-MSP,222,0.1,75,clean,2400,0.70875,0.70875,0.4193634638356053,0.7081029107756414,0.7907222222222223,0.7558822843333912,,,0.7262435561944767,-0.01814064541883531,0.9750212648854436
tax_434085,ck4p_msp,CK4P-MSP,222,0.1,75,substitution_1pct,2400,0.7070833333333333,0.7070833333333333,0.4154160920338927,0.706642839221602,0.7879138888888888,0.754876006851225,,,0.7262435561944767,-0.019600716972874688,0.9730108214996321
tax_434085,ck4p_msp,CK4P-MSP,222,0.1,100,N_3pct,2400,0.72625,0.72625,0.4598012761895394,0.7240766726670541,0.7965965277777778,0.7649202165604849,,,0.7262435561944767,-0.0021668835274225584,0.9970163129036531
tax_434085,ck4p_msp,CK4P-MSP,222,0.1,100,clean,2400,0.7291666666666666,0.7291666666666667,0.4684464308663183,0.7262435561944767,0.8048312500000001,0.7703716462968128,,,0.7262435561944767,0.0,1.0
tax_434085,ck4p_msp,CK4P-MSP,222,0.1,100,substitution_1pct,2400,0.7254166666666667,0.7254166666666666,0.4594259898430354,0.7228491236260082,0.7963506944444445,0.7597034163171267,,,0.7262435561944767,-0.0033944325684684973,0.9953260410512207
tax_434085,ck4p_msp,CK4P-MSP,222,1.0,69,N_3pct,2400,0.7220833333333333,0.7220833333333333,0.44919219849902287,0.7205287258515642,0.8144159722222223,0.792712770431288,0.7016109034454764,0.7369307030160938,0.7658831763309699,-0.04535445047940567,0.9407815031312216
tax_434085,ck4p_msp,CK4P-MSP,222,1.0,69,clean,2400,0.7316666666666667,0.7316666666666667,0.4656675210701016,0.7309941520467836,0.8226652777777778,0.799835889237886,0.7138245043982702,0.7491285885034585,0.7658831763309699,-0.034889024284186276,0.9544460234113965
tax_434085,ck4p_msp,CK4P-MSP,222,1.0,69,substitution_1pct,2400,0.7279166666666667,0.7279166666666667,0.45883336442737754,0.7270271828463268,0.8168562500000001,0.791501235222412,0.7092729982157191,0.7430802674882445,0.7658831763309699,-0.03885599348464308,0.9492664224969843
tax_434085,ck4p_msp,CK4P-MSP,222,1.0,75,N_3pct,2400,0.7270833333333333,0.7270833333333333,0.4560519360037308,0.726519231769558,0.8202680555555556,0.794879651112653,0.7039251935693951,0.7428546653330426,0.7658831763309699,-0.0393639445614119,0.9486031998378809
tax_434085,ck4p_msp,CK4P-MSP,222,1.0,75,clean,2400,0.7441666666666666,0.7441666666666666,0.4893682179476507,0.7438961569824794,0.8311923611111112,0.8081530294737639,0.724366091623806,0.7596545742320582,0.7658831763309699,-0.021987019348490566,0.971291941084512
tax_434085,ck4p_msp,CK4P-MSP,222,1.0,75,substitution_1pct,2400,0.7375,0.7375,0.47634160003570514,0.7371303395399781,0.8271305555555555,0.8060576169703795,0.7179008923047713,0.7543554606344883,0.7658831763309699,-0.02875283679099183,0.96245793395184
tax_434085,ck4p_msp,CK4P-MSP,222,1.0,100,N_3pct,2400,0.7620833333333333,0.7620833333333333,0.5252491021236981,0.7618381837832728,0.8482361111111111,0.829980505772328,0.7467823897299058,0.7753081883138212,0.7658831763309699,-0.004044992547697079,0.9947185253930306
tax_434085,ck4p_msp,CK4P-MSP,222,1.0,100,clean,2400,0.76625,0.76625,0.5341765697759018,0.7658831763309699,0.8589201388888891,0.839680977143804,0.7482482683229889,0.784204982517356,0.7658831763309699,0.0,1.0
tax_434085,ck4p_msp,CK4P-MSP,222,1.0,100,substitution_1pct,2400,0.76375,0.7637499999999999,0.5287058330632695,0.7634805896091016,0.8505534722222221,0.8283001444722224,0.7468303372957465,0.7829297844651807,0.7658831763309699,-0.0024025867218683272,0.9968629853793393
tax_434085,ck4p_msp,CK4P-MSP,222,10.0,69,N_3pct,2400,0.71,0.71,0.44278720905629065,0.7025429161621198,0.8182020833333333,0.7954615197519409,,,0.7865504552478572,-0.08400753908573733,0.8931949774801606
tax_434085,ck4p_msp,CK4P-MSP,222,10.0,69,clean,2400,0.71125,0.7112499999999999,0.43847911728067507,0.7059904446894524,0.8267534722222224,0.8020155843051053,,,0.7865504552478572,-0.08056001055840478,0.8975780764973065
tax_434085,ck4p_msp,CK4P-MSP,222,10.0,69,substitution_1pct,2400,0.7070833333333333,0.7070833333333333,0.43045697396878907,0.7015427543719157,0.8213819444444445,0.7933198040809444,,,0.7865504552478572,-0.08500770087594145,0.8919233975280659
tax_434085,ck4p_msp,CK4P-MSP,222,10.0,75,N_3pct,2400,0.7179166666666666,0.7179166666666666,0.4472145764893236,0.7143278608223904,0.8240159722222222,0.7963934223111605,,,0.7865504552478572,-0.07222259442546675,0.9081780527319026
tax_434085,ck4p_msp,CK4P-MSP,222,10.0,75,clean,2400,0.7379166666666667,0.7379166666666667,0.4859000836296543,0.7352020741802552,0.8368534722222222,0.8114853664245945,,,0.7865504552478572,-0.05134838106760198,0.9347169902133982
tax_434085,ck4p_msp,CK4P-MSP,222,10.0,75,substitution_1pct,2400,0.7333333333333333,0.7333333333333333,0.47748557456943846,0.7303126477047429,0.8326625,0.8073501039474539,,,0.7865504552478572,-0.05623780754311425,0.9285006992648772
tax_434085,ck4p_msp,CK4P-MSP,222,10.0,100,N_3pct,2400,0.77125,0.77125,0.5427308981963632,0.7712013405628801,0.857925,0.8384766275467616,,,0.7865504552478572,-0.015349114684977017,0.980485530734147
tax_434085,ck4p_msp,CK4P-MSP,222,10.0,100,clean,2400,0.7866666666666666,0.7866666666666666,0.573958651167651,0.7865504552478572,0.8696576388888888,0.850437292166348,,,0.7865504552478572,0.0,1.0
tax_434085,ck4p_msp,CK4P-MSP,222,10.0,100,substitution_1pct,2400,0.7783333333333333,0.7783333333333333,0.5570412481156766,0.7782588036534501,0.8605791666666667,0.8409126603663828,,,0.7865504552478572,-0.008291651594407035,0.9894582076215388
tax_434085,ck5,CK5,512,0.1,69,N_3pct,2400,0.72,0.72,0.44007396308982893,0.7199764702450693,0.8035618055555556,0.7760971600258548,,,0.7536753206130747,-0.03369885036800546,0.9552873108003679
tax_434085,ck5,CK5,512,0.1,69,clean,2400,0.73125,0.73125,0.4626351156099444,0.731210754903624,0.8117388888888889,0.7838775753480616,,,0.7536753206130747,-0.022464565709450768,0.9701933112375538
tax_434085,ck5,CK5,512,0.1,69,substitution_1pct,2400,0.7295833333333334,0.7295833333333334,0.45922423275672075,0.7295663842820704,0.8063354166666666,0.7744175145309313,,,0.7536753206130747,-0.024108936331004305,0.9680115088399167
tax_434085,ck5,CK5,512,0.1,75,N_3pct,2400,0.7279166666666667,0.7279166666666667,0.45605016706134954,0.7278519842650102,0.8100194444444444,0.7792645919868078,,,0.7536753206130747,-0.02582333634806455,0.9657367892489054
tax_434085,ck5,CK5,512,0.1,75,clean,2400,0.7370833333333333,0.7370833333333333,0.47509549550326674,0.7368263277940698,0.8187409722222222,0.7890404532231773,,,0.7536753206130747,-0.016848992819004982,0.9776442290755929
tax_434085,ck5,CK5,512,0.1,75,substitution_1pct,2400,0.7375,0.7375,0.4756770001654076,0.737313200498132,0.816138888888889,0.7875707395423712,,,0.7536753206130747,-0.016362120114942758,0.9782902270149525
tax_434085,ck5,CK5,512,0.1,100,N_3pct,2400,0.75375,0.7537499999999999,0.5114579808542239,0.7527971962768303,0.8279729166666666,0.8022047748590577,,,0.7536753206130747,-0.0008781243362444568,0.9988348771517022
tax_434085,ck5,CK5,512,0.1,100,clean,2400,0.755,0.755,0.5155754468789399,0.7536753206130747,0.8383465277777777,0.8112525997113311,,,0.7536753206130747,0.0,1.0
tax_434085,ck5,CK5,512,0.1,100,substitution_1pct,2400,0.7466666666666667,0.7466666666666666,0.4982402506688457,0.745419220848826,0.8299152777777777,0.8008274046980823,,,0.7536753206130747,-0.008256099764248792,0.9890455484763215
tax_434085,ck5,CK5,512,1.0,69,N_3pct,2400,0.7295833333333334,0.7295833333333333,0.46472249062802323,0.7279669564382114,0.8157361111111112,0.7892583916362331,0.7110015714202215,0.7502349197431143,0.779779167442908,-0.05181221100469657,0.9335552767143013
tax_434085,ck5,CK5,512,1.0,69,clean,2400,0.7333333333333333,0.7333333333333334,0.4692606353608485,0.7325963018904188,0.8251208333333333,0.7992071480912748,0.7158838629794873,0.7510494332915006,0.779779167442908,-0.047182865552489184,0.9394920157879908
tax_434085,ck5,CK5,512,1.0,69,substitution_1pct,2400,0.7308333333333333,0.7308333333333333,0.4641513698359124,0.7301128846726956,0.8193381944444444,0.7893405780664353,0.7160661138307401,0.7470402888786702,0.779779167442908,-0.049666282770212344,0.9363072458923459
tax_434085,ck5,CK5,512,1.0,75,N_3pct,2400,0.7379166666666667,0.7379166666666667,0.4786068194205878,0.737157297671972,0.8232326388888889,0.7942789915309943,0.7219138723743199,0.7575212100509481,0.779779167442908,-0.04262186977093596,0.9453411022627037
tax_434085,ck5,CK5,512,1.0,75,clean,2400,0.7483333333333333,0.7483333333333333,0.49788799020124225,0.7480246635461774,0.8334340277777779,0.8066118127724651,0.7313234078158298,0.7656684939341787,0.779779167442908,-0.031754503896730624,0.9592775682878761
tax_434085,ck5,CK5,512,1.0,75,substitution_1pct,2400,0.745,0.745,0.4913228936241285,0.7446567051257802,0.8293826388888887,0.8026451937399625,0.7277071768251149,0.7619308409307839,0.779779167442908,-0.03512246231712779,0.9549584500541312
tax_434085,ck5,CK5,512,1.0,100,N_3pct,2400,0.7683333333333333,0.7683333333333333,0.5367031935436425,0.7683254499632279,0.8481131944444444,0.8259974784202345,0.7527882793401659,0.7837365736426748,0.779779167442908,-0.011453717479680048,0.9853115882574298
tax_434085,ck5,CK5,512,1.0,100,clean,2400,0.78,0.78,0.5611265011370775,0.779779167442908,0.8610437500000001,0.8388340061598791,0.76139374667441,0.7943030342516428,0.779779167442908,0.0,1.0
tax_434085,ck5,CK5,512,1.0,100,substitution_1pct,2400,0.7708333333333334,0.7708333333333334,0.542300474125849,0.7706994154224793,0.8530430555555556,0.8285356100792934,0.7551930069777958,0.7848401125235756,0.779779167442908,-0.009079752020428655,0.988355995646558
tax_434085,ck5,CK5,512,10.0,69,N_3pct,2400,0.6945833333333333,0.6945833333333333,0.41188144272445815,0.6861682286005426,0.8008201388888889,0.773119313458945,,,0.7691435810247691,-0.08297535242422649,0.8921198142046843
tax_434085,ck5,CK5,512,10.0,69,clean,2400,0.7104166666666667,0.7104166666666667,0.43131982428645815,0.7068969364931061,0.809436111111111,0.784267053918023,,,0.7691435810247691,-0.062246644531662954,0.9190701891463118
tax_434085,ck5,CK5,512,10.0,69,substitution_1pct,2400,0.70375,0.70375,0.4184731697843745,0.6998665545915193,0.8041111111111111,0.7748173367462217,,,0.7691435810247691,-0.06927702643324984,0.9099296566436288
tax_434085,ck5,CK5,512,10.0,75,N_3pct,2400,0.7054166666666667,0.7054166666666667,0.42497615576719244,0.7005163128418457,0.8079229166666667,0.7801489012154241,,,0.7691435810247691,-0.06862726818292342,0.910774438120529
tax_434085,ck5,CK5,512,10.0,75,clean,2400,0.7229166666666667,0.7229166666666667,0.4519653204717365,0.7210371057355016,0.8180409722222223,0.7934736844418844,,,0.7691435810247691,-0.04810647528926748,0.9374544929242303
tax_434085,ck5,CK5,512,10.0,75,substitution_1pct,2400,0.7125,0.7125,0.43153200648074996,0.7103242129774753,0.8128916666666667,0.7865879647731435,,,0.7691435810247691,-0.05881936804729382,0.9235261536358065
tax_434085,ck5,CK5,512,10.0,100,N_3pct,2400,0.7495833333333334,0.7495833333333333,0.5006725133366231,0.749206751596277,0.8314173611111111,0.8123031757494786,,,0.7691435810247691,-0.019936829428492064,0.9740791837566541
tax_434085,ck5,CK5,512,10.0,100,clean,2400,0.7691666666666667,0.7691666666666667,0.5384410323107705,0.7691435810247691,0.8477729166666668,0.8288386918695284,,,0.7691435810247691,0.0,1.0
tax_434085,ck5,CK5,512,10.0,100,substitution_1pct,2400,0.765,0.765,0.5300184037363113,0.7649959200680567,0.8402402777777778,0.8190446806158871,,,0.7691435810247691,-0.0041476609567123734,0.9946074295371662
tax_434085,pseknc_k3_l3,PseKNC,67,0.1,69,N_3pct,2400,0.6895833333333333,0.6895833333333333,0.3818115199197108,0.6885081999171097,0.7556340277777778,0.7029437857622454,,,0.7225250987942929,-0.03401689887718329,0.9529194225446996
tax_434085,pseknc_k3_l3,PseKNC,67,0.1,69,clean,2400,0.6958333333333333,0.6958333333333333,0.39314593101740886,0.6952611014015206,0.7598951388888889,0.7034619326332114,,,0.7225250987942929,-0.0272639973927723,0.9622656743159942
tax_434085,pseknc_k3_l3,PseKNC,67,0.1,69,substitution_1pct,2400,0.69625,0.69625,0.3939538830293935,0.6956895086801367,0.7572965277777778,0.6989576704812497,,,0.7225250987942929,-0.02683559011415626,0.9628586049689652
tax_434085,pseknc_k3_l3,PseKNC,67,0.1,75,N_3pct,2400,0.6975,0.6975,0.39972696179423933,0.6957114595790814,0.7596777777777778,0.7021791535970812,,,0.7225250987942929,-0.026813639215211515,0.9628889857806233
tax_434085,pseknc_k3_l3,PseKNC,67,0.1,75,clean,2400,0.6954166666666667,0.6954166666666667,0.3931832085344494,0.6945064975702784,0.7640597222222222,0.7040270348178127,,,0.7225250987942929,-0.02801860122401456,0.9612212762286454
tax_434085,pseknc_k3_l3,PseKNC,67,0.1,75,substitution_1pct,2400,0.6975,0.6975,0.3969899370273888,0.6967418546365916,0.7612256944444444,0.7035616191788537,,,0.7225250987942929,-0.02578324415770139,0.9643150885682353
tax_434085,pseknc_k3_l3,PseKNC,67,0.1,100,N_3pct,2400,0.72125,0.72125,0.45534364290896795,0.7173195143374606,0.7677479166666665,0.7072230201801226,,,0.7225250987942929,-0.005205584456832391,0.9927952890971965
tax_434085,pseknc_k3_l3,PseKNC,67,0.1,100,clean,2400,0.7254166666666667,0.7254166666666666,0.4605339546625884,0.7225250987942929,0.7729743055555556,0.7095429626223613,,,0.7225250987942929,0.0,1.0
tax_434085,pseknc_k3_l3,PseKNC,67,0.1,100,substitution_1pct,2400,0.7183333333333334,0.7183333333333333,0.44506362341138,0.7156764880718716,0.7691652777777778,0.7055145479851344,,,0.7225250987942929,-0.006848610722421378,0.9905212832968018
tax_434085,pseknc_k3_l3,PseKNC,67,1.0,69,N_3pct,2400,0.7070833333333333,0.7070833333333333,0.414602372057755,0.7069294203987337,0.7951013888888889,0.7702537451484337,0.6891488338661238,0.7257946479761601,0.7608430595184619,-0.05391363911972813,0.9291396058027392
tax_434085,pseknc_k3_l3,PseKNC,67,1.0,69,clean,2400,0.715,0.7150000000000001,0.4310573874896661,0.7146504467973267,0.8034131944444444,0.7766752162108179,0.6934261097566734,0.732549683877178,0.7608430595184619,-0.04619261272113517,0.9392875940139738
tax_434085,pseknc_k3_l3,PseKNC,67,1.0,69,substitution_1pct,2400,0.7179166666666666,0.7179166666666666,0.4372055492845018,0.7174739935402258,0.7993131944444444,0.7704366185856425,0.7009471547649659,0.7346995254515324,0.7608430595184619,-0.04336906597823609,0.9429986704410704
tax_434085,pseknc_k3_l3,PseKNC,67,1.0,75,N_3pct,2400,0.7254166666666667,0.7254166666666666,0.45086855881554,0.7254059403362111,0.8029249999999999,0.7742015920365187,0.7074999949218715,0.7441365846273964,0.7608430595184619,-0.03543711918225079,0.9534238779746785
tax_434085,pseknc_k3_l3,PseKNC,67,1.0,75,clean,2400,0.72375,0.72375,0.4479707722233691,0.723604844558123,0.8103569444444445,0.7821713726384933,0.7064194815628226,0.7414586362091408,0.7608430595184619,-0.037238214960338856,0.9510566410582664
tax_434085,pseknc_k3_l3,PseKNC,67,1.0,75,substitution_1pct,2400,0.7216666666666667,0.7216666666666667,0.44378289121469927,0.7215256890467465,0.8052000000000001,0.7782807074197595,0.7048542700847277,0.7385006203604919,0.7608430595184619,-0.03931737047171535,0.9483239414753952
tax_434085,pseknc_k3_l3,PseKNC,67,1.0,100,N_3pct,2400,0.7554166666666666,0.7554166666666666,0.5157318749592001,0.7542551382184021,0.8271798611111111,0.8006857704245478,0.737783500616029,0.769520486990622,0.7608430595184619,-0.006587921300059807,0.9913412875130525
tax_434085,pseknc_k3_l3,PseKNC,67,1.0,100,clean,2400,0.76125,0.76125,0.524287261415879,0.7608430595184619,0.8353395833333334,0.8065835916465351,0.7449327474873344,0.7780345212626596,0.7608430595184619,0.0,1.0
tax_434085,pseknc_k3_l3,PseKNC,67,1.0,100,substitution_1pct,2400,0.755,0.755,0.5115719462716326,0.7546235857645514,0.8305673611111112,0.7973209520478888,0.7383825914342165,0.7744556865972826,0.7608430595184619,-0.0062194737539105205,0.9918255497292086
tax_434085,pseknc_k3_l3,PseKNC,67,10.0,69,N_3pct,2400,0.7070833333333333,0.7070833333333333,0.4233815587679146,0.703896051929809,0.807836111111111,0.7873055956859023,,,0.775230880941695,-0.07133482901188604,0.9079824723632867
tax_434085,pseknc_k3_l3,PseKNC,67,10.0,69,clean,2400,0.7145833333333333,0.7145833333333333,0.44144026524599345,0.7106163150789846,0.8173875,0.7955882753328898,,,0.775230880941695,-0.06461456586271042,0.9166511971450089
tax_434085,pseknc_k3_l3,PseKNC,67,10.0,69,substitution_1pct,2400,0.71625,0.71625,0.44468599890687094,0.712362853626588,0.8129729166666667,0.7877871010656969,,,0.775230880941695,-0.06286802731510699,0.9189041240994691
tax_434085,pseknc_k3_l3,PseKNC,67,10.0,75,N_3pct,2400,0.7275,0.7275,0.45920373537944764,0.7262527390422613,0.8163888888888889,0.7941627511377457,,,0.775230880941695,-0.048978141899433725,0.9368212191960947
tax_434085,pseknc_k3_l3,PseKNC,67,10.0,75,clean,2400,0.7320833333333333,0.7320833333333333,0.47068385221307446,0.7302286081792546,0.8243333333333334,0.8021633190666247,,,0.775230880941695,-0.0450022727624404,0.9419498450477426
tax_434085,pseknc_k3_l3,PseKNC,67,10.0,75,substitution_1pct,2400,0.7283333333333334,0.7283333333333333,0.4627539997906495,0.7265465810983014,0.8184659722222223,0.7978509589568821,,,0.775230880941695,-0.04868429984339362,0.9372002573165618
tax_434085,pseknc_k3_l3,PseKNC,67,10.0,100,N_3pct,2400,0.7675,0.7675,0.5386785671479701,0.7667061528813324,0.84345625,0.8217240479066157,,,0.775230880941695,-0.00852472806036264,0.9890036268292003
tax_434085,pseknc_k3_l3,PseKNC,67,10.0,100,clean,2400,0.7754166666666666,0.7754166666666666,0.5517461939211936,0.775230880941695,0.8518715277777779,0.8299038025572628,,,0.775230880941695,0.0,1.0
tax_434085,pseknc_k3_l3,PseKNC,67,10.0,100,substitution_1pct,2400,0.7745833333333333,0.7745833333333333,0.5497030797607663,0.7744733499374956,0.8464270833333333,0.8195845274909757,,,0.775230880941695,-0.0007575310041993966,0.9990228317488086
tax_434085,pseeiip,PseEIIP,64,0.1,69,N_3pct,2400,0.6908333333333333,0.6908333333333334,0.3824344308344963,0.6905229966716624,0.7736944444444445,0.7329180700278569,,,0.7282608695652174,-0.03773787289355501,0.9481808312506409
tax_434085,pseeiip,PseEIIP,64,0.1,69,clean,2400,0.70625,0.70625,0.4125173318214402,0.7062438290804374,0.7802201388888889,0.736811954329284,,,0.7282608695652174,-0.022017040484780037,0.9697676459014961
tax_434085,pseeiip,PseEIIP,64,0.1,69,substitution_1pct,2400,0.7041666666666667,0.7041666666666666,0.4083339004641445,0.7041664612267091,0.7778819444444445,0.7323088096716142,,,0.7282608695652174,-0.02409440833850829,0.9669151407889139
tax_434085,pseeiip,PseEIIP,64,0.1,75,N_3pct,2400,0.7041666666666667,0.7041666666666666,0.4083792785867402,0.7041500251055788,0.7794277777777778,0.7345852338281854,,,0.7282608695652174,-0.024110844459638625,0.9668925717867649
tax_434085,pseeiip,PseEIIP,64,0.1,75,clean,2400,0.7108333333333333,0.7108333333333334,0.421781500596353,0.7107939691791383,0.7861340277777777,0.7407324733328651,,,0.7282608695652174,-0.01746690038607912,0.9760155994698615
tax_434085,pseeiip,PseEIIP,64,0.1,75,substitution_1pct,2400,0.7075,0.7075,0.4150282459390279,0.7074900465363058,0.7824673611111111,0.7391886440452119,,,0.7282608695652174,-0.020770823028911645,0.9714788698707482
tax_434085,pseeiip,PseEIIP,64,0.1,100,N_3pct,2400,0.7233333333333334,0.7233333333333334,0.4505894771884424,0.7221290328430371,0.7939965277777778,0.748319552816499,,,0.7282608695652174,-0.006131836722180317,0.9915801645008867
tax_434085,pseeiip,PseEIIP,64,0.1,100,clean,2400,0.73,0.73,0.46600351662203693,0.7282608695652174,0.8012159722222222,0.7546995785954562,,,0.7282608695652174,0.0,1.0
tax_434085,pseeiip,PseEIIP,64,0.1,100,substitution_1pct,2400,0.7208333333333333,0.7208333333333333,0.4464950765454872,0.7193239197461907,0.7965513888888889,0.7478467174013728,,,0.7282608695652174,-0.008936949819026707,0.9877283674126798
tax_434085,pseeiip,PseEIIP,64,1.0,69,N_3pct,2400,0.6975,0.6975,0.40777365716130487,0.692763219610114,0.80020625,0.7774054895943177,0.6726872589382766,0.7098894757047091,0.7642735740767685,-0.07151035446665455,0.9064335639852025
tax_434085,pseeiip,PseEIIP,64,1.0,69,clean,2400,0.7158333333333333,0.7158333333333333,0.4385649692579314,0.7135986069077889,0.8097701388888888,0.7850466184920741,0.6993507012942485,0.7312652060100835,0.7642735740767685,-0.05067496716897968,0.9336952514285289
tax_434085,pseeiip,PseEIIP,64,1.0,69,substitution_1pct,2400,0.7170833333333333,0.7170833333333333,0.4418633607320286,0.7146194987943655,0.8062743055555555,0.7777409696100681,0.6956233628511634,0.732977166682698,0.7642735740767685,-0.049654075282403065,0.9350310190400284
tax_434085,pseeiip,PseEIIP,64,1.0,75,N_3pct,2400,0.7141666666666666,0.7141666666666666,0.4350467868086319,0.7119613709127172,0.8091875,0.7840246078950877,0.6942879419127415,0.7301727780321997,0.7642735740767685,-0.052312203164051385,0.9315530394633312
tax_434085,pseeiip,PseEIIP,64,1.0,75,clean,2400,0.7270833333333333,0.7270833333333333,0.4578055819659299,0.7259986972737045,0.817673611111111,0.7914021104981949,0.7072555341614669,0.7426719521512244,0.7642735740767685,-0.03827487680306407,0.9499199264487201
tax_434085,pseeiip,PseEIIP,64,1.0,75,substitution_1pct,2400,0.7258333333333333,0.7258333333333333,0.4553342295291179,0.7247291915349345,0.8122756944444444,0.786546638154963,0.7055160364342258,0.7421045970899683,0.7642735740767685,-0.03954438254183401,0.9482588645177179
tax_434085,pseeiip,PseEIIP,64,1.0,100,N_3pct,2400,0.7558333333333334,0.7558333333333334,0.5117014919810504,0.7558250246015317,0.8353597222222222,0.8088098145447479,0.7365897078358398,0.7737569982545375,0.7642735740767685,-0.008448549475236877,0.9889456475249159
tax_434085,pseeiip,PseEIIP,64,1.0,100,clean,2400,0.7645833333333333,0.7645833333333334,0.530562889401612,0.7642735740767685,0.8432805555555555,0.8171292951108119,0.7471483958915978,0.7807638230437652,0.7642735740767685,0.0,1.0
tax_434085,pseeiip,PseEIIP,64,1.0,100,substitution_1pct,2400,0.76,0.76,0.5211019931729249,0.7597462319575051,0.8384312500000001,0.8072731060594867,0.7444185558116081,0.7748359454383476,0.7642735740767685,-0.004527342119263422,0.9940762807025842
tax_434085,pseeiip,PseEIIP,64,10.0,69,N_3pct,2400,0.68125,0.68125,0.3917528111059682,0.6693664207024163,0.8040236111111111,0.7816689150936068,,,0.7744733499374956,-0.10510692923507936,0.8642859315384293
tax_434085,pseeiip,PseEIIP,64,10.0,69,clean,2400,0.7025,0.7025,0.4240921655606516,0.695806906972583,0.8146020833333334,0.7923883255457868,,,0.7744733499374956,-0.07866644296491265,0.8984258877710105
tax_434085,pseeiip,PseEIIP,64,10.0,69,substitution_1pct,2400,0.70125,0.7012499999999999,0.42068462686927544,0.6947961574254473,0.8109784722222221,0.7837654216573566,,,0.7744733499374956,-0.0796771925120483,0.8971208079419664
tax_434085,pseeiip,PseEIIP,64,10.0,75,N_3pct,2400,0.7041666666666667,0.7041666666666667,0.4264443844809929,0.6978875531799462,0.8144951388888889,0.7927976972518872,,,0.7744733499374956,-0.0765857967575494,0.9011124181823296
tax_434085,pseeiip,PseEIIP,64,10.0,75,clean,2400,0.7304166666666667,0.7304166666666667,0.4717799815338995,0.7272895393725728,0.8228125000000001,0.8004024760728965,,,0.7744733499374956,-0.04718381056492282,0.939076263155174
tax_434085,pseeiip,PseEIIP,64,10.0,75,substitution_1pct,2400,0.7208333333333333,0.7208333333333333,0.4525856336498582,0.7174662769294348,0.8169895833333334,0.7946935315629454,,,0.7744733499374956,-0.05700707300806085,0.9263924665546444
tax_434085,pseeiip,PseEIIP,64,10.0,100,N_3pct,2400,0.7654166666666666,0.7654166666666666,0.5311434419612326,0.7653481858160341,0.8410513888888888,0.8175580679519517,,,0.7744733499374956,-0.009125164121461471,0.9882175879619384
tax_434085,pseeiip,PseEIIP,64,10.0,100,clean,2400,0.7745833333333333,0.7745833333333333,0.5497030797607663,0.7744733499374956,0.8490673611111113,0.8271699525329311,,,0.7744733499374956,0.0,1.0
tax_434085,pseeiip,PseEIIP,64,10.0,100,substitution_1pct,2400,0.77125,0.77125,0.5427580598847139,0.7711956192365859,0.843682638888889,0.8163695787084827,,,0.7744733499374956,-0.0032777307009097534,0.9957677940742903
tax_247639,ck4,CK4,136,0.1,69,N_3pct,2400,0.7041666666666667,0.7041666666666666,0.4143648015534884,0.7020137157630548,0.7951847222222221,0.7693871204546965,,,0.7740346966526979,-0.07202098088964304,0.9069538081418097
tax_247639,ck4,CK4,136,0.1,69,clean,2400,0.72375,0.72375,0.4506215081250213,0.7227932034161662,0.8075902777777778,0.781120904105137,,,0.7740346966526979,-0.05124149323653171,0.9337994879840338
tax_247639,ck4,CK4,136,0.1,69,substitution_1pct,2400,0.72375,0.72375,0.4506215081250213,0.7227932034161662,0.8031937499999999,0.7817299444964978,,,0.7740346966526979,-0.05124149323653171,0.9337994879840338
tax_247639,ck4,CK4,136,0.1,75,N_3pct,2400,0.7254166666666667,0.7254166666666666,0.45515651607329083,0.7241126679487683,0.8049493055555555,0.7824881487048982,,,0.7740346966526979,-0.04992202870392959,0.935504146106348
tax_247639,ck4,CK4,136,0.1,75,clean,2400,0.7370833333333333,0.7370833333333333,0.4755359691430307,0.7367048007734731,0.8142715277777779,0.7907163981386116,,,0.7740346966526979,-0.03732989587922475,0.95177232229943
tax_247639,ck4,CK4,136,0.1,75,substitution_1pct,2400,0.735,0.735,0.4713274779300662,0.7346268189641684,0.8084527777777778,0.7846612637591016,,,0.7740346966526979,-0.03940787768852949,0.9490877116246231
tax_247639,ck4,CK4,136,0.1,100,N_3pct,2400,0.7620833333333333,0.7620833333333333,0.5242323818583982,0.762068421302099,0.8399465277777779,0.8241770064749827,,,0.7740346966526979,-0.01196627535059891,0.9845403889485227
tax_247639,ck4,CK4,136,0.1,100,clean,2400,0.7741666666666667,0.7741666666666667,0.5489749414997056,0.7740346966526979,0.8521833333333333,0.8334843387058019,,,0.7740346966526979,0.0,1.0
tax_247639,ck4,CK4,136,0.1,100,substitution_1pct,2400,0.7725,0.7725,0.5455944154994822,0.7723760714166602,0.8463291666666667,0.8270487531036149,,,0.7740346966526979,-0.0016586252360376585,0.9978571693966558
tax_247639,ck4,CK4,136,1.0,69,N_3pct,2400,0.6904166666666667,0.6904166666666667,0.40834329205011644,0.6800006316721492,0.8096097222222223,0.7822086774470357,0.6623224952490306,0.6948082025246024,0.7932638470152468,-0.11326321534309758,0.8572187352678879
tax_247639,ck4,CK4,136,1.0,69,clean,2400,0.7229166666666667,0.7229166666666667,0.4609714350903583,0.7183682652561552,0.8231062499999999,0.7964150606440012,0.6998968912219292,0.7343383698762818,0.7932638470152468,-0.07489558175909161,0.9055855349504512
tax_247639,ck4,CK4,136,1.0,69,substitution_1pct,2400,0.71375,0.71375,0.4420156003763623,0.7090511251593663,0.8184083333333333,0.7974790483208966,0.691407088214958,0.7272747221003181,0.7932638470152468,-0.08421272185588047,0.8938402119638488
tax_247639,ck4,CK4,136,1.0,75,N_3pct,2400,0.7245833333333334,0.7245833333333334,0.4663790321632952,0.7195027787153814,0.8212625,0.7967605758837213,0.7009191200204135,0.7367209648015008,0.7932638470152468,-0.0737610682998654,0.9070157191993553
tax_247639,ck4,CK4,136,1.0,75,clean,2400,0.7458333333333333,0.7458333333333333,0.4992233016149853,0.7439098114728404,0.8318756944444444,0.8073592917511359,0.7278757934074936,0.7598461659263686,0.7932638470152468,-0.04935403554240636,0.9377835814299278
tax_247639,ck4,CK4,136,1.0,75,substitution_1pct,2400,0.7404166666666666,0.7404166666666667,0.4896744074534596,0.7380734701113485,0.8263625,0.8017757250512277,0.7184576689015469,0.7589998216648162,0.7932638470152468,-0.055190376903898275,0.9304262042048697
tax_247639,ck4,CK4,136,1.0,100,N_3pct,2400,0.775,0.775,0.5511655697021322,0.774762092460161,0.8581694444444444,0.8417337356669341,0.7585686553122585,0.7919558649945889,0.7932638470152468,-0.018501754555085737,0.976676417783691
tax_247639,ck4,CK4,136,1.0,100,clean,2400,0.7933333333333333,0.7933333333333333,0.5870614351398747,0.7932638470152468,0.8703472222222222,0.8514325806912457,0.7780149822585679,0.8095158536773682,0.7932638470152468,0.0,1.0
tax_247639,ck4,CK4,136,1.0,100,substitution_1pct,2400,0.7870833333333334,0.7870833333333334,0.574607567805379,0.7870016469857972,0.8645972222222222,0.8458910412460778,0.7698287778382384,0.8033000174530117,0.7932638470152468,-0.0062622000294495495,0.9921057791137061
tax_247639,ck4,CK4,136,10.0,69,N_3pct,2400,0.6320833333333333,0.6320833333333333,0.33310542365243145,0.5944610793053251,0.8137347222222223,0.7826911061942208,,,0.7961961830545878,-0.20173510374926273,0.7466263867589634
tax_247639,ck4,CK4,136,10.0,69,clean,2400,0.6816666666666666,0.6816666666666666,0.4072390982589525,0.6645589396432938,0.8271819444444445,0.7970097496703482,,,0.7961961830545878,-0.131637243411294,0.8346673267054976
tax_247639,ck4,CK4,136,10.0,69,substitution_1pct,2400,0.6833333333333333,0.6833333333333333,0.4102029655003406,0.666578680485128,0.8218777777777778,0.7988576878161939,,,0.7961961830545878,-0.1296175025694598,0.837204064364909
tax_247639,ck4,CK4,136,10.0,75,N_3pct,2400,0.6683333333333333,0.6683333333333333,0.3866249992023828,0.6470001293445924,0.824573611111111,0.7971830469812178,,,0.7961961830545878,-0.14919605370999545,0.8126139550963328
tax_247639,ck4,CK4,136,10.0,75,clean,2400,0.71375,0.71375,0.45385951346758113,0.7054447172006673,0.8368902777777778,0.8089987084453849,,,0.7961961830545878,-0.09075146585392058,0.8860187127426877
tax_247639,ck4,CK4,136,10.0,75,substitution_1pct,2400,0.7020833333333333,0.7020833333333334,0.4313132473703813,0.692717567512153,0.8318111111111112,0.8047100335168922,,,0.7961961830545878,-0.10347861554243487,0.8700337708911872
tax_247639,ck4,CK4,136,10.0,100,N_3pct,2400,0.76875,0.76875,0.5420407303815264,0.7677814146679509,0.8636937499999999,0.8422446214780839,,,0.7961961830545878,-0.028414768386636924,0.9643118505320832
tax_247639,ck4,CK4,136,10.0,100,clean,2400,0.79625,0.79625,0.5928131621675026,0.7961961830545878,0.8752305555555555,0.8520349923728534,,,0.7961961830545878,0.0,1.0
tax_247639,ck4,CK4,136,10.0,100,substitution_1pct,2400,0.7933333333333333,0.7933333333333333,0.5871365639519862,0.7932506335867681,0.8698506944444445,0.8469884394553111,,,0.7961961830545878,-0.0029455494678197747,0.996300472759717
tax_247639,ck4_p,CK4+P,147,0.1,69,N_3pct,2400,0.7120833333333333,0.7120833333333334,0.42687659682226786,0.7111694554384316,0.7915229166666666,0.7639988142449747,,,0.7681360879915207,-0.05696663255308909,0.9258378385761795
tax_247639,ck4_p,CK4+P,147,0.1,69,clean,2400,0.7275,0.7275,0.4569948201047606,0.7269052603447508,0.8036472222222222,0.7758294132807151,,,0.7681360879915207,-0.041230827646769885,0.9463235378582746
tax_247639,ck4_p,CK4+P,147,0.1,69,substitution_1pct,2400,0.7220833333333333,0.7220833333333333,0.4460791487318716,0.7214875778553396,0.7993048611111111,0.7760401642000234,,,0.7681360879915207,-0.0466485101361811,0.9392705135646536
tax_247639,ck4_p,CK4+P,147,0.1,75,N_3pct,2400,0.7208333333333333,0.7208333333333333,0.44360303050462113,0.7202240434724512,0.8006215277777777,0.7772807741452117,,,0.7681360879915207,-0.0479120445190695,0.937625577982741
tax_247639,ck4_p,CK4+P,147,0.1,75,clean,2400,0.7341666666666666,0.7341666666666666,0.4691786162832124,0.7339272011476996,0.8096909722222222,0.7844924576902352,,,0.7681360879915207,-0.03420888684382106,0.9554650700850827
tax_247639,ck4_p,CK4+P,147,0.1,75,substitution_1pct,2400,0.7291666666666666,0.7291666666666667,0.4591605675369516,0.7289226970940513,0.8038249999999999,0.7786415697031934,,,0.7681360879915207,-0.039213390897469336,0.9489499432320615
tax_247639,ck4_p,CK4+P,147,0.1,100,N_3pct,2400,0.75875,0.75875,0.5176727661653757,0.7587097430665082,0.8345361111111111,0.8173244890090919,,,0.7681360879915207,-0.009426344925012486,0.9877282879005724
tax_247639,ck4_p,CK4+P,147,0.1,100,clean,2400,0.7683333333333333,0.7683333333333333,0.5375820822508243,0.7681360879915207,0.8468784722222221,0.826520464452736,,,0.7681360879915207,0.0,1.0
tax_247639,ck4_p,CK4+P,147,0.1,100,substitution_1pct,2400,0.7666666666666667,0.7666666666666666,0.5342430631064091,0.7664680022936179,0.84106875,0.820087754165622,,,0.7681360879915207,-0.001668085697902777,0.9978283982174768
tax_247639,ck4_p,CK4+P,147,1.0,69,N_3pct,2400,0.7120833333333333,0.7120833333333334,0.4352432493940071,0.7084203128925728,0.80764375,0.7815465691269265,0.6885100762264523,0.7236918096607572,0.7907752153375938,-0.08235490244502097,0.8958554835208606
tax_247639,ck4_p,CK4+P,147,1.0,69,clean,2400,0.72125,0.72125,0.45139110159530016,0.7185049837556547,0.8210423611111112,0.794892618545629,0.7026772006709919,0.7339542983883486,0.7907752153375938,-0.07227023158193902,0.9086083754520736
tax_247639,ck4_p,CK4+P,147,1.0,69,substitution_1pct,2400,0.72,0.72,0.44861189385189887,0.7173127038913674,0.8166993055555555,0.7961133405364285,0.6989994217317077,0.7365495470812286,0.7907752153375938,-0.0734625114462264,0.907100639952576
tax_247639,ck4_p,CK4+P,147,1.0,75,N_3pct,2400,0.72875,0.72875,0.4646008720740786,0.7266772550657162,0.8187145833333334,0.7950583557034179,0.7076051390212097,0.7447356789693208,0.7907752153375938,-0.06409796027187753,0.9189428815816981
tax_247639,ck4_p,CK4+P,147,1.0,75,clean,2400,0.7458333333333333,0.7458333333333333,0.49576611185594577,0.7447825107682953,0.8291743055555556,0.8053301084397719,0.7274784062333605,0.763420848543062,0.7907752153375938,-0.04599270456929849,0.9418384596820432
tax_247639,ck4_p,CK4+P,147,1.0,75,substitution_1pct,2400,0.74375,0.74375,0.49172669727054913,0.7426487062430878,0.8234368055555555,0.799443687971797,0.7275951009131736,0.7624416271749411,0.7907752153375938,-0.048126509094506,0.9391400891668562
tax_247639,ck4_p,CK4+P,147,1.0,100,N_3pct,2400,0.775,0.775,0.5500275020626719,0.7749943748593715,0.8551798611111111,0.839686196118244,0.7616621316008486,0.7920919354058579,0.7907752153375938,-0.015780840478222258,0.9800438352490788
tax_247639,ck4_p,CK4+P,147,1.0,100,clean,2400,0.7908333333333334,0.7908333333333333,0.5819900843545236,0.7907752153375938,0.8673173611111111,0.849163252608869,0.7757222280079988,0.808353138548861,0.7907752153375938,0.0,1.0
tax_247639,ck4_p,CK4+P,147,1.0,100,substitution_1pct,2400,0.78625,0.78625,0.573102272844422,0.7861376851558327,0.8614993055555557,0.8431130181143637,0.7711259243099154,0.8032042944376264,0.7907752153375938,-0.0046375301817610515,0.9941354634138587
tax_247639,ck4_p,CK4+P,147,10.0,69,N_3pct,2400,0.695,0.695,0.42485385456952873,0.6825112263220747,0.8176368055555556,0.786820025958147,,,0.8003525784579112,-0.11784135213583646,0.8527632004848554
tax_247639,ck4_p,CK4+P,147,10.0,69,clean,2400,0.70625,0.70625,0.44448889102062156,0.6956939069179457,0.8313465277777777,0.8015265990044047,,,0.8003525784579112,-0.10465867153996544,0.8692342920396187
tax_247639,ck4_p,CK4+P,147,10.0,69,substitution_1pct,2400,0.7008333333333333,0.7008333333333333,0.43328577827637693,0.6899325236167342,0.8264666666666667,0.8035871224878004,,,0.8003525784579112,-0.110420054841177,0.8620357354830666
tax_247639,ck4_p,CK4+P,147,10.0,75,N_3pct,2400,0.7179166666666666,0.7179166666666668,0.45528361025715325,0.7118940008238186,0.8283208333333334,0.8006763568717854,,,0.8003525784579112,-0.0884585776340926,0.8894754886595965
tax_247639,ck4_p,CK4+P,147,10.0,75,clean,2400,0.7279166666666667,0.7279166666666667,0.47376250454915014,0.7227701544877112,0.8404270833333332,0.8130553546830904,,,0.8003525784579112,-0.07758242397019999,0.9030646916641628
tax_247639,ck4_p,CK4+P,147,10.0,75,substitution_1pct,2400,0.7216666666666667,0.7216666666666667,0.4625149781041568,0.7158976125617487,0.8353798611111112,0.8084229361481581,,,0.8003525784579112,-0.08445496589616253,0.8944777986985597
tax_247639,ck4_p,CK4+P,147,10.0,100,N_3pct,2400,0.7870833333333334,0.7870833333333334,0.5743344047842373,0.7870522414817858,0.8663277777777778,0.8466067128399519,,,0.8003525784579112,-0.013300336976125426,0.9833819027587166
tax_247639,ck4_p,CK4+P,147,10.0,100,clean,2400,0.8004166666666667,0.8004166666666667,0.6012194485550563,0.8003525784579112,0.8779159722222223,0.8557986109630964,,,0.8003525784579112,0.0,1.0
tax_247639,ck4_p,CK4+P,147,10.0,100,substitution_1pct,2400,0.7970833333333334,0.7970833333333334,0.5947040014679048,0.7969916623808773,0.8722999999999999,0.850479791683267,,,0.8003525784579112,-0.0033609160770339264,0.9958007056296244
tax_247639,ck4_msp,CK4+MSP,211,0.1,69,N_3pct,2400,0.70625,0.70625,0.41675304737955254,0.7047511507637993,0.7904666666666667,0.7632521070774936,,,0.7681472070634481,-0.06339605629964873,0.9174688709186282
tax_247639,ck4_msp,CK4+MSP,211,0.1,69,clean,2400,0.7270833333333333,0.7270833333333333,0.45634089148653423,0.7264331846988442,0.8025576388888888,0.7750752667013778,,,0.7681472070634481,-0.041714022364603864,0.9456952756177133
tax_247639,ck4_msp,CK4+MSP,211,0.1,69,substitution_1pct,2400,0.7220833333333333,0.7220833333333334,0.44629301864646376,0.721421273578823,0.7981715277777779,0.7752763324144286,,,0.7681472070634481,-0.04672593348462506,0.9391706003029631
tax_247639,ck4_msp,CK4+MSP,211,0.1,75,N_3pct,2400,0.7208333333333333,0.7208333333333333,0.44479180579951844,0.719852622966928,0.7997847222222221,0.7768390664174052,,,0.7681472070634481,-0.0482945840965201,0.937128477910965
tax_247639,ck4_msp,CK4+MSP,211,0.1,75,clean,2400,0.7325,0.7325,0.46603679058479003,0.732202447163515,0.8087624999999999,0.7839368932801333,,,0.7681472070634481,-0.035944759899933065,0.9532058965138384
tax_247639,ck4_msp,CK4+MSP,211,0.1,75,substitution_1pct,2400,0.7275,0.7275,0.45611886350650716,0.7271657780781458,0.8028729166666666,0.7779801007162529,,,0.7681472070634481,-0.040981428985302326,0.9466489904428992
tax_247639,ck4_msp,CK4+MSP,211,0.1,100,N_3pct,2400,0.75875,0.75875,0.5175217435578068,0.7587449319681889,0.8338347222222222,0.8168948176611821,,,0.7681472070634481,-0.00940227509525915,0.9877598004538699
tax_247639,ck4_msp,CK4+MSP,211,0.1,100,clean,2400,0.7683333333333333,0.7683333333333333,0.537530395519329,0.7681472070634481,0.846125,0.825996398730769,,,0.7681472070634481,0.0,1.0
tax_247639,ck4_msp,CK4+MSP,211,0.1,100,substitution_1pct,2400,0.7675,0.7675000000000001,0.5358110279842806,0.7673240388043459,0.8403527777777778,0.8196274903287963,,,0.7681472070634481,-0.0008231682591022249,0.9989283717345675
tax_247639,ck4_msp,CK4+MSP,211,1.0,69,N_3pct,2400,0.7029166666666666,0.7029166666666666,0.42328322744470226,0.696795676751447,0.8056298611111111,0.7795994256508563,0.6790815769426485,0.7131813617740441,0.7895093327081135,-0.09271365595666647,0.8825680050688606
tax_247639,ck4_msp,CK4+MSP,211,1.0,69,clean,2400,0.7229166666666667,0.7229166666666667,0.4554263692134654,0.7199987719244383,0.8189847222222222,0.7923818685856485,0.7025681969052935,0.7386569678656153,0.7895093327081135,-0.06951056078367523,0.9119572652228879
tax_247639,ck4_msp,CK4+MSP,211,1.0,69,substitution_1pct,2400,0.7179166666666666,0.7179166666666666,0.4453700135997123,0.7148969001705741,0.8145388888888889,0.7937397386710714,0.6990123320622075,0.7317061647954726,0.7895093327081135,-0.07461243253753946,0.9054951861283138
tax_247639,ck4_msp,CK4+MSP,211,1.0,75,N_3pct,2400,0.7258333333333333,0.7258333333333333,0.46230927012169515,0.7226780255349757,0.8173215277777778,0.7937377157428972,0.7078415316584196,0.7378472620898651,0.7895093327081135,-0.06683130717313779,0.915350833227141
tax_247639,ck4_msp,CK4+MSP,211,1.0,75,clean,2400,0.7458333333333333,0.7458333333333333,0.4963236257709599,0.7446409484286348,0.8274597222222222,0.8034414130840916,0.7276975593176938,0.7612246909085811,0.7895093327081135,-0.0448683842794787,0.9431692794237471
tax_247639,ck4_msp,CK4+MSP,211,1.0,75,substitution_1pct,2400,0.7416666666666667,0.7416666666666667,0.488140786128261,0.7403946002076843,0.8217784722222223,0.7977964487863626,0.7253349904075445,0.7590914282251459,0.7895093327081135,-0.04911473250042919,0.9377908145405202
tax_247639,ck4_msp,CK4+MSP,211,1.0,100,N_3pct,2400,0.7704166666666666,0.7704166666666667,0.5417296215655895,0.7702267447103412,0.8538451388888889,0.838235151248871,0.7531787282750021,0.7866516186963779,0.7895093327081135,-0.01928258799777227,0.9755764913739137
tax_247639,ck4_msp,CK4+MSP,211,1.0,100,clean,2400,0.7895833333333333,0.7895833333333333,0.5795743232298685,0.7895093327081135,0.86603125,0.8475820845061538,0.7729828542296469,0.8057994560431744,0.7895093327081135,0.0,1.0
tax_247639,ck4_msp,CK4+MSP,211,1.0,100,substitution_1pct,2400,0.7845833333333333,0.7845833333333334,0.5698098463980711,0.7844617562927423,0.8601770833333334,0.8414401493360889,0.7681692855347021,0.7986512312706678,0.7895093327081135,-0.0050475764153712355,0.9936066918955125
tax_247639,ck4_msp,CK4+MSP,211,10.0,69,N_3pct,2400,0.6466666666666666,0.6466666666666667,0.35310056410618773,0.6169955225813056,0.8119694444444444,0.7818503702484861,,,0.801580547112462,-0.18458502453115633,0.7697236725665462
tax_247639,ck4_msp,CK4+MSP,211,10.0,69,clean,2400,0.6945833333333333,0.6945833333333333,0.4265028712093477,0.6812419243696093,0.8260263888888888,0.7961521935112817,,,0.801580547112462,-0.12033862274285267,0.8498733244259118
tax_247639,ck4_msp,CK4+MSP,211,10.0,69,substitution_1pct,2400,0.695,0.6950000000000001,0.42759148178782946,0.6816200840314204,0.8210027777777777,0.7979551559594998,,,0.801580547112462,-0.11996046308104158,0.8503450919396986
tax_247639,ck4_msp,CK4+MSP,211,10.0,75,N_3pct,2400,0.6816666666666666,0.6816666666666666,0.405344527636805,0.6652167181305888,0.8249826388888889,0.797910295855628,,,0.801580547112462,-0.13636382898187316,0.8298813145190495
tax_247639,ck4_msp,CK4+MSP,211,10.0,75,clean,2400,0.7220833333333333,0.7220833333333333,0.46472900197537886,0.7159380777660326,0.8367611111111111,0.8092827084689792,,,0.801580547112462,-0.08564246934642938,0.8931579993365112
tax_247639,ck4_msp,CK4+MSP,211,10.0,75,substitution_1pct,2400,0.71375,0.7137500000000001,0.44926789160048913,0.7068194875422287,0.8314583333333333,0.804415321948255,,,0.801580547112462,-0.09476105957023329,0.8817822364681983
tax_247639,ck4_msp,CK4+MSP,211,10.0,100,N_3pct,2400,0.7720833333333333,0.7720833333333333,0.5476432568269959,0.7713599017725354,0.8639826388888889,0.8437552450026784,,,0.801580547112462,-0.030220645339926522,0.9622986792172159
tax_247639,ck4_msp,CK4+MSP,211,10.0,100,clean,2400,0.8016666666666666,0.8016666666666667,0.6038577431092885,0.801580547112462,0.8759305555555554,0.8528869314618632,,,0.801580547112462,0.0,1.0
tax_247639,ck4_msp,CK4+MSP,211,10.0,100,substitution_1pct,2400,0.7991666666666667,0.7991666666666667,0.5989859179336823,0.799057264510678,0.8705368055555556,0.8476331040665621,,,0.801580547112462,-0.002523282601783916,0.9968521159715346
tax_247639,ck4p_msp,CK4P-MSP,222,0.1,69,N_3pct,2400,0.7141666666666666,0.7141666666666666,0.430791066731528,0.7133513103940097,0.7889965277777777,0.7605943042644809,,,0.7635312253298234,-0.05017991493581375,0.9342791581128362
tax_247639,ck4p_msp,CK4P-MSP,222,0.1,69,clean,2400,0.72625,0.7262500000000001,0.45417613266446,0.7257448658475306,0.8010194444444445,0.7724989256072994,,,0.7635312253298234,-0.03778635948229281,0.9505110488887076
tax_247639,ck4p_msp,CK4P-MSP,222,0.1,69,substitution_1pct,2400,0.71875,0.71875,0.43912057025569334,0.7182310265556822,0.7965,0.7721710441441461,,,0.7635312253298234,-0.045300198774141265,0.9406701425281292
tax_247639,ck4p_msp,CK4P-MSP,222,0.1,75,N_3pct,2400,0.7179166666666666,0.7179166666666668,0.43751139975600756,0.7173757061041316,0.7977236111111112,0.7736495753850117,,,0.7635312253298234,-0.04615551922569183,0.939549925799362
tax_247639,ck4p_msp,CK4P-MSP,222,0.1,75,clean,2400,0.7316666666666667,0.7316666666666667,0.464169591910082,0.7314249491208755,0.8068152777777777,0.7809413644977155,,,0.7635312253298234,-0.032106276208947904,0.9579502774165144
tax_247639,ck4p_msp,CK4P-MSP,222,0.1,75,substitution_1pct,2400,0.7245833333333334,0.7245833333333334,0.44991104163921836,0.7243554959229321,0.8009006944444446,0.7749022549030469,,,0.7635312253298234,-0.03917572940689129,0.9486913853589046
tax_247639,ck4p_msp,CK4P-MSP,222,0.1,100,N_3pct,2400,0.7583333333333333,0.7583333333333333,0.5168282007230339,0.7582955670156795,0.8312437500000001,0.8129984941509032,,,0.7635312253298234,-0.005235658314143965,0.9931428366772003
tax_247639,ck4p_msp,CK4P-MSP,222,0.1,100,clean,2400,0.76375,0.7637499999999999,0.5284787756111552,0.7635312253298234,0.84355625,0.822275642568359,,,0.7635312253298234,0.0,1.0
tax_247639,ck4p_msp,CK4P-MSP,222,0.1,100,substitution_1pct,2400,0.76125,0.76125,0.523523507347185,0.7610166177908113,0.8377909722222222,0.8157160848374417,,,0.7635312253298234,-0.0025146075390121148,0.9967066081181868
tax_247639,ck4p_msp,CK4P-MSP,222,1.0,69,N_3pct,2400,0.71375,0.71375,0.4362397886881305,0.7108828716162485,0.8049097222222223,0.7791263073644444,0.6924911337024815,0.727852727349081,0.7874219070755855,-0.07653903545933693,0.9027979349170052
tax_247639,ck4p_msp,CK4P-MSP,222,1.0,69,clean,2400,0.7266666666666667,0.7266666666666667,0.4596332659691143,0.7247935427167829,0.8180472222222221,0.7916458672369087,0.7072745517361541,0.7402128874438563,0.7874219070755855,-0.06262836435880259,0.9204640310409972
tax_247639,ck4p_msp,CK4P-MSP,222,1.0,69,substitution_1pct,2400,0.72125,0.72125,0.448970810313761,0.7192413571330024,0.8137215277777778,0.7929759717271874,0.7032206413826146,0.7346771176387648,0.7874219070755855,-0.06818054994258305,0.9134129374228366
tax_247639,ck4p_msp,CK4P-MSP,222,1.0,75,N_3pct,2400,0.73125,0.73125,0.4684722117052107,0.7295370208432959,0.81605625,0.7927602581124541,0.7128008376605272,0.7483688794145077,0.7874219070755855,-0.0578848862322896,0.9264880927084327
tax_247639,ck4p_msp,CK4P-MSP,222,1.0,75,clean,2400,0.7429166666666667,0.7429166666666667,0.4890308070587954,0.7420762202391786,0.8261284722222223,0.8024950055353564,0.7252012420848674,0.7570167444947905,0.7874219070755855,-0.04534568683640683,0.9424124647422921
tax_247639,ck4p_msp,CK4P-MSP,222,1.0,75,substitution_1pct,2400,0.74125,0.74125,0.4854911072184942,0.740452929142988,0.8202875,0.7966415113918123,0.7215020181281878,0.7580963130560214,0.7874219070755855,-0.04696897793259747,0.9403509382828374
tax_247639,ck4p_msp,CK4P-MSP,222,1.0,100,N_3pct,2400,0.7720833333333333,0.7720833333333333,0.5441713903971551,0.7720823441073963,0.8521243055555555,0.8366930952448784,0.7566597845990063,0.791680803048452,0.7874219070755855,-0.015339562968189169,0.9805192580618453
tax_247639,ck4p_msp,CK4P-MSP,222,1.0,100,clean,2400,0.7875,0.7875,0.5754229314405879,0.7874219070755855,0.8643111111111111,0.845981780287087,0.7710088764079801,0.8049769108703287,0.7874219070755855,0.0,1.0
tax_247639,ck4p_msp,CK4P-MSP,222,1.0,100,substitution_1pct,2400,0.7820833333333334,0.7820833333333332,0.5648041962100939,0.781960345340627,0.8584833333333334,0.8399052694181555,0.76533165538165,0.7986260384730879,0.7874219070755855,-0.005461561734958487,0.9930639956980086
tax_247639,ck4p_msp,CK4P-MSP,222,10.0,69,N_3pct,2400,0.69,0.69,0.41299536441442947,0.6776371612716867,0.8155166666666668,0.785381383251055,,,0.8024142422926617,-0.12477708102097496,0.8444979233363789
tax_247639,ck4p_msp,CK4P-MSP,222,10.0,69,clean,2400,0.7095833333333333,0.7095833333333333,0.44732074933464283,0.7004533490293295,0.8292944444444443,0.7999055325464153,,,0.8024142422926617,-0.10196089326333213,0.8729323485435541
tax_247639,ck4p_msp,CK4P-MSP,222,10.0,69,substitution_1pct,2400,0.705,0.7050000000000001,0.4379755627656882,0.6955883965290771,0.8245180555555555,0.801299124548417,,,0.8024142422926617,-0.10682584576358456,0.8668694545371463
tax_247639,ck4p_msp,CK4P-MSP,222,10.0,75,N_3pct,2400,0.71875,0.71875,0.4567851789522523,0.7128156036855331,0.8277666666666667,0.8013331044242222,,,0.8024142422926617,-0.08959863860712858,0.8883386736118655
tax_247639,ck4p_msp,CK4P-MSP,222,10.0,75,clean,2400,0.7304166666666667,0.7304166666666667,0.47648075440180965,0.7259913798808006,0.8392263888888889,0.8123178182308688,,,0.8024142422926617,-0.07642286241186103,0.9047588410276651
tax_247639,ck4p_msp,CK4P-MSP,222,10.0,75,substitution_1pct,2400,0.725,0.7250000000000001,0.46646388675602357,0.7201484626539536,0.8339743055555555,0.8074881859674877,,,0.8024142422926617,-0.08226577963870807,0.8974771691443837
tax_247639,ck4p_msp,CK4P-MSP,222,10.0,100,N_3pct,2400,0.7883333333333333,0.7883333333333333,0.5766674675942611,0.7883331863424905,0.865582638888889,0.8462269981184464,,,0.8024142422926617,-0.014081055950171173,0.9824516375607458
tax_247639,ck4p_msp,CK4P-MSP,222,10.0,100,clean,2400,0.8025,0.8025,0.6055258584217451,0.8024142422926617,0.877313888888889,0.8552423459958232,,,0.8024142422926617,0.0,1.0
tax_247639,ck4p_msp,CK4P-MSP,222,10.0,100,substitution_1pct,2400,0.79875,0.7987500000000001,0.5981751974632753,0.7986364183547282,0.8717479166666667,0.850286780617133,,,0.8024142422926617,-0.0037778239379334666,0.995291928110424
tax_247639,ck5,CK5,512,0.1,69,N_3pct,2400,0.7241666666666666,0.7241666666666666,0.44855829188690927,0.7240974994425686,0.797701388888889,0.7718882165332568,,,0.7718361161807438,-0.047738616738175144,0.9381492835883363
tax_247639,ck5,CK5,512,0.1,69,clean,2400,0.7375,0.7375,0.4750164939146186,0.7374954426292124,0.8111395833333332,0.7840356852228046,,,0.7718361161807438,-0.034340673551531364,0.9555078172274984
tax_247639,ck5,CK5,512,0.1,69,substitution_1pct,2400,0.7295833333333334,0.7295833333333334,0.45921274970277676,0.7295697648718833,0.8058402777777777,0.7817731398948162,,,0.7718361161807438,-0.04226635130886047,0.9452392153945763
tax_247639,ck5,CK5,512,0.1,75,N_3pct,2400,0.73125,0.73125,0.4625579839927042,0.7312331554113027,0.8055097222222221,0.7862663703078543,,,0.7718361161807438,-0.04060296076944103,0.9473943238490113
tax_247639,ck5,CK5,512,0.1,75,clean,2400,0.7420833333333333,0.7420833333333333,0.4842044966207555,0.7420732580699767,0.8160611111111111,0.7917541488936791,,,0.7718361161807438,-0.029762858110767065,0.9614388890506422
tax_247639,ck5,CK5,512,0.1,75,substitution_1pct,2400,0.7279166666666667,0.7279166666666668,0.45583349160887876,0.7279166194299687,0.8101777777777777,0.7874027217775956,,,0.7718361161807438,-0.04391949675077511,0.9430973806096289
tax_247639,ck5,CK5,512,0.1,100,N_3pct,2400,0.7566666666666667,0.7566666666666667,0.5135395037697208,0.7566178212155079,0.8370638888888889,0.8201209961427419,,,0.7718361161807438,-0.015218294965235857,0.980282997068678
tax_247639,ck5,CK5,512,0.1,100,clean,2400,0.7720833333333333,0.7720833333333333,0.5453497303562937,0.7718361161807438,0.8497263888888889,0.8318266042076348,,,0.7718361161807438,0.0,1.0
tax_247639,ck5,CK5,512,0.1,100,substitution_1pct,2400,0.7716666666666666,0.7716666666666667,0.5446063256045666,0.771399807692174,0.8442340277777778,0.8251517296586786,,,0.7718361161807438,-0.0004363084885697921,0.9994347135623444
tax_247639,ck5,CK5,512,1.0,69,N_3pct,2400,0.7091666666666666,0.7091666666666667,0.4230129475762924,0.7075580327621591,0.7992541666666666,0.7748678158010256,0.6904518844313672,0.7262266939726431,0.7778842362226845,-0.07032620346052543,0.9095929700259497
tax_247639,ck5,CK5,512,1.0,69,clean,2400,0.74125,0.74125,0.4848098645334006,0.7406335995389042,0.8163583333333332,0.791373323439285,0.7231333777559154,0.7611751566124347,0.7778842362226845,-0.03725063668378037,0.9521128788202919
tax_247639,ck5,CK5,512,1.0,69,substitution_1pct,2400,0.7345833333333334,0.7345833333333334,0.4714907209100375,0.7339291964150056,0.8115840277777777,0.789764191264288,0.7210377235417127,0.751796825499297,0.7778842362226845,-0.0439550398076789,0.943494111641702
tax_247639,ck5,CK5,512,1.0,75,N_3pct,2400,0.7329166666666667,0.7329166666666667,0.4687211207860764,0.7320939252506526,0.8115430555555556,0.7936661999739429,0.7139642276929088,0.747743833048431,0.7778842362226845,-0.0457903109720319,0.9411348002186234
tax_247639,ck5,CK5,512,1.0,75,clean,2400,0.74375,0.74375,0.4885067166015316,0.7434859597665722,0.8233458333333333,0.8001851282442742,0.7265027798194346,0.7604428463954163,0.7778842362226845,-0.034398276456112375,0.9557796972167139
tax_247639,ck5,CK5,512,1.0,75,substitution_1pct,2400,0.7391666666666666,0.7391666666666666,0.47934702577124827,0.7388908701482608,0.8172555555555556,0.7959546109458147,0.7220216973475577,0.7572281701314666,0.7778842362226845,-0.03899336607442372,0.9498725333942092
tax_247639,ck5,CK5,512,1.0,100,N_3pct,2400,0.76,0.76,0.5205273009736322,0.7598784384594701,0.8432041666666668,0.8267085814234657,0.7432109434088672,0.7761521124533407,0.7778842362226845,-0.018005797763214426,0.9768528568586908
tax_247639,ck5,CK5,512,1.0,100,clean,2400,0.7779166666666667,0.7779166666666667,0.555995715516816,0.7778842362226845,0.8563402777777778,0.8397995506490689,0.7611782258023552,0.7958298755957801,0.7778842362226845,0.0,1.0
tax_247639,ck5,CK5,512,1.0,100,substitution_1pct,2400,0.77375,0.7737499999999999,0.5477330262903388,0.7737018723600071,0.8508861111111111,0.8330954914800323,0.7566040932479839,0.7865855009378961,0.7778842362226845,-0.004182363862677452,0.9946234109550972
tax_247639,ck5,CK5,512,10.0,69,N_3pct,2400,0.6695833333333333,0.6695833333333333,0.3657329701118638,0.6575992475531174,0.7772104166666667,0.7568692787095384,,,0.7641561847193208,-0.1065569371662034,0.8605560757120059
tax_247639,ck5,CK5,512,10.0,69,clean,2400,0.7020833333333333,0.7020833333333334,0.4206889573997006,0.6962353899578182,0.7988666666666667,0.7770404962475479,,,0.7641561847193208,-0.06792079476150259,0.911116606631339
tax_247639,ck5,CK5,512,10.0,69,substitution_1pct,2400,0.70125,0.7012499999999999,0.41812697106791163,0.6956692826351276,0.7951291666666667,0.777995819696508,,,0.7641561847193208,-0.06848690208419317,0.9103757799076784
tax_247639,ck5,CK5,512,10.0,75,N_3pct,2400,0.69625,0.69625,0.4108916880388966,0.6894554910165558,0.7943,0.777816665662969,,,0.7641561847193208,-0.074700693702765,0.9022442071443771
tax_247639,ck5,CK5,512,10.0,75,clean,2400,0.7141666666666666,0.7141666666666666,0.43826354522980604,0.7109288692585214,0.8079763888888888,0.7861066804712649,,,0.7641561847193208,-0.053227315460799396,0.9303449785198687
tax_247639,ck5,CK5,512,10.0,75,substitution_1pct,2400,0.71375,0.71375,0.4373303004104192,0.7105332504914421,0.8021638888888889,0.7846243107167405,,,0.7641561847193208,-0.05362293422787867,0.929827258746097
tax_247639,ck5,CK5,512,10.0,100,N_3pct,2400,0.7441666666666666,0.7441666666666666,0.49131483457266534,0.7433904226953201,0.8272194444444445,0.8112159522010671,,,0.7641561847193208,-0.02076576202400071,0.97282523855823
tax_247639,ck5,CK5,512,10.0,100,clean,2400,0.7641666666666667,0.7641666666666667,0.5283803025589525,0.7641561847193208,0.8410048611111112,0.8243156675151974,,,0.7641561847193208,0.0,1.0
tax_247639,ck5,CK5,512,10.0,100,substitution_1pct,2400,0.755,0.755,0.51,0.755,0.8362819444444445,0.8163632488658277,,,0.7641561847193208,-0.009156184719320781,0.9880179145279261
tax_247639,pseknc_k3_l3,PseKNC,67,0.1,69,N_3pct,2400,0.6979166666666666,0.6979166666666667,0.39589395923786785,0.6978935366405657,0.7676131944444444,0.723304846972044,,,0.7443062874201023,-0.04641275077953655,0.9376429414019712
tax_247639,pseknc_k3_l3,PseKNC,67,0.1,69,clean,2400,0.7020833333333333,0.7020833333333334,0.4051369216330063,0.7017265962711305,0.776932638888889,0.7346662768642036,,,0.7443062874201023,-0.042579691148971754,0.9427927832014418
tax_247639,pseknc_k3_l3,PseKNC,67,0.1,69,substitution_1pct,2400,0.6970833333333334,0.6970833333333333,0.39485841191908794,0.6968179964444577,0.7722326388888889,0.73149051130957,,,0.7443062874201023,-0.047488290975644554,0.9361979177413006
tax_247639,pseknc_k3_l3,PseKNC,67,0.1,75,N_3pct,2400,0.7058333333333333,0.7058333333333333,0.41166723842711705,0.705833129050784,0.7739895833333332,0.7362117841966351,,,0.7443062874201023,-0.038473158369318305,0.9483100451795549
tax_247639,pseknc_k3_l3,PseKNC,67,0.1,75,clean,2400,0.7129166666666666,0.7129166666666666,0.4262492773258749,0.7127765953917458,0.7819993055555555,0.743380128722869,,,0.7443062874201023,-0.03152969202835654,0.9576388207902367
tax_247639,pseknc_k3_l3,PseKNC,67,0.1,75,substitution_1pct,2400,0.70375,0.70375,0.40771538157511783,0.7036717508217014,0.7760354166666666,0.7376407067573088,,,0.7443062874201023,-0.04063453659840088,0.9454061623753746
tax_247639,pseknc_k3_l3,PseKNC,67,0.1,100,N_3pct,2400,0.7304166666666667,0.7304166666666667,0.4633540464442893,0.7296833859210097,0.8016583333333334,0.7682041653293507,,,0.7443062874201023,-0.014622901499092622,0.9803536504443914
tax_247639,pseknc_k3_l3,PseKNC,67,0.1,100,clean,2400,0.7445833333333334,0.7445833333333334,0.49023015577204354,0.7443062874201023,0.8127118055555557,0.776529246238409,,,0.7443062874201023,0.0,1.0
tax_247639,pseknc_k3_l3,PseKNC,67,0.1,100,substitution_1pct,2400,0.74,0.74,0.48123743541646025,0.7396657235575402,0.8078222222222222,0.7709772147954321,,,0.7443062874201023,-0.004640563862562064,0.9937652496814892
tax_247639,pseknc_k3_l3,PseKNC,67,1.0,69,N_3pct,2400,0.72,0.72,0.4432932181312517,0.7189599566729934,0.7925361111111111,0.7589794985074202,0.6986370534571357,0.735040067307389,0.7669016704164061,-0.04794171374341272,0.9374864919548529
tax_247639,pseknc_k3_l3,PseKNC,67,1.0,69,clean,2400,0.7270833333333333,0.7270833333333333,0.4602845182760138,0.7252696839814925,0.804488888888889,0.7737430449694762,0.7084395806010907,0.7443255836540914,0.7669016704164061,-0.041631986434913615,0.9457140490875334
tax_247639,pseknc_k3_l3,PseKNC,67,1.0,69,substitution_1pct,2400,0.72,0.72,0.4456211914999555,0.7182340711752476,0.7996888888888889,0.7703628814571142,0.699732808947516,0.7337790925672188,0.7669016704164061,-0.04866759924115849,0.9365399749165583
tax_247639,pseknc_k3_l3,PseKNC,67,1.0,75,N_3pct,2400,0.7341666666666666,0.7341666666666666,0.4705369464787519,0.7335441963030301,0.8037368055555556,0.7745531639548047,0.7126801122638027,0.7506252079567328,0.7669016704164061,-0.03335747411337597,0.9565035839662941
tax_247639,pseknc_k3_l3,PseKNC,67,1.0,75,clean,2400,0.7370833333333333,0.7370833333333333,0.4771061140022853,0.7362734271968203,0.8132854166666666,0.7864457442294741,0.7200112919370274,0.7547861882240311,0.7669016704164061,-0.030628243219585793,0.9600623594900302
tax_247639,pseknc_k3_l3,PseKNC,67,1.0,75,substitution_1pct,2400,0.7270833333333333,0.7270833333333333,0.4575189957745632,0.7260834905187774,0.8071493055555556,0.7795627777560945,0.7091642414450501,0.7385503056807434,0.7669016704164061,-0.040818179897628704,0.9467752106010336
tax_247639,pseknc_k3_l3,PseKNC,67,1.0,100,N_3pct,2400,0.7541666666666667,0.7541666666666667,0.5104825936943184,0.7536491588232224,0.83528125,0.8147397199917832,0.7383609300872684,0.7702809816109302,0.7669016704164061,-0.013252511593183747,0.9827194122735604
tax_247639,pseknc_k3_l3,PseKNC,67,1.0,100,clean,2400,0.7670833333333333,0.7670833333333333,0.5350012135591182,0.7669016704164061,0.8471916666666667,0.822288970146438,0.7527934055575333,0.7814000959647396,0.7669016704164061,0.0,1.0
tax_247639,pseknc_k3_l3,PseKNC,67,1.0,100,substitution_1pct,2400,0.7675,0.7675000000000001,0.5363155867603985,0.7672148381767665,0.8413701388888888,0.8155655641827879,0.7523656420970664,0.7826888230097948,0.7669016704164061,0.00031316776036038885,1.000408354515893
tax_247639,pseknc_k3_l3,PseKNC,67,10.0,69,N_3pct,2400,0.7025,0.7025,0.4279893927148869,0.6945158318382388,0.8071888888888888,0.7817558629173831,,,0.7861293635941523,-0.09161353175591347,0.8834625241104593
tax_247639,pseknc_k3_l3,PseKNC,67,10.0,69,clean,2400,0.70375,0.7037500000000001,0.4342979380339001,0.6946190567802033,0.8192541666666668,0.7963446613049592,,,0.7861293635941523,-0.091510306813949,0.8835938319418989
tax_247639,pseknc_k3_l3,PseKNC,67,10.0,69,substitution_1pct,2400,0.70375,0.70375,0.43458323469430593,0.6945280893988681,0.8144326388888887,0.7926527273794959,,,0.7861293635941523,-0.09160127419528419,0.8834781164050574
tax_247639,pseknc_k3_l3,PseKNC,67,10.0,75,N_3pct,2400,0.7216666666666667,0.7216666666666667,0.4589106698498103,0.7169441550874839,0.8212090277777778,0.7971708103790934,,,0.7861293635941523,-0.06918520850666843,0.911992590900871
tax_247639,pseknc_k3_l3,PseKNC,67,10.0,75,clean,2400,0.7283333333333334,0.7283333333333333,0.47122741244714905,0.7241371529148943,0.8314472222222222,0.8111889538169239,,,0.7861293635941523,-0.061992210679257975,0.9211424816955927
tax_247639,pseknc_k3_l3,PseKNC,67,10.0,75,substitution_1pct,2400,0.7208333333333333,0.7208333333333333,0.4563549177692248,0.7163418828266179,0.8256951388888889,0.8032305781990821,,,0.7861293635941523,-0.06978748076753438,0.9112264672973558
tax_247639,pseknc_k3_l3,PseKNC,67,10.0,100,N_3pct,2400,0.7691666666666667,0.7691666666666667,0.540064313148659,0.7687967414529915,0.85459375,0.8403576468096549,,,0.7861293635941523,-0.017332622141160825,0.9779519466593681
tax_247639,pseknc_k3_l3,PseKNC,67,10.0,100,clean,2400,0.78625,0.78625,0.5731469465233893,0.7861293635941523,0.86719375,0.8479152582976617,,,0.7861293635941523,0.0,1.0
tax_247639,pseknc_k3_l3,PseKNC,67,10.0,100,substitution_1pct,2400,0.7833333333333333,0.7833333333333333,0.567747203128877,0.7831271535230369,0.8606618055555555,0.8416769766882655,,,0.7861293635941523,-0.003002210071115452,0.9961810228568623
tax_247639,pseeiip,PseEIIP,64,0.1,69,N_3pct,2400,0.6945833333333333,0.6945833333333333,0.3975404007900717,0.6913670673994184,0.779275,0.7408141570095839,,,0.7539806145063872,-0.06261354710696876,0.916956025258076
tax_247639,pseeiip,PseEIIP,64,0.1,69,clean,2400,0.7108333333333333,0.7108333333333334,0.4263835686725178,0.7092339179612298,0.7895583333333334,0.7546328396342361,,,0.7539806145063872,-0.044746696545157394,0.9406527227832615
tax_247639,pseeiip,PseEIIP,64,0.1,69,substitution_1pct,2400,0.7045833333333333,0.7045833333333333,0.41338534598658644,0.7030759799879911,0.7846243055555555,0.7512264898343591,,,0.7539806145063872,-0.05090463451839611,0.9324854863122414
tax_247639,pseeiip,PseEIIP,64,0.1,75,N_3pct,2400,0.70625,0.70625,0.4171672387561282,0.7046068241759412,0.7885555555555556,0.756099784724908,,,0.7539806145063872,-0.04937379033044598,0.9345158358444404
tax_247639,pseeiip,PseEIIP,64,0.1,75,clean,2400,0.7220833333333333,0.7220833333333333,0.4465184775327227,0.7213514454893766,0.7971118055555557,0.765620077566816,,,0.7539806145063872,-0.03262916901701063,0.9567241273989887
tax_247639,pseeiip,PseEIIP,64,0.1,75,substitution_1pct,2400,0.71625,0.71625,0.4351811479212409,0.715375917465982,0.7918381944444445,0.7606484025651038,,,0.7539806145063872,-0.038604697040405256,0.9487988201584217
tax_247639,pseeiip,PseEIIP,64,0.1,100,N_3pct,2400,0.7341666666666666,0.7341666666666666,0.46833918760976795,0.7341650051979491,0.8187680555555555,0.7931887903591592,,,0.7539806145063872,-0.019815609308438065,0.9737186753516058
tax_247639,pseeiip,PseEIIP,64,0.1,100,clean,2400,0.7541666666666667,0.7541666666666667,0.5091039362467463,0.7539806145063872,0.8305041666666667,0.8016850823554229,,,0.7539806145063872,0.0,1.0
tax_247639,pseeiip,PseEIIP,64,0.1,100,substitution_1pct,2400,0.7545833333333334,0.7545833333333334,0.5099152689567253,0.7544031863649987,0.8250555555555555,0.7954968932861717,,,0.7539806145063872,0.00042257185861149793,1.000560454540185
tax_247639,pseeiip,PseEIIP,64,1.0,69,N_3pct,2400,0.6920833333333334,0.6920833333333334,0.41307199001559014,0.6813235207713781,0.8018847222222222,0.7717916154358447,0.6638454275643348,0.698662431795538,0.7748497434746382,-0.09352622270326005,0.8792976012563896
tax_247639,pseeiip,PseEIIP,64,1.0,69,clean,2400,0.7154166666666667,0.7154166666666666,0.45102123718919224,0.7090508921321093,0.8144263888888889,0.7867589739978622,0.6917206738090268,0.7277534998774168,0.7748497434746382,-0.06579885134252894,0.9150817924421464
tax_247639,pseeiip,PseEIIP,64,1.0,69,substitution_1pct,2400,0.7108333333333333,0.7108333333333333,0.44130599586344227,0.7044022344465102,0.8095097222222222,0.7839839488368717,0.6862608266831141,0.7226253916331699,0.7748497434746382,-0.07044750902812802,0.9090823612946917
tax_247639,pseeiip,PseEIIP,64,1.0,75,N_3pct,2400,0.7054166666666667,0.7054166666666666,0.43199782621830096,0.6982049705470604,0.8152118055555555,0.786346959931706,0.6785580373457877,0.7165551626549069,0.7748497434746382,-0.07664477292757776,0.9010843410957566
tax_247639,pseeiip,PseEIIP,64,1.0,75,clean,2400,0.7291666666666666,0.7291666666666666,0.4687866253858433,0.7261474422171104,0.825167361111111,0.8005345167392772,0.7097342383947213,0.7442604449225516,0.7748497434746382,-0.048702301257527836,0.9371461348891549
tax_247639,pseeiip,PseEIIP,64,1.0,75,substitution_1pct,2400,0.7245833333333334,0.7245833333333334,0.45966492325372027,0.721438636692874,0.819542361111111,0.7943722537738336,0.7065071281707992,0.7387080995668908,0.7748497434746382,-0.053411106781764195,0.9310690785774102
tax_247639,pseeiip,PseEIIP,64,1.0,100,N_3pct,2400,0.7545833333333334,0.7545833333333334,0.5095250525085606,0.7544970236932255,0.8482444444444444,0.8292858028513708,0.7395338415603794,0.7696015954125042,0.7748497434746382,-0.02035271978141273,0.9737333335232898
tax_247639,pseeiip,PseEIIP,64,1.0,100,clean,2400,0.775,0.7749999999999999,0.550735570223146,0.7748497434746382,0.8601138888888888,0.837086297881189,0.759429967006328,0.7905362430123831,0.7748497434746382,0.0,1.0
tax_247639,pseeiip,PseEIIP,64,1.0,100,substitution_1pct,2400,0.7770833333333333,0.7770833333333333,0.5551392049179567,0.7768880716613272,0.8542166666666666,0.8312838624760346,0.7549532444748722,0.7945173719827772,0.7748497434746382,0.0020383281866890313,1.002630610907282
tax_247639,pseeiip,PseEIIP,64,10.0,69,N_3pct,2400,0.6529166666666667,0.6529166666666667,0.3591212941054702,0.6273180076128388,0.8074861111111111,0.781928169790867,,,0.7853656537465241,-0.15804764613368527,0.7987591571139742
tax_247639,pseeiip,PseEIIP,64,10.0,69,clean,2400,0.6945833333333333,0.6945833333333333,0.4275612094504497,0.6808991707042511,0.8196944444444444,0.7969500344509011,,,0.7853656537465241,-0.10446648304227302,0.8669836368016299
tax_247639,pseeiip,PseEIIP,64,10.0,69,substitution_1pct,2400,0.69125,0.69125,0.4205881061977684,0.6772998870077821,0.8141625,0.7929322543518886,,,0.7853656537465241,-0.10806576673874202,0.8624006967668845
tax_247639,pseeiip,PseEIIP,64,10.0,75,N_3pct,2400,0.6841666666666667,0.6841666666666666,0.4076193599391908,0.6689838283898043,0.821311111111111,0.7954769493194931,,,0.7853656537465241,-0.11638182535671981,0.8518119237815792
tax_247639,pseeiip,PseEIIP,64,10.0,75,clean,2400,0.7125,0.7125,0.44779657537520906,0.70518678980459,0.8322368055555556,0.8107835344320566,,,0.7853656537465241,-0.08017886394193408,0.8979088739627876
tax_247639,pseeiip,PseEIIP,64,10.0,75,substitution_1pct,2400,0.70875,0.70875,0.4397663161839107,0.7013815375967158,0.8266708333333332,0.8033680457948689,,,0.7853656537465241,-0.08398411614980827,0.8930636758188129
tax_247639,pseeiip,PseEIIP,64,10.0,100,N_3pct,2400,0.7558333333333334,0.7558333333333334,0.5131770597352207,0.7554740159845996,0.8551500000000002,0.8393839687280693,,,0.7853656537465241,-0.029891637761924494,0.9619392093105564
tax_247639,pseeiip,PseEIIP,64,10.0,100,clean,2400,0.7854166666666667,0.7854166666666667,0.5711048710000447,0.7853656537465241,0.8676562499999999,0.8473823096708315,,,0.7853656537465241,0.0,1.0
tax_247639,pseeiip,PseEIIP,64,10.0,100,substitution_1pct,2400,0.78125,0.78125,0.5631356461474348,0.781126541689922,0.86115625,0.8421862377596301,,,0.7853656537465241,-0.004239112056602101,0.994602371473237
tax_1050222,ck4,CK4,136,0.1,69,N_3pct,2400,0.6720833333333334,0.6720833333333334,0.34445395102957693,0.6719465874577233,0.7448243055555557,0.6930167076338041,,,0.7133019464549224,-0.04135535899719911,0.9420226466467204
tax_1050222,ck4,CK4,136,0.1,69,clean,2400,0.6904166666666667,0.6904166666666667,0.38103462040864794,0.690334895725069,0.7548159722222223,0.7000821520310496,,,0.7133019464549224,-0.02296705072985339,0.9678017831803227
tax_1050222,ck4,CK4,136,0.1,69,substitution_1pct,2400,0.6895833333333333,0.6895833333333333,0.37934703110221946,0.6895095379440009,0.7552805555555555,0.6982550336746931,,,0.7133019464549224,-0.02379240851092146,0.9666446886495003
tax_1050222,ck4,CK4,136,0.1,75,N_3pct,2400,0.6808333333333333,0.6808333333333334,0.36182952660537376,0.6807615046718845,0.7517090277777777,0.6991874146794623,,,0.7133019464549224,-0.03254044178303794,0.9543805509787792
tax_1050222,ck4,CK4,136,0.1,75,clean,2400,0.68875,0.68875,0.3784960455101264,0.6883404598855685,0.7605736111111111,0.707146029609852,,,0.7133019464549224,-0.02496148656935393,0.9650057220600458
tax_1050222,ck4,CK4,136,0.1,75,substitution_1pct,2400,0.68125,0.68125,0.3631726183109834,0.6809548278259522,0.7559131944444445,0.7054260725013892,,,0.7133019464549224,-0.03234711862897022,0.9546515766713747
tax_1050222,ck4,CK4,136,0.1,100,N_3pct,2400,0.7058333333333333,0.7058333333333333,0.4173875613763648,0.7038174407897083,0.7706680555555555,0.7225113612899232,,,0.7133019464549224,-0.009484505665214082,0.9867033789654555
tax_1050222,ck4,CK4,136,0.1,100,clean,2400,0.7166666666666667,0.7166666666666666,0.44387735445735266,0.7133019464549224,0.7772736111111112,0.7269133228360454,,,0.7133019464549224,0.0,1.0
tax_1050222,ck4,CK4,136,0.1,100,substitution_1pct,2400,0.71,0.71,0.43005729907848533,0.7066095061049251,0.7712534722222223,0.7196102294381133,,,0.7133019464549224,-0.006692440349997275,0.9906176614500235
tax_1050222,ck4,CK4,136,1.0,69,N_3pct,2400,0.6583333333333333,0.6583333333333334,0.3301976747031111,0.6513358372900574,0.7657729166666667,0.7318269171251981,0.6319278660986093,0.6682441235683388,0.7380842520023553,-0.08674841471229788,0.8824681403553085
tax_1050222,ck4,CK4,136,1.0,69,clean,2400,0.6875,0.6875,0.3817091848823398,0.684753855810617,0.7790312500000001,0.7472966551504404,0.6677585009975806,0.7005547659596196,0.7380842520023553,-0.053330396191738294,0.9277448393634496
tax_1050222,ck4,CK4,136,1.0,69,substitution_1pct,2400,0.69125,0.6912499999999999,0.390455362278975,0.6881050046484349,0.7780805555555557,0.7432351140908688,0.6712434080911327,0.7051082733150636,0.7380842520023553,-0.04997924735392034,0.9322851731108864
tax_1050222,ck4,CK4,136,1.0,75,N_3pct,2400,0.68125,0.68125,0.3699109319285317,0.6780573461228969,0.7763770833333332,0.7469683641050324,0.6605080625381748,0.6962379003218019,0.7380842520023553,-0.06002690587945836,0.9186720137753774
tax_1050222,ck4,CK4,136,1.0,75,clean,2400,0.6970833333333334,0.6970833333333333,0.39683791601600243,0.6960638279896856,0.7872979166666666,0.7565378160745062,0.675944599651735,0.7143956006362299,0.7380842520023553,-0.0420204240126697,0.9430682555566359
tax_1050222,ck4,CK4,136,1.0,75,substitution_1pct,2400,0.695,0.6950000000000001,0.3932517633026824,0.6937390129219543,0.7801138888888888,0.7510505920898012,0.6785929060632238,0.7105703085375842,0.7380842520023553,-0.044345239080401,0.9399184592272544
tax_1050222,ck4,CK4,136,1.0,100,N_3pct,2400,0.7266666666666667,0.7266666666666667,0.4533963094166174,0.7266476838669351,0.8050583333333333,0.777862387279354,0.7095706979086298,0.7449070781707643,0.7380842520023553,-0.011436568135420155,0.9845050641516957
tax_1050222,ck4,CK4,136,1.0,100,clean,2400,0.73875,0.73875,0.47994612633779066,0.7380842520023553,0.814717361111111,0.7874704704038952,0.7211389929122218,0.7559644145981235,0.7380842520023553,0.0,1.0
tax_1050222,ck4,CK4,136,1.0,100,substitution_1pct,2400,0.72625,0.7262500000000001,0.45444836352984297,0.725663176388243,0.8081347222222222,0.7799527259719102,0.70931838274856,0.7418653473716704,0.7380842520023553,-0.01242107561411232,0.9831711954557829
tax_1050222,ck4,CK4,136,10.0,69,N_3pct,2400,0.6270833333333333,0.6270833333333333,0.3002807860803904,0.598630635357614,0.7623312499999999,0.7331858785169274,,,0.7371625093609782,-0.1385318740033642,0.8120741732736071
tax_1050222,ck4,CK4,136,10.0,69,clean,2400,0.6625,0.6625,0.35241066166692764,0.6493951705988272,0.7766187499999999,0.7526141095127474,,,0.7371625093609782,-0.08776733876215093,0.8809389549147941
tax_1050222,ck4,CK4,136,10.0,69,substitution_1pct,2400,0.6595833333333333,0.6595833333333333,0.3470138309717576,0.6459473265393789,0.7755361111111112,0.7496300541639537,,,0.7371625093609782,-0.09121518282159924,0.8762617717758454
tax_1050222,ck4,CK4,136,10.0,75,N_3pct,2400,0.6570833333333334,0.6570833333333334,0.34374710081415033,0.642357334490228,0.7734493055555555,0.751382569411472,,,0.7371625093609782,-0.09480517487075013,0.8713917573576366
tax_1050222,ck4,CK4,136,10.0,75,clean,2400,0.6841666666666667,0.6841666666666666,0.38407203215467134,0.6776982495925165,0.7865680555555556,0.7634610189882728,,,0.7371625093609782,-0.0594642597684617,0.9193335811122444
tax_1050222,ck4,CK4,136,10.0,75,substitution_1pct,2400,0.6745833333333333,0.6745833333333333,0.3639930884824771,0.6679585883563366,0.7781715277777778,0.7562172980122297,,,0.7371625093609782,-0.06920392100464157,0.906121214622496
tax_1050222,ck4,CK4,136,10.0,100,N_3pct,2400,0.7204166666666667,0.7204166666666667,0.44194342238410805,0.7200655335903108,0.8086451388888888,0.786748599511606,,,0.7371625093609782,-0.017096975770667378,0.9768070465418973
tax_1050222,ck4,CK4,136,10.0,100,clean,2400,0.7375,0.7375,0.47622454546420545,0.7371625093609782,0.8178923611111112,0.7935854955019364,,,0.7371625093609782,0.0,1.0
tax_1050222,ck4,CK4,136,10.0,100,substitution_1pct,2400,0.72875,0.72875,0.4584946431326267,0.7284557799518541,0.8105361111111111,0.7860594248198165,,,0.7371625093609782,-0.008706729409124092,0.9881888602600373
tax_1050222,ck4_p,CK4+P,147,0.1,69,N_3pct,2400,0.6641666666666667,0.6641666666666667,0.32910259553404786,0.6637741697078325,0.7252624999999999,0.6631547252553702,,,0.6984220708952026,-0.034647901187370045,0.9503911708532348
tax_1050222,ck4_p,CK4+P,147,0.1,69,clean,2400,0.6770833333333334,0.6770833333333333,0.3561669421025691,0.6761765715142279,0.7334243055555555,0.6672918790012878,,,0.6984220708952026,-0.022245499380974643,0.9681489169543833
tax_1050222,ck4_p,CK4+P,147,0.1,69,substitution_1pct,2400,0.6770833333333334,0.6770833333333334,0.3560419379951354,0.6762329389119442,0.7344340277777777,0.6673314089985657,,,0.6984220708952026,-0.022189131983258337,0.9682296237362353
tax_1050222,ck4_p,CK4+P,147,0.1,75,N_3pct,2400,0.6708333333333333,0.6708333333333334,0.3444410223375246,0.6695076919644352,0.7300326388888889,0.6653628946101724,,,0.6984220708952026,-0.028914378930767426,0.9586004221004837
tax_1050222,ck4_p,CK4+P,147,0.1,75,clean,2400,0.6725,0.6725000000000001,0.3483491234590644,0.6709256994050008,0.737926388888889,0.6730076180348088,,,0.6984220708952026,-0.027496371490201788,0.9606307236898194
tax_1050222,ck4_p,CK4+P,147,0.1,75,substitution_1pct,2400,0.6691666666666667,0.6691666666666667,0.34115430748053216,0.6677988746721746,0.7342715277777778,0.6726509722751992,,,0.6984220708952026,-0.030623196223028004,0.956153739265747
tax_1050222,ck4_p,CK4+P,147,0.1,100,N_3pct,2400,0.6958333333333333,0.6958333333333333,0.40451159393721914,0.6910052910052911,0.7442451388888888,0.6826974465080484,,,0.6984220708952026,-0.007416779889911518,0.9893806622113115
tax_1050222,ck4_p,CK4+P,147,0.1,100,clean,2400,0.70375,0.70375,0.42270950942751523,0.6984220708952026,0.7486361111111112,0.6827103643486008,,,0.6984220708952026,0.0,1.0
tax_1050222,ck4_p,CK4+P,147,0.1,100,substitution_1pct,2400,0.69625,0.69625,0.40638511702709135,0.6910623686383808,0.7429937499999999,0.6760516900491602,,,0.6984220708952026,-0.0073597022568218096,0.9894623859074377
tax_1050222,ck4_p,CK4+P,147,1.0,69,N_3pct,2400,0.6729166666666667,0.6729166666666666,0.3513067092628833,0.6703688352279835,0.7646104166666667,0.726800648977754,0.6520590358997514,0.6861695953586893,0.7319109137038589,-0.06154207847587534,0.9159158890466059
tax_1050222,ck4_p,CK4+P,147,1.0,69,clean,2400,0.6925,0.6924999999999999,0.3878023014372143,0.6913890004014451,0.7775256944444444,0.7404368377085783,0.6746524404343613,0.7097372760758286,0.7319109137038589,-0.040521913302413726,0.9446354569337527
tax_1050222,ck4_p,CK4+P,147,1.0,69,substitution_1pct,2400,0.6945833333333333,0.6945833333333333,0.39280732194182305,0.6931680175448174,0.7765604166666666,0.737195649906351,0.6753656877506193,0.7118542577851826,0.7319109137038589,-0.03874289615904147,0.9470661040385615
tax_1050222,ck4_p,CK4+P,147,1.0,75,N_3pct,2400,0.6908333333333333,0.6908333333333334,0.38372080755387705,0.6900058210946443,0.7749840277777779,0.7415892658843166,0.6714292501252337,0.706261456914515,0.7319109137038589,-0.0419050926092146,0.9427456377209181
tax_1050222,ck4_p,CK4+P,147,1.0,75,clean,2400,0.6991666666666667,0.6991666666666667,0.39909288690529887,0.6988803939300627,0.7851104166666667,0.7494795491568117,0.6823167452268196,0.7147555048439106,0.7319109137038589,-0.03303051977379612,0.9548708467719874
tax_1050222,ck4_p,CK4+P,147,1.0,75,substitution_1pct,2400,0.6925,0.6925,0.38618666532270307,0.6920275617248961,0.7785791666666666,0.745051109708236,0.6742062148459564,0.7125850928543476,0.7319109137038589,-0.039883351978962756,0.9455079146488856
tax_1050222,ck4_p,CK4+P,147,1.0,100,N_3pct,2400,0.7266666666666667,0.7266666666666667,0.45504550313504344,0.7261524418073939,0.8014694444444443,0.7705290924012239,0.7072161185202939,0.743465221816479,0.7319109137038589,-0.005758471896464945,0.9921322775919217
tax_1050222,ck4_p,CK4+P,147,1.0,100,clean,2400,0.7329166666666667,0.7329166666666667,0.4693683749813469,0.7319109137038589,0.8104715277777778,0.7799160993040397,0.7144259965679917,0.7482349665737857,0.7319109137038589,0.0,1.0
tax_1050222,ck4_p,CK4+P,147,1.0,100,substitution_1pct,2400,0.7245833333333334,0.7245833333333334,0.45221064848335163,0.7236563828076783,0.8043027777777777,0.7722148385252332,0.7054789668931138,0.7422262869562986,0.7319109137038589,-0.008254530896180556,0.9887219458794401
tax_1050222,ck4_p,CK4+P,147,10.0,69,N_3pct,2400,0.6445833333333333,0.6445833333333333,0.3156321058512023,0.629709952123841,0.7647138888888888,0.7349058190678164,,,0.7379139957264957,-0.10820404360265479,0.853364966338489
tax_1050222,ck4_p,CK4+P,147,10.0,69,clean,2400,0.67,0.6699999999999999,0.360850624750596,0.6604741786754635,0.7789722222222223,0.753446853174361,,,0.7379139957264957,-0.0774398170510322,0.8950557686945744
tax_1050222,ck4_p,CK4+P,147,10.0,69,substitution_1pct,2400,0.6691666666666667,0.6691666666666667,0.3599975539573233,0.6592213737727786,0.7778673611111112,0.7505040332462793,,,0.7379139957264957,-0.07869262195371718,0.8933580032233401
tax_1050222,ck4_p,CK4+P,147,10.0,75,N_3pct,2400,0.6745833333333333,0.6745833333333333,0.3627229831831366,0.6685044766220847,0.7758451388888888,0.7531360112132057,,,0.7379139957264957,-0.06940951910441107,0.9059381994292227
tax_1050222,ck4_p,CK4+P,147,10.0,75,clean,2400,0.6925,0.6925,0.3967602408178729,0.6879437622227312,0.7883291666666666,0.7637424512133844,,,0.7379139957264957,-0.049970233503764505,0.9322817648219729
tax_1050222,ck4_p,CK4+P,147,10.0,75,substitution_1pct,2400,0.6833333333333333,0.6833333333333333,0.3773879153772304,0.6788361472733471,0.7800493055555555,0.7568248331415128,,,0.7379139957264957,-0.059077848453148674,0.9199393848127451
tax_1050222,ck4_p,CK4+P,147,10.0,100,N_3pct,2400,0.7341666666666666,0.7341666666666666,0.46852143038731014,0.7341133046840651,0.809136111111111,0.7866735035757356,,,0.7379139957264957,-0.0038006910424306373,0.9948494119037696
tax_1050222,ck4_p,CK4+P,147,10.0,100,clean,2400,0.7383333333333333,0.7383333333333333,0.4781993608684721,0.7379139957264957,0.8187548611111111,0.7941106677130769,,,0.7379139957264957,0.0,1.0
tax_1050222,ck4_p,CK4+P,147,10.0,100,substitution_1pct,2400,0.7279166666666667,0.7279166666666667,0.45714969265595395,0.7275249364581267,0.8113409722222222,0.7866879740986308,,,0.7379139957264957,-0.010389059268369083,0.9859210431994303
tax_1050222,ck4_msp,CK4+MSP,211,0.1,69,N_3pct,2400,0.6616666666666666,0.6616666666666666,0.32368598350733807,0.6614823626196484,0.7248319444444444,0.6623911816028356,,,0.6980319059827429,-0.03654954336309446,0.9476391508040922
tax_1050222,ck4_msp,CK4+MSP,211,0.1,69,clean,2400,0.6766666666666666,0.6766666666666667,0.35523498341232285,0.6758012360774177,0.7330722222222222,0.6666390957541086,,,0.6980319059827429,-0.022230669905325184,0.9681523584885032
tax_1050222,ck4_msp,CK4+MSP,211,0.1,69,substitution_1pct,2400,0.6770833333333334,0.6770833333333333,0.35592105930153806,0.6762874838644104,0.7341645833333335,0.6666976392623286,,,0.6980319059827429,-0.021744422118332496,0.9688489567139212
tax_1050222,ck4_msp,CK4+MSP,211,0.1,75,N_3pct,2400,0.67125,0.67125,0.3443134976847074,0.6703842436148697,0.7295104166666668,0.6645102886985965,,,0.6980319059827429,-0.027647662367873194,0.9603919790328943
tax_1050222,ck4_msp,CK4+MSP,211,0.1,75,clean,2400,0.6733333333333333,0.6733333333333333,0.35019862349563197,0.6716860637573938,0.7375340277777778,0.6722627247263981,,,0.6980319059827429,-0.02634584222534908,0.9622569656207084
tax_1050222,ck4_msp,CK4+MSP,211,0.1,75,substitution_1pct,2400,0.6683333333333333,0.6683333333333333,0.33947374438949507,0.6669620960189558,0.7338986111111111,0.6718275022478268,,,0.6980319059827429,-0.031069809963787054,0.9554894128799963
tax_1050222,ck4_msp,CK4+MSP,211,0.1,100,N_3pct,2400,0.6941666666666667,0.6941666666666666,0.39871082193456464,0.6901872945837648,0.7438965277777778,0.6820471215760415,,,0.6980319059827429,-0.007844611398978074,0.9887618154245631
tax_1050222,ck4_msp,CK4+MSP,211,0.1,100,clean,2400,0.7033333333333334,0.7033333333333334,0.42174470978169804,0.6980319059827429,0.7483375000000001,0.6820362851657195,,,0.6980319059827429,0.0,1.0
tax_1050222,ck4_msp,CK4+MSP,211,0.1,100,substitution_1pct,2400,0.6975,0.6975,0.40887905546768816,0.6923674499902894,0.7426319444444445,0.6753381470877549,,,0.6980319059827429,-0.005664455992453465,0.9918851044717238
tax_1050222,ck4_msp,CK4+MSP,211,1.0,69,N_3pct,2400,0.6708333333333333,0.6708333333333333,0.34883373015054586,0.6674521997616039,0.7638951388888889,0.726222856771984,0.649093498917592,0.6852600047760831,0.7336377009281736,-0.06618550116656974,0.9097844875163393
tax_1050222,ck4_msp,CK4+MSP,211,1.0,69,clean,2400,0.6916666666666667,0.6916666666666667,0.3859690668038416,0.6906138945021253,0.7768986111111111,0.739920570376806,0.6687708159340945,0.7066407215170198,0.7336377009281736,-0.043023806426048306,0.9413555132572712
tax_1050222,ck4_msp,CK4+MSP,211,1.0,69,substitution_1pct,2400,0.69625,0.69625,0.3959914545551672,0.6949109450698456,0.7760548611111111,0.7367237144363322,0.6770998232523409,0.7112188744801193,0.7336377009281736,-0.038726755858327966,0.9472126966630365
tax_1050222,ck4_msp,CK4+MSP,211,1.0,75,N_3pct,2400,0.6866666666666666,0.6866666666666666,0.3768694649921865,0.6851967101939891,0.7741,0.740724099139806,0.6687682113142464,0.7026508502633104,0.7336377009281736,-0.04844099073418451,0.9339715084531526
tax_1050222,ck4_msp,CK4+MSP,211,1.0,75,clean,2400,0.7,0.7,0.40068229732980687,0.6997445743775086,0.7842409722222222,0.7485832077523533,0.6829782459597371,0.718296679317716,0.7336377009281736,-0.03389312655066501,0.9538012747875626
tax_1050222,ck4_msp,CK4+MSP,211,1.0,75,substitution_1pct,2400,0.6945833333333333,0.6945833333333333,0.39039195318520525,0.6941040432274528,0.7778333333333333,0.7441521105367767,0.6739346103454157,0.7128387861523067,0.7336377009281736,-0.039533657700720815,0.9461128324638931
tax_1050222,ck4_msp,CK4+MSP,211,1.0,100,N_3pct,2400,0.7233333333333334,0.7233333333333334,0.4471538328864258,0.7231826216495647,0.80085625,0.7695645212214666,0.706908798517273,0.7404201483285342,0.7336377009281736,-0.010455079278608892,0.9857489885465517
tax_1050222,ck4_msp,CK4+MSP,211,1.0,100,clean,2400,0.7345833333333334,0.7345833333333334,0.47253381755851553,0.7336377009281736,0.8099583333333332,0.7793816398908351,0.7160736493297788,0.7479389864142326,0.7336377009281736,0.0,1.0
tax_1050222,ck4_msp,CK4+MSP,211,1.0,100,substitution_1pct,2400,0.7258333333333333,0.7258333333333333,0.4544243009187451,0.7250014627581769,0.8037,0.771520727850092,0.7083420331027509,0.7398284025212252,0.7336377009281736,-0.008636238169996702,0.9882281974344143
tax_1050222,ck4_msp,CK4+MSP,211,10.0,69,N_3pct,2400,0.6320833333333333,0.6320833333333333,0.3006568645252611,0.6098438215422105,0.7632069444444445,0.7331666266115735,,,0.7386568660672103,-0.12881304452499975,0.8256117956219213
tax_1050222,ck4_msp,CK4+MSP,211,10.0,69,clean,2400,0.6695833333333333,0.6695833333333333,0.36053703030361706,0.6597996800701279,0.7775270833333333,0.7517485224948941,,,0.7386568660672103,-0.07885718599708236,0.8932424653182508
tax_1050222,ck4_msp,CK4+MSP,211,10.0,69,substitution_1pct,2400,0.6716666666666666,0.6716666666666666,0.3650829936340724,0.6618954450279751,0.7764347222222222,0.7488463152408267,,,0.7386568660672103,-0.07676142103923511,0.896079729891456
tax_1050222,ck4_msp,CK4+MSP,211,10.0,75,N_3pct,2400,0.6629166666666667,0.6629166666666667,0.3479497438648548,0.6522149711280749,0.7736979166666667,0.7510606029238758,,,0.7386568660672103,-0.08644189493913534,0.8829742213060672
tax_1050222,ck4_msp,CK4+MSP,211,10.0,75,clean,2400,0.685,0.685,0.38130204961717656,0.6803326344720662,0.7866500000000001,0.7622229987721554,,,0.7386568660672103,-0.058324231595144105,0.9210401550781264
tax_1050222,ck4_msp,CK4+MSP,211,10.0,75,substitution_1pct,2400,0.6770833333333334,0.6770833333333333,0.3650632927833327,0.6722651184893749,0.778504861111111,0.7549430336289795,,,0.7386568660672103,-0.06639174757783539,0.9101182827537754
tax_1050222,ck4_msp,CK4+MSP,211,10.0,100,N_3pct,2400,0.7216666666666667,0.7216666666666667,0.4438885412319595,0.7214925995413801,0.8082631944444443,0.7852679806385793,,,0.7386568660672103,-0.01716426652583014,0.9767628687766529
tax_1050222,ck4_msp,CK4+MSP,211,10.0,100,clean,2400,0.7391666666666666,0.7391666666666666,0.48021049013419137,0.7386568660672103,0.8178201388888889,0.7933729509850319,,,0.7386568660672103,0.0,1.0
tax_1050222,ck4_msp,CK4+MSP,211,10.0,100,substitution_1pct,2400,0.7279166666666667,0.7279166666666668,0.4572084554175841,0.7275075021503643,0.8104576388888889,0.7859297694587462,,,0.7386568660672103,-0.011149363916845956,0.9849058955124754
tax_1050222,ck4p_msp,CK4P-MSP,222,0.1,69,N_3pct,2400,0.6591666666666667,0.6591666666666667,0.3202179357657197,0.658163709494872,0.7118090277777778,0.6426028682377427,,,0.6925200403461274,-0.034356330851255334,0.9503894055772253
tax_1050222,ck4p_msp,CK4P-MSP,222,0.1,69,clean,2400,0.6725,0.6725,0.34818744770529547,0.6710009982984975,0.7189423611111112,0.6460898282081913,,,0.6925200403461274,-0.021519042047629888,0.968926470291207
tax_1050222,ck4p_msp,CK4P-MSP,222,0.1,69,substitution_1pct,2400,0.6695833333333333,0.6695833333333333,0.3420319027368702,0.6681993906877209,0.7201895833333334,0.6466914103615926,,,0.6925200403461274,-0.024320649658406412,0.9648809446059485
tax_1050222,ck4p_msp,CK4P-MSP,222,0.1,75,N_3pct,2400,0.6658333333333334,0.6658333333333333,0.3357240699922924,0.6638141168728006,0.7156388888888889,0.6424697945587972,,,0.6925200403461274,-0.02870592347332679,0.9585486024939014
tax_1050222,ck4p_msp,CK4P-MSP,222,0.1,75,clean,2400,0.6716666666666666,0.6716666666666666,0.34850688594622437,0.6692297628850329,0.7222583333333334,0.6501765159352608,,,0.6925200403461274,-0.023290277461094466,0.9663688036385867
tax_1050222,ck4p_msp,CK4P-MSP,222,0.1,75,substitution_1pct,2400,0.665,0.665,0.3350719109144647,0.6624647351215799,0.7195847222222223,0.6506704136801063,,,0.6925200403461274,-0.03005530522454747,0.956600093176328
tax_1050222,ck4p_msp,CK4P-MSP,222,0.1,100,N_3pct,2400,0.685,0.685,0.38265000627230517,0.6797946619737101,0.7269472222222222,0.6553830674812638,,,0.6925200403461274,-0.012725378372417273,0.9816245341202587
tax_1050222,ck4p_msp,CK4P-MSP,222,0.1,100,clean,2400,0.6983333333333334,0.6983333333333333,0.41257376754392605,0.6925200403461274,0.7298277777777777,0.6539453330628706,,,0.6925200403461274,0.0,1.0
tax_1050222,ck4p_msp,CK4P-MSP,222,0.1,100,substitution_1pct,2400,0.6925,0.6925,0.3994651028826581,0.6869343891402715,0.7245666666666667,0.6471390780971676,,,0.6925200403461274,-0.005585651205855857,0.991934311095078
tax_1050222,ck4p_msp,CK4P-MSP,222,1.0,69,N_3pct,2400,0.6708333333333333,0.6708333333333334,0.3445154336626064,0.669472431978612,0.7621736111111111,0.7217969653151964,0.6504468052390759,0.6861845260569124,0.731214120888054,-0.061741688909442094,0.9155627781990079
tax_1050222,ck4p_msp,CK4P-MSP,222,1.0,69,clean,2400,0.6970833333333334,0.6970833333333333,0.3954076956244156,0.6966079664752498,0.7745840277777778,0.7342307275625443,0.6792750834820022,0.713558703254338,0.731214120888054,-0.034606154412804235,0.9526730222731813
tax_1050222,ck4p_msp,CK4P-MSP,222,1.0,69,substitution_1pct,2400,0.6991666666666667,0.6991666666666667,0.40014307141924627,0.6984863765537661,0.7739069444444444,0.7306921543440896,0.6816394618626985,0.7144313341358751,0.731214120888054,-0.032727744334287934,0.9552419142363657
tax_1050222,ck4p_msp,CK4P-MSP,222,1.0,75,N_3pct,2400,0.6920833333333334,0.6920833333333334,0.38522763746025807,0.6916593113550771,0.771782638888889,0.7343812788226616,0.6753584971147202,0.7105868208973847,0.731214120888054,-0.039554809532976964,0.9459052985944282
tax_1050222,ck4p_msp,CK4P-MSP,222,1.0,75,clean,2400,0.6995833333333333,0.6995833333333333,0.399377643710596,0.6995039836040038,0.781773611111111,0.7426161889722946,0.685371624115596,0.7170647179211586,0.731214120888054,-0.031710137284050255,0.9566335819041096
tax_1050222,ck4p_msp,CK4P-MSP,222,1.0,75,substitution_1pct,2400,0.6925,0.6925,0.38554872644985666,0.6922811777263832,0.7756868055555555,0.7380759771191076,0.675688079802372,0.7112360939566577,0.731214120888054,-0.03893294316167084,0.9467557558730033
tax_1050222,ck4p_msp,CK4P-MSP,222,1.0,100,N_3pct,2400,0.7275,0.7275,0.4575291194768273,0.7267468459942718,0.797026388888889,0.762901381455906,0.7081224595547172,0.7430169270865444,0.731214120888054,-0.0044672748937822915,0.9938906063679995
tax_1050222,ck4p_msp,CK4P-MSP,222,1.0,100,clean,2400,0.7325,0.7324999999999999,0.46951403596656505,0.731214120888054,0.8056666666666665,0.7719822465541915,0.7128974467854461,0.7517049786276205,0.731214120888054,0.0,1.0
tax_1050222,ck4p_msp,CK4P-MSP,222,1.0,100,substitution_1pct,2400,0.72,0.72,0.44396404403756623,0.71875,0.7997097222222223,0.7647576410207285,0.7000116358025731,0.7349055487734795,0.731214120888054,-0.012464120888054042,0.9829542119989197
tax_1050222,ck4p_msp,CK4P-MSP,222,10.0,69,N_3pct,2400,0.6516666666666666,0.6516666666666666,0.32490935713113345,0.6401140786712346,0.7644715277777777,0.7343937326322999,,,0.7391394628255474,-0.09902538415431283,0.866026116673891
tax_1050222,ck4p_msp,CK4P-MSP,222,10.0,69,clean,2400,0.675,0.675,0.3673057924911711,0.667348081849431,0.7786645833333332,0.7524185267402466,,,0.7391394628255474,-0.07179138097611648,0.9028716709270592
tax_1050222,ck4p_msp,CK4P-MSP,222,10.0,69,substitution_1pct,2400,0.6783333333333333,0.6783333333333333,0.3747219010676016,0.670588503026717,0.77761875,0.7491995237113832,,,0.7391394628255474,-0.06855095979883041,0.9072557166183808
tax_1050222,ck4p_msp,CK4P-MSP,222,10.0,75,N_3pct,2400,0.6766666666666666,0.6766666666666667,0.36351339122397947,0.6721401516351799,0.7752972222222221,0.7522877274355566,,,0.7391394628255474,-0.0669993111903675,0.9093549802709143
tax_1050222,ck4p_msp,CK4P-MSP,222,10.0,75,clean,2400,0.6879166666666666,0.6879166666666667,0.38351685126383406,0.6847907872497383,0.7877763888888889,0.7623558372651201,,,0.7391394628255474,-0.054348675575809136,0.926470337048373
tax_1050222,ck4p_msp,CK4P-MSP,222,10.0,75,substitution_1pct,2400,0.6820833333333334,0.6820833333333334,0.37174072617845766,0.6788449643006154,0.7798986111111111,0.7557505722381967,,,0.7391394628255474,-0.06029449852493207,0.9184260866082822
tax_1050222,ck4p_msp,CK4P-MSP,222,10.0,100,N_3pct,2400,0.7291666666666666,0.7291666666666667,0.45864174620302717,0.7290756059675614,0.8082881944444444,0.785085862770379,,,0.7391394628255474,-0.010063856857986053,0.9863843599697486
tax_1050222,ck4p_msp,CK4P-MSP,222,10.0,100,clean,2400,0.7395833333333334,0.7395833333333334,0.4808057022553914,0.7391394628255474,0.8178750000000001,0.7930493786446435,,,0.7391394628255474,0.0,1.0
tax_1050222,ck4p_msp,CK4P-MSP,222,10.0,100,substitution_1pct,2400,0.7279166666666667,0.7279166666666667,0.45709222926412396,0.7275419896006297,0.8105784722222222,0.7855298636852569,,,0.7391394628255474,-0.011597473224917776,0.9843094925813005
tax_1050222,ck5,CK5,512,0.1,69,N_3pct,2400,0.6725,0.6725000000000001,0.34615626613150385,0.6719530272349938,0.7451756944444445,0.6941470011582915,,,0.7087324615445765,-0.03677943430958264,0.9481053340926033
tax_1050222,ck5,CK5,512,0.1,69,clean,2400,0.6870833333333334,0.6870833333333333,0.37766699689909755,0.6856332621775687,0.75560625,0.7035291162184495,,,0.7087324615445765,-0.023099199367007772,0.9674077305325249
tax_1050222,ck5,CK5,512,0.1,69,substitution_1pct,2400,0.6925,0.6925,0.3881262251705765,0.6912616160376621,0.7557805555555556,0.6993735062408631,,,0.7087324615445765,-0.017470845506914356,0.9753491670625059
tax_1050222,ck5,CK5,512,0.1,75,N_3pct,2400,0.6833333333333333,0.6833333333333333,0.36988688425916916,0.6819549171095003,0.7508138888888889,0.7047551199015558,,,0.7087324615445765,-0.026777544435076184,0.9622176972440086
tax_1050222,ck5,CK5,512,0.1,75,clean,2400,0.6883333333333334,0.6883333333333332,0.3820097231372895,0.6861538461538461,0.7596166666666666,0.710489475455556,,,0.7087324615445765,-0.02257861539073036,0.9681422587283167
tax_1050222,ck5,CK5,512,0.1,75,substitution_1pct,2400,0.6866666666666666,0.6866666666666666,0.37800106608263506,0.6847321480976325,0.7551145833333334,0.7074227236782463,,,0.7087324615445765,-0.024000313446943977,0.966136285905913
tax_1050222,ck5,CK5,512,0.1,100,N_3pct,2400,0.70375,0.7037500000000001,0.4168704033151949,0.700420874962759,0.7685631944444444,0.721275853238263,,,0.7087324615445765,-0.00831158658181752,0.9882726035100697
tax_1050222,ck5,CK5,512,0.1,100,clean,2400,0.71375,0.71375,0.4430364039716923,0.7087324615445765,0.7731493055555555,0.7231971632846961,,,0.7087324615445765,0.0,1.0
tax_1050222,ck5,CK5,512,0.1,100,substitution_1pct,2400,0.7029166666666666,0.7029166666666666,0.4184999532569146,0.6984218431973348,0.7663104166666667,0.7162702000761366,,,0.7087324615445765,-0.010310618347241673,0.9854520303405163
tax_1050222,ck5,CK5,512,1.0,69,N_3pct,2400,0.67875,0.67875,0.36109895821862775,0.6771491417774838,0.766142361111111,0.7292420628953851,0.6564919925735037,0.6938672714638856,0.7247399378924471,-0.04759079611496331,0.9343339677769684
tax_1050222,ck5,CK5,512,1.0,69,clean,2400,0.69375,0.69375,0.38882548095436,0.6932280082828438,0.78009375,0.7461844732300649,0.6757170352589288,0.7125287505207737,0.7247399378924471,-0.03151192960960325,0.956519672834313
tax_1050222,ck5,CK5,512,1.0,69,substitution_1pct,2400,0.6933333333333334,0.6933333333333334,0.38836189840404567,0.692664023874215,0.7777423611111112,0.7411970008979276,0.6737925197424962,0.7137497367445151,0.7247399378924471,-0.032075914018232066,0.9557414841639482
tax_1050222,ck5,CK5,512,1.0,75,N_3pct,2400,0.6904166666666667,0.6904166666666667,0.3825331396664104,0.6897288450733927,0.7751201388888889,0.7468273729454644,0.6682551755656368,0.7087680151614063,0.7247399378924471,-0.035011092819054346,0.9516915089281998
tax_1050222,ck5,CK5,512,1.0,75,clean,2400,0.7016666666666667,0.7016666666666667,0.40374232960134293,0.701515558918369,0.7869618055555555,0.7563455190044089,0.6847665528414612,0.7175531063842261,0.7247399378924471,-0.02322437897407803,0.9679548790403151
tax_1050222,ck5,CK5,512,1.0,75,substitution_1pct,2400,0.6979166666666666,0.6979166666666667,0.39678358304263506,0.6975549402749226,0.7800715277777779,0.7469757893884381,0.6808512511177098,0.7169660747059752,0.7247399378924471,-0.027184997617524465,0.9624899964853892
tax_1050222,ck5,CK5,512,1.0,100,N_3pct,2400,0.7141666666666666,0.7141666666666666,0.42837141248470284,0.7141539623983288,0.7996624999999999,0.7701295292337671,0.6962456753307541,0.7333030620265212,0.7247399378924471,-0.010585975494118216,0.9853934150160092
tax_1050222,ck5,CK5,512,1.0,100,clean,2400,0.7254166666666667,0.7254166666666666,0.45306657195795785,0.7247399378924471,0.8094076388888889,0.7811093651791756,0.7069898622969286,0.7416323986282649,0.7247399378924471,0.0,1.0
tax_1050222,ck5,CK5,512,1.0,100,substitution_1pct,2400,0.7179166666666666,0.7179166666666668,0.43791979127973835,0.7172446809788053,0.8023347222222222,0.774569591640835,0.6994437574467369,0.732790180113436,0.7247399378924471,-0.0074952569136417235,0.9896580048624918
tax_1050222,ck5,CK5,512,10.0,69,N_3pct,2400,0.6495833333333333,0.6495833333333333,0.31721517767212315,0.6396228466688414,0.7489965277777778,0.7135417946702767,,,0.7174432924385519,-0.07782044576971048,0.8915308755550521
tax_1050222,ck5,CK5,512,10.0,69,clean,2400,0.66875,0.66875,0.3463133909716559,0.6645356711282133,0.7637569444444443,0.7338322353516402,,,0.7174432924385519,-0.05290762131033855,0.9262553265631513
tax_1050222,ck5,CK5,512,10.0,69,substitution_1pct,2400,0.6679166666666667,0.6679166666666667,0.3451548242857701,0.6634332587694657,0.7599347222222221,0.7295396828473615,,,0.7174432924385519,-0.05401003366908619,0.9247187419015251
tax_1050222,ck5,CK5,512,10.0,75,N_3pct,2400,0.6679166666666667,0.6679166666666667,0.3488719862119428,0.6617132751188239,0.7566972222222221,0.7294796127077394,,,0.7174432924385519,-0.05573001731972793,0.922321362667836
tax_1050222,ck5,CK5,512,10.0,75,clean,2400,0.6841666666666667,0.6841666666666666,0.3744493607063668,0.6815875256242229,0.7714118055555554,0.7420846256335776,,,0.7174432924385519,-0.035855766814329004,0.9500228558936593
tax_1050222,ck5,CK5,512,10.0,75,substitution_1pct,2400,0.6804166666666667,0.6804166666666667,0.36783374100883826,0.6773758783085929,0.7627798611111112,0.730857683140667,,,0.7174432924385519,-0.040067414129958956,0.944152500201414
tax_1050222,ck5,CK5,512,10.0,100,N_3pct,2400,0.69875,0.69875,0.3986991466804161,0.698296974050097,0.78259375,0.7529920776788264,,,0.7174432924385519,-0.01914631838845482,0.9733131265003852
tax_1050222,ck5,CK5,512,10.0,100,clean,2400,0.7175,0.7175,0.4351747093633023,0.7174432924385519,0.7945868055555555,0.7655140216371661,,,0.7174432924385519,0.0,1.0
tax_1050222,ck5,CK5,512,10.0,100,substitution_1pct,2400,0.7041666666666667,0.7041666666666666,0.40842921199934196,0.7041319432627857,0.7873326388888888,0.7601516758573627,,,0.7174432924385519,-0.013311349175766152,0.9814461305638226
tax_1050222,pseknc_k3_l3,PseKNC,67,0.1,69,N_3pct,2400,0.6441666666666667,0.6441666666666667,0.2921767954882568,0.6418263500888793,0.6849930555555556,0.6048896927434975,,,0.6733350175010446,-0.03150866741216529,0.9532050664331944
tax_1050222,pseknc_k3_l3,PseKNC,67,0.1,69,clean,2400,0.6433333333333333,0.6433333333333333,0.28972861865266863,0.6414486980524716,0.6889541666666666,0.6060084232393074,,,0.6733350175010446,-0.03188631944857301,0.9526441984750578
tax_1050222,pseknc_k3_l3,PseKNC,67,0.1,69,substitution_1pct,2400,0.6475,0.6475,0.2977941754625759,0.6458462989682379,0.6896562500000001,0.6062159277998327,,,0.6733350175010446,-0.027488718532806766,0.959175272608239
tax_1050222,pseknc_k3_l3,PseKNC,67,0.1,75,N_3pct,2400,0.6570833333333334,0.6570833333333332,0.3195329498967663,0.6542040416740853,0.6890694444444445,0.6032445601307552,,,0.6733350175010446,-0.01913097582695933,0.9715877307288127
tax_1050222,pseknc_k3_l3,PseKNC,67,0.1,75,clean,2400,0.65125,0.65125,0.30657482593429913,0.6489324053320751,0.6915722222222221,0.606232658305105,,,0.6733350175010446,-0.02440261216896955,0.963758587427199
tax_1050222,pseknc_k3_l3,PseKNC,67,0.1,75,substitution_1pct,2400,0.65375,0.65375,0.3114707137283293,0.6515430454585719,0.6908465277777778,0.6075015589848995,,,0.6733350175010446,-0.02179197204247274,0.9676357660361264
tax_1050222,pseknc_k3_l3,PseKNC,67,0.1,100,N_3pct,2400,0.6779166666666666,0.6779166666666667,0.3707537423255306,0.6714384714875645,0.695420138888889,0.6020113904075401,,,0.6733350175010446,-0.0018965460134801049,0.9971833545498364
tax_1050222,pseknc_k3_l3,PseKNC,67,0.1,100,clean,2400,0.67875,0.67875,0.3699762279501406,0.6733350175010446,0.6974402777777778,0.6046214288893101,,,0.6733350175010446,0.0,1.0
tax_1050222,pseknc_k3_l3,PseKNC,67,0.1,100,substitution_1pct,2400,0.6716666666666666,0.6716666666666666,0.3544361745790245,0.6665253678412808,0.6929486111111111,0.6022612339232642,,,0.6733350175010446,-0.006809649659763828,0.9898866842169645
tax_1050222,pseknc_k3_l3,PseKNC,67,1.0,69,N_3pct,2400,0.6683333333333333,0.6683333333333333,0.33714650538039415,0.6680973136452588,0.7423590277777777,0.6970316154268892,0.6471602292052315,0.6871192624462114,0.7132420356526639,-0.04514472200740505,0.936704905556927
tax_1050222,pseknc_k3_l3,PseKNC,67,1.0,69,clean,2400,0.6708333333333333,0.6708333333333334,0.3425068388968277,0.6704296096050997,0.7494180555555556,0.7049630604432353,0.6524278812493651,0.6887863158996579,0.7132420356526639,-0.04281242604756419,0.9399748978502256
tax_1050222,pseknc_k3_l3,PseKNC,67,1.0,69,substitution_1pct,2400,0.6729166666666667,0.6729166666666666,0.3468766160846387,0.6724247920184319,0.7475069444444445,0.7011021567262684,0.6515982282331202,0.6891809373129782,0.7132420356526639,-0.040817243634232,0.9427722405664418
tax_1050222,pseknc_k3_l3,PseKNC,67,1.0,75,N_3pct,2400,0.67625,0.67625,0.3525148108292307,0.6762431988588649,0.751976388888889,0.7083983285460164,0.6582451782066158,0.6933431166992121,0.7132420356526639,-0.036998836793799006,0.9481258325444285
tax_1050222,pseknc_k3_l3,PseKNC,67,1.0,75,clean,2400,0.6833333333333333,0.6833333333333333,0.36666666666666664,0.6833333333333333,0.7586291666666667,0.7124939465939351,0.6658082597494736,0.7008430793162236,0.7132420356526639,-0.029908702319330516,0.9580665456825437
tax_1050222,pseknc_k3_l3,PseKNC,67,1.0,75,substitution_1pct,2400,0.6825,0.6825,0.3650410694305964,0.6824821396203536,0.7546041666666667,0.7092970822031556,0.6628912100731712,0.7017057586425356,0.7132420356526639,-0.03075989603231022,0.9568731307260054
tax_1050222,pseknc_k3_l3,PseKNC,67,1.0,100,N_3pct,2400,0.71375,0.71375,0.4368543345633889,0.7106856283857967,0.7760659722222223,0.7270507074463439,0.6942821409373269,0.7285595506672736,0.7132420356526639,-0.0025564072668671223,0.9964157927616706
tax_1050222,pseknc_k3_l3,PseKNC,67,1.0,100,clean,2400,0.7154166666666667,0.7154166666666666,0.4375203112245877,0.7132420356526639,0.7830305555555556,0.7333712954461964,0.6943229340463613,0.7329453316157245,0.7132420356526639,0.0,1.0
tax_1050222,pseknc_k3_l3,PseKNC,67,1.0,100,substitution_1pct,2400,0.71125,0.7112499999999999,0.42772536552575047,0.7094862892445473,0.7762506944444444,0.7283698900889275,0.688559829445668,0.7271530378395754,0.7132420356526639,-0.0037557464081166003,0.9947342609936334
tax_1050222,pseknc_k3_l3,PseKNC,67,10.0,69,N_3pct,2400,0.66,0.6599999999999999,0.32829195515050047,0.6557068557653631,0.7522500000000001,0.7196446554296871,,,0.7216580154968781,-0.065951159731515,0.908611616146041
tax_1050222,pseknc_k3_l3,PseKNC,67,10.0,69,clean,2400,0.6716666666666666,0.6716666666666666,0.3527914502771243,0.6672662629947725,0.7611388888888888,0.7295251720852858,,,0.7216580154968781,-0.054391752502105595,0.9246294625236642
tax_1050222,pseknc_k3_l3,PseKNC,67,10.0,69,substitution_1pct,2400,0.66125,0.66125,0.33242233954623474,0.6561955372024022,0.7582118055555556,0.72393497462936,,,0.7216580154968781,-0.06546247829447593,0.9092887809894227
tax_1050222,pseknc_k3_l3,PseKNC,67,10.0,75,N_3pct,2400,0.67875,0.67875,0.36109895821862775,0.6771491417774838,0.763411111111111,0.7330210184550681,,,0.7216580154968781,-0.04450887371939438,0.9383241469454905
tax_1050222,pseknc_k3_l3,PseKNC,67,10.0,75,clean,2400,0.6808333333333333,0.6808333333333334,0.3670088242330898,0.6785105722176055,0.7718201388888889,0.7409177419489513,,,0.7216580154968781,-0.04314744327927267,0.9402106782537922
tax_1050222,pseknc_k3_l3,PseKNC,67,10.0,75,substitution_1pct,2400,0.6795833333333333,0.6795833333333333,0.3643136624455659,0.6773200358976215,0.7664298611111112,0.7352106186242512,,,0.7216580154968781,-0.04433797959925667,0.9385609545696947
tax_1050222,pseknc_k3_l3,PseKNC,67,10.0,100,N_3pct,2400,0.71875,0.71875,0.4429108814615759,0.7170320999135201,0.794011111111111,0.7603444380537625,,,0.7216580154968781,-0.004625915583358009,0.993589878468719
tax_1050222,pseknc_k3_l3,PseKNC,67,10.0,100,clean,2400,0.7225,0.7224999999999999,0.4477169311634868,0.7216580154968781,0.8018027777777778,0.7680000041684831,,,0.7216580154968781,0.0,1.0
tax_1050222,pseknc_k3_l3,PseKNC,67,10.0,100,substitution_1pct,2400,0.7154166666666667,0.7154166666666667,0.43311454574937647,0.71466722229272,0.7948722222222223,0.7626278417742612,,,0.7216580154968781,-0.0069907932041581855,0.9903128725046518
tax_1050222,pseeiip,PseEIIP,64,0.1,69,N_3pct,2400,0.6475,0.6475,0.2950922307354097,0.647444913267698,0.7089659722222221,0.6424258798260315,,,0.6821499809808452,-0.034705067713147186,0.9491239922586442
tax_1050222,pseeiip,PseEIIP,64,0.1,69,clean,2400,0.6595833333333333,0.6595833333333334,0.3199328680112194,0.6591757051098093,0.7142673611111111,0.6490590518911495,,,0.6821499809808452,-0.022974275871035954,0.9663207850009732
tax_1050222,pseeiip,PseEIIP,64,0.1,69,substitution_1pct,2400,0.6629166666666667,0.6629166666666667,0.3264715970857246,0.6625871619420007,0.7139236111111111,0.6470830980923112,,,0.6821499809808452,-0.019562819038844492,0.9713218213233464
tax_1050222,pseeiip,PseEIIP,64,0.1,75,N_3pct,2400,0.6566666666666666,0.6566666666666667,0.3141792653106672,0.6562044526530113,0.7163833333333334,0.648713446493592,,,0.6821499809808452,-0.025945528327833922,0.9619650677252419
tax_1050222,pseeiip,PseEIIP,64,0.1,75,clean,2400,0.6575,0.6575,0.3172288728155056,0.656296800117634,0.7194812500000001,0.6527758725916134,,,0.6821499809808452,-0.0258531808632112,0.962100444793625
tax_1050222,pseeiip,PseEIIP,64,0.1,75,substitution_1pct,2400,0.6570833333333334,0.6570833333333334,0.3159978474983566,0.656089755141547,0.7166798611111111,0.6514948379887673,,,0.6821499809808452,-0.026060225839298234,0.9617969265324512
tax_1050222,pseeiip,PseEIIP,64,0.1,100,N_3pct,2400,0.6804166666666667,0.6804166666666667,0.3692669977158829,0.6767676767676768,0.7282208333333333,0.6522635286748567,,,0.6821499809808452,-0.005382304213168432,0.992109793501087
tax_1050222,pseeiip,PseEIIP,64,0.1,100,clean,2400,0.6870833333333334,0.6870833333333333,0.3863519682609665,0.6821499809808452,0.7328965277777778,0.6571616862653453,,,0.6821499809808452,0.0,1.0
tax_1050222,pseeiip,PseEIIP,64,0.1,100,substitution_1pct,2400,0.6858333333333333,0.6858333333333333,0.384026968537876,0.6807787755989103,0.7267625,0.6516848347853033,,,0.6821499809808452,-0.0013712053819349146,0.9979898769769614
tax_1050222,pseeiip,PseEIIP,64,1.0,69,N_3pct,2400,0.6454166666666666,0.6454166666666666,0.3024214607251697,0.6386257800447612,0.7484993055555554,0.7111486177444342,0.6225917577915586,0.6586389912771725,0.7180653594771242,-0.07943957943236302,0.8893699878654379
tax_1050222,pseeiip,PseEIIP,64,1.0,69,clean,2400,0.67,0.67,0.3458620832450658,0.667203585685272,0.7567513888888889,0.721318753115708,0.6477316502293271,0.6840243292515099,0.7180653594771242,-0.050861773791852194,0.9291683227430879
tax_1050222,pseeiip,PseEIIP,64,1.0,69,substitution_1pct,2400,0.66625,0.66625,0.3386136717052519,0.663237318714591,0.7541340277777778,0.7155651093023385,0.6462448718922902,0.6790676274614592,0.7180653594771242,-0.054828040762533226,0.9236447768453034
tax_1050222,pseeiip,PseEIIP,64,1.0,75,N_3pct,2400,0.67,0.6699999999999999,0.3459719883267862,0.6671520698980653,0.7603222222222221,0.7257654167297711,0.64700110269723,0.6849211669278398,0.7180653594771242,-0.05091328957905894,0.9290965802665476
tax_1050222,pseeiip,PseEIIP,64,1.0,75,clean,2400,0.6875,0.6875,0.3775045571366852,0.6864633695154605,0.767120138888889,0.7311248065351796,0.6672677240852344,0.7048631447236545,0.7180653594771242,-0.031601989961663746,0.9559900926223827
tax_1050222,pseeiip,PseEIIP,64,1.0,75,substitution_1pct,2400,0.6829166666666666,0.6829166666666666,0.36838518075769894,0.6818184431368061,0.7614743055555556,0.7262650391725629,0.6630248834868929,0.7003463921516497,0.7180653594771242,-0.03624691634031818,0.9495214246698765
tax_1050222,pseeiip,PseEIIP,64,1.0,100,N_3pct,2400,0.7095833333333333,0.7095833333333333,0.4199877578877736,0.7092994460736396,0.7870930555555555,0.7460896693492336,0.6951498459528148,0.7280974146819471,0.7180653594771242,-0.008765913403484649,0.9877923182231382
tax_1050222,pseeiip,PseEIIP,64,1.0,100,clean,2400,0.7191666666666666,0.7191666666666666,0.44179847289523005,0.7180653594771242,0.7947909722222222,0.7554093916201003,0.7014716859820765,0.7347165201037968,0.7180653594771242,0.0,1.0
tax_1050222,pseeiip,PseEIIP,64,1.0,100,substitution_1pct,2400,0.71125,0.71125,0.42511915606179024,0.7103605151305807,0.7871243055555556,0.7486834575427384,0.6933994012699257,0.7263653050383028,0.7180653594771242,-0.007704844346543505,0.9892699957673018
tax_1050222,pseeiip,PseEIIP,64,10.0,69,N_3pct,2400,0.6370833333333333,0.6370833333333333,0.29998089169192427,0.6214984669999861,0.7502187499999999,0.7222077511376634,,,0.7149510372064367,-0.09345257020645059,0.869288153533419
tax_1050222,pseeiip,PseEIIP,64,10.0,69,clean,2400,0.6575,0.6575,0.3300289422046416,0.6497057087599851,0.7608534722222222,0.7343466892312064,,,0.7149510372064367,-0.06524532844645159,0.9087415430553288
tax_1050222,pseeiip,PseEIIP,64,10.0,69,substitution_1pct,2400,0.6554166666666666,0.6554166666666666,0.32629350053226963,0.6472579763719004,0.7576034722222222,0.727449156998347,,,0.7149510372064367,-0.0676930608345363,0.9053179066652778
tax_1050222,pseeiip,PseEIIP,64,10.0,75,N_3pct,2400,0.665,0.665,0.34810903434053864,0.6562925047683714,0.7632875,0.7332633782283436,,,0.7149510372064367,-0.05865853243806529,0.9179544760613753
tax_1050222,pseeiip,PseEIIP,64,10.0,75,clean,2400,0.67875,0.67875,0.36654953626712317,0.6747850310425281,0.7717541666666666,0.7444005442799906,,,0.7149510372064367,-0.04016600616390864,0.9438199204230107
tax_1050222,pseeiip,PseEIIP,64,10.0,75,substitution_1pct,2400,0.675,0.675,0.35811418092707886,0.6713185393901555,0.7652430555555556,0.7375942751891318,,,0.7149510372064367,-0.0436324978162812,0.9389713483223011
tax_1050222,pseeiip,PseEIIP,64,10.0,100,N_3pct,2400,0.71125,0.7112499999999999,0.4225001467014653,0.711249949869783,0.7940819444444445,0.7618532160431206,,,0.7149510372064367,-0.0037010873366537522,0.9948232995771078
tax_1050222,pseeiip,PseEIIP,64,10.0,100,clean,2400,0.7154166666666667,0.7154166666666667,0.4322478072627747,0.7149510372064367,0.8024069444444445,0.771673542754737,,,0.7149510372064367,0.0,1.0
tax_1050222,pseeiip,PseEIIP,64,10.0,100,substitution_1pct,2400,0.7091666666666666,0.7091666666666667,0.41997502795708025,0.7085982308544932,0.7948798611111111,0.7648990180730308,,,0.7149510372064367,-0.006352806351943463,0.9911143476667073
tax_552396,ck4,CK4,136,0.1,69,N_3pct,2400,0.79125,0.79125,0.5872931516325971,0.7903981650426185,0.8685624999999999,0.8365461385490538,,,0.799814032585827,-0.009415867543208445,0.9882274289277388
tax_552396,ck4,CK4,136,0.1,69,clean,2400,0.7933333333333333,0.7933333333333333,0.5936873019053681,0.7921114104011355,0.8708277777777779,0.8444662940418661,,,0.799814032585827,-0.007702622184691421,0.9903694835663378
tax_552396,ck4,CK4,136,0.1,69,substitution_1pct,2400,0.79125,0.79125,0.5886493724072972,0.7901596681786316,0.8676312500000001,0.8374691005262793,,,0.799814032585827,-0.00965436440719536,0.9879292385306339
tax_552396,ck4,CK4,136,0.1,75,N_3pct,2400,0.7945833333333333,0.7945833333333334,0.5955334116117231,0.7934853278062616,0.8722791666666667,0.8467531384052858,,,0.799814032585827,-0.006328704779565375,0.9920872796403628
tax_552396,ck4,CK4,136,0.1,75,clean,2400,0.7970833333333334,0.7970833333333334,0.6026813023751473,0.795650009729703,0.8760381944444445,0.850664062811341,,,0.799814032585827,-0.004164022856123939,0.9947937611913841
tax_552396,ck4,CK4,136,0.1,75,substitution_1pct,2400,0.7941666666666667,0.7941666666666667,0.5958495477253193,0.7928684987508516,0.8708597222222223,0.8412427875763522,,,0.799814032585827,-0.006945533834975315,0.9913160640448878
tax_552396,ck4,CK4,136,0.1,100,N_3pct,2400,0.7995833333333333,0.7995833333333333,0.6136297864598893,0.7972217767370307,0.8761854166666667,0.8497845095132066,,,0.799814032585827,-0.0025922558487962988,0.9967589267714954
tax_552396,ck4,CK4,136,0.1,100,clean,2400,0.8025,0.8025,0.6219191692215653,0.799814032585827,0.8843333333333333,0.86127826233356,,,0.799814032585827,0.0,1.0
tax_552396,ck4,CK4,136,0.1,100,substitution_1pct,2400,0.8004166666666667,0.8004166666666667,0.6165233454087998,0.7978774672583826,0.8799645833333334,0.8533431667560719,,,0.799814032585827,-0.0019365653274443506,0.9975787304941582
tax_552396,ck4,CK4,136,1.0,69,N_3pct,2400,0.8091666666666667,0.8091666666666667,0.6183341921314187,0.8091665341434264,0.8886006944444444,0.8703601053644863,0.7941491014244686,0.8216764698389409,0.8225247115503346,-0.013358177406908145,0.98375954275984
tax_552396,ck4,CK4,136,1.0,69,clean,2400,0.8091666666666667,0.8091666666666666,0.618478521027575,0.8091442676258533,0.8923701388888889,0.8780971535697393,0.7961169769593748,0.8200091880553241,0.8225247115503346,-0.013380443924481233,0.9837324718192829
tax_552396,ck4,CK4,136,1.0,69,substitution_1pct,2400,0.8058333333333333,0.8058333333333334,0.6117082982314186,0.805826726048317,0.8869770833333332,0.8684074818230474,0.7903810386418135,0.8208022691452739,0.8225247115503346,-0.01669798550201762,0.9796991077987864
tax_552396,ck4,CK4,136,1.0,75,N_3pct,2400,0.8125,0.8125,0.6251954041004442,0.8124706985466479,0.8954270833333333,0.8825758920183516,0.7987491263790196,0.8254150299650247,0.8225247115503346,-0.01005401300368669,0.9877766432272456
tax_552396,ck4,CK4,136,1.0,75,clean,2400,0.8158333333333333,0.8158333333333333,0.6327441278666533,0.8156765303817484,0.899792361111111,0.8874132513676772,0.7998179135145926,0.8281241815037855,0.8225247115503346,-0.006848181168586209,0.9916741940121429
tax_552396,ck4,CK4,136,1.0,75,substitution_1pct,2400,0.8108333333333333,0.8108333333333333,0.6218610286119085,0.8108037714226182,0.8930958333333334,0.8755815716931953,0.7981941565314173,0.8262041370181289,0.8225247115503346,-0.011720940127716406,0.9857500449978892
tax_552396,ck4,CK4,136,1.0,100,N_3pct,2400,0.8175,0.8175,0.6388769691883464,0.8169462624438928,0.9020673611111112,0.888691826912131,0.803198257285783,0.8308991804318286,0.8225247115503346,-0.005578449106441785,0.993217894820537
tax_552396,ck4,CK4,136,1.0,100,clean,2400,0.8233333333333334,0.8233333333333334,0.6526412063268341,0.8225247115503346,0.910954861111111,0.9009956017639911,0.8091077658755368,0.8357709614446273,0.8225247115503346,0.0,1.0
tax_552396,ck4,CK4,136,1.0,100,substitution_1pct,2400,0.82,0.8200000000000001,0.6444005289246746,0.8193854086823218,0.9059520833333334,0.8924687190286502,0.8043776613012195,0.8357462620075375,0.8225247115503346,-0.0031393028680127832,0.9961833330671662
tax_552396,ck4,CK4,136,10.0,69,N_3pct,2400,0.8008333333333333,0.8008333333333333,0.6026350086412353,0.8006733183027486,0.88795,0.8713620769588996,,,0.8230954950544621,-0.02242217675171354,0.9727587176865427
tax_552396,ck4,CK4,136,10.0,69,clean,2400,0.80125,0.80125,0.6027564353240715,0.801207722128404,0.8915388888888889,0.8762443451776056,,,0.8230954950544621,-0.021887772926058147,0.9734079787125917
tax_552396,ck4,CK4,136,10.0,69,substitution_1pct,2400,0.795,0.7949999999999999,0.5905128206096357,0.794910985670864,0.88535625,0.8659609722130319,,,0.8230954950544621,-0.028184509383598066,0.9657579107734843
tax_552396,ck4,CK4,136,10.0,75,N_3pct,2400,0.8054166666666667,0.8054166666666667,0.6110933154806977,0.8053752751236157,0.8944736111111111,0.8809095005023831,,,0.8230954950544621,-0.01772021993084638,0.9784712466083004
tax_552396,ck4,CK4,136,10.0,75,clean,2400,0.81125,0.81125,0.6225105914161359,0.8112483943005766,0.8995868055555555,0.8858808459604905,,,0.8230954950544621,-0.011847100753885509,0.9856066509596172
tax_552396,ck4,CK4,136,10.0,75,substitution_1pct,2400,0.7979166666666667,0.7979166666666666,0.5959842109345899,0.7978910872573977,0.892529861111111,0.8748793976856343,,,0.8230954950544621,-0.025204407797064454,0.9693785132484576
tax_552396,ck4,CK4,136,10.0,100,N_3pct,2400,0.8233333333333334,0.8233333333333334,0.6474233352640905,0.8232300947984205,0.9030506944444444,0.8896150224697351,,,0.8230954950544621,0.0001345997439583524,1.000163528709326
tax_552396,ck4,CK4,136,10.0,100,clean,2400,0.8233333333333334,0.8233333333333333,0.6484125262794621,0.8230954950544621,0.9114958333333333,0.9005142916188844,,,0.8230954950544621,0.0,1.0
tax_552396,ck4,CK4,136,10.0,100,substitution_1pct,2400,0.8179166666666666,0.8179166666666666,0.6369491930111292,0.8177571725532711,0.9064659722222221,0.8912646407814047,,,0.8230954950544621,-0.00533832250119104,0.9935143339584943
tax_552396,ck4_p,CK4+P,147,0.1,69,N_3pct,2400,0.7845833333333333,0.7845833333333334,0.576994979219058,0.7831220806996305,0.8563048611111113,0.8147734318205568,,,0.7930377372831335,-0.009915656583503019,0.9874966144518253
tax_552396,ck4_p,CK4+P,147,0.1,69,clean,2400,0.78375,0.78375,0.5763081855782286,0.7820975351445572,0.8581493055555555,0.8210806525003211,,,0.7930377372831335,-0.010940202138576383,0.9862046891033756
tax_552396,ck4_p,CK4+P,147,0.1,69,substitution_1pct,2400,0.7829166666666667,0.7829166666666667,0.5741076839981991,0.7813523872440871,0.8556756944444445,0.8161414790011677,,,0.7930377372831335,-0.011685350039046472,0.9852650769444096
tax_552396,ck4_p,CK4+P,147,0.1,75,N_3pct,2400,0.79,0.79,0.5892687617828577,0.7883485306180726,0.8590979166666667,0.8230082024939248,,,0.7930377372831335,-0.0046892066650608966,0.9940870321239369
tax_552396,ck4_p,CK4+P,147,0.1,75,clean,2400,0.79125,0.79125,0.5932104173482985,0.7893656637653059,0.8624666666666666,0.826856517916279,,,0.7930377372831335,-0.003672073517827612,0.9953696106185215
tax_552396,ck4_p,CK4+P,147,0.1,75,substitution_1pct,2400,0.7875,0.7875,0.5850996861408885,0.7856661056161784,0.8584236111111111,0.8189868018868398,,,0.7930377372831335,-0.007371631666955092,0.9907045638304558
tax_552396,ck4_p,CK4+P,147,0.1,100,N_3pct,2400,0.7908333333333334,0.7908333333333333,0.5986744657575155,0.7878628235937108,0.8616340277777778,0.8247582470352998,,,0.7930377372831335,-0.005174913689422689,0.9934745681748369
tax_552396,ck4_p,CK4+P,147,0.1,100,clean,2400,0.79625,0.7962499999999999,0.6117956557540026,0.7930377372831335,0.8690083333333335,0.8343592415918493,,,0.7930377372831335,0.0,1.0
tax_552396,ck4_p,CK4+P,147,0.1,100,substitution_1pct,2400,0.7933333333333333,0.7933333333333333,0.6045870336272349,0.7902711464261174,0.8650284722222222,0.8267012616372302,,,0.7930377372831335,-0.002766590857016138,0.9965114007480979
tax_552396,ck4_p,CK4+P,147,1.0,69,N_3pct,2400,0.8095833333333333,0.8095833333333333,0.6196421231921577,0.8095102792025622,0.8862506944444446,0.8660235758856322,0.7924434887051974,0.8244417208852273,0.8167314985397758,-0.007221219337213536,0.991158392507055
tax_552396,ck4_p,CK4+P,147,1.0,69,clean,2400,0.8058333333333333,0.8058333333333334,0.6124847099148321,0.8057036675170026,0.8895895833333334,0.8742045255282004,0.7901090178954971,0.8233183110733886,0.8167314985397758,-0.01102783102277316,0.9864976053421599
tax_552396,ck4_p,CK4+P,147,1.0,69,substitution_1pct,2400,0.80375,0.80375,0.6082356073779904,0.8036313265013109,0.884726388888889,0.8646387270061466,0.7913580283768329,0.8207420028337453,0.8167314985397758,-0.013100172038464919,0.9839602463454801
tax_552396,ck4_p,CK4+P,147,1.0,75,N_3pct,2400,0.8083333333333333,0.8083333333333333,0.6179071589902342,0.8081409413328365,0.8921972222222222,0.8778133461654929,0.7890405760251138,0.8243211320595812,0.8167314985397758,-0.008590557206939242,0.9894817853574912
tax_552396,ck4_p,CK4+P,147,1.0,75,clean,2400,0.81,0.81,0.6220779275406736,0.809682672289004,0.8966993055555554,0.8830878574149008,0.7933469835326843,0.8252482344932576,0.8167314985397758,-0.007048826250771745,0.9913694693257524
tax_552396,ck4_p,CK4+P,147,1.0,75,substitution_1pct,2400,0.8054166666666667,0.8054166666666667,0.6118456280548183,0.8052556983298174,0.8901895833333333,0.8714447997534738,0.7901254202081852,0.8222091846740094,0.8167314985397758,-0.01147580020995842,0.9859491151859873
tax_552396,ck4_p,CK4+P,147,1.0,100,N_3pct,2400,0.8116666666666666,0.8116666666666666,0.6296840634007999,0.8107169653295179,0.8985166666666667,0.8838222675188242,0.7970019912172919,0.8285403467515872,0.8167314985397758,-0.006014533210257911,0.9926358500669912
tax_552396,ck4_p,CK4+P,147,1.0,100,clean,2400,0.8179166666666666,0.8179166666666666,0.6442200607778507,0.8167314985397758,0.90745,0.8964861003186563,0.8010053289149612,0.8293555840320112,0.8167314985397758,0.0,1.0
tax_552396,ck4_p,CK4+P,147,1.0,100,substitution_1pct,2400,0.8179166666666666,0.8179166666666666,0.6419305393048446,0.8170519512801392,0.9025375,0.8881808060597521,0.7996482744443331,0.8307226095445494,0.8167314985397758,0.0003204527403634083,1.000392359962774
tax_552396,ck4_p,CK4+P,147,10.0,69,N_3pct,2400,0.8054166666666667,0.8054166666666667,0.6110117833190797,0.8053882519999882,0.8885402777777778,0.8720112007683399,,,0.8226148347213722,-0.017226582721384,0.9790587502263817
tax_552396,ck4_p,CK4+P,147,10.0,69,clean,2400,0.8029166666666666,0.8029166666666667,0.6059648503941105,0.8028952794357027,0.8920888888888887,0.8772906292024062,,,0.8226148347213722,-0.019719555285669488,0.9760282036582179
tax_552396,ck4_p,CK4+P,147,10.0,69,substitution_1pct,2400,0.7983333333333333,0.7983333333333333,0.5968532124478907,0.7983018179923946,0.8860923611111111,0.867128255228114,,,0.8226148347213722,-0.024313016728977566,0.9704442277202396
tax_552396,ck4_p,CK4+P,147,10.0,75,N_3pct,2400,0.8091666666666667,0.8091666666666666,0.6183754186481099,0.8091601728114359,0.895320138888889,0.8822221918775347,,,0.8226148347213722,-0.013454661909936272,0.9836440320037585
tax_552396,ck4_p,CK4+P,147,10.0,75,clean,2400,0.8091666666666667,0.8091666666666666,0.6183883036257772,0.8091581848082137,0.9001388888888888,0.8872871227911794,,,0.8226148347213722,-0.013456649913158536,0.9836416153159742
tax_552396,ck4_p,CK4+P,147,10.0,75,substitution_1pct,2400,0.79875,0.7987500000000001,0.5976097793793766,0.7987315154464707,0.8933069444444445,0.8760829772616927,,,0.8226148347213722,-0.023883319274901504,0.9709665833062796
tax_552396,ck4_p,CK4+P,147,10.0,100,N_3pct,2400,0.8245833333333333,0.8245833333333333,0.6507250761899215,0.8243732825596447,0.9031645833333334,0.889833870639794,,,0.8226148347213722,0.0017584478382725033,1.0021376320533633
tax_552396,ck4_p,CK4+P,147,10.0,100,clean,2400,0.8229166666666666,0.8229166666666666,0.6480424682572666,0.8226148347213722,0.9116173611111111,0.9010877212230779,,,0.8226148347213722,0.0,1.0
tax_552396,ck4_p,CK4+P,147,10.0,100,substitution_1pct,2400,0.8195833333333333,0.8195833333333333,0.6410124575267215,0.819323579611591,0.9066576388888888,0.8920660740276107,,,0.8226148347213722,-0.0032912551097812326,0.9959990326324518
tax_552396,ck4_msp,CK4+MSP,211,0.1,69,N_3pct,2400,0.7854166666666667,0.7854166666666667,0.5778932453355801,0.7841059725266116,0.8562604166666667,0.8144086885472288,,,0.792636332794705,-0.008530360268093395,0.9892379898382695
tax_552396,ck4_msp,CK4+MSP,211,0.1,69,clean,2400,0.785,0.7849999999999999,0.5792858756636786,0.7832769008596823,0.8581222222222223,0.8206782114913334,,,0.792636332794705,-0.009359431935022755,0.9881920225609354
tax_552396,ck4_msp,CK4+MSP,211,0.1,69,substitution_1pct,2400,0.78375,0.78375,0.5761365649677123,0.7821292458429032,0.8556881944444444,0.8158559801808143,,,0.792636332794705,-0.010507086951801803,0.9867441265091198
tax_552396,ck4_msp,CK4+MSP,211,0.1,75,N_3pct,2400,0.7904166666666667,0.7904166666666667,0.5894990039238799,0.7888763067344646,0.8590305555555555,0.8225672229405412,,,0.792636332794705,-0.0037600260602403957,0.995256303673359
tax_552396,ck4_msp,CK4+MSP,211,0.1,75,clean,2400,0.79125,0.79125,0.5932104173482985,0.7893656637653059,0.8624458333333332,0.8265734110891946,,,0.792636332794705,-0.003270669029399098,0.9958736826788305
tax_552396,ck4_msp,CK4+MSP,211,0.1,75,substitution_1pct,2400,0.7875,0.7875,0.5850996861408885,0.7856661056161784,0.858417361111111,0.8185673508393515,,,0.792636332794705,-0.006970227178526578,0.9912062734319146
tax_552396,ck4_msp,CK4+MSP,211,0.1,100,N_3pct,2400,0.79125,0.79125,0.5986680451011248,0.7884316971687607,0.8615812499999999,0.8245048934906414,,,0.792636332794705,-0.0042046356259443085,0.9946953786345883
tax_552396,ck4_msp,CK4+MSP,211,0.1,100,clean,2400,0.7958333333333333,0.7958333333333334,0.6108002037648237,0.792636332794705,0.8689541666666667,0.8340044500564345,,,0.792636332794705,0.0,1.0
tax_552396,ck4_msp,CK4+MSP,211,0.1,100,substitution_1pct,2400,0.7933333333333333,0.7933333333333333,0.6045870336272349,0.7902711464261174,0.8649611111111111,0.8263460020126117,,,0.792636332794705,-0.002365186368587624,0.9970160510303024
tax_552396,ck4_msp,CK4+MSP,211,1.0,69,N_3pct,2400,0.8091666666666667,0.8091666666666666,0.6185533025090334,0.8091327347083925,0.8862277777777777,0.8655840766582125,0.792913847783586,0.8237199359790394,0.8175947349873391,-0.008462000278946613,0.9896501287045621
tax_552396,ck4_msp,CK4+MSP,211,1.0,69,clean,2400,0.8054166666666667,0.8054166666666667,0.611787659186948,0.8052649017611121,0.8895868055555555,0.8739950774532133,0.7900802818293285,0.8199544628070686,0.8175947349873391,-0.01232983322622705,0.9849193827961502
tax_552396,ck4_msp,CK4+MSP,211,1.0,69,substitution_1pct,2400,0.8045833333333333,0.8045833333333334,0.6099042921718945,0.8044651637560825,0.8847354166666667,0.8644154399641588,0.7910852530509056,0.8198013829034358,0.8175947349873391,-0.013129571231256687,0.9839412233599327
tax_552396,ck4_msp,CK4+MSP,211,1.0,75,N_3pct,2400,0.8083333333333333,0.8083333333333333,0.6176014964304791,0.8081882757168442,0.8923229166666667,0.8778844787065001,0.7936251711907291,0.8224318172233507,0.8175947349873391,-0.009406459270494993,0.9884949610510387
tax_552396,ck4_msp,CK4+MSP,211,1.0,75,clean,2400,0.81125,0.81125,0.6246293210170041,0.8109282826559567,0.8967215277777778,0.8829203759502702,0.795107983838459,0.8251594505573118,0.8175947349873391,-0.006666452331382411,0.9918462631348945
tax_552396,ck4_msp,CK4+MSP,211,1.0,75,substitution_1pct,2400,0.8045833333333333,0.8045833333333334,0.6101761993288842,0.8044216756245918,0.8901895833333333,0.8712994930150111,0.7881547149934743,0.818975459495759,0.8175947349873391,-0.013173059362747375,0.9838880330327086
tax_552396,ck4_msp,CK4+MSP,211,1.0,100,N_3pct,2400,0.8129166666666666,0.8129166666666667,0.6315432542300287,0.8120709533300814,0.8986944444444445,0.8840120855108138,0.797106988185266,0.8262275538718258,0.8175947349873391,-0.005523781657257754,0.993243863468197
tax_552396,ck4_msp,CK4+MSP,211,1.0,100,clean,2400,0.81875,0.81875,0.6457319674855607,0.8175947349873391,0.9075611111111112,0.8966652596180698,0.8036057953568072,0.8315526243279564,0.8175947349873391,0.0,1.0
tax_552396,ck4_msp,CK4+MSP,211,1.0,100,substitution_1pct,2400,0.81875,0.8187500000000001,0.6434638143158343,0.8179100786248235,0.9026569444444443,0.888439408690681,0.8027658764295321,0.8340338826942256,0.8175947349873391,0.00031534363748431105,1.0003856967565834
tax_552396,ck4_msp,CK4+MSP,211,10.0,69,N_3pct,2400,0.8079166666666666,0.8079166666666666,0.6164348648607075,0.8078229469892522,0.8886770833333335,0.871127242199177,,,0.82181577858837,-0.013992831599117794,0.9829732745906227
tax_552396,ck4_msp,CK4+MSP,211,10.0,69,clean,2400,0.8058333333333333,0.8058333333333334,0.6118102889949326,0.8058105430428988,0.8922368055555556,0.8766149521524704,,,0.82181577858837,-0.016005235545471175,0.9805245458137062
tax_552396,ck4_msp,CK4+MSP,211,10.0,69,substitution_1pct,2400,0.80125,0.80125,0.6027011432166934,0.8012168349615274,0.8863361111111112,0.8666534379954474,,,0.82181577858837,-0.02059894362684256,0.9749348404307528
tax_552396,ck4_msp,CK4+MSP,211,10.0,75,N_3pct,2400,0.8066666666666666,0.8066666666666666,0.6135003645037862,0.8066403482696256,0.8954229166666667,0.8818624629350496,,,0.82181577858837,-0.015175430318744354,0.981534267515755
tax_552396,ck4_msp,CK4+MSP,211,10.0,75,clean,2400,0.8083333333333333,0.8083333333333333,0.6167360533758934,0.808322551476854,0.9001791666666666,0.8866602062183708,,,0.82181577858837,-0.013493227111516015,0.9835812021829353
tax_552396,ck4_msp,CK4+MSP,211,10.0,75,substitution_1pct,2400,0.7979166666666667,0.7979166666666666,0.5959626795485407,0.7978947368421052,0.8932888888888889,0.8754507332512823,,,0.82181577858837,-0.02392104174626475,0.9708924525793922
tax_552396,ck4_msp,CK4+MSP,211,10.0,100,N_3pct,2400,0.8229166666666666,0.8229166666666667,0.6469036312994327,0.8227701751395554,0.9038902777777778,0.8910650247194024,,,0.82181577858837,0.0009543965511854546,1.001161326633111
tax_552396,ck4_msp,CK4+MSP,211,10.0,100,clean,2400,0.8220833333333334,0.8220833333333333,0.6461099379118692,0.82181577858837,0.9123604166666668,0.9022506124390564,,,0.82181577858837,0.0,1.0
tax_552396,ck4_msp,CK4+MSP,211,10.0,100,substitution_1pct,2400,0.82,0.8200000000000001,0.6417278610600863,0.8197576742064331,0.9074437499999999,0.8932818851603375,,,0.82181577858837,-0.002058104381936876,0.9974956621233629
tax_552396,ck4p_msp,CK4P-MSP,222,0.1,69,N_3pct,2400,0.7795833333333333,0.7795833333333333,0.5681890540021748,0.7778334244153298,0.8492840277777778,0.8021878856094792,,,0.7890253649691729,-0.011191940553843094,0.9858154869909913
tax_552396,ck4p_msp,CK4P-MSP,222,0.1,69,clean,2400,0.7829166666666667,0.7829166666666667,0.5758641495912619,0.7810261544504631,0.8509513888888889,0.8071612533495338,,,0.7890253649691729,-0.007999210518709776,0.9898619095483422
tax_552396,ck4p_msp,CK4P-MSP,222,0.1,69,substitution_1pct,2400,0.78125,0.78125,0.5722889862644774,0.779379281858551,0.8489069444444445,0.8037879968001529,,,0.7890253649691729,-0.009646083110621873,0.9877746856579208
tax_552396,ck4p_msp,CK4P-MSP,222,0.1,75,N_3pct,2400,0.7854166666666667,0.7854166666666667,0.5815202494473527,0.7834450769584687,0.8516701388888889,0.8082093388008832,,,0.7890253649691729,-0.005580288010704204,0.9929276189860864
tax_552396,ck4p_msp,CK4P-MSP,222,0.1,75,clean,2400,0.7916666666666666,0.7916666666666666,0.5955697831838588,0.7895267087098758,0.8548534722222222,0.8121745623506667,,,0.7890253649691729,0.0005013437407029864,1.0006353962280066
tax_552396,ck4p_msp,CK4P-MSP,222,0.1,75,substitution_1pct,2400,0.7845833333333333,0.7845833333333334,0.5802088801594377,0.7825336754700685,0.85135,0.8049977520780243,,,0.7890253649691729,-0.006491689499104392,0.9917725211541735
tax_552396,ck4p_msp,CK4P-MSP,222,0.1,100,N_3pct,2400,0.78625,0.78625,0.5914071150186317,0.7828341240403083,0.8535979166666666,0.8094152711142939,,,0.7890253649691729,-0.006191240928864583,0.9921533055795912
tax_552396,ck4p_msp,CK4P-MSP,222,0.1,100,clean,2400,0.7925,0.7925,0.6052767808567049,0.7890253649691729,0.8603270833333333,0.817720160492762,,,0.7890253649691729,0.0,1.0
tax_552396,ck4p_msp,CK4P-MSP,222,0.1,100,substitution_1pct,2400,0.7895833333333333,0.7895833333333333,0.5977643756360712,0.786310884868642,0.8570090277777778,0.8113517596865423,,,0.7890253649691729,-0.0027144801005308805,0.9965597048953718
tax_552396,ck4p_msp,CK4P-MSP,222,1.0,69,N_3pct,2400,0.8095833333333333,0.8095833333333333,0.6203155296668061,0.809407001720863,0.8836638888888888,0.8612069216666945,0.7918827467801722,0.825642071006302,0.8186112423240435,-0.00920424060318048,0.9887562738852088
tax_552396,ck4p_msp,CK4P-MSP,222,1.0,69,clean,2400,0.8045833333333333,0.8045833333333334,0.6109258232751413,0.8043019834592058,0.8865152777777778,0.8696208473783329,0.7870307050896916,0.8218793571354083,0.8186112423240435,-0.014309258864837693,0.9825200801980026
tax_552396,ck4p_msp,CK4P-MSP,222,1.0,69,substitution_1pct,2400,0.8070833333333334,0.8070833333333334,0.6158628390633626,0.806817674096618,0.8820625000000001,0.8602742467961095,0.7900821918645612,0.8230142673040881,0.8186112423240435,-0.0117935682274255,0.9855932002669014
tax_552396,ck4p_msp,CK4P-MSP,222,1.0,75,N_3pct,2400,0.8045833333333333,0.8045833333333333,0.6112503797368541,0.8042502529042908,0.8890437499999999,0.872977567021279,0.790842772995328,0.8210582988826398,0.8186112423240435,-0.014360989419752723,0.982456887131208
tax_552396,ck4p_msp,CK4P-MSP,222,1.0,75,clean,2400,0.8079166666666666,0.8079166666666666,0.619094099243306,0.8074108191463307,0.8932812499999999,0.8779433830916432,0.7919967512718947,0.8230731077046919,0.8186112423240435,-0.011200423177712748,0.9863177750333423
tax_552396,ck4p_msp,CK4P-MSP,222,1.0,75,substitution_1pct,2400,0.8045833333333333,0.8045833333333333,0.6113358753393723,0.8042366350545471,0.8870145833333333,0.8665655667634661,0.7888881203012835,0.8206026982751362,0.8186112423240435,-0.014374607269496353,0.9824402518237024
tax_552396,ck4p_msp,CK4P-MSP,222,1.0,100,N_3pct,2400,0.8070833333333334,0.8070833333333334,0.6219289701288895,0.8058794828134688,0.8951513888888889,0.8789462749166179,0.7875679365521749,0.8212600598221835,0.8186112423240435,-0.012731759510574703,0.984447123552287
tax_552396,ck4p_msp,CK4P-MSP,222,1.0,100,clean,2400,0.82,0.8200000000000001,0.6500309966323526,0.8186112423240435,0.9038513888888889,0.8915735205878844,0.8048629265328482,0.8332102893093319,0.8186112423240435,0.0,1.0
tax_552396,ck4p_msp,CK4P-MSP,222,1.0,100,substitution_1pct,2400,0.8170833333333334,0.8170833333333334,0.6423555911849826,0.8159174451941191,0.8990972222222222,0.8831445010293187,0.8002647807371442,0.8306668448162738,0.8186112423240435,-0.002693797129924347,0.9967093084108195
tax_552396,ck4p_msp,CK4P-MSP,222,10.0,69,N_3pct,2400,0.8108333333333333,0.8108333333333333,0.6218878216600255,0.8107996977240398,0.8889104166666666,0.8711046756246058,,,0.8200852925118504,-0.009285594787810547,0.9886772816527784
tax_552396,ck4p_msp,CK4P-MSP,222,10.0,69,clean,2400,0.8075,0.8075,0.6150546739566356,0.8074914440641806,0.892504861111111,0.877183970373748,,,0.8200852925118504,-0.012593848447669753,0.9846432455713284
tax_552396,ck4p_msp,CK4P-MSP,222,10.0,69,substitution_1pct,2400,0.8029166666666666,0.8029166666666667,0.6058941361777108,0.8029067777879828,0.8868152777777778,0.8674486292423889,,,0.8200852925118504,-0.017178514723867555,0.9790527706316361
tax_552396,ck4p_msp,CK4P-MSP,222,10.0,75,N_3pct,2400,0.8070833333333334,0.8070833333333334,0.6142027094804199,0.8070776729386678,0.8959173611111111,0.8825024240797981,,,0.8200852925118504,-0.013007619573182527,0.984138699118306
tax_552396,ck4p_msp,CK4P-MSP,222,10.0,75,clean,2400,0.80875,0.8087500000000001,0.6176340497139421,0.8087292457948996,0.9004736111111111,0.887339286693379,,,0.8200852925118504,-0.011356046716950785,0.9861526028808928
tax_552396,ck4p_msp,CK4P-MSP,222,10.0,75,substitution_1pct,2400,0.7995833333333333,0.7995833333333333,0.5992268004288502,0.7995732772008873,0.8937284722222223,0.8760383717150443,,,0.8200852925118504,-0.020512015310963028,0.9749879488167182
tax_552396,ck4p_msp,CK4P-MSP,222,10.0,100,N_3pct,2400,0.8229166666666666,0.8229166666666667,0.6481331099699227,0.8226024944524148,0.9039027777777777,0.8910460304487102,,,0.8200852925118504,0.002517201940564484,1.003069439195592
tax_552396,ck4p_msp,CK4P-MSP,222,10.0,100,clean,2400,0.8204166666666667,0.8204166666666666,0.6432070829078632,0.8200852925118504,0.9123243055555554,0.9024440345537125,,,0.8200852925118504,0.0,1.0
tax_552396,ck4p_msp,CK4P-MSP,222,10.0,100,substitution_1pct,2400,0.8195833333333333,0.8195833333333333,0.6411790751457226,0.8193002056173084,0.9073430555555556,0.8934526029846189,,,0.8200852925118504,-0.0007850868945419309,0.9990426765341234
tax_552396,ck5,CK5,512,0.1,69,N_3pct,2400,0.7991666666666667,0.7991666666666667,0.601766509558827,0.7985937778570156,0.8695819444444444,0.8356168651789814,,,0.8047269876179157,-0.006133209760900149,0.9923785210943961
tax_552396,ck5,CK5,512,0.1,69,clean,2400,0.7895833333333333,0.7895833333333333,0.5857196584555739,0.7884063066792203,0.8728666666666666,0.8440710015788995,,,0.8047269876179157,-0.01632068093869543,0.9797189839662187
tax_552396,ck5,CK5,512,0.1,69,substitution_1pct,2400,0.7891666666666667,0.7891666666666667,0.5846558172123927,0.7880267214799589,0.8700569444444445,0.8388794676352096,,,0.8047269876179157,-0.016700266137956832,0.9792472895840221
tax_552396,ck5,CK5,512,0.1,75,N_3pct,2400,0.7945833333333333,0.7945833333333333,0.5942748290090226,0.7937005076062477,0.8724729166666668,0.8450376516613305,,,0.8047269876179157,-0.01102648001166806,0.986297862279594
tax_552396,ck5,CK5,512,0.1,75,clean,2400,0.7975,0.7975000000000001,0.6046931509120856,0.7958770810422588,0.8769611111111112,0.8500314907186624,,,0.8047269876179157,-0.008849906575656874,0.9890025975121655
tax_552396,ck5,CK5,512,0.1,75,substitution_1pct,2400,0.7929166666666667,0.7929166666666667,0.5938908790497771,0.7915119421812695,0.8719409722222222,0.8408827295960816,,,0.8047269876179157,-0.0132150454366462,0.9835782251123897
tax_552396,ck5,CK5,512,0.1,100,N_3pct,2400,0.7991666666666667,0.7991666666666666,0.6131254433218833,0.7967443962387875,0.8754131944444445,0.8470281785364067,,,0.8047269876179157,-0.007982591379128268,0.9900803732173098
tax_552396,ck5,CK5,512,0.1,100,clean,2400,0.8075,0.8075,0.6332480472720848,0.8047269876179157,0.8829673611111111,0.857817257250673,,,0.8047269876179157,0.0,1.0
tax_552396,ck5,CK5,512,0.1,100,substitution_1pct,2400,0.8029166666666666,0.8029166666666667,0.6229031237096246,0.8002167837964407,0.8789166666666667,0.8499346170076045,,,0.8047269876179157,-0.004510203821475045,0.9943953615438874
tax_552396,ck5,CK5,512,1.0,69,N_3pct,2400,0.8004166666666667,0.8004166666666667,0.601948178855676,0.800231846442655,0.8883201388888888,0.8693898093509183,0.7812551071493388,0.8149368878933841,0.8145400787576698,-0.014308232315014768,0.9824339738606386
tax_552396,ck5,CK5,512,1.0,69,clean,2400,0.8075,0.8075,0.6150034166951391,0.8074994652762923,0.8935652777777778,0.8781010143835846,0.7945722463523699,0.8204374067590937,0.8145400787576698,-0.007040613481377411,0.9913563326532493
tax_552396,ck5,CK5,512,1.0,69,substitution_1pct,2400,0.80125,0.80125,0.6025102511296737,0.8012483092304084,0.88799375,0.8688016631863862,0.7857904385267338,0.8137705294735723,0.8145400787576698,-0.01329176952726141,0.9836818716796184
tax_552396,ck5,CK5,512,1.0,75,N_3pct,2400,0.8066666666666666,0.8066666666666666,0.6134364333979434,0.8066504199311193,0.8929680555555556,0.8781531298752183,0.7898510849432647,0.8221040988892867,0.8145400787576698,-0.00788965882655046,0.9903139709974939
tax_552396,ck5,CK5,512,1.0,75,clean,2400,0.8133333333333334,0.8133333333333334,0.6269183552513474,0.8132958628502527,0.8993749999999998,0.8859469719603451,0.7970625325845567,0.8291309191190808,0.8145400787576698,-0.0012442159074170789,0.9984724927110834
tax_552396,ck5,CK5,512,1.0,75,substitution_1pct,2400,0.8104166666666667,0.8104166666666666,0.6208594185999453,0.8104126840164524,0.89305625,0.8744731383361605,0.7954045210845399,0.8233532654280918,0.8145400787576698,-0.004127394741217372,0.9949328524785269
tax_552396,ck5,CK5,512,1.0,100,N_3pct,2400,0.8170833333333334,0.8170833333333334,0.6367028326339599,0.8167190305870122,0.9022944444444444,0.8893515987478475,0.7996337609564196,0.8313929702682864,0.8145400787576698,0.002178951829342468,1.0026750701238247
tax_552396,ck5,CK5,512,1.0,100,clean,2400,0.8154166666666667,0.8154166666666667,0.6368825927310188,0.8145400787576698,0.9107090277777778,0.9016283618638395,0.7998360957493394,0.8299439118232368,0.8145400787576698,0.0,1.0
tax_552396,ck5,CK5,512,1.0,100,substitution_1pct,2400,0.81625,0.8162499999999999,0.636662748812394,0.8156492919375653,0.9065208333333333,0.8934486270103653,0.7997249108980723,0.8317703117117901,0.8145400787576698,0.0011092131798955407,1.0013617662394063
tax_552396,ck5,CK5,512,10.0,69,N_3pct,2400,0.7766666666666666,0.7766666666666666,0.556711689686433,0.7759890334929829,0.8732569444444445,0.8548588925640181,,,0.8169139469484876,-0.04092491345550475,0.9499030300457273
tax_552396,ck5,CK5,512,10.0,69,clean,2400,0.79125,0.79125,0.5835808280445458,0.7910566911644471,0.8800854166666667,0.8626077821847846,,,0.8169139469484876,-0.025857255784040523,0.9683476382296714
tax_552396,ck5,CK5,512,10.0,69,substitution_1pct,2400,0.7779166666666667,0.7779166666666666,0.5578922292581857,0.7775068698580423,0.8736645833333335,0.8499322844023265,,,0.8169139469484876,-0.03940707709044533,0.9517610425949427
tax_552396,ck5,CK5,512,10.0,75,N_3pct,2400,0.7816666666666666,0.7816666666666667,0.5646531842157776,0.7814114949465314,0.8789236111111112,0.8594394746153664,,,0.8169139469484876,-0.03550245200195623,0.9565407689089254
tax_552396,ck5,CK5,512,10.0,75,clean,2400,0.79125,0.79125,0.5830267840477776,0.7911556937429558,0.8869611111111111,0.8703659186271012,,,0.8169139469484876,-0.025758253205531823,0.9684688291811523
tax_552396,ck5,CK5,512,10.0,75,substitution_1pct,2400,0.79125,0.79125,0.58346533971394,0.7910773123409818,0.8809736111111112,0.858544574174585,,,0.8169139469484876,-0.02583663460750585,0.9683728810066025
tax_552396,ck5,CK5,512,10.0,100,N_3pct,2400,0.8104166666666667,0.8104166666666667,0.6209905414633139,0.8103926694888988,0.89380625,0.8804644850065844,,,0.8169139469484876,-0.006521277459588859,0.9920171794300384
tax_552396,ck5,CK5,512,10.0,100,clean,2400,0.8170833333333334,0.8170833333333334,0.63534336214864,0.8169139469484876,0.9020118055555557,0.8907763047596245,,,0.8169139469484876,0.0,1.0
tax_552396,ck5,CK5,512,10.0,100,substitution_1pct,2400,0.8129166666666666,0.8129166666666667,0.6262355143756551,0.8128565923331986,0.8980194444444446,0.8844950738397118,,,0.8169139469484876,-0.004057354615288999,0.9950333145486806
tax_552396,pseknc_k3_l3,PseKNC,67,0.1,69,N_3pct,2400,0.77375,0.7737499999999999,0.559280606678966,0.7713674182781503,0.8337847222222223,0.7692021503666766,,,0.7813520718939246,-0.009984653615774386,0.987221312933141
tax_552396,pseknc_k3_l3,PseKNC,67,0.1,69,clean,2400,0.7770833333333333,0.7770833333333333,0.5660907206111299,0.7747358541046232,0.8340347222222222,0.7712533447447638,,,0.7813520718939246,-0.006616217789301437,0.9915323475456277
tax_552396,pseknc_k3_l3,PseKNC,67,0.1,69,substitution_1pct,2400,0.7733333333333333,0.7733333333333334,0.5587288339060088,0.7708869147227619,0.8320812499999999,0.7689780148951537,,,0.7813520718939246,-0.010465157171162698,0.9866063487285621
tax_552396,pseknc_k3_l3,PseKNC,67,0.1,75,N_3pct,2400,0.78,0.78,0.5731952574202567,0.7774680812803452,0.8347576388888889,0.7684056362869838,,,0.7813520718939246,-0.003883990613579469,0.9950291414673477
tax_552396,pseknc_k3_l3,PseKNC,67,0.1,75,clean,2400,0.7845833333333333,0.7845833333333333,0.5842604788667998,0.7818012615361944,0.8373743055555556,0.7719257338803925,,,0.7813520718939246,0.0004491896422698094,1.0005748876318725
tax_552396,pseknc_k3_l3,PseKNC,67,0.1,75,substitution_1pct,2400,0.7783333333333333,0.7783333333333333,0.570647606139541,0.7756183149441576,0.8343020833333332,0.7683444720073453,,,0.7813520718939246,-0.005733756949767077,0.992661749861533
tax_552396,pseknc_k3_l3,PseKNC,67,0.1,100,N_3pct,2400,0.7741666666666667,0.7741666666666667,0.5683948842323399,0.7701825253915802,0.8366138888888889,0.7681304373922658,,,0.7813520718939246,-0.011169546502344474,0.9857048481675226
tax_552396,pseknc_k3_l3,PseKNC,67,0.1,100,clean,2400,0.785,0.785,0.5900280040926132,0.7813520718939246,0.8407541666666666,0.7733690667399009,,,0.7813520718939246,0.0,1.0
tax_552396,pseknc_k3_l3,PseKNC,67,0.1,100,substitution_1pct,2400,0.7833333333333333,0.7833333333333333,0.5847347453723747,0.779986686373842,0.8389875,0.7707022662458752,,,0.7813520718939246,-0.0013653855200825848,0.9982525348441542
tax_552396,pseknc_k3_l3,PseKNC,67,1.0,69,N_3pct,2400,0.7820833333333334,0.7820833333333332,0.5678796850408311,0.7813709289871806,0.8623972222222223,0.8299283622699685,0.7659344066055739,0.7979781637149963,0.7987098590671351,-0.017338930079954462,0.9782913283426778
tax_552396,pseknc_k3_l3,PseKNC,67,1.0,69,clean,2400,0.7854166666666667,0.7854166666666667,0.5741605451893216,0.7847949257568612,0.8649805555555556,0.8373662224066656,0.7683891316237557,0.7981964196500833,0.7987098590671351,-0.013914933310273936,0.9825782377013274
tax_552396,pseknc_k3_l3,PseKNC,67,1.0,69,substitution_1pct,2400,0.7808333333333334,0.7808333333333333,0.5646895726884565,0.78024671414526,0.8614194444444445,0.8302438367070509,0.7639820331533621,0.7936003181354973,0.7987098590671351,-0.018463144921875063,0.9768837898865561
tax_552396,pseknc_k3_l3,PseKNC,67,1.0,75,N_3pct,2400,0.7875,0.7875000000000001,0.5799212149970913,0.786598378147674,0.8664097222222222,0.8391890426389884,0.7711630896954098,0.8020885096019084,0.7987098590671351,-0.012111480919461126,0.9848361945430261
tax_552396,pseknc_k3_l3,PseKNC,67,1.0,75,clean,2400,0.7966666666666666,0.7966666666666666,0.5978981059289235,0.7958904835332138,0.8703930555555555,0.8420808397590893,0.7822745353161645,0.8098170611763162,0.7987098590671351,-0.002819375533921309,0.9964700879776115
tax_552396,pseknc_k3_l3,PseKNC,67,1.0,75,substitution_1pct,2400,0.78875,0.7887500000000001,0.5809722036553804,0.7881187336089346,0.8640840277777777,0.8334757527215384,0.7714548763652788,0.8048373235287604,0.7987098590671351,-0.010591125458200512,0.9867397086213878
tax_552396,pseknc_k3_l3,PseKNC,67,1.0,100,N_3pct,2400,0.7954166666666667,0.7954166666666667,0.6024994127936044,0.7934362003760008,0.8736708333333333,0.8485164430888268,0.7753105507799616,0.8098542556005668,0.7987098590671351,-0.005273658691134275,0.9933972785846243
tax_552396,pseknc_k3_l3,PseKNC,67,1.0,100,clean,2400,0.8004166666666667,0.8004166666666667,0.6112894208839825,0.7987098590671351,0.87993125,0.8564400993868743,0.7830677715410111,0.8142185908659373,0.7987098590671351,0.0,1.0
tax_552396,pseknc_k3_l3,PseKNC,67,1.0,100,substitution_1pct,2400,0.79875,0.79875,0.6062374218360954,0.7972998138942304,0.8761666666666666,0.8508789475312402,0.7826099004443832,0.8124927168524413,0.7987098590671351,-0.0014100451729046615,0.9982345965097369
tax_552396,pseknc_k3_l3,PseKNC,67,10.0,69,N_3pct,2400,0.7841666666666667,0.7841666666666667,0.5684881094994323,0.7841372853527285,0.8666770833333333,0.8418262801596339,,,0.7992571119092808,-0.015119826556552307,0.9810826499617454
tax_552396,pseknc_k3_l3,PseKNC,67,10.0,69,clean,2400,0.7866666666666666,0.7866666666666666,0.5734480344114706,0.7866453311997866,0.8719590277777778,0.8522680812606241,,,0.7992571119092808,-0.012611780709494202,0.9842206212224163
tax_552396,pseknc_k3_l3,PseKNC,67,10.0,69,substitution_1pct,2400,0.78625,0.78625,0.5726449691077807,0.78622294384133,0.8676444444444444,0.8438859402138068,,,0.7992571119092808,-0.01303416806795088,0.9836921462771665
tax_552396,pseknc_k3_l3,PseKNC,67,10.0,75,N_3pct,2400,0.7933333333333333,0.7933333333333333,0.5874512749046891,0.7931953199322603,0.8738368055555554,0.8544356168408518,,,0.7992571119092808,-0.006061791977020503,0.9924157171870014
tax_552396,pseknc_k3_l3,PseKNC,67,10.0,75,clean,2400,0.795,0.7949999999999999,0.5905547258056517,0.7949037186901629,0.8786291666666668,0.8579963865313436,,,0.7992571119092808,-0.004353393219117985,0.9945532005230225
tax_552396,pseknc_k3_l3,PseKNC,67,10.0,75,substitution_1pct,2400,0.7829166666666667,0.7829166666666667,0.5659372945587123,0.7828967278418452,0.8713930555555556,0.847936610170209,,,0.7992571119092808,-0.016360384067435674,0.9795305117418929
tax_552396,pseknc_k3_l3,PseKNC,67,10.0,100,N_3pct,2400,0.79625,0.79625,0.5984647069777257,0.7952346696876649,0.8841409722222222,0.8694681249511736,,,0.7992571119092808,-0.004022442221615963,0.9949672737825165
tax_552396,pseknc_k3_l3,PseKNC,67,10.0,100,clean,2400,0.8,0.8,0.6044907519971615,0.7992571119092808,0.8913180555555555,0.8772679139756224,,,0.7992571119092808,0.0,1.0
tax_552396,pseknc_k3_l3,PseKNC,67,10.0,100,substitution_1pct,2400,0.7995833333333333,0.7995833333333333,0.6024440495360651,0.799038189533239,0.8868069444444444,0.8725017340416403,,,0.7992571119092808,-0.00021892237604181908,0.9997260926768373
tax_552396,pseeiip,PseEIIP,64,0.1,69,N_3pct,2400,0.7775,0.7775000000000001,0.5619390848460601,0.776126286016138,0.842117361111111,0.7911529543438889,,,0.7891934908385596,-0.01306720482242163,0.9834423307159603
tax_552396,pseeiip,PseEIIP,64,0.1,69,clean,2400,0.78,0.78,0.5686068791275765,0.7783350499305897,0.8414958333333333,0.7925532790841819,,,0.7891934908385596,-0.010858440907969946,0.9862410916536675
tax_552396,pseeiip,PseEIIP,64,0.1,69,substitution_1pct,2400,0.7775,0.7775000000000001,0.562872733649192,0.775944055944056,0.8390111111111112,0.7887713782212811,,,0.7891934908385596,-0.013249434894503587,0.9832114240065192
tax_552396,pseeiip,PseEIIP,64,0.1,75,N_3pct,2400,0.7791666666666667,0.7791666666666667,0.5665804429404842,0.7775595343019985,0.8428284722222222,0.7922419535331657,,,0.7891934908385596,-0.011633956536561074,0.985258423096978
tax_552396,pseeiip,PseEIIP,64,0.1,75,clean,2400,0.7870833333333334,0.7870833333333334,0.5845336022537478,0.7851954022988505,0.8459243055555554,0.7949738427078057,,,0.7891934908385596,-0.003998088539709066,0.9949339565187482
tax_552396,pseeiip,PseEIIP,64,0.1,75,substitution_1pct,2400,0.7820833333333334,0.7820833333333332,0.5738032018040073,0.7802536012096556,0.8417680555555556,0.7895531611172807,,,0.7891934908385596,-0.008939889628904019,0.9886721194071115
tax_552396,pseeiip,PseEIIP,64,0.1,100,N_3pct,2400,0.7816666666666666,0.7816666666666667,0.5786186941651865,0.7787833223452063,0.8472965277777776,0.7947049283460168,,,0.7891934908385596,-0.0104101684933533,0.9868091049733673
tax_552396,pseeiip,PseEIIP,64,0.1,100,clean,2400,0.7920833333333334,0.7920833333333334,0.6008730600727017,0.7891934908385596,0.8527437499999999,0.8021658436444615,,,0.7891934908385596,0.0,1.0
tax_552396,pseeiip,PseEIIP,64,0.1,100,substitution_1pct,2400,0.78875,0.7887500000000001,0.5925806912181668,0.7860623713987474,0.8500180555555555,0.7972294248530825,,,0.7891934908385596,-0.0031311194398122577,0.9960325072670262
tax_552396,pseeiip,PseEIIP,64,1.0,69,N_3pct,2400,0.7870833333333334,0.7870833333333334,0.5749595795808318,0.7869365192786488,0.8648638888888889,0.8354666174645045,0.7714954414325682,0.8023441797196277,0.7999831921585305,-0.013046672879881704,0.9836913162579343
tax_552396,pseeiip,PseEIIP,64,1.0,69,clean,2400,0.7854166666666667,0.7854166666666667,0.5724817906203445,0.7851077217089361,0.8675798611111112,0.8425418714083863,0.7696209332048314,0.800168876489816,0.7999831921585305,-0.014875470449594475,0.9814052712664411
tax_552396,pseeiip,PseEIIP,64,1.0,69,substitution_1pct,2400,0.7820833333333334,0.7820833333333332,0.5657958718977711,0.7817695892306282,0.8640895833333333,0.8349885174607283,0.7619523439314533,0.7966922679821018,0.7999831921585305,-0.018213602927902306,0.977232517999837
tax_552396,pseeiip,PseEIIP,64,1.0,75,N_3pct,2400,0.79625,0.79625,0.5941363345645194,0.795969422534009,0.8701916666666667,0.8455697853991009,0.7765538931456168,0.813529090751763,0.7999831921585305,-0.0040137696245214904,0.9949826825565029
tax_552396,pseeiip,PseEIIP,64,1.0,75,clean,2400,0.7925,0.7925,0.5872094544132362,0.7921096280793936,0.8743736111111111,0.8493148439224406,0.7748825786647853,0.8077580553640525,0.7999831921585305,-0.007873564079136974,0.990157838119208
tax_552396,pseeiip,PseEIIP,64,1.0,75,substitution_1pct,2400,0.7883333333333333,0.7883333333333333,0.5782954161836982,0.788035257914776,0.8675499999999999,0.8396821606783114,0.768954761992682,0.8026507713875166,0.7999831921585305,-0.01194793424375451,0.9850647684090508
tax_552396,pseeiip,PseEIIP,64,1.0,100,N_3pct,2400,0.7970833333333334,0.7970833333333334,0.6020038051567596,0.7957625624459286,0.8791166666666667,0.859895680504612,0.7800620618861823,0.8079117961201863,0.7999831921585305,-0.004220629712601953,0.9947241020136763
tax_552396,pseeiip,PseEIIP,64,1.0,100,clean,2400,0.80125,0.80125,0.6102800163294907,0.7999831921585305,0.8860340277777777,0.8681975830429121,0.7842683491736582,0.8166585299539245,0.7999831921585305,0.0,1.0
tax_552396,pseeiip,PseEIIP,64,1.0,100,substitution_1pct,2400,0.80125,0.80125,0.6091629908716311,0.8001630744722468,0.8817937499999999,0.8624665128439626,0.7850552419404948,0.8176442146053725,0.7999831921585305,0.00017988231371623975,1.0002248576163593
tax_552396,pseeiip,PseEIIP,64,10.0,69,N_3pct,2400,0.7820833333333334,0.7820833333333334,0.5641762655806212,0.7820814795125861,0.8651666666666669,0.8393713404839935,,,0.7989281392788411,-0.01684665976625499,0.9789134229500769
tax_552396,pseeiip,PseEIIP,64,10.0,69,clean,2400,0.7895833333333333,0.7895833333333333,0.5792006554801788,0.7895771594687413,0.8698215277777778,0.8480612981544283,,,0.7989281392788411,-0.009350979810099802,0.9882955933702116
tax_552396,pseeiip,PseEIIP,64,10.0,69,substitution_1pct,2400,0.7854166666666667,0.7854166666666667,0.5708430456761086,0.7854148412026423,0.8656951388888889,0.8388109117477176,,,0.7989281392788411,-0.013513298076198832,0.9830857152078825
tax_552396,pseeiip,PseEIIP,64,10.0,75,N_3pct,2400,0.7920833333333334,0.7920833333333333,0.5841912113269284,0.7920789655477137,0.8729479166666667,0.8512156976529233,,,0.7989281392788411,-0.006849173731127367,0.9914270465710348
tax_552396,pseeiip,PseEIIP,64,10.0,75,clean,2400,0.795,0.7949999999999999,0.5903970114758967,0.7949310740554465,0.8776340277777779,0.8557836542975447,,,0.7989281392788411,-0.0039970652233946025,0.9949969652752467
tax_552396,pseeiip,PseEIIP,64,10.0,75,substitution_1pct,2400,0.78125,0.78125,0.5625861526011807,0.7812332506707544,0.8705736111111112,0.8459622498691499,,,0.7989281392788411,-0.017694888608086656,0.977851714393163
tax_552396,pseeiip,PseEIIP,64,10.0,100,N_3pct,2400,0.7954166666666667,0.7954166666666667,0.5941702634134624,0.7948421891786915,0.8840756944444444,0.8702496314219159,,,0.7989281392788411,-0.00408595010014956,0.99488571011676
tax_552396,pseeiip,PseEIIP,64,10.0,100,clean,2400,0.7995833333333333,0.7995833333333333,0.6031100347774853,0.7989281392788411,0.89064375,0.8773832619684583,,,0.7989281392788411,0.0,1.0
tax_552396,pseeiip,PseEIIP,64,10.0,100,substitution_1pct,2400,0.7979166666666667,0.7979166666666666,0.5984927677494167,0.7974676848729414,0.8860680555555556,0.8719775334042987,,,0.7989281392788411,-0.0014604544058997027,0.9981719827677894
tax_1122939,ck4,CK4,136,0.1,69,N_3pct,2400,0.8808333333333334,0.8808333333333334,0.7655038026224332,0.8805346700083543,0.9384854166666666,0.9125823225672043,,,0.8838631031087059,-0.00332843310035158,0.9962342210138144
tax_1122939,ck4,CK4,136,0.1,69,clean,2400,0.8825,0.8825000000000001,0.7698146364637846,0.8821325646407447,0.9411361111111111,0.9160180096514997,,,0.8838631031087059,-0.001730538467961118,0.9980420740928381
tax_1122939,ck4,CK4,136,0.1,69,substitution_1pct,2400,0.8808333333333334,0.8808333333333334,0.7660370330595654,0.8804934034587271,0.9403965277777777,0.9152750903940923,,,0.8838631031087059,-0.003369699649978797,0.9961875321663197
tax_1122939,ck4,CK4,136,0.1,75,N_3pct,2400,0.8783333333333333,0.8783333333333334,0.7615734679229952,0.877941389573185,0.9415458333333334,0.9171617125238404,,,0.8838631031087059,-0.005921713535520845,0.993300191494935
tax_1122939,ck4,CK4,136,0.1,75,clean,2400,0.8820833333333333,0.8820833333333333,0.770964254409954,0.8815635081684037,0.9435097222222222,0.919354557270096,,,0.8838631031087059,-0.0022995949403021854,0.9973982453479344
tax_1122939,ck4,CK4,136,0.1,75,substitution_1pct,2400,0.8783333333333333,0.8783333333333334,0.7621742201406722,0.8778937508363441,0.941763888888889,0.9153973632191355,,,0.8838631031087059,-0.005969352272361728,0.9932462931743995
tax_1122939,ck4,CK4,136,0.1,100,N_3pct,2400,0.8825,0.8825000000000001,0.7735575415837379,0.881850093465514,0.9501638888888889,0.9320380454511499,,,0.8838631031087059,-0.002013009643191843,0.9977224870728151
tax_1122939,ck4,CK4,136,0.1,100,clean,2400,0.8845833333333334,0.8845833333333333,0.7788879775155563,0.8838631031087059,0.9515784722222221,0.9337403477884904,,,0.8838631031087059,0.0,1.0
tax_1122939,ck4,CK4,136,0.1,100,substitution_1pct,2400,0.8825,0.8825000000000001,0.7739533255648049,0.8818203851454092,0.9498083333333333,0.9317109002200511,,,0.8838631031087059,-0.002042717963296692,0.9976888751706999
tax_1122939,ck4,CK4,136,1.0,69,N_3pct,2400,0.88375,0.88375,0.7680893613189465,0.8837054002133804,0.9464590277777779,0.9285249713640361,0.8691363019467834,0.8949836550691381,0.9051990029190284,-0.02149360270564804,0.9762553840245771
tax_1122939,ck4,CK4,136,1.0,69,clean,2400,0.8945833333333333,0.8945833333333333,0.790326938955841,0.8945059527170538,0.9492402777777778,0.932350052652739,0.8823503685073215,0.9066263684659089,0.9051990029190284,-0.010693050201974641,0.988187072491803
tax_1122939,ck4,CK4,136,1.0,69,substitution_1pct,2400,0.88875,0.88875,0.7782594437280651,0.8886957198397621,0.9490284722222222,0.9329415745790892,0.877045805831029,0.901233898175413,0.9051990029190284,-0.016503283079266295,0.9817683370993036
tax_1122939,ck4,CK4,136,1.0,75,N_3pct,2400,0.8904166666666666,0.8904166666666666,0.7814851140792097,0.8903709688708783,0.9499097222222223,0.933857602973025,0.8782287789119062,0.900419342131691,0.9051990029190284,-0.01482803404815014,0.9836190340462886
tax_1122939,ck4,CK4,136,1.0,75,clean,2400,0.8966666666666666,0.8966666666666667,0.795378539091094,0.8965338132087659,0.9524444444444444,0.935740803826927,0.8848800023531656,0.9095233915597152,0.9051990029190284,-0.008665189710262533,0.9904273097050267
tax_1122939,ck4,CK4,136,1.0,75,substitution_1pct,2400,0.8954166666666666,0.8954166666666667,0.7922212112287832,0.8953250579196134,0.9506451388888889,0.9319453404481401,0.8799284567188002,0.9078221511288715,0.9051990029190284,-0.009873944999415074,0.9890919621347635
tax_1122939,ck4,CK4,136,1.0,100,N_3pct,2400,0.9066666666666666,0.9066666666666667,0.8159485598035467,0.906517094017094,0.959676388888889,0.945393213642059,0.8940038908596744,0.9161301648920869,0.9051990029190284,0.001318091098065577,1.0014561340587154
tax_1122939,ck4,CK4,136,1.0,100,clean,2400,0.9054166666666666,0.9054166666666668,0.8145825357013512,0.9051990029190284,0.9609576388888889,0.9484910044669265,0.8925456810296035,0.9152302604827862,0.9051990029190284,0.0,1.0
tax_1122939,ck4,CK4,136,1.0,100,substitution_1pct,2400,0.9008333333333334,0.9008333333333334,0.8049332747604979,0.9006321133628932,0.95931875,0.9462430241100083,0.8892550652389356,0.910705995383577,0.9051990029190284,-0.004566889556135267,0.9949548225954644
tax_1122939,ck4,CK4,136,10.0,69,N_3pct,2400,0.88,0.88,0.7600855144308308,0.8799932496202911,0.9473125,0.9309398261427722,,,0.9107077661294529,-0.030714516509161793,0.9662740149458703
tax_1122939,ck4,CK4,136,10.0,69,clean,2400,0.8904166666666666,0.8904166666666666,0.7810310568471479,0.8904027957705064,0.9504666666666667,0.9356116876749738,,,0.9107077661294529,-0.020304970358946517,0.9777041866621567
tax_1122939,ck4,CK4,136,10.0,69,substitution_1pct,2400,0.88125,0.88125,0.7625214462172666,0.8812483300546414,0.9502958333333333,0.9367113705800562,,,0.9107077661294529,-0.029459436074811496,0.9676521523473821
tax_1122939,ck4,CK4,136,10.0,75,N_3pct,2400,0.8875,0.8875,0.7750010763911314,0.8874999218749458,0.951161111111111,0.9380724136868999,,,0.9107077661294529,-0.02320784425450717,0.9745166944681481
tax_1122939,ck4,CK4,136,10.0,75,clean,2400,0.89875,0.8987499999999999,0.7979215136347398,0.8987232566099486,0.9538631944444445,0.9395975802333361,,,0.9107077661294529,-0.01198450951950436,0.9868404443607206
tax_1122939,ck4,CK4,136,10.0,75,substitution_1pct,2400,0.8933333333333333,0.8933333333333333,0.7868513798517934,0.8933208133454551,0.9522986111111111,0.9353406601697807,,,0.9107077661294529,-0.017386952783997822,0.9809083073290424
tax_1122939,ck4,CK4,136,10.0,100,N_3pct,2400,0.9075,0.9075,0.8166394614762825,0.9074071499475863,0.96095625,0.9474858890221377,,,0.9107077661294529,-0.0033006161818666113,0.9963757680513757
tax_1122939,ck4,CK4,136,10.0,100,clean,2400,0.9108333333333334,0.9108333333333334,0.8239873993600093,0.9107077661294529,0.963107638888889,0.952062302599701,,,0.9107077661294529,0.0,1.0
tax_1122939,ck4,CK4,136,10.0,100,substitution_1pct,2400,0.9083333333333333,0.9083333333333333,0.8181406476112956,0.9082507590164481,0.9618222222222222,0.9503413761146069,,,0.9107077661294529,-0.0024570071130047832,0.9973020905230147
tax_1122939,ck4_p,CK4+P,147,0.1,69,N_3pct,2400,0.8795833333333334,0.8795833333333334,0.7643115042084107,0.8791780554181832,0.9357312500000001,0.9067972943150031,,,0.8778935376413626,0.0012845177768205929,1.0014631817204984
tax_1122939,ck4_p,CK4+P,147,0.1,69,clean,2400,0.8770833333333333,0.8770833333333333,0.7605377689849325,0.8765684996883703,0.938242361111111,0.9095994432073148,,,0.8778935376413626,-0.001325037952992325,0.9984906621404774
tax_1122939,ck4_p,CK4+P,147,0.1,69,substitution_1pct,2400,0.8795833333333334,0.8795833333333334,0.7647702846800497,0.879142181312865,0.9374520833333333,0.9087277362888633,,,0.8778935376413626,0.0012486436715024585,1.0014223178756472
tax_1122939,ck4_p,CK4+P,147,0.1,75,N_3pct,2400,0.8754166666666666,0.8754166666666666,0.7571762760833416,0.8748948522265176,0.9384520833333334,0.9113636974057533,,,0.8778935376413626,-0.002998685414844937,0.9965842265761501
tax_1122939,ck4_p,CK4+P,147,0.1,75,clean,2400,0.8741666666666666,0.8741666666666666,0.7574879770177853,0.8734063133361418,0.9402722222222223,0.9129742278129795,,,0.8778935376413626,-0.0044872243052207494,0.994888646387264
tax_1122939,ck4_p,CK4+P,147,0.1,75,substitution_1pct,2400,0.8716666666666667,0.8716666666666667,0.7512730460412222,0.8709885502338333,0.9386368055555555,0.9095375060377908,,,0.8778935376413626,-0.006904987407529317,0.9921345959259696
tax_1122939,ck4_p,CK4+P,147,0.1,100,N_3pct,2400,0.8775,0.8775,0.7646454535965146,0.8767274061391709,0.9469326388888888,0.9267660758046086,,,0.8778935376413626,-0.0011661315021916918,0.9986716709348098
tax_1122939,ck4_p,CK4+P,147,0.1,100,clean,2400,0.87875,0.87875,0.7683552648793953,0.8778935376413626,0.9483625,0.9283324225409177,,,0.8778935376413626,0.0,1.0
tax_1122939,ck4_p,CK4+P,147,0.1,100,substitution_1pct,2400,0.8791666666666667,0.8791666666666667,0.7693113057736833,0.8783045728805238,0.9466784722222221,0.9267087507672989,,,0.8778935376413626,0.0004110352391611949,1.000468206247725
tax_1122939,ck4_p,CK4+P,147,1.0,69,N_3pct,2400,0.885,0.885,0.7708398163937639,0.884937354782048,0.9448145833333335,0.9251793555456983,0.8740342504072259,0.8970259501428944,0.9001190874408982,-0.015181732658850144,0.9831336399031234
tax_1122939,ck4_p,CK4+P,147,1.0,69,clean,2400,0.8883333333333333,0.8883333333333334,0.778576521589862,0.8881963738913502,0.9473499999999999,0.9286292354969292,0.8747671514104707,0.901569089687049,0.9001190874408982,-0.011922713549547992,0.9867542931642022
tax_1122939,ck4_p,CK4+P,147,1.0,69,substitution_1pct,2400,0.8825,0.8825000000000001,0.7662312159732051,0.8824055978271446,0.946976388888889,0.9289304720002541,0.8686530265942388,0.8953625255092399,0.9001190874408982,-0.01771348961375363,0.9803209487934377
tax_1122939,ck4_p,CK4+P,147,1.0,75,N_3pct,2400,0.8875,0.8875,0.776036485314433,0.8874248717373192,0.9481208333333333,0.930019960698386,0.8715852698466094,0.8982472055131306,0.9001190874408982,-0.012694215703578982,0.9858971819610342
tax_1122939,ck4_p,CK4+P,147,1.0,75,clean,2400,0.89375,0.89375,0.7906493782379659,0.8935383890653488,0.9504618055555554,0.932398472283604,0.8813592714567362,0.9044273740625056,0.9001190874408982,-0.006580698375549421,0.9926890802924102
tax_1122939,ck4_p,CK4+P,147,1.0,75,substitution_1pct,2400,0.8925,0.8925000000000001,0.7874195643592777,0.8923348386517929,0.948657638888889,0.9282506100072823,0.8789522648258465,0.906531291194405,0.9001190874408982,-0.00778424878910533,0.991351978979541
tax_1122939,ck4_p,CK4+P,147,1.0,100,N_3pct,2400,0.8991666666666667,0.8991666666666667,0.8010089443332867,0.8989982602937259,0.9574944444444445,0.942471878902597,0.8869115002272117,0.9111293107320346,0.9001190874408982,-0.0011208271471723208,0.9987548012670646
tax_1122939,ck4_p,CK4+P,147,1.0,100,clean,2400,0.9004166666666666,0.9004166666666666,0.8056483228179229,0.9001190874408982,0.9587291666666669,0.9449012315365765,0.886580049924483,0.9139762393251754,0.9001190874408982,0.0,1.0
tax_1122939,ck4_p,CK4+P,147,1.0,100,substitution_1pct,2400,0.8979166666666667,0.8979166666666667,0.7997755567834561,0.8976650755442329,0.9570979166666667,0.942760859990712,0.8858778099317907,0.9097668349951507,0.9001190874408982,-0.0024540118966652757,0.9972736808596714
tax_1122939,ck4_p,CK4+P,147,10.0,69,N_3pct,2400,0.8804166666666666,0.8804166666666666,0.7609498627035229,0.8804075103666791,0.9478965277777779,0.9313932017333593,,,0.910690438034188,-0.030282927667508952,0.966747287110121
tax_1122939,ck4_p,CK4+P,147,10.0,69,clean,2400,0.89375,0.89375,0.7878746030584558,0.8937247411754634,0.9507576388888889,0.9353778920547334,,,0.910690438034188,-0.01696569685872462,0.9813705117017076
tax_1122939,ck4_p,CK4+P,147,10.0,69,substitution_1pct,2400,0.88625,0.88625,0.7726183162389548,0.8862412903487924,0.9507180555555557,0.936792895244482,,,0.910690438034188,-0.024449147685395634,0.9731531740487235
tax_1122939,ck4_p,CK4+P,147,10.0,75,N_3pct,2400,0.8883333333333333,0.8883333333333334,0.776676375182035,0.8883326354123047,0.9516284722222222,0.9378420850992638,,,0.910690438034188,-0.02235780262188336,0.9754496130758276
tax_1122939,ck4_p,CK4+P,147,10.0,75,clean,2400,0.9008333333333334,0.9008333333333334,0.8025410209640702,0.9007793131816211,0.9541944444444446,0.9394149006557782,,,0.910690438034188,-0.009911124852566955,0.9891169112591529
tax_1122939,ck4_p,CK4+P,147,10.0,75,substitution_1pct,2400,0.8975,0.8975,0.7954873853310123,0.8974685997586761,0.9525840277777777,0.935277076837768,,,0.910690438034188,-0.013221838275511932,0.985481522893715
tax_1122939,ck4_p,CK4+P,147,10.0,100,N_3pct,2400,0.9104166666666667,0.9104166666666667,0.8218272609976963,0.9103624951120634,0.9615444444444444,0.9479376189560745,,,0.910690438034188,-0.0003279429221246799,0.9996398963814394
tax_1122939,ck4_p,CK4+P,147,10.0,100,clean,2400,0.9108333333333334,0.9108333333333334,0.8243086884900586,0.910690438034188,0.9632798611111111,0.9521487424157293,,,0.910690438034188,0.0,1.0
tax_1122939,ck4_p,CK4+P,147,10.0,100,substitution_1pct,2400,0.9108333333333334,0.9108333333333334,0.8234987016426576,0.910734149054505,0.96191875,0.9504343900314064,,,0.910690438034188,4.371102031697216e-05,1.0000479976713177
tax_1122939,ck4_msp,CK4+MSP,211,0.1,69,N_3pct,2400,0.8804166666666666,0.8804166666666666,0.7667670550408971,0.8799539684119294,0.9356805555555554,0.9067347360662832,,,0.8778762853896915,0.002077683022237875,1.0023667150563427
tax_1122939,ck4_msp,CK4+MSP,211,0.1,69,clean,2400,0.8775,0.8775,0.7614617692570502,0.8769802415204238,0.9382374999999998,0.9095794125895657,,,0.8778762853896915,-0.0008960438692677819,0.9989793050750083
tax_1122939,ck4_msp,CK4+MSP,211,0.1,69,substitution_1pct,2400,0.8795833333333334,0.8795833333333334,0.7646151115378466,0.8791543101542263,0.9374902777777778,0.9088574782549628,,,0.8778762853896915,0.0012780247645347576,1.001455814202758
tax_1122939,ck4_msp,CK4+MSP,211,0.1,75,N_3pct,2400,0.8745833333333334,0.8745833333333334,0.7565284655906759,0.8739731313646927,0.93841875,0.9112573814183116,,,0.8778762853896915,-0.003903154024998856,0.9955538677944054
tax_1122939,ck4_msp,CK4+MSP,211,0.1,75,clean,2400,0.8745833333333334,0.8745833333333333,0.7582314320773011,0.8738336731708809,0.9402784722222222,0.9130712483504573,,,0.8778762853896915,-0.004042612218810637,0.9953950091988006
tax_1122939,ck4_msp,CK4+MSP,211,0.1,75,substitution_1pct,2400,0.87125,0.8712500000000001,0.7503384704075848,0.8705775198946051,0.9386118055555555,0.9092694350052686,,,0.8778762853896915,-0.007298765495086457,0.9916858837440329
tax_1122939,ck4_msp,CK4+MSP,211,0.1,100,N_3pct,2400,0.8729166666666667,0.8729166666666667,0.7569607008778658,0.8719826512008184,0.9469076388888888,0.9267933435820696,,,0.8778762853896915,-0.00589363418887312,0.9932864866189466
tax_1122939,ck4_msp,CK4+MSP,211,0.1,100,clean,2400,0.87875,0.87875,0.7685771498591502,0.8778762853896915,0.9483368055555556,0.9282666502258452,,,0.8778762853896915,0.0,1.0
tax_1122939,ck4_msp,CK4+MSP,211,0.1,100,substitution_1pct,2400,0.8791666666666667,0.8791666666666667,0.7693113057736833,0.8783045728805238,0.9466131944444445,0.9266503407370599,,,0.8778762853896915,0.0004282874908322354,1.000487867707512
tax_1122939,ck4_msp,CK4+MSP,211,1.0,69,N_3pct,2400,0.8841666666666667,0.8841666666666667,0.7696439127876707,0.8840680439957602,0.9447451388888889,0.9250948896736207,0.8715363467443851,0.8948615864469883,0.9005324439763618,-0.016464399980601563,0.9817170385245623
tax_1122939,ck4_msp,CK4+MSP,211,1.0,69,clean,2400,0.8883333333333333,0.8883333333333333,0.778486342735362,0.8882028256596763,0.9473875,0.9286686956401159,0.8742956256219083,0.899894960471386,0.9005324439763618,-0.012329618316685442,0.9863085240302468
tax_1122939,ck4_msp,CK4+MSP,211,1.0,69,substitution_1pct,2400,0.8833333333333333,0.8833333333333333,0.7678288874541092,0.8832450373928616,0.9469986111111112,0.9289919776186303,0.8702831438819577,0.897066424173093,0.9005324439763618,-0.017287406583500142,0.9808031274174127
tax_1122939,ck4_msp,CK4+MSP,211,1.0,75,N_3pct,2400,0.8879166666666667,0.8879166666666667,0.7776068413616175,0.8877888511549353,0.9480847222222223,0.9300018370364317,0.8773157175586133,0.8999004615088858,0.9005324439763618,-0.012743592821426453,0.9858488243186928
tax_1122939,ck4_msp,CK4+MSP,211,1.0,75,clean,2400,0.89375,0.89375,0.7905320703048321,0.89354624085163,0.9505180555555556,0.9324852725050645,0.8801847913255183,0.9057102986917285,0.9005324439763618,-0.006986203124731749,0.9922421416668968
tax_1122939,ck4_msp,CK4+MSP,211,1.0,75,substitution_1pct,2400,0.8941666666666667,0.8941666666666667,0.7906604210252748,0.8940109216042462,0.9487305555555556,0.9286026176603338,0.881028790613934,0.907365633839038,0.9005324439763618,-0.006521522372115562,0.9927581483424192
tax_1122939,ck4_msp,CK4+MSP,211,1.0,100,N_3pct,2400,0.9,0.8999999999999999,0.8033824425353207,0.89978948833487,0.9575006944444444,0.9425855490203038,0.8872064981053561,0.9118769835683299,0.9005324439763618,-0.0007429556414917382,0.9991749818160786
tax_1122939,ck4_msp,CK4+MSP,211,1.0,100,clean,2400,0.9008333333333334,0.9008333333333334,0.8065612130698021,0.9005324439763618,0.9587416666666667,0.944965360500814,0.8883617399320367,0.9126538730952907,0.9005324439763618,0.0,1.0
tax_1122939,ck4_msp,CK4+MSP,211,1.0,100,substitution_1pct,2400,0.8979166666666667,0.8979166666666667,0.7997755567834561,0.8976650755442329,0.9571458333333334,0.9428453286370786,0.8859756646932607,0.9073124085552249,0.9005324439763618,-0.0028673684321288695,0.9968159187919229
tax_1122939,ck4_msp,CK4+MSP,211,10.0,69,N_3pct,2400,0.8825,0.8825000000000001,0.7650010625022136,0.8824999184027211,0.9479055555555556,0.9316802954004754,,,0.9115251068376069,-0.029025188434885774,0.9681575546113216
tax_1122939,ck4_msp,CK4+MSP,211,10.0,69,clean,2400,0.8933333333333333,0.8933333333333333,0.786982616166585,0.8933119216287158,0.9508770833333334,0.9359019628099561,,,0.9115251068376069,-0.018213185208891147,0.9800189977519337
tax_1122939,ck4_msp,CK4+MSP,211,10.0,69,substitution_1pct,2400,0.8866666666666667,0.8866666666666667,0.773440763122465,0.8866587957497047,0.9507861111111112,0.9371538397880689,,,0.9115251068376069,-0.02486631108790216,0.9727201029336735
tax_1122939,ck4_msp,CK4+MSP,211,10.0,75,N_3pct,2400,0.8904166666666666,0.8904166666666666,0.781002840191584,0.8904047748236571,0.9515652777777778,0.938388881740267,,,0.9115251068376069,-0.021120332013949805,0.9768296760500393
tax_1122939,ck4_msp,CK4+MSP,211,10.0,75,clean,2400,0.8991666666666667,0.8991666666666667,0.7992040520619327,0.899111738613245,0.9543312500000001,0.940061125155412,,,0.9115251068376069,-0.012413368224361898,0.9863817593928618
tax_1122939,ck4_msp,CK4+MSP,211,10.0,75,substitution_1pct,2400,0.8958333333333334,0.8958333333333333,0.7921520084533141,0.8958014225189798,0.9526631944444445,0.9356592341935538,,,0.9115251068376069,-0.01572368431862714,0.982750135788165
tax_1122939,ck4_msp,CK4+MSP,211,10.0,100,N_3pct,2400,0.9079166666666667,0.9079166666666667,0.8177918479973467,0.907806402483804,0.9616451388888889,0.9483984095254908,,,0.9115251068376069,-0.0037187043538029485,0.9959203489559334
tax_1122939,ck4_msp,CK4+MSP,211,10.0,100,clean,2400,0.9116666666666666,0.9116666666666666,0.8259807142273609,0.9115251068376069,0.9633138888888889,0.9524545189600973,,,0.9115251068376069,0.0,1.0
tax_1122939,ck4_msp,CK4+MSP,211,10.0,100,substitution_1pct,2400,0.9116666666666666,0.9116666666666666,0.8254558788046228,0.9115530983881386,0.9619555555555557,0.9507018062797262,,,0.9115251068376069,2.7991550531680787e-05,1.0000307084800206
tax_1122939,ck4p_msp,CK4P-MSP,222,0.1,69,N_3pct,2400,0.8758333333333334,0.8758333333333332,0.7580999071411251,0.8753065033098173,0.9342402777777778,0.90338652186019,,,0.8752675369590792,3.896635073807886e-05,1.0000445193601872
tax_1122939,ck4p_msp,CK4P-MSP,222,0.1,69,clean,2400,0.875,0.875,0.7576412527549731,0.8743696672541048,0.9366305555555556,0.9059569909358026,,,0.8752675369590792,-0.0008978697049744078,0.9989741768464373
tax_1122939,ck4p_msp,CK4P-MSP,222,0.1,69,substitution_1pct,2400,0.8770833333333333,0.8770833333333334,0.761047463486253,0.8765276864863564,0.9358118055555554,0.9052146498635251,,,0.8752675369590792,0.0012601495272771546,1.0014397306812672
tax_1122939,ck4p_msp,CK4P-MSP,222,0.1,75,N_3pct,2400,0.8729166666666667,0.8729166666666667,0.7538930741053638,0.8722373731864296,0.936876388888889,0.9082216395892243,,,0.8752675369590792,-0.003030163772649641,0.996538014213143
tax_1122939,ck4p_msp,CK4P-MSP,222,0.1,75,clean,2400,0.8716666666666667,0.8716666666666667,0.7534514774498317,0.8708050078439817,0.9385604166666667,0.9095213015045828,,,0.8752675369590792,-0.00446252911509748,0.9949015256174112
tax_1122939,ck4p_msp,CK4P-MSP,222,0.1,75,substitution_1pct,2400,0.8704166666666666,0.8704166666666666,0.7496010642192469,0.8696588551039193,0.9370458333333332,0.9064754375362928,,,0.8752675369590792,-0.005608681855159947,0.9935920371562664
tax_1122939,ck4p_msp,CK4P-MSP,222,0.1,100,N_3pct,2400,0.87125,0.87125,0.7542512721764556,0.8702470956502508,0.9452131944444445,0.9238747101907405,,,0.8752675369590792,-0.005020441308828394,0.9942641065767494
tax_1122939,ck4p_msp,CK4P-MSP,222,0.1,100,clean,2400,0.87625,0.87625,0.7646419012875766,0.8752675369590792,0.9466361111111111,0.9252497606494068,,,0.8752675369590792,0.0,1.0
tax_1122939,ck4p_msp,CK4P-MSP,222,0.1,100,substitution_1pct,2400,0.8754166666666666,0.8754166666666667,0.7627164940864045,0.8744462187683657,0.9450145833333334,0.9239942221435761,,,0.8752675369590792,-0.0008213181907135159,0.9990616375496263
tax_1122939,ck4p_msp,CK4P-MSP,222,1.0,69,N_3pct,2400,0.8829166666666667,0.8829166666666667,0.7674148248834317,0.8827960238933443,0.9434826388888888,0.9225170151129336,0.8694101066235514,0.8965693858072292,0.896293322628128,-0.01349729873478367,0.9849409803754795
tax_1122939,ck4p_msp,CK4P-MSP,222,1.0,69,clean,2400,0.8841666666666667,0.8841666666666667,0.7714641157267974,0.8839316282137997,0.9458791666666667,0.9257487003675882,0.871983270382618,0.8982203844577148,0.896293322628128,-0.012361694414328328,0.9862079811349245
tax_1122939,ck4p_msp,CK4P-MSP,222,1.0,69,substitution_1pct,2400,0.8816666666666667,0.8816666666666667,0.765121770327888,0.8815283674901048,0.9454104166666667,0.9258416664813627,0.8698864305005845,0.8953548638072175,0.896293322628128,-0.014764955138023228,0.9835266482910648
tax_1122939,ck4p_msp,CK4P-MSP,222,1.0,75,N_3pct,2400,0.88625,0.88625,0.7743544873274162,0.8861137913035226,0.9468527777777778,0.927087442372011,0.8744313710351433,0.8981974672172959,0.896293322628128,-0.010179531324605362,0.9886426339819684
tax_1122939,ck4p_msp,CK4P-MSP,222,1.0,75,clean,2400,0.89,0.8899999999999999,0.7839294959021854,0.8897243107769424,0.9490180555555555,0.9297145512629676,0.8786150693591245,0.9019552063854105,0.896293322628128,-0.0065690118511856355,0.9926709128749014
tax_1122939,ck4p_msp,CK4P-MSP,222,1.0,75,substitution_1pct,2400,0.8879166666666667,0.8879166666666667,0.7788204840780938,0.8877017207415235,0.9471756944444445,0.9250813189607244,0.8754696418689638,0.8994419927701749,0.896293322628128,-0.00859160188660446,0.9904142966708577
tax_1122939,ck4p_msp,CK4P-MSP,222,1.0,100,N_3pct,2400,0.8983333333333333,0.8983333333333334,0.8000350156914234,0.8981193131404512,0.9559236111111111,0.9403918579937891,0.8855005086854829,0.9090419671474359,0.896293322628128,0.001825990512323239,1.0020372689009542
tax_1122939,ck4p_msp,CK4P-MSP,222,1.0,100,clean,2400,0.8966666666666666,0.8966666666666667,0.7991077726585021,0.896293322628128,0.9570888888888889,0.9423071721498938,0.8853448970864821,0.907964167382501,0.896293322628128,0.0,1.0
tax_1122939,ck4p_msp,CK4P-MSP,222,1.0,100,substitution_1pct,2400,0.8945833333333333,0.8945833333333333,0.793623750990901,0.8942873194749673,0.9553902777777776,0.940055005121674,0.8841370988160024,0.9089326180568585,0.896293322628128,-0.0020060031531606848,0.9977618898830144
tax_1122939,ck4p_msp,CK4P-MSP,222,10.0,69,N_3pct,2400,0.88,0.8799999999999999,0.7600095001781287,0.8799992499953124,0.9481875000000001,0.9320107389971357,,,0.9110862350464597,-0.031086985051147265,0.9658792067585545
tax_1122939,ck4p_msp,CK4P-MSP,222,10.0,69,clean,2400,0.8954166666666666,0.8954166666666667,0.7913899751728707,0.8953798861578941,0.9508083333333333,0.9354296362789367,,,0.9110862350464597,-0.01570634888856559,0.9827608537102257
tax_1122939,ck4p_msp,CK4P-MSP,222,10.0,69,substitution_1pct,2400,0.8883333333333333,0.8883333333333334,0.7769094888288187,0.8883158826900037,0.9507055555555556,0.936573704195395,,,0.9110862350464597,-0.02277035235645597,0.9750074674816102
tax_1122939,ck4p_msp,CK4P-MSP,222,10.0,75,N_3pct,2400,0.8904166666666666,0.8904166666666666,0.7809312270291241,0.8904097982529808,0.9515715277777779,0.9376920103920534,,,0.9110862350464597,-0.02067643679347886,0.9773057302392189
tax_1122939,ck4p_msp,CK4P-MSP,222,10.0,75,clean,2400,0.8995833333333333,0.8995833333333334,0.8003416414558095,0.8995096229439128,0.9542666666666667,0.9395155376912794,,,0.9110862350464597,-0.011576612102546902,0.9872936154040824
tax_1122939,ck4p_msp,CK4P-MSP,222,10.0,75,substitution_1pct,2400,0.8966666666666666,0.8966666666666667,0.7940228887293407,0.8966217976552323,0.9525909722222221,0.9352759461447719,,,0.9110862350464597,-0.01446443739122738,0.9841239645218767
tax_1122939,ck4p_msp,CK4P-MSP,222,10.0,100,N_3pct,2400,0.9091666666666667,0.9091666666666667,0.8195738776955818,0.9090979219701566,0.961626388888889,0.9482553055266295,,,0.9110862350464597,-0.0019883130763030943,0.9978176455753371
tax_1122939,ck4p_msp,CK4P-MSP,222,10.0,100,clean,2400,0.91125,0.91125,0.8255466720807035,0.9110862350464597,0.9630451388888889,0.9518972425575443,,,0.9110862350464597,0.0,1.0
tax_1122939,ck4p_msp,CK4P-MSP,222,10.0,100,substitution_1pct,2400,0.9104166666666667,0.9104166666666667,0.822999127654469,0.9102987936752305,0.9616895833333333,0.9500769895855039,,,0.9110862350464597,-0.0007874413712292139,0.9991357114826908
tax_1122939,ck5,CK5,512,0.1,69,N_3pct,2400,0.8725,0.8725,0.7451490447149052,0.8724872487248725,0.9356041666666666,0.9041160955745677,,,0.8861479281643656,-0.013660679439493117,0.9845841997647155
tax_1122939,ck5,CK5,512,0.1,69,clean,2400,0.8783333333333333,0.8783333333333334,0.7581095006485593,0.8782175554398591,0.9380854166666668,0.9076959692190035,,,0.8861479281643656,-0.007930372724506474,0.9910507349027673
tax_1122939,ck5,CK5,512,0.1,69,substitution_1pct,2400,0.8720833333333333,0.8720833333333333,0.7448396540123969,0.872025544868438,0.93735625,0.9072021554495631,,,0.8861479281643656,-0.014122383295927632,0.9840631763082922
tax_1122939,ck5,CK5,512,0.1,75,N_3pct,2400,0.8795833333333334,0.8795833333333334,0.7599653137718608,0.8795200604484126,0.9381013888888889,0.9103898390990202,,,0.8861479281643656,-0.006627867715953029,0.9925205854403085
tax_1122939,ck5,CK5,512,0.1,75,clean,2400,0.8791666666666667,0.8791666666666667,0.7611974409060469,0.8789393416526589,0.9402194444444445,0.9111725204541291,,,0.8861479281643656,-0.007208586511706749,0.9918652560339004
tax_1122939,ck5,CK5,512,0.1,75,substitution_1pct,2400,0.8808333333333334,0.8808333333333334,0.763630236060147,0.8806801232972059,0.9390340277777778,0.908391313569017,,,0.8861479281643656,-0.005467804867159698,0.9938296928837986
tax_1122939,ck5,CK5,512,0.1,100,N_3pct,2400,0.8858333333333334,0.8858333333333334,0.7768204886857122,0.8854546176629816,0.9466902777777777,0.9247159086060593,,,0.8861479281643656,-0.0006933105013839924,0.9992176131328093
tax_1122939,ck5,CK5,512,0.1,100,clean,2400,0.8866666666666667,0.8866666666666667,0.780478143648585,0.8861479281643656,0.9482798611111112,0.9269925419340678,,,0.8861479281643656,0.0,1.0
tax_1122939,ck5,CK5,512,0.1,100,substitution_1pct,2400,0.8858333333333334,0.8858333333333333,0.7782710798366761,0.8853489325734563,0.9466951388888889,0.9259350709165972,,,0.8861479281643656,-0.000798995590909346,0.9990983496485012
tax_1122939,ck5,CK5,512,1.0,69,N_3pct,2400,0.8675,0.8674999999999999,0.735588706542119,0.8674469787915167,0.9461368055555556,0.9248653014694788,0.8549570795368006,0.8812541448999544,0.9023094355586696,-0.03486245676715294,0.9613630807866177
tax_1122939,ck5,CK5,512,1.0,69,clean,2400,0.8858333333333334,0.8858333333333333,0.7716838153864408,0.8858320648007201,0.9492673611111111,0.9311512633512008,0.8716518976876296,0.8983538633091092,0.9023094355586696,-0.016477370757949528,0.9817386695643413
tax_1122939,ck5,CK5,512,1.0,69,substitution_1pct,2400,0.8808333333333334,0.8808333333333334,0.7616677245392409,0.8808332505786463,0.9485819444444444,0.9315356790089925,0.8687129542396523,0.8946019707332054,0.9023094355586696,-0.02147618498002335,0.9761986474554306
tax_1122939,ck5,CK5,512,1.0,75,N_3pct,2400,0.88375,0.88375,0.7675130584929868,0.8837490110592955,0.9485909722222222,0.9312321339700483,0.8716573328031665,0.8954229191659715,0.9023094355586696,-0.018560424499374117,0.979430089315333
tax_1122939,ck5,CK5,512,1.0,75,clean,2400,0.8879166666666667,0.8879166666666667,0.776286569020263,0.8878839466865243,0.9522597222222221,0.9340970598697393,0.874968481628668,0.9000220113759477,0.9023094355586696,-0.014425488872145342,0.9840127030665331
tax_1122939,ck5,CK5,512,1.0,75,substitution_1pct,2400,0.88875,0.88875,0.7777271402956363,0.8887337543554537,0.9505118055555554,0.9303093067904284,0.8745615782418469,0.900400391768115,0.9023094355586696,-0.01357568120321595,0.9849545170778243
tax_1122939,ck5,CK5,512,1.0,100,N_3pct,2400,0.9008333333333334,0.9008333333333334,0.8031953079558525,0.9007389664201592,0.95885,0.94424633374842,0.8898753748067029,0.9116042652180762,0.9023094355586696,-0.0015704691385104441,0.998259500481076
tax_1122939,ck5,CK5,512,1.0,100,clean,2400,0.9025,0.9025,0.8081591175429074,0.9023094355586696,0.96115,0.9475982910964654,0.8910148856401311,0.9118931253943704,0.9023094355586696,0.0,1.0
tax_1122939,ck5,CK5,512,1.0,100,substitution_1pct,2400,0.8995833333333333,0.8995833333333333,0.8017904200483577,0.8994190336262828,0.9592090277777778,0.9454809507875175,0.8889750276511602,0.9112075857230499,0.9023094355586696,-0.002890401932386766,0.9967966621887344
tax_1122939,ck5,CK5,512,10.0,69,N_3pct,2400,0.86125,0.86125,0.7262012068671283,0.8608964209199113,0.9459361111111111,0.9285466889916059,,,0.9028004152883544,-0.041903994368443165,0.9535844316652656
tax_1122939,ck5,CK5,512,10.0,69,clean,2400,0.87375,0.87375,0.748286373713896,0.8736836619926264,0.949654861111111,0.9348638697607415,,,0.9028004152883544,-0.02911675329572805,0.9677484050708726
tax_1122939,ck5,CK5,512,10.0,69,substitution_1pct,2400,0.8704166666666666,0.8704166666666666,0.7419225435393271,0.870321546620568,0.9479875000000001,0.9338864394480402,,,0.9028004152883544,-0.032478868667786376,0.9640243091188514
tax_1122939,ck5,CK5,512,10.0,75,N_3pct,2400,0.8733333333333333,0.8733333333333333,0.7481686681827701,0.8732061873156137,0.9482979166666665,0.9334531141550853,,,0.9028004152883544,-0.029594227972740694,0.9672195233059476
tax_1122939,ck5,CK5,512,10.0,75,clean,2400,0.88125,0.88125,0.762576526275936,0.8812440415847254,0.9528291666666666,0.938552606301259,,,0.9028004152883544,-0.02155637370362906,0.97612276939777
tax_1122939,ck5,CK5,512,10.0,75,substitution_1pct,2400,0.8795833333333334,0.8795833333333334,0.7594538894819611,0.8795605627522287,0.9500944444444442,0.9330989009802285,,,0.9028004152883544,-0.023239852536125705,0.9742580396036893
tax_1122939,ck5,CK5,512,10.0,100,N_3pct,2400,0.8970833333333333,0.8970833333333333,0.7945444409679454,0.8970588669425077,0.9594993055555555,0.9461340292115396,,,0.9028004152883544,-0.005741548345846725,0.9936402905352975
tax_1122939,ck5,CK5,512,10.0,100,clean,2400,0.9029166666666667,0.9029166666666666,0.8077678416889013,0.9028004152883544,0.963825,0.9516402546466395,,,0.9028004152883544,0.0,1.0
tax_1122939,ck5,CK5,512,10.0,100,substitution_1pct,2400,0.8995833333333333,0.8995833333333333,0.8002703001712884,0.899514092262533,0.9612819444444443,0.9485881386047983,,,0.9028004152883544,-0.003286323025821436,0.9963598565417454
tax_1122939,pseknc_k3_l3,PseKNC,67,0.1,69,N_3pct,2400,0.8654166666666666,0.8654166666666667,0.7362278152188843,0.8649236144084963,0.9276888888888889,0.8957915539299579,,,0.8692881651326181,-0.004364550724121785,0.9949791669791617
tax_1122939,pseknc_k3_l3,PseKNC,67,0.1,69,clean,2400,0.8654166666666666,0.8654166666666667,0.7392914134317222,0.8646468219677929,0.929204861111111,0.8963407915931213,,,0.8692881651326181,-0.004641343164825229,0.9946607542228334
tax_1122939,pseknc_k3_l3,PseKNC,67,0.1,69,substitution_1pct,2400,0.86875,0.86875,0.7447471546693528,0.8681114165444459,0.9288395833333333,0.89571535228378,,,0.8692881651326181,-0.0011767485881721829,0.9986463078236058
tax_1122939,pseknc_k3_l3,PseKNC,67,0.1,75,N_3pct,2400,0.8675,0.8674999999999999,0.7423106437329762,0.8668475530097477,0.9295326388888889,0.8972764615417381,,,0.8692881651326181,-0.002440612122870389,0.9971924015294766
tax_1122939,pseknc_k3_l3,PseKNC,67,0.1,75,clean,2400,0.8658333333333333,0.8658333333333333,0.7416260058306638,0.8649325082005263,0.9310736111111112,0.8997205240220475,,,0.8692881651326181,-0.004355656932091834,0.9949893980997345
tax_1122939,pseknc_k3_l3,PseKNC,67,0.1,75,substitution_1pct,2400,0.86625,0.86625,0.7421617738187821,0.8653794302775011,0.9299333333333333,0.8977376724679269,,,0.8692881651326181,-0.003908734855117002,0.995503522293415
tax_1122939,pseknc_k3_l3,PseKNC,67,0.1,100,N_3pct,2400,0.87375,0.87375,0.7569474711066674,0.872962166938404,0.9390645833333332,0.9151346002513737,,,0.8692881651326181,0.0036740018057859203,1.0042264486658752
tax_1122939,pseknc_k3_l3,PseKNC,67,0.1,100,clean,2400,0.8704166666666666,0.8704166666666666,0.7539664638978376,0.8692881651326181,0.9403090277777778,0.915914903163907,,,0.8692881651326181,0.0,1.0
tax_1122939,pseknc_k3_l3,PseKNC,67,0.1,100,substitution_1pct,2400,0.8704166666666666,0.8704166666666666,0.7532516244356241,0.8693485685318745,0.9389048611111112,0.9143200346340138,,,0.8692881651326181,6.0403399256392376e-05,1.0000694860481014
tax_1122939,pseknc_k3_l3,PseKNC,67,1.0,69,N_3pct,2400,0.8754166666666666,0.8754166666666666,0.7523041150236263,0.8752948843271424,0.9370326388888889,0.9132895439991502,0.8613665816766867,0.8866443082113711,0.8895800976491157,-0.0142852133219733,0.9839416221656434
tax_1122939,pseknc_k3_l3,PseKNC,67,1.0,69,clean,2400,0.88125,0.88125,0.765903332154848,0.8809861653377078,0.9388888888888889,0.9152791447751752,0.867612165367992,0.8943437714579521,0.8895800976491157,-0.008593932311407926,0.9903393383753537
tax_1122939,pseknc_k3_l3,PseKNC,67,1.0,69,substitution_1pct,2400,0.8770833333333333,0.8770833333333333,0.7570703953712942,0.8768476119656112,0.9382986111111111,0.9154062150140563,0.8634599756773725,0.890707060755913,0.8895800976491157,-0.01273248568350449,0.9856870834710079
tax_1122939,pseknc_k3_l3,PseKNC,67,1.0,75,N_3pct,2400,0.88,0.88,0.7622434502907511,0.8798234071733186,0.93991875,0.9157146143316119,0.8669043607499065,0.8924178151490254,0.8895800976491157,-0.00975669047579708,0.9890322518437845
tax_1122939,pseknc_k3_l3,PseKNC,67,1.0,75,clean,2400,0.8745833333333334,0.8745833333333333,0.7536710116683795,0.8742085578230558,0.9419111111111111,0.9199302768298548,0.8593883278478702,0.8873340261245123,0.8895800976491157,-0.015371539826059877,0.982720454440604
tax_1122939,pseknc_k3_l3,PseKNC,67,1.0,75,substitution_1pct,2400,0.8791666666666667,0.8791666666666667,0.7622830874632732,0.8788536210583041,0.9405131944444445,0.9171089668540028,0.8674967877940484,0.8926882934396182,0.8895800976491157,-0.010726476590811607,0.987942090184843
tax_1122939,pseknc_k3_l3,PseKNC,67,1.0,100,N_3pct,2400,0.895,0.895,0.7934635338082657,0.8947708342612801,0.9505229166666668,0.9327618952065055,0.8818528536115793,0.9060634576705934,0.8895800976491157,0.005190736612164404,1.005835041303062
tax_1122939,pseknc_k3_l3,PseKNC,67,1.0,100,clean,2400,0.89,0.89,0.7860008808279106,0.8895800976491157,0.9520194444444443,0.9351386938875788,0.8753597124605872,0.9013600605404471,0.8895800976491157,0.0,1.0
tax_1122939,pseknc_k3_l3,PseKNC,67,1.0,100,substitution_1pct,2400,0.88875,0.8887499999999999,0.7826170548642473,0.8883863060030157,0.9501368055555555,0.9327696159709761,0.8758328932547249,0.9005698033924315,0.8895800976491157,-0.0011937916461000064,0.9986580279288455
tax_1122939,pseknc_k3_l3,PseKNC,67,10.0,69,N_3pct,2400,0.8745833333333334,0.8745833333333333,0.7491794132303965,0.8745822664116414,0.9428444444444445,0.9203346358720741,,,0.9052352810718433,-0.03065301466020187,0.9661380689626821
tax_1122939,pseknc_k3_l3,PseKNC,67,10.0,69,clean,2400,0.88875,0.8887499999999999,0.7783179338629486,0.8886915437360767,0.9454006944444443,0.9236547846915121,,,0.9052352810718433,-0.01654373733576653,0.9817243785326419
tax_1122939,pseknc_k3_l3,PseKNC,67,10.0,69,substitution_1pct,2400,0.8841666666666667,0.8841666666666668,0.7690557304983205,0.8841122638127343,0.94415625,0.9235124913616473,,,0.9052352810718433,-0.021123017259108923,0.9766657158632855
tax_1122939,pseknc_k3_l3,PseKNC,67,10.0,75,N_3pct,2400,0.89125,0.89125,0.7827286010049329,0.8912341194261175,0.9467326388888889,0.9256286805041557,,,0.9052352810718433,-0.014001161645725735,0.9845331242181065
tax_1122939,pseknc_k3_l3,PseKNC,67,10.0,75,clean,2400,0.8941666666666667,0.8941666666666667,0.7898365502351731,0.8940659557593296,0.9491638888888888,0.9294457049576577,,,0.9052352810718433,-0.01116932531251369,0.987661411849427
tax_1122939,pseknc_k3_l3,PseKNC,67,10.0,75,substitution_1pct,2400,0.8966666666666666,0.8966666666666667,0.7945359791916434,0.8965884616908204,0.9474027777777778,0.9256133537306692,,,0.9052352810718433,-0.008646819381022852,0.9904479867700422
tax_1122939,pseknc_k3_l3,PseKNC,67,10.0,100,N_3pct,2400,0.9095833333333333,0.9095833333333333,0.8199668094155285,0.90953921799711,0.9579333333333333,0.9404752552544506,,,0.9052352810718433,0.00430393692526676,1.004754495339787
tax_1122939,pseknc_k3_l3,PseKNC,67,10.0,100,clean,2400,0.9054166666666666,0.9054166666666668,0.8139552427583086,0.9052352810718433,0.9601423611111111,0.944407485250167,,,0.9052352810718433,0.0,1.0
tax_1122939,pseknc_k3_l3,PseKNC,67,10.0,100,substitution_1pct,2400,0.9041666666666667,0.9041666666666666,0.8110424592936202,0.9040066110229625,0.9585645833333334,0.9427342535807233,,,0.9052352810718433,-0.00122867004888072,0.9986427064050951
tax_1122939,pseeiip,PseEIIP,64,0.1,69,N_3pct,2400,0.8720833333333333,0.8720833333333333,0.7509562264013524,0.8715050839027505,0.9329229166666667,0.9031255448969309,,,0.8781799240514837,-0.006674840148733208,0.9923992339543145
tax_1122939,pseeiip,PseEIIP,64,0.1,69,clean,2400,0.87,0.87,0.7479041086150284,0.8693130768602466,0.9346611111111112,0.9044970419444778,,,0.8781799240514837,-0.008866847191237093,0.9899031542985749
tax_1122939,pseeiip,PseEIIP,64,0.1,69,substitution_1pct,2400,0.8725,0.8725,0.7517118472908793,0.8719308035714286,0.934476388888889,0.9043494588636656,,,0.8781799240514837,-0.006249120480055104,0.9928840089497551
tax_1122939,pseeiip,PseEIIP,64,0.1,75,N_3pct,2400,0.87125,0.8712500000000001,0.7514841000899614,0.8704804153149575,0.9357104166666665,0.9065200304018031,,,0.8781799240514837,-0.0076995087365262505,0.9912324245571402
tax_1122939,pseeiip,PseEIIP,64,0.1,75,clean,2400,0.8708333333333333,0.8708333333333333,0.7505421856474115,0.8700696315007097,0.937145138888889,0.9093455901590483,,,0.8781799240514837,-0.008110292550774001,0.9907646573001155
tax_1122939,pseeiip,PseEIIP,64,0.1,75,substitution_1pct,2400,0.8716666666666667,0.8716666666666666,0.7516485044582726,0.8709568396715544,0.9357680555555556,0.9067800423072347,,,0.8781799240514837,-0.0072230843799293565,0.9917749379345799
tax_1122939,pseeiip,PseEIIP,64,0.1,100,N_3pct,2400,0.8720833333333333,0.8720833333333333,0.7561741061459644,0.8710677907287452,0.9451479166666666,0.9227984020147988,,,0.8781799240514837,-0.007112133322738523,0.9919012799906348
tax_1122939,pseeiip,PseEIIP,64,0.1,100,clean,2400,0.8791666666666667,0.8791666666666667,0.770925154395461,0.8781799240514837,0.9465013888888888,0.9247801960426107,,,0.8781799240514837,0.0,1.0
tax_1122939,pseeiip,PseEIIP,64,0.1,100,substitution_1pct,2400,0.8766666666666667,0.8766666666666667,0.7646850118820069,0.8757512814898093,0.9446291666666667,0.9222270500496275,,,0.8781799240514837,-0.00242864256167441,0.9972344590269498
tax_1122939,pseeiip,PseEIIP,64,1.0,69,N_3pct,2400,0.8754166666666666,0.8754166666666667,0.7530015961298254,0.8752372986232464,0.9402659722222222,0.9186781879587982,0.8645976540855753,0.8894195342377755,0.8958485649288168,-0.02061126630557042,0.9769924660121455
tax_1122939,pseeiip,PseEIIP,64,1.0,69,clean,2400,0.88375,0.88375,0.769619640132099,0.8835899159243119,0.9426062500000001,0.9218059099720212,0.8726821306676884,0.8961695687696027,0.8958485649288168,-0.012258649004504907,0.9863161593550368
tax_1122939,pseeiip,PseEIIP,64,1.0,69,substitution_1pct,2400,0.8825,0.8825000000000001,0.7670653339233843,0.8823418151069771,0.9419541666666666,0.9222321092959872,0.8684972577692355,0.8949059641129662,0.8958485649288168,-0.013506749821839747,0.9849229542239508
tax_1122939,pseeiip,PseEIIP,64,1.0,75,N_3pct,2400,0.885,0.885,0.7724758906336857,0.8848157051282051,0.9439381944444445,0.9225253125689408,0.8722400037782677,0.8969437870107775,0.8958485649288168,-0.01103285980061175,0.9876844589224872
tax_1122939,pseeiip,PseEIIP,64,1.0,75,clean,2400,0.8841666666666667,0.8841666666666667,0.7713485573235617,0.8839402695953427,0.9459027777777778,0.9268107916774343,0.8717645848908305,0.8957166257734505,0.8958485649288168,-0.01190829533347415,0.9867072451755053
tax_1122939,pseeiip,PseEIIP,64,1.0,75,substitution_1pct,2400,0.88875,0.88875,0.7801595133987481,0.8885603785190739,0.9443673611111111,0.9232989947562649,0.8751729066925222,0.9015558111819887,0.8958485649288168,-0.007288186409742936,0.9918644883799953
tax_1122939,pseeiip,PseEIIP,64,1.0,100,N_3pct,2400,0.89625,0.89625,0.7971192386497006,0.8959493912882688,0.9545708333333334,0.9368964341791591,0.884223716262671,0.9085474420970391,0.8958485649288168,0.0001008263594519665,1.0001125484411084
tax_1122939,pseeiip,PseEIIP,64,1.0,100,clean,2400,0.89625,0.89625,0.7986806893142313,0.8958485649288168,0.9564194444444444,0.9408952748360268,0.8852649034927791,0.9093304189070173,0.8958485649288168,0.0,1.0
tax_1122939,pseeiip,PseEIIP,64,1.0,100,substitution_1pct,2400,0.8966666666666666,0.8966666666666667,0.7983262896661469,0.8963435320244846,0.9544444444444445,0.9385631265210959,0.8828552461798694,0.9076986452159416,0.8958485649288168,0.0004949670956677643,1.0005525120149152
tax_1122939,pseeiip,PseEIIP,64,10.0,69,N_3pct,2400,0.8783333333333333,0.8783333333333333,0.756793860768115,0.8783231090945837,0.94340625,0.9207557564443403,,,0.9073326195440514,-0.029009510449467757,0.9680277002891778
tax_1122939,pseeiip,PseEIIP,64,10.0,69,clean,2400,0.8829166666666667,0.8829166666666667,0.7663254829710079,0.882879070034808,0.9465631944444445,0.9247945341514439,,,0.9073326195440514,-0.02445354950924339,0.9730489690522406
tax_1122939,pseeiip,PseEIIP,64,10.0,69,substitution_1pct,2400,0.8841666666666667,0.8841666666666668,0.7687605412247432,0.8841344818005001,0.9453680555555556,0.9251546733038343,,,0.9073326195440514,-0.023198137743551284,0.9744325980970366
tax_1122939,pseeiip,PseEIIP,64,10.0,75,N_3pct,2400,0.89125,0.8912500000000001,0.7830507762774769,0.8912117541323121,0.9479930555555556,0.9276335466236647,,,0.9073326195440514,-0.016120865411739294,0.9822326839523964
tax_1122939,pseeiip,PseEIIP,64,10.0,75,clean,2400,0.8970833333333333,0.8970833333333333,0.7951283042952331,0.8970210990357192,0.9504312499999998,0.9306491722325088,,,0.9073326195440514,-0.010311520508332173,0.988635346854923
tax_1122939,pseeiip,PseEIIP,64,10.0,75,substitution_1pct,2400,0.8975,0.8975,0.795747469517785,0.8974518593450814,0.9486270833333333,0.926693949955729,,,0.9073326195440514,-0.009880760198969996,0.9891101014268227
tax_1122939,pseeiip,PseEIIP,64,10.0,100,N_3pct,2400,0.9095833333333333,0.9095833333333333,0.8212294597421138,0.9094697776290572,0.9589652777777777,0.9400850125052629,,,0.9073326195440514,0.002137158085005808,1.0023554295734234
tax_1122939,pseeiip,PseEIIP,64,10.0,100,clean,2400,0.9075,0.9075,0.8179602379825073,0.9073326195440514,0.9612784722222223,0.9446935165696807,,,0.9073326195440514,0.0,1.0
tax_1122939,pseeiip,PseEIIP,64,10.0,100,substitution_1pct,2400,0.9070833333333334,0.9070833333333334,0.816314870780118,0.9069610743701229,0.9596506944444445,0.943248803643574,,,0.9073326195440514,-0.0003715451739285669,0.9995905083032116
tax_1097667,ck4,CK4,136,0.1,69,N_3pct,2400,0.8766666666666667,0.8766666666666667,0.7570021186207004,0.8763678030015614,0.9423333333333334,0.9285890155502183,,,0.8837350635495957,-0.007367260548034382,0.9916634963894686
tax_1097667,ck4,CK4,136,0.1,69,clean,2400,0.87875,0.87875,0.7630913158882164,0.8783057950243729,0.9445590277777778,0.9300119699904733,,,0.8837350635495957,-0.005429268525222852,0.9938564522907852
tax_1097667,ck4,CK4,136,0.1,69,substitution_1pct,2400,0.8791666666666667,0.8791666666666667,0.7633981044319634,0.8787658362126447,0.9438666666666666,0.9289605064002415,,,0.8837350635495957,-0.004969227336951043,0.9943770168889852
tax_1097667,ck4,CK4,136,0.1,75,N_3pct,2400,0.8791666666666667,0.8791666666666667,0.7629633096606236,0.8788000367779198,0.9418597222222223,0.9235237666845086,,,0.8837350635495957,-0.004935026771675899,0.9944157169097105
tax_1097667,ck4,CK4,136,0.1,75,clean,2400,0.8808333333333334,0.8808333333333334,0.768528667140787,0.8803013392857143,0.9455104166666667,0.930419803378288,,,0.8837350635495957,-0.0034337242638814436,0.9961145320520727
tax_1097667,ck4,CK4,136,0.1,75,substitution_1pct,2400,0.8804166666666666,0.8804166666666666,0.7662937396641646,0.8799906125061002,0.9432444444444446,0.9259468369039908,,,0.8837350635495957,-0.0037444510434955225,0.9957629257931041
tax_1097667,ck4,CK4,136,0.1,100,N_3pct,2400,0.8879166666666667,0.8879166666666667,0.7860666796647169,0.8871871238151022,0.9505638888888889,0.9396200429546191,,,0.8837350635495957,0.0034520602655064847,1.0039062162495183
tax_1097667,ck4,CK4,136,0.1,100,clean,2400,0.8845833333333334,0.8845833333333333,0.7806421529723688,0.8837350635495957,0.9527222222222222,0.9419829352658405,,,0.8837350635495957,0.0,1.0
tax_1097667,ck4,CK4,136,0.1,100,substitution_1pct,2400,0.88625,0.88625,0.7829059604437887,0.8854940820258739,0.9511416666666668,0.9406698968176251,,,0.8837350635495957,0.0017590184762781291,1.00199043644281
tax_1097667,ck4,CK4,136,1.0,69,N_3pct,2400,0.8883333333333333,0.8883333333333334,0.7773417356047747,0.8882848458532349,0.9530027777777779,0.9452677594844711,0.8777995252596102,0.9000169478565385,0.9005415193884836,-0.01225667353524873,0.9863896630290054
tax_1097667,ck4,CK4,136,1.0,69,clean,2400,0.8945833333333333,0.8945833333333333,0.7905516196350449,0.8944909946361043,0.9557479166666666,0.9482757225615419,0.8834830859458936,0.90573530285323,0.9005415193884836,-0.006050524752379327,0.9932812373198651
tax_1097667,ck4,CK4,136,1.0,69,substitution_1pct,2400,0.8925,0.8925,0.785918533271615,0.8924371803254539,0.9546527777777778,0.9467024744667665,0.881069609606023,0.9058338152581512,0.9005415193884836,-0.008104339063029653,0.9910005936555453
tax_1097667,ck4,CK4,136,1.0,75,N_3pct,2400,0.8866666666666667,0.8866666666666667,0.7742382153673659,0.8866004381725716,0.9530055555555556,0.9423241053434115,0.8748594092362755,0.8990669928591823,0.9005415193884836,-0.013941081215911977,0.984519224360273
tax_1097667,ck4,CK4,136,1.0,75,clean,2400,0.8908333333333334,0.8908333333333334,0.7840759568673062,0.8906656113440687,0.9567902777777778,0.9488212748873395,0.8793041515619291,0.9035460880479598,0.9005415193884836,-0.00987590804441485,0.9890333673331119
tax_1097667,ck4,CK4,136,1.0,75,substitution_1pct,2400,0.89125,0.8912500000000001,0.7837967868260224,0.8911600369680563,0.9539055555555555,0.9436821106290503,0.8802416251162432,0.9033216158098937,0.9005415193884836,-0.009381482420427245,0.9895823987917872
tax_1097667,ck4,CK4,136,1.0,100,N_3pct,2400,0.8995833333333333,0.8995833333333333,0.803260619821887,0.8993274397648606,0.9618777777777778,0.9549683931117995,0.8894533417708964,0.9107081432727229,0.9005415193884836,-0.0012140796236229656,0.9986518338161161
tax_1097667,ck4,CK4,136,1.0,100,clean,2400,0.9008333333333334,0.9008333333333334,0.8064127073471791,0.9005415193884836,0.9642770833333333,0.9584172137399736,0.8905922517480288,0.9102112028784348,0.9005415193884836,0.0,1.0
tax_1097667,ck4,CK4,136,1.0,100,substitution_1pct,2400,0.9025,0.9025000000000001,0.8091928159225517,0.90224740457808,0.9627680555555557,0.9575225245735073,0.8892641258447962,0.913230487915423,0.9005415193884836,0.0017058851895963567,1.0018942882175546
tax_1097667,ck4,CK4,136,10.0,69,N_3pct,2400,0.8891666666666667,0.8891666666666667,0.778386308648699,0.8891628951262924,0.9551229166666667,0.9473119631378618,,,0.9048601973455439,-0.015697302219251474,0.9826522348255561
tax_1097667,ck4,CK4,136,10.0,69,clean,2400,0.8954166666666666,0.8954166666666667,0.7911325369027236,0.895396890141209,0.9583840277777778,0.9522176847179247,,,0.9048601973455439,-0.009463307204334859,0.9895416913771917
tax_1097667,ck4,CK4,136,10.0,69,substitution_1pct,2400,0.8908333333333334,0.8908333333333334,0.7817980632164007,0.8908241595300717,0.9567055555555557,0.9498600517555875,,,0.9048601973455439,-0.014036037815472246,0.9844881697121304
tax_1097667,ck4,CK4,136,10.0,75,N_3pct,2400,0.89125,0.8912500000000001,0.7828330467071967,0.8912268668249759,0.9568229166666666,0.9490434644453158,,,0.9048601973455439,-0.013633330520568032,0.9849332188988287
tax_1097667,ck4,CK4,136,10.0,75,clean,2400,0.8970833333333333,0.8970833333333333,0.7948295770730917,0.8970404156315853,0.9598506944444445,0.9537145425917761,,,0.9048601973455439,-0.007819781713958585,0.9913580222260872
tax_1097667,ck4,CK4,136,10.0,75,substitution_1pct,2400,0.8929166666666667,0.8929166666666667,0.785894733757956,0.8929124835605557,0.9565513888888889,0.9484097629089595,,,0.9048601973455439,-0.011947713784988157,0.9867960665967656
tax_1097667,ck4,CK4,136,10.0,100,N_3pct,2400,0.9020833333333333,0.9020833333333333,0.8059149920272947,0.9019771248674128,0.9639215277777777,0.958527932987862,,,0.9048601973455439,-0.0028830724781311323,0.9968137923553397
tax_1097667,ck4,CK4,136,10.0,100,clean,2400,0.905,0.905,0.8123910457046164,0.9048601973455439,0.9670590277777777,0.9630188278355408,,,0.9048601973455439,0.0,1.0
tax_1097667,ck4,CK4,136,10.0,100,substitution_1pct,2400,0.9054166666666666,0.9054166666666668,0.8126868492425927,0.905308807480187,0.9657736111111112,0.9620101924805204,,,0.9048601973455439,0.0004486101346431459,1.0004957783931254
tax_1097667,ck4_p,CK4+P,147,0.1,69,N_3pct,2400,0.8725,0.8725,0.7495485701501072,0.8721131422553223,0.9386597222222223,0.922567025305799,,,0.8806454392058719,-0.008532296950549578,0.9903113142126261
tax_1097667,ck4_p,CK4+P,147,0.1,69,clean,2400,0.87375,0.87375,0.7550250944571307,0.8731208689475715,0.9406465277777778,0.9235662509284636,,,0.8806454392058719,-0.007524570258300445,0.9914556188866591
tax_1097667,ck4_p,CK4+P,147,0.1,69,substitution_1pct,2400,0.8758333333333334,0.8758333333333332,0.7589635491789277,0.8752364610975703,0.9399243055555555,0.9222229221951344,,,0.8806454392058719,-0.005408978108301654,0.9938579388849397
tax_1097667,ck4_p,CK4+P,147,0.1,75,N_3pct,2400,0.8741666666666666,0.8741666666666666,0.7542491039161913,0.8736732026143791,0.9383840277777779,0.9179303445003895,,,0.8806454392058719,-0.00697223659149282,0.9920828107645909
tax_1097667,ck4_p,CK4+P,147,0.1,75,clean,2400,0.8770833333333333,0.8770833333333333,0.7634939956623357,0.8763325473696125,0.941611111111111,0.9241582934065562,,,0.8806454392058719,-0.0043128918362593804,0.9951025785812863
tax_1097667,ck4_p,CK4+P,147,0.1,75,substitution_1pct,2400,0.8775,0.8775,0.7625095728141457,0.8768967942920309,0.939338888888889,0.9196259852245283,,,0.8806454392058719,-0.0037486449138409705,0.9957432983276205
tax_1097667,ck4_p,CK4+P,147,0.1,100,N_3pct,2400,0.8845833333333334,0.8845833333333333,0.7811049270025037,0.8837013819557655,0.9466215277777779,0.9338173220155667,,,0.8806454392058719,0.0030559427498936254,1.0034701170457991
tax_1097667,ck4_p,CK4+P,147,0.1,100,clean,2400,0.8816666666666667,0.8816666666666666,0.77674103261602,0.8806454392058719,0.9487062500000001,0.9356552371483734,,,0.8806454392058719,0.0,1.0
tax_1097667,ck4_p,CK4+P,147,0.1,100,substitution_1pct,2400,0.8795833333333334,0.8795833333333334,0.7716529872716955,0.8786091506928432,0.9471506944444444,0.9343585636712404,,,0.8806454392058719,-0.002036288513028728,0.9976877317222411
tax_1097667,ck4_p,CK4+P,147,1.0,69,N_3pct,2400,0.8883333333333333,0.8883333333333334,0.7777053809817759,0.888258761576302,0.9507708333333333,0.9418148787701397,0.8753357391622655,0.8978793522252289,0.8966633667974586,-0.008404605221156602,0.9906267998310507
tax_1097667,ck4_p,CK4+P,147,1.0,69,clean,2400,0.8908333333333334,0.8908333333333334,0.7838744225148973,0.890679601522975,0.9530833333333332,0.9440713228736526,0.8790025948155121,0.9016060410296349,0.8966633667974586,-0.005983765274483632,0.9933266312687052
tax_1097667,ck4_p,CK4+P,147,1.0,69,substitution_1pct,2400,0.8908333333333334,0.8908333333333334,0.7834980573881647,0.8907057474732657,0.9521590277777778,0.9428079834652243,0.87731696361225,0.9028113621025837,0.8966633667974586,-0.00595761932419292,0.9933557904283842
tax_1097667,ck4_p,CK4+P,147,1.0,75,N_3pct,2400,0.8866666666666667,0.8866666666666667,0.7745056603884928,0.8865808934673514,0.9503798611111111,0.9377428613625608,0.874873747590181,0.8995632766157539,0.8966633667974586,-0.010082473330107256,0.988755564570327
tax_1097667,ck4_p,CK4+P,147,1.0,75,clean,2400,0.8875,0.8875,0.778774303448287,0.8872273878730459,0.9540930555555557,0.9443682512261117,0.8738378308056534,0.8981479453177527,0.8966633667974586,-0.009435978924412725,0.9894765647021865
tax_1097667,ck4_p,CK4+P,147,1.0,75,substitution_1pct,2400,0.8841666666666667,0.8841666666666667,0.7710151332265377,0.8839652173913044,0.9514,0.9394194135369129,0.8711196232722048,0.8961080512434848,0.8966633667974586,-0.012698149406154213,0.9858384429693976
tax_1097667,ck4_p,CK4+P,147,1.0,100,N_3pct,2400,0.89625,0.89625,0.7971192386497006,0.8959493912882688,0.9593104166666666,0.9513569965859563,0.8808512506503922,0.9080960440044262,0.8966633667974586,-0.0007139755091898348,0.9992037418549395
tax_1097667,ck4_p,CK4+P,147,1.0,100,clean,2400,0.8970833333333333,0.8970833333333333,0.8007015357737697,0.8966633667974586,0.9614979166666666,0.9544793174279189,0.8847938926456825,0.9080423227113431,0.8966633667974586,0.0,1.0
tax_1097667,ck4_p,CK4+P,147,1.0,100,substitution_1pct,2400,0.8975,0.8975,0.8007865705002216,0.8971296668004818,0.9599569444444445,0.953486362257399,0.8845564411920639,0.9063209621869162,0.8966633667974586,0.0004663000030231679,1.0005200390919153
tax_1097667,ck4_p,CK4+P,147,10.0,69,N_3pct,2400,0.8875,0.8875,0.7750043055914355,0.8874996874991319,0.9556222222222222,0.9485494892193991,,,0.9048347826086957,-0.01733509510956377,0.9808417012224203
tax_1097667,ck4_p,CK4+P,147,10.0,69,clean,2400,0.89375,0.89375,0.7880060733488602,0.8937158820600571,0.95859375,0.9525318958300235,,,0.9048347826086957,-0.01111890054863851,0.9877116786817346
tax_1097667,ck4_p,CK4+P,147,10.0,69,substitution_1pct,2400,0.8891666666666667,0.8891666666666667,0.7784890467155721,0.8891555822248891,0.9570569444444446,0.950310570386139,,,0.9048347826086957,-0.015679200383806546,0.9826717532469271
tax_1097667,ck4_p,CK4+P,147,10.0,75,N_3pct,2400,0.89,0.89,0.7801083559080034,0.8899923605805958,0.956863888888889,0.9488591674453931,,,0.9048347826086957,-0.014842422028099822,0.9835965390440582
tax_1097667,ck4_p,CK4+P,147,10.0,75,clean,2400,0.8966666666666666,0.8966666666666667,0.7943268632571907,0.8966020429435064,0.9600215277777777,0.9539837505288888,,,0.9048347826086957,-0.008232739665189226,0.9909013890453529
tax_1097667,ck4_p,CK4+P,147,10.0,75,substitution_1pct,2400,0.8945833333333333,0.8945833333333333,0.789430128113705,0.8945657426525502,0.9566854166666666,0.9486099833086004,,,0.9048347826086957,-0.010269039956145476,0.9886509226286161
tax_1097667,ck4_p,CK4+P,147,10.0,100,N_3pct,2400,0.8991666666666667,0.8991666666666667,0.7996950850874062,0.8990808152768848,0.9644256944444445,0.9587160920325692,,,0.9048347826086957,-0.005753967331810883,0.9936408641197215
tax_1097667,ck4_p,CK4+P,147,10.0,100,clean,2400,0.905,0.905,0.8128272337268923,0.9048347826086957,0.967317361111111,0.9629954753832848,,,0.9048347826086957,0.0,1.0
tax_1097667,ck4_p,CK4+P,147,10.0,100,substitution_1pct,2400,0.9045833333333333,0.9045833333333333,0.8116076969112873,0.9044398437862686,0.9659868055555555,0.962112866236143,,,0.9048347826086957,-0.0003949388224270267,0.9995635238277552
tax_1097667,ck4_msp,CK4+MSP,211,0.1,69,N_3pct,2400,0.8716666666666667,0.8716666666666667,0.748444364323971,0.8712284858198035,0.9387354166666666,0.9227681988754872,,,0.8801970443349754,-0.008968558515171865,0.9898107377513998
tax_1097667,ck4_msp,CK4+MSP,211,0.1,69,clean,2400,0.87375,0.87375,0.7550250944571307,0.8731208689475715,0.9407444444444444,0.9237669198108808,,,0.8801970443349754,-0.007076175387403905,0.9919606917190341
tax_1097667,ck4_msp,CK4+MSP,211,0.1,69,substitution_1pct,2400,0.8758333333333334,0.8758333333333332,0.7589635491789277,0.8752364610975703,0.9400437500000001,0.9225004982027751,,,0.8801970443349754,-0.004960583237405114,0.9943642355205214
tax_1097667,ck4_msp,CK4+MSP,211,0.1,75,N_3pct,2400,0.8733333333333333,0.8733333333333333,0.753565104212427,0.8727535667719379,0.9384187500000001,0.9180508087034664,,,0.8801970443349754,-0.007443477563037426,0.9915433963213757
tax_1097667,ck4_msp,CK4+MSP,211,0.1,75,clean,2400,0.8770833333333333,0.8770833333333333,0.7634939956623357,0.8763325473696125,0.9416645833333334,0.9243210581880168,,,0.8801970443349754,-0.0038644969653628403,0.9956095092681405
tax_1097667,ck4_msp,CK4+MSP,211,0.1,75,substitution_1pct,2400,0.8766666666666667,0.8766666666666667,0.7608263287240482,0.8760593575185074,0.9394055555555555,0.9198073984731207,,,0.8801970443349754,-0.004137686816467978,0.9952991357525017
tax_1097667,ck4_msp,CK4+MSP,211,0.1,100,N_3pct,2400,0.88125,0.8812500000000001,0.7752814807183307,0.8802711962430362,0.9466590277777778,0.9340066492375834,,,0.8801970443349754,7.415190806081551e-05,1.0000842446683251
tax_1097667,ck4_msp,CK4+MSP,211,0.1,100,clean,2400,0.88125,0.88125,0.7762674108304488,0.8801970443349754,0.9487715277777778,0.9358962031214111,,,0.8801970443349754,0.0,1.0
tax_1097667,ck4_msp,CK4+MSP,211,0.1,100,substitution_1pct,2400,0.8791666666666667,0.8791666666666667,0.7711653950839181,0.878161413719725,0.9472312500000001,0.9346749769853053,,,0.8801970443349754,-0.002035630615250361,0.997687301237431
tax_1097667,ck4_msp,CK4+MSP,211,1.0,69,N_3pct,2400,0.8883333333333333,0.8883333333333333,0.7780684526262526,0.888232742801855,0.9506819444444443,0.9416778776225533,0.8756008072817107,0.8995272468008981,0.8962505159584556,-0.008017773156600572,0.991054093678232
tax_1097667,ck4_msp,CK4+MSP,211,1.0,69,clean,2400,0.8916666666666667,0.8916666666666666,0.7853527591865844,0.8915273848156418,0.9530722222222222,0.9440722922561873,0.8798520193573611,0.9041033036069882,0.8962505159584556,-0.004723131142813863,0.9947301217029003
tax_1097667,ck4_msp,CK4+MSP,211,1.0,69,substitution_1pct,2400,0.8908333333333334,0.8908333333333334,0.7833231884554545,0.8907179041195596,0.9521722222222222,0.9428338194316085,0.8815123287146944,0.9032972558201917,0.8962505159584556,-0.005532611838895973,0.9938269359510724
tax_1097667,ck4_msp,CK4+MSP,211,1.0,75,N_3pct,2400,0.88625,0.88625,0.7740952586147347,0.8861327918963808,0.9503125000000001,0.9377571523135397,0.8727921000619273,0.8978995580991443,0.8962505159584556,-0.010117724062074784,0.988711053570491
tax_1097667,ck4_msp,CK4+MSP,211,1.0,75,clean,2400,0.8883333333333333,0.8883333333333333,0.7804490868965629,0.8880627405554677,0.9540326388888888,0.9443188769794078,0.8750787919780851,0.9014377191595241,0.8962505159584556,-0.008187775402987874,0.9908644120620318
tax_1097667,ck4_msp,CK4+MSP,211,1.0,75,substitution_1pct,2400,0.88375,0.88375,0.7700197881799139,0.8835597941150745,0.9513972222222222,0.9395474107456073,0.8714692901009036,0.8974068957668164,0.8962505159584556,-0.012690721843381159,0.9858402069316416
tax_1097667,ck4_msp,CK4+MSP,211,1.0,100,N_3pct,2400,0.895,0.895,0.7955898715055537,0.8946311358024863,0.9592548611111111,0.9512706556544054,0.8828590995171841,0.9043219046382497,0.8962505159584556,-0.0016193801559692966,0.9981931612566632
tax_1097667,ck4_msp,CK4+MSP,211,1.0,100,clean,2400,0.8966666666666666,0.8966666666666667,0.7997752518666424,0.8962505159584556,0.9614986111111112,0.9544397892681061,0.8827846345583483,0.9085230650026253,0.8962505159584556,0.0,1.0
tax_1097667,ck4_msp,CK4+MSP,211,1.0,100,substitution_1pct,2400,0.89625,0.89625,0.7983496605167149,0.8958699070827107,0.95994375,0.9534998731109772,0.8844687211085963,0.9075752178209969,0.8962505159584556,-0.00038060887574487,0.9995753320428075
tax_1097667,ck4_msp,CK4+MSP,211,10.0,69,N_3pct,2400,0.8916666666666667,0.8916666666666666,0.7834900470156722,0.8916558322498916,0.9553972222222223,0.9481852765665594,,,0.9031514733221271,-0.01149564107223544,0.9872716355873836
tax_1097667,ck4_msp,CK4+MSP,211,10.0,69,clean,2400,0.8945833333333333,0.8945833333333333,0.7896276915812988,0.8945525595230135,0.9584395833333335,0.9523430118122924,,,0.9031514733221271,-0.008598913799113594,0.9904789904538565
tax_1097667,ck4_msp,CK4+MSP,211,10.0,69,substitution_1pct,2400,0.8904166666666666,0.8904166666666666,0.7809529259071204,0.8904082760503018,0.9569458333333332,0.9501428565473383,,,0.9031514733221271,-0.012743197271825268,0.9858902989717206
tax_1097667,ck4_msp,CK4+MSP,211,10.0,75,N_3pct,2400,0.8891666666666667,0.8891666666666667,0.7787238747627756,0.8891388743983735,0.9567152777777779,0.9487401595275754,,,0.9031514733221271,-0.014012598923753616,0.9844847743289283
tax_1097667,ck4_msp,CK4+MSP,211,10.0,75,clean,2400,0.8970833333333333,0.8970833333333332,0.795064104857045,0.8970252491379251,0.9597868055555555,0.9537554369296065,,,0.9031514733221271,-0.006126224184201945,0.9932168364165234
tax_1097667,ck4_msp,CK4+MSP,211,10.0,75,substitution_1pct,2400,0.895,0.895,0.7902469907829615,0.8949835911861228,0.9565291666666667,0.9484706712311649,,,0.9031514733221271,-0.008167882136004279,0.9909562433575403
tax_1097667,ck4_msp,CK4+MSP,211,10.0,100,N_3pct,2400,0.9016666666666666,0.9016666666666666,0.8056022849726663,0.9015281906848172,0.9640527777777778,0.9582644317289816,,,0.9031514733221271,-0.0016232826373099307,0.9982026463054543
tax_1097667,ck4_msp,CK4+MSP,211,10.0,100,clean,2400,0.9033333333333333,0.9033333333333333,0.8097133217550038,0.9031514733221271,0.9670138888888888,0.9626340804127426,,,0.9031514733221271,0.0,1.0
tax_1097667,ck4_msp,CK4+MSP,211,10.0,100,substitution_1pct,2400,0.9029166666666667,0.9029166666666666,0.8083704897860674,0.9027643138772121,0.9657527777777778,0.9619260367114082,,,0.9031514733221271,-0.000387159444914964,0.9995713239070619
tax_1097667,ck4p_msp,CK4P-MSP,222,0.1,69,N_3pct,2400,0.8708333333333333,0.8708333333333333,0.7473726324111543,0.8703402661788858,0.9366930555555556,0.9193478577581233,,,0.8775762409560413,-0.0072359747771554295,0.9917545912942305
tax_1097667,ck4p_msp,CK4P-MSP,222,0.1,69,clean,2400,0.8733333333333333,0.8733333333333333,0.7554054245164109,0.8726006988801573,0.9385916666666667,0.9202311181249873,,,0.8775762409560413,-0.00497554207588391,0.9943303591828517
tax_1097667,ck4p_msp,CK4P-MSP,222,0.1,69,substitution_1pct,2400,0.87375,0.87375,0.7563466306014224,0.8730116819822751,0.9378486111111111,0.918656518959292,,,0.8775762409560413,-0.004564558973766175,0.9947986753050726
tax_1097667,ck4p_msp,CK4P-MSP,222,0.1,75,N_3pct,2400,0.8695833333333334,0.8695833333333334,0.7469699475325788,0.8689021479838557,0.9366472222222222,0.9150978732608276,,,0.8775762409560413,-0.008674092972185576,0.9901158525409304
tax_1097667,ck4p_msp,CK4P-MSP,222,0.1,75,clean,2400,0.8725,0.8725,0.7557849531446955,0.8715903424187595,0.9395930555555555,0.9207328418693186,,,0.8775762409560413,-0.005985898537281709,0.9931790558382021
tax_1097667,ck4p_msp,CK4P-MSP,222,0.1,75,substitution_1pct,2400,0.8720833333333333,0.8720833333333333,0.7537760091040597,0.871268008370375,0.9374034722222222,0.9164725111017229,,,0.8775762409560413,-0.0063082325856662624,0.9928117555019561
tax_1097667,ck4p_msp,CK4P-MSP,222,0.1,100,N_3pct,2400,0.8795833333333334,0.8795833333333334,0.7723781725732428,0.8785535475373738,0.944601388888889,0.9308370091101872,,,0.8775762409560413,0.0009773065813325488,1.0011136429357612
tax_1097667,ck4p_msp,CK4P-MSP,222,0.1,100,clean,2400,0.87875,0.87875,0.7724569340329851,0.8775762409560413,0.9466527777777779,0.9323695011733477,,,0.8775762409560413,0.0,1.0
tax_1097667,ck4p_msp,CK4P-MSP,222,0.1,100,substitution_1pct,2400,0.8779166666666667,0.8779166666666667,0.7697308276608108,0.876814649667135,0.9450631944444445,0.9310628592886002,,,0.8775762409560413,-0.0007615912889062937,0.9991321651004629
tax_1097667,ck4p_msp,CK4P-MSP,222,1.0,69,N_3pct,2400,0.8829166666666667,0.8829166666666667,0.7672543361558477,0.8828082439465262,0.9488027777777778,0.9385693714941724,0.867806922185467,0.8958261060180103,0.8957572903175164,-0.012949046370990147,0.9855440234637665
tax_1097667,ck4p_msp,CK4P-MSP,222,1.0,69,clean,2400,0.8870833333333333,0.8870833333333333,0.7776220716632282,0.8868324589702414,0.95111875,0.9406992595915721,0.8738917835765736,0.8985502095098835,0.8957572903175164,-0.008924831347274953,0.9900365518162723
tax_1097667,ck4p_msp,CK4P-MSP,222,1.0,69,substitution_1pct,2400,0.8870833333333333,0.8870833333333333,0.7768147780787106,0.8868908710811574,0.9503722222222223,0.939810335255858,0.8747260560806361,0.9002951876293298,0.8957572903175164,-0.008866419236359002,0.9901017615684533
tax_1097667,ck4p_msp,CK4P-MSP,222,1.0,75,N_3pct,2400,0.8841666666666667,0.8841666666666667,0.769961598886918,0.8840441883406014,0.948348611111111,0.9341832210268016,0.8706097449927084,0.8968655805290088,0.8957572903175164,-0.011713101976914997,0.9869237994448663
tax_1097667,ck4p_msp,CK4P-MSP,222,1.0,75,clean,2400,0.88625,0.88625,0.7772888711425632,0.8858995968696227,0.9520277777777779,0.9408804252316137,0.8737300828162213,0.8975668556740609,0.8957572903175164,-0.009857693447893667,0.9889951289769582
tax_1097667,ck4p_msp,CK4P-MSP,222,1.0,75,substitution_1pct,2400,0.8829166666666667,0.8829166666666667,0.7690123471328965,0.8826746627896882,0.9494958333333332,0.9361864902516727,0.869999107340595,0.8952383793783708,0.8957572903175164,-0.013082627527828183,0.9853948969556353
tax_1097667,ck4p_msp,CK4P-MSP,222,1.0,100,N_3pct,2400,0.8929166666666667,0.8929166666666667,0.7917967399059216,0.8925134240591135,0.9573152777777778,0.9484540425864745,0.8796949064841255,0.9047584453428987,0.8957572903175164,-0.0032438662584028943,0.9963786325900256
tax_1097667,ck4p_msp,CK4P-MSP,222,1.0,100,clean,2400,0.89625,0.89625,0.8000995319513855,0.8957572903175164,0.9594222222222222,0.9513464541741338,0.8863303552902052,0.906812710175425,0.8957572903175164,0.0,1.0
tax_1097667,ck4p_msp,CK4P-MSP,222,1.0,100,substitution_1pct,2400,0.8958333333333334,0.8958333333333333,0.7982674682426246,0.895402668347662,0.9578375,0.9502647172128207,0.8814031534285933,0.9096935598312552,0.8957572903175164,-0.0003546219698543629,0.999604109312101
tax_1097667,ck4p_msp,CK4P-MSP,222,10.0,69,N_3pct,2400,0.8891666666666667,0.8891666666666667,0.7784209106122763,0.8891604319409634,0.9554305555555556,0.9483438799336672,,,0.9018809457493834,-0.012720513808419986,0.9858955731703032
tax_1097667,ck4p_msp,CK4P-MSP,222,10.0,69,clean,2400,0.8954166666666666,0.8954166666666666,0.7915485236929056,0.8953694194201236,0.958325,0.9522159432750505,,,0.9018809457493834,-0.006511526329259776,0.992780059984692
tax_1097667,ck4p_msp,CK4P-MSP,222,10.0,69,substitution_1pct,2400,0.89,0.8899999999999999,0.7802438643173544,0.8899828098140334,0.9569194444444445,0.9500976993072958,,,0.9018809457493834,-0.01189813593534994,0.9868074206563222
tax_1097667,ck4p_msp,CK4P-MSP,222,10.0,75,N_3pct,2400,0.8895833333333333,0.8895833333333333,0.7793942938654018,0.8895672093790084,0.9563555555555556,0.9480081589401426,,,0.9018809457493834,-0.012313736370375028,0.986346605471143
tax_1097667,ck4p_msp,CK4P-MSP,222,10.0,75,clean,2400,0.8966666666666666,0.8966666666666667,0.7945359791916434,0.8965884616908204,0.9595527777777778,0.9533125751326796,,,0.9018809457493834,-0.005292484058562974,0.9941317264950471
tax_1097667,ck4p_msp,CK4P-MSP,222,10.0,75,substitution_1pct,2400,0.8945833333333333,0.8945833333333333,0.7895025508324975,0.8945609092211451,0.9562986111111111,0.9479073379857454,,,0.9018809457493834,-0.007320036528238316,0.991883588889711
tax_1097667,ck4p_msp,CK4P-MSP,222,10.0,100,N_3pct,2400,0.9008333333333334,0.9008333333333334,0.8033655728082593,0.9007284777879969,0.9640868055555555,0.9581906628972487,,,0.9018809457493834,-0.0011524679613864608,0.9987221506709748
tax_1097667,ck4p_msp,CK4P-MSP,222,10.0,100,clean,2400,0.9020833333333333,0.9020833333333333,0.8075048041166976,0.9018809457493834,0.9668576388888888,0.9622705427260885,,,0.9018809457493834,0.0,1.0
tax_1097667,ck4p_msp,CK4P-MSP,222,10.0,100,substitution_1pct,2400,0.9016666666666666,0.9016666666666666,0.806251195720999,0.9014887306864691,0.9655,0.9614245617631446,,,0.9018809457493834,-0.00039221506291431396,0.9995651143704024
tax_1097667,ck5,CK5,512,0.1,69,N_3pct,2400,0.8704166666666666,0.8704166666666666,0.7409076850921389,0.8704101646766652,0.9401305555555555,0.9259977130723609,,,0.8852018638636556,-0.014791699186990415,0.9832900270652065
tax_1097667,ck5,CK5,512,0.1,69,clean,2400,0.8766666666666667,0.8766666666666667,0.754407031841278,0.8765789005515033,0.9426986111111111,0.9285751463786562,,,0.8852018638636556,-0.008622963312152288,0.9902587605560211
tax_1097667,ck5,CK5,512,0.1,69,substitution_1pct,2400,0.8720833333333333,0.8720833333333333,0.7446448925931557,0.872042258009559,0.9420541666666665,0.9278624587978278,,,0.8852018638636556,-0.01315960585409659,0.9851337797723803
tax_1097667,ck5,CK5,512,0.1,75,N_3pct,2400,0.8729166666666667,0.8729166666666667,0.7464060568734605,0.8728679106275306,0.9401847222222223,0.9225308189684273,,,0.8852018638636556,-0.012333953236125073,0.9860665078332632
tax_1097667,ck5,CK5,512,0.1,75,clean,2400,0.8795833333333334,0.8795833333333334,0.7617634691385419,0.879378087610533,0.9439326388888888,0.9288592235592854,,,0.8852018638636556,-0.005823776253122581,0.9934209625048648
tax_1097667,ck5,CK5,512,0.1,75,substitution_1pct,2400,0.8754166666666666,0.8754166666666666,0.7523041150236263,0.8752948843271424,0.9417909722222222,0.925293985426968,,,0.8852018638636556,-0.009906979536513205,0.9888082256252014
tax_1097667,ck5,CK5,512,0.1,100,N_3pct,2400,0.88875,0.8887499999999999,0.7829234023848135,0.8883646837286823,0.948175,0.9385734703494646,,,0.8852018638636556,0.003162819865026645,1.0035729927761583
tax_1097667,ck5,CK5,512,0.1,100,clean,2400,0.8858333333333334,0.8858333333333333,0.7802987837761888,0.8852018638636556,0.9511381944444445,0.941695022221201,,,0.8852018638636556,0.0,1.0
tax_1097667,ck5,CK5,512,0.1,100,substitution_1pct,2400,0.8858333333333334,0.8858333333333333,0.77952866672345,0.8852576294254157,0.9493048611111112,0.9392146475918765,,,0.8852018638636556,5.5765561760123816e-05,1.0000629975647777
tax_1097667,ck5,CK5,512,1.0,69,N_3pct,2400,0.8770833333333333,0.8770833333333333,0.7549033189430857,0.8770233608716473,0.95074375,0.9429348706984613,0.8620454383318854,0.8895487058432829,0.9010227475410122,-0.023999386669364853,0.9733642832715803
tax_1097667,ck5,CK5,512,1.0,69,clean,2400,0.88875,0.8887499999999999,0.7775218681100652,0.8887484355248746,0.9545347222222221,0.9482314098569584,0.876664217050911,0.9037463303255443,0.9010227475410122,-0.0122743120161376,0.9863773561215458
tax_1097667,ck5,CK5,512,1.0,69,substitution_1pct,2400,0.8845833333333334,0.8845833333333333,0.7692267648553482,0.8845788246936729,0.9535694444444445,0.9472426952265359,0.8724493225776166,0.8966660208292969,0.9010227475410122,-0.01644392284733931,0.9817497139864487
tax_1097667,ck5,CK5,512,1.0,75,N_3pct,2400,0.88625,0.88625,0.7725067058164822,0.88624950629126,0.9513569444444444,0.9419448803673646,0.8716662031964848,0.8975459868173301,0.9010227475410122,-0.014773241249752211,0.9836039197788624
tax_1097667,ck5,CK5,512,1.0,75,clean,2400,0.8916666666666667,0.8916666666666666,0.7837688815089573,0.8916365657126979,0.9558583333333333,0.9485129356162669,0.8795411483939586,0.9033401105390839,0.9010227475410122,-0.0093861818283143,0.9895827471016351
tax_1097667,ck5,CK5,512,1.0,75,substitution_1pct,2400,0.8879166666666667,0.8879166666666667,0.7758788636720093,0.8879133780140425,0.9530715277777777,0.9435083439605408,0.8757819264636953,0.9004269270158068,0.9010227475410122,-0.013109369526969727,0.9854505676324525
tax_1097667,ck5,CK5,512,1.0,100,N_3pct,2400,0.89875,0.8987499999999999,0.799146885107121,0.8986456719077676,0.9609201388888888,0.9566735833621106,0.8865522734056266,0.9124582012372116,0.9010227475410122,-0.0023770756332446297,0.9973618028626559
tax_1097667,ck5,CK5,512,1.0,100,clean,2400,0.90125,0.9012500000000001,0.8062106699695798,0.9010227475410122,0.9636819444444444,0.9597164229543529,0.8892513693285506,0.9140209396984199,0.9010227475410122,0.0,1.0
tax_1097667,ck5,CK5,512,1.0,100,substitution_1pct,2400,0.8958333333333334,0.8958333333333333,0.7950138754255778,0.895614050348823,0.9619736111111111,0.9579325699032472,0.8849697509436038,0.9081984360351739,0.9010227475410122,-0.005408697192189171,0.993997157999673
tax_1097667,ck5,CK5,512,10.0,69,N_3pct,2400,0.8616666666666667,0.8616666666666666,0.7247126063468607,0.861535028787785,0.9494236111111112,0.9414546383812875,,,0.9023860492700159,-0.04085102048223088,0.9547299955320927
tax_1097667,ck5,CK5,512,10.0,69,clean,2400,0.8804166666666666,0.8804166666666666,0.7609984985004442,0.8804036896364623,0.9543124999999999,0.9480423694924551,,,0.9023860492700159,-0.02198235963355355,0.9756397390547691
tax_1097667,ck5,CK5,512,10.0,69,substitution_1pct,2400,0.8745833333333334,0.8745833333333333,0.7497920144687401,0.8745310328141991,0.9524083333333334,0.9444948458220391,,,0.9023860492700159,-0.027855016455816783,0.9691318183848807
tax_1097667,ck5,CK5,512,10.0,75,N_3pct,2400,0.8716666666666667,0.8716666666666667,0.7439287145528006,0.8716153127917834,0.9511527777777777,0.9437688062852847,,,0.9023860492700159,-0.030770736478232474,0.9659006957131879
tax_1097667,ck5,CK5,512,10.0,75,clean,2400,0.8820833333333333,0.8820833333333333,0.7641733001442439,0.882082821540024,0.9563340277777779,0.9497413110010944,,,0.9023860492700159,-0.020303227729991824,0.9775005079628435
tax_1097667,ck5,CK5,512,10.0,75,substitution_1pct,2400,0.8783333333333333,0.8783333333333333,0.7568180454151386,0.8783211654498784,0.9534402777777778,0.9436944096547046,,,0.9023860492700159,-0.024064883820137495,0.9733319416455909
tax_1097667,ck5,CK5,512,10.0,100,N_3pct,2400,0.89625,0.89625,0.7931615191988564,0.8962067347864969,0.9619666666666666,0.957994430842098,,,0.9023860492700159,-0.006179314483518938,0.993152249540518
tax_1097667,ck5,CK5,512,10.0,100,clean,2400,0.9025,0.9025,0.8068860591012442,0.9023860492700159,0.9648118055555556,0.9610661819767689,,,0.9023860492700159,0.0,1.0
tax_1097667,ck5,CK5,512,10.0,100,substitution_1pct,2400,0.8983333333333333,0.8983333333333333,0.7979488480069543,0.8982516520206498,0.9629965277777777,0.9588201558038416,,,0.9023860492700159,-0.00413439724936604,0.9954183719343727
tax_1097667,pseknc_k3_l3,PseKNC,67,0.1,69,N_3pct,2400,0.87,0.87,0.7458498934048751,0.8694901960784314,0.9284152777777779,0.9019271109775693,,,0.876241704721407,-0.00675150864297569,0.9922949243267047
tax_1097667,pseknc_k3_l3,PseKNC,67,0.1,69,clean,2400,0.8658333333333333,0.8658333333333332,0.7422586005157077,0.8648761119569954,0.9302361111111112,0.9024662160701494,,,0.876241704721407,-0.011365592764411625,0.9870291579330555
tax_1097667,pseknc_k3_l3,PseKNC,67,0.1,69,substitution_1pct,2400,0.8679166666666667,0.8679166666666667,0.7455390742684693,0.867056945165009,0.9292631944444445,0.9016323167414096,,,0.876241704721407,-0.009184759556398081,0.989518006838857
tax_1097667,pseknc_k3_l3,PseKNC,67,0.1,75,N_3pct,2400,0.8675,0.8674999999999999,0.743602214758342,0.8667336258022699,0.9303736111111112,0.9018328101277943,,,0.876241704721407,-0.009508078919137186,0.9891490226179542
tax_1097667,pseknc_k3_l3,PseKNC,67,0.1,75,clean,2400,0.8679166666666667,0.8679166666666667,0.7477063110043523,0.8668680444984111,0.9320493055555554,0.9053988910406301,,,0.876241704721407,-0.009373660222995905,0.9893024262911839
tax_1097667,pseknc_k3_l3,PseKNC,67,0.1,75,substitution_1pct,2400,0.8645833333333334,0.8645833333333333,0.7394046152359788,0.8636458750517229,0.9295416666666666,0.9022440914665014,,,0.876241704721407,-0.0125958296696842,0.985625165291934
tax_1097667,pseknc_k3_l3,PseKNC,67,0.1,100,N_3pct,2400,0.8775,0.8775,0.7659297176164365,0.8766260152650827,0.9379534722222221,0.914597633576332,,,0.876241704721407,0.00038431054367560336,1.0004385896512398
tax_1097667,pseknc_k3_l3,PseKNC,67,0.1,100,clean,2400,0.8775,0.8775,0.7708374622351086,0.876241704721407,0.939092361111111,0.9162487094596504,,,0.876241704721407,0.0,1.0
tax_1097667,pseknc_k3_l3,PseKNC,67,0.1,100,substitution_1pct,2400,0.8758333333333334,0.8758333333333334,0.7656130039994875,0.8747025236089037,0.9373979166666667,0.9149604033274721,,,0.876241704721407,-0.001539181112503396,0.9982434286062739
tax_1097667,pseknc_k3_l3,PseKNC,67,1.0,69,N_3pct,2400,0.8783333333333333,0.8783333333333334,0.7581095006485593,0.8782175554398591,0.9420201388888889,0.9234806243966465,0.8669599016513087,0.8903261438400488,0.8907208879939694,-0.012503332554110291,0.9859626817753544
tax_1097667,pseknc_k3_l3,PseKNC,67,1.0,69,clean,2400,0.8820833333333333,0.8820833333333333,0.7689038779263544,0.8817200949234549,0.9440715277777777,0.9256775417139533,0.8686029986299998,0.8930873196037239,0.8907208879939694,-0.00900079307051449,0.989894934325852
tax_1097667,pseknc_k3_l3,PseKNC,67,1.0,69,substitution_1pct,2400,0.8804166666666666,0.8804166666666666,0.7649950170047669,0.8800913937547601,0.9428534722222222,0.9247630943830322,0.8669675671277296,0.8935733632254015,0.8907208879939694,-0.010629494239209336,0.9880664140894366
tax_1097667,pseknc_k3_l3,PseKNC,67,1.0,75,N_3pct,2400,0.8858333333333334,0.8858333333333333,0.7737499991427602,0.8856796359550062,0.9436861111111111,0.9238594400457144,0.8736186198974716,0.896180921524747,0.8907208879939694,-0.005041252038963218,0.9943402561824761
tax_1097667,pseknc_k3_l3,PseKNC,67,1.0,75,clean,2400,0.8833333333333333,0.8833333333333333,0.7716383155166912,0.8829574968509993,0.9458506944444444,0.928846945805835,0.871034629121476,0.8951521497131925,0.8907208879939694,-0.007763391142970089,0.9912841483256845
tax_1097667,pseknc_k3_l3,PseKNC,67,1.0,75,substitution_1pct,2400,0.88125,0.8812500000000001,0.7666708001745474,0.8809269937982809,0.9431868055555557,0.9252250765313975,0.8695429172647168,0.8940113791728944,0.8907208879939694,-0.009793894195688546,0.9890045306810467
tax_1097667,pseknc_k3_l3,PseKNC,67,1.0,100,N_3pct,2400,0.8870833333333333,0.8870833333333333,0.7784012823630104,0.8867761941029269,0.9518743055555556,0.9356923396595971,0.8743539956551232,0.8993125693670242,0.8907208879939694,-0.003944693891042572,0.9955713468223176
tax_1097667,pseknc_k3_l3,PseKNC,67,1.0,100,clean,2400,0.89125,0.89125,0.7901893539373134,0.8907208879939694,0.9531368055555556,0.9384499652468268,0.8797454104760115,0.9024218911867307,0.8907208879939694,0.0,1.0
tax_1097667,pseknc_k3_l3,PseKNC,67,1.0,100,substitution_1pct,2400,0.8941666666666667,0.8941666666666667,0.7949063420605503,0.8937291110412247,0.9517569444444444,0.9382171507286752,0.8832490771613707,0.9038304739429025,0.8907208879939694,0.003008223047255232,1.0033772903361795
tax_1097667,pseknc_k3_l3,PseKNC,67,10.0,69,N_3pct,2400,0.8854166666666666,0.8854166666666667,0.7710906742398914,0.8853975463614676,0.9500597222222222,0.9371467478153115,,,0.9005679048794142,-0.01517035851794657,0.9831546755822063
tax_1097667,pseknc_k3_l3,PseKNC,67,10.0,69,clean,2400,0.8904166666666666,0.8904166666666666,0.7831888898103772,0.8902518729947102,0.9522736111111111,0.9404155548464554,,,0.9005679048794142,-0.01031603188470398,0.988544970536025
tax_1097667,pseknc_k3_l3,PseKNC,67,10.0,69,substitution_1pct,2400,0.8866666666666667,0.8866666666666667,0.7746524415042932,0.8865701725426144,0.9506333333333334,0.9383602247858117,,,0.9005679048794142,-0.013997732336799795,0.9844567719314025
tax_1097667,pseknc_k3_l3,PseKNC,67,10.0,75,N_3pct,2400,0.895,0.895,0.790439254968608,0.8949708252292303,0.9517687499999999,0.93872398880714,,,0.9005679048794142,-0.005597079650183856,0.9937849443447206
tax_1097667,pseknc_k3_l3,PseKNC,67,10.0,75,clean,2400,0.8895833333333333,0.8895833333333334,0.7812225221897752,0.8894380480183074,0.9545118055555556,0.9433949883870414,,,0.9005679048794142,-0.01112985686110679,0.9876412907890637
tax_1097667,pseknc_k3_l3,PseKNC,67,10.0,75,substitution_1pct,2400,0.88875,0.8887499999999999,0.7791055839132119,0.8886353678986583,0.9514402777777777,0.9389068490422612,,,0.9005679048794142,-0.011932536980755915,0.9867499864073507
tax_1097667,pseknc_k3_l3,PseKNC,67,10.0,100,N_3pct,2400,0.9016666666666666,0.9016666666666666,0.8049493260359267,0.9015679612055423,0.95984375,0.9483891334549717,,,0.9005679048794142,0.001000056326128096,1.0011104729812261
tax_1097667,pseknc_k3_l3,PseKNC,67,10.0,100,clean,2400,0.9008333333333334,0.9008333333333334,0.8059812595345627,0.9005679048794142,0.9616208333333334,0.9514011775560873,,,0.9005679048794142,0.0,1.0
tax_1097667,pseknc_k3_l3,PseKNC,67,10.0,100,substitution_1pct,2400,0.9020833333333333,0.9020833333333333,0.8078850431159341,0.9018579986166154,0.9602902777777778,0.9510283299872293,,,0.9005679048794142,0.0012900937372012367,1.001432533549343
tax_1097667,pseeiip,PseEIIP,64,0.1,69,N_3pct,2400,0.8695833333333334,0.8695833333333334,0.7471543650630812,0.8688862223191884,0.9329006944444445,0.9062183238046673,,,0.8762626262626263,-0.007376403943437859,0.991581971292215
tax_1097667,pseeiip,PseEIIP,64,0.1,69,clean,2400,0.8720833333333333,0.8720833333333333,0.7546152244636903,0.871197795818089,0.935075,0.9090351933319774,,,0.8762626262626263,-0.005064830444537316,0.9942199629509026
tax_1097667,pseeiip,PseEIIP,64,0.1,69,substitution_1pct,2400,0.8695833333333334,0.8695833333333334,0.7485088147955563,0.8687694991805954,0.9340347222222222,0.9088512534417467,,,0.8762626262626263,-0.00749312708203087,0.9914487656354921
tax_1097667,pseeiip,PseEIIP,64,0.1,75,N_3pct,2400,0.8704166666666666,0.8704166666666666,0.7506050249430003,0.8695732174962706,0.9349444444444445,0.9068684971352565,,,0.8762626262626263,-0.006689408766355709,0.9923659773156286
tax_1097667,pseeiip,PseEIIP,64,0.1,75,clean,2400,0.87,0.87,0.7511507638840953,0.8690351345433125,0.9365416666666667,0.9115146684109703,,,0.8762626262626263,-0.0072274917193138055,0.991751911467296
tax_1097667,pseeiip,PseEIIP,64,0.1,75,substitution_1pct,2400,0.8720833333333333,0.8720833333333333,0.7537760091040597,0.871268008370375,0.9343916666666666,0.9084650694124137,,,0.8762626262626263,-0.004994617892251307,0.9943000902440013
tax_1097667,pseeiip,PseEIIP,64,0.1,100,N_3pct,2400,0.8795833333333334,0.8795833333333334,0.7744205151663248,0.8783975191410826,0.9434513888888888,0.9232827981535129,,,0.8762626262626263,0.0021348928784562515,1.0024363619016388
tax_1097667,pseeiip,PseEIIP,64,0.1,100,clean,2400,0.8775,0.8775,0.7705686482505415,0.8762626262626263,0.9442152777777777,0.9236546392770852,,,0.8762626262626263,0.0,1.0
tax_1097667,pseeiip,PseEIIP,64,0.1,100,substitution_1pct,2400,0.8770833333333333,0.8770833333333333,0.7687980037251699,0.8759137993494588,0.942771527777778,0.9223398864545223,,,0.8762626262626263,-0.00034882691316751036,0.9996019151077397
tax_1097667,pseeiip,PseEIIP,64,1.0,69,N_3pct,2400,0.8816666666666667,0.8816666666666666,0.7663289354754691,0.8814353833276162,0.9456048611111112,0.9283334066269373,0.8682377606238687,0.8927962431260991,0.8949556203189729,-0.013520236991356738,0.9848928408466355
tax_1097667,pseeiip,PseEIIP,64,1.0,69,clean,2400,0.8879166666666667,0.8879166666666667,0.7799412806434614,0.8876214975062103,0.9477361111111111,0.9315570739573069,0.8754241520963615,0.8989819247839433,0.8949556203189729,-0.007334122812762578,0.9918050430141456
tax_1097667,pseeiip,PseEIIP,64,1.0,69,substitution_1pct,2400,0.8845833333333334,0.8845833333333333,0.7725997547310652,0.8843269045562985,0.9464805555555555,0.9307829864461744,0.8697354610465718,0.8977323839189381,0.8949556203189729,-0.010628715762674434,0.9881237510314911
tax_1097667,pseeiip,PseEIIP,64,1.0,75,N_3pct,2400,0.885,0.885,0.7734983221577062,0.8847399444997777,0.9471444444444446,0.9290121851808912,0.8709183144551318,0.8981447775502964,0.8949556203189729,-0.010215675819195247,0.9885852710600842
tax_1097667,pseeiip,PseEIIP,64,1.0,75,clean,2400,0.8845833333333334,0.8845833333333333,0.7737912611456221,0.884238440255769,0.94954375,0.9342057854016146,0.8715379533375625,0.8959029358170683,0.8949556203189729,-0.01071718006320388,0.9880249033361184
tax_1097667,pseeiip,PseEIIP,64,1.0,75,substitution_1pct,2400,0.88375,0.88375,0.7708046828931591,0.8835008009319936,0.9469243055555556,0.9304002357300261,0.8704443410505449,0.8947963734187804,0.8949556203189729,-0.011454819386979342,0.9872006844508148
tax_1097667,pseeiip,PseEIIP,64,1.0,100,N_3pct,2400,0.89375,0.89375,0.7941526980008411,0.8933049743068964,0.9559701388888889,0.9412004326711022,0.8827856717314875,0.9029130817085196,0.8949556203189729,-0.0016506460120765398,0.9981556113235109
tax_1097667,pseeiip,PseEIIP,64,1.0,100,clean,2400,0.8954166666666666,0.8954166666666667,0.797868132426441,0.8949556203189729,0.9572486111111111,0.9436132025794465,0.8812024094093179,0.908452075566516,0.8949556203189729,0.0,1.0
tax_1097667,pseeiip,PseEIIP,64,1.0,100,substitution_1pct,2400,0.8970833333333333,0.8970833333333332,0.8005297607587729,0.8966743179032137,0.9558631944444445,0.9432563190304538,0.8841358358764476,0.9075319510244505,0.8949556203189729,0.0017186975842408136,1.0019204277231404
tax_1097667,pseeiip,PseEIIP,64,10.0,69,N_3pct,2400,0.88625,0.88625,0.7733729540424772,0.8861858016787594,0.9512159722222222,0.9387156192756176,,,0.903512785513134,-0.017326983834374587,0.9808226467713635
tax_1097667,pseeiip,PseEIIP,64,10.0,69,clean,2400,0.8920833333333333,0.8920833333333333,0.7857027438815009,0.8919778429455849,0.9532409722222224,0.9414705142835176,,,0.903512785513134,-0.011534942567549056,0.987233227074924
tax_1097667,pseeiip,PseEIIP,64,10.0,69,substitution_1pct,2400,0.8891666666666667,0.8891666666666667,0.7795132400892805,0.8890827855232186,0.9515638888888889,0.9394876979674787,,,0.903512785513134,-0.014429999989915343,0.9840290029966536
tax_1097667,pseeiip,PseEIIP,64,10.0,75,N_3pct,2400,0.8945833333333333,0.8945833333333333,0.7899968739209136,0.8945279421918629,0.95280625,0.9405273286648086,,,0.903512785513134,-0.00898484332127103,0.9900556544795674
tax_1097667,pseeiip,PseEIIP,64,10.0,75,clean,2400,0.8920833333333333,0.8920833333333333,0.7858715103602947,0.8919662780453613,0.9555277777777778,0.9443286862156337,,,0.903512785513134,-0.011546507467772638,0.9872204271451289
tax_1097667,pseeiip,PseEIIP,64,10.0,75,substitution_1pct,2400,0.8908333333333334,0.8908333333333334,0.7825812995846867,0.8907695397103448,0.9523847222222223,0.939624811152964,,,0.903512785513134,-0.012743245802789183,0.9858958876873537
tax_1097667,pseeiip,PseEIIP,64,10.0,100,N_3pct,2400,0.89875,0.8987499999999999,0.8013178589956206,0.8985087998195711,0.96123125,0.9508286906583742,,,0.903512785513134,-0.005003985693562862,0.9944616326699561
tax_1097667,pseeiip,PseEIIP,64,10.0,100,clean,2400,0.90375,0.90375,0.8115000152075068,0.903512785513134,0.9630652777777776,0.9532100438540031,,,0.903512785513134,0.0,1.0
tax_1097667,pseeiip,PseEIIP,64,10.0,100,substitution_1pct,2400,0.905,0.905,0.8136800531788857,0.9047851715432946,0.9617180555555557,0.9523532050549013,,,0.903512785513134,0.001272386030160666,1.0014082656610532
