representation,classifier,n_samples,n_classes,n_features,accuracy,macro_f1,task,genus,length,condition,label_col
ck4,logistic,116,4,136,0.2571428571428571,0.25582645338837284,within_genus_species,Acinetobacter,69,clean,label
ck4p_msp,logistic,116,4,222,0.2,0.19742002063983488,within_genus_species,Acinetobacter,69,clean,label
pseknc_k3_l3,logistic,116,4,67,0.2,0.19652313266443702,within_genus_species,Acinetobacter,69,clean,label
ncp_anf,logistic,116,4,276,0.2571428571428571,0.25460164835164834,within_genus_species,Acinetobacter,69,clean,label
pseeiip,logistic,116,4,64,0.17142857142857143,0.1702017345399698,within_genus_species,Acinetobacter,69,clean,label
ck4,logistic,72,3,136,0.22727272727272727,0.18095238095238098,within_genus_species,Burkholderia,69,clean,label
ck4p_msp,logistic,72,3,222,0.18181818181818182,0.16209150326797386,within_genus_species,Burkholderia,69,clean,label
pseknc_k3_l3,logistic,72,3,67,0.4090909090909091,0.40307486631016043,within_genus_species,Burkholderia,69,clean,label
ncp_anf,logistic,72,3,276,0.18181818181818182,0.15654520917678813,within_genus_species,Burkholderia,69,clean,label
pseeiip,logistic,72,3,64,0.4090909090909091,0.40307486631016043,within_genus_species,Burkholderia,69,clean,label
ck4,logistic,72,2,136,0.5454545454545454,0.4270833333333333,target_background,Burkholderia,69,clean,target_binary
ck4p_msp,logistic,72,2,222,0.5909090909090909,0.5448275862068965,target_background,Burkholderia,69,clean,target_binary
pseknc_k3_l3,logistic,72,2,67,0.5454545454545454,0.47619047619047616,target_background,Burkholderia,69,clean,target_binary
ncp_anf,logistic,72,2,276,0.5,0.39950372208436724,target_background,Burkholderia,69,clean,target_binary
pseeiip,logistic,72,2,64,0.5,0.44367816091954027,target_background,Burkholderia,69,clean,target_binary
ck4,logistic,119,4,136,0.3055555555555556,0.3313492063492064,within_genus_species,Candida,69,clean,label
ck4p_msp,logistic,119,4,222,0.3333333333333333,0.33776680835504364,within_genus_species,Candida,69,clean,label
pseknc_k3_l3,logistic,119,4,67,0.2222222222222222,0.21805555555555556,within_genus_species,Candida,69,clean,label
ncp_anf,logistic,119,4,276,0.25,0.24618983957219254,within_genus_species,Candida,69,clean,label
pseeiip,logistic,119,4,64,0.2222222222222222,0.2087878787878788,within_genus_species,Candida,69,clean,label
ck4,logistic,93,2,136,0.6785714285714286,0.6571428571428571,target_background,Candida,69,clean,target_binary
ck4p_msp,logistic,93,2,222,0.6785714285714286,0.6199095022624435,target_background,Candida,69,clean,target_binary
pseknc_k3_l3,logistic,93,2,67,0.5714285714285714,0.5087719298245614,target_background,Candida,69,clean,target_binary
ncp_anf,logistic,93,2,276,0.4642857142857143,0.36651583710407243,target_background,Candida,69,clean,target_binary
pseeiip,logistic,93,2,64,0.5714285714285714,0.5087719298245614,target_background,Candida,69,clean,target_binary
ck4,logistic,147,5,136,0.17777777777777778,0.17217553688141923,within_genus_species,Enterobacter,69,clean,label
ck4p_msp,logistic,147,5,222,0.2,0.19712248535777946,within_genus_species,Enterobacter,69,clean,label
pseknc_k3_l3,logistic,147,5,67,0.2,0.20698412698412696,within_genus_species,Enterobacter,69,clean,label
ncp_anf,logistic,147,5,276,0.15555555555555556,0.15010025062656643,within_genus_species,Enterobacter,69,clean,label
pseeiip,logistic,147,5,64,0.15555555555555556,0.1630952380952381,within_genus_species,Enterobacter,69,clean,label
ck4,logistic,90,2,136,0.7037037037037037,0.6823529411764706,target_background,Enterobacter,69,clean,target_binary
ck4p_msp,logistic,90,2,222,0.7037037037037037,0.6823529411764706,target_background,Enterobacter,69,clean,target_binary
pseknc_k3_l3,logistic,90,2,67,0.4074074074074074,0.33333333333333337,target_background,Enterobacter,69,clean,target_binary
ncp_anf,logistic,90,2,276,0.6666666666666666,0.5846153846153846,target_background,Enterobacter,69,clean,target_binary
pseeiip,logistic,90,2,64,0.4444444444444444,0.35612082670906203,target_background,Enterobacter,69,clean,target_binary
ck4,logistic,59,2,136,0.6666666666666666,0.625,within_genus_species,Escherichia,69,clean,label
ck4p_msp,logistic,59,2,222,0.5,0.4857142857142857,within_genus_species,Escherichia,69,clean,label
pseknc_k3_l3,logistic,59,2,67,0.5555555555555556,0.5,within_genus_species,Escherichia,69,clean,label
ncp_anf,logistic,59,2,276,0.6111111111111112,0.6,within_genus_species,Escherichia,69,clean,label
pseeiip,logistic,59,2,64,0.5555555555555556,0.5,within_genus_species,Escherichia,69,clean,label
ck4,logistic,59,2,136,0.6666666666666666,0.625,target_background,Escherichia,69,clean,target_binary
ck4p_msp,logistic,59,2,222,0.5,0.4857142857142857,target_background,Escherichia,69,clean,target_binary
pseknc_k3_l3,logistic,59,2,67,0.5555555555555556,0.5,target_background,Escherichia,69,clean,target_binary
ncp_anf,logistic,59,2,276,0.6111111111111112,0.6,target_background,Escherichia,69,clean,target_binary
pseeiip,logistic,59,2,64,0.5555555555555556,0.5,target_background,Escherichia,69,clean,target_binary
ck4,logistic,87,3,136,0.3333333333333333,0.2787301587301587,within_genus_species,Klebsiella,69,clean,label
ck4p_msp,logistic,87,3,222,0.37037037037037035,0.372192513368984,within_genus_species,Klebsiella,69,clean,label
pseknc_k3_l3,logistic,87,3,67,0.48148148148148145,0.4550361918782971,within_genus_species,Klebsiella,69,clean,label
ncp_anf,logistic,87,3,276,0.18518518518518517,0.1726190476190476,within_genus_species,Klebsiella,69,clean,label
pseeiip,logistic,87,3,64,0.48148148148148145,0.4719576719576719,within_genus_species,Klebsiella,69,clean,label
ck4,logistic,87,2,136,0.5555555555555556,0.5397727272727273,target_background,Klebsiella,69,clean,target_binary
ck4p_msp,logistic,87,2,222,0.5925925925925926,0.5834502103786816,target_background,Klebsiella,69,clean,target_binary
pseknc_k3_l3,logistic,87,2,67,0.5185185185185185,0.4935064935064935,target_background,Klebsiella,69,clean,target_binary
ncp_anf,logistic,87,2,276,0.4074074074074074,0.3647058823529412,target_background,Klebsiella,69,clean,target_binary
pseeiip,logistic,87,2,64,0.48148148148148145,0.4441176470588235,target_background,Klebsiella,69,clean,target_binary
ck4,logistic,116,4,136,0.2571428571428571,0.2581699346405229,within_genus_species,Acinetobacter,69,substitution_1pct,label
ck4p_msp,logistic,116,4,222,0.17142857142857143,0.16129582267689685,within_genus_species,Acinetobacter,69,substitution_1pct,label
pseknc_k3_l3,logistic,116,4,67,0.22857142857142856,0.23156789031402034,within_genus_species,Acinetobacter,69,substitution_1pct,label
ncp_anf,logistic,116,4,276,0.22857142857142856,0.2284719150818222,within_genus_species,Acinetobacter,69,substitution_1pct,label
pseeiip,logistic,116,4,64,0.2,0.20604575163398692,within_genus_species,Acinetobacter,69,substitution_1pct,label
ck4,logistic,72,3,136,0.36363636363636365,0.3148148148148148,within_genus_species,Burkholderia,69,substitution_1pct,label
ck4p_msp,logistic,72,3,222,0.22727272727272727,0.19607843137254902,within_genus_species,Burkholderia,69,substitution_1pct,label
pseknc_k3_l3,logistic,72,3,67,0.3181818181818182,0.3055555555555555,within_genus_species,Burkholderia,69,substitution_1pct,label
ncp_anf,logistic,72,3,276,0.18181818181818182,0.15288220551378445,within_genus_species,Burkholderia,69,substitution_1pct,label
pseeiip,logistic,72,3,64,0.36363636363636365,0.3424688057040998,within_genus_species,Burkholderia,69,substitution_1pct,label
ck4,logistic,72,2,136,0.5454545454545454,0.47619047619047616,target_background,Burkholderia,69,substitution_1pct,target_binary
ck4p_msp,logistic,72,2,222,0.5,0.44367816091954027,target_background,Burkholderia,69,substitution_1pct,target_binary
pseknc_k3_l3,logistic,72,2,67,0.5454545454545454,0.47619047619047616,target_background,Burkholderia,69,substitution_1pct,target_binary
ncp_anf,logistic,72,2,276,0.5,0.39950372208436724,target_background,Burkholderia,69,substitution_1pct,target_binary
pseeiip,logistic,72,2,64,0.5454545454545454,0.47619047619047616,target_background,Burkholderia,69,substitution_1pct,target_binary
ck4,logistic,119,4,136,0.3055555555555556,0.32101086048454464,within_genus_species,Candida,69,substitution_1pct,label
ck4p_msp,logistic,119,4,222,0.3333333333333333,0.3413115676892767,within_genus_species,Candida,69,substitution_1pct,label
pseknc_k3_l3,logistic,119,4,67,0.3055555555555556,0.31706528765352293,within_genus_species,Candida,69,substitution_1pct,label
ncp_anf,logistic,119,4,276,0.2222222222222222,0.20787545787545786,within_genus_species,Candida,69,substitution_1pct,label
pseeiip,logistic,119,4,64,0.3055555555555556,0.31706528765352293,within_genus_species,Candida,69,substitution_1pct,label
ck4,logistic,93,2,136,0.6428571428571429,0.6111111111111112,target_background,Candida,69,substitution_1pct,target_binary
ck4p_msp,logistic,93,2,222,0.6785714285714286,0.6199095022624435,target_background,Candida,69,substitution_1pct,target_binary
pseknc_k3_l3,logistic,93,2,67,0.5714285714285714,0.475,target_background,Candida,69,substitution_1pct,target_binary
ncp_anf,logistic,93,2,276,0.4642857142857143,0.36651583710407243,target_background,Candida,69,substitution_1pct,target_binary
pseeiip,logistic,93,2,64,0.5714285714285714,0.475,target_background,Candida,69,substitution_1pct,target_binary
ck4,logistic,147,5,136,0.15555555555555556,0.13333333333333333,within_genus_species,Enterobacter,69,substitution_1pct,label
ck4p_msp,logistic,147,5,222,0.13333333333333333,0.13056973985766557,within_genus_species,Enterobacter,69,substitution_1pct,label
pseknc_k3_l3,logistic,147,5,67,0.15555555555555556,0.16506265664160397,within_genus_species,Enterobacter,69,substitution_1pct,label
ncp_anf,logistic,147,5,276,0.17777777777777778,0.17820058166807393,within_genus_species,Enterobacter,69,substitution_1pct,label
pseeiip,logistic,147,5,64,0.13333333333333333,0.14059379217273954,within_genus_species,Enterobacter,69,substitution_1pct,label
ck4,logistic,90,2,136,0.6666666666666666,0.6136724960254372,target_background,Enterobacter,69,substitution_1pct,target_binary
ck4p_msp,logistic,90,2,222,0.5555555555555556,0.5397727272727273,target_background,Enterobacter,69,substitution_1pct,target_binary
pseknc_k3_l3,logistic,90,2,67,0.48148148148148145,0.4166666666666667,target_background,Enterobacter,69,substitution_1pct,target_binary
ncp_anf,logistic,90,2,276,0.6666666666666666,0.5846153846153846,target_background,Enterobacter,69,substitution_1pct,target_binary
pseeiip,logistic,90,2,64,0.5555555555555556,0.5,target_background,Enterobacter,69,substitution_1pct,target_binary
ck4,logistic,59,2,136,0.5555555555555556,0.5324675324675324,within_genus_species,Escherichia,69,substitution_1pct,label
ck4p_msp,logistic,59,2,222,0.6111111111111112,0.5785953177257526,within_genus_species,Escherichia,69,substitution_1pct,label
pseknc_k3_l3,logistic,59,2,67,0.5555555555555556,0.4461538461538461,within_genus_species,Escherichia,69,substitution_1pct,label
ncp_anf,logistic,59,2,276,0.5555555555555556,0.5324675324675324,within_genus_species,Escherichia,69,substitution_1pct,label
pseeiip,logistic,59,2,64,0.5555555555555556,0.4461538461538461,within_genus_species,Escherichia,69,substitution_1pct,label
ck4,logistic,59,2,136,0.5555555555555556,0.5324675324675324,target_background,Escherichia,69,substitution_1pct,target_binary
ck4p_msp,logistic,59,2,222,0.6111111111111112,0.5785953177257526,target_background,Escherichia,69,substitution_1pct,target_binary
pseknc_k3_l3,logistic,59,2,67,0.5555555555555556,0.4461538461538461,target_background,Escherichia,69,substitution_1pct,target_binary
ncp_anf,logistic,59,2,276,0.5555555555555556,0.5324675324675324,target_background,Escherichia,69,substitution_1pct,target_binary
pseeiip,logistic,59,2,64,0.5555555555555556,0.4461538461538461,target_background,Escherichia,69,substitution_1pct,target_binary
ck4,logistic,87,3,136,0.3333333333333333,0.2752136752136752,within_genus_species,Klebsiella,69,substitution_1pct,label
ck4p_msp,logistic,87,3,222,0.4074074074074074,0.3927053338818045,within_genus_species,Klebsiella,69,substitution_1pct,label
pseknc_k3_l3,logistic,87,3,67,0.48148148148148145,0.46230158730158727,within_genus_species,Klebsiella,69,substitution_1pct,label
ncp_anf,logistic,87,3,276,0.25925925925925924,0.2412820512820513,within_genus_species,Klebsiella,69,substitution_1pct,label
pseeiip,logistic,87,3,64,0.5185185185185185,0.5026184386798197,within_genus_species,Klebsiella,69,substitution_1pct,label
ck4,logistic,87,2,136,0.5925925925925926,0.5714285714285714,target_background,Klebsiella,69,substitution_1pct,target_binary
ck4p_msp,logistic,87,2,222,0.6296296296296297,0.6029411764705883,target_background,Klebsiella,69,substitution_1pct,target_binary
pseknc_k3_l3,logistic,87,2,67,0.5925925925925926,0.5533834586466165,target_background,Klebsiella,69,substitution_1pct,target_binary
ncp_anf,logistic,87,2,276,0.4444444444444444,0.41558441558441556,target_background,Klebsiella,69,substitution_1pct,target_binary
pseeiip,logistic,87,2,64,0.5555555555555556,0.5397727272727273,target_background,Klebsiella,69,substitution_1pct,target_binary
ck4,logistic,116,4,136,0.2571428571428571,0.24287330316742084,within_genus_species,Acinetobacter,69,N_3pct,label
ck4p_msp,logistic,116,4,222,0.2,0.1963815789473684,within_genus_species,Acinetobacter,69,N_3pct,label
pseknc_k3_l3,logistic,116,4,67,0.22857142857142856,0.21623931623931622,within_genus_species,Acinetobacter,69,N_3pct,label
ncp_anf,logistic,116,4,276,0.2571428571428571,0.24583333333333332,within_genus_species,Acinetobacter,69,N_3pct,label
pseeiip,logistic,116,4,64,0.17142857142857143,0.17413273001508295,within_genus_species,Acinetobacter,69,N_3pct,label
ck4,logistic,72,3,136,0.3181818181818182,0.2626262626262626,within_genus_species,Burkholderia,69,N_3pct,label
ck4p_msp,logistic,72,3,222,0.3181818181818182,0.30582750582750584,within_genus_species,Burkholderia,69,N_3pct,label
pseknc_k3_l3,logistic,72,3,67,0.4090909090909091,0.39031339031339035,within_genus_species,Burkholderia,69,N_3pct,label
ncp_anf,logistic,72,3,276,0.13636363636363635,0.11851851851851851,within_genus_species,Burkholderia,69,N_3pct,label
pseeiip,logistic,72,3,64,0.4090909090909091,0.39031339031339035,within_genus_species,Burkholderia,69,N_3pct,label
ck4,logistic,72,2,136,0.45454545454545453,0.3125,target_background,Burkholderia,69,N_3pct,target_binary
ck4p_msp,logistic,72,2,222,0.5454545454545454,0.5089285714285714,target_background,Burkholderia,69,N_3pct,target_binary
pseknc_k3_l3,logistic,72,2,67,0.5,0.44367816091954027,target_background,Burkholderia,69,N_3pct,target_binary
ncp_anf,logistic,72,2,276,0.5,0.39950372208436724,target_background,Burkholderia,69,N_3pct,target_binary
pseeiip,logistic,72,2,64,0.5454545454545454,0.5089285714285714,target_background,Burkholderia,69,N_3pct,target_binary
ck4,logistic,119,4,136,0.3333333333333333,0.35,within_genus_species,Candida,69,N_3pct,label
ck4p_msp,logistic,119,4,222,0.3055555555555556,0.32073412698412695,within_genus_species,Candida,69,N_3pct,label
pseknc_k3_l3,logistic,119,4,67,0.25,0.27095959595959596,within_genus_species,Candida,69,N_3pct,label
ncp_anf,logistic,119,4,276,0.25,0.2439194577352472,within_genus_species,Candida,69,N_3pct,label
pseeiip,logistic,119,4,64,0.25,0.26297819827231594,within_genus_species,Candida,69,N_3pct,label
ck4,logistic,93,2,136,0.6071428571428571,0.5809523809523809,target_background,Candida,69,N_3pct,target_binary
ck4p_msp,logistic,93,2,222,0.7142857142857143,0.672514619883041,target_background,Candida,69,N_3pct,target_binary
pseknc_k3_l3,logistic,93,2,67,0.5357142857142857,0.4509803921568627,target_background,Candida,69,N_3pct,target_binary
ncp_anf,logistic,93,2,276,0.5,0.4555555555555556,target_background,Candida,69,N_3pct,target_binary
pseeiip,logistic,93,2,64,0.5357142857142857,0.4509803921568627,target_background,Candida,69,N_3pct,target_binary
ck4,logistic,147,5,136,0.13333333333333333,0.1257516339869281,within_genus_species,Enterobacter,69,N_3pct,label
ck4p_msp,logistic,147,5,222,0.17777777777777778,0.18383131030189853,within_genus_species,Enterobacter,69,N_3pct,label
pseknc_k3_l3,logistic,147,5,67,0.13333333333333333,0.1411064425770308,within_genus_species,Enterobacter,69,N_3pct,label
ncp_anf,logistic,147,5,276,0.2,0.1862531328320802,within_genus_species,Enterobacter,69,N_3pct,label
pseeiip,logistic,147,5,64,0.15555555555555556,0.15842245989304815,within_genus_species,Enterobacter,69,N_3pct,label
ck4,logistic,90,2,136,0.6296296296296297,0.555921052631579,target_background,Enterobacter,69,N_3pct,target_binary
ck4p_msp,logistic,90,2,222,0.6666666666666666,0.6136724960254372,target_background,Enterobacter,69,N_3pct,target_binary
pseknc_k3_l3,logistic,90,2,67,0.5555555555555556,0.4214285714285714,target_background,Enterobacter,69,N_3pct,target_binary
ncp_anf,logistic,90,2,276,0.7407407407407407,0.6454033771106942,target_background,Enterobacter,69,N_3pct,target_binary
pseeiip,logistic,90,2,64,0.6296296296296297,0.5178571428571428,target_background,Enterobacter,69,N_3pct,target_binary
ck4,logistic,59,2,136,0.5555555555555556,0.5324675324675324,within_genus_species,Escherichia,69,N_3pct,label
ck4p_msp,logistic,59,2,222,0.5,0.4857142857142857,within_genus_species,Escherichia,69,N_3pct,label
pseknc_k3_l3,logistic,59,2,67,0.5555555555555556,0.5324675324675324,within_genus_species,Escherichia,69,N_3pct,label
ncp_anf,logistic,59,2,276,0.5,0.4581939799331104,within_genus_species,Escherichia,69,N_3pct,label
pseeiip,logistic,59,2,64,0.5,0.4581939799331104,within_genus_species,Escherichia,69,N_3pct,label
ck4,logistic,59,2,136,0.5555555555555556,0.5324675324675324,target_background,Escherichia,69,N_3pct,target_binary
ck4p_msp,logistic,59,2,222,0.5,0.4857142857142857,target_background,Escherichia,69,N_3pct,target_binary
pseknc_k3_l3,logistic,59,2,67,0.5555555555555556,0.5324675324675324,target_background,Escherichia,69,N_3pct,target_binary
ncp_anf,logistic,59,2,276,0.5,0.4581939799331104,target_background,Escherichia,69,N_3pct,target_binary
pseeiip,logistic,59,2,64,0.5,0.4581939799331104,target_background,Escherichia,69,N_3pct,target_binary
ck4,logistic,87,3,136,0.37037037037037035,0.3003508771929824,within_genus_species,Klebsiella,69,N_3pct,label
ck4p_msp,logistic,87,3,222,0.25925925925925924,0.2111111111111111,within_genus_species,Klebsiella,69,N_3pct,label
pseknc_k3_l3,logistic,87,3,67,0.5185185185185185,0.5140056022408963,within_genus_species,Klebsiella,69,N_3pct,label
ncp_anf,logistic,87,3,276,0.2222222222222222,0.19873015873015873,within_genus_species,Klebsiella,69,N_3pct,label
pseeiip,logistic,87,3,64,0.5185185185185185,0.5137254901960784,within_genus_species,Klebsiella,69,N_3pct,label
ck4,logistic,87,2,136,0.5555555555555556,0.5397727272727273,target_background,Klebsiella,69,N_3pct,target_binary
ck4p_msp,logistic,87,2,222,0.5925925925925926,0.5903448275862069,target_background,Klebsiella,69,N_3pct,target_binary
pseknc_k3_l3,logistic,87,2,67,0.5185185185185185,0.5077138849929874,target_background,Klebsiella,69,N_3pct,target_binary
ncp_anf,logistic,87,2,276,0.48148148148148145,0.4166666666666667,target_background,Klebsiella,69,N_3pct,target_binary
pseeiip,logistic,87,2,64,0.48148148148148145,0.475,target_background,Klebsiella,69,N_3pct,target_binary
ck4,logistic,116,4,136,0.3142857142857143,0.31209150326797386,within_genus_species,Acinetobacter,69,trim_5bp,label
ck4p_msp,logistic,116,4,222,0.3142857142857143,0.29975842011445725,within_genus_species,Acinetobacter,69,trim_5bp,label
pseknc_k3_l3,logistic,116,4,67,0.22857142857142856,0.23514492753623187,within_genus_species,Acinetobacter,69,trim_5bp,label
ncp_anf,logistic,116,4,276,0.22857142857142856,0.2284719150818222,within_genus_species,Acinetobacter,69,trim_5bp,label
pseeiip,logistic,116,4,64,0.22857142857142856,0.23990683229813664,within_genus_species,Acinetobacter,69,trim_5bp,label
ck4,logistic,72,3,136,0.2727272727272727,0.23558897243107768,within_genus_species,Burkholderia,69,trim_5bp,label
ck4p_msp,logistic,72,3,222,0.2727272727272727,0.2452214452214452,within_genus_species,Burkholderia,69,trim_5bp,label
pseknc_k3_l3,logistic,72,3,67,0.36363636363636365,0.3568627450980392,within_genus_species,Burkholderia,69,trim_5bp,label
ncp_anf,logistic,72,3,276,0.18181818181818182,0.1693121693121693,within_genus_species,Burkholderia,69,trim_5bp,label
pseeiip,logistic,72,3,64,0.36363636363636365,0.3568627450980392,within_genus_species,Burkholderia,69,trim_5bp,label
ck4,logistic,72,2,136,0.45454545454545453,0.3125,target_background,Burkholderia,69,trim_5bp,target_binary
ck4p_msp,logistic,72,2,222,0.5454545454545454,0.47619047619047616,target_background,Burkholderia,69,trim_5bp,target_binary
pseknc_k3_l3,logistic,72,2,67,0.5454545454545454,0.5299145299145299,target_background,Burkholderia,69,trim_5bp,target_binary
ncp_anf,logistic,72,2,276,0.45454545454545453,0.37142857142857144,target_background,Burkholderia,69,trim_5bp,target_binary
pseeiip,logistic,72,2,64,0.5909090909090909,0.5831578947368421,target_background,Burkholderia,69,trim_5bp,target_binary
ck4,logistic,119,4,136,0.3333333333333333,0.341535657325131,within_genus_species,Candida,69,trim_5bp,label
ck4p_msp,logistic,119,4,222,0.3055555555555556,0.3287399533316049,within_genus_species,Candida,69,trim_5bp,label
pseknc_k3_l3,logistic,119,4,67,0.25,0.26323529411764707,within_genus_species,Candida,69,trim_5bp,label
ncp_anf,logistic,119,4,276,0.19444444444444445,0.17424242424242425,within_genus_species,Candida,69,trim_5bp,label
pseeiip,logistic,119,4,64,0.2777777777777778,0.297360248447205,within_genus_species,Candida,69,trim_5bp,label
ck4,logistic,93,2,136,0.6071428571428571,0.561877667140825,target_background,Candida,69,trim_5bp,target_binary
ck4p_msp,logistic,93,2,222,0.6428571428571429,0.5625,target_background,Candida,69,trim_5bp,target_binary
pseknc_k3_l3,logistic,93,2,67,0.5357142857142857,0.4822190611664296,target_background,Candida,69,trim_5bp,target_binary
ncp_anf,logistic,93,2,276,0.5357142857142857,0.4509803921568627,target_background,Candida,69,trim_5bp,target_binary
pseeiip,logistic,93,2,64,0.5357142857142857,0.4822190611664296,target_background,Candida,69,trim_5bp,target_binary
ck4,logistic,147,5,136,0.2222222222222222,0.2188167388167388,within_genus_species,Enterobacter,69,trim_5bp,label
ck4p_msp,logistic,147,5,222,0.2222222222222222,0.2106817846755927,within_genus_species,Enterobacter,69,trim_5bp,label
pseknc_k3_l3,logistic,147,5,67,0.24444444444444444,0.22485357779475423,within_genus_species,Enterobacter,69,trim_5bp,label
ncp_anf,logistic,147,5,276,0.08888888888888889,0.08550275945618521,within_genus_species,Enterobacter,69,trim_5bp,label
pseeiip,logistic,147,5,64,0.17777777777777778,0.1632289279348103,within_genus_species,Enterobacter,69,trim_5bp,label
ck4,logistic,90,2,136,0.6666666666666666,0.6345864661654135,target_background,Enterobacter,69,trim_5bp,target_binary
ck4p_msp,logistic,90,2,222,0.5925925925925926,0.5714285714285714,target_background,Enterobacter,69,trim_5bp,target_binary
pseknc_k3_l3,logistic,90,2,67,0.4444444444444444,0.35612082670906203,target_background,Enterobacter,69,trim_5bp,target_binary
ncp_anf,logistic,90,2,276,0.6666666666666666,0.5846153846153846,target_background,Enterobacter,69,trim_5bp,target_binary
pseeiip,logistic,90,2,64,0.48148148148148145,0.3782894736842105,target_background,Enterobacter,69,trim_5bp,target_binary
ck4,logistic,59,2,136,0.5555555555555556,0.5324675324675324,within_genus_species,Escherichia,69,trim_5bp,label
ck4p_msp,logistic,59,2,222,0.5555555555555556,0.5555555555555556,within_genus_species,Escherichia,69,trim_5bp,label
pseknc_k3_l3,logistic,59,2,67,0.6111111111111112,0.5785953177257526,within_genus_species,Escherichia,69,trim_5bp,label
ncp_anf,logistic,59,2,276,0.6666666666666666,0.6625,within_genus_species,Escherichia,69,trim_5bp,label
pseeiip,logistic,59,2,64,0.5555555555555556,0.5,within_genus_species,Escherichia,69,trim_5bp,label
ck4,logistic,59,2,136,0.5555555555555556,0.5324675324675324,target_background,Escherichia,69,trim_5bp,target_binary
ck4p_msp,logistic,59,2,222,0.5555555555555556,0.5555555555555556,target_background,Escherichia,69,trim_5bp,target_binary
pseknc_k3_l3,logistic,59,2,67,0.6111111111111112,0.5785953177257526,target_background,Escherichia,69,trim_5bp,target_binary
ncp_anf,logistic,59,2,276,0.6666666666666666,0.6625,target_background,Escherichia,69,trim_5bp,target_binary
pseeiip,logistic,59,2,64,0.5555555555555556,0.5,target_background,Escherichia,69,trim_5bp,target_binary
ck4,logistic,87,3,136,0.4074074074074074,0.36816465716721475,within_genus_species,Klebsiella,69,trim_5bp,label
ck4p_msp,logistic,87,3,222,0.2962962962962963,0.27833519137866963,within_genus_species,Klebsiella,69,trim_5bp,label
pseknc_k3_l3,logistic,87,3,67,0.4444444444444444,0.41523809523809524,within_genus_species,Klebsiella,69,trim_5bp,label
ncp_anf,logistic,87,3,276,0.25925925925925924,0.2412820512820513,within_genus_species,Klebsiella,69,trim_5bp,label
pseeiip,logistic,87,3,64,0.4074074074074074,0.36996336996337,within_genus_species,Klebsiella,69,trim_5bp,label
ck4,logistic,87,2,136,0.48148148148148145,0.4630681818181818,target_background,Klebsiella,69,trim_5bp,target_binary
ck4p_msp,logistic,87,2,222,0.5555555555555556,0.5397727272727273,target_background,Klebsiella,69,trim_5bp,target_binary
pseknc_k3_l3,logistic,87,2,67,0.5925925925925926,0.5714285714285714,target_background,Klebsiella,69,trim_5bp,target_binary
ncp_anf,logistic,87,2,276,0.4074074074074074,0.33333333333333337,target_background,Klebsiella,69,trim_5bp,target_binary
pseeiip,logistic,87,2,64,0.5925925925925926,0.5714285714285714,target_background,Klebsiella,69,trim_5bp,target_binary
ck4,logistic,116,4,136,0.3142857142857143,0.3136112339672711,within_genus_species,Acinetobacter,69,substitution_1pct_N_3pct,label
ck4p_msp,logistic,116,4,222,0.17142857142857143,0.1637896825396825,within_genus_species,Acinetobacter,69,substitution_1pct_N_3pct,label
pseknc_k3_l3,logistic,116,4,67,0.2571428571428571,0.2585119047619048,within_genus_species,Acinetobacter,69,substitution_1pct_N_3pct,label
ncp_anf,logistic,116,4,276,0.22857142857142856,0.23767752715121138,within_genus_species,Acinetobacter,69,substitution_1pct_N_3pct,label
pseeiip,logistic,116,4,64,0.2571428571428571,0.2585119047619048,within_genus_species,Acinetobacter,69,substitution_1pct_N_3pct,label
ck4,logistic,72,3,136,0.18181818181818182,0.1469298245614035,within_genus_species,Burkholderia,69,substitution_1pct_N_3pct,label
ck4p_msp,logistic,72,3,222,0.3181818181818182,0.30277777777777776,within_genus_species,Burkholderia,69,substitution_1pct_N_3pct,label
pseknc_k3_l3,logistic,72,3,67,0.5,0.49551282051282053,within_genus_species,Burkholderia,69,substitution_1pct_N_3pct,label
ncp_anf,logistic,72,3,276,0.18181818181818182,0.15277777777777776,within_genus_species,Burkholderia,69,substitution_1pct_N_3pct,label
pseeiip,logistic,72,3,64,0.5,0.49551282051282053,within_genus_species,Burkholderia,69,substitution_1pct_N_3pct,label
ck4,logistic,72,2,136,0.5,0.39950372208436724,target_background,Burkholderia,69,substitution_1pct_N_3pct,target_binary
ck4p_msp,logistic,72,2,222,0.5909090909090909,0.5448275862068965,target_background,Burkholderia,69,substitution_1pct_N_3pct,target_binary
pseknc_k3_l3,logistic,72,2,67,0.45454545454545453,0.4107142857142857,target_background,Burkholderia,69,substitution_1pct_N_3pct,target_binary
ncp_anf,logistic,72,2,276,0.5909090909090909,0.5086848635235732,target_background,Burkholderia,69,substitution_1pct_N_3pct,target_binary
pseeiip,logistic,72,2,64,0.45454545454545453,0.4107142857142857,target_background,Burkholderia,69,substitution_1pct_N_3pct,target_binary
ck4,logistic,119,4,136,0.25,0.24335839598997494,within_genus_species,Candida,69,substitution_1pct_N_3pct,label
ck4p_msp,logistic,119,4,222,0.3611111111111111,0.35865384615384616,within_genus_species,Candida,69,substitution_1pct_N_3pct,label
pseknc_k3_l3,logistic,119,4,67,0.2777777777777778,0.2723475355054302,within_genus_species,Candida,69,substitution_1pct_N_3pct,label
ncp_anf,logistic,119,4,276,0.2222222222222222,0.20928030303030304,within_genus_species,Candida,69,substitution_1pct_N_3pct,label
pseeiip,logistic,119,4,64,0.3055555555555556,0.29711024269847797,within_genus_species,Candida,69,substitution_1pct_N_3pct,label
ck4,logistic,93,2,136,0.75,0.6813008130081301,target_background,Candida,69,substitution_1pct_N_3pct,target_binary
ck4p_msp,logistic,93,2,222,0.6428571428571429,0.5906432748538011,target_background,Candida,69,substitution_1pct_N_3pct,target_binary
pseknc_k3_l3,logistic,93,2,67,0.5714285714285714,0.5087719298245614,target_background,Candida,69,substitution_1pct_N_3pct,target_binary
ncp_anf,logistic,93,2,276,0.42857142857142855,0.3,target_background,Candida,69,substitution_1pct_N_3pct,target_binary
pseeiip,logistic,93,2,64,0.5714285714285714,0.5087719298245614,target_background,Candida,69,substitution_1pct_N_3pct,target_binary
ck4,logistic,147,5,136,0.17777777777777778,0.15639097744360902,within_genus_species,Enterobacter,69,substitution_1pct_N_3pct,label
ck4p_msp,logistic,147,5,222,0.13333333333333333,0.11711119230300815,within_genus_species,Enterobacter,69,substitution_1pct_N_3pct,label
pseknc_k3_l3,logistic,147,5,67,0.2,0.20479876160990712,within_genus_species,Enterobacter,69,substitution_1pct_N_3pct,label
ncp_anf,logistic,147,5,276,0.15555555555555556,0.15543859649122807,within_genus_species,Enterobacter,69,substitution_1pct_N_3pct,label
pseeiip,logistic,147,5,64,0.15555555555555556,0.15816993464052287,within_genus_species,Enterobacter,69,substitution_1pct_N_3pct,label
ck4,logistic,90,2,136,0.7037037037037037,0.6823529411764706,target_background,Enterobacter,69,substitution_1pct_N_3pct,target_binary
ck4p_msp,logistic,90,2,222,0.5925925925925926,0.5714285714285714,target_background,Enterobacter,69,substitution_1pct_N_3pct,target_binary
pseknc_k3_l3,logistic,90,2,67,0.5925925925925926,0.5533834586466165,target_background,Enterobacter,69,substitution_1pct_N_3pct,target_binary
ncp_anf,logistic,90,2,276,0.7407407407407407,0.676923076923077,target_background,Enterobacter,69,substitution_1pct_N_3pct,target_binary
pseeiip,logistic,90,2,64,0.5925925925925926,0.5533834586466165,target_background,Enterobacter,69,substitution_1pct_N_3pct,target_binary
ck4,logistic,59,2,136,0.5555555555555556,0.5324675324675324,within_genus_species,Escherichia,69,substitution_1pct_N_3pct,label
ck4p_msp,logistic,59,2,222,0.5555555555555556,0.5324675324675324,within_genus_species,Escherichia,69,substitution_1pct_N_3pct,label
pseknc_k3_l3,logistic,59,2,67,0.5,0.4857142857142857,within_genus_species,Escherichia,69,substitution_1pct_N_3pct,label
ncp_anf,logistic,59,2,276,0.6111111111111112,0.609907120743034,within_genus_species,Escherichia,69,substitution_1pct_N_3pct,label
pseeiip,logistic,59,2,64,0.5555555555555556,0.5,within_genus_species,Escherichia,69,substitution_1pct_N_3pct,label
ck4,logistic,59,2,136,0.5555555555555556,0.5324675324675324,target_background,Escherichia,69,substitution_1pct_N_3pct,target_binary
ck4p_msp,logistic,59,2,222,0.5555555555555556,0.5324675324675324,target_background,Escherichia,69,substitution_1pct_N_3pct,target_binary
pseknc_k3_l3,logistic,59,2,67,0.5,0.4857142857142857,target_background,Escherichia,69,substitution_1pct_N_3pct,target_binary
ncp_anf,logistic,59,2,276,0.6111111111111112,0.609907120743034,target_background,Escherichia,69,substitution_1pct_N_3pct,target_binary
pseeiip,logistic,59,2,64,0.5555555555555556,0.5,target_background,Escherichia,69,substitution_1pct_N_3pct,target_binary
ck4,logistic,87,3,136,0.4074074074074074,0.4032608695652174,within_genus_species,Klebsiella,69,substitution_1pct_N_3pct,label
ck4p_msp,logistic,87,3,222,0.5185185185185185,0.5104761904761905,within_genus_species,Klebsiella,69,substitution_1pct_N_3pct,label
pseknc_k3_l3,logistic,87,3,67,0.4074074074074074,0.3670175438596491,within_genus_species,Klebsiella,69,substitution_1pct_N_3pct,label
ncp_anf,logistic,87,3,276,0.2222222222222222,0.21473429951690823,within_genus_species,Klebsiella,69,substitution_1pct_N_3pct,label
pseeiip,logistic,87,3,64,0.4444444444444444,0.42822966507177035,within_genus_species,Klebsiella,69,substitution_1pct_N_3pct,label
ck4,logistic,87,2,136,0.5185185185185185,0.5077138849929874,target_background,Klebsiella,69,substitution_1pct_N_3pct,target_binary
ck4p_msp,logistic,87,2,222,0.5925925925925926,0.5834502103786816,target_background,Klebsiella,69,substitution_1pct_N_3pct,target_binary
pseknc_k3_l3,logistic,87,2,67,0.48148148148148145,0.4441176470588235,target_background,Klebsiella,69,substitution_1pct_N_3pct,target_binary
ncp_anf,logistic,87,2,276,0.48148148148148145,0.4441176470588235,target_background,Klebsiella,69,substitution_1pct_N_3pct,target_binary
pseeiip,logistic,87,2,64,0.48148148148148145,0.4630681818181818,target_background,Klebsiella,69,substitution_1pct_N_3pct,target_binary
ck4,logistic,120,4,136,0.3055555555555556,0.2873228221054308,within_genus_species,Acinetobacter,75,clean,label
ck4p_msp,logistic,120,4,222,0.3055555555555556,0.296777950310559,within_genus_species,Acinetobacter,75,clean,label
pseknc_k3_l3,logistic,120,4,67,0.3333333333333333,0.33645510835913317,within_genus_species,Acinetobacter,75,clean,label
ncp_anf,logistic,120,4,300,0.25,0.2406798245614035,within_genus_species,Acinetobacter,75,clean,label
pseeiip,logistic,120,4,64,0.3055555555555556,0.31145510835913315,within_genus_species,Acinetobacter,75,clean,label
ck4,logistic,79,3,136,0.3333333333333333,0.34145021645021645,within_genus_species,Burkholderia,75,clean,label
ck4p_msp,logistic,79,3,222,0.3333333333333333,0.31011873117136274,within_genus_species,Burkholderia,75,clean,label
pseknc_k3_l3,logistic,79,3,67,0.4583333333333333,0.4709234120998827,within_genus_species,Burkholderia,75,clean,label
ncp_anf,logistic,79,3,300,0.25,0.22291021671826625,within_genus_species,Burkholderia,75,clean,label
pseeiip,logistic,79,3,64,0.4166666666666667,0.42577030812324934,within_genus_species,Burkholderia,75,clean,label
ck4,logistic,79,2,136,0.3333333333333333,0.28888888888888886,target_background,Burkholderia,75,clean,target_binary
ck4p_msp,logistic,79,2,222,0.5833333333333334,0.4957983193277311,target_background,Burkholderia,75,clean,target_binary
pseknc_k3_l3,logistic,79,2,67,0.5,0.4857142857142857,target_background,Burkholderia,75,clean,target_binary
ncp_anf,logistic,79,2,300,0.5416666666666666,0.4197802197802198,target_background,Burkholderia,75,clean,target_binary
pseeiip,logistic,79,2,64,0.5416666666666666,0.5208711433756805,target_background,Burkholderia,75,clean,target_binary
ck4,logistic,119,4,136,0.2777777777777778,0.25129399585921325,within_genus_species,Candida,75,clean,label
ck4p_msp,logistic,119,4,222,0.25,0.21237458193979933,within_genus_species,Candida,75,clean,label
pseknc_k3_l3,logistic,119,4,67,0.2777777777777778,0.27875816993464053,within_genus_species,Candida,75,clean,label
ncp_anf,logistic,119,4,300,0.3055555555555556,0.2806006493506494,within_genus_species,Candida,75,clean,label
pseeiip,logistic,119,4,64,0.25,0.25685160427807485,within_genus_species,Candida,75,clean,label
ck4,logistic,94,2,136,0.5862068965517241,0.5606060606060606,target_background,Candida,75,clean,target_binary
ck4p_msp,logistic,94,2,222,0.6206896551724138,0.6037267080745341,target_background,Candida,75,clean,target_binary
pseknc_k3_l3,logistic,94,2,67,0.5862068965517241,0.5421052631578948,target_background,Candida,75,clean,target_binary
ncp_anf,logistic,94,2,300,0.5517241379310345,0.49122807017543857,target_background,Candida,75,clean,target_binary
pseeiip,logistic,94,2,64,0.5862068965517241,0.5166666666666666,target_background,Candida,75,clean,target_binary
ck4,logistic,133,5,136,0.175,0.17899877899877897,within_genus_species,Enterobacter,75,clean,label
ck4p_msp,logistic,133,5,222,0.2,0.19354700854700851,within_genus_species,Enterobacter,75,clean,label
pseknc_k3_l3,logistic,133,5,67,0.225,0.23369700474963634,within_genus_species,Enterobacter,75,clean,label
ncp_anf,logistic,133,5,300,0.175,0.16249742002063983,within_genus_species,Enterobacter,75,clean,label
pseeiip,logistic,133,5,64,0.25,0.25587745587745586,within_genus_species,Enterobacter,75,clean,label
ck4,logistic,91,2,136,0.5,0.4269005847953216,target_background,Enterobacter,75,clean,target_binary
ck4p_msp,logistic,91,2,222,0.5357142857142857,0.4509803921568627,target_background,Enterobacter,75,clean,target_binary
pseknc_k3_l3,logistic,91,2,67,0.6071428571428571,0.5809523809523809,target_background,Enterobacter,75,clean,target_binary
ncp_anf,logistic,91,2,300,0.6071428571428571,0.49918699186991866,target_background,Enterobacter,75,clean,target_binary
pseeiip,logistic,91,2,64,0.5714285714285714,0.5508021390374331,target_background,Enterobacter,75,clean,target_binary
ck4,logistic,52,2,136,0.3125,0.2874493927125506,within_genus_species,Escherichia,75,clean,label
ck4p_msp,logistic,52,2,222,0.25,0.23809523809523808,within_genus_species,Escherichia,75,clean,label
pseknc_k3_l3,logistic,52,2,67,0.5,0.4920634920634921,within_genus_species,Escherichia,75,clean,label
ncp_anf,logistic,52,2,300,0.5625,0.45893719806763283,within_genus_species,Escherichia,75,clean,label
pseeiip,logistic,52,2,64,0.5625,0.5607843137254902,within_genus_species,Escherichia,75,clean,label
ck4,logistic,52,2,136,0.3125,0.2874493927125506,target_background,Escherichia,75,clean,target_binary
ck4p_msp,logistic,52,2,222,0.25,0.23809523809523808,target_background,Escherichia,75,clean,target_binary
pseknc_k3_l3,logistic,52,2,67,0.5,0.4920634920634921,target_background,Escherichia,75,clean,target_binary
ncp_anf,logistic,52,2,300,0.5625,0.45893719806763283,target_background,Escherichia,75,clean,target_binary
pseeiip,logistic,52,2,64,0.5625,0.5607843137254902,target_background,Escherichia,75,clean,target_binary
ck4,logistic,97,3,136,0.2,0.1809954751131222,within_genus_species,Klebsiella,75,clean,label
ck4p_msp,logistic,97,3,222,0.23333333333333334,0.2197318007662835,within_genus_species,Klebsiella,75,clean,label
pseknc_k3_l3,logistic,97,3,67,0.3,0.2868421052631579,within_genus_species,Klebsiella,75,clean,label
ncp_anf,logistic,97,3,300,0.23333333333333334,0.23350877192982455,within_genus_species,Klebsiella,75,clean,label
pseeiip,logistic,97,3,64,0.26666666666666666,0.26276742581090407,within_genus_species,Klebsiella,75,clean,label
ck4,logistic,88,2,136,0.6296296296296297,0.5833333333333333,target_background,Klebsiella,75,clean,target_binary
ck4p_msp,logistic,88,2,222,0.48148148148148145,0.4441176470588235,target_background,Klebsiella,75,clean,target_binary
pseknc_k3_l3,logistic,88,2,67,0.5185185185185185,0.4935064935064935,target_background,Klebsiella,75,clean,target_binary
ncp_anf,logistic,88,2,300,0.4444444444444444,0.35612082670906203,target_background,Klebsiella,75,clean,target_binary
pseeiip,logistic,88,2,64,0.5185185185185185,0.4935064935064935,target_background,Klebsiella,75,clean,target_binary
ck4,logistic,120,4,136,0.25,0.21122994652406418,within_genus_species,Acinetobacter,75,substitution_1pct,label
ck4p_msp,logistic,120,4,222,0.2777777777777778,0.24603174603174602,within_genus_species,Acinetobacter,75,substitution_1pct,label
pseknc_k3_l3,logistic,120,4,67,0.25,0.2548611111111111,within_genus_species,Acinetobacter,75,substitution_1pct,label
ncp_anf,logistic,120,4,300,0.25,0.25076117403483134,within_genus_species,Acinetobacter,75,substitution_1pct,label
pseeiip,logistic,120,4,64,0.2222222222222222,0.22633636788048553,within_genus_species,Acinetobacter,75,substitution_1pct,label
ck4,logistic,79,3,136,0.20833333333333334,0.2356060606060606,within_genus_species,Burkholderia,75,substitution_1pct,label
ck4p_msp,logistic,79,3,222,0.3333333333333333,0.3361111111111111,within_genus_species,Burkholderia,75,substitution_1pct,label
pseknc_k3_l3,logistic,79,3,67,0.4166666666666667,0.4196413608178314,within_genus_species,Burkholderia,75,substitution_1pct,label
ncp_anf,logistic,79,3,300,0.20833333333333334,0.1895424836601307,within_genus_species,Burkholderia,75,substitution_1pct,label
pseeiip,logistic,79,3,64,0.4583333333333333,0.45964052287581697,within_genus_species,Burkholderia,75,substitution_1pct,label
ck4,logistic,79,2,136,0.4166666666666667,0.34375,target_background,Burkholderia,75,substitution_1pct,target_binary
ck4p_msp,logistic,79,2,222,0.4583333333333333,0.4079696394686907,target_background,Burkholderia,75,substitution_1pct,target_binary
pseknc_k3_l3,logistic,79,2,67,0.4583333333333333,0.3696969696969697,target_background,Burkholderia,75,substitution_1pct,target_binary
ncp_anf,logistic,79,2,300,0.5,0.39495798319327735,target_background,Burkholderia,75,substitution_1pct,target_binary
pseeiip,logistic,79,2,64,0.4583333333333333,0.3696969696969697,target_background,Burkholderia,75,substitution_1pct,target_binary
ck4,logistic,119,4,136,0.19444444444444445,0.17103729603729603,within_genus_species,Candida,75,substitution_1pct,label
ck4p_msp,logistic,119,4,222,0.2222222222222222,0.19298245614035087,within_genus_species,Candida,75,substitution_1pct,label
pseknc_k3_l3,logistic,119,4,67,0.2222222222222222,0.20929487179487177,within_genus_species,Candida,75,substitution_1pct,label
ncp_anf,logistic,119,4,300,0.3055555555555556,0.2613871635610766,within_genus_species,Candida,75,substitution_1pct,label
pseeiip,logistic,119,4,64,0.19444444444444445,0.19193764462306662,within_genus_species,Candida,75,substitution_1pct,label
ck4,logistic,94,2,136,0.5172413793103449,0.4361111111111111,target_background,Candida,75,substitution_1pct,target_binary
ck4p_msp,logistic,94,2,222,0.5517241379310345,0.49122807017543857,target_background,Candida,75,substitution_1pct,target_binary
pseknc_k3_l3,logistic,94,2,67,0.5862068965517241,0.5166666666666666,target_background,Candida,75,substitution_1pct,target_binary
ncp_anf,logistic,94,2,300,0.6206896551724138,0.5423242467718795,target_background,Candida,75,substitution_1pct,target_binary
pseeiip,logistic,94,2,64,0.5862068965517241,0.5166666666666666,target_background,Candida,75,substitution_1pct,target_binary
ck4,logistic,133,5,136,0.15,0.13741552565081977,within_genus_species,Enterobacter,75,substitution_1pct,label
ck4p_msp,logistic,133,5,222,0.25,0.22177871148459385,within_genus_species,Enterobacter,75,substitution_1pct,label
pseknc_k3_l3,logistic,133,5,67,0.225,0.213921568627451,within_genus_species,Enterobacter,75,substitution_1pct,label
ncp_anf,logistic,133,5,300,0.225,0.2220903010033445,within_genus_species,Enterobacter,75,substitution_1pct,label
pseeiip,logistic,133,5,64,0.2,0.2141414141414141,within_genus_species,Enterobacter,75,substitution_1pct,label
ck4,logistic,91,2,136,0.5357142857142857,0.4509803921568627,target_background,Enterobacter,75,substitution_1pct,target_binary
ck4p_msp,logistic,91,2,222,0.6071428571428571,0.49918699186991866,target_background,Enterobacter,75,substitution_1pct,target_binary
pseknc_k3_l3,logistic,91,2,67,0.6785714285714286,0.6571428571428571,target_background,Enterobacter,75,substitution_1pct,target_binary
ncp_anf,logistic,91,2,300,0.5714285714285714,0.475,target_background,Enterobacter,75,substitution_1pct,target_binary
pseeiip,logistic,91,2,64,0.6785714285714286,0.6415362731152205,target_background,Enterobacter,75,substitution_1pct,target_binary
ck4,logistic,52,2,136,0.375,0.375,within_genus_species,Escherichia,75,substitution_1pct,label
ck4p_msp,logistic,52,2,222,0.3125,0.30980392156862746,within_genus_species,Escherichia,75,substitution_1pct,label
pseknc_k3_l3,logistic,52,2,67,0.5,0.4920634920634921,within_genus_species,Escherichia,75,substitution_1pct,label
ncp_anf,logistic,52,2,300,0.625,0.5636363636363637,within_genus_species,Escherichia,75,substitution_1pct,label
pseeiip,logistic,52,2,64,0.5625,0.5607843137254902,within_genus_species,Escherichia,75,substitution_1pct,label
ck4,logistic,52,2,136,0.375,0.375,target_background,Escherichia,75,substitution_1pct,target_binary
ck4p_msp,logistic,52,2,222,0.3125,0.30980392156862746,target_background,Escherichia,75,substitution_1pct,target_binary
pseknc_k3_l3,logistic,52,2,67,0.5,0.4920634920634921,target_background,Escherichia,75,substitution_1pct,target_binary
ncp_anf,logistic,52,2,300,0.625,0.5636363636363637,target_background,Escherichia,75,substitution_1pct,target_binary
pseeiip,logistic,52,2,64,0.5625,0.5607843137254902,target_background,Escherichia,75,substitution_1pct,target_binary
ck4,logistic,97,3,136,0.2,0.19806763285024154,within_genus_species,Klebsiella,75,substitution_1pct,label
ck4p_msp,logistic,97,3,222,0.13333333333333333,0.11658456486042694,within_genus_species,Klebsiella,75,substitution_1pct,label
pseknc_k3_l3,logistic,97,3,67,0.4,0.39999999999999997,within_genus_species,Klebsiella,75,substitution_1pct,label
ncp_anf,logistic,97,3,300,0.23333333333333334,0.22021116138763197,within_genus_species,Klebsiella,75,substitution_1pct,label
pseeiip,logistic,97,3,64,0.4,0.39999999999999997,within_genus_species,Klebsiella,75,substitution_1pct,label
ck4,logistic,88,2,136,0.5185185185185185,0.39999999999999997,target_background,Klebsiella,75,substitution_1pct,target_binary
ck4p_msp,logistic,88,2,222,0.5185185185185185,0.47218045112781953,target_background,Klebsiella,75,substitution_1pct,target_binary
pseknc_k3_l3,logistic,88,2,67,0.4444444444444444,0.4319775596072931,target_background,Klebsiella,75,substitution_1pct,target_binary
ncp_anf,logistic,88,2,300,0.5555555555555556,0.46710526315789475,target_background,Klebsiella,75,substitution_1pct,target_binary
pseeiip,logistic,88,2,64,0.4444444444444444,0.4319775596072931,target_background,Klebsiella,75,substitution_1pct,target_binary
ck4,logistic,120,4,136,0.3055555555555556,0.30241327300150833,within_genus_species,Acinetobacter,75,N_3pct,label
ck4p_msp,logistic,120,4,222,0.3055555555555556,0.2992372234935164,within_genus_species,Acinetobacter,75,N_3pct,label
pseknc_k3_l3,logistic,120,4,67,0.3055555555555556,0.2860766045548654,within_genus_species,Acinetobacter,75,N_3pct,label
ncp_anf,logistic,120,4,300,0.25,0.24560439560439562,within_genus_species,Acinetobacter,75,N_3pct,label
pseeiip,logistic,120,4,64,0.3055555555555556,0.29924242424242425,within_genus_species,Acinetobacter,75,N_3pct,label
ck4,logistic,79,3,136,0.375,0.37319624819624825,within_genus_species,Burkholderia,75,N_3pct,label
ck4p_msp,logistic,79,3,222,0.3333333333333333,0.3462184873949579,within_genus_species,Burkholderia,75,N_3pct,label
pseknc_k3_l3,logistic,79,3,67,0.4166666666666667,0.42063492063492064,within_genus_species,Burkholderia,75,N_3pct,label
ncp_anf,logistic,79,3,300,0.25,0.20454545454545456,within_genus_species,Burkholderia,75,N_3pct,label
pseeiip,logistic,79,3,64,0.4166666666666667,0.4173669467787115,within_genus_species,Burkholderia,75,N_3pct,label
ck4,logistic,79,2,136,0.375,0.2727272727272727,target_background,Burkholderia,75,N_3pct,target_binary
ck4p_msp,logistic,79,2,222,0.4583333333333333,0.4079696394686907,target_background,Burkholderia,75,N_3pct,target_binary
pseknc_k3_l3,logistic,79,2,67,0.5416666666666666,0.5208711433756805,target_background,Burkholderia,75,N_3pct,target_binary
ncp_anf,logistic,79,2,300,0.5,0.39495798319327735,target_background,Burkholderia,75,N_3pct,target_binary
pseeiip,logistic,79,2,64,0.5416666666666666,0.5208711433756805,target_background,Burkholderia,75,N_3pct,target_binary
ck4,logistic,119,4,136,0.2222222222222222,0.21596491228070175,within_genus_species,Candida,75,N_3pct,label
ck4p_msp,logistic,119,4,222,0.25,0.23833333333333334,within_genus_species,Candida,75,N_3pct,label
pseknc_k3_l3,logistic,119,4,67,0.3611111111111111,0.36164596273291927,within_genus_species,Candida,75,N_3pct,label
ncp_anf,logistic,119,4,300,0.4722222222222222,0.41768065268065274,within_genus_species,Candida,75,N_3pct,label
pseeiip,logistic,119,4,64,0.3333333333333333,0.3225649350649351,within_genus_species,Candida,75,N_3pct,label
ck4,logistic,94,2,136,0.41379310344827586,0.3875776397515528,target_background,Candida,75,N_3pct,target_binary
ck4p_msp,logistic,94,2,222,0.6551724137931034,0.618421052631579,target_background,Candida,75,N_3pct,target_binary
pseknc_k3_l3,logistic,94,2,67,0.5862068965517241,0.5421052631578948,target_background,Candida,75,N_3pct,target_binary
ncp_anf,logistic,94,2,300,0.5172413793103449,0.4361111111111111,target_background,Candida,75,N_3pct,target_binary
pseeiip,logistic,94,2,64,0.5862068965517241,0.5421052631578948,target_background,Candida,75,N_3pct,target_binary
ck4,logistic,133,5,136,0.125,0.10574534161490683,within_genus_species,Enterobacter,75,N_3pct,label
ck4p_msp,logistic,133,5,222,0.15,0.1433333333333333,within_genus_species,Enterobacter,75,N_3pct,label
pseknc_k3_l3,logistic,133,5,67,0.15,0.15092276144907724,within_genus_species,Enterobacter,75,N_3pct,label
ncp_anf,logistic,133,5,300,0.275,0.23621693121693124,within_genus_species,Enterobacter,75,N_3pct,label
pseeiip,logistic,133,5,64,0.175,0.1766810966810967,within_genus_species,Enterobacter,75,N_3pct,label
ck4,logistic,91,2,136,0.5357142857142857,0.4822190611664296,target_background,Enterobacter,75,N_3pct,target_binary
ck4p_msp,logistic,91,2,222,0.5714285714285714,0.5087719298245614,target_background,Enterobacter,75,N_3pct,target_binary
pseknc_k3_l3,logistic,91,2,67,0.6071428571428571,0.5354449472096531,target_background,Enterobacter,75,N_3pct,target_binary
ncp_anf,logistic,91,2,300,0.6785714285714286,0.6199095022624435,target_background,Enterobacter,75,N_3pct,target_binary
pseeiip,logistic,91,2,64,0.5714285714285714,0.5087719298245614,target_background,Enterobacter,75,N_3pct,target_binary
ck4,logistic,52,2,136,0.5,0.4920634920634921,within_genus_species,Escherichia,75,N_3pct,label
ck4p_msp,logistic,52,2,222,0.5,0.4920634920634921,within_genus_species,Escherichia,75,N_3pct,label
pseknc_k3_l3,logistic,52,2,67,0.375,0.375,within_genus_species,Escherichia,75,N_3pct,label
ncp_anf,logistic,52,2,300,0.5,0.3333333333333333,within_genus_species,Escherichia,75,N_3pct,label
pseeiip,logistic,52,2,64,0.375,0.375,within_genus_species,Escherichia,75,N_3pct,label
ck4,logistic,52,2,136,0.5,0.4920634920634921,target_background,Escherichia,75,N_3pct,target_binary
ck4p_msp,logistic,52,2,222,0.5,0.4920634920634921,target_background,Escherichia,75,N_3pct,target_binary
pseknc_k3_l3,logistic,52,2,67,0.375,0.375,target_background,Escherichia,75,N_3pct,target_binary
ncp_anf,logistic,52,2,300,0.5,0.3333333333333333,target_background,Escherichia,75,N_3pct,target_binary
pseeiip,logistic,52,2,64,0.375,0.375,target_background,Escherichia,75,N_3pct,target_binary
ck4,logistic,97,3,136,0.26666666666666666,0.2754208754208754,within_genus_species,Klebsiella,75,N_3pct,label
ck4p_msp,logistic,97,3,222,0.2,0.2123456790123457,within_genus_species,Klebsiella,75,N_3pct,label
pseknc_k3_l3,logistic,97,3,67,0.3,0.3052801084837698,within_genus_species,Klebsiella,75,N_3pct,label
ncp_anf,logistic,97,3,300,0.23333333333333334,0.2181139122315593,within_genus_species,Klebsiella,75,N_3pct,label
pseeiip,logistic,97,3,64,0.3,0.29067767457860333,within_genus_species,Klebsiella,75,N_3pct,label
ck4,logistic,88,2,136,0.4074074074074074,0.33333333333333337,target_background,Klebsiella,75,N_3pct,target_binary
ck4p_msp,logistic,88,2,222,0.5185185185185185,0.47218045112781953,target_background,Klebsiella,75,N_3pct,target_binary
pseknc_k3_l3,logistic,88,2,67,0.4444444444444444,0.41558441558441556,target_background,Klebsiella,75,N_3pct,target_binary
ncp_anf,logistic,88,2,300,0.5185185185185185,0.39999999999999997,target_background,Klebsiella,75,N_3pct,target_binary
pseeiip,logistic,88,2,64,0.4444444444444444,0.41558441558441556,target_background,Klebsiella,75,N_3pct,target_binary
ck4,logistic,120,4,136,0.3333333333333333,0.314762443438914,within_genus_species,Acinetobacter,75,trim_5bp,label
ck4p_msp,logistic,120,4,222,0.3333333333333333,0.3140543666859456,within_genus_species,Acinetobacter,75,trim_5bp,label
pseknc_k3_l3,logistic,120,4,67,0.2777777777777778,0.28765352294764057,within_genus_species,Acinetobacter,75,trim_5bp,label
ncp_anf,logistic,120,4,300,0.16666666666666666,0.16316176470588237,within_genus_species,Acinetobacter,75,trim_5bp,label
pseeiip,logistic,120,4,64,0.25,0.2532996894409938,within_genus_species,Acinetobacter,75,trim_5bp,label
ck4,logistic,79,3,136,0.3333333333333333,0.34145021645021645,within_genus_species,Burkholderia,75,trim_5bp,label
ck4p_msp,logistic,79,3,222,0.3333333333333333,0.31876750700280115,within_genus_species,Burkholderia,75,trim_5bp,label
pseknc_k3_l3,logistic,79,3,67,0.4583333333333333,0.446031746031746,within_genus_species,Burkholderia,75,trim_5bp,label
ncp_anf,logistic,79,3,300,0.2916666666666667,0.24444444444444446,within_genus_species,Burkholderia,75,trim_5bp,label
pseeiip,logistic,79,3,64,0.4583333333333333,0.446031746031746,within_genus_species,Burkholderia,75,trim_5bp,label
ck4,logistic,79,2,136,0.5416666666666666,0.4666666666666667,target_background,Burkholderia,75,trim_5bp,target_binary
ck4p_msp,logistic,79,2,222,0.4583333333333333,0.4337568058076225,target_background,Burkholderia,75,trim_5bp,target_binary
pseknc_k3_l3,logistic,79,2,67,0.5833333333333334,0.5555555555555556,target_background,Burkholderia,75,trim_5bp,target_binary
ncp_anf,logistic,79,2,300,0.5,0.39495798319327735,target_background,Burkholderia,75,trim_5bp,target_binary
pseeiip,logistic,79,2,64,0.5416666666666666,0.5208711433756805,target_background,Burkholderia,75,trim_5bp,target_binary
ck4,logistic,119,4,136,0.2222222222222222,0.23333712995847872,within_genus_species,Candida,75,trim_5bp,label
ck4p_msp,logistic,119,4,222,0.1388888888888889,0.11142857142857143,within_genus_species,Candida,75,trim_5bp,label
pseknc_k3_l3,logistic,119,4,67,0.19444444444444445,0.19543650793650794,within_genus_species,Candida,75,trim_5bp,label
ncp_anf,logistic,119,4,300,0.25,0.23100414078674947,within_genus_species,Candida,75,trim_5bp,label
pseeiip,logistic,119,4,64,0.19444444444444445,0.19585913312693498,within_genus_species,Candida,75,trim_5bp,label
ck4,logistic,94,2,136,0.5172413793103449,0.46578947368421053,target_background,Candida,75,trim_5bp,target_binary
ck4p_msp,logistic,94,2,222,0.4827586206896552,0.41295546558704455,target_background,Candida,75,trim_5bp,target_binary
pseknc_k3_l3,logistic,94,2,67,0.5172413793103449,0.4361111111111111,target_background,Candida,75,trim_5bp,target_binary
ncp_anf,logistic,94,2,300,0.5517241379310345,0.49122807017543857,target_background,Candida,75,trim_5bp,target_binary
pseeiip,logistic,94,2,64,0.5517241379310345,0.45911047345767575,target_background,Candida,75,trim_5bp,target_binary
ck4,logistic,133,5,136,0.225,0.21620782726045878,within_genus_species,Enterobacter,75,trim_5bp,label
ck4p_msp,logistic,133,5,222,0.25,0.23898978214767688,within_genus_species,Enterobacter,75,trim_5bp,label
pseknc_k3_l3,logistic,133,5,67,0.2,0.2035552682611506,within_genus_species,Enterobacter,75,trim_5bp,label
ncp_anf,logistic,133,5,300,0.2,0.18969696969696967,within_genus_species,Enterobacter,75,trim_5bp,label
pseeiip,logistic,133,5,64,0.2,0.19902319902319904,within_genus_species,Enterobacter,75,trim_5bp,label
ck4,logistic,91,2,136,0.4642857142857143,0.40256045519203415,target_background,Enterobacter,75,trim_5bp,target_binary
ck4p_msp,logistic,91,2,222,0.42857142857142855,0.3,target_background,Enterobacter,75,trim_5bp,target_binary
pseknc_k3_l3,logistic,91,2,67,0.6071428571428571,0.5809523809523809,target_background,Enterobacter,75,trim_5bp,target_binary
ncp_anf,logistic,91,2,300,0.6428571428571429,0.5625,target_background,Enterobacter,75,trim_5bp,target_binary
pseeiip,logistic,91,2,64,0.5714285714285714,0.5508021390374331,target_background,Enterobacter,75,trim_5bp,target_binary
ck4,logistic,52,2,136,0.375,0.36507936507936506,within_genus_species,Escherichia,75,trim_5bp,label
ck4p_msp,logistic,52,2,222,0.375,0.36507936507936506,within_genus_species,Escherichia,75,trim_5bp,label
pseknc_k3_l3,logistic,52,2,67,0.4375,0.41700404858299595,within_genus_species,Escherichia,75,trim_5bp,label
ncp_anf,logistic,52,2,300,0.625,0.5636363636363637,within_genus_species,Escherichia,75,trim_5bp,label
pseeiip,logistic,52,2,64,0.3125,0.30980392156862746,within_genus_species,Escherichia,75,trim_5bp,label
ck4,logistic,52,2,136,0.375,0.36507936507936506,target_background,Escherichia,75,trim_5bp,target_binary
ck4p_msp,logistic,52,2,222,0.375,0.36507936507936506,target_background,Escherichia,75,trim_5bp,target_binary
pseknc_k3_l3,logistic,52,2,67,0.4375,0.41700404858299595,target_background,Escherichia,75,trim_5bp,target_binary
ncp_anf,logistic,52,2,300,0.625,0.5636363636363637,target_background,Escherichia,75,trim_5bp,target_binary
pseeiip,logistic,52,2,64,0.3125,0.30980392156862746,target_background,Escherichia,75,trim_5bp,target_binary
ck4,logistic,97,3,136,0.26666666666666666,0.24715219421101775,within_genus_species,Klebsiella,75,trim_5bp,label
ck4p_msp,logistic,97,3,222,0.26666666666666666,0.2210957501280082,within_genus_species,Klebsiella,75,trim_5bp,label
pseknc_k3_l3,logistic,97,3,67,0.3333333333333333,0.32443718228031954,within_genus_species,Klebsiella,75,trim_5bp,label
ncp_anf,logistic,97,3,300,0.2,0.19546840958605663,within_genus_species,Klebsiella,75,trim_5bp,label
pseeiip,logistic,97,3,64,0.3,0.2852214960058097,within_genus_species,Klebsiella,75,trim_5bp,label
ck4,logistic,88,2,136,0.5925925925925926,0.5533834586466165,target_background,Klebsiella,75,trim_5bp,target_binary
ck4p_msp,logistic,88,2,222,0.6296296296296297,0.5833333333333333,target_background,Klebsiella,75,trim_5bp,target_binary
pseknc_k3_l3,logistic,88,2,67,0.48148148148148145,0.4630681818181818,target_background,Klebsiella,75,trim_5bp,target_binary
ncp_anf,logistic,88,2,300,0.5925925925925926,0.4427767354596623,target_background,Klebsiella,75,trim_5bp,target_binary
pseeiip,logistic,88,2,64,0.5185185185185185,0.4935064935064935,target_background,Klebsiella,75,trim_5bp,target_binary
ck4,logistic,120,4,136,0.25,0.2230769230769231,within_genus_species,Acinetobacter,75,substitution_1pct_N_3pct,label
ck4p_msp,logistic,120,4,222,0.16666666666666666,0.14215686274509803,within_genus_species,Acinetobacter,75,substitution_1pct_N_3pct,label
pseknc_k3_l3,logistic,120,4,67,0.2222222222222222,0.21770510835913315,within_genus_species,Acinetobacter,75,substitution_1pct_N_3pct,label
ncp_anf,logistic,120,4,300,0.2777777777777778,0.28434389140271493,within_genus_species,Acinetobacter,75,substitution_1pct_N_3pct,label
pseeiip,logistic,120,4,64,0.2777777777777778,0.2766597867217062,within_genus_species,Acinetobacter,75,substitution_1pct_N_3pct,label
ck4,logistic,79,3,136,0.2916666666666667,0.28259373925008596,within_genus_species,Burkholderia,75,substitution_1pct_N_3pct,label
ck4p_msp,logistic,79,3,222,0.375,0.35185185185185186,within_genus_species,Burkholderia,75,substitution_1pct_N_3pct,label
pseknc_k3_l3,logistic,79,3,67,0.3333333333333333,0.3089133089133089,within_genus_species,Burkholderia,75,substitution_1pct_N_3pct,label
ncp_anf,logistic,79,3,300,0.20833333333333334,0.17017543859649123,within_genus_species,Burkholderia,75,substitution_1pct_N_3pct,label
pseeiip,logistic,79,3,64,0.375,0.364957264957265,within_genus_species,Burkholderia,75,substitution_1pct_N_3pct,label
ck4,logistic,79,2,136,0.375,0.31688804554079697,target_background,Burkholderia,75,substitution_1pct_N_3pct,target_binary
ck4p_msp,logistic,79,2,222,0.5,0.4375,target_background,Burkholderia,75,substitution_1pct_N_3pct,target_binary
pseknc_k3_l3,logistic,79,2,67,0.4583333333333333,0.4337568058076225,target_background,Burkholderia,75,substitution_1pct_N_3pct,target_binary
ncp_anf,logistic,79,2,300,0.5416666666666666,0.4197802197802198,target_background,Burkholderia,75,substitution_1pct_N_3pct,target_binary
pseeiip,logistic,79,2,64,0.5,0.4666666666666667,target_background,Burkholderia,75,substitution_1pct_N_3pct,target_binary
ck4,logistic,119,4,136,0.25,0.22955486542443063,within_genus_species,Candida,75,substitution_1pct_N_3pct,label
ck4p_msp,logistic,119,4,222,0.25,0.2310897435897436,within_genus_species,Candida,75,substitution_1pct_N_3pct,label
pseknc_k3_l3,logistic,119,4,67,0.2222222222222222,0.20427350427350427,within_genus_species,Candida,75,substitution_1pct_N_3pct,label
ncp_anf,logistic,119,4,300,0.2777777777777778,0.23809523809523808,within_genus_species,Candida,75,substitution_1pct_N_3pct,label
pseeiip,logistic,119,4,64,0.25,0.23687316855980203,within_genus_species,Candida,75,substitution_1pct_N_3pct,label
ck4,logistic,94,2,136,0.5517241379310345,0.5148005148005148,target_background,Candida,75,substitution_1pct_N_3pct,target_binary
ck4p_msp,logistic,94,2,222,0.6551724137931034,0.6338383838383839,target_background,Candida,75,substitution_1pct_N_3pct,target_binary
pseknc_k3_l3,logistic,94,2,67,0.6206896551724138,0.5894465894465895,target_background,Candida,75,substitution_1pct_N_3pct,target_binary
ncp_anf,logistic,94,2,300,0.5862068965517241,0.5421052631578948,target_background,Candida,75,substitution_1pct_N_3pct,target_binary
pseeiip,logistic,94,2,64,0.6206896551724138,0.5695006747638327,target_background,Candida,75,substitution_1pct_N_3pct,target_binary
ck4,logistic,133,5,136,0.2,0.19216117216117215,within_genus_species,Enterobacter,75,substitution_1pct_N_3pct,label
ck4p_msp,logistic,133,5,222,0.225,0.23287784679089024,within_genus_species,Enterobacter,75,substitution_1pct_N_3pct,label
pseknc_k3_l3,logistic,133,5,67,0.15,0.14997868712702472,within_genus_species,Enterobacter,75,substitution_1pct_N_3pct,label
ncp_anf,logistic,133,5,300,0.175,0.1897430869783811,within_genus_species,Enterobacter,75,substitution_1pct_N_3pct,label
pseeiip,logistic,133,5,64,0.125,0.13333333333333333,within_genus_species,Enterobacter,75,substitution_1pct_N_3pct,label
ck4,logistic,91,2,136,0.5,0.4555555555555556,target_background,Enterobacter,75,substitution_1pct_N_3pct,target_binary
ck4p_msp,logistic,91,2,222,0.5357142857142857,0.4509803921568627,target_background,Enterobacter,75,substitution_1pct_N_3pct,target_binary
pseknc_k3_l3,logistic,91,2,67,0.5714285714285714,0.5333333333333333,target_background,Enterobacter,75,substitution_1pct_N_3pct,target_binary
ncp_anf,logistic,91,2,300,0.75,0.7211948790896159,target_background,Enterobacter,75,substitution_1pct_N_3pct,target_binary
pseeiip,logistic,91,2,64,0.6071428571428571,0.561877667140825,target_background,Enterobacter,75,substitution_1pct_N_3pct,target_binary
ck4,logistic,52,2,136,0.3125,0.2874493927125506,within_genus_species,Escherichia,75,substitution_1pct_N_3pct,label
ck4p_msp,logistic,52,2,222,0.375,0.375,within_genus_species,Escherichia,75,substitution_1pct_N_3pct,label
pseknc_k3_l3,logistic,52,2,67,0.625,0.6190476190476191,within_genus_species,Escherichia,75,substitution_1pct_N_3pct,label
ncp_anf,logistic,52,2,300,0.6875,0.6135265700483092,within_genus_species,Escherichia,75,substitution_1pct_N_3pct,label
pseeiip,logistic,52,2,64,0.625,0.6190476190476191,within_genus_species,Escherichia,75,substitution_1pct_N_3pct,label
ck4,logistic,52,2,136,0.3125,0.2874493927125506,target_background,Escherichia,75,substitution_1pct_N_3pct,target_binary
ck4p_msp,logistic,52,2,222,0.375,0.375,target_background,Escherichia,75,substitution_1pct_N_3pct,target_binary
pseknc_k3_l3,logistic,52,2,67,0.625,0.6190476190476191,target_background,Escherichia,75,substitution_1pct_N_3pct,target_binary
ncp_anf,logistic,52,2,300,0.6875,0.6135265700483092,target_background,Escherichia,75,substitution_1pct_N_3pct,target_binary
pseeiip,logistic,52,2,64,0.625,0.6190476190476191,target_background,Escherichia,75,substitution_1pct_N_3pct,target_binary
ck4,logistic,97,3,136,0.26666666666666666,0.2808959156785244,within_genus_species,Klebsiella,75,substitution_1pct_N_3pct,label
ck4p_msp,logistic,97,3,222,0.16666666666666666,0.1671328078650733,within_genus_species,Klebsiella,75,substitution_1pct_N_3pct,label
pseknc_k3_l3,logistic,97,3,67,0.3333333333333333,0.3340213278293773,within_genus_species,Klebsiella,75,substitution_1pct_N_3pct,label
ncp_anf,logistic,97,3,300,0.23333333333333334,0.2169312169312169,within_genus_species,Klebsiella,75,substitution_1pct_N_3pct,label
pseeiip,logistic,97,3,64,0.3333333333333333,0.3379369138959932,within_genus_species,Klebsiella,75,substitution_1pct_N_3pct,label
ck4,logistic,88,2,136,0.48148148148148145,0.4441176470588235,target_background,Klebsiella,75,substitution_1pct_N_3pct,target_binary
ck4p_msp,logistic,88,2,222,0.5555555555555556,0.5,target_background,Klebsiella,75,substitution_1pct_N_3pct,target_binary
pseknc_k3_l3,logistic,88,2,67,0.5555555555555556,0.5,target_background,Klebsiella,75,substitution_1pct_N_3pct,target_binary
ncp_anf,logistic,88,2,300,0.4074074074074074,0.2894736842105263,target_background,Klebsiella,75,substitution_1pct_N_3pct,target_binary
pseeiip,logistic,88,2,64,0.5925925925925926,0.5533834586466165,target_background,Klebsiella,75,substitution_1pct_N_3pct,target_binary
ck4,logistic,123,4,136,0.24324324324324326,0.23301262205286974,within_genus_species,Acinetobacter,100,clean,label
ck4p_msp,logistic,123,4,222,0.2972972972972973,0.27045454545454545,within_genus_species,Acinetobacter,100,clean,label
pseknc_k3_l3,logistic,123,4,67,0.35135135135135137,0.3138374783111625,within_genus_species,Acinetobacter,100,clean,label
ncp_anf,logistic,123,4,400,0.2702702702702703,0.25524595803233574,within_genus_species,Acinetobacter,100,clean,label
pseeiip,logistic,123,4,64,0.35135135135135137,0.31547619047619047,within_genus_species,Acinetobacter,100,clean,label
ck4,logistic,77,3,136,0.4583333333333333,0.45384615384615384,within_genus_species,Burkholderia,100,clean,label
ck4p_msp,logistic,77,3,222,0.4583333333333333,0.4437229437229437,within_genus_species,Burkholderia,100,clean,label
pseknc_k3_l3,logistic,77,3,67,0.2916666666666667,0.2916666666666667,within_genus_species,Burkholderia,100,clean,label
ncp_anf,logistic,77,3,400,0.4166666666666667,0.38518518518518524,within_genus_species,Burkholderia,100,clean,label
pseeiip,logistic,77,3,64,0.2916666666666667,0.27910052910052907,within_genus_species,Burkholderia,100,clean,label
ck4,logistic,77,2,136,0.5833333333333334,0.3684210526315789,target_background,Burkholderia,100,clean,target_binary
ck4p_msp,logistic,77,2,222,0.5416666666666666,0.4197802197802198,target_background,Burkholderia,100,clean,target_binary
pseknc_k3_l3,logistic,77,2,67,0.5833333333333334,0.4444444444444444,target_background,Burkholderia,100,clean,target_binary
ncp_anf,logistic,77,2,400,0.5416666666666666,0.35135135135135137,target_background,Burkholderia,100,clean,target_binary
pseeiip,logistic,77,2,64,0.5833333333333334,0.4444444444444444,target_background,Burkholderia,100,clean,target_binary
ck4,logistic,119,4,136,0.3055555555555556,0.3175187969924812,within_genus_species,Candida,100,clean,label
ck4p_msp,logistic,119,4,222,0.2777777777777778,0.28058783321941216,within_genus_species,Candida,100,clean,label
pseknc_k3_l3,logistic,119,4,67,0.2222222222222222,0.21425518925518924,within_genus_species,Candida,100,clean,label
ncp_anf,logistic,119,4,400,0.16666666666666666,0.16504688832054562,within_genus_species,Candida,100,clean,label
pseeiip,logistic,119,4,64,0.2777777777777778,0.2793233082706767,within_genus_species,Candida,100,clean,label
ck4,logistic,89,2,136,0.7407407407407407,0.6454033771106942,target_background,Candida,100,clean,target_binary
ck4p_msp,logistic,89,2,222,0.6296296296296297,0.5178571428571428,target_background,Candida,100,clean,target_binary
pseknc_k3_l3,logistic,89,2,67,0.6666666666666666,0.4862579281183932,target_background,Candida,100,clean,target_binary
ncp_anf,logistic,89,2,400,0.5555555555555556,0.4214285714285714,target_background,Candida,100,clean,target_binary
pseeiip,logistic,89,2,64,0.6296296296296297,0.46428571428571425,target_background,Candida,100,clean,target_binary
ck4,logistic,138,5,136,0.23809523809523808,0.18380952380952378,within_genus_species,Enterobacter,100,clean,label
ck4p_msp,logistic,138,5,222,0.19047619047619047,0.17636363636363636,within_genus_species,Enterobacter,100,clean,label
pseknc_k3_l3,logistic,138,5,67,0.16666666666666666,0.15248538011695906,within_genus_species,Enterobacter,100,clean,label
ncp_anf,logistic,138,5,400,0.19047619047619047,0.16937799043062202,within_genus_species,Enterobacter,100,clean,label
pseeiip,logistic,138,5,64,0.14285714285714285,0.12710526315789475,within_genus_species,Enterobacter,100,clean,label
ck4,logistic,89,2,136,0.6296296296296297,0.555921052631579,target_background,Enterobacter,100,clean,target_binary
ck4p_msp,logistic,89,2,222,0.7407407407407407,0.676923076923077,target_background,Enterobacter,100,clean,target_binary
pseknc_k3_l3,logistic,89,2,67,0.5185185185185185,0.4419713831478538,target_background,Enterobacter,100,clean,target_binary
ncp_anf,logistic,89,2,400,0.5555555555555556,0.4214285714285714,target_background,Enterobacter,100,clean,target_binary
pseeiip,logistic,89,2,64,0.5185185185185185,0.4419713831478538,target_background,Enterobacter,100,clean,target_binary
ck4,logistic,69,2,136,0.42857142857142855,0.41666666666666663,within_genus_species,Escherichia,100,clean,label
ck4p_msp,logistic,69,2,222,0.42857142857142855,0.41666666666666663,within_genus_species,Escherichia,100,clean,label
pseknc_k3_l3,logistic,69,2,67,0.42857142857142855,0.42727272727272725,within_genus_species,Escherichia,100,clean,label
ncp_anf,logistic,69,2,400,0.38095238095238093,0.38095238095238093,within_genus_species,Escherichia,100,clean,label
pseeiip,logistic,69,2,64,0.42857142857142855,0.42727272727272725,within_genus_species,Escherichia,100,clean,label
ck4,logistic,69,2,136,0.42857142857142855,0.41666666666666663,target_background,Escherichia,100,clean,target_binary
ck4p_msp,logistic,69,2,222,0.42857142857142855,0.41666666666666663,target_background,Escherichia,100,clean,target_binary
pseknc_k3_l3,logistic,69,2,67,0.42857142857142855,0.42727272727272725,target_background,Escherichia,100,clean,target_binary
ncp_anf,logistic,69,2,400,0.38095238095238093,0.38095238095238093,target_background,Escherichia,100,clean,target_binary
pseeiip,logistic,69,2,64,0.42857142857142855,0.42727272727272725,target_background,Escherichia,100,clean,target_binary
ck4,logistic,74,3,136,0.17391304347826086,0.14970760233918126,within_genus_species,Klebsiella,100,clean,label
ck4p_msp,logistic,74,3,222,0.2608695652173913,0.26785714285714285,within_genus_species,Klebsiella,100,clean,label
pseknc_k3_l3,logistic,74,3,67,0.30434782608695654,0.3055555555555555,within_genus_species,Klebsiella,100,clean,label
ncp_anf,logistic,74,3,400,0.43478260869565216,0.4361111111111111,within_genus_species,Klebsiella,100,clean,label
pseeiip,logistic,74,3,64,0.30434782608695654,0.30718954248366015,within_genus_species,Klebsiella,100,clean,label
ck4,logistic,74,2,136,0.30434782608695654,0.303030303030303,target_background,Klebsiella,100,clean,target_binary
ck4p_msp,logistic,74,2,222,0.30434782608695654,0.303030303030303,target_background,Klebsiella,100,clean,target_binary
pseknc_k3_l3,logistic,74,2,67,0.5217391304347826,0.486815415821501,target_background,Klebsiella,100,clean,target_binary
ncp_anf,logistic,74,2,400,0.5652173913043478,0.4362745098039216,target_background,Klebsiella,100,clean,target_binary
pseeiip,logistic,74,2,64,0.4782608695652174,0.425,target_background,Klebsiella,100,clean,target_binary
ck4,logistic,123,4,136,0.2702702702702703,0.25847069597069594,within_genus_species,Acinetobacter,100,substitution_1pct,label
ck4p_msp,logistic,123,4,222,0.24324324324324326,0.19565217391304346,within_genus_species,Acinetobacter,100,substitution_1pct,label
pseknc_k3_l3,logistic,123,4,67,0.32432432432432434,0.30317307692307693,within_genus_species,Acinetobacter,100,substitution_1pct,label
ncp_anf,logistic,123,4,400,0.2972972972972973,0.2685185185185185,within_genus_species,Acinetobacter,100,substitution_1pct,label
pseeiip,logistic,123,4,64,0.2702702702702703,0.24682067158847346,within_genus_species,Acinetobacter,100,substitution_1pct,label
ck4,logistic,77,3,136,0.4583333333333333,0.45975232198142413,within_genus_species,Burkholderia,100,substitution_1pct,label
ck4p_msp,logistic,77,3,222,0.4583333333333333,0.4437229437229437,within_genus_species,Burkholderia,100,substitution_1pct,label
pseknc_k3_l3,logistic,77,3,67,0.25,0.26683375104427737,within_genus_species,Burkholderia,100,substitution_1pct,label
ncp_anf,logistic,77,3,400,0.4166666666666667,0.38518518518518524,within_genus_species,Burkholderia,100,substitution_1pct,label
pseeiip,logistic,77,3,64,0.2916666666666667,0.3037037037037037,within_genus_species,Burkholderia,100,substitution_1pct,label
ck4,logistic,77,2,136,0.5,0.3333333333333333,target_background,Burkholderia,100,substitution_1pct,target_binary
ck4p_msp,logistic,77,2,222,0.625,0.46928746928746934,target_background,Burkholderia,100,substitution_1pct,target_binary
pseknc_k3_l3,logistic,77,2,67,0.5833333333333334,0.3684210526315789,target_background,Burkholderia,100,substitution_1pct,target_binary
ncp_anf,logistic,77,2,400,0.625,0.46928746928746934,target_background,Burkholderia,100,substitution_1pct,target_binary
pseeiip,logistic,77,2,64,0.625,0.38461538461538464,target_background,Burkholderia,100,substitution_1pct,target_binary
ck4,logistic,119,4,136,0.2222222222222222,0.2303846153846154,within_genus_species,Candida,100,substitution_1pct,label
ck4p_msp,logistic,119,4,222,0.25,0.2561722488038277,within_genus_species,Candida,100,substitution_1pct,label
pseknc_k3_l3,logistic,119,4,67,0.19444444444444445,0.1958133971291866,within_genus_species,Candida,100,substitution_1pct,label
ncp_anf,logistic,119,4,400,0.2222222222222222,0.2257408226448474,within_genus_species,Candida,100,substitution_1pct,label
pseeiip,logistic,119,4,64,0.19444444444444445,0.19597288676236044,within_genus_species,Candida,100,substitution_1pct,label
ck4,logistic,89,2,136,0.7037037037037037,0.6447368421052632,target_background,Candida,100,substitution_1pct,target_binary
ck4p_msp,logistic,89,2,222,0.5555555555555556,0.46710526315789475,target_background,Candida,100,substitution_1pct,target_binary
pseknc_k3_l3,logistic,89,2,67,0.4444444444444444,0.35612082670906203,target_background,Candida,100,substitution_1pct,target_binary
ncp_anf,logistic,89,2,400,0.5185185185185185,0.39999999999999997,target_background,Candida,100,substitution_1pct,target_binary
pseeiip,logistic,89,2,64,0.5925925925925926,0.49230769230769234,target_background,Candida,100,substitution_1pct,target_binary
ck4,logistic,138,5,136,0.19047619047619047,0.15952153110047845,within_genus_species,Enterobacter,100,substitution_1pct,label
ck4p_msp,logistic,138,5,222,0.21428571428571427,0.1894288150042626,within_genus_species,Enterobacter,100,substitution_1pct,label
pseknc_k3_l3,logistic,138,5,67,0.16666666666666666,0.1492105263157895,within_genus_species,Enterobacter,100,substitution_1pct,label
ncp_anf,logistic,138,5,400,0.16666666666666666,0.1540096618357488,within_genus_species,Enterobacter,100,substitution_1pct,label
pseeiip,logistic,138,5,64,0.16666666666666666,0.1492105263157895,within_genus_species,Enterobacter,100,substitution_1pct,label
ck4,logistic,89,2,136,0.6666666666666666,0.5846153846153846,target_background,Enterobacter,100,substitution_1pct,target_binary
ck4p_msp,logistic,89,2,222,0.7407407407407407,0.676923076923077,target_background,Enterobacter,100,substitution_1pct,target_binary
pseknc_k3_l3,logistic,89,2,67,0.5555555555555556,0.5,target_background,Enterobacter,100,substitution_1pct,target_binary
ncp_anf,logistic,89,2,400,0.5185185185185185,0.39999999999999997,target_background,Enterobacter,100,substitution_1pct,target_binary
pseeiip,logistic,89,2,64,0.5555555555555556,0.5,target_background,Enterobacter,100,substitution_1pct,target_binary
ck4,logistic,69,2,136,0.5238095238095238,0.5227272727272727,within_genus_species,Escherichia,100,substitution_1pct,label
ck4p_msp,logistic,69,2,222,0.42857142857142855,0.42727272727272725,within_genus_species,Escherichia,100,substitution_1pct,label
pseknc_k3_l3,logistic,69,2,67,0.47619047619047616,0.4564705882352942,within_genus_species,Escherichia,100,substitution_1pct,label
ncp_anf,logistic,69,2,400,0.3333333333333333,0.3318181818181818,within_genus_species,Escherichia,100,substitution_1pct,label
pseeiip,logistic,69,2,64,0.5714285714285714,0.5675057208237986,within_genus_species,Escherichia,100,substitution_1pct,label
ck4,logistic,69,2,136,0.5238095238095238,0.5227272727272727,target_background,Escherichia,100,substitution_1pct,target_binary
ck4p_msp,logistic,69,2,222,0.42857142857142855,0.42727272727272725,target_background,Escherichia,100,substitution_1pct,target_binary
pseknc_k3_l3,logistic,69,2,67,0.47619047619047616,0.4564705882352942,target_background,Escherichia,100,substitution_1pct,target_binary
ncp_anf,logistic,69,2,400,0.3333333333333333,0.3318181818181818,target_background,Escherichia,100,substitution_1pct,target_binary
pseeiip,logistic,69,2,64,0.5714285714285714,0.5675057208237986,target_background,Escherichia,100,substitution_1pct,target_binary
ck4,logistic,74,3,136,0.2608695652173913,0.2503611971104231,within_genus_species,Klebsiella,100,substitution_1pct,label
ck4p_msp,logistic,74,3,222,0.30434782608695654,0.3107546048722519,within_genus_species,Klebsiella,100,substitution_1pct,label
pseknc_k3_l3,logistic,74,3,67,0.34782608695652173,0.33928571428571425,within_genus_species,Klebsiella,100,substitution_1pct,label
ncp_anf,logistic,74,3,400,0.391304347826087,0.38690476190476186,within_genus_species,Klebsiella,100,substitution_1pct,label
pseeiip,logistic,74,3,64,0.34782608695652173,0.34304388422035476,within_genus_species,Klebsiella,100,substitution_1pct,label
ck4,logistic,74,2,136,0.2608695652173913,0.25523809523809526,target_background,Klebsiella,100,substitution_1pct,target_binary
ck4p_msp,logistic,74,2,222,0.30434782608695654,0.303030303030303,target_background,Klebsiella,100,substitution_1pct,target_binary
pseknc_k3_l3,logistic,74,2,67,0.5217391304347826,0.4559139784946237,target_background,Klebsiella,100,substitution_1pct,target_binary
ncp_anf,logistic,74,2,400,0.5652173913043478,0.4362745098039216,target_background,Klebsiella,100,substitution_1pct,target_binary
pseeiip,logistic,74,2,64,0.4782608695652174,0.3839285714285714,target_background,Klebsiella,100,substitution_1pct,target_binary
ck4,logistic,123,4,136,0.2972972972972973,0.2747821350762527,within_genus_species,Acinetobacter,100,N_3pct,label
ck4p_msp,logistic,123,4,222,0.21621621621621623,0.17446393762183235,within_genus_species,Acinetobacter,100,N_3pct,label
pseknc_k3_l3,logistic,123,4,67,0.32432432432432434,0.27906162464985995,within_genus_species,Acinetobacter,100,N_3pct,label
ncp_anf,logistic,123,4,400,0.24324324324324326,0.22712418300653595,within_genus_species,Acinetobacter,100,N_3pct,label
pseeiip,logistic,123,4,64,0.35135135135135137,0.29613636363636364,within_genus_species,Acinetobacter,100,N_3pct,label
ck4,logistic,77,3,136,0.4583333333333333,0.4437229437229437,within_genus_species,Burkholderia,100,N_3pct,label
ck4p_msp,logistic,77,3,222,0.4166666666666667,0.39829059829059826,within_genus_species,Burkholderia,100,N_3pct,label
pseknc_k3_l3,logistic,77,3,67,0.3333333333333333,0.33893557422969184,within_genus_species,Burkholderia,100,N_3pct,label
ncp_anf,logistic,77,3,400,0.4166666666666667,0.3897292250233427,within_genus_species,Burkholderia,100,N_3pct,label
pseeiip,logistic,77,3,64,0.375,0.3703703703703704,within_genus_species,Burkholderia,100,N_3pct,label
ck4,logistic,77,2,136,0.5416666666666666,0.35135135135135137,target_background,Burkholderia,100,N_3pct,target_binary
ck4p_msp,logistic,77,2,222,0.4583333333333333,0.3696969696969697,target_background,Burkholderia,100,N_3pct,target_binary
pseknc_k3_l3,logistic,77,2,67,0.75,0.6666666666666667,target_background,Burkholderia,100,N_3pct,target_binary
ncp_anf,logistic,77,2,400,0.625,0.38461538461538464,target_background,Burkholderia,100,N_3pct,target_binary
pseeiip,logistic,77,2,64,0.75,0.6666666666666667,target_background,Burkholderia,100,N_3pct,target_binary
ck4,logistic,119,4,136,0.2777777777777778,0.267296918767507,within_genus_species,Candida,100,N_3pct,label
ck4p_msp,logistic,119,4,222,0.3333333333333333,0.3384004884004884,within_genus_species,Candida,100,N_3pct,label
pseknc_k3_l3,logistic,119,4,67,0.3333333333333333,0.3358395989974937,within_genus_species,Candida,100,N_3pct,label
ncp_anf,logistic,119,4,400,0.25,0.24574445162680456,within_genus_species,Candida,100,N_3pct,label
pseeiip,logistic,119,4,64,0.3611111111111111,0.3546176046176046,within_genus_species,Candida,100,N_3pct,label
ck4,logistic,89,2,136,0.7407407407407407,0.6454033771106942,target_background,Candida,100,N_3pct,target_binary
ck4p_msp,logistic,89,2,222,0.5925925925925926,0.4427767354596623,target_background,Candida,100,N_3pct,target_binary
pseknc_k3_l3,logistic,89,2,67,0.5555555555555556,0.35714285714285715,target_background,Candida,100,N_3pct,target_binary
ncp_anf,logistic,89,2,400,0.6296296296296297,0.46428571428571425,target_background,Candida,100,N_3pct,target_binary
pseeiip,logistic,89,2,64,0.5555555555555556,0.35714285714285715,target_background,Candida,100,N_3pct,target_binary
ck4,logistic,138,5,136,0.19047619047619047,0.16242424242424242,within_genus_species,Enterobacter,100,N_3pct,label
ck4p_msp,logistic,138,5,222,0.19047619047619047,0.16331738437001592,within_genus_species,Enterobacter,100,N_3pct,label
pseknc_k3_l3,logistic,138,5,67,0.14285714285714285,0.12569391392920806,within_genus_species,Enterobacter,100,N_3pct,label
ncp_anf,logistic,138,5,400,0.2619047619047619,0.25422222222222224,within_genus_species,Enterobacter,100,N_3pct,label
pseeiip,logistic,138,5,64,0.11904761904761904,0.10924369747899158,within_genus_species,Enterobacter,100,N_3pct,label
ck4,logistic,89,2,136,0.5925925925925926,0.5278219395866455,target_background,Enterobacter,100,N_3pct,target_binary
ck4p_msp,logistic,89,2,222,0.48148148148148145,0.4166666666666667,target_background,Enterobacter,100,N_3pct,target_binary
pseknc_k3_l3,logistic,89,2,67,0.6296296296296297,0.555921052631579,target_background,Enterobacter,100,N_3pct,target_binary
ncp_anf,logistic,89,2,400,0.5555555555555556,0.4214285714285714,target_background,Enterobacter,100,N_3pct,target_binary
pseeiip,logistic,89,2,64,0.5555555555555556,0.4214285714285714,target_background,Enterobacter,100,N_3pct,target_binary
ck4,logistic,69,2,136,0.3333333333333333,0.3194444444444444,within_genus_species,Escherichia,100,N_3pct,label
ck4p_msp,logistic,69,2,222,0.38095238095238093,0.37528604118993136,within_genus_species,Escherichia,100,N_3pct,label
pseknc_k3_l3,logistic,69,2,67,0.5238095238095238,0.5227272727272727,within_genus_species,Escherichia,100,N_3pct,label
ncp_anf,logistic,69,2,400,0.3333333333333333,0.3194444444444444,within_genus_species,Escherichia,100,N_3pct,label
pseeiip,logistic,69,2,64,0.5238095238095238,0.5227272727272727,within_genus_species,Escherichia,100,N_3pct,label
ck4,logistic,69,2,136,0.3333333333333333,0.3194444444444444,target_background,Escherichia,100,N_3pct,target_binary
ck4p_msp,logistic,69,2,222,0.38095238095238093,0.37528604118993136,target_background,Escherichia,100,N_3pct,target_binary
pseknc_k3_l3,logistic,69,2,67,0.5238095238095238,0.5227272727272727,target_background,Escherichia,100,N_3pct,target_binary
ncp_anf,logistic,69,2,400,0.3333333333333333,0.3194444444444444,target_background,Escherichia,100,N_3pct,target_binary
pseeiip,logistic,69,2,64,0.5238095238095238,0.5227272727272727,target_background,Escherichia,100,N_3pct,target_binary
ck4,logistic,74,3,136,0.13043478260869565,0.12037037037037036,within_genus_species,Klebsiella,100,N_3pct,label
ck4p_msp,logistic,74,3,222,0.17391304347826086,0.1858974358974359,within_genus_species,Klebsiella,100,N_3pct,label
pseknc_k3_l3,logistic,74,3,67,0.391304347826087,0.39814814814814814,within_genus_species,Klebsiella,100,N_3pct,label
ncp_anf,logistic,74,3,400,0.391304347826087,0.36296296296296293,within_genus_species,Klebsiella,100,N_3pct,label
pseeiip,logistic,74,3,64,0.34782608695652173,0.3493930905695612,within_genus_species,Klebsiella,100,N_3pct,label
ck4,logistic,74,2,136,0.2608695652173913,0.2608695652173913,target_background,Klebsiella,100,N_3pct,target_binary
ck4p_msp,logistic,74,2,222,0.30434782608695654,0.2923076923076923,target_background,Klebsiella,100,N_3pct,target_binary
pseknc_k3_l3,logistic,74,2,67,0.30434782608695654,0.2923076923076923,target_background,Klebsiella,100,N_3pct,target_binary
ncp_anf,logistic,74,2,400,0.5652173913043478,0.4362745098039216,target_background,Klebsiella,100,N_3pct,target_binary
pseeiip,logistic,74,2,64,0.43478260869565216,0.3935091277890467,target_background,Klebsiella,100,N_3pct,target_binary
ck4,logistic,123,4,136,0.21621621621621623,0.20551806867596342,within_genus_species,Acinetobacter,100,trim_5bp,label
ck4p_msp,logistic,123,4,222,0.21621621621621623,0.18472222222222223,within_genus_species,Acinetobacter,100,trim_5bp,label
pseknc_k3_l3,logistic,123,4,67,0.2972972972972973,0.2468253968253968,within_genus_species,Acinetobacter,100,trim_5bp,label
ncp_anf,logistic,123,4,400,0.24324324324324326,0.22088592522029055,within_genus_species,Acinetobacter,100,trim_5bp,label
pseeiip,logistic,123,4,64,0.2972972972972973,0.24970760233918127,within_genus_species,Acinetobacter,100,trim_5bp,label
ck4,logistic,77,3,136,0.4583333333333333,0.4431438127090301,within_genus_species,Burkholderia,100,trim_5bp,label
ck4p_msp,logistic,77,3,222,0.4166666666666667,0.3997668997668997,within_genus_species,Burkholderia,100,trim_5bp,label
pseknc_k3_l3,logistic,77,3,67,0.375,0.37433862433862436,within_genus_species,Burkholderia,100,trim_5bp,label
ncp_anf,logistic,77,3,400,0.4583333333333333,0.4506238859180036,within_genus_species,Burkholderia,100,trim_5bp,label
pseeiip,logistic,77,3,64,0.375,0.3627401837928154,within_genus_species,Burkholderia,100,trim_5bp,label
ck4,logistic,77,2,136,0.5416666666666666,0.35135135135135137,target_background,Burkholderia,100,trim_5bp,target_binary
ck4p_msp,logistic,77,2,222,0.5,0.39495798319327735,target_background,Burkholderia,100,trim_5bp,target_binary
pseknc_k3_l3,logistic,77,2,67,0.5833333333333334,0.4444444444444444,target_background,Burkholderia,100,trim_5bp,target_binary
ncp_anf,logistic,77,2,400,0.6666666666666666,0.49473684210526314,target_background,Burkholderia,100,trim_5bp,target_binary
pseeiip,logistic,77,2,64,0.5833333333333334,0.4444444444444444,target_background,Burkholderia,100,trim_5bp,target_binary
ck4,logistic,119,4,136,0.3888888888888889,0.38754578754578756,within_genus_species,Candida,100,trim_5bp,label
ck4p_msp,logistic,119,4,222,0.3333333333333333,0.3259711779448622,within_genus_species,Candida,100,trim_5bp,label
pseknc_k3_l3,logistic,119,4,67,0.3333333333333333,0.33969539232697127,within_genus_species,Candida,100,trim_5bp,label
ncp_anf,logistic,119,4,400,0.2222222222222222,0.22474970849583853,within_genus_species,Candida,100,trim_5bp,label
pseeiip,logistic,119,4,64,0.3333333333333333,0.33969539232697127,within_genus_species,Candida,100,trim_5bp,label
ck4,logistic,89,2,136,0.7407407407407407,0.6454033771106942,target_background,Candida,100,trim_5bp,target_binary
ck4p_msp,logistic,89,2,222,0.5185185185185185,0.47218045112781953,target_background,Candida,100,trim_5bp,target_binary
pseknc_k3_l3,logistic,89,2,67,0.5185185185185185,0.4419713831478538,target_background,Candida,100,trim_5bp,target_binary
ncp_anf,logistic,89,2,400,0.5185185185185185,0.39999999999999997,target_background,Candida,100,trim_5bp,target_binary
pseeiip,logistic,89,2,64,0.5925925925925926,0.49230769230769234,target_background,Candida,100,trim_5bp,target_binary
ck4,logistic,138,5,136,0.21428571428571427,0.18366778149386845,within_genus_species,Enterobacter,100,trim_5bp,label
ck4p_msp,logistic,138,5,222,0.21428571428571427,0.19877192982456138,within_genus_species,Enterobacter,100,trim_5bp,label
pseknc_k3_l3,logistic,138,5,67,0.21428571428571427,0.18073593073593072,within_genus_species,Enterobacter,100,trim_5bp,label
ncp_anf,logistic,138,5,400,0.14285714285714285,0.13810526315789473,within_genus_species,Enterobacter,100,trim_5bp,label
pseeiip,logistic,138,5,64,0.21428571428571427,0.1824025974025974,within_genus_species,Enterobacter,100,trim_5bp,label
ck4,logistic,89,2,136,0.6666666666666666,0.5846153846153846,target_background,Enterobacter,100,trim_5bp,target_binary
ck4p_msp,logistic,89,2,222,0.6666666666666666,0.5846153846153846,target_background,Enterobacter,100,trim_5bp,target_binary
pseknc_k3_l3,logistic,89,2,67,0.5555555555555556,0.46710526315789475,target_background,Enterobacter,100,trim_5bp,target_binary
ncp_anf,logistic,89,2,400,0.5925925925925926,0.4427767354596623,target_background,Enterobacter,100,trim_5bp,target_binary
pseeiip,logistic,89,2,64,0.5555555555555556,0.46710526315789475,target_background,Enterobacter,100,trim_5bp,target_binary
ck4,logistic,69,2,136,0.42857142857142855,0.41666666666666663,within_genus_species,Escherichia,100,trim_5bp,label
ck4p_msp,logistic,69,2,222,0.47619047619047616,0.47139588100686497,within_genus_species,Escherichia,100,trim_5bp,label
pseknc_k3_l3,logistic,69,2,67,0.2857142857142857,0.2791762013729977,within_genus_species,Escherichia,100,trim_5bp,label
ncp_anf,logistic,69,2,400,0.3333333333333333,0.3318181818181818,within_genus_species,Escherichia,100,trim_5bp,label
pseeiip,logistic,69,2,64,0.3333333333333333,0.3318181818181818,within_genus_species,Escherichia,100,trim_5bp,label
ck4,logistic,69,2,136,0.42857142857142855,0.41666666666666663,target_background,Escherichia,100,trim_5bp,target_binary
ck4p_msp,logistic,69,2,222,0.47619047619047616,0.47139588100686497,target_background,Escherichia,100,trim_5bp,target_binary
pseknc_k3_l3,logistic,69,2,67,0.2857142857142857,0.2791762013729977,target_background,Escherichia,100,trim_5bp,target_binary
ncp_anf,logistic,69,2,400,0.3333333333333333,0.3318181818181818,target_background,Escherichia,100,trim_5bp,target_binary
pseeiip,logistic,69,2,64,0.3333333333333333,0.3318181818181818,target_background,Escherichia,100,trim_5bp,target_binary
ck4,logistic,74,3,136,0.17391304347826086,0.16296296296296295,within_genus_species,Klebsiella,100,trim_5bp,label
ck4p_msp,logistic,74,3,222,0.17391304347826086,0.17138009049773753,within_genus_species,Klebsiella,100,trim_5bp,label
pseknc_k3_l3,logistic,74,3,67,0.17391304347826086,0.18344645550527905,within_genus_species,Klebsiella,100,trim_5bp,label
ncp_anf,logistic,74,3,400,0.43478260869565216,0.4259259259259259,within_genus_species,Klebsiella,100,trim_5bp,label
pseeiip,logistic,74,3,64,0.17391304347826086,0.18344645550527905,within_genus_species,Klebsiella,100,trim_5bp,label
ck4,logistic,74,2,136,0.34782608695652173,0.34782608695652173,target_background,Klebsiella,100,trim_5bp,target_binary
ck4p_msp,logistic,74,2,222,0.34782608695652173,0.34285714285714286,target_background,Klebsiella,100,trim_5bp,target_binary
pseknc_k3_l3,logistic,74,2,67,0.391304347826087,0.32916666666666666,target_background,Klebsiella,100,trim_5bp,target_binary
ncp_anf,logistic,74,2,400,0.6086956521739131,0.5174825174825175,target_background,Klebsiella,100,trim_5bp,target_binary
pseeiip,logistic,74,2,64,0.5217391304347826,0.4559139784946237,target_background,Klebsiella,100,trim_5bp,target_binary
ck4,logistic,123,4,136,0.2972972972972973,0.2666185666185666,within_genus_species,Acinetobacter,100,substitution_1pct_N_3pct,label
ck4p_msp,logistic,123,4,222,0.24324324324324326,0.23144399460188933,within_genus_species,Acinetobacter,100,substitution_1pct_N_3pct,label
pseknc_k3_l3,logistic,123,4,67,0.32432432432432434,0.31834180312441185,within_genus_species,Acinetobacter,100,substitution_1pct_N_3pct,label
ncp_anf,logistic,123,4,400,0.2702702702702703,0.24666666666666665,within_genus_species,Acinetobacter,100,substitution_1pct_N_3pct,label
pseeiip,logistic,123,4,64,0.24324324324324326,0.23478506787330317,within_genus_species,Acinetobacter,100,substitution_1pct_N_3pct,label
ck4,logistic,77,3,136,0.3333333333333333,0.3247863247863248,within_genus_species,Burkholderia,100,substitution_1pct_N_3pct,label
ck4p_msp,logistic,77,3,222,0.4583333333333333,0.4636243386243386,within_genus_species,Burkholderia,100,substitution_1pct_N_3pct,label
pseknc_k3_l3,logistic,77,3,67,0.3333333333333333,0.3313222724987431,within_genus_species,Burkholderia,100,substitution_1pct_N_3pct,label
ncp_anf,logistic,77,3,400,0.4583333333333333,0.4185185185185185,within_genus_species,Burkholderia,100,substitution_1pct_N_3pct,label
pseeiip,logistic,77,3,64,0.375,0.36791497975708504,within_genus_species,Burkholderia,100,substitution_1pct_N_3pct,label
ck4,logistic,77,2,136,0.4583333333333333,0.3696969696969697,target_background,Burkholderia,100,substitution_1pct_N_3pct,target_binary
ck4p_msp,logistic,77,2,222,0.5,0.4666666666666667,target_background,Burkholderia,100,substitution_1pct_N_3pct,target_binary
pseknc_k3_l3,logistic,77,2,67,0.6666666666666666,0.5555555555555556,target_background,Burkholderia,100,substitution_1pct_N_3pct,target_binary
ncp_anf,logistic,77,2,400,0.625,0.46928746928746934,target_background,Burkholderia,100,substitution_1pct_N_3pct,target_binary
pseeiip,logistic,77,2,64,0.6666666666666666,0.5555555555555556,target_background,Burkholderia,100,substitution_1pct_N_3pct,target_binary
ck4,logistic,119,4,136,0.25,0.256578947368421,within_genus_species,Candida,100,substitution_1pct_N_3pct,label
ck4p_msp,logistic,119,4,222,0.2222222222222222,0.24047619047619045,within_genus_species,Candida,100,substitution_1pct_N_3pct,label
pseknc_k3_l3,logistic,119,4,67,0.25,0.25323886639676113,within_genus_species,Candida,100,substitution_1pct_N_3pct,label
ncp_anf,logistic,119,4,400,0.25,0.24832887700534761,within_genus_species,Candida,100,substitution_1pct_N_3pct,label
pseeiip,logistic,119,4,64,0.25,0.2511294261294261,within_genus_species,Candida,100,substitution_1pct_N_3pct,label
ck4,logistic,89,2,136,0.6666666666666666,0.6136724960254372,target_background,Candida,100,substitution_1pct_N_3pct,target_binary
ck4p_msp,logistic,89,2,222,0.5555555555555556,0.46710526315789475,target_background,Candida,100,substitution_1pct_N_3pct,target_binary
pseknc_k3_l3,logistic,89,2,67,0.6296296296296297,0.46428571428571425,target_background,Candida,100,substitution_1pct_N_3pct,target_binary
ncp_anf,logistic,89,2,400,0.5555555555555556,0.46710526315789475,target_background,Candida,100,substitution_1pct_N_3pct,target_binary
pseeiip,logistic,89,2,64,0.6296296296296297,0.46428571428571425,target_background,Candida,100,substitution_1pct_N_3pct,target_binary
ck4,logistic,138,5,136,0.16666666666666666,0.16455026455026453,within_genus_species,Enterobacter,100,substitution_1pct_N_3pct,label
ck4p_msp,logistic,138,5,222,0.14285714285714285,0.13600987248046073,within_genus_species,Enterobacter,100,substitution_1pct_N_3pct,label
pseknc_k3_l3,logistic,138,5,67,0.14285714285714285,0.11272727272727275,within_genus_species,Enterobacter,100,substitution_1pct_N_3pct,label
ncp_anf,logistic,138,5,400,0.19047619047619047,0.17389865036923857,within_genus_species,Enterobacter,100,substitution_1pct_N_3pct,label
pseeiip,logistic,138,5,64,0.14285714285714285,0.11400966183574879,within_genus_species,Enterobacter,100,substitution_1pct_N_3pct,label
ck4,logistic,89,2,136,0.6666666666666666,0.5440900562851783,target_background,Enterobacter,100,substitution_1pct_N_3pct,target_binary
ck4p_msp,logistic,89,2,222,0.7037037037037037,0.6142857142857143,target_background,Enterobacter,100,substitution_1pct_N_3pct,target_binary
pseknc_k3_l3,logistic,89,2,67,0.5555555555555556,0.46710526315789475,target_background,Enterobacter,100,substitution_1pct_N_3pct,target_binary
ncp_anf,logistic,89,2,400,0.5185185185185185,0.39999999999999997,target_background,Enterobacter,100,substitution_1pct_N_3pct,target_binary
pseeiip,logistic,89,2,64,0.5925925925925926,0.49230769230769234,target_background,Enterobacter,100,substitution_1pct_N_3pct,target_binary
ck4,logistic,69,2,136,0.42857142857142855,0.41666666666666663,within_genus_species,Escherichia,100,substitution_1pct_N_3pct,label
ck4p_msp,logistic,69,2,222,0.38095238095238093,0.37528604118993136,within_genus_species,Escherichia,100,substitution_1pct_N_3pct,label
pseknc_k3_l3,logistic,69,2,67,0.47619047619047616,0.47619047619047616,within_genus_species,Escherichia,100,substitution_1pct_N_3pct,label
ncp_anf,logistic,69,2,400,0.3333333333333333,0.3194444444444444,within_genus_species,Escherichia,100,substitution_1pct_N_3pct,label
pseeiip,logistic,69,2,64,0.42857142857142855,0.42727272727272725,within_genus_species,Escherichia,100,substitution_1pct_N_3pct,label
ck4,logistic,69,2,136,0.42857142857142855,0.41666666666666663,target_background,Escherichia,100,substitution_1pct_N_3pct,target_binary
ck4p_msp,logistic,69,2,222,0.38095238095238093,0.37528604118993136,target_background,Escherichia,100,substitution_1pct_N_3pct,target_binary
pseknc_k3_l3,logistic,69,2,67,0.47619047619047616,0.47619047619047616,target_background,Escherichia,100,substitution_1pct_N_3pct,target_binary
ncp_anf,logistic,69,2,400,0.3333333333333333,0.3194444444444444,target_background,Escherichia,100,substitution_1pct_N_3pct,target_binary
pseeiip,logistic,69,2,64,0.42857142857142855,0.42727272727272725,target_background,Escherichia,100,substitution_1pct_N_3pct,target_binary
ck4,logistic,74,3,136,0.21739130434782608,0.18412698412698414,within_genus_species,Klebsiella,100,substitution_1pct_N_3pct,label
ck4p_msp,logistic,74,3,222,0.30434782608695654,0.30158730158730157,within_genus_species,Klebsiella,100,substitution_1pct_N_3pct,label
pseknc_k3_l3,logistic,74,3,67,0.34782608695652173,0.32923976608187133,within_genus_species,Klebsiella,100,substitution_1pct_N_3pct,label
ncp_anf,logistic,74,3,400,0.30434782608695654,0.31017740429505136,within_genus_species,Klebsiella,100,substitution_1pct_N_3pct,label
pseeiip,logistic,74,3,64,0.34782608695652173,0.32727272727272727,within_genus_species,Klebsiella,100,substitution_1pct_N_3pct,label
ck4,logistic,74,2,136,0.391304347826087,0.39015151515151514,target_background,Klebsiella,100,substitution_1pct_N_3pct,target_binary
ck4p_msp,logistic,74,2,222,0.6086956521739131,0.5964912280701754,target_background,Klebsiella,100,substitution_1pct_N_3pct,target_binary
pseknc_k3_l3,logistic,74,2,67,0.391304347826087,0.32916666666666666,target_background,Klebsiella,100,substitution_1pct_N_3pct,target_binary
ncp_anf,logistic,74,2,400,0.5652173913043478,0.48660714285714285,target_background,Klebsiella,100,substitution_1pct_N_3pct,target_binary
pseeiip,logistic,74,2,64,0.391304347826087,0.32916666666666666,target_background,Klebsiella,100,substitution_1pct_N_3pct,target_binary
ck4,logistic,103,4,136,0.3870967741935484,0.3639419404125287,within_genus_species,Acinetobacter,125,clean,label
ck4p_msp,logistic,103,4,222,0.45161290322580644,0.4287878787878788,within_genus_species,Acinetobacter,125,clean,label
pseknc_k3_l3,logistic,103,4,67,0.41935483870967744,0.4237179487179487,within_genus_species,Acinetobacter,125,clean,label
ncp_anf,logistic,103,4,500,0.1935483870967742,0.1813186813186813,within_genus_species,Acinetobacter,125,clean,label
pseeiip,logistic,103,4,64,0.41935483870967744,0.42598039215686273,within_genus_species,Acinetobacter,125,clean,label
ck4,logistic,80,3,136,0.375,0.3746234272550062,within_genus_species,Burkholderia,125,clean,label
ck4p_msp,logistic,80,3,222,0.4166666666666667,0.4114081996434938,within_genus_species,Burkholderia,125,clean,label
pseknc_k3_l3,logistic,80,3,67,0.5,0.4851851851851852,within_genus_species,Burkholderia,125,clean,label
ncp_anf,logistic,80,3,500,0.375,0.3451417004048583,within_genus_species,Burkholderia,125,clean,label
pseeiip,logistic,80,3,64,0.4583333333333333,0.44674818359028884,within_genus_species,Burkholderia,125,clean,label
ck4,logistic,80,2,136,0.5833333333333334,0.4957983193277311,target_background,Burkholderia,125,clean,target_binary
ck4p_msp,logistic,80,2,222,0.625,0.5252747252747253,target_background,Burkholderia,125,clean,target_binary
pseknc_k3_l3,logistic,80,2,67,0.6666666666666666,0.625,target_background,Burkholderia,125,clean,target_binary
ncp_anf,logistic,80,2,500,0.4583333333333333,0.3142857142857143,target_background,Burkholderia,125,clean,target_binary
pseeiip,logistic,80,2,64,0.7083333333333334,0.6606060606060606,target_background,Burkholderia,125,clean,target_binary
ck4,logistic,119,4,136,0.25,0.2432330827067669,within_genus_species,Candida,125,clean,label
ck4p_msp,logistic,119,4,222,0.2777777777777778,0.2857142857142857,within_genus_species,Candida,125,clean,label
pseknc_k3_l3,logistic,119,4,67,0.2222222222222222,0.2055482456140351,within_genus_species,Candida,125,clean,label
ncp_anf,logistic,119,4,500,0.3888888888888889,0.3817699328535242,within_genus_species,Candida,125,clean,label
pseeiip,logistic,119,4,64,0.2222222222222222,0.21570758738277918,within_genus_species,Candida,125,clean,label
ck4,logistic,90,2,136,0.6296296296296297,0.6029411764705883,target_background,Candida,125,clean,target_binary
ck4p_msp,logistic,90,2,222,0.5555555555555556,0.5,target_background,Candida,125,clean,target_binary
pseknc_k3_l3,logistic,90,2,67,0.7407407407407407,0.699523052464229,target_background,Candida,125,clean,target_binary
ncp_anf,logistic,90,2,500,0.6666666666666666,0.6136724960254372,target_background,Candida,125,clean,target_binary
pseeiip,logistic,90,2,64,0.7407407407407407,0.7157894736842105,target_background,Candida,125,clean,target_binary
ck4,logistic,163,5,136,0.2653061224489796,0.24363636363636365,within_genus_species,Enterobacter,125,clean,label
ck4p_msp,logistic,163,5,222,0.20408163265306123,0.1789949988092403,within_genus_species,Enterobacter,125,clean,label
pseknc_k3_l3,logistic,163,5,67,0.1836734693877551,0.18329853153382566,within_genus_species,Enterobacter,125,clean,label
ncp_anf,logistic,163,5,500,0.14285714285714285,0.11873015873015871,within_genus_species,Enterobacter,125,clean,label
pseeiip,logistic,163,5,64,0.20408163265306123,0.20641186299081032,within_genus_species,Enterobacter,125,clean,label
ck4,logistic,96,2,136,0.6551724137931034,0.618421052631579,target_background,Enterobacter,125,clean,target_binary
ck4p_msp,logistic,96,2,222,0.6551724137931034,0.5972222222222222,target_background,Enterobacter,125,clean,target_binary
pseknc_k3_l3,logistic,96,2,67,0.4482758620689655,0.43137254901960786,target_background,Enterobacter,125,clean,target_binary
ncp_anf,logistic,96,2,500,0.4827586206896552,0.41295546558704455,target_background,Enterobacter,125,clean,target_binary
pseeiip,logistic,96,2,64,0.4482758620689655,0.43137254901960786,target_background,Enterobacter,125,clean,target_binary
ck4,logistic,54,2,136,0.5882352941176471,0.5824561403508772,within_genus_species,Escherichia,125,clean,label
ck4p_msp,logistic,54,2,222,0.47058823529411764,0.4631578947368421,within_genus_species,Escherichia,125,clean,label
pseknc_k3_l3,logistic,54,2,67,0.35294117647058826,0.343859649122807,within_genus_species,Escherichia,125,clean,label
ncp_anf,logistic,54,2,500,0.5882352941176471,0.5296442687747036,within_genus_species,Escherichia,125,clean,label
pseeiip,logistic,54,2,64,0.35294117647058826,0.343859649122807,within_genus_species,Escherichia,125,clean,label
ck4,logistic,54,2,136,0.5882352941176471,0.5824561403508772,target_background,Escherichia,125,clean,target_binary
ck4p_msp,logistic,54,2,222,0.47058823529411764,0.4631578947368421,target_background,Escherichia,125,clean,target_binary
pseknc_k3_l3,logistic,54,2,67,0.35294117647058826,0.343859649122807,target_background,Escherichia,125,clean,target_binary
ncp_anf,logistic,54,2,500,0.5882352941176471,0.5296442687747036,target_background,Escherichia,125,clean,target_binary
pseeiip,logistic,54,2,64,0.35294117647058826,0.343859649122807,target_background,Escherichia,125,clean,target_binary
ck4,logistic,81,3,136,0.16,0.15849452691557955,within_genus_species,Klebsiella,125,clean,label
ck4p_msp,logistic,81,3,222,0.2,0.17017543859649123,within_genus_species,Klebsiella,125,clean,label
pseknc_k3_l3,logistic,81,3,67,0.12,0.12261904761904763,within_genus_species,Klebsiella,125,clean,label
ncp_anf,logistic,81,3,500,0.28,0.2014652014652015,within_genus_species,Klebsiella,125,clean,label
pseeiip,logistic,81,3,64,0.12,0.12261904761904763,within_genus_species,Klebsiella,125,clean,label
ck4,logistic,81,2,136,0.68,0.6323529411764706,target_background,Klebsiella,125,clean,target_binary
ck4p_msp,logistic,81,2,222,0.76,0.7023809523809523,target_background,Klebsiella,125,clean,target_binary
pseknc_k3_l3,logistic,81,2,67,0.48,0.4206773618538324,target_background,Klebsiella,125,clean,target_binary
ncp_anf,logistic,81,2,500,0.64,0.4755244755244755,target_background,Klebsiella,125,clean,target_binary
pseeiip,logistic,81,2,64,0.48,0.4206773618538324,target_background,Klebsiella,125,clean,target_binary
ck4,logistic,103,4,136,0.3548387096774194,0.3393790849673203,within_genus_species,Acinetobacter,125,substitution_1pct,label
ck4p_msp,logistic,103,4,222,0.3870967741935484,0.37342555105713,within_genus_species,Acinetobacter,125,substitution_1pct,label
pseknc_k3_l3,logistic,103,4,67,0.3870967741935484,0.3790106951871658,within_genus_species,Acinetobacter,125,substitution_1pct,label
ncp_anf,logistic,103,4,500,0.16129032258064516,0.1456043956043956,within_genus_species,Acinetobacter,125,substitution_1pct,label
pseeiip,logistic,103,4,64,0.3870967741935484,0.39194139194139194,within_genus_species,Acinetobacter,125,substitution_1pct,label
ck4,logistic,80,3,136,0.25,0.23994329257487154,within_genus_species,Burkholderia,125,substitution_1pct,label
ck4p_msp,logistic,80,3,222,0.4166666666666667,0.41111111111111115,within_genus_species,Burkholderia,125,substitution_1pct,label
pseknc_k3_l3,logistic,80,3,67,0.5416666666666666,0.5349206349206349,within_genus_species,Burkholderia,125,substitution_1pct,label
ncp_anf,logistic,80,3,500,0.3333333333333333,0.3161375661375661,within_genus_species,Burkholderia,125,substitution_1pct,label
pseeiip,logistic,80,3,64,0.4583333333333333,0.4505050505050505,within_genus_species,Burkholderia,125,substitution_1pct,label
ck4,logistic,80,2,136,0.625,0.5252747252747253,target_background,Burkholderia,125,substitution_1pct,target_binary
ck4p_msp,logistic,80,2,222,0.6666666666666666,0.49473684210526314,target_background,Burkholderia,125,substitution_1pct,target_binary
pseknc_k3_l3,logistic,80,2,67,0.75,0.6974789915966386,target_background,Burkholderia,125,substitution_1pct,target_binary
ncp_anf,logistic,80,2,500,0.4583333333333333,0.3142857142857143,target_background,Burkholderia,125,substitution_1pct,target_binary
pseeiip,logistic,80,2,64,0.7916666666666666,0.7362637362637363,target_background,Burkholderia,125,substitution_1pct,target_binary
ck4,logistic,119,4,136,0.2222222222222222,0.21679197994987465,within_genus_species,Candida,125,substitution_1pct,label
ck4p_msp,logistic,119,4,222,0.25,0.25205108359133127,within_genus_species,Candida,125,substitution_1pct,label
pseknc_k3_l3,logistic,119,4,67,0.2777777777777778,0.24305555555555552,within_genus_species,Candida,125,substitution_1pct,label
ncp_anf,logistic,119,4,500,0.3611111111111111,0.3541592394533571,within_genus_species,Candida,125,substitution_1pct,label
pseeiip,logistic,119,4,64,0.2222222222222222,0.1951436562420544,within_genus_species,Candida,125,substitution_1pct,label
ck4,logistic,90,2,136,0.6666666666666666,0.6493506493506493,target_background,Candida,125,substitution_1pct,target_binary
ck4p_msp,logistic,90,2,222,0.6296296296296297,0.6164772727272727,target_background,Candida,125,substitution_1pct,target_binary
pseknc_k3_l3,logistic,90,2,67,0.5185185185185185,0.4935064935064935,target_background,Candida,125,substitution_1pct,target_binary
ncp_anf,logistic,90,2,500,0.5555555555555556,0.5,target_background,Candida,125,substitution_1pct,target_binary
pseeiip,logistic,90,2,64,0.5185185185185185,0.4935064935064935,target_background,Candida,125,substitution_1pct,target_binary
ck4,logistic,163,5,136,0.1836734693877551,0.16036363636363635,within_genus_species,Enterobacter,125,substitution_1pct,label
ck4p_msp,logistic,163,5,222,0.14285714285714285,0.1267080745341615,within_genus_species,Enterobacter,125,substitution_1pct,label
pseknc_k3_l3,logistic,163,5,67,0.20408163265306123,0.1993389355742297,within_genus_species,Enterobacter,125,substitution_1pct,label
ncp_anf,logistic,163,5,500,0.14285714285714285,0.12171052631578946,within_genus_species,Enterobacter,125,substitution_1pct,label
pseeiip,logistic,163,5,64,0.24489795918367346,0.24037544842498404,within_genus_species,Enterobacter,125,substitution_1pct,label
ck4,logistic,96,2,136,0.5862068965517241,0.5166666666666666,target_background,Enterobacter,125,substitution_1pct,target_binary
ck4p_msp,logistic,96,2,222,0.6551724137931034,0.5684523809523809,target_background,Enterobacter,125,substitution_1pct,target_binary
pseknc_k3_l3,logistic,96,2,67,0.5517241379310345,0.5316770186335403,target_background,Enterobacter,125,substitution_1pct,target_binary
ncp_anf,logistic,96,2,500,0.5172413793103449,0.46578947368421053,target_background,Enterobacter,125,substitution_1pct,target_binary
pseeiip,logistic,96,2,64,0.5517241379310345,0.5316770186335403,target_background,Enterobacter,125,substitution_1pct,target_binary
ck4,logistic,54,2,136,0.47058823529411764,0.4631578947368421,within_genus_species,Escherichia,125,substitution_1pct,label
ck4p_msp,logistic,54,2,222,0.4117647058823529,0.39285714285714285,within_genus_species,Escherichia,125,substitution_1pct,label
pseknc_k3_l3,logistic,54,2,67,0.29411764705882354,0.29166666666666663,within_genus_species,Escherichia,125,substitution_1pct,label
ncp_anf,logistic,54,2,500,0.6470588235294118,0.575,within_genus_species,Escherichia,125,substitution_1pct,label
pseeiip,logistic,54,2,64,0.29411764705882354,0.29166666666666663,within_genus_species,Escherichia,125,substitution_1pct,label
ck4,logistic,54,2,136,0.47058823529411764,0.4631578947368421,target_background,Escherichia,125,substitution_1pct,target_binary
ck4p_msp,logistic,54,2,222,0.4117647058823529,0.39285714285714285,target_background,Escherichia,125,substitution_1pct,target_binary
pseknc_k3_l3,logistic,54,2,67,0.29411764705882354,0.29166666666666663,target_background,Escherichia,125,substitution_1pct,target_binary
ncp_anf,logistic,54,2,500,0.6470588235294118,0.575,target_background,Escherichia,125,substitution_1pct,target_binary
pseeiip,logistic,54,2,64,0.29411764705882354,0.29166666666666663,target_background,Escherichia,125,substitution_1pct,target_binary
ck4,logistic,81,3,136,0.2,0.1976190476190476,within_genus_species,Klebsiella,125,substitution_1pct,label
ck4p_msp,logistic,81,3,222,0.2,0.19049773755656108,within_genus_species,Klebsiella,125,substitution_1pct,label
pseknc_k3_l3,logistic,81,3,67,0.2,0.19259259259259257,within_genus_species,Klebsiella,125,substitution_1pct,label
ncp_anf,logistic,81,3,500,0.32,0.21794871794871795,within_genus_species,Klebsiella,125,substitution_1pct,label
pseeiip,logistic,81,3,64,0.2,0.19259259259259257,within_genus_species,Klebsiella,125,substitution_1pct,label
ck4,logistic,81,2,136,0.8,0.7619047619047619,target_background,Klebsiella,125,substitution_1pct,target_binary
ck4p_msp,logistic,81,2,222,0.76,0.7023809523809523,target_background,Klebsiella,125,substitution_1pct,target_binary
pseknc_k3_l3,logistic,81,2,67,0.52,0.40476190476190477,target_background,Klebsiella,125,substitution_1pct,target_binary
ncp_anf,logistic,81,2,500,0.64,0.4755244755244755,target_background,Klebsiella,125,substitution_1pct,target_binary
pseeiip,logistic,81,2,64,0.52,0.40476190476190477,target_background,Klebsiella,125,substitution_1pct,target_binary
ck4,logistic,103,4,136,0.41935483870967744,0.4044337606837607,within_genus_species,Acinetobacter,125,N_3pct,label
ck4p_msp,logistic,103,4,222,0.25806451612903225,0.24128787878787877,within_genus_species,Acinetobacter,125,N_3pct,label
pseknc_k3_l3,logistic,103,4,67,0.3225806451612903,0.3234126984126984,within_genus_species,Acinetobacter,125,N_3pct,label
ncp_anf,logistic,103,4,500,0.25806451612903225,0.24395604395604395,within_genus_species,Acinetobacter,125,N_3pct,label
pseeiip,logistic,103,4,64,0.3548387096774194,0.36260683760683765,within_genus_species,Acinetobacter,125,N_3pct,label
ck4,logistic,80,3,136,0.25,0.24814814814814815,within_genus_species,Burkholderia,125,N_3pct,label
ck4p_msp,logistic,80,3,222,0.375,0.3505135387488328,within_genus_species,Burkholderia,125,N_3pct,label
pseknc_k3_l3,logistic,80,3,67,0.375,0.3814814814814815,within_genus_species,Burkholderia,125,N_3pct,label
ncp_anf,logistic,80,3,500,0.375,0.3527691778465772,within_genus_species,Burkholderia,125,N_3pct,label
pseeiip,logistic,80,3,64,0.4166666666666667,0.4140350877192982,within_genus_species,Burkholderia,125,N_3pct,label
ck4,logistic,80,2,136,0.5833333333333334,0.4957983193277311,target_background,Burkholderia,125,N_3pct,target_binary
ck4p_msp,logistic,80,2,222,0.5833333333333334,0.4444444444444444,target_background,Burkholderia,125,N_3pct,target_binary
pseknc_k3_l3,logistic,80,2,67,0.625,0.5636363636363637,target_background,Burkholderia,125,N_3pct,target_binary
ncp_anf,logistic,80,2,500,0.4583333333333333,0.3142857142857143,target_background,Burkholderia,125,N_3pct,target_binary
pseeiip,logistic,80,2,64,0.625,0.5636363636363637,target_background,Burkholderia,125,N_3pct,target_binary
ck4,logistic,119,4,136,0.3055555555555556,0.3137218045112782,within_genus_species,Candida,125,N_3pct,label
ck4p_msp,logistic,119,4,222,0.3611111111111111,0.36330409356725146,within_genus_species,Candida,125,N_3pct,label
pseknc_k3_l3,logistic,119,4,67,0.25,0.23657219973009447,within_genus_species,Candida,125,N_3pct,label
ncp_anf,logistic,119,4,500,0.3333333333333333,0.33298319327731096,within_genus_species,Candida,125,N_3pct,label
pseeiip,logistic,119,4,64,0.25,0.2341880341880342,within_genus_species,Candida,125,N_3pct,label
ck4,logistic,90,2,136,0.7407407407407407,0.7272727272727273,target_background,Candida,125,N_3pct,target_binary
ck4p_msp,logistic,90,2,222,0.5555555555555556,0.5397727272727273,target_background,Candida,125,N_3pct,target_binary
pseknc_k3_l3,logistic,90,2,67,0.7037037037037037,0.6666666666666667,target_background,Candida,125,N_3pct,target_binary
ncp_anf,logistic,90,2,500,0.7037037037037037,0.6666666666666667,target_background,Candida,125,N_3pct,target_binary
pseeiip,logistic,90,2,64,0.7037037037037037,0.6666666666666667,target_background,Candida,125,N_3pct,target_binary
ck4,logistic,163,5,136,0.22448979591836735,0.20949620427881296,within_genus_species,Enterobacter,125,N_3pct,label
ck4p_msp,logistic,163,5,222,0.1836734693877551,0.18758823529411767,within_genus_species,Enterobacter,125,N_3pct,label
pseknc_k3_l3,logistic,163,5,67,0.14285714285714285,0.1378994918125353,within_genus_species,Enterobacter,125,N_3pct,label
ncp_anf,logistic,163,5,500,0.12244897959183673,0.11433992952019519,within_genus_species,Enterobacter,125,N_3pct,label
pseeiip,logistic,163,5,64,0.16326530612244897,0.16191710044341626,within_genus_species,Enterobacter,125,N_3pct,label
ck4,logistic,96,2,136,0.5517241379310345,0.5316770186335403,target_background,Enterobacter,125,N_3pct,target_binary
ck4p_msp,logistic,96,2,222,0.4482758620689655,0.41414141414141414,target_background,Enterobacter,125,N_3pct,target_binary
pseknc_k3_l3,logistic,96,2,67,0.4482758620689655,0.4423076923076923,target_background,Enterobacter,125,N_3pct,target_binary
ncp_anf,logistic,96,2,500,0.3793103448275862,0.34090909090909094,target_background,Enterobacter,125,N_3pct,target_binary
pseeiip,logistic,96,2,64,0.4482758620689655,0.4423076923076923,target_background,Enterobacter,125,N_3pct,target_binary
ck4,logistic,54,2,136,0.5294117647058824,0.5142857142857142,within_genus_species,Escherichia,125,N_3pct,label
ck4p_msp,logistic,54,2,222,0.47058823529411764,0.4631578947368421,within_genus_species,Escherichia,125,N_3pct,label
pseknc_k3_l3,logistic,54,2,67,0.4117647058823529,0.39285714285714285,within_genus_species,Escherichia,125,N_3pct,label
ncp_anf,logistic,54,2,500,0.5294117647058824,0.48484848484848486,within_genus_species,Escherichia,125,N_3pct,label
pseeiip,logistic,54,2,64,0.4117647058823529,0.39285714285714285,within_genus_species,Escherichia,125,N_3pct,label
ck4,logistic,54,2,136,0.5294117647058824,0.5142857142857142,target_background,Escherichia,125,N_3pct,target_binary
ck4p_msp,logistic,54,2,222,0.47058823529411764,0.4631578947368421,target_background,Escherichia,125,N_3pct,target_binary
pseknc_k3_l3,logistic,54,2,67,0.4117647058823529,0.39285714285714285,target_background,Escherichia,125,N_3pct,target_binary
ncp_anf,logistic,54,2,500,0.5294117647058824,0.48484848484848486,target_background,Escherichia,125,N_3pct,target_binary
pseeiip,logistic,54,2,64,0.4117647058823529,0.39285714285714285,target_background,Escherichia,125,N_3pct,target_binary
ck4,logistic,81,3,136,0.28,0.2676563202878992,within_genus_species,Klebsiella,125,N_3pct,label
ck4p_msp,logistic,81,3,222,0.32,0.33316864295125165,within_genus_species,Klebsiella,125,N_3pct,label
pseknc_k3_l3,logistic,81,3,67,0.16,0.15595238095238095,within_genus_species,Klebsiella,125,N_3pct,label
ncp_anf,logistic,81,3,500,0.32,0.2388888888888889,within_genus_species,Klebsiella,125,N_3pct,label
pseeiip,logistic,81,3,64,0.16,0.15595238095238095,within_genus_species,Klebsiella,125,N_3pct,label
ck4,logistic,81,2,136,0.6,0.5404411764705883,target_background,Klebsiella,125,N_3pct,target_binary
ck4p_msp,logistic,81,2,222,0.72,0.6666666666666667,target_background,Klebsiella,125,N_3pct,target_binary
pseknc_k3_l3,logistic,81,2,67,0.6,0.45175438596491224,target_background,Klebsiella,125,N_3pct,target_binary
ncp_anf,logistic,81,2,500,0.64,0.4755244755244755,target_background,Klebsiella,125,N_3pct,target_binary
pseeiip,logistic,81,2,64,0.64,0.4755244755244755,target_background,Klebsiella,125,N_3pct,target_binary
ck4,logistic,103,4,136,0.3548387096774194,0.33864827982475043,within_genus_species,Acinetobacter,125,trim_5bp,label
ck4p_msp,logistic,103,4,222,0.3548387096774194,0.34101307189542485,within_genus_species,Acinetobacter,125,trim_5bp,label
pseknc_k3_l3,logistic,103,4,67,0.3225806451612903,0.31263736263736264,within_genus_species,Acinetobacter,125,trim_5bp,label
ncp_anf,logistic,103,4,500,0.22580645161290322,0.22179487179487178,within_genus_species,Acinetobacter,125,trim_5bp,label
pseeiip,logistic,103,4,64,0.2903225806451613,0.27705802968960863,within_genus_species,Acinetobacter,125,trim_5bp,label
ck4,logistic,80,3,136,0.4583333333333333,0.4731020613373554,within_genus_species,Burkholderia,125,trim_5bp,label
ck4p_msp,logistic,80,3,222,0.5,0.5194358445132439,within_genus_species,Burkholderia,125,trim_5bp,label
pseknc_k3_l3,logistic,80,3,67,0.5833333333333334,0.579479000531632,within_genus_species,Burkholderia,125,trim_5bp,label
ncp_anf,logistic,80,3,500,0.375,0.3613445378151261,within_genus_species,Burkholderia,125,trim_5bp,label
pseeiip,logistic,80,3,64,0.5833333333333334,0.579479000531632,within_genus_species,Burkholderia,125,trim_5bp,label
ck4,logistic,80,2,136,0.5833333333333334,0.4957983193277311,target_background,Burkholderia,125,trim_5bp,target_binary
ck4p_msp,logistic,80,2,222,0.5416666666666666,0.35135135135135137,target_background,Burkholderia,125,trim_5bp,target_binary
pseknc_k3_l3,logistic,80,2,67,0.7083333333333334,0.6307692307692307,target_background,Burkholderia,125,trim_5bp,target_binary
ncp_anf,logistic,80,2,500,0.4166666666666667,0.29411764705882354,target_background,Burkholderia,125,trim_5bp,target_binary
pseeiip,logistic,80,2,64,0.6666666666666666,0.5966386554621849,target_background,Burkholderia,125,trim_5bp,target_binary
ck4,logistic,119,4,136,0.2777777777777778,0.28733766233766234,within_genus_species,Candida,125,trim_5bp,label
ck4p_msp,logistic,119,4,222,0.25,0.2541614732017209,within_genus_species,Candida,125,trim_5bp,label
pseknc_k3_l3,logistic,119,4,67,0.19444444444444445,0.18865740740740738,within_genus_species,Candida,125,trim_5bp,label
ncp_anf,logistic,119,4,500,0.3611111111111111,0.3590426601262514,within_genus_species,Candida,125,trim_5bp,label
pseeiip,logistic,119,4,64,0.1388888888888889,0.13027597402597402,within_genus_species,Candida,125,trim_5bp,label
ck4,logistic,90,2,136,0.7037037037037037,0.6447368421052632,target_background,Candida,125,trim_5bp,target_binary
ck4p_msp,logistic,90,2,222,0.7407407407407407,0.699523052464229,target_background,Candida,125,trim_5bp,target_binary
pseknc_k3_l3,logistic,90,2,67,0.6666666666666666,0.6136724960254372,target_background,Candida,125,trim_5bp,target_binary
ncp_anf,logistic,90,2,500,0.7037037037037037,0.6447368421052632,target_background,Candida,125,trim_5bp,target_binary
pseeiip,logistic,90,2,64,0.6666666666666666,0.6136724960254372,target_background,Candida,125,trim_5bp,target_binary
ck4,logistic,163,5,136,0.20408163265306123,0.19352729650212486,within_genus_species,Enterobacter,125,trim_5bp,label
ck4p_msp,logistic,163,5,222,0.16326530612244897,0.141624649859944,within_genus_species,Enterobacter,125,trim_5bp,label
pseknc_k3_l3,logistic,163,5,67,0.32653061224489793,0.32250626566416035,within_genus_species,Enterobacter,125,trim_5bp,label
ncp_anf,logistic,163,5,500,0.14285714285714285,0.1330718954248366,within_genus_species,Enterobacter,125,trim_5bp,label
pseeiip,logistic,163,5,64,0.20408163265306123,0.20242272347535506,within_genus_species,Enterobacter,125,trim_5bp,label
ck4,logistic,96,2,136,0.6551724137931034,0.618421052631579,target_background,Enterobacter,125,trim_5bp,target_binary
ck4p_msp,logistic,96,2,222,0.6551724137931034,0.6338383838383839,target_background,Enterobacter,125,trim_5bp,target_binary
pseknc_k3_l3,logistic,96,2,67,0.4827586206896552,0.4727272727272727,target_background,Enterobacter,125,trim_5bp,target_binary
ncp_anf,logistic,96,2,500,0.4827586206896552,0.37589670014347204,target_background,Enterobacter,125,trim_5bp,target_binary
pseeiip,logistic,96,2,64,0.4827586206896552,0.4727272727272727,target_background,Enterobacter,125,trim_5bp,target_binary
ck4,logistic,54,2,136,0.5294117647058824,0.5277777777777778,within_genus_species,Escherichia,125,trim_5bp,label
ck4p_msp,logistic,54,2,222,0.5294117647058824,0.5142857142857142,within_genus_species,Escherichia,125,trim_5bp,label
pseknc_k3_l3,logistic,54,2,67,0.4117647058823529,0.4097222222222222,within_genus_species,Escherichia,125,trim_5bp,label
ncp_anf,logistic,54,2,500,0.5882352941176471,0.5296442687747036,within_genus_species,Escherichia,125,trim_5bp,label
pseeiip,logistic,54,2,64,0.4117647058823529,0.4097222222222222,within_genus_species,Escherichia,125,trim_5bp,label
ck4,logistic,54,2,136,0.5294117647058824,0.5277777777777778,target_background,Escherichia,125,trim_5bp,target_binary
ck4p_msp,logistic,54,2,222,0.5294117647058824,0.5142857142857142,target_background,Escherichia,125,trim_5bp,target_binary
pseknc_k3_l3,logistic,54,2,67,0.4117647058823529,0.4097222222222222,target_background,Escherichia,125,trim_5bp,target_binary
ncp_anf,logistic,54,2,500,0.5882352941176471,0.5296442687747036,target_background,Escherichia,125,trim_5bp,target_binary
pseeiip,logistic,54,2,64,0.4117647058823529,0.4097222222222222,target_background,Escherichia,125,trim_5bp,target_binary
ck4,logistic,81,3,136,0.2,0.20217864923747275,within_genus_species,Klebsiella,125,trim_5bp,label
ck4p_msp,logistic,81,3,222,0.24,0.19528619528619529,within_genus_species,Klebsiella,125,trim_5bp,label
pseknc_k3_l3,logistic,81,3,67,0.16,0.16954150081085065,within_genus_species,Klebsiella,125,trim_5bp,label
ncp_anf,logistic,81,3,500,0.36,0.2937728937728938,within_genus_species,Klebsiella,125,trim_5bp,label
pseeiip,logistic,81,3,64,0.16,0.16954150081085065,within_genus_species,Klebsiella,125,trim_5bp,label
ck4,logistic,81,2,136,0.56,0.5098039215686274,target_background,Klebsiella,125,trim_5bp,target_binary
ck4p_msp,logistic,81,2,222,0.6,0.5659722222222222,target_background,Klebsiella,125,trim_5bp,target_binary
pseknc_k3_l3,logistic,81,2,67,0.56,0.5098039215686274,target_background,Klebsiella,125,trim_5bp,target_binary
ncp_anf,logistic,81,2,500,0.6,0.45175438596491224,target_background,Klebsiella,125,trim_5bp,target_binary
pseeiip,logistic,81,2,64,0.56,0.5098039215686274,target_background,Klebsiella,125,trim_5bp,target_binary
ck4,logistic,103,4,136,0.3548387096774194,0.3387218045112782,within_genus_species,Acinetobacter,125,substitution_1pct_N_3pct,label
ck4p_msp,logistic,103,4,222,0.25806451612903225,0.2507066462948816,within_genus_species,Acinetobacter,125,substitution_1pct_N_3pct,label
pseknc_k3_l3,logistic,103,4,67,0.3225806451612903,0.30833333333333335,within_genus_species,Acinetobacter,125,substitution_1pct_N_3pct,label
ncp_anf,logistic,103,4,500,0.2903225806451613,0.25,within_genus_species,Acinetobacter,125,substitution_1pct_N_3pct,label
pseeiip,logistic,103,4,64,0.3225806451612903,0.3088235294117647,within_genus_species,Acinetobacter,125,substitution_1pct_N_3pct,label
ck4,logistic,80,3,136,0.4583333333333333,0.4661319073083779,within_genus_species,Burkholderia,125,substitution_1pct_N_3pct,label
ck4p_msp,logistic,80,3,222,0.375,0.3505135387488328,within_genus_species,Burkholderia,125,substitution_1pct_N_3pct,label
pseknc_k3_l3,logistic,80,3,67,0.375,0.36327561327561325,within_genus_species,Burkholderia,125,substitution_1pct_N_3pct,label
ncp_anf,logistic,80,3,500,0.4166666666666667,0.4089635854341737,within_genus_species,Burkholderia,125,substitution_1pct_N_3pct,label
pseeiip,logistic,80,3,64,0.3333333333333333,0.3015151515151515,within_genus_species,Burkholderia,125,substitution_1pct_N_3pct,label
ck4,logistic,80,2,136,0.5833333333333334,0.4957983193277311,target_background,Burkholderia,125,substitution_1pct_N_3pct,target_binary
ck4p_msp,logistic,80,2,222,0.6666666666666666,0.5966386554621849,target_background,Burkholderia,125,substitution_1pct_N_3pct,target_binary
pseknc_k3_l3,logistic,80,2,67,0.7083333333333334,0.6606060606060606,target_background,Burkholderia,125,substitution_1pct_N_3pct,target_binary
ncp_anf,logistic,80,2,500,0.4166666666666667,0.29411764705882354,target_background,Burkholderia,125,substitution_1pct_N_3pct,target_binary
pseeiip,logistic,80,2,64,0.7083333333333334,0.6606060606060606,target_background,Burkholderia,125,substitution_1pct_N_3pct,target_binary
ck4,logistic,119,4,136,0.3611111111111111,0.3528401423138265,within_genus_species,Candida,125,substitution_1pct_N_3pct,label
ck4p_msp,logistic,119,4,222,0.3888888888888889,0.38816695486502995,within_genus_species,Candida,125,substitution_1pct_N_3pct,label
pseknc_k3_l3,logistic,119,4,67,0.2222222222222222,0.21784465534465536,within_genus_species,Candida,125,substitution_1pct_N_3pct,label
ncp_anf,logistic,119,4,500,0.2777777777777778,0.2541204887752202,within_genus_species,Candida,125,substitution_1pct_N_3pct,label
pseeiip,logistic,119,4,64,0.2222222222222222,0.210610661268556,within_genus_species,Candida,125,substitution_1pct_N_3pct,label
ck4,logistic,90,2,136,0.6666666666666666,0.6136724960254372,target_background,Candida,125,substitution_1pct_N_3pct,target_binary
ck4p_msp,logistic,90,2,222,0.5185185185185185,0.4419713831478538,target_background,Candida,125,substitution_1pct_N_3pct,target_binary
pseknc_k3_l3,logistic,90,2,67,0.5555555555555556,0.5397727272727273,target_background,Candida,125,substitution_1pct_N_3pct,target_binary
ncp_anf,logistic,90,2,500,0.6666666666666666,0.5846153846153846,target_background,Candida,125,substitution_1pct_N_3pct,target_binary
pseeiip,logistic,90,2,64,0.5185185185185185,0.5077138849929874,target_background,Candida,125,substitution_1pct_N_3pct,target_binary
ck4,logistic,163,5,136,0.20408163265306123,0.20969696969696966,within_genus_species,Enterobacter,125,substitution_1pct_N_3pct,label
ck4p_msp,logistic,163,5,222,0.22448979591836735,0.1992690058479532,within_genus_species,Enterobacter,125,substitution_1pct_N_3pct,label
pseknc_k3_l3,logistic,163,5,67,0.2653061224489796,0.2627401837928154,within_genus_species,Enterobacter,125,substitution_1pct_N_3pct,label
ncp_anf,logistic,163,5,500,0.14285714285714285,0.13076923076923078,within_genus_species,Enterobacter,125,substitution_1pct_N_3pct,label
pseeiip,logistic,163,5,64,0.22448979591836735,0.22369256474519633,within_genus_species,Enterobacter,125,substitution_1pct_N_3pct,label
ck4,logistic,96,2,136,0.6896551724137931,0.6640926640926641,target_background,Enterobacter,125,substitution_1pct_N_3pct,target_binary
ck4p_msp,logistic,96,2,222,0.6896551724137931,0.6255380200860832,target_background,Enterobacter,125,substitution_1pct_N_3pct,target_binary
pseknc_k3_l3,logistic,96,2,67,0.5172413793103449,0.4873737373737374,target_background,Enterobacter,125,substitution_1pct_N_3pct,target_binary
ncp_anf,logistic,96,2,500,0.5172413793103449,0.4361111111111111,target_background,Enterobacter,125,substitution_1pct_N_3pct,target_binary
pseeiip,logistic,96,2,64,0.5172413793103449,0.4873737373737374,target_background,Enterobacter,125,substitution_1pct_N_3pct,target_binary
ck4,logistic,54,2,136,0.5294117647058824,0.5142857142857142,within_genus_species,Escherichia,125,substitution_1pct_N_3pct,label
ck4p_msp,logistic,54,2,222,0.4117647058823529,0.39285714285714285,within_genus_species,Escherichia,125,substitution_1pct_N_3pct,label
pseknc_k3_l3,logistic,54,2,67,0.5294117647058824,0.5277777777777778,within_genus_species,Escherichia,125,substitution_1pct_N_3pct,label
ncp_anf,logistic,54,2,500,0.5294117647058824,0.48484848484848486,within_genus_species,Escherichia,125,substitution_1pct_N_3pct,label
pseeiip,logistic,54,2,64,0.5294117647058824,0.5277777777777778,within_genus_species,Escherichia,125,substitution_1pct_N_3pct,label
ck4,logistic,54,2,136,0.5294117647058824,0.5142857142857142,target_background,Escherichia,125,substitution_1pct_N_3pct,target_binary
ck4p_msp,logistic,54,2,222,0.4117647058823529,0.39285714285714285,target_background,Escherichia,125,substitution_1pct_N_3pct,target_binary
pseknc_k3_l3,logistic,54,2,67,0.5294117647058824,0.5277777777777778,target_background,Escherichia,125,substitution_1pct_N_3pct,target_binary
ncp_anf,logistic,54,2,500,0.5294117647058824,0.48484848484848486,target_background,Escherichia,125,substitution_1pct_N_3pct,target_binary
pseeiip,logistic,54,2,64,0.5294117647058824,0.5277777777777778,target_background,Escherichia,125,substitution_1pct_N_3pct,target_binary
ck4,logistic,81,3,136,0.16,0.16203703703703703,within_genus_species,Klebsiella,125,substitution_1pct_N_3pct,label
ck4p_msp,logistic,81,3,222,0.12,0.13032581453634084,within_genus_species,Klebsiella,125,substitution_1pct_N_3pct,label
pseknc_k3_l3,logistic,81,3,67,0.16,0.1599128540305011,within_genus_species,Klebsiella,125,substitution_1pct_N_3pct,label
ncp_anf,logistic,81,3,500,0.32,0.28937198067632847,within_genus_species,Klebsiella,125,substitution_1pct_N_3pct,label
pseeiip,logistic,81,3,64,0.16,0.1599128540305011,within_genus_species,Klebsiella,125,substitution_1pct_N_3pct,label
ck4,logistic,81,2,136,0.64,0.5714285714285714,target_background,Klebsiella,125,substitution_1pct_N_3pct,target_binary
ck4p_msp,logistic,81,2,222,0.72,0.6880570409982174,target_background,Klebsiella,125,substitution_1pct_N_3pct,target_binary
pseknc_k3_l3,logistic,81,2,67,0.44,0.35661764705882354,target_background,Klebsiella,125,substitution_1pct_N_3pct,target_binary
ncp_anf,logistic,81,2,500,0.6,0.375,target_background,Klebsiella,125,substitution_1pct_N_3pct,target_binary
pseeiip,logistic,81,2,64,0.44,0.35661764705882354,target_background,Klebsiella,125,substitution_1pct_N_3pct,target_binary
ck4,logistic,114,4,136,0.37142857142857144,0.35199175824175827,within_genus_species,Acinetobacter,150,clean,label
ck4p_msp,logistic,114,4,222,0.2571428571428571,0.2511904761904762,within_genus_species,Acinetobacter,150,clean,label
pseknc_k3_l3,logistic,114,4,67,0.45714285714285713,0.398081841432225,within_genus_species,Acinetobacter,150,clean,label
ncp_anf,logistic,114,4,600,0.2571428571428571,0.2568840579710145,within_genus_species,Acinetobacter,150,clean,label
pseeiip,logistic,114,4,64,0.45714285714285713,0.4040106951871658,within_genus_species,Acinetobacter,150,clean,label
ck4,logistic,89,3,136,0.3333333333333333,0.34276018099547506,within_genus_species,Burkholderia,150,clean,label
ck4p_msp,logistic,89,3,222,0.2222222222222222,0.23272642390289447,within_genus_species,Burkholderia,150,clean,label
pseknc_k3_l3,logistic,89,3,67,0.37037037037037035,0.37121212121212127,within_genus_species,Burkholderia,150,clean,label
ncp_anf,logistic,89,3,600,0.3333333333333333,0.3361111111111111,within_genus_species,Burkholderia,150,clean,label
pseeiip,logistic,89,3,64,0.2962962962962963,0.2896825396825397,within_genus_species,Burkholderia,150,clean,label
ck4,logistic,89,2,136,0.6666666666666666,0.6136724960254372,target_background,Burkholderia,150,clean,target_binary
ck4p_msp,logistic,89,2,222,0.6666666666666666,0.6136724960254372,target_background,Burkholderia,150,clean,target_binary
pseknc_k3_l3,logistic,89,2,67,0.5925925925925926,0.5714285714285714,target_background,Burkholderia,150,clean,target_binary
ncp_anf,logistic,89,2,600,0.7037037037037037,0.5714285714285714,target_background,Burkholderia,150,clean,target_binary
pseeiip,logistic,89,2,64,0.5925925925925926,0.5714285714285714,target_background,Burkholderia,150,clean,target_binary
ck4,logistic,113,4,136,0.38235294117647056,0.3336385836385836,within_genus_species,Candida,150,clean,label
ck4p_msp,logistic,113,4,222,0.38235294117647056,0.35621731209966506,within_genus_species,Candida,150,clean,label
pseknc_k3_l3,logistic,113,4,67,0.35294117647058826,0.3217240276063806,within_genus_species,Candida,150,clean,label
ncp_anf,logistic,113,4,600,0.11764705882352941,0.11785130718954248,within_genus_species,Candida,150,clean,label
pseeiip,logistic,113,4,64,0.35294117647058826,0.3217240276063806,within_genus_species,Candida,150,clean,label
ck4,logistic,92,2,136,0.5357142857142857,0.4509803921568627,target_background,Candida,150,clean,target_binary
ck4p_msp,logistic,92,2,222,0.6071428571428571,0.5354449472096531,target_background,Candida,150,clean,target_binary
pseknc_k3_l3,logistic,92,2,67,0.5357142857142857,0.4822190611664296,target_background,Candida,150,clean,target_binary
ncp_anf,logistic,92,2,600,0.5357142857142857,0.3488372093023256,target_background,Candida,150,clean,target_binary
pseeiip,logistic,92,2,64,0.5714285714285714,0.5087719298245614,target_background,Candida,150,clean,target_binary
ck4,logistic,147,5,136,0.24444444444444444,0.24662464985994398,within_genus_species,Enterobacter,150,clean,label
ck4p_msp,logistic,147,5,222,0.28888888888888886,0.2768253968253968,within_genus_species,Enterobacter,150,clean,label
pseknc_k3_l3,logistic,147,5,67,0.24444444444444444,0.23145276292335115,within_genus_species,Enterobacter,150,clean,label
ncp_anf,logistic,147,5,600,0.26666666666666666,0.24545674531155473,within_genus_species,Enterobacter,150,clean,label
pseeiip,logistic,147,5,64,0.2222222222222222,0.2149159663865546,within_genus_species,Enterobacter,150,clean,label
ck4,logistic,89,2,136,0.48148148148148145,0.3782894736842105,target_background,Enterobacter,150,clean,target_binary
ck4p_msp,logistic,89,2,222,0.5185185185185185,0.39999999999999997,target_background,Enterobacter,150,clean,target_binary
pseknc_k3_l3,logistic,89,2,67,0.6296296296296297,0.5833333333333333,target_background,Enterobacter,150,clean,target_binary
ncp_anf,logistic,89,2,600,0.7037037037037037,0.5090909090909091,target_background,Enterobacter,150,clean,target_binary
pseeiip,logistic,89,2,64,0.5925925925925926,0.5278219395866455,target_background,Enterobacter,150,clean,target_binary
ck4,logistic,59,2,136,0.5555555555555556,0.55,within_genus_species,Escherichia,150,clean,label
ck4p_msp,logistic,59,2,222,0.6111111111111112,0.609907120743034,within_genus_species,Escherichia,150,clean,label
pseknc_k3_l3,logistic,59,2,67,0.6111111111111112,0.5785953177257526,within_genus_species,Escherichia,150,clean,label
ncp_anf,logistic,59,2,600,0.5,0.4857142857142857,within_genus_species,Escherichia,150,clean,label
pseeiip,logistic,59,2,64,0.6111111111111112,0.5785953177257526,within_genus_species,Escherichia,150,clean,label
ck4,logistic,59,2,136,0.5555555555555556,0.55,target_background,Escherichia,150,clean,target_binary
ck4p_msp,logistic,59,2,222,0.6111111111111112,0.609907120743034,target_background,Escherichia,150,clean,target_binary
pseknc_k3_l3,logistic,59,2,67,0.6111111111111112,0.5785953177257526,target_background,Escherichia,150,clean,target_binary
ncp_anf,logistic,59,2,600,0.5,0.4857142857142857,target_background,Escherichia,150,clean,target_binary
pseeiip,logistic,59,2,64,0.6111111111111112,0.5785953177257526,target_background,Escherichia,150,clean,target_binary
ck4,logistic,78,3,136,0.3333333333333333,0.28484848484848485,within_genus_species,Klebsiella,150,clean,label
ck4p_msp,logistic,78,3,222,0.375,0.37598039215686274,within_genus_species,Klebsiella,150,clean,label
pseknc_k3_l3,logistic,78,3,67,0.4583333333333333,0.44466936572199733,within_genus_species,Klebsiella,150,clean,label
ncp_anf,logistic,78,3,600,0.3333333333333333,0.23076923076923075,within_genus_species,Klebsiella,150,clean,label
pseeiip,logistic,78,3,64,0.4583333333333333,0.4444444444444444,within_genus_species,Klebsiella,150,clean,label
ck4,logistic,78,2,136,0.625,0.5252747252747253,target_background,Klebsiella,150,clean,target_binary
ck4p_msp,logistic,78,2,222,0.7083333333333334,0.5213675213675213,target_background,Klebsiella,150,clean,target_binary
pseknc_k3_l3,logistic,78,2,67,0.5,0.4666666666666667,target_background,Klebsiella,150,clean,target_binary
ncp_anf,logistic,78,2,600,0.75,0.55,target_background,Klebsiella,150,clean,target_binary
pseeiip,logistic,78,2,64,0.5,0.4666666666666667,target_background,Klebsiella,150,clean,target_binary
ck4,logistic,114,4,136,0.37142857142857144,0.353270202020202,within_genus_species,Acinetobacter,150,substitution_1pct,label
ck4p_msp,logistic,114,4,222,0.2857142857142857,0.27692307692307694,within_genus_species,Acinetobacter,150,substitution_1pct,label
pseknc_k3_l3,logistic,114,4,67,0.2,0.177281438891346,within_genus_species,Acinetobacter,150,substitution_1pct,label
ncp_anf,logistic,114,4,600,0.22857142857142856,0.21704260651629073,within_genus_species,Acinetobacter,150,substitution_1pct,label
pseeiip,logistic,114,4,64,0.22857142857142856,0.20634920634920634,within_genus_species,Acinetobacter,150,substitution_1pct,label
ck4,logistic,89,3,136,0.3333333333333333,0.34259259259259256,within_genus_species,Burkholderia,150,substitution_1pct,label
ck4p_msp,logistic,89,3,222,0.25925925925925924,0.2522389890810943,within_genus_species,Burkholderia,150,substitution_1pct,label
pseknc_k3_l3,logistic,89,3,67,0.2962962962962963,0.29744503862150923,within_genus_species,Burkholderia,150,substitution_1pct,label
ncp_anf,logistic,89,3,600,0.3333333333333333,0.34335839598997486,within_genus_species,Burkholderia,150,substitution_1pct,label
pseeiip,logistic,89,3,64,0.2962962962962963,0.29744503862150923,within_genus_species,Burkholderia,150,substitution_1pct,label
ck4,logistic,89,2,136,0.7777777777777778,0.7335526315789473,target_background,Burkholderia,150,substitution_1pct,target_binary
ck4p_msp,logistic,89,2,222,0.6296296296296297,0.6029411764705883,target_background,Burkholderia,150,substitution_1pct,target_binary
pseknc_k3_l3,logistic,89,2,67,0.5185185185185185,0.4935064935064935,target_background,Burkholderia,150,substitution_1pct,target_binary
ncp_anf,logistic,89,2,600,0.6666666666666666,0.4862579281183932,target_background,Burkholderia,150,substitution_1pct,target_binary
pseeiip,logistic,89,2,64,0.5555555555555556,0.5235294117647059,target_background,Burkholderia,150,substitution_1pct,target_binary
ck4,logistic,113,4,136,0.38235294117647056,0.33678160919540234,within_genus_species,Candida,150,substitution_1pct,label
ck4p_msp,logistic,113,4,222,0.35294117647058826,0.3162774725274725,within_genus_species,Candida,150,substitution_1pct,label
pseknc_k3_l3,logistic,113,4,67,0.4117647058823529,0.4076797385620915,within_genus_species,Candida,150,substitution_1pct,label
ncp_anf,logistic,113,4,600,0.14705882352941177,0.14478844169246646,within_genus_species,Candida,150,substitution_1pct,label
pseeiip,logistic,113,4,64,0.4117647058823529,0.4076797385620915,within_genus_species,Candida,150,substitution_1pct,label
ck4,logistic,92,2,136,0.5,0.4269005847953216,target_background,Candida,150,substitution_1pct,target_binary
ck4p_msp,logistic,92,2,222,0.5357142857142857,0.4822190611664296,target_background,Candida,150,substitution_1pct,target_binary
pseknc_k3_l3,logistic,92,2,67,0.5,0.4269005847953216,target_background,Candida,150,substitution_1pct,target_binary
ncp_anf,logistic,92,2,600,0.6071428571428571,0.49918699186991866,target_background,Candida,150,substitution_1pct,target_binary
pseeiip,logistic,92,2,64,0.5,0.4269005847953216,target_background,Candida,150,substitution_1pct,target_binary
ck4,logistic,147,5,136,0.24444444444444444,0.23877389716668224,within_genus_species,Enterobacter,150,substitution_1pct,label
ck4p_msp,logistic,147,5,222,0.26666666666666666,0.258270944741533,within_genus_species,Enterobacter,150,substitution_1pct,label
pseknc_k3_l3,logistic,147,5,67,0.2,0.20342245989304814,within_genus_species,Enterobacter,150,substitution_1pct,label
ncp_anf,logistic,147,5,600,0.24444444444444444,0.23452991452991453,within_genus_species,Enterobacter,150,substitution_1pct,label
pseeiip,logistic,147,5,64,0.15555555555555556,0.16486215538847115,within_genus_species,Enterobacter,150,substitution_1pct,label
ck4,logistic,89,2,136,0.48148148148148145,0.4166666666666667,target_background,Enterobacter,150,substitution_1pct,target_binary
ck4p_msp,logistic,89,2,222,0.5925925925925926,0.5278219395866455,target_background,Enterobacter,150,substitution_1pct,target_binary
pseknc_k3_l3,logistic,89,2,67,0.5925925925925926,0.5278219395866455,target_background,Enterobacter,150,substitution_1pct,target_binary
ncp_anf,logistic,89,2,600,0.7037037037037037,0.5090909090909091,target_background,Enterobacter,150,substitution_1pct,target_binary
pseeiip,logistic,89,2,64,0.5555555555555556,0.5,target_background,Enterobacter,150,substitution_1pct,target_binary
ck4,logistic,59,2,136,0.6111111111111112,0.609907120743034,within_genus_species,Escherichia,150,substitution_1pct,label
ck4p_msp,logistic,59,2,222,0.5555555555555556,0.5555555555555556,within_genus_species,Escherichia,150,substitution_1pct,label
pseknc_k3_l3,logistic,59,2,67,0.5555555555555556,0.55,within_genus_species,Escherichia,150,substitution_1pct,label
ncp_anf,logistic,59,2,600,0.5555555555555556,0.55,within_genus_species,Escherichia,150,substitution_1pct,label
pseeiip,logistic,59,2,64,0.5555555555555556,0.55,within_genus_species,Escherichia,150,substitution_1pct,label
ck4,logistic,59,2,136,0.6111111111111112,0.609907120743034,target_background,Escherichia,150,substitution_1pct,target_binary
ck4p_msp,logistic,59,2,222,0.5555555555555556,0.5555555555555556,target_background,Escherichia,150,substitution_1pct,target_binary
pseknc_k3_l3,logistic,59,2,67,0.5555555555555556,0.55,target_background,Escherichia,150,substitution_1pct,target_binary
ncp_anf,logistic,59,2,600,0.5555555555555556,0.55,target_background,Escherichia,150,substitution_1pct,target_binary
pseeiip,logistic,59,2,64,0.5555555555555556,0.55,target_background,Escherichia,150,substitution_1pct,target_binary
ck4,logistic,78,3,136,0.375,0.3517206477732793,within_genus_species,Klebsiella,150,substitution_1pct,label
ck4p_msp,logistic,78,3,222,0.4166666666666667,0.4173669467787115,within_genus_species,Klebsiella,150,substitution_1pct,label
pseknc_k3_l3,logistic,78,3,67,0.375,0.3707516339869281,within_genus_species,Klebsiella,150,substitution_1pct,label
ncp_anf,logistic,78,3,600,0.375,0.3046153846153847,within_genus_species,Klebsiella,150,substitution_1pct,label
pseeiip,logistic,78,3,64,0.375,0.3697478991596639,within_genus_species,Klebsiella,150,substitution_1pct,label
ck4,logistic,78,2,136,0.625,0.5252747252747253,target_background,Klebsiella,150,substitution_1pct,target_binary
ck4p_msp,logistic,78,2,222,0.7083333333333334,0.5872235872235873,target_background,Klebsiella,150,substitution_1pct,target_binary
pseknc_k3_l3,logistic,78,2,67,0.5,0.4666666666666667,target_background,Klebsiella,150,substitution_1pct,target_binary
ncp_anf,logistic,78,2,600,0.75,0.55,target_background,Klebsiella,150,substitution_1pct,target_binary
pseeiip,logistic,78,2,64,0.5,0.4666666666666667,target_background,Klebsiella,150,substitution_1pct,target_binary
ck4,logistic,114,4,136,0.34285714285714286,0.3285421434019832,within_genus_species,Acinetobacter,150,N_3pct,label
ck4p_msp,logistic,114,4,222,0.2857142857142857,0.27906162464985995,within_genus_species,Acinetobacter,150,N_3pct,label
pseknc_k3_l3,logistic,114,4,67,0.2571428571428571,0.2338235294117647,within_genus_species,Acinetobacter,150,N_3pct,label
ncp_anf,logistic,114,4,600,0.2857142857142857,0.27851190476190474,within_genus_species,Acinetobacter,150,N_3pct,label
pseeiip,logistic,114,4,64,0.2571428571428571,0.2338235294117647,within_genus_species,Acinetobacter,150,N_3pct,label
ck4,logistic,89,3,136,0.2962962962962963,0.28437149270482603,within_genus_species,Burkholderia,150,N_3pct,label
ck4p_msp,logistic,89,3,222,0.4444444444444444,0.4472222222222222,within_genus_species,Burkholderia,150,N_3pct,label
pseknc_k3_l3,logistic,89,3,67,0.2222222222222222,0.23517740429505132,within_genus_species,Burkholderia,150,N_3pct,label
ncp_anf,logistic,89,3,600,0.2962962962962963,0.30277777777777776,within_genus_species,Burkholderia,150,N_3pct,label
pseeiip,logistic,89,3,64,0.14814814814814814,0.15434163260250217,within_genus_species,Burkholderia,150,N_3pct,label
ck4,logistic,89,2,136,0.6296296296296297,0.5833333333333333,target_background,Burkholderia,150,N_3pct,target_binary
ck4p_msp,logistic,89,2,222,0.5555555555555556,0.5,target_background,Burkholderia,150,N_3pct,target_binary
pseknc_k3_l3,logistic,89,2,67,0.6296296296296297,0.5833333333333333,target_background,Burkholderia,150,N_3pct,target_binary
ncp_anf,logistic,89,2,600,0.7037037037037037,0.5714285714285714,target_background,Burkholderia,150,N_3pct,target_binary
pseeiip,logistic,89,2,64,0.5925925925925926,0.5278219395866455,target_background,Burkholderia,150,N_3pct,target_binary
ck4,logistic,113,4,136,0.4117647058823529,0.3936584249084249,within_genus_species,Candida,150,N_3pct,label
ck4p_msp,logistic,113,4,222,0.3235294117647059,0.30512820512820515,within_genus_species,Candida,150,N_3pct,label
pseknc_k3_l3,logistic,113,4,67,0.38235294117647056,0.3850605413105413,within_genus_species,Candida,150,N_3pct,label
ncp_anf,logistic,113,4,600,0.23529411764705882,0.23026315789473684,within_genus_species,Candida,150,N_3pct,label
pseeiip,logistic,113,4,64,0.38235294117647056,0.37692307692307697,within_genus_species,Candida,150,N_3pct,label
ck4,logistic,92,2,136,0.5357142857142857,0.4509803921568627,target_background,Candida,150,N_3pct,target_binary
ck4p_msp,logistic,92,2,222,0.5714285714285714,0.5087719298245614,target_background,Candida,150,N_3pct,target_binary
pseknc_k3_l3,logistic,92,2,67,0.5,0.4269005847953216,target_background,Candida,150,N_3pct,target_binary
ncp_anf,logistic,92,2,600,0.6071428571428571,0.4490161001788909,target_background,Candida,150,N_3pct,target_binary
pseeiip,logistic,92,2,64,0.5,0.4269005847953216,target_background,Candida,150,N_3pct,target_binary
ck4,logistic,147,5,136,0.15555555555555556,0.15,within_genus_species,Enterobacter,150,N_3pct,label
ck4p_msp,logistic,147,5,222,0.24444444444444444,0.2390572979763988,within_genus_species,Enterobacter,150,N_3pct,label
pseknc_k3_l3,logistic,147,5,67,0.2222222222222222,0.22028314934493426,within_genus_species,Enterobacter,150,N_3pct,label
ncp_anf,logistic,147,5,600,0.2222222222222222,0.2169418644650843,within_genus_species,Enterobacter,150,N_3pct,label
pseeiip,logistic,147,5,64,0.2222222222222222,0.225,within_genus_species,Enterobacter,150,N_3pct,label
ck4,logistic,89,2,136,0.4444444444444444,0.39097744360902253,target_background,Enterobacter,150,N_3pct,target_binary
ck4p_msp,logistic,89,2,222,0.5185185185185185,0.4935064935064935,target_background,Enterobacter,150,N_3pct,target_binary
pseknc_k3_l3,logistic,89,2,67,0.5555555555555556,0.5,target_background,Enterobacter,150,N_3pct,target_binary
ncp_anf,logistic,89,2,600,0.6666666666666666,0.4862579281183932,target_background,Enterobacter,150,N_3pct,target_binary
pseeiip,logistic,89,2,64,0.5555555555555556,0.5,target_background,Enterobacter,150,N_3pct,target_binary
ck4,logistic,59,2,136,0.6111111111111112,0.609907120743034,within_genus_species,Escherichia,150,N_3pct,label
ck4p_msp,logistic,59,2,222,0.6111111111111112,0.609907120743034,within_genus_species,Escherichia,150,N_3pct,label
pseknc_k3_l3,logistic,59,2,67,0.5555555555555556,0.55,within_genus_species,Escherichia,150,N_3pct,label
ncp_anf,logistic,59,2,600,0.6111111111111112,0.609907120743034,within_genus_species,Escherichia,150,N_3pct,label
pseeiip,logistic,59,2,64,0.5555555555555556,0.55,within_genus_species,Escherichia,150,N_3pct,label
ck4,logistic,59,2,136,0.6111111111111112,0.609907120743034,target_background,Escherichia,150,N_3pct,target_binary
ck4p_msp,logistic,59,2,222,0.6111111111111112,0.609907120743034,target_background,Escherichia,150,N_3pct,target_binary
pseknc_k3_l3,logistic,59,2,67,0.5555555555555556,0.55,target_background,Escherichia,150,N_3pct,target_binary
ncp_anf,logistic,59,2,600,0.6111111111111112,0.609907120743034,target_background,Escherichia,150,N_3pct,target_binary
pseeiip,logistic,59,2,64,0.5555555555555556,0.55,target_background,Escherichia,150,N_3pct,target_binary
ck4,logistic,78,3,136,0.375,0.35425685425685427,within_genus_species,Klebsiella,150,N_3pct,label
ck4p_msp,logistic,78,3,222,0.3333333333333333,0.3277777777777778,within_genus_species,Klebsiella,150,N_3pct,label
pseknc_k3_l3,logistic,78,3,67,0.4166666666666667,0.40277777777777773,within_genus_species,Klebsiella,150,N_3pct,label
ncp_anf,logistic,78,3,600,0.375,0.3017094017094017,within_genus_species,Klebsiella,150,N_3pct,label
pseeiip,logistic,78,3,64,0.3333333333333333,0.30266955266955264,within_genus_species,Klebsiella,150,N_3pct,label
ck4,logistic,78,2,136,0.5833333333333334,0.4957983193277311,target_background,Klebsiella,150,N_3pct,target_binary
ck4p_msp,logistic,78,2,222,0.7083333333333334,0.5213675213675213,target_background,Klebsiella,150,N_3pct,target_binary
pseknc_k3_l3,logistic,78,2,67,0.625,0.5636363636363637,target_background,Klebsiella,150,N_3pct,target_binary
ncp_anf,logistic,78,2,600,0.7083333333333334,0.4146341463414634,target_background,Klebsiella,150,N_3pct,target_binary
pseeiip,logistic,78,2,64,0.5833333333333334,0.53125,target_background,Klebsiella,150,N_3pct,target_binary
ck4,logistic,114,4,136,0.2857142857142857,0.25312971342383106,within_genus_species,Acinetobacter,150,trim_5bp,label
ck4p_msp,logistic,114,4,222,0.3142857142857143,0.28354978354978355,within_genus_species,Acinetobacter,150,trim_5bp,label
pseknc_k3_l3,logistic,114,4,67,0.4,0.3491612554112554,within_genus_species,Acinetobacter,150,trim_5bp,label
ncp_anf,logistic,114,4,600,0.2571428571428571,0.2568840579710145,within_genus_species,Acinetobacter,150,trim_5bp,label
pseeiip,logistic,114,4,64,0.37142857142857144,0.3119824016563147,within_genus_species,Acinetobacter,150,trim_5bp,label
ck4,logistic,89,3,136,0.3333333333333333,0.3341687552213868,within_genus_species,Burkholderia,150,trim_5bp,label
ck4p_msp,logistic,89,3,222,0.2222222222222222,0.19595959595959597,within_genus_species,Burkholderia,150,trim_5bp,label
pseknc_k3_l3,logistic,89,3,67,0.2962962962962963,0.30084541062801934,within_genus_species,Burkholderia,150,trim_5bp,label
ncp_anf,logistic,89,3,600,0.37037037037037035,0.36944444444444446,within_genus_species,Burkholderia,150,trim_5bp,label
pseeiip,logistic,89,3,64,0.25925925925925924,0.26111111111111107,within_genus_species,Burkholderia,150,trim_5bp,label
ck4,logistic,89,2,136,0.7037037037037037,0.6666666666666667,target_background,Burkholderia,150,trim_5bp,target_binary
ck4p_msp,logistic,89,2,222,0.7777777777777778,0.75,target_background,Burkholderia,150,trim_5bp,target_binary
pseknc_k3_l3,logistic,89,2,67,0.6296296296296297,0.6029411764705883,target_background,Burkholderia,150,trim_5bp,target_binary
ncp_anf,logistic,89,2,600,0.6666666666666666,0.5440900562851783,target_background,Burkholderia,150,trim_5bp,target_binary
pseeiip,logistic,89,2,64,0.6296296296296297,0.6029411764705883,target_background,Burkholderia,150,trim_5bp,target_binary
ck4,logistic,113,4,136,0.3235294117647059,0.2816682228446934,within_genus_species,Candida,150,trim_5bp,label
ck4p_msp,logistic,113,4,222,0.38235294117647056,0.3571428571428571,within_genus_species,Candida,150,trim_5bp,label
pseknc_k3_l3,logistic,113,4,67,0.29411764705882354,0.25440981432360743,within_genus_species,Candida,150,trim_5bp,label
ncp_anf,logistic,113,4,600,0.29411764705882354,0.28012820512820513,within_genus_species,Candida,150,trim_5bp,label
pseeiip,logistic,113,4,64,0.3235294117647059,0.3051075268817204,within_genus_species,Candida,150,trim_5bp,label
ck4,logistic,92,2,136,0.42857142857142855,0.37777777777777777,target_background,Candida,150,trim_5bp,target_binary
ck4p_msp,logistic,92,2,222,0.5357142857142857,0.4509803921568627,target_background,Candida,150,trim_5bp,target_binary
pseknc_k3_l3,logistic,92,2,67,0.5357142857142857,0.4822190611664296,target_background,Candida,150,trim_5bp,target_binary
ncp_anf,logistic,92,2,600,0.5714285714285714,0.4285714285714286,target_background,Candida,150,trim_5bp,target_binary
pseeiip,logistic,92,2,64,0.5714285714285714,0.5087719298245614,target_background,Candida,150,trim_5bp,target_binary
ck4,logistic,147,5,136,0.2222222222222222,0.22524939800481594,within_genus_species,Enterobacter,150,trim_5bp,label
ck4p_msp,logistic,147,5,222,0.28888888888888886,0.28653250773993805,within_genus_species,Enterobacter,150,trim_5bp,label
pseknc_k3_l3,logistic,147,5,67,0.2,0.19526315789473686,within_genus_species,Enterobacter,150,trim_5bp,label
ncp_anf,logistic,147,5,600,0.26666666666666666,0.24893506493506495,within_genus_species,Enterobacter,150,trim_5bp,label
pseeiip,logistic,147,5,64,0.24444444444444444,0.2377272727272727,within_genus_species,Enterobacter,150,trim_5bp,label
ck4,logistic,89,2,136,0.48148148148148145,0.3782894736842105,target_background,Enterobacter,150,trim_5bp,target_binary
ck4p_msp,logistic,89,2,222,0.48148148148148145,0.3782894736842105,target_background,Enterobacter,150,trim_5bp,target_binary
pseknc_k3_l3,logistic,89,2,67,0.5555555555555556,0.46710526315789475,target_background,Enterobacter,150,trim_5bp,target_binary
ncp_anf,logistic,89,2,600,0.6666666666666666,0.4862579281183932,target_background,Enterobacter,150,trim_5bp,target_binary
pseeiip,logistic,89,2,64,0.5555555555555556,0.4214285714285714,target_background,Enterobacter,150,trim_5bp,target_binary
ck4,logistic,59,2,136,0.6666666666666666,0.6666666666666666,within_genus_species,Escherichia,150,trim_5bp,label
ck4p_msp,logistic,59,2,222,0.6111111111111112,0.609907120743034,within_genus_species,Escherichia,150,trim_5bp,label
pseknc_k3_l3,logistic,59,2,67,0.4444444444444444,0.4375,within_genus_species,Escherichia,150,trim_5bp,label
ncp_anf,logistic,59,2,600,0.5,0.4857142857142857,within_genus_species,Escherichia,150,trim_5bp,label
pseeiip,logistic,59,2,64,0.4444444444444444,0.4375,within_genus_species,Escherichia,150,trim_5bp,label
ck4,logistic,59,2,136,0.6666666666666666,0.6666666666666666,target_background,Escherichia,150,trim_5bp,target_binary
ck4p_msp,logistic,59,2,222,0.6111111111111112,0.609907120743034,target_background,Escherichia,150,trim_5bp,target_binary
pseknc_k3_l3,logistic,59,2,67,0.4444444444444444,0.4375,target_background,Escherichia,150,trim_5bp,target_binary
ncp_anf,logistic,59,2,600,0.5,0.4857142857142857,target_background,Escherichia,150,trim_5bp,target_binary
pseeiip,logistic,59,2,64,0.4444444444444444,0.4375,target_background,Escherichia,150,trim_5bp,target_binary
ck4,logistic,78,3,136,0.2916666666666667,0.24444444444444446,within_genus_species,Klebsiella,150,trim_5bp,label
ck4p_msp,logistic,78,3,222,0.4166666666666667,0.40256410256410263,within_genus_species,Klebsiella,150,trim_5bp,label
pseknc_k3_l3,logistic,78,3,67,0.4583333333333333,0.4565826330532213,within_genus_species,Klebsiella,150,trim_5bp,label
ncp_anf,logistic,78,3,600,0.2916666666666667,0.2076190476190476,within_genus_species,Klebsiella,150,trim_5bp,label
pseeiip,logistic,78,3,64,0.4583333333333333,0.4565826330532213,within_genus_species,Klebsiella,150,trim_5bp,label
ck4,logistic,78,2,136,0.625,0.5252747252747253,target_background,Klebsiella,150,trim_5bp,target_binary
ck4p_msp,logistic,78,2,222,0.7083333333333334,0.5872235872235873,target_background,Klebsiella,150,trim_5bp,target_binary
pseknc_k3_l3,logistic,78,2,67,0.375,0.34664246823956446,target_background,Klebsiella,150,trim_5bp,target_binary
ncp_anf,logistic,78,2,600,0.75,0.55,target_background,Klebsiella,150,trim_5bp,target_binary
pseeiip,logistic,78,2,64,0.375,0.34664246823956446,target_background,Klebsiella,150,trim_5bp,target_binary
ck4,logistic,114,4,136,0.2571428571428571,0.26009358288770057,within_genus_species,Acinetobacter,150,substitution_1pct_N_3pct,label
ck4p_msp,logistic,114,4,222,0.34285714285714286,0.34156162464985995,within_genus_species,Acinetobacter,150,substitution_1pct_N_3pct,label
pseknc_k3_l3,logistic,114,4,67,0.37142857142857144,0.3498440285204991,within_genus_species,Acinetobacter,150,substitution_1pct_N_3pct,label
ncp_anf,logistic,114,4,600,0.2,0.1801470588235294,within_genus_species,Acinetobacter,150,substitution_1pct_N_3pct,label
pseeiip,logistic,114,4,64,0.34285714285714286,0.33044467787114845,within_genus_species,Acinetobacter,150,substitution_1pct_N_3pct,label
ck4,logistic,89,3,136,0.37037037037037035,0.3434343434343434,within_genus_species,Burkholderia,150,substitution_1pct_N_3pct,label
ck4p_msp,logistic,89,3,222,0.3333333333333333,0.3352941176470588,within_genus_species,Burkholderia,150,substitution_1pct_N_3pct,label
pseknc_k3_l3,logistic,89,3,67,0.2222222222222222,0.22792632204396912,within_genus_species,Burkholderia,150,substitution_1pct_N_3pct,label
ncp_anf,logistic,89,3,600,0.25925925925925924,0.25820105820105815,within_genus_species,Burkholderia,150,substitution_1pct_N_3pct,label
pseeiip,logistic,89,3,64,0.18518518518518517,0.1822991822991823,within_genus_species,Burkholderia,150,substitution_1pct_N_3pct,label
ck4,logistic,89,2,136,0.6296296296296297,0.6164772727272727,target_background,Burkholderia,150,substitution_1pct_N_3pct,target_binary
ck4p_msp,logistic,89,2,222,0.6666666666666666,0.6493506493506493,target_background,Burkholderia,150,substitution_1pct_N_3pct,target_binary
pseknc_k3_l3,logistic,89,2,67,0.6666666666666666,0.6493506493506493,target_background,Burkholderia,150,substitution_1pct_N_3pct,target_binary
ncp_anf,logistic,89,2,600,0.7037037037037037,0.6142857142857143,target_background,Burkholderia,150,substitution_1pct_N_3pct,target_binary
pseeiip,logistic,89,2,64,0.5925925925925926,0.5834502103786816,target_background,Burkholderia,150,substitution_1pct_N_3pct,target_binary
ck4,logistic,113,4,136,0.2647058823529412,0.26521739130434785,within_genus_species,Candida,150,substitution_1pct_N_3pct,label
ck4p_msp,logistic,113,4,222,0.2647058823529412,0.25479422538246066,within_genus_species,Candida,150,substitution_1pct_N_3pct,label
pseknc_k3_l3,logistic,113,4,67,0.29411764705882354,0.30066045066045066,within_genus_species,Candida,150,substitution_1pct_N_3pct,label
ncp_anf,logistic,113,4,600,0.29411764705882354,0.2826441102756892,within_genus_species,Candida,150,substitution_1pct_N_3pct,label
pseeiip,logistic,113,4,64,0.29411764705882354,0.304656862745098,within_genus_species,Candida,150,substitution_1pct_N_3pct,label
ck4,logistic,92,2,136,0.5714285714285714,0.475,target_background,Candida,150,substitution_1pct_N_3pct,target_binary
ck4p_msp,logistic,92,2,222,0.6428571428571429,0.5906432748538011,target_background,Candida,150,substitution_1pct_N_3pct,target_binary
pseknc_k3_l3,logistic,92,2,67,0.5357142857142857,0.5047619047619047,target_background,Candida,150,substitution_1pct_N_3pct,target_binary
ncp_anf,logistic,92,2,600,0.6428571428571429,0.5238095238095237,target_background,Candida,150,substitution_1pct_N_3pct,target_binary
pseeiip,logistic,92,2,64,0.5357142857142857,0.5047619047619047,target_background,Candida,150,substitution_1pct_N_3pct,target_binary
ck4,logistic,147,5,136,0.15555555555555556,0.13847619047619047,within_genus_species,Enterobacter,150,substitution_1pct_N_3pct,label
ck4p_msp,logistic,147,5,222,0.15555555555555556,0.13207070707070706,within_genus_species,Enterobacter,150,substitution_1pct_N_3pct,label
pseknc_k3_l3,logistic,147,5,67,0.26666666666666666,0.27037077989090375,within_genus_species,Enterobacter,150,substitution_1pct_N_3pct,label
ncp_anf,logistic,147,5,600,0.2222222222222222,0.214007326007326,within_genus_species,Enterobacter,150,substitution_1pct_N_3pct,label
pseeiip,logistic,147,5,64,0.26666666666666666,0.26994152046783626,within_genus_species,Enterobacter,150,substitution_1pct_N_3pct,label
ck4,logistic,89,2,136,0.5925925925925926,0.4427767354596623,target_background,Enterobacter,150,substitution_1pct_N_3pct,target_binary
ck4p_msp,logistic,89,2,222,0.4444444444444444,0.3076923076923077,target_background,Enterobacter,150,substitution_1pct_N_3pct,target_binary
pseknc_k3_l3,logistic,89,2,67,0.5185185185185185,0.4419713831478538,target_background,Enterobacter,150,substitution_1pct_N_3pct,target_binary
ncp_anf,logistic,89,2,600,0.6296296296296297,0.5178571428571428,target_background,Enterobacter,150,substitution_1pct_N_3pct,target_binary
pseeiip,logistic,89,2,64,0.48148148148148145,0.4166666666666667,target_background,Enterobacter,150,substitution_1pct_N_3pct,target_binary
ck4,logistic,59,2,136,0.7222222222222222,0.7213622291021672,within_genus_species,Escherichia,150,substitution_1pct_N_3pct,label
ck4p_msp,logistic,59,2,222,0.7777777777777778,0.775,within_genus_species,Escherichia,150,substitution_1pct_N_3pct,label
pseknc_k3_l3,logistic,59,2,67,0.4444444444444444,0.4375,within_genus_species,Escherichia,150,substitution_1pct_N_3pct,label
ncp_anf,logistic,59,2,600,0.7222222222222222,0.7213622291021672,within_genus_species,Escherichia,150,substitution_1pct_N_3pct,label
pseeiip,logistic,59,2,64,0.4444444444444444,0.4375,within_genus_species,Escherichia,150,substitution_1pct_N_3pct,label
ck4,logistic,59,2,136,0.7222222222222222,0.7213622291021672,target_background,Escherichia,150,substitution_1pct_N_3pct,target_binary
ck4p_msp,logistic,59,2,222,0.7777777777777778,0.775,target_background,Escherichia,150,substitution_1pct_N_3pct,target_binary
pseknc_k3_l3,logistic,59,2,67,0.4444444444444444,0.4375,target_background,Escherichia,150,substitution_1pct_N_3pct,target_binary
ncp_anf,logistic,59,2,600,0.7222222222222222,0.7213622291021672,target_background,Escherichia,150,substitution_1pct_N_3pct,target_binary
pseeiip,logistic,59,2,64,0.4444444444444444,0.4375,target_background,Escherichia,150,substitution_1pct_N_3pct,target_binary
ck4,logistic,78,3,136,0.375,0.34761904761904766,within_genus_species,Klebsiella,150,substitution_1pct_N_3pct,label
ck4p_msp,logistic,78,3,222,0.2916666666666667,0.2829131652661065,within_genus_species,Klebsiella,150,substitution_1pct_N_3pct,label
pseknc_k3_l3,logistic,78,3,67,0.4166666666666667,0.40757499581028994,within_genus_species,Klebsiella,150,substitution_1pct_N_3pct,label
ncp_anf,logistic,78,3,600,0.4583333333333333,0.38540965207631867,within_genus_species,Klebsiella,150,substitution_1pct_N_3pct,label
pseeiip,logistic,78,3,64,0.3333333333333333,0.3135534915720674,within_genus_species,Klebsiella,150,substitution_1pct_N_3pct,label
ck4,logistic,78,2,136,0.625,0.5252747252747253,target_background,Klebsiella,150,substitution_1pct_N_3pct,target_binary
ck4p_msp,logistic,78,2,222,0.75,0.6210526315789473,target_background,Klebsiella,150,substitution_1pct_N_3pct,target_binary
pseknc_k3_l3,logistic,78,2,67,0.5416666666666666,0.4666666666666667,target_background,Klebsiella,150,substitution_1pct_N_3pct,target_binary
ncp_anf,logistic,78,2,600,0.7083333333333334,0.4146341463414634,target_background,Klebsiella,150,substitution_1pct_N_3pct,target_binary
pseeiip,logistic,78,2,64,0.5416666666666666,0.4666666666666667,target_background,Klebsiella,150,substitution_1pct_N_3pct,target_binary
