representation,classifier,n_samples,n_classes,n_features,accuracy,macro_f1,task,genus,length,condition,label_col
ckmer5_count_l2,nearest_centroid,153,4,512,0.2826086956521739,0.27313797313797317,within_genus_species,Acinetobacter,69,clean,label
ckmer5_count_l2,logistic,153,4,512,0.32608695652173914,0.31370037670240514,within_genus_species,Acinetobacter,69,clean,label
ckmer5_count_l2,mlp,153,4,512,0.34782608695652173,0.28708133971291866,within_genus_species,Acinetobacter,69,clean,label
ckmer7_count_l2,nearest_centroid,153,4,4934,0.2391304347826087,0.19791666666666666,within_genus_species,Acinetobacter,69,clean,label
ckmer7_count_l2,logistic,153,4,4934,0.2608695652173913,0.2419990210938487,within_genus_species,Acinetobacter,69,clean,label
ckmer7_count_l2,mlp,153,4,4934,0.2608695652173913,0.213023088023088,within_genus_species,Acinetobacter,69,clean,label
cspaced_count_l2,nearest_centroid,153,4,136,0.2391304347826087,0.23786561264822137,within_genus_species,Acinetobacter,69,clean,label
cspaced_count_l2,logistic,153,4,136,0.30434782608695654,0.30445652173913046,within_genus_species,Acinetobacter,69,clean,label
cspaced_count_l2,mlp,153,4,136,0.2826086956521739,0.2763046450117388,within_genus_species,Acinetobacter,69,clean,label
cspaced_property_l2,nearest_centroid,153,4,147,0.21739130434782608,0.21755599472990778,within_genus_species,Acinetobacter,69,clean,label
cspaced_property_l2,logistic,153,4,147,0.32608695652173914,0.31958810068649884,within_genus_species,Acinetobacter,69,clean,label
cspaced_property_l2,mlp,153,4,147,0.34782608695652173,0.28352029914529914,within_genus_species,Acinetobacter,69,clean,label
hybrid_ckmer5_csp,nearest_centroid,153,4,659,0.30434782608695654,0.2966527429685324,within_genus_species,Acinetobacter,69,clean,label
hybrid_ckmer5_csp,logistic,153,4,659,0.34782608695652173,0.33749999999999997,within_genus_species,Acinetobacter,69,clean,label
hybrid_ckmer5_csp,mlp,153,4,659,0.1956521739130435,0.16666666666666669,within_genus_species,Acinetobacter,69,clean,label
ckmer5_count_l2,nearest_centroid,144,3,485,0.4318181818181818,0.43578970049558285,within_genus_species,Burkholderia,69,clean,label
ckmer5_count_l2,logistic,144,3,485,0.38636363636363635,0.3763363073707901,within_genus_species,Burkholderia,69,clean,label
ckmer5_count_l2,mlp,144,3,485,0.29545454545454547,0.2594594594594595,within_genus_species,Burkholderia,69,clean,label
ckmer7_count_l2,nearest_centroid,144,3,3415,0.3409090909090909,0.3346628679962014,within_genus_species,Burkholderia,69,clean,label
ckmer7_count_l2,logistic,144,3,3415,0.4318181818181818,0.4314176245210728,within_genus_species,Burkholderia,69,clean,label
ckmer7_count_l2,mlp,144,3,3415,0.36363636363636365,0.3440419229892913,within_genus_species,Burkholderia,69,clean,label
cspaced_count_l2,nearest_centroid,144,3,135,0.29545454545454547,0.29169354838709677,within_genus_species,Burkholderia,69,clean,label
cspaced_count_l2,logistic,144,3,135,0.29545454545454547,0.27104377104377103,within_genus_species,Burkholderia,69,clean,label
cspaced_count_l2,mlp,144,3,135,0.3181818181818182,0.26495726495726496,within_genus_species,Burkholderia,69,clean,label
cspaced_property_l2,nearest_centroid,144,3,146,0.29545454545454547,0.29169354838709677,within_genus_species,Burkholderia,69,clean,label
cspaced_property_l2,logistic,144,3,146,0.25,0.21169590643274852,within_genus_species,Burkholderia,69,clean,label
cspaced_property_l2,mlp,144,3,146,0.3181818181818182,0.2932659932659933,within_genus_species,Burkholderia,69,clean,label
hybrid_ckmer5_csp,nearest_centroid,144,3,631,0.4318181818181818,0.43330126663459995,within_genus_species,Burkholderia,69,clean,label
hybrid_ckmer5_csp,logistic,144,3,631,0.29545454545454547,0.28161616161616165,within_genus_species,Burkholderia,69,clean,label
hybrid_ckmer5_csp,mlp,144,3,631,0.36363636363636365,0.3125,within_genus_species,Burkholderia,69,clean,label
ckmer5_count_l2,nearest_centroid,127,2,483,0.5641025641025641,0.544955387783116,target_background,Burkholderia,69,clean,target_binary
ckmer5_count_l2,logistic,127,2,483,0.5384615384615384,0.43019480519480524,target_background,Burkholderia,69,clean,target_binary
ckmer5_count_l2,mlp,127,2,483,0.46153846153846156,0.46153846153846156,target_background,Burkholderia,69,clean,target_binary
ckmer7_count_l2,nearest_centroid,127,2,3207,0.5641025641025641,0.44611528822055135,target_background,Burkholderia,69,clean,target_binary
ckmer7_count_l2,logistic,127,2,3207,0.5897435897435898,0.4620689655172414,target_background,Burkholderia,69,clean,target_binary
ckmer7_count_l2,mlp,127,2,3207,0.3076923076923077,0.23529411764705882,target_background,Burkholderia,69,clean,target_binary
cspaced_count_l2,nearest_centroid,127,2,136,0.5384615384615384,0.5230978260869565,target_background,Burkholderia,69,clean,target_binary
cspaced_count_l2,logistic,127,2,136,0.4358974358974359,0.4171195652173913,target_background,Burkholderia,69,clean,target_binary
cspaced_count_l2,mlp,127,2,136,0.5897435897435898,0.42222222222222217,target_background,Burkholderia,69,clean,target_binary
cspaced_property_l2,nearest_centroid,127,2,147,0.5128205128205128,0.501010101010101,target_background,Burkholderia,69,clean,target_binary
cspaced_property_l2,logistic,127,2,147,0.5128205128205128,0.501010101010101,target_background,Burkholderia,69,clean,target_binary
cspaced_property_l2,mlp,127,2,147,0.6153846153846154,0.5751633986928104,target_background,Burkholderia,69,clean,target_binary
hybrid_ckmer5_csp,nearest_centroid,127,2,630,0.5384615384615384,0.5230978260869565,target_background,Burkholderia,69,clean,target_binary
hybrid_ckmer5_csp,logistic,127,2,630,0.5128205128205128,0.4142292490118577,target_background,Burkholderia,69,clean,target_binary
hybrid_ckmer5_csp,mlp,127,2,630,0.46153846153846156,0.4484848484848485,target_background,Burkholderia,69,clean,target_binary
ckmer5_count_l2,nearest_centroid,174,4,508,0.32075471698113206,0.30310160427807487,within_genus_species,Candida,69,clean,label
ckmer5_count_l2,logistic,174,4,508,0.32075471698113206,0.2965165796048149,within_genus_species,Candida,69,clean,label
ckmer5_count_l2,mlp,174,4,508,0.2830188679245283,0.20953598830836684,within_genus_species,Candida,69,clean,label
ckmer7_count_l2,nearest_centroid,174,4,4649,0.33962264150943394,0.33673271173271174,within_genus_species,Candida,69,clean,label
ckmer7_count_l2,logistic,174,4,4649,0.33962264150943394,0.28340955284552843,within_genus_species,Candida,69,clean,label
ckmer7_count_l2,mlp,174,4,4649,0.2830188679245283,0.269017094017094,within_genus_species,Candida,69,clean,label
cspaced_count_l2,nearest_centroid,174,4,136,0.16981132075471697,0.1323529411764706,within_genus_species,Candida,69,clean,label
cspaced_count_l2,logistic,174,4,136,0.22641509433962265,0.20178905762429789,within_genus_species,Candida,69,clean,label
cspaced_count_l2,mlp,174,4,136,0.20754716981132076,0.20880688687914106,within_genus_species,Candida,69,clean,label
cspaced_property_l2,nearest_centroid,174,4,147,0.16981132075471697,0.12983193277310925,within_genus_species,Candida,69,clean,label
cspaced_property_l2,logistic,174,4,147,0.22641509433962265,0.17443064182194618,within_genus_species,Candida,69,clean,label
cspaced_property_l2,mlp,174,4,147,0.3018867924528302,0.26564487281399046,within_genus_species,Candida,69,clean,label
hybrid_ckmer5_csp,nearest_centroid,174,4,655,0.32075471698113206,0.311984126984127,within_genus_species,Candida,69,clean,label
hybrid_ckmer5_csp,logistic,174,4,655,0.24528301886792453,0.2217948717948718,within_genus_species,Candida,69,clean,label
hybrid_ckmer5_csp,mlp,174,4,655,0.2641509433962264,0.25213307563579795,within_genus_species,Candida,69,clean,label
ckmer5_count_l2,nearest_centroid,125,2,502,0.5526315789473685,0.4933333333333333,target_background,Candida,69,clean,target_binary
ckmer5_count_l2,logistic,125,2,502,0.6052631578947368,0.5691609977324263,target_background,Candida,69,clean,target_binary
ckmer5_count_l2,mlp,125,2,502,0.5526315789473685,0.5117157974300831,target_background,Candida,69,clean,target_binary
ckmer7_count_l2,nearest_centroid,125,2,3918,0.6052631578947368,0.4317048853439681,target_background,Candida,69,clean,target_binary
ckmer7_count_l2,logistic,125,2,3918,0.5789473684210527,0.4176245210727969,target_background,Candida,69,clean,target_binary
ckmer7_count_l2,mlp,125,2,3918,0.39473684210526316,0.3909407665505227,target_background,Candida,69,clean,target_binary
cspaced_count_l2,nearest_centroid,125,2,136,0.4473684210526316,0.4376321353065539,target_background,Candida,69,clean,target_binary
cspaced_count_l2,logistic,125,2,136,0.47368421052631576,0.4602272727272727,target_background,Candida,69,clean,target_binary
cspaced_count_l2,mlp,125,2,136,0.4473684210526316,0.4145267791636097,target_background,Candida,69,clean,target_binary
cspaced_property_l2,nearest_centroid,125,2,147,0.4473684210526316,0.4376321353065539,target_background,Candida,69,clean,target_binary
cspaced_property_l2,logistic,125,2,147,0.4473684210526316,0.4376321353065539,target_background,Candida,69,clean,target_binary
cspaced_property_l2,mlp,125,2,147,0.47368421052631576,0.47368421052631576,target_background,Candida,69,clean,target_binary
hybrid_ckmer5_csp,nearest_centroid,125,2,649,0.5789473684210527,0.5128205128205128,target_background,Candida,69,clean,target_binary
hybrid_ckmer5_csp,logistic,125,2,649,0.6578947368421053,0.6125490196078431,target_background,Candida,69,clean,target_binary
hybrid_ckmer5_csp,mlp,125,2,649,0.6052631578947368,0.4317048853439681,target_background,Candida,69,clean,target_binary
ckmer5_count_l2,nearest_centroid,214,5,508,0.2153846153846154,0.2158391367087019,within_genus_species,Enterobacter,69,clean,label
ckmer5_count_l2,logistic,214,5,508,0.15384615384615385,0.1518787878787879,within_genus_species,Enterobacter,69,clean,label
ckmer5_count_l2,mlp,214,5,508,0.23076923076923078,0.20490015360983102,within_genus_species,Enterobacter,69,clean,label
ckmer7_count_l2,nearest_centroid,214,5,5729,0.26153846153846155,0.22933822372379323,within_genus_species,Enterobacter,69,clean,label
ckmer7_count_l2,logistic,214,5,5729,0.23076923076923078,0.21776756082760979,within_genus_species,Enterobacter,69,clean,label
ckmer7_count_l2,mlp,214,5,5729,0.2,0.16349927849927848,within_genus_species,Enterobacter,69,clean,label
cspaced_count_l2,nearest_centroid,214,5,136,0.2,0.19687848383500556,within_genus_species,Enterobacter,69,clean,label
cspaced_count_l2,logistic,214,5,136,0.2,0.1968829954524204,within_genus_species,Enterobacter,69,clean,label
cspaced_count_l2,mlp,214,5,136,0.2153846153846154,0.19308300395256917,within_genus_species,Enterobacter,69,clean,label
cspaced_property_l2,nearest_centroid,214,5,147,0.2,0.196308683265205,within_genus_species,Enterobacter,69,clean,label
cspaced_property_l2,logistic,214,5,147,0.16923076923076924,0.16579795146415063,within_genus_species,Enterobacter,69,clean,label
cspaced_property_l2,mlp,214,5,147,0.2153846153846154,0.1943439091265178,within_genus_species,Enterobacter,69,clean,label
hybrid_ckmer5_csp,nearest_centroid,214,5,655,0.2153846153846154,0.21583913670870195,within_genus_species,Enterobacter,69,clean,label
hybrid_ckmer5_csp,logistic,214,5,655,0.15384615384615385,0.1540633484162896,within_genus_species,Enterobacter,69,clean,label
hybrid_ckmer5_csp,mlp,214,5,655,0.2923076923076923,0.248859160163508,within_genus_species,Enterobacter,69,clean,label
ckmer5_count_l2,nearest_centroid,119,2,507,0.5555555555555556,0.4763636363636364,target_background,Enterobacter,69,clean,target_binary
ckmer5_count_l2,logistic,119,2,507,0.5,0.4109090909090909,target_background,Enterobacter,69,clean,target_binary
ckmer5_count_l2,mlp,119,2,507,0.3333333333333333,0.25,target_background,Enterobacter,69,clean,target_binary
ckmer7_count_l2,nearest_centroid,119,2,4307,0.6666666666666666,0.4,target_background,Enterobacter,69,clean,target_binary
ckmer7_count_l2,logistic,119,2,4307,0.6666666666666666,0.4,target_background,Enterobacter,69,clean,target_binary
ckmer7_count_l2,mlp,119,2,4307,0.3055555555555556,0.305019305019305,target_background,Enterobacter,69,clean,target_binary
cspaced_count_l2,nearest_centroid,119,2,136,0.6111111111111112,0.5625,target_background,Enterobacter,69,clean,target_binary
cspaced_count_l2,logistic,119,2,136,0.5555555555555556,0.5,target_background,Enterobacter,69,clean,target_binary
cspaced_count_l2,mlp,119,2,136,0.5833333333333334,0.3684210526315789,target_background,Enterobacter,69,clean,target_binary
cspaced_property_l2,nearest_centroid,119,2,147,0.5833333333333334,0.520851818988465,target_background,Enterobacter,69,clean,target_binary
cspaced_property_l2,logistic,119,2,147,0.5,0.4581939799331104,target_background,Enterobacter,69,clean,target_binary
cspaced_property_l2,mlp,119,2,147,0.6388888888888888,0.5630252100840336,target_background,Enterobacter,69,clean,target_binary
hybrid_ckmer5_csp,nearest_centroid,119,2,654,0.6111111111111112,0.5153846153846153,target_background,Enterobacter,69,clean,target_binary
hybrid_ckmer5_csp,logistic,119,2,654,0.5,0.4109090909090909,target_background,Enterobacter,69,clean,target_binary
hybrid_ckmer5_csp,mlp,119,2,654,0.4444444444444444,0.4285714285714286,target_background,Enterobacter,69,clean,target_binary
ckmer5_count_l2,nearest_centroid,88,2,504,0.48148148148148145,0.475,within_genus_species,Escherichia,69,clean,label
ckmer5_count_l2,logistic,88,2,504,0.5555555555555556,0.5397727272727273,within_genus_species,Escherichia,69,clean,label
ckmer5_count_l2,mlp,88,2,504,0.4074074074074074,0.4065934065934066,within_genus_species,Escherichia,69,clean,label
ckmer7_count_l2,nearest_centroid,88,2,3626,0.4444444444444444,0.4444444444444444,within_genus_species,Escherichia,69,clean,label
ckmer7_count_l2,logistic,88,2,3626,0.2962962962962963,0.2924137931034483,within_genus_species,Escherichia,69,clean,label
ckmer7_count_l2,mlp,88,2,3626,0.5555555555555556,0.55,within_genus_species,Escherichia,69,clean,label
cspaced_count_l2,nearest_centroid,88,2,136,0.25925925925925924,0.2582417582417582,within_genus_species,Escherichia,69,clean,label
cspaced_count_l2,logistic,88,2,136,0.4074074074074074,0.4065934065934066,within_genus_species,Escherichia,69,clean,label
cspaced_count_l2,mlp,88,2,136,0.4444444444444444,0.35612082670906203,within_genus_species,Escherichia,69,clean,label
cspaced_property_l2,nearest_centroid,88,2,147,0.2962962962962963,0.2924137931034483,within_genus_species,Escherichia,69,clean,label
cspaced_property_l2,logistic,88,2,147,0.2962962962962963,0.2962962962962963,within_genus_species,Escherichia,69,clean,label
cspaced_property_l2,mlp,88,2,147,0.5185185185185185,0.47218045112781953,within_genus_species,Escherichia,69,clean,label
hybrid_ckmer5_csp,nearest_centroid,88,2,651,0.4444444444444444,0.4413793103448276,within_genus_species,Escherichia,69,clean,label
hybrid_ckmer5_csp,logistic,88,2,651,0.5185185185185185,0.4935064935064935,within_genus_species,Escherichia,69,clean,label
hybrid_ckmer5_csp,mlp,88,2,651,0.4074074074074074,0.3647058823529412,within_genus_species,Escherichia,69,clean,label
ckmer5_count_l2,nearest_centroid,88,2,504,0.48148148148148145,0.475,target_background,Escherichia,69,clean,target_binary
ckmer5_count_l2,logistic,88,2,504,0.5555555555555556,0.5397727272727273,target_background,Escherichia,69,clean,target_binary
ckmer5_count_l2,mlp,88,2,504,0.4074074074074074,0.4065934065934066,target_background,Escherichia,69,clean,target_binary
ckmer7_count_l2,nearest_centroid,88,2,3626,0.4444444444444444,0.4444444444444444,target_background,Escherichia,69,clean,target_binary
ckmer7_count_l2,logistic,88,2,3626,0.2962962962962963,0.2924137931034483,target_background,Escherichia,69,clean,target_binary
ckmer7_count_l2,mlp,88,2,3626,0.5555555555555556,0.55,target_background,Escherichia,69,clean,target_binary
cspaced_count_l2,nearest_centroid,88,2,136,0.25925925925925924,0.2582417582417582,target_background,Escherichia,69,clean,target_binary
cspaced_count_l2,logistic,88,2,136,0.4074074074074074,0.4065934065934066,target_background,Escherichia,69,clean,target_binary
cspaced_count_l2,mlp,88,2,136,0.4444444444444444,0.35612082670906203,target_background,Escherichia,69,clean,target_binary
cspaced_property_l2,nearest_centroid,88,2,147,0.2962962962962963,0.2924137931034483,target_background,Escherichia,69,clean,target_binary
cspaced_property_l2,logistic,88,2,147,0.2962962962962963,0.2962962962962963,target_background,Escherichia,69,clean,target_binary
cspaced_property_l2,mlp,88,2,147,0.5185185185185185,0.47218045112781953,target_background,Escherichia,69,clean,target_binary
hybrid_ckmer5_csp,nearest_centroid,88,2,651,0.4444444444444444,0.4413793103448276,target_background,Escherichia,69,clean,target_binary
hybrid_ckmer5_csp,logistic,88,2,651,0.5185185185185185,0.4935064935064935,target_background,Escherichia,69,clean,target_binary
hybrid_ckmer5_csp,mlp,88,2,651,0.4074074074074074,0.3647058823529412,target_background,Escherichia,69,clean,target_binary
ckmer5_count_l2,nearest_centroid,127,3,510,0.28205128205128205,0.2389153859742095,within_genus_species,Klebsiella,69,clean,label
ckmer5_count_l2,logistic,127,3,510,0.28205128205128205,0.21975416182733257,within_genus_species,Klebsiella,69,clean,label
ckmer5_count_l2,mlp,127,3,510,0.2564102564102564,0.19999999999999998,within_genus_species,Klebsiella,69,clean,label
ckmer7_count_l2,nearest_centroid,127,3,4267,0.28205128205128205,0.2357487922705314,within_genus_species,Klebsiella,69,clean,label
ckmer7_count_l2,logistic,127,3,4267,0.2564102564102564,0.16073781291172595,within_genus_species,Klebsiella,69,clean,label
ckmer7_count_l2,mlp,127,3,4267,0.3076923076923077,0.2772166105499439,within_genus_species,Klebsiella,69,clean,label
cspaced_count_l2,nearest_centroid,127,3,136,0.28205128205128205,0.25439919557566615,within_genus_species,Klebsiella,69,clean,label
cspaced_count_l2,logistic,127,3,136,0.2564102564102564,0.24300318417965475,within_genus_species,Klebsiella,69,clean,label
cspaced_count_l2,mlp,127,3,136,0.41025641025641024,0.3573249362723046,within_genus_species,Klebsiella,69,clean,label
cspaced_property_l2,nearest_centroid,127,3,147,0.28205128205128205,0.25098039215686274,within_genus_species,Klebsiella,69,clean,label
cspaced_property_l2,logistic,127,3,147,0.2564102564102564,0.24300318417965475,within_genus_species,Klebsiella,69,clean,label
cspaced_property_l2,mlp,127,3,147,0.38461538461538464,0.3876262626262626,within_genus_species,Klebsiella,69,clean,label
hybrid_ckmer5_csp,nearest_centroid,127,3,657,0.3076923076923077,0.2658108108108108,within_genus_species,Klebsiella,69,clean,label
hybrid_ckmer5_csp,logistic,127,3,657,0.28205128205128205,0.18837209302325583,within_genus_species,Klebsiella,69,clean,label
hybrid_ckmer5_csp,mlp,127,3,657,0.23076923076923078,0.21097883597883596,within_genus_species,Klebsiella,69,clean,label
ckmer5_count_l2,nearest_centroid,124,2,509,0.4473684210526316,0.4145267791636097,target_background,Klebsiella,69,clean,target_binary
ckmer5_count_l2,logistic,124,2,509,0.4473684210526316,0.3968253968253968,target_background,Klebsiella,69,clean,target_binary
ckmer5_count_l2,mlp,124,2,509,0.34210526315789475,0.3030080704328687,target_background,Klebsiella,69,clean,target_binary
ckmer7_count_l2,nearest_centroid,124,2,4223,0.5789473684210527,0.36666666666666664,target_background,Klebsiella,69,clean,target_binary
ckmer7_count_l2,logistic,124,2,4223,0.631578947368421,0.3870967741935484,target_background,Klebsiella,69,clean,target_binary
ckmer7_count_l2,mlp,124,2,4223,0.3684210526315789,0.3684210526315789,target_background,Klebsiella,69,clean,target_binary
cspaced_count_l2,nearest_centroid,124,2,136,0.6578947368421053,0.6375641966250918,target_background,Klebsiella,69,clean,target_binary
cspaced_count_l2,logistic,124,2,136,0.5789473684210527,0.5476190476190476,target_background,Klebsiella,69,clean,target_binary
cspaced_count_l2,mlp,124,2,136,0.7105263157894737,0.6140350877192982,target_background,Klebsiella,69,clean,target_binary
cspaced_property_l2,nearest_centroid,124,2,147,0.6842105263157895,0.6695652173913043,target_background,Klebsiella,69,clean,target_binary
cspaced_property_l2,logistic,124,2,147,0.5526315789473685,0.5260454878943507,target_background,Klebsiella,69,clean,target_binary
cspaced_property_l2,mlp,124,2,147,0.6052631578947368,0.5324036095159967,target_background,Klebsiella,69,clean,target_binary
hybrid_ckmer5_csp,nearest_centroid,124,2,656,0.47368421052631576,0.43452380952380953,target_background,Klebsiella,69,clean,target_binary
hybrid_ckmer5_csp,logistic,124,2,656,0.4473684210526316,0.37411764705882355,target_background,Klebsiella,69,clean,target_binary
hybrid_ckmer5_csp,mlp,124,2,656,0.3684210526315789,0.3214285714285714,target_background,Klebsiella,69,clean,target_binary
ckmer5_count_l2,nearest_centroid,153,4,512,0.32608695652173914,0.32456140350877194,within_genus_species,Acinetobacter,69,substitution_1pct,label
ckmer5_count_l2,logistic,153,4,512,0.2826086956521739,0.2792176180817154,within_genus_species,Acinetobacter,69,substitution_1pct,label
ckmer5_count_l2,mlp,153,4,512,0.2826086956521739,0.22473684210526318,within_genus_species,Acinetobacter,69,substitution_1pct,label
ckmer7_count_l2,nearest_centroid,153,4,4949,0.1956521739130435,0.1635950854700855,within_genus_species,Acinetobacter,69,substitution_1pct,label
ckmer7_count_l2,logistic,153,4,4949,0.1956521739130435,0.1673992673992674,within_genus_species,Acinetobacter,69,substitution_1pct,label
ckmer7_count_l2,mlp,153,4,4949,0.2391304347826087,0.22010489510489512,within_genus_species,Acinetobacter,69,substitution_1pct,label
cspaced_count_l2,nearest_centroid,153,4,136,0.2391304347826087,0.2383893280632411,within_genus_species,Acinetobacter,69,substitution_1pct,label
cspaced_count_l2,logistic,153,4,136,0.2826086956521739,0.28286195286195287,within_genus_species,Acinetobacter,69,substitution_1pct,label
cspaced_count_l2,mlp,153,4,136,0.2608695652173913,0.23373071528751754,within_genus_species,Acinetobacter,69,substitution_1pct,label
cspaced_property_l2,nearest_centroid,153,4,147,0.2391304347826087,0.2383893280632411,within_genus_species,Acinetobacter,69,substitution_1pct,label
cspaced_property_l2,logistic,153,4,147,0.30434782608695654,0.3017857142857143,within_genus_species,Acinetobacter,69,substitution_1pct,label
cspaced_property_l2,mlp,153,4,147,0.32608695652173914,0.27090738381060964,within_genus_species,Acinetobacter,69,substitution_1pct,label
hybrid_ckmer5_csp,nearest_centroid,153,4,659,0.32608695652173914,0.32148033126293996,within_genus_species,Acinetobacter,69,substitution_1pct,label
hybrid_ckmer5_csp,logistic,153,4,659,0.2826086956521739,0.2683659874608151,within_genus_species,Acinetobacter,69,substitution_1pct,label
hybrid_ckmer5_csp,mlp,153,4,659,0.21739130434782608,0.19462915601023018,within_genus_species,Acinetobacter,69,substitution_1pct,label
ckmer5_count_l2,nearest_centroid,144,3,493,0.38636363636363635,0.3694331983805668,within_genus_species,Burkholderia,69,substitution_1pct,label
ckmer5_count_l2,logistic,144,3,493,0.4318181818181818,0.41554741554741553,within_genus_species,Burkholderia,69,substitution_1pct,label
ckmer5_count_l2,mlp,144,3,493,0.38636363636363635,0.32933914306463324,within_genus_species,Burkholderia,69,substitution_1pct,label
ckmer7_count_l2,nearest_centroid,144,3,3479,0.3409090909090909,0.33919354838709675,within_genus_species,Burkholderia,69,substitution_1pct,label
ckmer7_count_l2,logistic,144,3,3479,0.38636363636363635,0.3845277821918534,within_genus_species,Burkholderia,69,substitution_1pct,label
ckmer7_count_l2,mlp,144,3,3479,0.38636363636363635,0.38185260311020963,within_genus_species,Burkholderia,69,substitution_1pct,label
cspaced_count_l2,nearest_centroid,144,3,136,0.3181818181818182,0.31668657905217046,within_genus_species,Burkholderia,69,substitution_1pct,label
cspaced_count_l2,logistic,144,3,136,0.22727272727272727,0.21665990534144694,within_genus_species,Burkholderia,69,substitution_1pct,label
cspaced_count_l2,mlp,144,3,136,0.3181818181818182,0.3091787439613527,within_genus_species,Burkholderia,69,substitution_1pct,label
cspaced_property_l2,nearest_centroid,144,3,147,0.3181818181818182,0.3125268817204301,within_genus_species,Burkholderia,69,substitution_1pct,label
cspaced_property_l2,logistic,144,3,147,0.22727272727272727,0.21560846560846558,within_genus_species,Burkholderia,69,substitution_1pct,label
cspaced_property_l2,mlp,144,3,147,0.3181818181818182,0.2914285714285714,within_genus_species,Burkholderia,69,substitution_1pct,label
hybrid_ckmer5_csp,nearest_centroid,144,3,640,0.4090909090909091,0.39285714285714285,within_genus_species,Burkholderia,69,substitution_1pct,label
hybrid_ckmer5_csp,logistic,144,3,640,0.38636363636363635,0.38213747037276447,within_genus_species,Burkholderia,69,substitution_1pct,label
hybrid_ckmer5_csp,mlp,144,3,640,0.38636363636363635,0.36075036075036077,within_genus_species,Burkholderia,69,substitution_1pct,label
ckmer5_count_l2,nearest_centroid,127,2,490,0.5641025641025641,0.5535353535353535,target_background,Burkholderia,69,substitution_1pct,target_binary
ckmer5_count_l2,logistic,127,2,490,0.5641025641025641,0.47588932806324113,target_background,Burkholderia,69,substitution_1pct,target_binary
ckmer5_count_l2,mlp,127,2,490,0.5897435897435898,0.5542857142857143,target_background,Burkholderia,69,substitution_1pct,target_binary
ckmer7_count_l2,nearest_centroid,127,2,3260,0.5641025641025641,0.47588932806324113,target_background,Burkholderia,69,substitution_1pct,target_binary
ckmer7_count_l2,logistic,127,2,3260,0.5384615384615384,0.39482758620689656,target_background,Burkholderia,69,substitution_1pct,target_binary
ckmer7_count_l2,mlp,127,2,3260,0.5128205128205128,0.44075471698113206,target_background,Burkholderia,69,substitution_1pct,target_binary
cspaced_count_l2,nearest_centroid,127,2,136,0.5641025641025641,0.544955387783116,target_background,Burkholderia,69,substitution_1pct,target_binary
cspaced_count_l2,logistic,127,2,136,0.48717948717948717,0.44285714285714284,target_background,Burkholderia,69,substitution_1pct,target_binary
cspaced_count_l2,mlp,127,2,136,0.6153846153846154,0.43587270973963355,target_background,Burkholderia,69,substitution_1pct,target_binary
cspaced_property_l2,nearest_centroid,127,2,147,0.5384615384615384,0.5230978260869565,target_background,Burkholderia,69,substitution_1pct,target_binary
cspaced_property_l2,logistic,127,2,147,0.48717948717948717,0.45833333333333337,target_background,Burkholderia,69,substitution_1pct,target_binary
cspaced_property_l2,mlp,127,2,147,0.5897435897435898,0.4935064935064935,target_background,Burkholderia,69,substitution_1pct,target_binary
hybrid_ckmer5_csp,nearest_centroid,127,2,637,0.5384615384615384,0.5230978260869565,target_background,Burkholderia,69,substitution_1pct,target_binary
hybrid_ckmer5_csp,logistic,127,2,637,0.5384615384615384,0.4583333333333333,target_background,Burkholderia,69,substitution_1pct,target_binary
hybrid_ckmer5_csp,mlp,127,2,637,0.5128205128205128,0.507641196013289,target_background,Burkholderia,69,substitution_1pct,target_binary
ckmer5_count_l2,nearest_centroid,174,4,508,0.2641509433962264,0.2589688552188552,within_genus_species,Candida,69,substitution_1pct,label
ckmer5_count_l2,logistic,174,4,508,0.2641509433962264,0.242204228520018,within_genus_species,Candida,69,substitution_1pct,label
ckmer5_count_l2,mlp,174,4,508,0.24528301886792453,0.17203996983408748,within_genus_species,Candida,69,substitution_1pct,label
ckmer7_count_l2,nearest_centroid,174,4,4702,0.37735849056603776,0.3526080827067669,within_genus_species,Candida,69,substitution_1pct,label
ckmer7_count_l2,logistic,174,4,4702,0.3584905660377358,0.32471190230478153,within_genus_species,Candida,69,substitution_1pct,label
ckmer7_count_l2,mlp,174,4,4702,0.33962264150943394,0.3206240031897927,within_genus_species,Candida,69,substitution_1pct,label
cspaced_count_l2,nearest_centroid,174,4,136,0.11320754716981132,0.0989247311827957,within_genus_species,Candida,69,substitution_1pct,label
cspaced_count_l2,logistic,174,4,136,0.22641509433962265,0.19953764008683916,within_genus_species,Candida,69,substitution_1pct,label
cspaced_count_l2,mlp,174,4,136,0.22641509433962265,0.21380718954248368,within_genus_species,Candida,69,substitution_1pct,label
cspaced_property_l2,nearest_centroid,174,4,147,0.11320754716981132,0.0967741935483871,within_genus_species,Candida,69,substitution_1pct,label
cspaced_property_l2,logistic,174,4,147,0.2641509433962264,0.2371396719222806,within_genus_species,Candida,69,substitution_1pct,label
cspaced_property_l2,mlp,174,4,147,0.3018867924528302,0.2921052631578947,within_genus_species,Candida,69,substitution_1pct,label
hybrid_ckmer5_csp,nearest_centroid,174,4,655,0.22641509433962265,0.2247334147334147,within_genus_species,Candida,69,substitution_1pct,label
hybrid_ckmer5_csp,logistic,174,4,655,0.18867924528301888,0.1728891478891479,within_genus_species,Candida,69,substitution_1pct,label
hybrid_ckmer5_csp,mlp,174,4,655,0.33962264150943394,0.33127219612784975,within_genus_species,Candida,69,substitution_1pct,label
ckmer5_count_l2,nearest_centroid,125,2,501,0.42105263157894735,0.35692307692307695,target_background,Candida,69,substitution_1pct,target_binary
ckmer5_count_l2,logistic,125,2,501,0.5263157894736842,0.4910714285714286,target_background,Candida,69,substitution_1pct,target_binary
ckmer5_count_l2,mlp,125,2,501,0.5789473684210527,0.5128205128205128,target_background,Candida,69,substitution_1pct,target_binary
ckmer7_count_l2,nearest_centroid,125,2,3960,0.631578947368421,0.44583333333333336,target_background,Candida,69,substitution_1pct,target_binary
ckmer7_count_l2,logistic,125,2,3960,0.631578947368421,0.44583333333333336,target_background,Candida,69,substitution_1pct,target_binary
ckmer7_count_l2,mlp,125,2,3960,0.42105263157894735,0.37797619047619047,target_background,Candida,69,substitution_1pct,target_binary
cspaced_count_l2,nearest_centroid,125,2,136,0.5,0.49119097956307256,target_background,Candida,69,substitution_1pct,target_binary
cspaced_count_l2,logistic,125,2,136,0.5526315789473685,0.5260454878943507,target_background,Candida,69,substitution_1pct,target_binary
cspaced_count_l2,mlp,125,2,136,0.47368421052631576,0.4602272727272727,target_background,Candida,69,substitution_1pct,target_binary
cspaced_property_l2,nearest_centroid,125,2,147,0.5,0.49119097956307256,target_background,Candida,69,substitution_1pct,target_binary
cspaced_property_l2,logistic,125,2,147,0.5526315789473685,0.5260454878943507,target_background,Candida,69,substitution_1pct,target_binary
cspaced_property_l2,mlp,125,2,147,0.47368421052631576,0.47368421052631576,target_background,Candida,69,substitution_1pct,target_binary
hybrid_ckmer5_csp,nearest_centroid,125,2,648,0.5263157894736842,0.47384615384615386,target_background,Candida,69,substitution_1pct,target_binary
hybrid_ckmer5_csp,logistic,125,2,648,0.631578947368421,0.6041666666666667,target_background,Candida,69,substitution_1pct,target_binary
hybrid_ckmer5_csp,mlp,125,2,648,0.42105263157894735,0.37797619047619047,target_background,Candida,69,substitution_1pct,target_binary
ckmer5_count_l2,nearest_centroid,214,5,510,0.2153846153846154,0.2174890576689677,within_genus_species,Enterobacter,69,substitution_1pct,label
ckmer5_count_l2,logistic,214,5,510,0.13846153846153847,0.13352016404647984,within_genus_species,Enterobacter,69,substitution_1pct,label
ckmer5_count_l2,mlp,214,5,510,0.15384615384615385,0.13583333333333333,within_genus_species,Enterobacter,69,substitution_1pct,label
ckmer7_count_l2,nearest_centroid,214,5,5760,0.26153846153846155,0.24282990083905415,within_genus_species,Enterobacter,69,substitution_1pct,label
ckmer7_count_l2,logistic,214,5,5760,0.2,0.1885158350421508,within_genus_species,Enterobacter,69,substitution_1pct,label
ckmer7_count_l2,mlp,214,5,5760,0.18461538461538463,0.160616134529178,within_genus_species,Enterobacter,69,substitution_1pct,label
cspaced_count_l2,nearest_centroid,214,5,136,0.2153846153846154,0.21142305037957212,within_genus_species,Enterobacter,69,substitution_1pct,label
cspaced_count_l2,logistic,214,5,136,0.23076923076923078,0.22626145513102033,within_genus_species,Enterobacter,69,substitution_1pct,label
cspaced_count_l2,mlp,214,5,136,0.18461538461538463,0.1621776044425185,within_genus_species,Enterobacter,69,substitution_1pct,label
cspaced_property_l2,nearest_centroid,214,5,147,0.2153846153846154,0.21112808009359735,within_genus_species,Enterobacter,69,substitution_1pct,label
cspaced_property_l2,logistic,214,5,147,0.24615384615384617,0.24212241769786527,within_genus_species,Enterobacter,69,substitution_1pct,label
cspaced_property_l2,mlp,214,5,147,0.2,0.18678391309970258,within_genus_species,Enterobacter,69,substitution_1pct,label
hybrid_ckmer5_csp,nearest_centroid,214,5,657,0.2153846153846154,0.21616651991464586,within_genus_species,Enterobacter,69,substitution_1pct,label
hybrid_ckmer5_csp,logistic,214,5,657,0.16923076923076924,0.16913951105255454,within_genus_species,Enterobacter,69,substitution_1pct,label
hybrid_ckmer5_csp,mlp,214,5,657,0.13846153846153847,0.13805157805157806,within_genus_species,Enterobacter,69,substitution_1pct,label
ckmer5_count_l2,nearest_centroid,119,2,507,0.6388888888888888,0.5630252100840336,target_background,Enterobacter,69,substitution_1pct,target_binary
ckmer5_count_l2,logistic,119,2,507,0.5,0.4109090909090909,target_background,Enterobacter,69,substitution_1pct,target_binary
ckmer5_count_l2,mlp,119,2,507,0.3333333333333333,0.25,target_background,Enterobacter,69,substitution_1pct,target_binary
ckmer7_count_l2,nearest_centroid,119,2,4347,0.6666666666666666,0.4,target_background,Enterobacter,69,substitution_1pct,target_binary
ckmer7_count_l2,logistic,119,2,4347,0.6666666666666666,0.4,target_background,Enterobacter,69,substitution_1pct,target_binary
ckmer7_count_l2,mlp,119,2,4347,0.6388888888888888,0.49946524064171127,target_background,Enterobacter,69,substitution_1pct,target_binary
cspaced_count_l2,nearest_centroid,119,2,136,0.5833333333333334,0.520851818988465,target_background,Enterobacter,69,substitution_1pct,target_binary
cspaced_count_l2,logistic,119,2,136,0.5,0.4581939799331104,target_background,Enterobacter,69,substitution_1pct,target_binary
cspaced_count_l2,mlp,119,2,136,0.6388888888888888,0.4526315789473684,target_background,Enterobacter,69,substitution_1pct,target_binary
cspaced_property_l2,nearest_centroid,119,2,147,0.5833333333333334,0.520851818988465,target_background,Enterobacter,69,substitution_1pct,target_binary
cspaced_property_l2,logistic,119,2,147,0.5,0.4581939799331104,target_background,Enterobacter,69,substitution_1pct,target_binary
cspaced_property_l2,mlp,119,2,147,0.5833333333333334,0.46375372393247266,target_background,Enterobacter,69,substitution_1pct,target_binary
hybrid_ckmer5_csp,nearest_centroid,119,2,654,0.5833333333333334,0.46375372393247266,target_background,Enterobacter,69,substitution_1pct,target_binary
hybrid_ckmer5_csp,logistic,119,2,654,0.5277777777777778,0.4791489361702128,target_background,Enterobacter,69,substitution_1pct,target_binary
hybrid_ckmer5_csp,mlp,119,2,654,0.5,0.49375,target_background,Enterobacter,69,substitution_1pct,target_binary
ckmer5_count_l2,nearest_centroid,88,2,506,0.5185185185185185,0.5185185185185185,within_genus_species,Escherichia,69,substitution_1pct,label
ckmer5_count_l2,logistic,88,2,506,0.48148148148148145,0.4630681818181818,within_genus_species,Escherichia,69,substitution_1pct,label
ckmer5_count_l2,mlp,88,2,506,0.2962962962962963,0.2597402597402597,within_genus_species,Escherichia,69,substitution_1pct,label
ckmer7_count_l2,nearest_centroid,88,2,3629,0.4074074074074074,0.4065934065934066,within_genus_species,Escherichia,69,substitution_1pct,label
ckmer7_count_l2,logistic,88,2,3629,0.3333333333333333,0.33241758241758246,within_genus_species,Escherichia,69,substitution_1pct,label
ckmer7_count_l2,mlp,88,2,3629,0.4444444444444444,0.4319775596072931,within_genus_species,Escherichia,69,substitution_1pct,label
cspaced_count_l2,nearest_centroid,88,2,136,0.3333333333333333,0.33241758241758246,within_genus_species,Escherichia,69,substitution_1pct,label
cspaced_count_l2,logistic,88,2,136,0.37037037037037035,0.36689655172413793,within_genus_species,Escherichia,69,substitution_1pct,label
cspaced_count_l2,mlp,88,2,136,0.48148148148148145,0.3782894736842105,within_genus_species,Escherichia,69,substitution_1pct,label
cspaced_property_l2,nearest_centroid,88,2,147,0.3333333333333333,0.33241758241758246,within_genus_species,Escherichia,69,substitution_1pct,label
cspaced_property_l2,logistic,88,2,147,0.3333333333333333,0.325,within_genus_species,Escherichia,69,substitution_1pct,label
cspaced_property_l2,mlp,88,2,147,0.5185185185185185,0.47218045112781953,within_genus_species,Escherichia,69,substitution_1pct,label
hybrid_ckmer5_csp,nearest_centroid,88,2,653,0.4444444444444444,0.4413793103448276,within_genus_species,Escherichia,69,substitution_1pct,label
hybrid_ckmer5_csp,logistic,88,2,653,0.4444444444444444,0.41558441558441556,within_genus_species,Escherichia,69,substitution_1pct,label
hybrid_ckmer5_csp,mlp,88,2,653,0.5925925925925926,0.5903448275862069,within_genus_species,Escherichia,69,substitution_1pct,label
ckmer5_count_l2,nearest_centroid,88,2,506,0.5185185185185185,0.5185185185185185,target_background,Escherichia,69,substitution_1pct,target_binary
ckmer5_count_l2,logistic,88,2,506,0.48148148148148145,0.4630681818181818,target_background,Escherichia,69,substitution_1pct,target_binary
ckmer5_count_l2,mlp,88,2,506,0.2962962962962963,0.2597402597402597,target_background,Escherichia,69,substitution_1pct,target_binary
ckmer7_count_l2,nearest_centroid,88,2,3629,0.4074074074074074,0.4065934065934066,target_background,Escherichia,69,substitution_1pct,target_binary
ckmer7_count_l2,logistic,88,2,3629,0.3333333333333333,0.33241758241758246,target_background,Escherichia,69,substitution_1pct,target_binary
ckmer7_count_l2,mlp,88,2,3629,0.4444444444444444,0.4319775596072931,target_background,Escherichia,69,substitution_1pct,target_binary
cspaced_count_l2,nearest_centroid,88,2,136,0.3333333333333333,0.33241758241758246,target_background,Escherichia,69,substitution_1pct,target_binary
cspaced_count_l2,logistic,88,2,136,0.37037037037037035,0.36689655172413793,target_background,Escherichia,69,substitution_1pct,target_binary
cspaced_count_l2,mlp,88,2,136,0.48148148148148145,0.3782894736842105,target_background,Escherichia,69,substitution_1pct,target_binary
cspaced_property_l2,nearest_centroid,88,2,147,0.3333333333333333,0.33241758241758246,target_background,Escherichia,69,substitution_1pct,target_binary
cspaced_property_l2,logistic,88,2,147,0.3333333333333333,0.325,target_background,Escherichia,69,substitution_1pct,target_binary
cspaced_property_l2,mlp,88,2,147,0.5185185185185185,0.47218045112781953,target_background,Escherichia,69,substitution_1pct,target_binary
hybrid_ckmer5_csp,nearest_centroid,88,2,653,0.4444444444444444,0.4413793103448276,target_background,Escherichia,69,substitution_1pct,target_binary
hybrid_ckmer5_csp,logistic,88,2,653,0.4444444444444444,0.41558441558441556,target_background,Escherichia,69,substitution_1pct,target_binary
hybrid_ckmer5_csp,mlp,88,2,653,0.5925925925925926,0.5903448275862069,target_background,Escherichia,69,substitution_1pct,target_binary
ckmer5_count_l2,nearest_centroid,127,3,512,0.28205128205128205,0.22017543859649125,within_genus_species,Klebsiella,69,substitution_1pct,label
ckmer5_count_l2,logistic,127,3,512,0.23076923076923078,0.16231884057971016,within_genus_species,Klebsiella,69,substitution_1pct,label
ckmer5_count_l2,mlp,127,3,512,0.23076923076923078,0.22493130539107553,within_genus_species,Klebsiella,69,substitution_1pct,label
ckmer7_count_l2,nearest_centroid,127,3,4317,0.2564102564102564,0.20482877556048287,within_genus_species,Klebsiella,69,substitution_1pct,label
ckmer7_count_l2,logistic,127,3,4317,0.20512820512820512,0.11851851851851852,within_genus_species,Klebsiella,69,substitution_1pct,label
ckmer7_count_l2,mlp,127,3,4317,0.3076923076923077,0.30623973727422,within_genus_species,Klebsiella,69,substitution_1pct,label
cspaced_count_l2,nearest_centroid,127,3,136,0.2564102564102564,0.23694083694083692,within_genus_species,Klebsiella,69,substitution_1pct,label
cspaced_count_l2,logistic,127,3,136,0.28205128205128205,0.27628205128205124,within_genus_species,Klebsiella,69,substitution_1pct,label
cspaced_count_l2,mlp,127,3,136,0.4358974358974359,0.37486879592142747,within_genus_species,Klebsiella,69,substitution_1pct,label
cspaced_property_l2,nearest_centroid,127,3,147,0.23076923076923078,0.20334620334620335,within_genus_species,Klebsiella,69,substitution_1pct,label
cspaced_property_l2,logistic,127,3,147,0.2564102564102564,0.24266961109066373,within_genus_species,Klebsiella,69,substitution_1pct,label
cspaced_property_l2,mlp,127,3,147,0.41025641025641024,0.4140564126538881,within_genus_species,Klebsiella,69,substitution_1pct,label
hybrid_ckmer5_csp,nearest_centroid,127,3,659,0.28205128205128205,0.22017543859649125,within_genus_species,Klebsiella,69,substitution_1pct,label
hybrid_ckmer5_csp,logistic,127,3,659,0.3076923076923077,0.21818181818181817,within_genus_species,Klebsiella,69,substitution_1pct,label
hybrid_ckmer5_csp,mlp,127,3,659,0.38461538461538464,0.337037037037037,within_genus_species,Klebsiella,69,substitution_1pct,label
ckmer5_count_l2,nearest_centroid,124,2,512,0.42105263157894735,0.35692307692307695,target_background,Klebsiella,69,substitution_1pct,target_binary
ckmer5_count_l2,logistic,124,2,512,0.4473684210526316,0.3453650533223954,target_background,Klebsiella,69,substitution_1pct,target_binary
ckmer5_count_l2,mlp,124,2,512,0.5526315789473685,0.4406926406926407,target_background,Klebsiella,69,substitution_1pct,target_binary
ckmer7_count_l2,nearest_centroid,124,2,4270,0.5263157894736842,0.3448275862068966,target_background,Klebsiella,69,substitution_1pct,target_binary
ckmer7_count_l2,logistic,124,2,4270,0.6052631578947368,0.3770491803278688,target_background,Klebsiella,69,substitution_1pct,target_binary
ckmer7_count_l2,mlp,124,2,4270,0.2894736842105263,0.22448979591836735,target_background,Klebsiella,69,substitution_1pct,target_binary
cspaced_count_l2,nearest_centroid,124,2,136,0.7631578947368421,0.7490829053558328,target_background,Klebsiella,69,substitution_1pct,target_binary
cspaced_count_l2,logistic,124,2,136,0.631578947368421,0.6144927536231883,target_background,Klebsiella,69,substitution_1pct,target_binary
cspaced_count_l2,mlp,124,2,136,0.7105263157894737,0.6140350877192982,target_background,Klebsiella,69,substitution_1pct,target_binary
cspaced_property_l2,nearest_centroid,124,2,147,0.7368421052631579,0.7172619047619048,target_background,Klebsiella,69,substitution_1pct,target_binary
cspaced_property_l2,logistic,124,2,147,0.6052631578947368,0.5913978494623655,target_background,Klebsiella,69,substitution_1pct,target_binary
cspaced_property_l2,mlp,124,2,147,0.631578947368421,0.5737179487179487,target_background,Klebsiella,69,substitution_1pct,target_binary
hybrid_ckmer5_csp,nearest_centroid,124,2,659,0.4473684210526316,0.37411764705882355,target_background,Klebsiella,69,substitution_1pct,target_binary
hybrid_ckmer5_csp,logistic,124,2,659,0.4473684210526316,0.3453650533223954,target_background,Klebsiella,69,substitution_1pct,target_binary
hybrid_ckmer5_csp,mlp,124,2,659,0.39473684210526316,0.3943173943173943,target_background,Klebsiella,69,substitution_1pct,target_binary
ckmer5_count_l2,nearest_centroid,153,4,512,0.30434782608695654,0.2924434911730738,within_genus_species,Acinetobacter,69,N_3pct,label
ckmer5_count_l2,logistic,153,4,512,0.391304347826087,0.36284874608150475,within_genus_species,Acinetobacter,69,N_3pct,label
ckmer5_count_l2,mlp,153,4,512,0.2826086956521739,0.2326007326007326,within_genus_species,Acinetobacter,69,N_3pct,label
ckmer7_count_l2,nearest_centroid,153,4,4380,0.1956521739130435,0.18174100941503318,within_genus_species,Acinetobacter,69,N_3pct,label
ckmer7_count_l2,logistic,153,4,4380,0.17391304347826086,0.1555336617405583,within_genus_species,Acinetobacter,69,N_3pct,label
ckmer7_count_l2,mlp,153,4,4380,0.17391304347826086,0.14942185007974482,within_genus_species,Acinetobacter,69,N_3pct,label
cspaced_count_l2,nearest_centroid,153,4,136,0.2391304347826087,0.2425691699604743,within_genus_species,Acinetobacter,69,N_3pct,label
cspaced_count_l2,logistic,153,4,136,0.2608695652173913,0.26545454545454544,within_genus_species,Acinetobacter,69,N_3pct,label
cspaced_count_l2,mlp,153,4,136,0.2826086956521739,0.27968046446307315,within_genus_species,Acinetobacter,69,N_3pct,label
cspaced_property_l2,nearest_centroid,153,4,147,0.1956521739130435,0.19854978354978353,within_genus_species,Acinetobacter,69,N_3pct,label
cspaced_property_l2,logistic,153,4,147,0.2608695652173913,0.2623593073593074,within_genus_species,Acinetobacter,69,N_3pct,label
cspaced_property_l2,mlp,153,4,147,0.34782608695652173,0.3105606079744011,within_genus_species,Acinetobacter,69,N_3pct,label
hybrid_ckmer5_csp,nearest_centroid,153,4,659,0.32608695652173914,0.3159009183036643,within_genus_species,Acinetobacter,69,N_3pct,label
hybrid_ckmer5_csp,logistic,153,4,659,0.391304347826087,0.3645833333333333,within_genus_species,Acinetobacter,69,N_3pct,label
hybrid_ckmer5_csp,mlp,153,4,659,0.13043478260869565,0.10795454545454546,within_genus_species,Acinetobacter,69,N_3pct,label
ckmer5_count_l2,nearest_centroid,144,3,483,0.3409090909090909,0.338718752511856,within_genus_species,Burkholderia,69,N_3pct,label
ckmer5_count_l2,logistic,144,3,483,0.36363636363636365,0.3540260908681961,within_genus_species,Burkholderia,69,N_3pct,label
ckmer5_count_l2,mlp,144,3,483,0.29545454545454547,0.28952608522500994,within_genus_species,Burkholderia,69,N_3pct,label
ckmer7_count_l2,nearest_centroid,144,3,3018,0.38636363636363635,0.3859355044699872,within_genus_species,Burkholderia,69,N_3pct,label
ckmer7_count_l2,logistic,144,3,3018,0.38636363636363635,0.3849952516619184,within_genus_species,Burkholderia,69,N_3pct,label
ckmer7_count_l2,mlp,144,3,3018,0.22727272727272727,0.23047274917193616,within_genus_species,Burkholderia,69,N_3pct,label
cspaced_count_l2,nearest_centroid,144,3,135,0.3181818181818182,0.31645299145299144,within_genus_species,Burkholderia,69,N_3pct,label
cspaced_count_l2,logistic,144,3,135,0.29545454545454547,0.2843137254901961,within_genus_species,Burkholderia,69,N_3pct,label
cspaced_count_l2,mlp,144,3,135,0.3409090909090909,0.3200577200577201,within_genus_species,Burkholderia,69,N_3pct,label
cspaced_property_l2,nearest_centroid,144,3,146,0.36363636363636365,0.36010902677569345,within_genus_species,Burkholderia,69,N_3pct,label
cspaced_property_l2,logistic,144,3,146,0.29545454545454547,0.2840246543394969,within_genus_species,Burkholderia,69,N_3pct,label
cspaced_property_l2,mlp,144,3,146,0.36363636363636365,0.33886693017127806,within_genus_species,Burkholderia,69,N_3pct,label
hybrid_ckmer5_csp,nearest_centroid,144,3,629,0.36363636363636365,0.36089743589743595,within_genus_species,Burkholderia,69,N_3pct,label
hybrid_ckmer5_csp,logistic,144,3,629,0.36363636363636365,0.35358024691358025,within_genus_species,Burkholderia,69,N_3pct,label
hybrid_ckmer5_csp,mlp,144,3,629,0.3409090909090909,0.32649806334016857,within_genus_species,Burkholderia,69,N_3pct,label
ckmer5_count_l2,nearest_centroid,127,2,479,0.5897435897435898,0.5542857142857143,target_background,Burkholderia,69,N_3pct,target_binary
ckmer5_count_l2,logistic,127,2,479,0.6153846153846154,0.5112781954887218,target_background,Burkholderia,69,N_3pct,target_binary
ckmer5_count_l2,mlp,127,2,479,0.5384615384615384,0.5307486631016043,target_background,Burkholderia,69,N_3pct,target_binary
ckmer7_count_l2,nearest_centroid,127,2,2805,0.5897435897435898,0.4935064935064935,target_background,Burkholderia,69,N_3pct,target_binary
ckmer7_count_l2,logistic,127,2,2805,0.6666666666666666,0.5477252453166815,target_background,Burkholderia,69,N_3pct,target_binary
ckmer7_count_l2,mlp,127,2,2805,0.41025641025641024,0.40870138431114045,target_background,Burkholderia,69,N_3pct,target_binary
cspaced_count_l2,nearest_centroid,127,2,136,0.5641025641025641,0.544955387783116,target_background,Burkholderia,69,N_3pct,target_binary
cspaced_count_l2,logistic,127,2,136,0.5641025641025641,0.5185185185185185,target_background,Burkholderia,69,N_3pct,target_binary
cspaced_count_l2,mlp,127,2,136,0.5384615384615384,0.43019480519480524,target_background,Burkholderia,69,N_3pct,target_binary
cspaced_property_l2,nearest_centroid,127,2,147,0.5641025641025641,0.544955387783116,target_background,Burkholderia,69,N_3pct,target_binary
cspaced_property_l2,logistic,127,2,147,0.5128205128205128,0.46187363834422657,target_background,Burkholderia,69,N_3pct,target_binary
cspaced_property_l2,mlp,127,2,147,0.46153846153846156,0.40522875816993464,target_background,Burkholderia,69,N_3pct,target_binary
hybrid_ckmer5_csp,nearest_centroid,127,2,626,0.5641025641025641,0.5334271639690359,target_background,Burkholderia,69,N_3pct,target_binary
hybrid_ckmer5_csp,logistic,127,2,626,0.5897435897435898,0.5185185185185185,target_background,Burkholderia,69,N_3pct,target_binary
hybrid_ckmer5_csp,mlp,127,2,626,0.5384615384615384,0.5307486631016043,target_background,Burkholderia,69,N_3pct,target_binary
ckmer5_count_l2,nearest_centroid,174,4,507,0.2641509433962264,0.2641634644554556,within_genus_species,Candida,69,N_3pct,label
ckmer5_count_l2,logistic,174,4,507,0.18867924528301888,0.18139924591537493,within_genus_species,Candida,69,N_3pct,label
ckmer5_count_l2,mlp,174,4,507,0.18867924528301888,0.16148110975697183,within_genus_species,Candida,69,N_3pct,label
ckmer7_count_l2,nearest_centroid,174,4,4205,0.16981132075471697,0.15090090090090091,within_genus_species,Candida,69,N_3pct,label
ckmer7_count_l2,logistic,174,4,4205,0.3018867924528302,0.24774774774774774,within_genus_species,Candida,69,N_3pct,label
ckmer7_count_l2,mlp,174,4,4205,0.22641509433962265,0.23558947772657451,within_genus_species,Candida,69,N_3pct,label
cspaced_count_l2,nearest_centroid,174,4,136,0.1509433962264151,0.12222222222222222,within_genus_species,Candida,69,N_3pct,label
cspaced_count_l2,logistic,174,4,136,0.20754716981132076,0.16657647907647907,within_genus_species,Candida,69,N_3pct,label
cspaced_count_l2,mlp,174,4,136,0.22641509433962265,0.22889610389610388,within_genus_species,Candida,69,N_3pct,label
cspaced_property_l2,nearest_centroid,174,4,147,0.16981132075471697,0.13620071684587814,within_genus_species,Candida,69,N_3pct,label
cspaced_property_l2,logistic,174,4,147,0.20754716981132076,0.1652674367537866,within_genus_species,Candida,69,N_3pct,label
cspaced_property_l2,mlp,174,4,147,0.20754716981132076,0.204167916041979,within_genus_species,Candida,69,N_3pct,label
hybrid_ckmer5_csp,nearest_centroid,174,4,654,0.22641509433962265,0.22805264034649342,within_genus_species,Candida,69,N_3pct,label
hybrid_ckmer5_csp,logistic,174,4,654,0.1320754716981132,0.1175946029776675,within_genus_species,Candida,69,N_3pct,label
hybrid_ckmer5_csp,mlp,174,4,654,0.2830188679245283,0.23217636022514074,within_genus_species,Candida,69,N_3pct,label
ckmer5_count_l2,nearest_centroid,125,2,500,0.5789473684210527,0.5323076923076924,target_background,Candida,69,N_3pct,target_binary
ckmer5_count_l2,logistic,125,2,500,0.6052631578947368,0.5324036095159967,target_background,Candida,69,N_3pct,target_binary
ckmer5_count_l2,mlp,125,2,500,0.39473684210526316,0.38407329105003524,target_background,Candida,69,N_3pct,target_binary
ckmer7_count_l2,nearest_centroid,125,2,3485,0.6052631578947368,0.4317048853439681,target_background,Candida,69,N_3pct,target_binary
ckmer7_count_l2,logistic,125,2,3485,0.5263157894736842,0.3448275862068966,target_background,Candida,69,N_3pct,target_binary
ckmer7_count_l2,mlp,125,2,3485,0.5263157894736842,0.5142045454545454,target_background,Candida,69,N_3pct,target_binary
cspaced_count_l2,nearest_centroid,125,2,136,0.4473684210526316,0.42795698924731185,target_background,Candida,69,N_3pct,target_binary
cspaced_count_l2,logistic,125,2,136,0.39473684210526316,0.35876742479823914,target_background,Candida,69,N_3pct,target_binary
cspaced_count_l2,mlp,125,2,136,0.39473684210526316,0.35876742479823914,target_background,Candida,69,N_3pct,target_binary
cspaced_property_l2,nearest_centroid,125,2,147,0.47368421052631576,0.4492753623188406,target_background,Candida,69,N_3pct,target_binary
cspaced_property_l2,logistic,125,2,147,0.3684210526315789,0.33913043478260874,target_background,Candida,69,N_3pct,target_binary
cspaced_property_l2,mlp,125,2,147,0.5,0.49965349965349964,target_background,Candida,69,N_3pct,target_binary
hybrid_ckmer5_csp,nearest_centroid,125,2,647,0.5526315789473685,0.5117157974300831,target_background,Candida,69,N_3pct,target_binary
hybrid_ckmer5_csp,logistic,125,2,647,0.6052631578947368,0.5529411764705883,target_background,Candida,69,N_3pct,target_binary
hybrid_ckmer5_csp,mlp,125,2,647,0.5,0.4968641114982578,target_background,Candida,69,N_3pct,target_binary
ckmer5_count_l2,nearest_centroid,214,5,508,0.15384615384615385,0.14663382594417076,within_genus_species,Enterobacter,69,N_3pct,label
ckmer5_count_l2,logistic,214,5,508,0.1076923076923077,0.11366946778711484,within_genus_species,Enterobacter,69,N_3pct,label
ckmer5_count_l2,mlp,214,5,508,0.24615384615384617,0.239762507873963,within_genus_species,Enterobacter,69,N_3pct,label
ckmer7_count_l2,nearest_centroid,214,5,5224,0.2923076923076923,0.27365079365079364,within_genus_species,Enterobacter,69,N_3pct,label
ckmer7_count_l2,logistic,214,5,5224,0.27692307692307694,0.2688474215273316,within_genus_species,Enterobacter,69,N_3pct,label
ckmer7_count_l2,mlp,214,5,5224,0.2,0.11987179487179489,within_genus_species,Enterobacter,69,N_3pct,label
cspaced_count_l2,nearest_centroid,214,5,136,0.23076923076923078,0.22403622431208642,within_genus_species,Enterobacter,69,N_3pct,label
cspaced_count_l2,logistic,214,5,136,0.26153846153846155,0.25257142857142856,within_genus_species,Enterobacter,69,N_3pct,label
cspaced_count_l2,mlp,214,5,136,0.24615384615384617,0.2333984533984534,within_genus_species,Enterobacter,69,N_3pct,label
cspaced_property_l2,nearest_centroid,214,5,147,0.23076923076923078,0.22463196063196061,within_genus_species,Enterobacter,69,N_3pct,label
cspaced_property_l2,logistic,214,5,147,0.26153846153846155,0.25542657342657343,within_genus_species,Enterobacter,69,N_3pct,label
cspaced_property_l2,mlp,214,5,147,0.2153846153846154,0.1926245379334624,within_genus_species,Enterobacter,69,N_3pct,label
hybrid_ckmer5_csp,nearest_centroid,214,5,655,0.15384615384615385,0.1456814449917898,within_genus_species,Enterobacter,69,N_3pct,label
hybrid_ckmer5_csp,logistic,214,5,655,0.2153846153846154,0.21115343915343915,within_genus_species,Enterobacter,69,N_3pct,label
hybrid_ckmer5_csp,mlp,214,5,655,0.3076923076923077,0.2465757575757576,within_genus_species,Enterobacter,69,N_3pct,label
ckmer5_count_l2,nearest_centroid,119,2,507,0.4722222222222222,0.4178723404255319,target_background,Enterobacter,69,N_3pct,target_binary
ckmer5_count_l2,logistic,119,2,507,0.4722222222222222,0.4178723404255319,target_background,Enterobacter,69,N_3pct,target_binary
ckmer5_count_l2,mlp,119,2,507,0.3055555555555556,0.23404255319148937,target_background,Enterobacter,69,N_3pct,target_binary
ckmer7_count_l2,nearest_centroid,119,2,3794,0.6666666666666666,0.4,target_background,Enterobacter,69,N_3pct,target_binary
ckmer7_count_l2,logistic,119,2,3794,0.6666666666666666,0.4,target_background,Enterobacter,69,N_3pct,target_binary
ckmer7_count_l2,mlp,119,2,3794,0.5833333333333334,0.5404255319148936,target_background,Enterobacter,69,N_3pct,target_binary
cspaced_count_l2,nearest_centroid,119,2,136,0.5833333333333334,0.520851818988465,target_background,Enterobacter,69,N_3pct,target_binary
cspaced_count_l2,logistic,119,2,136,0.5555555555555556,0.4763636363636364,target_background,Enterobacter,69,N_3pct,target_binary
cspaced_count_l2,mlp,119,2,136,0.6944444444444444,0.5368421052631579,target_background,Enterobacter,69,N_3pct,target_binary
cspaced_property_l2,nearest_centroid,119,2,147,0.5833333333333334,0.520851818988465,target_background,Enterobacter,69,N_3pct,target_binary
cspaced_property_l2,logistic,119,2,147,0.5,0.4375,target_background,Enterobacter,69,N_3pct,target_binary
cspaced_property_l2,mlp,119,2,147,0.6666666666666666,0.5555555555555556,target_background,Enterobacter,69,N_3pct,target_binary
hybrid_ckmer5_csp,nearest_centroid,119,2,654,0.5,0.4375,target_background,Enterobacter,69,N_3pct,target_binary
hybrid_ckmer5_csp,logistic,119,2,654,0.5833333333333334,0.4957983193277311,target_background,Enterobacter,69,N_3pct,target_binary
hybrid_ckmer5_csp,mlp,119,2,654,0.4722222222222222,0.437037037037037,target_background,Enterobacter,69,N_3pct,target_binary
ckmer5_count_l2,nearest_centroid,88,2,502,0.4444444444444444,0.4444444444444444,within_genus_species,Escherichia,69,N_3pct,label
ckmer5_count_l2,logistic,88,2,502,0.5555555555555556,0.5235294117647059,within_genus_species,Escherichia,69,N_3pct,label
ckmer5_count_l2,mlp,88,2,502,0.5555555555555556,0.5397727272727273,within_genus_species,Escherichia,69,N_3pct,label
ckmer7_count_l2,nearest_centroid,88,2,3133,0.5185185185185185,0.5158620689655172,within_genus_species,Escherichia,69,N_3pct,label
ckmer7_count_l2,logistic,88,2,3133,0.4074074074074074,0.38636363636363635,within_genus_species,Escherichia,69,N_3pct,label
ckmer7_count_l2,mlp,88,2,3133,0.4074074074074074,0.4,within_genus_species,Escherichia,69,N_3pct,label
cspaced_count_l2,nearest_centroid,88,2,136,0.2962962962962963,0.2805049088359046,within_genus_species,Escherichia,69,N_3pct,label
cspaced_count_l2,logistic,88,2,136,0.37037037037037035,0.35624123422159887,within_genus_species,Escherichia,69,N_3pct,label
cspaced_count_l2,mlp,88,2,136,0.4444444444444444,0.35612082670906203,within_genus_species,Escherichia,69,N_3pct,label
cspaced_property_l2,nearest_centroid,88,2,147,0.2962962962962963,0.2805049088359046,within_genus_species,Escherichia,69,N_3pct,label
cspaced_property_l2,logistic,88,2,147,0.37037037037037035,0.35624123422159887,within_genus_species,Escherichia,69,N_3pct,label
cspaced_property_l2,mlp,88,2,147,0.4444444444444444,0.35612082670906203,within_genus_species,Escherichia,69,N_3pct,label
hybrid_ckmer5_csp,nearest_centroid,88,2,649,0.4444444444444444,0.4444444444444444,within_genus_species,Escherichia,69,N_3pct,label
hybrid_ckmer5_csp,logistic,88,2,649,0.4074074074074074,0.38636363636363635,within_genus_species,Escherichia,69,N_3pct,label
hybrid_ckmer5_csp,mlp,88,2,649,0.5925925925925926,0.5278219395866455,within_genus_species,Escherichia,69,N_3pct,label
ckmer5_count_l2,nearest_centroid,88,2,502,0.4444444444444444,0.4444444444444444,target_background,Escherichia,69,N_3pct,target_binary
ckmer5_count_l2,logistic,88,2,502,0.5555555555555556,0.5235294117647059,target_background,Escherichia,69,N_3pct,target_binary
ckmer5_count_l2,mlp,88,2,502,0.5555555555555556,0.5397727272727273,target_background,Escherichia,69,N_3pct,target_binary
ckmer7_count_l2,nearest_centroid,88,2,3133,0.5185185185185185,0.5158620689655172,target_background,Escherichia,69,N_3pct,target_binary
ckmer7_count_l2,logistic,88,2,3133,0.4074074074074074,0.38636363636363635,target_background,Escherichia,69,N_3pct,target_binary
ckmer7_count_l2,mlp,88,2,3133,0.4074074074074074,0.4,target_background,Escherichia,69,N_3pct,target_binary
cspaced_count_l2,nearest_centroid,88,2,136,0.2962962962962963,0.2805049088359046,target_background,Escherichia,69,N_3pct,target_binary
cspaced_count_l2,logistic,88,2,136,0.37037037037037035,0.35624123422159887,target_background,Escherichia,69,N_3pct,target_binary
cspaced_count_l2,mlp,88,2,136,0.4444444444444444,0.35612082670906203,target_background,Escherichia,69,N_3pct,target_binary
cspaced_property_l2,nearest_centroid,88,2,147,0.2962962962962963,0.2805049088359046,target_background,Escherichia,69,N_3pct,target_binary
cspaced_property_l2,logistic,88,2,147,0.37037037037037035,0.35624123422159887,target_background,Escherichia,69,N_3pct,target_binary
cspaced_property_l2,mlp,88,2,147,0.4444444444444444,0.35612082670906203,target_background,Escherichia,69,N_3pct,target_binary
hybrid_ckmer5_csp,nearest_centroid,88,2,649,0.4444444444444444,0.4444444444444444,target_background,Escherichia,69,N_3pct,target_binary
hybrid_ckmer5_csp,logistic,88,2,649,0.4074074074074074,0.38636363636363635,target_background,Escherichia,69,N_3pct,target_binary
hybrid_ckmer5_csp,mlp,88,2,649,0.5925925925925926,0.5278219395866455,target_background,Escherichia,69,N_3pct,target_binary
ckmer5_count_l2,nearest_centroid,127,3,508,0.3333333333333333,0.3059088500264971,within_genus_species,Klebsiella,69,N_3pct,label
ckmer5_count_l2,logistic,127,3,508,0.20512820512820512,0.19775431540137423,within_genus_species,Klebsiella,69,N_3pct,label
ckmer5_count_l2,mlp,127,3,508,0.358974358974359,0.32082488167680867,within_genus_species,Klebsiella,69,N_3pct,label
ckmer7_count_l2,nearest_centroid,127,3,3767,0.3076923076923077,0.22981366459627328,within_genus_species,Klebsiella,69,N_3pct,label
ckmer7_count_l2,logistic,127,3,3767,0.3076923076923077,0.20841959972394752,within_genus_species,Klebsiella,69,N_3pct,label
ckmer7_count_l2,mlp,127,3,3767,0.41025641025641024,0.4048309178743961,within_genus_species,Klebsiella,69,N_3pct,label
cspaced_count_l2,nearest_centroid,127,3,136,0.2564102564102564,0.22472848788638258,within_genus_species,Klebsiella,69,N_3pct,label
cspaced_count_l2,logistic,127,3,136,0.23076923076923078,0.20806100217864923,within_genus_species,Klebsiella,69,N_3pct,label
cspaced_count_l2,mlp,127,3,136,0.38461538461538464,0.36607142857142855,within_genus_species,Klebsiella,69,N_3pct,label
cspaced_property_l2,nearest_centroid,127,3,147,0.2564102564102564,0.22472848788638258,within_genus_species,Klebsiella,69,N_3pct,label
cspaced_property_l2,logistic,127,3,147,0.23076923076923078,0.20214288635341268,within_genus_species,Klebsiella,69,N_3pct,label
cspaced_property_l2,mlp,127,3,147,0.3076923076923077,0.29156223893065997,within_genus_species,Klebsiella,69,N_3pct,label
hybrid_ckmer5_csp,nearest_centroid,127,3,655,0.3333333333333333,0.3148148148148148,within_genus_species,Klebsiella,69,N_3pct,label
hybrid_ckmer5_csp,logistic,127,3,655,0.28205128205128205,0.24227234753550542,within_genus_species,Klebsiella,69,N_3pct,label
hybrid_ckmer5_csp,mlp,127,3,655,0.38461538461538464,0.3231113012884515,within_genus_species,Klebsiella,69,N_3pct,label
ckmer5_count_l2,nearest_centroid,124,2,507,0.47368421052631576,0.43452380952380953,target_background,Klebsiella,69,N_3pct,target_binary
ckmer5_count_l2,logistic,124,2,507,0.4473684210526316,0.37411764705882355,target_background,Klebsiella,69,N_3pct,target_binary
ckmer5_count_l2,mlp,124,2,507,0.3157894736842105,0.24,target_background,Klebsiella,69,N_3pct,target_binary
ckmer7_count_l2,nearest_centroid,124,2,3724,0.47368421052631576,0.32142857142857145,target_background,Klebsiella,69,N_3pct,target_binary
ckmer7_count_l2,logistic,124,2,3724,0.6052631578947368,0.3770491803278688,target_background,Klebsiella,69,N_3pct,target_binary
ckmer7_count_l2,mlp,124,2,3724,0.42105263157894735,0.35692307692307695,target_background,Klebsiella,69,N_3pct,target_binary
cspaced_count_l2,nearest_centroid,124,2,136,0.6052631578947368,0.5818048422597212,target_background,Klebsiella,69,N_3pct,target_binary
cspaced_count_l2,logistic,124,2,136,0.5263157894736842,0.5043478260869565,target_background,Klebsiella,69,N_3pct,target_binary
cspaced_count_l2,mlp,124,2,136,0.6842105263157895,0.525,target_background,Klebsiella,69,N_3pct,target_binary
cspaced_property_l2,nearest_centroid,124,2,147,0.631578947368421,0.6041666666666667,target_background,Klebsiella,69,N_3pct,target_binary
cspaced_property_l2,logistic,124,2,147,0.5263157894736842,0.5142045454545454,target_background,Klebsiella,69,N_3pct,target_binary
cspaced_property_l2,mlp,124,2,147,0.6052631578947368,0.5324036095159967,target_background,Klebsiella,69,N_3pct,target_binary
hybrid_ckmer5_csp,nearest_centroid,124,2,654,0.47368421052631576,0.43452380952380953,target_background,Klebsiella,69,N_3pct,target_binary
hybrid_ckmer5_csp,logistic,124,2,654,0.42105263157894735,0.3301282051282051,target_background,Klebsiella,69,N_3pct,target_binary
hybrid_ckmer5_csp,mlp,124,2,654,0.4473684210526316,0.446985446985447,target_background,Klebsiella,69,N_3pct,target_binary
ckmer5_count_l2,nearest_centroid,153,4,512,0.32608695652173914,0.32258241758241757,within_genus_species,Acinetobacter,69,trim_5bp,label
ckmer5_count_l2,logistic,153,4,512,0.34782608695652173,0.335042735042735,within_genus_species,Acinetobacter,69,trim_5bp,label
ckmer5_count_l2,mlp,153,4,512,0.2391304347826087,0.19116883116883115,within_genus_species,Acinetobacter,69,trim_5bp,label
ckmer7_count_l2,nearest_centroid,153,4,4730,0.21739130434782608,0.19250408496732024,within_genus_species,Acinetobacter,69,trim_5bp,label
ckmer7_count_l2,logistic,153,4,4730,0.2608695652173913,0.22406015037593985,within_genus_species,Acinetobacter,69,trim_5bp,label
ckmer7_count_l2,mlp,153,4,4730,0.45652173913043476,0.37580128205128205,within_genus_species,Acinetobacter,69,trim_5bp,label
cspaced_count_l2,nearest_centroid,153,4,136,0.1956521739130435,0.19824016563146998,within_genus_species,Acinetobacter,69,trim_5bp,label
cspaced_count_l2,logistic,153,4,136,0.34782608695652173,0.33165456745311556,within_genus_species,Acinetobacter,69,trim_5bp,label
cspaced_count_l2,mlp,153,4,136,0.2826086956521739,0.2745726495726496,within_genus_species,Acinetobacter,69,trim_5bp,label
cspaced_property_l2,nearest_centroid,153,4,147,0.21739130434782608,0.2169714343627387,within_genus_species,Acinetobacter,69,trim_5bp,label
cspaced_property_l2,logistic,153,4,147,0.32608695652173914,0.2998052049244195,within_genus_species,Acinetobacter,69,trim_5bp,label
cspaced_property_l2,mlp,153,4,147,0.34782608695652173,0.2856950067476383,within_genus_species,Acinetobacter,69,trim_5bp,label
hybrid_ckmer5_csp,nearest_centroid,153,4,659,0.32608695652173914,0.3225925925925926,within_genus_species,Acinetobacter,69,trim_5bp,label
hybrid_ckmer5_csp,logistic,153,4,659,0.34782608695652173,0.35375486226879416,within_genus_species,Acinetobacter,69,trim_5bp,label
hybrid_ckmer5_csp,mlp,153,4,659,0.17391304347826086,0.13825757575757575,within_genus_species,Acinetobacter,69,trim_5bp,label
ckmer5_count_l2,nearest_centroid,144,3,483,0.3181818181818182,0.31812027080844285,within_genus_species,Burkholderia,69,trim_5bp,label
ckmer5_count_l2,logistic,144,3,483,0.38636363636363635,0.3812027080844285,within_genus_species,Burkholderia,69,trim_5bp,label
ckmer5_count_l2,mlp,144,3,483,0.38636363636363635,0.38095238095238093,within_genus_species,Burkholderia,69,trim_5bp,label
ckmer7_count_l2,nearest_centroid,144,3,3265,0.3181818181818182,0.30902184235517566,within_genus_species,Burkholderia,69,trim_5bp,label
ckmer7_count_l2,logistic,144,3,3265,0.4090909090909091,0.4075162879389798,within_genus_species,Burkholderia,69,trim_5bp,label
ckmer7_count_l2,mlp,144,3,3265,0.4090909090909091,0.296218487394958,within_genus_species,Burkholderia,69,trim_5bp,label
cspaced_count_l2,nearest_centroid,144,3,135,0.3181818181818182,0.3157194550872712,within_genus_species,Burkholderia,69,trim_5bp,label
cspaced_count_l2,logistic,144,3,135,0.20454545454545456,0.20105820105820105,within_genus_species,Burkholderia,69,trim_5bp,label
cspaced_count_l2,mlp,144,3,135,0.36363636363636365,0.3363293290698009,within_genus_species,Burkholderia,69,trim_5bp,label
cspaced_property_l2,nearest_centroid,144,3,146,0.3181818181818182,0.3157194550872712,within_genus_species,Burkholderia,69,trim_5bp,label
cspaced_property_l2,logistic,144,3,146,0.20454545454545456,0.19472315124489037,within_genus_species,Burkholderia,69,trim_5bp,label
cspaced_property_l2,mlp,144,3,146,0.38636363636363635,0.37770562770562766,within_genus_species,Burkholderia,69,trim_5bp,label
hybrid_ckmer5_csp,nearest_centroid,144,3,629,0.3181818181818182,0.31740342493030665,within_genus_species,Burkholderia,69,trim_5bp,label
hybrid_ckmer5_csp,logistic,144,3,629,0.3409090909090909,0.3308554190907132,within_genus_species,Burkholderia,69,trim_5bp,label
hybrid_ckmer5_csp,mlp,144,3,629,0.4318181818181818,0.41142191142191137,within_genus_species,Burkholderia,69,trim_5bp,label
ckmer5_count_l2,nearest_centroid,127,2,480,0.5384615384615384,0.5230978260869565,target_background,Burkholderia,69,trim_5bp,target_binary
ckmer5_count_l2,logistic,127,2,480,0.48717948717948717,0.39814814814814814,target_background,Burkholderia,69,trim_5bp,target_binary
ckmer5_count_l2,mlp,127,2,480,0.3333333333333333,0.29583333333333334,target_background,Burkholderia,69,trim_5bp,target_binary
ckmer7_count_l2,nearest_centroid,127,2,3051,0.5897435897435898,0.5185185185185185,target_background,Burkholderia,69,trim_5bp,target_binary
ckmer7_count_l2,logistic,127,2,3051,0.6153846153846154,0.5112781954887218,target_background,Burkholderia,69,trim_5bp,target_binary
ckmer7_count_l2,mlp,127,2,3051,0.6153846153846154,0.5584905660377358,target_background,Burkholderia,69,trim_5bp,target_binary
cspaced_count_l2,nearest_centroid,127,2,136,0.5641025641025641,0.544955387783116,target_background,Burkholderia,69,trim_5bp,target_binary
cspaced_count_l2,logistic,127,2,136,0.5384615384615384,0.5230978260869565,target_background,Burkholderia,69,trim_5bp,target_binary
cspaced_count_l2,mlp,127,2,136,0.5897435897435898,0.4620689655172414,target_background,Burkholderia,69,trim_5bp,target_binary
cspaced_property_l2,nearest_centroid,127,2,147,0.5641025641025641,0.544955387783116,target_background,Burkholderia,69,trim_5bp,target_binary
cspaced_property_l2,logistic,127,2,147,0.5897435897435898,0.5760869565217391,target_background,Burkholderia,69,trim_5bp,target_binary
cspaced_property_l2,mlp,127,2,147,0.6410256410256411,0.6208333333333333,target_background,Burkholderia,69,trim_5bp,target_binary
hybrid_ckmer5_csp,nearest_centroid,127,2,627,0.5128205128205128,0.501010101010101,target_background,Burkholderia,69,trim_5bp,target_binary
hybrid_ckmer5_csp,logistic,127,2,627,0.5384615384615384,0.4583333333333333,target_background,Burkholderia,69,trim_5bp,target_binary
hybrid_ckmer5_csp,mlp,127,2,627,0.5641025641025641,0.44611528822055135,target_background,Burkholderia,69,trim_5bp,target_binary
ckmer5_count_l2,nearest_centroid,174,4,507,0.33962264150943394,0.3318939393939394,within_genus_species,Candida,69,trim_5bp,label
ckmer5_count_l2,logistic,174,4,507,0.3584905660377358,0.3577777777777778,within_genus_species,Candida,69,trim_5bp,label
ckmer5_count_l2,mlp,174,4,507,0.1320754716981132,0.11361582313681869,within_genus_species,Candida,69,trim_5bp,label
ckmer7_count_l2,nearest_centroid,174,4,4492,0.37735849056603776,0.37117837117837116,within_genus_species,Candida,69,trim_5bp,label
ckmer7_count_l2,logistic,174,4,4492,0.3584905660377358,0.34007867132867137,within_genus_species,Candida,69,trim_5bp,label
ckmer7_count_l2,mlp,174,4,4492,0.24528301886792453,0.2130541407281645,within_genus_species,Candida,69,trim_5bp,label
cspaced_count_l2,nearest_centroid,174,4,136,0.20754716981132076,0.1614718614718615,within_genus_species,Candida,69,trim_5bp,label
cspaced_count_l2,logistic,174,4,136,0.20754716981132076,0.1889532813445857,within_genus_species,Candida,69,trim_5bp,label
cspaced_count_l2,mlp,174,4,136,0.2641509433962264,0.2621351766513057,within_genus_species,Candida,69,trim_5bp,label
cspaced_property_l2,nearest_centroid,174,4,147,0.16981132075471697,0.1341354723707665,within_genus_species,Candida,69,trim_5bp,label
cspaced_property_l2,logistic,174,4,147,0.20754716981132076,0.18657219973009445,within_genus_species,Candida,69,trim_5bp,label
cspaced_property_l2,mlp,174,4,147,0.24528301886792453,0.22393483709273182,within_genus_species,Candida,69,trim_5bp,label
hybrid_ckmer5_csp,nearest_centroid,174,4,654,0.2830188679245283,0.2839285714285714,within_genus_species,Candida,69,trim_5bp,label
hybrid_ckmer5_csp,logistic,174,4,654,0.32075471698113206,0.3053352490421456,within_genus_species,Candida,69,trim_5bp,label
hybrid_ckmer5_csp,mlp,174,4,654,0.2641509433962264,0.21916416916416917,within_genus_species,Candida,69,trim_5bp,label
ckmer5_count_l2,nearest_centroid,125,2,500,0.5,0.45427059712774,target_background,Candida,69,trim_5bp,target_binary
ckmer5_count_l2,logistic,125,2,500,0.5526315789473685,0.5117157974300831,target_background,Candida,69,trim_5bp,target_binary
ckmer5_count_l2,mlp,125,2,500,0.5263157894736842,0.5263157894736842,target_background,Candida,69,trim_5bp,target_binary
ckmer7_count_l2,nearest_centroid,125,2,3759,0.631578947368421,0.44583333333333336,target_background,Candida,69,trim_5bp,target_binary
ckmer7_count_l2,logistic,125,2,3759,0.5789473684210527,0.4176245210727969,target_background,Candida,69,trim_5bp,target_binary
ckmer7_count_l2,mlp,125,2,3759,0.5,0.3333333333333333,target_background,Candida,69,trim_5bp,target_binary
cspaced_count_l2,nearest_centroid,125,2,136,0.5,0.4702861335289802,target_background,Candida,69,trim_5bp,target_binary
cspaced_count_l2,logistic,125,2,136,0.47368421052631576,0.4492753623188406,target_background,Candida,69,trim_5bp,target_binary
cspaced_count_l2,mlp,125,2,136,0.47368421052631576,0.4492753623188406,target_background,Candida,69,trim_5bp,target_binary
cspaced_property_l2,nearest_centroid,125,2,147,0.5526315789473685,0.5117157974300831,target_background,Candida,69,trim_5bp,target_binary
cspaced_property_l2,logistic,125,2,147,0.47368421052631576,0.4492753623188406,target_background,Candida,69,trim_5bp,target_binary
cspaced_property_l2,mlp,125,2,147,0.5,0.49965349965349964,target_background,Candida,69,trim_5bp,target_binary
hybrid_ckmer5_csp,nearest_centroid,125,2,647,0.5,0.45427059712774,target_background,Candida,69,trim_5bp,target_binary
hybrid_ckmer5_csp,logistic,125,2,647,0.6052631578947368,0.5324036095159967,target_background,Candida,69,trim_5bp,target_binary
hybrid_ckmer5_csp,mlp,125,2,647,0.42105263157894735,0.39420289855072466,target_background,Candida,69,trim_5bp,target_binary
ckmer5_count_l2,nearest_centroid,214,5,508,0.2,0.19904880066170388,within_genus_species,Enterobacter,69,trim_5bp,label
ckmer5_count_l2,logistic,214,5,508,0.16923076923076924,0.17488294711824123,within_genus_species,Enterobacter,69,trim_5bp,label
ckmer5_count_l2,mlp,214,5,508,0.18461538461538463,0.1622222222222222,within_genus_species,Enterobacter,69,trim_5bp,label
ckmer7_count_l2,nearest_centroid,214,5,5547,0.26153846153846155,0.2285198333076092,within_genus_species,Enterobacter,69,trim_5bp,label
ckmer7_count_l2,logistic,214,5,5547,0.23076923076923078,0.20906442577030812,within_genus_species,Enterobacter,69,trim_5bp,label
ckmer7_count_l2,mlp,214,5,5547,0.23076923076923078,0.1939047619047619,within_genus_species,Enterobacter,69,trim_5bp,label
cspaced_count_l2,nearest_centroid,214,5,136,0.2153846153846154,0.2127231866362301,within_genus_species,Enterobacter,69,trim_5bp,label
cspaced_count_l2,logistic,214,5,136,0.23076923076923078,0.22672230994811643,within_genus_species,Enterobacter,69,trim_5bp,label
cspaced_count_l2,mlp,214,5,136,0.23076923076923078,0.197201581027668,within_genus_species,Enterobacter,69,trim_5bp,label
cspaced_property_l2,nearest_centroid,214,5,147,0.23076923076923078,0.22499354718245274,within_genus_species,Enterobacter,69,trim_5bp,label
cspaced_property_l2,logistic,214,5,147,0.2153846153846154,0.20954816709292415,within_genus_species,Enterobacter,69,trim_5bp,label
cspaced_property_l2,mlp,214,5,147,0.2153846153846154,0.19652995652995653,within_genus_species,Enterobacter,69,trim_5bp,label
hybrid_ckmer5_csp,nearest_centroid,214,5,655,0.18461538461538463,0.18481633309219517,within_genus_species,Enterobacter,69,trim_5bp,label
hybrid_ckmer5_csp,logistic,214,5,655,0.12307692307692308,0.11916156404082101,within_genus_species,Enterobacter,69,trim_5bp,label
hybrid_ckmer5_csp,mlp,214,5,655,0.2923076923076923,0.25911519374934006,within_genus_species,Enterobacter,69,trim_5bp,label
ckmer5_count_l2,nearest_centroid,119,2,507,0.5,0.4375,target_background,Enterobacter,69,trim_5bp,target_binary
ckmer5_count_l2,logistic,119,2,507,0.5833333333333334,0.4957983193277311,target_background,Enterobacter,69,trim_5bp,target_binary
ckmer5_count_l2,mlp,119,2,507,0.3333333333333333,0.25,target_background,Enterobacter,69,trim_5bp,target_binary
ckmer7_count_l2,nearest_centroid,119,2,4116,0.6666666666666666,0.4,target_background,Enterobacter,69,trim_5bp,target_binary
ckmer7_count_l2,logistic,119,2,4116,0.6666666666666666,0.4,target_background,Enterobacter,69,trim_5bp,target_binary
ckmer7_count_l2,mlp,119,2,4116,0.4444444444444444,0.4285714285714286,target_background,Enterobacter,69,trim_5bp,target_binary
cspaced_count_l2,nearest_centroid,119,2,136,0.6388888888888888,0.5847382431233363,target_background,Enterobacter,69,trim_5bp,target_binary
cspaced_count_l2,logistic,119,2,136,0.5,0.4581939799331104,target_background,Enterobacter,69,trim_5bp,target_binary
cspaced_count_l2,mlp,119,2,136,0.6388888888888888,0.4526315789473684,target_background,Enterobacter,69,trim_5bp,target_binary
cspaced_property_l2,nearest_centroid,119,2,147,0.6111111111111112,0.5418181818181818,target_background,Enterobacter,69,trim_5bp,target_binary
cspaced_property_l2,logistic,119,2,147,0.5,0.4581939799331104,target_background,Enterobacter,69,trim_5bp,target_binary
cspaced_property_l2,mlp,119,2,147,0.6388888888888888,0.5630252100840336,target_background,Enterobacter,69,trim_5bp,target_binary
hybrid_ckmer5_csp,nearest_centroid,119,2,654,0.5555555555555556,0.4763636363636364,target_background,Enterobacter,69,trim_5bp,target_binary
hybrid_ckmer5_csp,logistic,119,2,654,0.5,0.3769230769230769,target_background,Enterobacter,69,trim_5bp,target_binary
hybrid_ckmer5_csp,mlp,119,2,654,0.4722222222222222,0.4618410700236035,target_background,Enterobacter,69,trim_5bp,target_binary
ckmer5_count_l2,nearest_centroid,88,2,502,0.5925925925925926,0.5925925925925926,within_genus_species,Escherichia,69,trim_5bp,label
ckmer5_count_l2,logistic,88,2,502,0.5185185185185185,0.5077138849929874,within_genus_species,Escherichia,69,trim_5bp,label
ckmer5_count_l2,mlp,88,2,502,0.5555555555555556,0.5235294117647059,within_genus_species,Escherichia,69,trim_5bp,label
ckmer7_count_l2,nearest_centroid,88,2,3440,0.4444444444444444,0.4444444444444444,within_genus_species,Escherichia,69,trim_5bp,label
ckmer7_count_l2,logistic,88,2,3440,0.2962962962962963,0.2924137931034483,within_genus_species,Escherichia,69,trim_5bp,label
ckmer7_count_l2,mlp,88,2,3440,0.5925925925925926,0.5903448275862069,within_genus_species,Escherichia,69,trim_5bp,label
cspaced_count_l2,nearest_centroid,88,2,136,0.4074074074074074,0.4065934065934066,within_genus_species,Escherichia,69,trim_5bp,label
cspaced_count_l2,logistic,88,2,136,0.5555555555555556,0.55,within_genus_species,Escherichia,69,trim_5bp,label
cspaced_count_l2,mlp,88,2,136,0.37037037037037035,0.30977443609022554,within_genus_species,Escherichia,69,trim_5bp,label
cspaced_property_l2,nearest_centroid,88,2,147,0.4074074074074074,0.4065934065934066,within_genus_species,Escherichia,69,trim_5bp,label
cspaced_property_l2,logistic,88,2,147,0.5555555555555556,0.55,within_genus_species,Escherichia,69,trim_5bp,label
cspaced_property_l2,mlp,88,2,147,0.48148148148148145,0.4166666666666667,within_genus_species,Escherichia,69,trim_5bp,label
hybrid_ckmer5_csp,nearest_centroid,88,2,649,0.5925925925925926,0.5925925925925926,within_genus_species,Escherichia,69,trim_5bp,label
hybrid_ckmer5_csp,logistic,88,2,649,0.5555555555555556,0.5397727272727273,within_genus_species,Escherichia,69,trim_5bp,label
hybrid_ckmer5_csp,mlp,88,2,649,0.5555555555555556,0.46710526315789475,within_genus_species,Escherichia,69,trim_5bp,label
ckmer5_count_l2,nearest_centroid,88,2,502,0.5925925925925926,0.5925925925925926,target_background,Escherichia,69,trim_5bp,target_binary
ckmer5_count_l2,logistic,88,2,502,0.5185185185185185,0.5077138849929874,target_background,Escherichia,69,trim_5bp,target_binary
ckmer5_count_l2,mlp,88,2,502,0.5555555555555556,0.5235294117647059,target_background,Escherichia,69,trim_5bp,target_binary
ckmer7_count_l2,nearest_centroid,88,2,3440,0.4444444444444444,0.4444444444444444,target_background,Escherichia,69,trim_5bp,target_binary
ckmer7_count_l2,logistic,88,2,3440,0.2962962962962963,0.2924137931034483,target_background,Escherichia,69,trim_5bp,target_binary
ckmer7_count_l2,mlp,88,2,3440,0.5925925925925926,0.5903448275862069,target_background,Escherichia,69,trim_5bp,target_binary
cspaced_count_l2,nearest_centroid,88,2,136,0.4074074074074074,0.4065934065934066,target_background,Escherichia,69,trim_5bp,target_binary
cspaced_count_l2,logistic,88,2,136,0.5555555555555556,0.55,target_background,Escherichia,69,trim_5bp,target_binary
cspaced_count_l2,mlp,88,2,136,0.37037037037037035,0.30977443609022554,target_background,Escherichia,69,trim_5bp,target_binary
cspaced_property_l2,nearest_centroid,88,2,147,0.4074074074074074,0.4065934065934066,target_background,Escherichia,69,trim_5bp,target_binary
cspaced_property_l2,logistic,88,2,147,0.5555555555555556,0.55,target_background,Escherichia,69,trim_5bp,target_binary
cspaced_property_l2,mlp,88,2,147,0.48148148148148145,0.4166666666666667,target_background,Escherichia,69,trim_5bp,target_binary
hybrid_ckmer5_csp,nearest_centroid,88,2,649,0.5925925925925926,0.5925925925925926,target_background,Escherichia,69,trim_5bp,target_binary
hybrid_ckmer5_csp,logistic,88,2,649,0.5555555555555556,0.5397727272727273,target_background,Escherichia,69,trim_5bp,target_binary
hybrid_ckmer5_csp,mlp,88,2,649,0.5555555555555556,0.46710526315789475,target_background,Escherichia,69,trim_5bp,target_binary
ckmer5_count_l2,nearest_centroid,127,3,509,0.3076923076923077,0.2666931637519873,within_genus_species,Klebsiella,69,trim_5bp,label
ckmer5_count_l2,logistic,127,3,509,0.3076923076923077,0.25227272727272726,within_genus_species,Klebsiella,69,trim_5bp,label
ckmer5_count_l2,mlp,127,3,509,0.28205128205128205,0.25392156862745097,within_genus_species,Klebsiella,69,trim_5bp,label
ckmer7_count_l2,nearest_centroid,127,3,4079,0.2564102564102564,0.18253968253968253,within_genus_species,Klebsiella,69,trim_5bp,label
ckmer7_count_l2,logistic,127,3,4079,0.2564102564102564,0.14184397163120568,within_genus_species,Klebsiella,69,trim_5bp,label
ckmer7_count_l2,mlp,127,3,4079,0.3333333333333333,0.32806324110671936,within_genus_species,Klebsiella,69,trim_5bp,label
cspaced_count_l2,nearest_centroid,127,3,136,0.2564102564102564,0.22486772486772488,within_genus_species,Klebsiella,69,trim_5bp,label
cspaced_count_l2,logistic,127,3,136,0.2564102564102564,0.22962962962962963,within_genus_species,Klebsiella,69,trim_5bp,label
cspaced_count_l2,mlp,127,3,136,0.4358974358974359,0.40317460317460313,within_genus_species,Klebsiella,69,trim_5bp,label
cspaced_property_l2,nearest_centroid,127,3,147,0.2564102564102564,0.22807017543859645,within_genus_species,Klebsiella,69,trim_5bp,label
cspaced_property_l2,logistic,127,3,147,0.2564102564102564,0.23022389733925608,within_genus_species,Klebsiella,69,trim_5bp,label
cspaced_property_l2,mlp,127,3,147,0.3076923076923077,0.291304347826087,within_genus_species,Klebsiella,69,trim_5bp,label
hybrid_ckmer5_csp,nearest_centroid,127,3,656,0.28205128205128205,0.23638981791155703,within_genus_species,Klebsiella,69,trim_5bp,label
hybrid_ckmer5_csp,logistic,127,3,656,0.2564102564102564,0.19130434782608696,within_genus_species,Klebsiella,69,trim_5bp,label
hybrid_ckmer5_csp,mlp,127,3,656,0.1282051282051282,0.11188811188811189,within_genus_species,Klebsiella,69,trim_5bp,label
ckmer5_count_l2,nearest_centroid,124,2,508,0.42105263157894735,0.37797619047619047,target_background,Klebsiella,69,trim_5bp,target_binary
ckmer5_count_l2,logistic,124,2,508,0.5,0.4337254901960784,target_background,Klebsiella,69,trim_5bp,target_binary
ckmer5_count_l2,mlp,124,2,508,0.631578947368421,0.44583333333333336,target_background,Klebsiella,69,trim_5bp,target_binary
ckmer7_count_l2,nearest_centroid,124,2,4034,0.5789473684210527,0.36666666666666664,target_background,Klebsiella,69,trim_5bp,target_binary
ckmer7_count_l2,logistic,124,2,4034,0.6052631578947368,0.3770491803278688,target_background,Klebsiella,69,trim_5bp,target_binary
ckmer7_count_l2,mlp,124,2,4034,0.5263157894736842,0.47384615384615386,target_background,Klebsiella,69,trim_5bp,target_binary
cspaced_count_l2,nearest_centroid,124,2,136,0.631578947368421,0.6221590909090908,target_background,Klebsiella,69,trim_5bp,target_binary
cspaced_count_l2,logistic,124,2,136,0.5526315789473685,0.5260454878943507,target_background,Klebsiella,69,trim_5bp,target_binary
cspaced_count_l2,mlp,124,2,136,0.6578947368421053,0.5074775672981057,target_background,Klebsiella,69,trim_5bp,target_binary
cspaced_property_l2,nearest_centroid,124,2,147,0.631578947368421,0.6221590909090908,target_background,Klebsiella,69,trim_5bp,target_binary
cspaced_property_l2,logistic,124,2,147,0.5526315789473685,0.5260454878943507,target_background,Klebsiella,69,trim_5bp,target_binary
cspaced_property_l2,mlp,124,2,147,0.6052631578947368,0.5529411764705883,target_background,Klebsiella,69,trim_5bp,target_binary
hybrid_ckmer5_csp,nearest_centroid,124,2,655,0.39473684210526316,0.35876742479823914,target_background,Klebsiella,69,trim_5bp,target_binary
hybrid_ckmer5_csp,logistic,124,2,655,0.42105263157894735,0.35692307692307695,target_background,Klebsiella,69,trim_5bp,target_binary
hybrid_ckmer5_csp,mlp,124,2,655,0.47368421052631576,0.4677871148459384,target_background,Klebsiella,69,trim_5bp,target_binary
ckmer5_count_l2,nearest_centroid,153,4,511,0.2608695652173913,0.2595210727969348,within_genus_species,Acinetobacter,69,substitution_1pct_N_3pct,label
ckmer5_count_l2,logistic,153,4,511,0.2391304347826087,0.23921761808171543,within_genus_species,Acinetobacter,69,substitution_1pct_N_3pct,label
ckmer5_count_l2,mlp,153,4,511,0.34782608695652173,0.28091145457171746,within_genus_species,Acinetobacter,69,substitution_1pct_N_3pct,label
ckmer7_count_l2,nearest_centroid,153,4,4392,0.21739130434782608,0.19484126984126984,within_genus_species,Acinetobacter,69,substitution_1pct_N_3pct,label
ckmer7_count_l2,logistic,153,4,4392,0.2391304347826087,0.210267046927664,within_genus_species,Acinetobacter,69,substitution_1pct_N_3pct,label
ckmer7_count_l2,mlp,153,4,4392,0.3695652173913043,0.3419990004997501,within_genus_species,Acinetobacter,69,substitution_1pct_N_3pct,label
cspaced_count_l2,nearest_centroid,153,4,136,0.21739130434782608,0.21382686514265462,within_genus_species,Acinetobacter,69,substitution_1pct_N_3pct,label
cspaced_count_l2,logistic,153,4,136,0.2826086956521739,0.2747354497354497,within_genus_species,Acinetobacter,69,substitution_1pct_N_3pct,label
cspaced_count_l2,mlp,153,4,136,0.2826086956521739,0.2768131868131868,within_genus_species,Acinetobacter,69,substitution_1pct_N_3pct,label
cspaced_property_l2,nearest_centroid,153,4,147,0.1956521739130435,0.1897789143705659,within_genus_species,Acinetobacter,69,substitution_1pct_N_3pct,label
cspaced_property_l2,logistic,153,4,147,0.30434782608695654,0.2933787265366213,within_genus_species,Acinetobacter,69,substitution_1pct_N_3pct,label
cspaced_property_l2,mlp,153,4,147,0.34782608695652173,0.26934129089301506,within_genus_species,Acinetobacter,69,substitution_1pct_N_3pct,label
hybrid_ckmer5_csp,nearest_centroid,153,4,658,0.2391304347826087,0.23650392848688437,within_genus_species,Acinetobacter,69,substitution_1pct_N_3pct,label
hybrid_ckmer5_csp,logistic,153,4,658,0.1956521739130435,0.19540809427219163,within_genus_species,Acinetobacter,69,substitution_1pct_N_3pct,label
hybrid_ckmer5_csp,mlp,153,4,658,0.1956521739130435,0.18644975096587998,within_genus_species,Acinetobacter,69,substitution_1pct_N_3pct,label
ckmer5_count_l2,nearest_centroid,144,3,487,0.3409090909090909,0.3426369168356998,within_genus_species,Burkholderia,69,substitution_1pct_N_3pct,label
ckmer5_count_l2,logistic,144,3,487,0.36363636363636365,0.35419354838709677,within_genus_species,Burkholderia,69,substitution_1pct_N_3pct,label
ckmer5_count_l2,mlp,144,3,487,0.38636363636363635,0.36162870945479636,within_genus_species,Burkholderia,69,substitution_1pct_N_3pct,label
ckmer7_count_l2,nearest_centroid,144,3,3096,0.29545454545454547,0.29169354838709677,within_genus_species,Burkholderia,69,substitution_1pct_N_3pct,label
ckmer7_count_l2,logistic,144,3,3096,0.36363636363636365,0.3639846743295019,within_genus_species,Burkholderia,69,substitution_1pct_N_3pct,label
ckmer7_count_l2,mlp,144,3,3096,0.2727272727272727,0.23514211886304906,within_genus_species,Burkholderia,69,substitution_1pct_N_3pct,label
cspaced_count_l2,nearest_centroid,144,3,136,0.36363636363636365,0.358866623572506,within_genus_species,Burkholderia,69,substitution_1pct_N_3pct,label
cspaced_count_l2,logistic,144,3,136,0.3181818181818182,0.31573024676472955,within_genus_species,Burkholderia,69,substitution_1pct_N_3pct,label
cspaced_count_l2,mlp,144,3,136,0.38636363636363635,0.38462675535846264,within_genus_species,Burkholderia,69,substitution_1pct_N_3pct,label
cspaced_property_l2,nearest_centroid,144,3,147,0.3409090909090909,0.3321974306964165,within_genus_species,Burkholderia,69,substitution_1pct_N_3pct,label
cspaced_property_l2,logistic,144,3,147,0.3409090909090909,0.3450268817204301,within_genus_species,Burkholderia,69,substitution_1pct_N_3pct,label
cspaced_property_l2,mlp,144,3,147,0.3181818181818182,0.2989743589743589,within_genus_species,Burkholderia,69,substitution_1pct_N_3pct,label
hybrid_ckmer5_csp,nearest_centroid,144,3,634,0.3409090909090909,0.334575569358178,within_genus_species,Burkholderia,69,substitution_1pct_N_3pct,label
hybrid_ckmer5_csp,logistic,144,3,634,0.3181818181818182,0.3103030303030303,within_genus_species,Burkholderia,69,substitution_1pct_N_3pct,label
hybrid_ckmer5_csp,mlp,144,3,634,0.36363636363636365,0.30976430976430974,within_genus_species,Burkholderia,69,substitution_1pct_N_3pct,label
ckmer5_count_l2,nearest_centroid,127,2,481,0.5897435897435898,0.5666666666666667,target_background,Burkholderia,69,substitution_1pct_N_3pct,target_binary
ckmer5_count_l2,logistic,127,2,481,0.5128205128205128,0.46187363834422657,target_background,Burkholderia,69,substitution_1pct_N_3pct,target_binary
ckmer5_count_l2,mlp,127,2,481,0.5384615384615384,0.5125,target_background,Burkholderia,69,substitution_1pct_N_3pct,target_binary
ckmer7_count_l2,nearest_centroid,127,2,2915,0.5641025641025641,0.4085637823371989,target_background,Burkholderia,69,substitution_1pct_N_3pct,target_binary
ckmer7_count_l2,logistic,127,2,2915,0.5897435897435898,0.4620689655172414,target_background,Burkholderia,69,substitution_1pct_N_3pct,target_binary
ckmer7_count_l2,mlp,127,2,2915,0.5897435897435898,0.5828877005347594,target_background,Burkholderia,69,substitution_1pct_N_3pct,target_binary
cspaced_count_l2,nearest_centroid,127,2,136,0.5128205128205128,0.501010101010101,target_background,Burkholderia,69,substitution_1pct_N_3pct,target_binary
cspaced_count_l2,logistic,127,2,136,0.4358974358974359,0.4171195652173913,target_background,Burkholderia,69,substitution_1pct_N_3pct,target_binary
cspaced_count_l2,mlp,127,2,136,0.6410256410256411,0.49444444444444446,target_background,Burkholderia,69,substitution_1pct_N_3pct,target_binary
cspaced_property_l2,nearest_centroid,127,2,147,0.48717948717948717,0.47860962566844917,target_background,Burkholderia,69,substitution_1pct_N_3pct,target_binary
cspaced_property_l2,logistic,127,2,147,0.48717948717948717,0.45833333333333337,target_background,Burkholderia,69,substitution_1pct_N_3pct,target_binary
cspaced_property_l2,mlp,127,2,147,0.5384615384615384,0.4807692307692308,target_background,Burkholderia,69,substitution_1pct_N_3pct,target_binary
hybrid_ckmer5_csp,nearest_centroid,127,2,628,0.5897435897435898,0.5666666666666667,target_background,Burkholderia,69,substitution_1pct_N_3pct,target_binary
hybrid_ckmer5_csp,logistic,127,2,628,0.46153846153846156,0.40522875816993464,target_background,Burkholderia,69,substitution_1pct_N_3pct,target_binary
hybrid_ckmer5_csp,mlp,127,2,628,0.38461538461538464,0.38421052631578945,target_background,Burkholderia,69,substitution_1pct_N_3pct,target_binary
ckmer5_count_l2,nearest_centroid,174,4,507,0.22641509433962265,0.21421355498721228,within_genus_species,Candida,69,substitution_1pct_N_3pct,label
ckmer5_count_l2,logistic,174,4,507,0.3018867924528302,0.30093167701863355,within_genus_species,Candida,69,substitution_1pct_N_3pct,label
ckmer5_count_l2,mlp,174,4,507,0.1509433962264151,0.15052588540491768,within_genus_species,Candida,69,substitution_1pct_N_3pct,label
ckmer7_count_l2,nearest_centroid,174,4,4230,0.2641509433962264,0.24423677516983808,within_genus_species,Candida,69,substitution_1pct_N_3pct,label
ckmer7_count_l2,logistic,174,4,4230,0.2830188679245283,0.26628432494279175,within_genus_species,Candida,69,substitution_1pct_N_3pct,label
ckmer7_count_l2,mlp,174,4,4230,0.20754716981132076,0.18611111111111112,within_genus_species,Candida,69,substitution_1pct_N_3pct,label
cspaced_count_l2,nearest_centroid,174,4,136,0.20754716981132076,0.1840277777777778,within_genus_species,Candida,69,substitution_1pct_N_3pct,label
cspaced_count_l2,logistic,174,4,136,0.2641509433962264,0.24423930708261082,within_genus_species,Candida,69,substitution_1pct_N_3pct,label
cspaced_count_l2,mlp,174,4,136,0.20754716981132076,0.20809190809190808,within_genus_species,Candida,69,substitution_1pct_N_3pct,label
cspaced_property_l2,nearest_centroid,174,4,147,0.20754716981132076,0.18179271708683475,within_genus_species,Candida,69,substitution_1pct_N_3pct,label
cspaced_property_l2,logistic,174,4,147,0.24528301886792453,0.22604405034324943,within_genus_species,Candida,69,substitution_1pct_N_3pct,label
cspaced_property_l2,mlp,174,4,147,0.3018867924528302,0.27838952219257823,within_genus_species,Candida,69,substitution_1pct_N_3pct,label
hybrid_ckmer5_csp,nearest_centroid,174,4,654,0.18867924528301888,0.17971670273460555,within_genus_species,Candida,69,substitution_1pct_N_3pct,label
hybrid_ckmer5_csp,logistic,174,4,654,0.20754716981132076,0.20484126984126982,within_genus_species,Candida,69,substitution_1pct_N_3pct,label
hybrid_ckmer5_csp,mlp,174,4,654,0.2830188679245283,0.23293650793650794,within_genus_species,Candida,69,substitution_1pct_N_3pct,label
ckmer5_count_l2,nearest_centroid,125,2,500,0.5526315789473685,0.5117157974300831,target_background,Candida,69,substitution_1pct_N_3pct,target_binary
ckmer5_count_l2,logistic,125,2,500,0.631578947368421,0.5907692307692307,target_background,Candida,69,substitution_1pct_N_3pct,target_binary
ckmer5_count_l2,mlp,125,2,500,0.39473684210526316,0.3734767025089606,target_background,Candida,69,substitution_1pct_N_3pct,target_binary
ckmer7_count_l2,nearest_centroid,125,2,3522,0.5789473684210527,0.36666666666666664,target_background,Candida,69,substitution_1pct_N_3pct,target_binary
ckmer7_count_l2,logistic,125,2,3522,0.6052631578947368,0.4317048853439681,target_background,Candida,69,substitution_1pct_N_3pct,target_binary
ckmer7_count_l2,mlp,125,2,3522,0.3684210526315789,0.3522727272727273,target_background,Candida,69,substitution_1pct_N_3pct,target_binary
cspaced_count_l2,nearest_centroid,125,2,136,0.631578947368421,0.6144927536231883,target_background,Candida,69,substitution_1pct_N_3pct,target_binary
cspaced_count_l2,logistic,125,2,136,0.5263157894736842,0.4910714285714286,target_background,Candida,69,substitution_1pct_N_3pct,target_binary
cspaced_count_l2,mlp,125,2,136,0.34210526315789475,0.2549019607843137,target_background,Candida,69,substitution_1pct_N_3pct,target_binary
cspaced_property_l2,nearest_centroid,125,2,147,0.631578947368421,0.6144927536231883,target_background,Candida,69,substitution_1pct_N_3pct,target_binary
cspaced_property_l2,logistic,125,2,147,0.47368421052631576,0.4492753623188406,target_background,Candida,69,substitution_1pct_N_3pct,target_binary
cspaced_property_l2,mlp,125,2,147,0.5789473684210527,0.5742296918767507,target_background,Candida,69,substitution_1pct_N_3pct,target_binary
hybrid_ckmer5_csp,nearest_centroid,125,2,647,0.6052631578947368,0.5818048422597212,target_background,Candida,69,substitution_1pct_N_3pct,target_binary
hybrid_ckmer5_csp,logistic,125,2,647,0.6842105263157895,0.6492307692307693,target_background,Candida,69,substitution_1pct_N_3pct,target_binary
hybrid_ckmer5_csp,mlp,125,2,647,0.42105263157894735,0.39420289855072466,target_background,Candida,69,substitution_1pct_N_3pct,target_binary
ckmer5_count_l2,nearest_centroid,214,5,508,0.23076923076923078,0.23045223420036015,within_genus_species,Enterobacter,69,substitution_1pct_N_3pct,label
ckmer5_count_l2,logistic,214,5,508,0.2,0.18832775919732442,within_genus_species,Enterobacter,69,substitution_1pct_N_3pct,label
ckmer5_count_l2,mlp,214,5,508,0.23076923076923078,0.21045094545094548,within_genus_species,Enterobacter,69,substitution_1pct_N_3pct,label
ckmer7_count_l2,nearest_centroid,214,5,5271,0.27692307692307694,0.26865800865800865,within_genus_species,Enterobacter,69,substitution_1pct_N_3pct,label
ckmer7_count_l2,logistic,214,5,5271,0.3076923076923077,0.29895275687218426,within_genus_species,Enterobacter,69,substitution_1pct_N_3pct,label
ckmer7_count_l2,mlp,214,5,5271,0.2153846153846154,0.20476190476190476,within_genus_species,Enterobacter,69,substitution_1pct_N_3pct,label
cspaced_count_l2,nearest_centroid,214,5,136,0.27692307692307694,0.2659961938222808,within_genus_species,Enterobacter,69,substitution_1pct_N_3pct,label
cspaced_count_l2,logistic,214,5,136,0.2923076923076923,0.29256297241778184,within_genus_species,Enterobacter,69,substitution_1pct_N_3pct,label
cspaced_count_l2,mlp,214,5,136,0.27692307692307694,0.23765034965034965,within_genus_species,Enterobacter,69,substitution_1pct_N_3pct,label
cspaced_property_l2,nearest_centroid,214,5,147,0.27692307692307694,0.26675321457930157,within_genus_species,Enterobacter,69,substitution_1pct_N_3pct,label
cspaced_property_l2,logistic,214,5,147,0.2,0.18853134876494165,within_genus_species,Enterobacter,69,substitution_1pct_N_3pct,label
cspaced_property_l2,mlp,214,5,147,0.2153846153846154,0.20142857142857143,within_genus_species,Enterobacter,69,substitution_1pct_N_3pct,label
hybrid_ckmer5_csp,nearest_centroid,214,5,655,0.27692307692307694,0.2721049475262369,within_genus_species,Enterobacter,69,substitution_1pct_N_3pct,label
hybrid_ckmer5_csp,logistic,214,5,655,0.2153846153846154,0.22294314381270902,within_genus_species,Enterobacter,69,substitution_1pct_N_3pct,label
hybrid_ckmer5_csp,mlp,214,5,655,0.24615384615384617,0.17597069597069598,within_genus_species,Enterobacter,69,substitution_1pct_N_3pct,label
ckmer5_count_l2,nearest_centroid,119,2,507,0.6388888888888888,0.5630252100840336,target_background,Enterobacter,69,substitution_1pct_N_3pct,target_binary
ckmer5_count_l2,logistic,119,2,507,0.6666666666666666,0.5846153846153846,target_background,Enterobacter,69,substitution_1pct_N_3pct,target_binary
ckmer5_count_l2,mlp,119,2,507,0.3611111111111111,0.2953191489361702,target_background,Enterobacter,69,substitution_1pct_N_3pct,target_binary
ckmer7_count_l2,nearest_centroid,119,2,3845,0.6388888888888888,0.3898305084745763,target_background,Enterobacter,69,substitution_1pct_N_3pct,target_binary
ckmer7_count_l2,logistic,119,2,3845,0.6388888888888888,0.3898305084745763,target_background,Enterobacter,69,substitution_1pct_N_3pct,target_binary
ckmer7_count_l2,mlp,119,2,3845,0.5833333333333334,0.5404255319148936,target_background,Enterobacter,69,substitution_1pct_N_3pct,target_binary
cspaced_count_l2,nearest_centroid,119,2,136,0.5833333333333334,0.520851818988465,target_background,Enterobacter,69,substitution_1pct_N_3pct,target_binary
cspaced_count_l2,logistic,119,2,136,0.6111111111111112,0.5418181818181818,target_background,Enterobacter,69,substitution_1pct_N_3pct,target_binary
cspaced_count_l2,mlp,119,2,136,0.6111111111111112,0.4375,target_background,Enterobacter,69,substitution_1pct_N_3pct,target_binary
cspaced_property_l2,nearest_centroid,119,2,147,0.5555555555555556,0.4763636363636364,target_background,Enterobacter,69,substitution_1pct_N_3pct,target_binary
cspaced_property_l2,logistic,119,2,147,0.5833333333333334,0.520851818988465,target_background,Enterobacter,69,substitution_1pct_N_3pct,target_binary
cspaced_property_l2,mlp,119,2,147,0.6388888888888888,0.6017021276595744,target_background,Enterobacter,69,substitution_1pct_N_3pct,target_binary
hybrid_ckmer5_csp,nearest_centroid,119,2,654,0.6111111111111112,0.5418181818181818,target_background,Enterobacter,69,substitution_1pct_N_3pct,target_binary
hybrid_ckmer5_csp,logistic,119,2,654,0.6388888888888888,0.5630252100840336,target_background,Enterobacter,69,substitution_1pct_N_3pct,target_binary
hybrid_ckmer5_csp,mlp,119,2,654,0.4722222222222222,0.45148356054530875,target_background,Enterobacter,69,substitution_1pct_N_3pct,target_binary
ckmer5_count_l2,nearest_centroid,88,2,504,0.37037037037037035,0.37037037037037035,within_genus_species,Escherichia,69,substitution_1pct_N_3pct,label
ckmer5_count_l2,logistic,88,2,504,0.4074074074074074,0.38636363636363635,within_genus_species,Escherichia,69,substitution_1pct_N_3pct,label
ckmer5_count_l2,mlp,88,2,504,0.5185185185185185,0.5185185185185185,within_genus_species,Escherichia,69,substitution_1pct_N_3pct,label
ckmer7_count_l2,nearest_centroid,88,2,3182,0.48148148148148145,0.475,within_genus_species,Escherichia,69,substitution_1pct_N_3pct,label
ckmer7_count_l2,logistic,88,2,3182,0.3333333333333333,0.30965909090909094,within_genus_species,Escherichia,69,substitution_1pct_N_3pct,label
ckmer7_count_l2,mlp,88,2,3182,0.5925925925925926,0.5714285714285714,within_genus_species,Escherichia,69,substitution_1pct_N_3pct,label
cspaced_count_l2,nearest_centroid,88,2,136,0.37037037037037035,0.36689655172413793,within_genus_species,Escherichia,69,substitution_1pct_N_3pct,label
cspaced_count_l2,logistic,88,2,136,0.2962962962962963,0.2924137931034483,within_genus_species,Escherichia,69,substitution_1pct_N_3pct,label
cspaced_count_l2,mlp,88,2,136,0.48148148148148145,0.3782894736842105,within_genus_species,Escherichia,69,substitution_1pct_N_3pct,label
cspaced_property_l2,nearest_centroid,88,2,147,0.37037037037037035,0.36689655172413793,within_genus_species,Escherichia,69,substitution_1pct_N_3pct,label
cspaced_property_l2,logistic,88,2,147,0.37037037037037035,0.37037037037037035,within_genus_species,Escherichia,69,substitution_1pct_N_3pct,label
cspaced_property_l2,mlp,88,2,147,0.5185185185185185,0.4935064935064935,within_genus_species,Escherichia,69,substitution_1pct_N_3pct,label
hybrid_ckmer5_csp,nearest_centroid,88,2,651,0.37037037037037035,0.37037037037037035,within_genus_species,Escherichia,69,substitution_1pct_N_3pct,label
hybrid_ckmer5_csp,logistic,88,2,651,0.3333333333333333,0.30965909090909094,within_genus_species,Escherichia,69,substitution_1pct_N_3pct,label
hybrid_ckmer5_csp,mlp,88,2,651,0.4444444444444444,0.35612082670906203,within_genus_species,Escherichia,69,substitution_1pct_N_3pct,label
ckmer5_count_l2,nearest_centroid,88,2,504,0.37037037037037035,0.37037037037037035,target_background,Escherichia,69,substitution_1pct_N_3pct,target_binary
ckmer5_count_l2,logistic,88,2,504,0.4074074074074074,0.38636363636363635,target_background,Escherichia,69,substitution_1pct_N_3pct,target_binary
ckmer5_count_l2,mlp,88,2,504,0.5185185185185185,0.5185185185185185,target_background,Escherichia,69,substitution_1pct_N_3pct,target_binary
ckmer7_count_l2,nearest_centroid,88,2,3182,0.48148148148148145,0.475,target_background,Escherichia,69,substitution_1pct_N_3pct,target_binary
ckmer7_count_l2,logistic,88,2,3182,0.3333333333333333,0.30965909090909094,target_background,Escherichia,69,substitution_1pct_N_3pct,target_binary
ckmer7_count_l2,mlp,88,2,3182,0.5925925925925926,0.5714285714285714,target_background,Escherichia,69,substitution_1pct_N_3pct,target_binary
cspaced_count_l2,nearest_centroid,88,2,136,0.37037037037037035,0.36689655172413793,target_background,Escherichia,69,substitution_1pct_N_3pct,target_binary
cspaced_count_l2,logistic,88,2,136,0.2962962962962963,0.2924137931034483,target_background,Escherichia,69,substitution_1pct_N_3pct,target_binary
cspaced_count_l2,mlp,88,2,136,0.48148148148148145,0.3782894736842105,target_background,Escherichia,69,substitution_1pct_N_3pct,target_binary
cspaced_property_l2,nearest_centroid,88,2,147,0.37037037037037035,0.36689655172413793,target_background,Escherichia,69,substitution_1pct_N_3pct,target_binary
cspaced_property_l2,logistic,88,2,147,0.37037037037037035,0.37037037037037035,target_background,Escherichia,69,substitution_1pct_N_3pct,target_binary
cspaced_property_l2,mlp,88,2,147,0.5185185185185185,0.4935064935064935,target_background,Escherichia,69,substitution_1pct_N_3pct,target_binary
hybrid_ckmer5_csp,nearest_centroid,88,2,651,0.37037037037037035,0.37037037037037035,target_background,Escherichia,69,substitution_1pct_N_3pct,target_binary
hybrid_ckmer5_csp,logistic,88,2,651,0.3333333333333333,0.30965909090909094,target_background,Escherichia,69,substitution_1pct_N_3pct,target_binary
hybrid_ckmer5_csp,mlp,88,2,651,0.4444444444444444,0.35612082670906203,target_background,Escherichia,69,substitution_1pct_N_3pct,target_binary
ckmer5_count_l2,nearest_centroid,127,3,507,0.2564102564102564,0.2211341776559168,within_genus_species,Klebsiella,69,substitution_1pct_N_3pct,label
ckmer5_count_l2,logistic,127,3,507,0.2564102564102564,0.19393939393939394,within_genus_species,Klebsiella,69,substitution_1pct_N_3pct,label
ckmer5_count_l2,mlp,127,3,507,0.28205128205128205,0.26831063673168937,within_genus_species,Klebsiella,69,substitution_1pct_N_3pct,label
ckmer7_count_l2,nearest_centroid,127,3,3806,0.28205128205128205,0.20403100775193797,within_genus_species,Klebsiella,69,substitution_1pct_N_3pct,label
ckmer7_count_l2,logistic,127,3,3806,0.3076923076923077,0.2233201581027668,within_genus_species,Klebsiella,69,substitution_1pct_N_3pct,label
ckmer7_count_l2,mlp,127,3,3806,0.3333333333333333,0.3197463768115942,within_genus_species,Klebsiella,69,substitution_1pct_N_3pct,label
cspaced_count_l2,nearest_centroid,127,3,136,0.28205128205128205,0.25999121651295565,within_genus_species,Klebsiella,69,substitution_1pct_N_3pct,label
cspaced_count_l2,logistic,127,3,136,0.38461538461538464,0.36426767676767674,within_genus_species,Klebsiella,69,substitution_1pct_N_3pct,label
cspaced_count_l2,mlp,127,3,136,0.4358974358974359,0.378868258178603,within_genus_species,Klebsiella,69,substitution_1pct_N_3pct,label
cspaced_property_l2,nearest_centroid,127,3,147,0.28205128205128205,0.25999121651295565,within_genus_species,Klebsiella,69,substitution_1pct_N_3pct,label
cspaced_property_l2,logistic,127,3,147,0.41025641025641024,0.36613485974099785,within_genus_species,Klebsiella,69,substitution_1pct_N_3pct,label
cspaced_property_l2,mlp,127,3,147,0.41025641025641024,0.4109391124871001,within_genus_species,Klebsiella,69,substitution_1pct_N_3pct,label
hybrid_ckmer5_csp,nearest_centroid,127,3,654,0.2564102564102564,0.22222222222222224,within_genus_species,Klebsiella,69,substitution_1pct_N_3pct,label
hybrid_ckmer5_csp,logistic,127,3,654,0.28205128205128205,0.23723723723723725,within_genus_species,Klebsiella,69,substitution_1pct_N_3pct,label
hybrid_ckmer5_csp,mlp,127,3,654,0.38461538461538464,0.242495126705653,within_genus_species,Klebsiella,69,substitution_1pct_N_3pct,label
ckmer5_count_l2,nearest_centroid,124,2,506,0.6052631578947368,0.5691609977324263,target_background,Klebsiella,69,substitution_1pct_N_3pct,target_binary
ckmer5_count_l2,logistic,124,2,506,0.5,0.4077112387202625,target_background,Klebsiella,69,substitution_1pct_N_3pct,target_binary
ckmer5_count_l2,mlp,124,2,506,0.631578947368421,0.6221590909090908,target_background,Klebsiella,69,substitution_1pct_N_3pct,target_binary
ckmer7_count_l2,nearest_centroid,124,2,3762,0.6052631578947368,0.3770491803278688,target_background,Klebsiella,69,substitution_1pct_N_3pct,target_binary
ckmer7_count_l2,logistic,124,2,3762,0.6578947368421053,0.3968253968253968,target_background,Klebsiella,69,substitution_1pct_N_3pct,target_binary
ckmer7_count_l2,mlp,124,2,3762,0.42105263157894735,0.42105263157894735,target_background,Klebsiella,69,substitution_1pct_N_3pct,target_binary
cspaced_count_l2,nearest_centroid,124,2,136,0.7368421052631579,0.7301136363636364,target_background,Klebsiella,69,substitution_1pct_N_3pct,target_binary
cspaced_count_l2,logistic,124,2,136,0.631578947368421,0.6144927536231883,target_background,Klebsiella,69,substitution_1pct_N_3pct,target_binary
cspaced_count_l2,mlp,124,2,136,0.6578947368421053,0.5722943722943723,target_background,Klebsiella,69,substitution_1pct_N_3pct,target_binary
cspaced_property_l2,nearest_centroid,124,2,147,0.7368421052631579,0.7301136363636364,target_background,Klebsiella,69,substitution_1pct_N_3pct,target_binary
cspaced_property_l2,logistic,124,2,147,0.6578947368421053,0.6266061980347695,target_background,Klebsiella,69,substitution_1pct_N_3pct,target_binary
cspaced_property_l2,mlp,124,2,147,0.6578947368421053,0.6266061980347695,target_background,Klebsiella,69,substitution_1pct_N_3pct,target_binary
hybrid_ckmer5_csp,nearest_centroid,124,2,653,0.5789473684210527,0.5476190476190476,target_background,Klebsiella,69,substitution_1pct_N_3pct,target_binary
hybrid_ckmer5_csp,logistic,124,2,653,0.5526315789473685,0.47005742411812956,target_background,Klebsiella,69,substitution_1pct_N_3pct,target_binary
hybrid_ckmer5_csp,mlp,124,2,653,0.47368421052631576,0.4492753623188406,target_background,Klebsiella,69,substitution_1pct_N_3pct,target_binary
ckmer5_count_l2,nearest_centroid,172,4,511,0.38461538461538464,0.38294117647058823,within_genus_species,Acinetobacter,75,clean,label
ckmer5_count_l2,logistic,172,4,511,0.38461538461538464,0.3821365416193003,within_genus_species,Acinetobacter,75,clean,label
ckmer5_count_l2,mlp,172,4,511,0.36538461538461536,0.33359869015356824,within_genus_species,Acinetobacter,75,clean,label
ckmer7_count_l2,nearest_centroid,172,4,5349,0.23076923076923078,0.2229296066252588,within_genus_species,Acinetobacter,75,clean,label
ckmer7_count_l2,logistic,172,4,5349,0.34615384615384615,0.34974473802060013,within_genus_species,Acinetobacter,75,clean,label
ckmer7_count_l2,mlp,172,4,5349,0.36538461538461536,0.3385042422766208,within_genus_species,Acinetobacter,75,clean,label
cspaced_count_l2,nearest_centroid,172,4,136,0.17307692307692307,0.17392189131319566,within_genus_species,Acinetobacter,75,clean,label
cspaced_count_l2,logistic,172,4,136,0.17307692307692307,0.16833166833166832,within_genus_species,Acinetobacter,75,clean,label
cspaced_count_l2,mlp,172,4,136,0.15384615384615385,0.154978354978355,within_genus_species,Acinetobacter,75,clean,label
cspaced_property_l2,nearest_centroid,172,4,147,0.19230769230769232,0.19426638176638178,within_genus_species,Acinetobacter,75,clean,label
cspaced_property_l2,logistic,172,4,147,0.15384615384615385,0.15079365079365079,within_genus_species,Acinetobacter,75,clean,label
cspaced_property_l2,mlp,172,4,147,0.23076923076923078,0.1773809523809524,within_genus_species,Acinetobacter,75,clean,label
hybrid_ckmer5_csp,nearest_centroid,172,4,658,0.40384615384615385,0.4019675925925926,within_genus_species,Acinetobacter,75,clean,label
hybrid_ckmer5_csp,logistic,172,4,658,0.4423076923076923,0.4490969899665552,within_genus_species,Acinetobacter,75,clean,label
hybrid_ckmer5_csp,mlp,172,4,658,0.23076923076923078,0.22503510003510002,within_genus_species,Acinetobacter,75,clean,label
ckmer5_count_l2,nearest_centroid,128,3,484,0.38461538461538464,0.38921957671957674,within_genus_species,Burkholderia,75,clean,label
ckmer5_count_l2,logistic,128,3,484,0.3333333333333333,0.33108866442199775,within_genus_species,Burkholderia,75,clean,label
ckmer5_count_l2,mlp,128,3,484,0.3333333333333333,0.29155830753353973,within_genus_species,Burkholderia,75,clean,label
ckmer7_count_l2,nearest_centroid,128,3,3412,0.41025641025641024,0.38690476190476186,within_genus_species,Burkholderia,75,clean,label
ckmer7_count_l2,logistic,128,3,3412,0.46153846153846156,0.4612956487956488,within_genus_species,Burkholderia,75,clean,label
ckmer7_count_l2,mlp,128,3,3412,0.358974358974359,0.3482652613087396,within_genus_species,Burkholderia,75,clean,label
cspaced_count_l2,nearest_centroid,128,3,136,0.4358974358974359,0.4372294372294372,within_genus_species,Burkholderia,75,clean,label
cspaced_count_l2,logistic,128,3,136,0.46153846153846156,0.4492753623188406,within_genus_species,Burkholderia,75,clean,label
cspaced_count_l2,mlp,128,3,136,0.3333333333333333,0.22103386809269163,within_genus_species,Burkholderia,75,clean,label
cspaced_property_l2,nearest_centroid,128,3,147,0.41025641025641024,0.40941434044882313,within_genus_species,Burkholderia,75,clean,label
cspaced_property_l2,logistic,128,3,147,0.4358974358974359,0.41765480895915674,within_genus_species,Burkholderia,75,clean,label
cspaced_property_l2,mlp,128,3,147,0.48717948717948717,0.42443092179400493,within_genus_species,Burkholderia,75,clean,label
hybrid_ckmer5_csp,nearest_centroid,128,3,631,0.41025641025641024,0.40852974186307517,within_genus_species,Burkholderia,75,clean,label
hybrid_ckmer5_csp,logistic,128,3,631,0.4358974358974359,0.42505175983436855,within_genus_species,Burkholderia,75,clean,label
hybrid_ckmer5_csp,mlp,128,3,631,0.3076923076923077,0.279158215010142,within_genus_species,Burkholderia,75,clean,label
ckmer5_count_l2,nearest_centroid,127,2,484,0.5641025641025641,0.4996226415094339,target_background,Burkholderia,75,clean,target_binary
ckmer5_count_l2,logistic,127,2,484,0.5384615384615384,0.4807692307692308,target_background,Burkholderia,75,clean,target_binary
ckmer5_count_l2,mlp,127,2,484,0.4358974358974359,0.4171195652173913,target_background,Burkholderia,75,clean,target_binary
ckmer7_count_l2,nearest_centroid,127,2,3399,0.5641025641025641,0.44611528822055135,target_background,Burkholderia,75,clean,target_binary
ckmer7_count_l2,logistic,127,2,3399,0.6410256410256411,0.5293103448275862,target_background,Burkholderia,75,clean,target_binary
ckmer7_count_l2,mlp,127,2,3399,0.5128205128205128,0.4142292490118577,target_background,Burkholderia,75,clean,target_binary
cspaced_count_l2,nearest_centroid,127,2,136,0.6153846153846154,0.5984900480439259,target_background,Burkholderia,75,clean,target_binary
cspaced_count_l2,logistic,127,2,136,0.5897435897435898,0.5760869565217391,target_background,Burkholderia,75,clean,target_binary
cspaced_count_l2,mlp,127,2,136,0.5897435897435898,0.4935064935064935,target_background,Burkholderia,75,clean,target_binary
cspaced_property_l2,nearest_centroid,127,2,147,0.6153846153846154,0.5984900480439259,target_background,Burkholderia,75,clean,target_binary
cspaced_property_l2,logistic,127,2,147,0.5641025641025641,0.5535353535353535,target_background,Burkholderia,75,clean,target_binary
cspaced_property_l2,mlp,127,2,147,0.5641025641025641,0.44611528822055135,target_background,Burkholderia,75,clean,target_binary
hybrid_ckmer5_csp,nearest_centroid,127,2,631,0.5128205128205128,0.44075471698113206,target_background,Burkholderia,75,clean,target_binary
hybrid_ckmer5_csp,logistic,127,2,631,0.6153846153846154,0.5883180858550316,target_background,Burkholderia,75,clean,target_binary
hybrid_ckmer5_csp,mlp,127,2,631,0.5384615384615384,0.49857142857142855,target_background,Burkholderia,75,clean,target_binary
ckmer5_count_l2,nearest_centroid,172,4,507,0.3076923076923077,0.3077788029062392,within_genus_species,Candida,75,clean,label
ckmer5_count_l2,logistic,172,4,507,0.3269230769230769,0.31794871794871793,within_genus_species,Candida,75,clean,label
ckmer5_count_l2,mlp,172,4,507,0.3269230769230769,0.33466117216117214,within_genus_species,Candida,75,clean,label
ckmer7_count_l2,nearest_centroid,172,4,4736,0.19230769230769232,0.1809447004608295,within_genus_species,Candida,75,clean,label
ckmer7_count_l2,logistic,172,4,4736,0.17307692307692307,0.16786412512218965,within_genus_species,Candida,75,clean,label
ckmer7_count_l2,mlp,172,4,4736,0.23076923076923078,0.17413329809259503,within_genus_species,Candida,75,clean,label
cspaced_count_l2,nearest_centroid,172,4,136,0.4230769230769231,0.4231601731601732,within_genus_species,Candida,75,clean,label
cspaced_count_l2,logistic,172,4,136,0.38461538461538464,0.37735690235690234,within_genus_species,Candida,75,clean,label
cspaced_count_l2,mlp,172,4,136,0.28846153846153844,0.2860396724714566,within_genus_species,Candida,75,clean,label
cspaced_property_l2,nearest_centroid,172,4,147,0.46153846153846156,0.4587706146926537,within_genus_species,Candida,75,clean,label
cspaced_property_l2,logistic,172,4,147,0.3269230769230769,0.3173285282492444,within_genus_species,Candida,75,clean,label
cspaced_property_l2,mlp,172,4,147,0.36538461538461536,0.34930555555555554,within_genus_species,Candida,75,clean,label
hybrid_ckmer5_csp,nearest_centroid,172,4,654,0.3269230769230769,0.3290079365079365,within_genus_species,Candida,75,clean,label
hybrid_ckmer5_csp,logistic,172,4,654,0.3269230769230769,0.3218820229689795,within_genus_species,Candida,75,clean,label
hybrid_ckmer5_csp,mlp,172,4,654,0.3269230769230769,0.30317813443508657,within_genus_species,Candida,75,clean,label
ckmer5_count_l2,nearest_centroid,123,2,504,0.5405405405405406,0.3980861244019139,target_background,Candida,75,clean,target_binary
ckmer5_count_l2,logistic,123,2,504,0.5675675675675675,0.4825174825174825,target_background,Candida,75,clean,target_binary
ckmer5_count_l2,mlp,123,2,504,0.5135135135135135,0.5102941176470588,target_background,Candida,75,clean,target_binary
ckmer7_count_l2,nearest_centroid,123,2,4076,0.5945945945945946,0.3728813559322034,target_background,Candida,75,clean,target_binary
ckmer7_count_l2,logistic,123,2,4076,0.6486486486486487,0.45649717514124294,target_background,Candida,75,clean,target_binary
ckmer7_count_l2,mlp,123,2,4076,0.43243243243243246,0.4045977011494253,target_background,Candida,75,clean,target_binary
cspaced_count_l2,nearest_centroid,123,2,136,0.5675675675675675,0.5595238095238095,target_background,Candida,75,clean,target_binary
cspaced_count_l2,logistic,123,2,136,0.5135135135135135,0.3833333333333333,target_background,Candida,75,clean,target_binary
cspaced_count_l2,mlp,123,2,136,0.32432432432432434,0.24489795918367346,target_background,Candida,75,clean,target_binary
cspaced_property_l2,nearest_centroid,123,2,147,0.5405405405405406,0.5281320330082521,target_background,Candida,75,clean,target_binary
cspaced_property_l2,logistic,123,2,147,0.5405405405405406,0.4348607367475292,target_background,Candida,75,clean,target_binary
cspaced_property_l2,mlp,123,2,147,0.43243243243243246,0.42572062084257206,target_background,Candida,75,clean,target_binary
hybrid_ckmer5_csp,nearest_centroid,123,2,651,0.5135135135135135,0.3833333333333333,target_background,Candida,75,clean,target_binary
hybrid_ckmer5_csp,logistic,123,2,651,0.5945945945945946,0.4688995215311005,target_background,Candida,75,clean,target_binary
hybrid_ckmer5_csp,mlp,123,2,651,0.4864864864864865,0.4849816849816849,target_background,Candida,75,clean,target_binary
ckmer5_count_l2,nearest_centroid,217,5,511,0.30303030303030304,0.30327263718568065,within_genus_species,Enterobacter,75,clean,label
ckmer5_count_l2,logistic,217,5,511,0.24242424242424243,0.2434078003733176,within_genus_species,Enterobacter,75,clean,label
ckmer5_count_l2,mlp,217,5,511,0.19696969696969696,0.1596334865684711,within_genus_species,Enterobacter,75,clean,label
ckmer7_count_l2,nearest_centroid,217,5,5921,0.2878787878787879,0.2730493339188992,within_genus_species,Enterobacter,75,clean,label
ckmer7_count_l2,logistic,217,5,5921,0.24242424242424243,0.23463804713804715,within_genus_species,Enterobacter,75,clean,label
ckmer7_count_l2,mlp,217,5,5921,0.18181818181818182,0.1725423436504691,within_genus_species,Enterobacter,75,clean,label
cspaced_count_l2,nearest_centroid,217,5,136,0.21212121212121213,0.20254850293213464,within_genus_species,Enterobacter,75,clean,label
cspaced_count_l2,logistic,217,5,136,0.19696969696969696,0.1839689722042663,within_genus_species,Enterobacter,75,clean,label
cspaced_count_l2,mlp,217,5,136,0.19696969696969696,0.17703785576126002,within_genus_species,Enterobacter,75,clean,label
cspaced_property_l2,nearest_centroid,217,5,147,0.24242424242424243,0.23604743083003954,within_genus_species,Enterobacter,75,clean,label
cspaced_property_l2,logistic,217,5,147,0.18181818181818182,0.16462939958592132,within_genus_species,Enterobacter,75,clean,label
cspaced_property_l2,mlp,217,5,147,0.12121212121212122,0.10548187444739168,within_genus_species,Enterobacter,75,clean,label
hybrid_ckmer5_csp,nearest_centroid,217,5,658,0.3181818181818182,0.31675641025641027,within_genus_species,Enterobacter,75,clean,label
hybrid_ckmer5_csp,logistic,217,5,658,0.22727272727272727,0.21868338557993733,within_genus_species,Enterobacter,75,clean,label
hybrid_ckmer5_csp,mlp,217,5,658,0.22727272727272727,0.1957331940090561,within_genus_species,Enterobacter,75,clean,label
ckmer5_count_l2,nearest_centroid,122,2,508,0.7027027027027027,0.6530264279624893,target_background,Enterobacter,75,clean,target_binary
ckmer5_count_l2,logistic,122,2,508,0.6756756756756757,0.63,target_background,Enterobacter,75,clean,target_binary
ckmer5_count_l2,mlp,122,2,508,0.5405405405405406,0.3508771929824561,target_background,Enterobacter,75,clean,target_binary
ckmer7_count_l2,nearest_centroid,122,2,4574,0.6486486486486487,0.39344262295081966,target_background,Enterobacter,75,clean,target_binary
ckmer7_count_l2,logistic,122,2,4574,0.6486486486486487,0.39344262295081966,target_background,Enterobacter,75,clean,target_binary
ckmer7_count_l2,mlp,122,2,4574,0.4864864864864865,0.3683737646001797,target_background,Enterobacter,75,clean,target_binary
cspaced_count_l2,nearest_centroid,122,2,136,0.5945945945945946,0.5469387755102041,target_background,Enterobacter,75,clean,target_binary
cspaced_count_l2,logistic,122,2,136,0.4864864864864865,0.44602048857368004,target_background,Enterobacter,75,clean,target_binary
cspaced_count_l2,mlp,122,2,136,0.6216216216216216,0.4418103448275862,target_background,Enterobacter,75,clean,target_binary
cspaced_property_l2,nearest_centroid,122,2,147,0.5675675675675675,0.5066666666666667,target_background,Enterobacter,75,clean,target_binary
cspaced_property_l2,logistic,122,2,147,0.5405405405405406,0.504334121355398,target_background,Enterobacter,75,clean,target_binary
cspaced_property_l2,mlp,122,2,147,0.5675675675675675,0.45185185185185184,target_background,Enterobacter,75,clean,target_binary
hybrid_ckmer5_csp,nearest_centroid,122,2,655,0.7027027027027027,0.6530264279624893,target_background,Enterobacter,75,clean,target_binary
hybrid_ckmer5_csp,logistic,122,2,655,0.7027027027027027,0.6343216531895777,target_background,Enterobacter,75,clean,target_binary
hybrid_ckmer5_csp,mlp,122,2,655,0.3783783783783784,0.3615903975993998,target_background,Enterobacter,75,clean,target_binary
ckmer5_count_l2,nearest_centroid,84,2,509,0.4230769230769231,0.4222222222222222,within_genus_species,Escherichia,75,clean,label
ckmer5_count_l2,logistic,84,2,509,0.4230769230769231,0.37799043062200954,within_genus_species,Escherichia,75,clean,label
ckmer5_count_l2,mlp,84,2,509,0.46153846153846156,0.4484848484848485,within_genus_species,Escherichia,75,clean,label
ckmer7_count_l2,nearest_centroid,84,2,3831,0.5,0.390990990990991,within_genus_species,Escherichia,75,clean,label
ckmer7_count_l2,logistic,84,2,3831,0.6153846153846154,0.5112781954887218,within_genus_species,Escherichia,75,clean,label
ckmer7_count_l2,mlp,84,2,3831,0.5384615384615384,0.5357142857142857,within_genus_species,Escherichia,75,clean,label
cspaced_count_l2,nearest_centroid,84,2,136,0.38461538461538464,0.38095238095238093,within_genus_species,Escherichia,75,clean,label
cspaced_count_l2,logistic,84,2,136,0.4230769230769231,0.4222222222222222,within_genus_species,Escherichia,75,clean,label
cspaced_count_l2,mlp,84,2,136,0.5769230769230769,0.48468468468468473,within_genus_species,Escherichia,75,clean,label
cspaced_property_l2,nearest_centroid,84,2,147,0.38461538461538464,0.38095238095238093,within_genus_species,Escherichia,75,clean,label
cspaced_property_l2,logistic,84,2,147,0.5,0.4932533733133433,within_genus_species,Escherichia,75,clean,label
cspaced_property_l2,mlp,84,2,147,0.6153846153846154,0.5486111111111112,within_genus_species,Escherichia,75,clean,label
hybrid_ckmer5_csp,nearest_centroid,84,2,656,0.4230769230769231,0.4222222222222222,within_genus_species,Escherichia,75,clean,label
hybrid_ckmer5_csp,logistic,84,2,656,0.4230769230769231,0.4009216589861751,within_genus_species,Escherichia,75,clean,label
hybrid_ckmer5_csp,mlp,84,2,656,0.46153846153846156,0.3157894736842105,within_genus_species,Escherichia,75,clean,label
ckmer5_count_l2,nearest_centroid,84,2,509,0.4230769230769231,0.4222222222222222,target_background,Escherichia,75,clean,target_binary
ckmer5_count_l2,logistic,84,2,509,0.4230769230769231,0.37799043062200954,target_background,Escherichia,75,clean,target_binary
ckmer5_count_l2,mlp,84,2,509,0.46153846153846156,0.4484848484848485,target_background,Escherichia,75,clean,target_binary
ckmer7_count_l2,nearest_centroid,84,2,3831,0.5,0.390990990990991,target_background,Escherichia,75,clean,target_binary
ckmer7_count_l2,logistic,84,2,3831,0.6153846153846154,0.5112781954887218,target_background,Escherichia,75,clean,target_binary
ckmer7_count_l2,mlp,84,2,3831,0.5384615384615384,0.5357142857142857,target_background,Escherichia,75,clean,target_binary
cspaced_count_l2,nearest_centroid,84,2,136,0.38461538461538464,0.38095238095238093,target_background,Escherichia,75,clean,target_binary
cspaced_count_l2,logistic,84,2,136,0.4230769230769231,0.4222222222222222,target_background,Escherichia,75,clean,target_binary
cspaced_count_l2,mlp,84,2,136,0.5769230769230769,0.48468468468468473,target_background,Escherichia,75,clean,target_binary
cspaced_property_l2,nearest_centroid,84,2,147,0.38461538461538464,0.38095238095238093,target_background,Escherichia,75,clean,target_binary
cspaced_property_l2,logistic,84,2,147,0.5,0.4932533733133433,target_background,Escherichia,75,clean,target_binary
cspaced_property_l2,mlp,84,2,147,0.6153846153846154,0.5486111111111112,target_background,Escherichia,75,clean,target_binary
hybrid_ckmer5_csp,nearest_centroid,84,2,656,0.4230769230769231,0.4222222222222222,target_background,Escherichia,75,clean,target_binary
hybrid_ckmer5_csp,logistic,84,2,656,0.4230769230769231,0.4009216589861751,target_background,Escherichia,75,clean,target_binary
hybrid_ckmer5_csp,mlp,84,2,656,0.46153846153846156,0.3157894736842105,target_background,Escherichia,75,clean,target_binary
ckmer5_count_l2,nearest_centroid,127,3,511,0.358974358974359,0.3504401645331181,within_genus_species,Klebsiella,75,clean,label
ckmer5_count_l2,logistic,127,3,511,0.28205128205128205,0.2560897435897436,within_genus_species,Klebsiella,75,clean,label
ckmer5_count_l2,mlp,127,3,511,0.358974358974359,0.2175536881419234,within_genus_species,Klebsiella,75,clean,label
ckmer7_count_l2,nearest_centroid,127,3,4502,0.2564102564102564,0.23815285339786244,within_genus_species,Klebsiella,75,clean,label
ckmer7_count_l2,logistic,127,3,4502,0.28205128205128205,0.257248198424669,within_genus_species,Klebsiella,75,clean,label
ckmer7_count_l2,mlp,127,3,4502,0.38461538461538464,0.3282828282828283,within_genus_species,Klebsiella,75,clean,label
cspaced_count_l2,nearest_centroid,127,3,136,0.4358974358974359,0.3838383838383838,within_genus_species,Klebsiella,75,clean,label
cspaced_count_l2,logistic,127,3,136,0.3333333333333333,0.29606994312876667,within_genus_species,Klebsiella,75,clean,label
cspaced_count_l2,mlp,127,3,136,0.3076923076923077,0.2854717438758186,within_genus_species,Klebsiella,75,clean,label
cspaced_property_l2,nearest_centroid,127,3,147,0.46153846153846156,0.4086134453781513,within_genus_species,Klebsiella,75,clean,label
cspaced_property_l2,logistic,127,3,147,0.358974358974359,0.3162497182781158,within_genus_species,Klebsiella,75,clean,label
cspaced_property_l2,mlp,127,3,147,0.28205128205128205,0.29239491691104597,within_genus_species,Klebsiella,75,clean,label
hybrid_ckmer5_csp,nearest_centroid,127,3,658,0.358974358974359,0.3520282186948854,within_genus_species,Klebsiella,75,clean,label
hybrid_ckmer5_csp,logistic,127,3,658,0.358974358974359,0.33445566778900115,within_genus_species,Klebsiella,75,clean,label
hybrid_ckmer5_csp,mlp,127,3,658,0.3333333333333333,0.3040003295843118,within_genus_species,Klebsiella,75,clean,label
ckmer5_count_l2,nearest_centroid,125,2,511,0.5526315789473685,0.5117157974300831,target_background,Klebsiella,75,clean,target_binary
ckmer5_count_l2,logistic,125,2,511,0.5789473684210527,0.4882154882154882,target_background,Klebsiella,75,clean,target_binary
ckmer5_count_l2,mlp,125,2,511,0.5789473684210527,0.5476190476190476,target_background,Klebsiella,75,clean,target_binary
ckmer7_count_l2,nearest_centroid,125,2,4474,0.6052631578947368,0.3770491803278688,target_background,Klebsiella,75,clean,target_binary
ckmer7_count_l2,logistic,125,2,4474,0.631578947368421,0.3870967741935484,target_background,Klebsiella,75,clean,target_binary
ckmer7_count_l2,mlp,125,2,4474,0.34210526315789475,0.3416493416493417,target_background,Klebsiella,75,clean,target_binary
cspaced_count_l2,nearest_centroid,125,2,136,0.6052631578947368,0.5818048422597212,target_background,Klebsiella,75,clean,target_binary
cspaced_count_l2,logistic,125,2,136,0.6842105263157895,0.6492307692307693,target_background,Klebsiella,75,clean,target_binary
cspaced_count_l2,mlp,125,2,136,0.6052631578947368,0.4317048853439681,target_background,Klebsiella,75,clean,target_binary
cspaced_property_l2,nearest_centroid,125,2,147,0.6578947368421053,0.6266061980347695,target_background,Klebsiella,75,clean,target_binary
cspaced_property_l2,logistic,125,2,147,0.6578947368421053,0.6125490196078431,target_background,Klebsiella,75,clean,target_binary
cspaced_property_l2,mlp,125,2,147,0.5,0.4077112387202625,target_background,Klebsiella,75,clean,target_binary
hybrid_ckmer5_csp,nearest_centroid,125,2,658,0.5789473684210527,0.5323076923076924,target_background,Klebsiella,75,clean,target_binary
hybrid_ckmer5_csp,logistic,125,2,658,0.6578947368421053,0.5947497949138638,target_background,Klebsiella,75,clean,target_binary
hybrid_ckmer5_csp,mlp,125,2,658,0.4473684210526316,0.44390243902439025,target_background,Klebsiella,75,clean,target_binary
ckmer5_count_l2,nearest_centroid,172,4,511,0.38461538461538464,0.38144499178981933,within_genus_species,Acinetobacter,75,substitution_1pct,label
ckmer5_count_l2,logistic,172,4,511,0.38461538461538464,0.37715617715617716,within_genus_species,Acinetobacter,75,substitution_1pct,label
ckmer5_count_l2,mlp,172,4,511,0.34615384615384615,0.3170312198478022,within_genus_species,Acinetobacter,75,substitution_1pct,label
ckmer7_count_l2,nearest_centroid,172,4,5360,0.3269230769230769,0.3243137254901961,within_genus_species,Acinetobacter,75,substitution_1pct,label
ckmer7_count_l2,logistic,172,4,5360,0.28846153846153844,0.3011995986133917,within_genus_species,Acinetobacter,75,substitution_1pct,label
ckmer7_count_l2,mlp,172,4,5360,0.3269230769230769,0.3037037037037037,within_genus_species,Acinetobacter,75,substitution_1pct,label
cspaced_count_l2,nearest_centroid,172,4,136,0.17307692307692307,0.16840659340659342,within_genus_species,Acinetobacter,75,substitution_1pct,label
cspaced_count_l2,logistic,172,4,136,0.17307692307692307,0.171010101010101,within_genus_species,Acinetobacter,75,substitution_1pct,label
cspaced_count_l2,mlp,172,4,136,0.1346153846153846,0.13343791552066447,within_genus_species,Acinetobacter,75,substitution_1pct,label
cspaced_property_l2,nearest_centroid,172,4,147,0.19230769230769232,0.19333333333333333,within_genus_species,Acinetobacter,75,substitution_1pct,label
cspaced_property_l2,logistic,172,4,147,0.21153846153846154,0.21185897435897436,within_genus_species,Acinetobacter,75,substitution_1pct,label
cspaced_property_l2,mlp,172,4,147,0.23076923076923078,0.14262820512820512,within_genus_species,Acinetobacter,75,substitution_1pct,label
hybrid_ckmer5_csp,nearest_centroid,172,4,658,0.34615384615384615,0.3419303531782309,within_genus_species,Acinetobacter,75,substitution_1pct,label
hybrid_ckmer5_csp,logistic,172,4,658,0.4230769230769231,0.4145385014259787,within_genus_species,Acinetobacter,75,substitution_1pct,label
hybrid_ckmer5_csp,mlp,172,4,658,0.23076923076923078,0.22067538126361655,within_genus_species,Acinetobacter,75,substitution_1pct,label
ckmer5_count_l2,nearest_centroid,128,3,487,0.38461538461538464,0.38306451612903225,within_genus_species,Burkholderia,75,substitution_1pct,label
ckmer5_count_l2,logistic,128,3,487,0.48717948717948717,0.4926428975664969,within_genus_species,Burkholderia,75,substitution_1pct,label
ckmer5_count_l2,mlp,128,3,487,0.41025641025641024,0.3698119980257549,within_genus_species,Burkholderia,75,substitution_1pct,label
ckmer7_count_l2,nearest_centroid,128,3,3487,0.41025641025641024,0.38417329796640143,within_genus_species,Burkholderia,75,substitution_1pct,label
ckmer7_count_l2,logistic,128,3,3487,0.5384615384615384,0.5231643356643357,within_genus_species,Burkholderia,75,substitution_1pct,label
ckmer7_count_l2,mlp,128,3,3487,0.38461538461538464,0.37671957671957673,within_genus_species,Burkholderia,75,substitution_1pct,label
cspaced_count_l2,nearest_centroid,128,3,136,0.46153846153846156,0.4620527859237537,within_genus_species,Burkholderia,75,substitution_1pct,label
cspaced_count_l2,logistic,128,3,136,0.4358974358974359,0.4317497556207233,within_genus_species,Burkholderia,75,substitution_1pct,label
cspaced_count_l2,mlp,128,3,136,0.358974358974359,0.28571428571428575,within_genus_species,Burkholderia,75,substitution_1pct,label
cspaced_property_l2,nearest_centroid,128,3,147,0.46153846153846156,0.4620527859237537,within_genus_species,Burkholderia,75,substitution_1pct,label
cspaced_property_l2,logistic,128,3,147,0.46153846153846156,0.45365079365079364,within_genus_species,Burkholderia,75,substitution_1pct,label
cspaced_property_l2,mlp,128,3,147,0.5384615384615384,0.4992942125428514,within_genus_species,Burkholderia,75,substitution_1pct,label
hybrid_ckmer5_csp,nearest_centroid,128,3,634,0.41025641025641024,0.40138888888888885,within_genus_species,Burkholderia,75,substitution_1pct,label
hybrid_ckmer5_csp,logistic,128,3,634,0.5128205128205128,0.5016339869281046,within_genus_species,Burkholderia,75,substitution_1pct,label
hybrid_ckmer5_csp,mlp,128,3,634,0.38461538461538464,0.3436889907478143,within_genus_species,Burkholderia,75,substitution_1pct,label
ckmer5_count_l2,nearest_centroid,127,2,487,0.5384615384615384,0.49857142857142855,target_background,Burkholderia,75,substitution_1pct,target_binary
ckmer5_count_l2,logistic,127,2,487,0.5897435897435898,0.5542857142857143,target_background,Burkholderia,75,substitution_1pct,target_binary
ckmer5_count_l2,mlp,127,2,487,0.3076923076923077,0.30033222591362124,target_background,Burkholderia,75,substitution_1pct,target_binary
ckmer7_count_l2,nearest_centroid,127,2,3474,0.5897435897435898,0.4935064935064935,target_background,Burkholderia,75,substitution_1pct,target_binary
ckmer7_count_l2,logistic,127,2,3474,0.6666666666666666,0.5477252453166815,target_background,Burkholderia,75,substitution_1pct,target_binary
ckmer7_count_l2,mlp,127,2,3474,0.5128205128205128,0.47853624208304013,target_background,Burkholderia,75,substitution_1pct,target_binary
cspaced_count_l2,nearest_centroid,127,2,136,0.5897435897435898,0.5760869565217391,target_background,Burkholderia,75,substitution_1pct,target_binary
cspaced_count_l2,logistic,127,2,136,0.5897435897435898,0.5666666666666667,target_background,Burkholderia,75,substitution_1pct,target_binary
cspaced_count_l2,mlp,127,2,136,0.6153846153846154,0.5112781954887218,target_background,Burkholderia,75,substitution_1pct,target_binary
cspaced_property_l2,nearest_centroid,127,2,147,0.5897435897435898,0.5760869565217391,target_background,Burkholderia,75,substitution_1pct,target_binary
cspaced_property_l2,logistic,127,2,147,0.6153846153846154,0.606060606060606,target_background,Burkholderia,75,substitution_1pct,target_binary
cspaced_property_l2,mlp,127,2,147,0.5641025641025641,0.44611528822055135,target_background,Burkholderia,75,substitution_1pct,target_binary
hybrid_ckmer5_csp,nearest_centroid,127,2,634,0.5384615384615384,0.49857142857142855,target_background,Burkholderia,75,substitution_1pct,target_binary
hybrid_ckmer5_csp,logistic,127,2,634,0.6153846153846154,0.5883180858550316,target_background,Burkholderia,75,substitution_1pct,target_binary
hybrid_ckmer5_csp,mlp,127,2,634,0.41025641025641024,0.40870138431114045,target_background,Burkholderia,75,substitution_1pct,target_binary
ckmer5_count_l2,nearest_centroid,172,4,507,0.3269230769230769,0.32467856980600607,within_genus_species,Candida,75,substitution_1pct,label
ckmer5_count_l2,logistic,172,4,507,0.3269230769230769,0.3236401098901099,within_genus_species,Candida,75,substitution_1pct,label
ckmer5_count_l2,mlp,172,4,507,0.28846153846153844,0.2921191553544495,within_genus_species,Candida,75,substitution_1pct,label
ckmer7_count_l2,nearest_centroid,172,4,4775,0.19230769230769232,0.19286195286195285,within_genus_species,Candida,75,substitution_1pct,label
ckmer7_count_l2,logistic,172,4,4775,0.25,0.255527950310559,within_genus_species,Candida,75,substitution_1pct,label
ckmer7_count_l2,mlp,172,4,4775,0.23076923076923078,0.22632756132756132,within_genus_species,Candida,75,substitution_1pct,label
cspaced_count_l2,nearest_centroid,172,4,136,0.38461538461538464,0.3839213726470099,within_genus_species,Candida,75,substitution_1pct,label
cspaced_count_l2,logistic,172,4,136,0.3269230769230769,0.3138588330468197,within_genus_species,Candida,75,substitution_1pct,label
cspaced_count_l2,mlp,172,4,136,0.3269230769230769,0.32871897384641013,within_genus_species,Candida,75,substitution_1pct,label
cspaced_property_l2,nearest_centroid,172,4,147,0.40384615384615385,0.40068744473916895,within_genus_species,Candida,75,substitution_1pct,label
cspaced_property_l2,logistic,172,4,147,0.28846153846153844,0.2767914653784219,within_genus_species,Candida,75,substitution_1pct,label
cspaced_property_l2,mlp,172,4,147,0.36538461538461536,0.3299719887955182,within_genus_species,Candida,75,substitution_1pct,label
hybrid_ckmer5_csp,nearest_centroid,172,4,654,0.36538461538461536,0.3590909090909091,within_genus_species,Candida,75,substitution_1pct,label
hybrid_ckmer5_csp,logistic,172,4,654,0.34615384615384615,0.3358326371484266,within_genus_species,Candida,75,substitution_1pct,label
hybrid_ckmer5_csp,mlp,172,4,654,0.34615384615384615,0.29190814256737174,within_genus_species,Candida,75,substitution_1pct,label
ckmer5_count_l2,nearest_centroid,123,2,503,0.5405405405405406,0.4348607367475292,target_background,Candida,75,substitution_1pct,target_binary
ckmer5_count_l2,logistic,123,2,503,0.5675675675675675,0.45185185185185184,target_background,Candida,75,substitution_1pct,target_binary
ckmer5_count_l2,mlp,123,2,503,0.43243243243243246,0.3877068557919622,target_background,Candida,75,substitution_1pct,target_binary
ckmer7_count_l2,nearest_centroid,123,2,4092,0.5945945945945946,0.3728813559322034,target_background,Candida,75,substitution_1pct,target_binary
ckmer7_count_l2,logistic,123,2,4092,0.6486486486486487,0.45649717514124294,target_background,Candida,75,substitution_1pct,target_binary
ckmer7_count_l2,mlp,123,2,4092,0.4864864864864865,0.46130268199233715,target_background,Candida,75,substitution_1pct,target_binary
cspaced_count_l2,nearest_centroid,123,2,136,0.5135135135135135,0.4954545454545455,target_background,Candida,75,substitution_1pct,target_binary
cspaced_count_l2,logistic,123,2,136,0.5135135135135135,0.445,target_background,Candida,75,substitution_1pct,target_binary
cspaced_count_l2,mlp,123,2,136,0.3783783783783784,0.32939322301024426,target_background,Candida,75,substitution_1pct,target_binary
cspaced_property_l2,nearest_centroid,123,2,147,0.5405405405405406,0.518007662835249,target_background,Candida,75,substitution_1pct,target_binary
cspaced_property_l2,logistic,123,2,147,0.5945945945945946,0.5268542199488491,target_background,Candida,75,substitution_1pct,target_binary
cspaced_property_l2,mlp,123,2,147,0.35135135135135137,0.3392857142857143,target_background,Candida,75,substitution_1pct,target_binary
hybrid_ckmer5_csp,nearest_centroid,123,2,650,0.4864864864864865,0.3683737646001797,target_background,Candida,75,substitution_1pct,target_binary
hybrid_ckmer5_csp,logistic,123,2,650,0.5675675675675675,0.4126984126984127,target_background,Candida,75,substitution_1pct,target_binary
hybrid_ckmer5_csp,mlp,123,2,650,0.43243243243243246,0.4045977011494253,target_background,Candida,75,substitution_1pct,target_binary
ckmer5_count_l2,nearest_centroid,217,5,511,0.24242424242424243,0.24072750926124237,within_genus_species,Enterobacter,75,substitution_1pct,label
ckmer5_count_l2,logistic,217,5,511,0.25757575757575757,0.26081698053647556,within_genus_species,Enterobacter,75,substitution_1pct,label
ckmer5_count_l2,mlp,217,5,511,0.16666666666666666,0.13766397124887692,within_genus_species,Enterobacter,75,substitution_1pct,label
ckmer7_count_l2,nearest_centroid,217,5,5977,0.30303030303030304,0.28909090909090907,within_genus_species,Enterobacter,75,substitution_1pct,label
ckmer7_count_l2,logistic,217,5,5977,0.2727272727272727,0.2668283440697234,within_genus_species,Enterobacter,75,substitution_1pct,label
ckmer7_count_l2,mlp,217,5,5977,0.15151515151515152,0.08205128205128205,within_genus_species,Enterobacter,75,substitution_1pct,label
cspaced_count_l2,nearest_centroid,217,5,136,0.22727272727272727,0.22272727272727275,within_genus_species,Enterobacter,75,substitution_1pct,label
cspaced_count_l2,logistic,217,5,136,0.24242424242424243,0.23166833166833167,within_genus_species,Enterobacter,75,substitution_1pct,label
cspaced_count_l2,mlp,217,5,136,0.19696969696969696,0.17368097740768546,within_genus_species,Enterobacter,75,substitution_1pct,label
cspaced_property_l2,nearest_centroid,217,5,147,0.24242424242424243,0.23788899594867577,within_genus_species,Enterobacter,75,substitution_1pct,label
cspaced_property_l2,logistic,217,5,147,0.22727272727272727,0.2196100401884607,within_genus_species,Enterobacter,75,substitution_1pct,label
cspaced_property_l2,mlp,217,5,147,0.15151515151515152,0.12282229965156792,within_genus_species,Enterobacter,75,substitution_1pct,label
hybrid_ckmer5_csp,nearest_centroid,217,5,658,0.24242424242424243,0.24378743961352659,within_genus_species,Enterobacter,75,substitution_1pct,label
hybrid_ckmer5_csp,logistic,217,5,658,0.22727272727272727,0.23236963036963038,within_genus_species,Enterobacter,75,substitution_1pct,label
hybrid_ckmer5_csp,mlp,217,5,658,0.15151515151515152,0.12286516055697642,within_genus_species,Enterobacter,75,substitution_1pct,label
ckmer5_count_l2,nearest_centroid,122,2,509,0.6486486486486487,0.5899403239556692,target_background,Enterobacter,75,substitution_1pct,target_binary
ckmer5_count_l2,logistic,122,2,509,0.6216216216216216,0.5683333333333334,target_background,Enterobacter,75,substitution_1pct,target_binary
ckmer5_count_l2,mlp,122,2,509,0.5405405405405406,0.504334121355398,target_background,Enterobacter,75,substitution_1pct,target_binary
ckmer7_count_l2,nearest_centroid,122,2,4637,0.6486486486486487,0.39344262295081966,target_background,Enterobacter,75,substitution_1pct,target_binary
ckmer7_count_l2,logistic,122,2,4637,0.6486486486486487,0.39344262295081966,target_background,Enterobacter,75,substitution_1pct,target_binary
ckmer7_count_l2,mlp,122,2,4637,0.6486486486486487,0.6209613869188337,target_background,Enterobacter,75,substitution_1pct,target_binary
cspaced_count_l2,nearest_centroid,122,2,136,0.4864864864864865,0.42612244897959184,target_background,Enterobacter,75,substitution_1pct,target_binary
cspaced_count_l2,logistic,122,2,136,0.6216216216216216,0.5849358974358975,target_background,Enterobacter,75,substitution_1pct,target_binary
cspaced_count_l2,mlp,122,2,136,0.6216216216216216,0.4418103448275862,target_background,Enterobacter,75,substitution_1pct,target_binary
cspaced_property_l2,nearest_centroid,122,2,147,0.4864864864864865,0.42612244897959184,target_background,Enterobacter,75,substitution_1pct,target_binary
cspaced_property_l2,logistic,122,2,147,0.6486486486486487,0.6073469387755102,target_background,Enterobacter,75,substitution_1pct,target_binary
cspaced_property_l2,mlp,122,2,147,0.5945945945945946,0.5013477088948787,target_background,Enterobacter,75,substitution_1pct,target_binary
hybrid_ckmer5_csp,nearest_centroid,122,2,656,0.6486486486486487,0.5899403239556692,target_background,Enterobacter,75,substitution_1pct,target_binary
hybrid_ckmer5_csp,logistic,122,2,656,0.6756756756756757,0.6118881118881119,target_background,Enterobacter,75,substitution_1pct,target_binary
hybrid_ckmer5_csp,mlp,122,2,656,0.40540540540540543,0.36801242236024845,target_background,Enterobacter,75,substitution_1pct,target_binary
ckmer5_count_l2,nearest_centroid,84,2,511,0.38461538461538464,0.38461538461538464,within_genus_species,Escherichia,75,substitution_1pct,label
ckmer5_count_l2,logistic,84,2,511,0.38461538461538464,0.3696969696969697,within_genus_species,Escherichia,75,substitution_1pct,label
ckmer5_count_l2,mlp,84,2,511,0.5769230769230769,0.519327731092437,within_genus_species,Escherichia,75,substitution_1pct,label
ckmer7_count_l2,nearest_centroid,84,2,3853,0.5769230769230769,0.519327731092437,within_genus_species,Escherichia,75,substitution_1pct,label
ckmer7_count_l2,logistic,84,2,3853,0.5769230769230769,0.48468468468468473,within_genus_species,Escherichia,75,substitution_1pct,label
ckmer7_count_l2,mlp,84,2,3853,0.5384615384615384,0.4901960784313726,within_genus_species,Escherichia,75,substitution_1pct,label
cspaced_count_l2,nearest_centroid,84,2,136,0.4230769230769231,0.4152923538230885,within_genus_species,Escherichia,75,substitution_1pct,label
cspaced_count_l2,logistic,84,2,136,0.46153846153846156,0.46153846153846156,within_genus_species,Escherichia,75,substitution_1pct,label
cspaced_count_l2,mlp,84,2,136,0.5384615384615384,0.4135338345864662,within_genus_species,Escherichia,75,substitution_1pct,label
cspaced_property_l2,nearest_centroid,84,2,147,0.4230769230769231,0.4152923538230885,within_genus_species,Escherichia,75,substitution_1pct,label
cspaced_property_l2,logistic,84,2,147,0.46153846153846156,0.46153846153846156,within_genus_species,Escherichia,75,substitution_1pct,label
cspaced_property_l2,mlp,84,2,147,0.6153846153846154,0.59375,within_genus_species,Escherichia,75,substitution_1pct,label
hybrid_ckmer5_csp,nearest_centroid,84,2,658,0.38461538461538464,0.38461538461538464,within_genus_species,Escherichia,75,substitution_1pct,label
hybrid_ckmer5_csp,logistic,84,2,658,0.38461538461538464,0.3696969696969697,within_genus_species,Escherichia,75,substitution_1pct,label
hybrid_ckmer5_csp,mlp,84,2,658,0.38461538461538464,0.38095238095238093,within_genus_species,Escherichia,75,substitution_1pct,label
ckmer5_count_l2,nearest_centroid,84,2,511,0.38461538461538464,0.38461538461538464,target_background,Escherichia,75,substitution_1pct,target_binary
ckmer5_count_l2,logistic,84,2,511,0.38461538461538464,0.3696969696969697,target_background,Escherichia,75,substitution_1pct,target_binary
ckmer5_count_l2,mlp,84,2,511,0.5769230769230769,0.519327731092437,target_background,Escherichia,75,substitution_1pct,target_binary
ckmer7_count_l2,nearest_centroid,84,2,3853,0.5769230769230769,0.519327731092437,target_background,Escherichia,75,substitution_1pct,target_binary
ckmer7_count_l2,logistic,84,2,3853,0.5769230769230769,0.48468468468468473,target_background,Escherichia,75,substitution_1pct,target_binary
ckmer7_count_l2,mlp,84,2,3853,0.5384615384615384,0.4901960784313726,target_background,Escherichia,75,substitution_1pct,target_binary
cspaced_count_l2,nearest_centroid,84,2,136,0.4230769230769231,0.4152923538230885,target_background,Escherichia,75,substitution_1pct,target_binary
cspaced_count_l2,logistic,84,2,136,0.46153846153846156,0.46153846153846156,target_background,Escherichia,75,substitution_1pct,target_binary
cspaced_count_l2,mlp,84,2,136,0.5384615384615384,0.4135338345864662,target_background,Escherichia,75,substitution_1pct,target_binary
cspaced_property_l2,nearest_centroid,84,2,147,0.4230769230769231,0.4152923538230885,target_background,Escherichia,75,substitution_1pct,target_binary
cspaced_property_l2,logistic,84,2,147,0.46153846153846156,0.46153846153846156,target_background,Escherichia,75,substitution_1pct,target_binary
cspaced_property_l2,mlp,84,2,147,0.6153846153846154,0.59375,target_background,Escherichia,75,substitution_1pct,target_binary
hybrid_ckmer5_csp,nearest_centroid,84,2,658,0.38461538461538464,0.38461538461538464,target_background,Escherichia,75,substitution_1pct,target_binary
hybrid_ckmer5_csp,logistic,84,2,658,0.38461538461538464,0.3696969696969697,target_background,Escherichia,75,substitution_1pct,target_binary
hybrid_ckmer5_csp,mlp,84,2,658,0.38461538461538464,0.38095238095238093,target_background,Escherichia,75,substitution_1pct,target_binary
ckmer5_count_l2,nearest_centroid,127,3,512,0.358974358974359,0.35619047619047617,within_genus_species,Klebsiella,75,substitution_1pct,label
ckmer5_count_l2,logistic,127,3,512,0.38461538461538464,0.3861693861693862,within_genus_species,Klebsiella,75,substitution_1pct,label
ckmer5_count_l2,mlp,127,3,512,0.3076923076923077,0.2943121693121693,within_genus_species,Klebsiella,75,substitution_1pct,label
ckmer7_count_l2,nearest_centroid,127,3,4555,0.3076923076923077,0.27836134453781514,within_genus_species,Klebsiella,75,substitution_1pct,label
ckmer7_count_l2,logistic,127,3,4555,0.2564102564102564,0.23681257014590348,within_genus_species,Klebsiella,75,substitution_1pct,label
ckmer7_count_l2,mlp,127,3,4555,0.358974358974359,0.26296296296296295,within_genus_species,Klebsiella,75,substitution_1pct,label
cspaced_count_l2,nearest_centroid,127,3,136,0.46153846153846156,0.4290060851926978,within_genus_species,Klebsiella,75,substitution_1pct,label
cspaced_count_l2,logistic,127,3,136,0.358974358974359,0.3252111760883691,within_genus_species,Klebsiella,75,substitution_1pct,label
cspaced_count_l2,mlp,127,3,136,0.358974358974359,0.32298005409060176,within_genus_species,Klebsiella,75,substitution_1pct,label
cspaced_property_l2,nearest_centroid,127,3,147,0.48717948717948717,0.45243282498184456,within_genus_species,Klebsiella,75,substitution_1pct,label
cspaced_property_l2,logistic,127,3,147,0.3333333333333333,0.3111111111111111,within_genus_species,Klebsiella,75,substitution_1pct,label
cspaced_property_l2,mlp,127,3,147,0.2564102564102564,0.26877470355731226,within_genus_species,Klebsiella,75,substitution_1pct,label
hybrid_ckmer5_csp,nearest_centroid,127,3,659,0.3333333333333333,0.3305860805860806,within_genus_species,Klebsiella,75,substitution_1pct,label
hybrid_ckmer5_csp,logistic,127,3,659,0.46153846153846156,0.4431941923774955,within_genus_species,Klebsiella,75,substitution_1pct,label
hybrid_ckmer5_csp,mlp,127,3,659,0.38461538461538464,0.37585139318885447,within_genus_species,Klebsiella,75,substitution_1pct,label
ckmer5_count_l2,nearest_centroid,125,2,512,0.5526315789473685,0.5117157974300831,target_background,Klebsiella,75,substitution_1pct,target_binary
ckmer5_count_l2,logistic,125,2,512,0.5526315789473685,0.4406926406926407,target_background,Klebsiella,75,substitution_1pct,target_binary
ckmer5_count_l2,mlp,125,2,512,0.5789473684210527,0.4882154882154882,target_background,Klebsiella,75,substitution_1pct,target_binary
ckmer7_count_l2,nearest_centroid,125,2,4529,0.6578947368421053,0.5074775672981057,target_background,Klebsiella,75,substitution_1pct,target_binary
ckmer7_count_l2,logistic,125,2,4529,0.631578947368421,0.44583333333333336,target_background,Klebsiella,75,substitution_1pct,target_binary
ckmer7_count_l2,mlp,125,2,4529,0.4473684210526316,0.44390243902439025,target_background,Klebsiella,75,substitution_1pct,target_binary
cspaced_count_l2,nearest_centroid,125,2,136,0.5526315789473685,0.5117157974300831,target_background,Klebsiella,75,substitution_1pct,target_binary
cspaced_count_l2,logistic,125,2,136,0.5789473684210527,0.5323076923076924,target_background,Klebsiella,75,substitution_1pct,target_binary
cspaced_count_l2,mlp,125,2,136,0.5789473684210527,0.36666666666666664,target_background,Klebsiella,75,substitution_1pct,target_binary
cspaced_property_l2,nearest_centroid,125,2,147,0.6052631578947368,0.5818048422597212,target_background,Klebsiella,75,substitution_1pct,target_binary
cspaced_property_l2,logistic,125,2,147,0.5263157894736842,0.4910714285714286,target_background,Klebsiella,75,substitution_1pct,target_binary
cspaced_property_l2,mlp,125,2,147,0.5526315789473685,0.4406926406926407,target_background,Klebsiella,75,substitution_1pct,target_binary
hybrid_ckmer5_csp,nearest_centroid,125,2,659,0.5526315789473685,0.5117157974300831,target_background,Klebsiella,75,substitution_1pct,target_binary
hybrid_ckmer5_csp,logistic,125,2,659,0.631578947368421,0.5737179487179487,target_background,Klebsiella,75,substitution_1pct,target_binary
hybrid_ckmer5_csp,mlp,125,2,659,0.47368421052631576,0.4677871148459384,target_background,Klebsiella,75,substitution_1pct,target_binary
ckmer5_count_l2,nearest_centroid,172,4,511,0.3269230769230769,0.3278662008281574,within_genus_species,Acinetobacter,75,N_3pct,label
ckmer5_count_l2,logistic,172,4,511,0.3076923076923077,0.2987570494022107,within_genus_species,Acinetobacter,75,N_3pct,label
ckmer5_count_l2,mlp,172,4,511,0.3269230769230769,0.25595238095238093,within_genus_species,Acinetobacter,75,N_3pct,label
ckmer7_count_l2,nearest_centroid,172,4,4862,0.23076923076923078,0.214304625942557,within_genus_species,Acinetobacter,75,N_3pct,label
ckmer7_count_l2,logistic,172,4,4862,0.34615384615384615,0.3446969696969697,within_genus_species,Acinetobacter,75,N_3pct,label
ckmer7_count_l2,mlp,172,4,4862,0.23076923076923078,0.22401433691756273,within_genus_species,Acinetobacter,75,N_3pct,label
cspaced_count_l2,nearest_centroid,172,4,136,0.23076923076923078,0.23145604395604397,within_genus_species,Acinetobacter,75,N_3pct,label
cspaced_count_l2,logistic,172,4,136,0.19230769230769232,0.18481566820276496,within_genus_species,Acinetobacter,75,N_3pct,label
cspaced_count_l2,mlp,172,4,136,0.23076923076923078,0.23223498425111327,within_genus_species,Acinetobacter,75,N_3pct,label
cspaced_property_l2,nearest_centroid,172,4,147,0.23076923076923078,0.22948412698412698,within_genus_species,Acinetobacter,75,N_3pct,label
cspaced_property_l2,logistic,172,4,147,0.21153846153846154,0.20014831294030402,within_genus_species,Acinetobacter,75,N_3pct,label
cspaced_property_l2,mlp,172,4,147,0.21153846153846154,0.15637608232467473,within_genus_species,Acinetobacter,75,N_3pct,label
hybrid_ckmer5_csp,nearest_centroid,172,4,658,0.36538461538461536,0.36731182795698925,within_genus_species,Acinetobacter,75,N_3pct,label
hybrid_ckmer5_csp,logistic,172,4,658,0.36538461538461536,0.35616777858157167,within_genus_species,Acinetobacter,75,N_3pct,label
hybrid_ckmer5_csp,mlp,172,4,658,0.21153846153846154,0.20103990212685866,within_genus_species,Acinetobacter,75,N_3pct,label
ckmer5_count_l2,nearest_centroid,128,3,482,0.358974358974359,0.35174975562072336,within_genus_species,Burkholderia,75,N_3pct,label
ckmer5_count_l2,logistic,128,3,482,0.4358974358974359,0.42063492063492064,within_genus_species,Burkholderia,75,N_3pct,label
ckmer5_count_l2,mlp,128,3,482,0.1282051282051282,0.13544477028347995,within_genus_species,Burkholderia,75,N_3pct,label
ckmer7_count_l2,nearest_centroid,128,3,3108,0.38461538461538464,0.3338217338217338,within_genus_species,Burkholderia,75,N_3pct,label
ckmer7_count_l2,logistic,128,3,3108,0.38461538461538464,0.3683469308469309,within_genus_species,Burkholderia,75,N_3pct,label
ckmer7_count_l2,mlp,128,3,3108,0.358974358974359,0.3266499582289056,within_genus_species,Burkholderia,75,N_3pct,label
cspaced_count_l2,nearest_centroid,128,3,136,0.3333333333333333,0.2821548821548822,within_genus_species,Burkholderia,75,N_3pct,label
cspaced_count_l2,logistic,128,3,136,0.358974358974359,0.3242424242424242,within_genus_species,Burkholderia,75,N_3pct,label
cspaced_count_l2,mlp,128,3,136,0.358974358974359,0.28391229366839127,within_genus_species,Burkholderia,75,N_3pct,label
cspaced_property_l2,nearest_centroid,128,3,147,0.358974358974359,0.2966108966108966,within_genus_species,Burkholderia,75,N_3pct,label
cspaced_property_l2,logistic,128,3,147,0.358974358974359,0.33464052287581697,within_genus_species,Burkholderia,75,N_3pct,label
cspaced_property_l2,mlp,128,3,147,0.41025641025641024,0.3333333333333333,within_genus_species,Burkholderia,75,N_3pct,label
hybrid_ckmer5_csp,nearest_centroid,128,3,629,0.358974358974359,0.3560897435897436,within_genus_species,Burkholderia,75,N_3pct,label
hybrid_ckmer5_csp,logistic,128,3,629,0.4358974358974359,0.41535947712418303,within_genus_species,Burkholderia,75,N_3pct,label
hybrid_ckmer5_csp,mlp,128,3,629,0.3076923076923077,0.24080267558528426,within_genus_species,Burkholderia,75,N_3pct,label
ckmer5_count_l2,nearest_centroid,127,2,482,0.5384615384615384,0.4583333333333333,target_background,Burkholderia,75,N_3pct,target_binary
ckmer5_count_l2,logistic,127,2,482,0.5641025641025641,0.5185185185185185,target_background,Burkholderia,75,N_3pct,target_binary
ckmer5_count_l2,mlp,127,2,482,0.5897435897435898,0.4620689655172414,target_background,Burkholderia,75,N_3pct,target_binary
ckmer7_count_l2,nearest_centroid,127,2,3093,0.5897435897435898,0.4620689655172414,target_background,Burkholderia,75,N_3pct,target_binary
ckmer7_count_l2,logistic,127,2,3093,0.5897435897435898,0.4620689655172414,target_background,Burkholderia,75,N_3pct,target_binary
ckmer7_count_l2,mlp,127,2,3093,0.5128205128205128,0.4914207275223061,target_background,Burkholderia,75,N_3pct,target_binary
cspaced_count_l2,nearest_centroid,127,2,136,0.6153846153846154,0.5883180858550316,target_background,Burkholderia,75,N_3pct,target_binary
cspaced_count_l2,logistic,127,2,136,0.5641025641025641,0.5334271639690359,target_background,Burkholderia,75,N_3pct,target_binary
cspaced_count_l2,mlp,127,2,136,0.5897435897435898,0.42222222222222217,target_background,Burkholderia,75,N_3pct,target_binary
cspaced_property_l2,nearest_centroid,127,2,147,0.6153846153846154,0.5883180858550316,target_background,Burkholderia,75,N_3pct,target_binary
cspaced_property_l2,logistic,127,2,147,0.5897435897435898,0.5666666666666667,target_background,Burkholderia,75,N_3pct,target_binary
cspaced_property_l2,mlp,127,2,147,0.6410256410256411,0.49444444444444446,target_background,Burkholderia,75,N_3pct,target_binary
hybrid_ckmer5_csp,nearest_centroid,127,2,629,0.5384615384615384,0.4807692307692308,target_background,Burkholderia,75,N_3pct,target_binary
hybrid_ckmer5_csp,logistic,127,2,629,0.5897435897435898,0.5384615384615384,target_background,Burkholderia,75,N_3pct,target_binary
hybrid_ckmer5_csp,mlp,127,2,629,0.5641025641025641,0.44611528822055135,target_background,Burkholderia,75,N_3pct,target_binary
ckmer5_count_l2,nearest_centroid,172,4,507,0.3076923076923077,0.3077788029062392,within_genus_species,Candida,75,N_3pct,label
ckmer5_count_l2,logistic,172,4,507,0.28846153846153844,0.2856451612903226,within_genus_species,Candida,75,N_3pct,label
ckmer5_count_l2,mlp,172,4,507,0.3269230769230769,0.3200362256339486,within_genus_species,Candida,75,N_3pct,label
ckmer7_count_l2,nearest_centroid,172,4,4314,0.2692307692307692,0.2638523991972268,within_genus_species,Candida,75,N_3pct,label
ckmer7_count_l2,logistic,172,4,4314,0.19230769230769232,0.1841025641025641,within_genus_species,Candida,75,N_3pct,label
ckmer7_count_l2,mlp,172,4,4314,0.23076923076923078,0.2222542242703533,within_genus_species,Candida,75,N_3pct,label
cspaced_count_l2,nearest_centroid,172,4,136,0.4807692307692308,0.4798955070694202,within_genus_species,Candida,75,N_3pct,label
cspaced_count_l2,logistic,172,4,136,0.3269230769230769,0.3209049941530476,within_genus_species,Candida,75,N_3pct,label
cspaced_count_l2,mlp,172,4,136,0.3076923076923077,0.29734372381431207,within_genus_species,Candida,75,N_3pct,label
cspaced_property_l2,nearest_centroid,172,4,147,0.46153846153846156,0.46043478260869564,within_genus_species,Candida,75,N_3pct,label
cspaced_property_l2,logistic,172,4,147,0.34615384615384615,0.33241901776384536,within_genus_species,Candida,75,N_3pct,label
cspaced_property_l2,mlp,172,4,147,0.2692307692307692,0.2269144144144144,within_genus_species,Candida,75,N_3pct,label
hybrid_ckmer5_csp,nearest_centroid,172,4,654,0.28846153846153844,0.2894017094017094,within_genus_species,Candida,75,N_3pct,label
hybrid_ckmer5_csp,logistic,172,4,654,0.28846153846153844,0.27949134199134196,within_genus_species,Candida,75,N_3pct,label
hybrid_ckmer5_csp,mlp,172,4,654,0.3269230769230769,0.2815723548482169,within_genus_species,Candida,75,N_3pct,label
ckmer5_count_l2,nearest_centroid,123,2,504,0.5945945945945946,0.4688995215311005,target_background,Candida,75,N_3pct,target_binary
ckmer5_count_l2,logistic,123,2,504,0.5945945945945946,0.5013477088948787,target_background,Candida,75,N_3pct,target_binary
ckmer5_count_l2,mlp,123,2,504,0.4864864864864865,0.47261815453863465,target_background,Candida,75,N_3pct,target_binary
ckmer7_count_l2,nearest_centroid,123,2,3682,0.5945945945945946,0.3728813559322034,target_background,Candida,75,N_3pct,target_binary
ckmer7_count_l2,logistic,123,2,3682,0.6216216216216216,0.38333333333333336,target_background,Candida,75,N_3pct,target_binary
ckmer7_count_l2,mlp,123,2,3682,0.4594594594594595,0.45588235294117646,target_background,Candida,75,N_3pct,target_binary
cspaced_count_l2,nearest_centroid,123,2,136,0.5675675675675675,0.5515151515151515,target_background,Candida,75,N_3pct,target_binary
cspaced_count_l2,logistic,123,2,136,0.5675675675675675,0.4825174825174825,target_background,Candida,75,N_3pct,target_binary
cspaced_count_l2,mlp,123,2,136,0.35135135135135137,0.28846153846153844,target_background,Candida,75,N_3pct,target_binary
cspaced_property_l2,nearest_centroid,123,2,147,0.5945945945945946,0.5747126436781609,target_background,Candida,75,N_3pct,target_binary
cspaced_property_l2,logistic,123,2,147,0.5405405405405406,0.4348607367475292,target_background,Candida,75,N_3pct,target_binary
cspaced_property_l2,mlp,123,2,147,0.3783783783783784,0.37655677655677655,target_background,Candida,75,N_3pct,target_binary
hybrid_ckmer5_csp,nearest_centroid,123,2,651,0.5405405405405406,0.3980861244019139,target_background,Candida,75,N_3pct,target_binary
hybrid_ckmer5_csp,logistic,123,2,651,0.5405405405405406,0.3980861244019139,target_background,Candida,75,N_3pct,target_binary
hybrid_ckmer5_csp,mlp,123,2,651,0.40540540540540543,0.4049707602339181,target_background,Candida,75,N_3pct,target_binary
ckmer5_count_l2,nearest_centroid,217,5,510,0.21212121212121213,0.2081722874826323,within_genus_species,Enterobacter,75,N_3pct,label
ckmer5_count_l2,logistic,217,5,510,0.24242424242424243,0.23070193014092027,within_genus_species,Enterobacter,75,N_3pct,label
ckmer5_count_l2,mlp,217,5,510,0.10606060606060606,0.10273360880535343,within_genus_species,Enterobacter,75,N_3pct,label
ckmer7_count_l2,nearest_centroid,217,5,5484,0.2727272727272727,0.27305194805194805,within_genus_species,Enterobacter,75,N_3pct,label
ckmer7_count_l2,logistic,217,5,5484,0.22727272727272727,0.22165898617511517,within_genus_species,Enterobacter,75,N_3pct,label
ckmer7_count_l2,mlp,217,5,5484,0.22727272727272727,0.20541619300239988,within_genus_species,Enterobacter,75,N_3pct,label
cspaced_count_l2,nearest_centroid,217,5,136,0.16666666666666666,0.16438722715919601,within_genus_species,Enterobacter,75,N_3pct,label
cspaced_count_l2,logistic,217,5,136,0.16666666666666666,0.16229700962737673,within_genus_species,Enterobacter,75,N_3pct,label
cspaced_count_l2,mlp,217,5,136,0.21212121212121213,0.1727719298245614,within_genus_species,Enterobacter,75,N_3pct,label
cspaced_property_l2,nearest_centroid,217,5,147,0.18181818181818182,0.1825396825396825,within_genus_species,Enterobacter,75,N_3pct,label
cspaced_property_l2,logistic,217,5,147,0.21212121212121213,0.2090048309178744,within_genus_species,Enterobacter,75,N_3pct,label
cspaced_property_l2,mlp,217,5,147,0.13636363636363635,0.11663003663003661,within_genus_species,Enterobacter,75,N_3pct,label
hybrid_ckmer5_csp,nearest_centroid,217,5,657,0.21212121212121213,0.20851999613289934,within_genus_species,Enterobacter,75,N_3pct,label
hybrid_ckmer5_csp,logistic,217,5,657,0.18181818181818182,0.1770949235949236,within_genus_species,Enterobacter,75,N_3pct,label
hybrid_ckmer5_csp,mlp,217,5,657,0.21212121212121213,0.1943391477258426,within_genus_species,Enterobacter,75,N_3pct,label
ckmer5_count_l2,nearest_centroid,122,2,508,0.7297297297297297,0.6916666666666667,target_background,Enterobacter,75,N_3pct,target_binary
ckmer5_count_l2,logistic,122,2,508,0.6486486486486487,0.6209613869188337,target_background,Enterobacter,75,N_3pct,target_binary
ckmer5_count_l2,mlp,122,2,508,0.5405405405405406,0.3508771929824561,target_background,Enterobacter,75,N_3pct,target_binary
ckmer7_count_l2,nearest_centroid,122,2,4114,0.6486486486486487,0.39344262295081966,target_background,Enterobacter,75,N_3pct,target_binary
ckmer7_count_l2,logistic,122,2,4114,0.6486486486486487,0.39344262295081966,target_background,Enterobacter,75,N_3pct,target_binary
ckmer7_count_l2,mlp,122,2,4114,0.4594594594594595,0.43939393939393934,target_background,Enterobacter,75,N_3pct,target_binary
cspaced_count_l2,nearest_centroid,122,2,136,0.5675675675675675,0.5403726708074534,target_background,Enterobacter,75,N_3pct,target_binary
cspaced_count_l2,logistic,122,2,136,0.5675675675675675,0.5515151515151515,target_background,Enterobacter,75,N_3pct,target_binary
cspaced_count_l2,mlp,122,2,136,0.6486486486486487,0.45649717514124294,target_background,Enterobacter,75,N_3pct,target_binary
cspaced_property_l2,nearest_centroid,122,2,147,0.5675675675675675,0.5403726708074534,target_background,Enterobacter,75,N_3pct,target_binary
cspaced_property_l2,logistic,122,2,147,0.5135135135135135,0.4954545454545455,target_background,Enterobacter,75,N_3pct,target_binary
cspaced_property_l2,mlp,122,2,147,0.5405405405405406,0.4348607367475292,target_background,Enterobacter,75,N_3pct,target_binary
hybrid_ckmer5_csp,nearest_centroid,122,2,655,0.7027027027027027,0.6677551020408163,target_background,Enterobacter,75,N_3pct,target_binary
hybrid_ckmer5_csp,logistic,122,2,655,0.6486486486486487,0.6209613869188337,target_background,Enterobacter,75,N_3pct,target_binary
hybrid_ckmer5_csp,mlp,122,2,655,0.3783783783783784,0.37102734663710274,target_background,Enterobacter,75,N_3pct,target_binary
ckmer5_count_l2,nearest_centroid,84,2,509,0.5384615384615384,0.5272727272727272,within_genus_species,Escherichia,75,N_3pct,label
ckmer5_count_l2,logistic,84,2,509,0.38461538461538464,0.3202614379084967,within_genus_species,Escherichia,75,N_3pct,label
ckmer5_count_l2,mlp,84,2,509,0.4230769230769231,0.4222222222222222,within_genus_species,Escherichia,75,N_3pct,label
ckmer7_count_l2,nearest_centroid,84,2,3319,0.5769230769230769,0.48468468468468473,within_genus_species,Escherichia,75,N_3pct,label
ckmer7_count_l2,logistic,84,2,3319,0.5769230769230769,0.4358974358974359,within_genus_species,Escherichia,75,N_3pct,label
ckmer7_count_l2,mlp,84,2,3319,0.5384615384615384,0.5125,within_genus_species,Escherichia,75,N_3pct,label
cspaced_count_l2,nearest_centroid,84,2,136,0.46153846153846156,0.43125,within_genus_species,Escherichia,75,N_3pct,label
cspaced_count_l2,logistic,84,2,136,0.5769230769230769,0.5762962962962963,within_genus_species,Escherichia,75,N_3pct,label
cspaced_count_l2,mlp,84,2,136,0.5,0.3333333333333333,within_genus_species,Escherichia,75,N_3pct,label
cspaced_property_l2,nearest_centroid,84,2,147,0.4230769230769231,0.4009216589861751,within_genus_species,Escherichia,75,N_3pct,label
cspaced_property_l2,logistic,84,2,147,0.6153846153846154,0.6130952380952381,within_genus_species,Escherichia,75,N_3pct,label
cspaced_property_l2,mlp,84,2,147,0.5769230769230769,0.48468468468468473,within_genus_species,Escherichia,75,N_3pct,label
hybrid_ckmer5_csp,nearest_centroid,84,2,656,0.5384615384615384,0.5357142857142857,within_genus_species,Escherichia,75,N_3pct,label
hybrid_ckmer5_csp,logistic,84,2,656,0.46153846153846156,0.4484848484848485,within_genus_species,Escherichia,75,N_3pct,label
hybrid_ckmer5_csp,mlp,84,2,656,0.46153846153846156,0.3157894736842105,within_genus_species,Escherichia,75,N_3pct,label
ckmer5_count_l2,nearest_centroid,84,2,509,0.5384615384615384,0.5272727272727272,target_background,Escherichia,75,N_3pct,target_binary
ckmer5_count_l2,logistic,84,2,509,0.38461538461538464,0.3202614379084967,target_background,Escherichia,75,N_3pct,target_binary
ckmer5_count_l2,mlp,84,2,509,0.4230769230769231,0.4222222222222222,target_background,Escherichia,75,N_3pct,target_binary
ckmer7_count_l2,nearest_centroid,84,2,3319,0.5769230769230769,0.48468468468468473,target_background,Escherichia,75,N_3pct,target_binary
ckmer7_count_l2,logistic,84,2,3319,0.5769230769230769,0.4358974358974359,target_background,Escherichia,75,N_3pct,target_binary
ckmer7_count_l2,mlp,84,2,3319,0.5384615384615384,0.5125,target_background,Escherichia,75,N_3pct,target_binary
cspaced_count_l2,nearest_centroid,84,2,136,0.46153846153846156,0.43125,target_background,Escherichia,75,N_3pct,target_binary
cspaced_count_l2,logistic,84,2,136,0.5769230769230769,0.5762962962962963,target_background,Escherichia,75,N_3pct,target_binary
cspaced_count_l2,mlp,84,2,136,0.5,0.3333333333333333,target_background,Escherichia,75,N_3pct,target_binary
cspaced_property_l2,nearest_centroid,84,2,147,0.4230769230769231,0.4009216589861751,target_background,Escherichia,75,N_3pct,target_binary
cspaced_property_l2,logistic,84,2,147,0.6153846153846154,0.6130952380952381,target_background,Escherichia,75,N_3pct,target_binary
cspaced_property_l2,mlp,84,2,147,0.5769230769230769,0.48468468468468473,target_background,Escherichia,75,N_3pct,target_binary
hybrid_ckmer5_csp,nearest_centroid,84,2,656,0.5384615384615384,0.5357142857142857,target_background,Escherichia,75,N_3pct,target_binary
hybrid_ckmer5_csp,logistic,84,2,656,0.46153846153846156,0.4484848484848485,target_background,Escherichia,75,N_3pct,target_binary
hybrid_ckmer5_csp,mlp,84,2,656,0.46153846153846156,0.3157894736842105,target_background,Escherichia,75,N_3pct,target_binary
ckmer5_count_l2,nearest_centroid,127,3,510,0.3333333333333333,0.3305860805860806,within_genus_species,Klebsiella,75,N_3pct,label
ckmer5_count_l2,logistic,127,3,510,0.23076923076923078,0.20634920634920637,within_genus_species,Klebsiella,75,N_3pct,label
ckmer5_count_l2,mlp,127,3,510,0.3333333333333333,0.1699346405228758,within_genus_species,Klebsiella,75,N_3pct,label
ckmer7_count_l2,nearest_centroid,127,3,4055,0.358974358974359,0.3285743093365598,within_genus_species,Klebsiella,75,N_3pct,label
ckmer7_count_l2,logistic,127,3,4055,0.3076923076923077,0.2772166105499439,within_genus_species,Klebsiella,75,N_3pct,label
ckmer7_count_l2,mlp,127,3,4055,0.20512820512820512,0.17489177489177488,within_genus_species,Klebsiella,75,N_3pct,label
cspaced_count_l2,nearest_centroid,127,3,136,0.358974358974359,0.31953522149600583,within_genus_species,Klebsiella,75,N_3pct,label
cspaced_count_l2,logistic,127,3,136,0.28205128205128205,0.2603750756200847,within_genus_species,Klebsiella,75,N_3pct,label
cspaced_count_l2,mlp,127,3,136,0.3333333333333333,0.3178130511463845,within_genus_species,Klebsiella,75,N_3pct,label
cspaced_property_l2,nearest_centroid,127,3,147,0.358974358974359,0.31980176686059036,within_genus_species,Klebsiella,75,N_3pct,label
cspaced_property_l2,logistic,127,3,147,0.3076923076923077,0.2748478701825558,within_genus_species,Klebsiella,75,N_3pct,label
cspaced_property_l2,mlp,127,3,147,0.38461538461538464,0.35058922558922556,within_genus_species,Klebsiella,75,N_3pct,label
hybrid_ckmer5_csp,nearest_centroid,127,3,657,0.38461538461538464,0.36846728151075975,within_genus_species,Klebsiella,75,N_3pct,label
hybrid_ckmer5_csp,logistic,127,3,657,0.28205128205128205,0.23336816440264715,within_genus_species,Klebsiella,75,N_3pct,label
hybrid_ckmer5_csp,mlp,127,3,657,0.28205128205128205,0.22035087719298244,within_genus_species,Klebsiella,75,N_3pct,label
ckmer5_count_l2,nearest_centroid,125,2,510,0.631578947368421,0.5521885521885521,target_background,Klebsiella,75,N_3pct,target_binary
ckmer5_count_l2,logistic,125,2,510,0.6052631578947368,0.5064935064935066,target_background,Klebsiella,75,N_3pct,target_binary
ckmer5_count_l2,mlp,125,2,510,0.6578947368421053,0.4601092896174863,target_background,Klebsiella,75,N_3pct,target_binary
ckmer7_count_l2,nearest_centroid,125,2,4026,0.631578947368421,0.3870967741935484,target_background,Klebsiella,75,N_3pct,target_binary
ckmer7_count_l2,logistic,125,2,4026,0.631578947368421,0.3870967741935484,target_background,Klebsiella,75,N_3pct,target_binary
ckmer7_count_l2,mlp,125,2,4026,0.5,0.4702861335289802,target_background,Klebsiella,75,N_3pct,target_binary
cspaced_count_l2,nearest_centroid,125,2,136,0.5263157894736842,0.5043478260869565,target_background,Klebsiella,75,N_3pct,target_binary
cspaced_count_l2,logistic,125,2,136,0.6052631578947368,0.5529411764705883,target_background,Klebsiella,75,N_3pct,target_binary
cspaced_count_l2,mlp,125,2,136,0.5526315789473685,0.40350877192982454,target_background,Klebsiella,75,N_3pct,target_binary
cspaced_property_l2,nearest_centroid,125,2,147,0.5789473684210527,0.5594202898550724,target_background,Klebsiella,75,N_3pct,target_binary
cspaced_property_l2,logistic,125,2,147,0.6842105263157895,0.6492307692307693,target_background,Klebsiella,75,N_3pct,target_binary
cspaced_property_l2,mlp,125,2,147,0.5263157894736842,0.4519230769230769,target_background,Klebsiella,75,N_3pct,target_binary
hybrid_ckmer5_csp,nearest_centroid,125,2,657,0.631578947368421,0.5521885521885521,target_background,Klebsiella,75,N_3pct,target_binary
hybrid_ckmer5_csp,logistic,125,2,657,0.7105263157894737,0.6140350877192982,target_background,Klebsiella,75,N_3pct,target_binary
hybrid_ckmer5_csp,mlp,125,2,657,0.5526315789473685,0.5260454878943507,target_background,Klebsiella,75,N_3pct,target_binary
ckmer5_count_l2,nearest_centroid,172,4,511,0.3269230769230769,0.3303526808024559,within_genus_species,Acinetobacter,75,trim_5bp,label
ckmer5_count_l2,logistic,172,4,511,0.3076923076923077,0.3064009661835749,within_genus_species,Acinetobacter,75,trim_5bp,label
ckmer5_count_l2,mlp,172,4,511,0.3269230769230769,0.2753470953598831,within_genus_species,Acinetobacter,75,trim_5bp,label
ckmer7_count_l2,nearest_centroid,172,4,5169,0.3076923076923077,0.29863636363636364,within_genus_species,Acinetobacter,75,trim_5bp,label
ckmer7_count_l2,logistic,172,4,5169,0.3269230769230769,0.32900621118012424,within_genus_species,Acinetobacter,75,trim_5bp,label
ckmer7_count_l2,mlp,172,4,5169,0.25,0.18971115091804747,within_genus_species,Acinetobacter,75,trim_5bp,label
cspaced_count_l2,nearest_centroid,172,4,136,0.21153846153846154,0.20459627329192548,within_genus_species,Acinetobacter,75,trim_5bp,label
cspaced_count_l2,logistic,172,4,136,0.19230769230769232,0.18701226309921964,within_genus_species,Acinetobacter,75,trim_5bp,label
cspaced_count_l2,mlp,172,4,136,0.15384615384615385,0.15397102897102893,within_genus_species,Acinetobacter,75,trim_5bp,label
cspaced_property_l2,nearest_centroid,172,4,147,0.23076923076923078,0.22345917173503382,within_genus_species,Acinetobacter,75,trim_5bp,label
cspaced_property_l2,logistic,172,4,147,0.25,0.24947848045674131,within_genus_species,Acinetobacter,75,trim_5bp,label
cspaced_property_l2,mlp,172,4,147,0.21153846153846154,0.137987012987013,within_genus_species,Acinetobacter,75,trim_5bp,label
hybrid_ckmer5_csp,nearest_centroid,172,4,658,0.28846153846153844,0.28774817136886105,within_genus_species,Acinetobacter,75,trim_5bp,label
hybrid_ckmer5_csp,logistic,172,4,658,0.40384615384615385,0.4074582027168234,within_genus_species,Acinetobacter,75,trim_5bp,label
hybrid_ckmer5_csp,mlp,172,4,658,0.2692307692307692,0.26279761904761906,within_genus_species,Acinetobacter,75,trim_5bp,label
ckmer5_count_l2,nearest_centroid,128,3,482,0.3333333333333333,0.31477420402858997,within_genus_species,Burkholderia,75,trim_5bp,label
ckmer5_count_l2,logistic,128,3,482,0.38461538461538464,0.37777777777777777,within_genus_species,Burkholderia,75,trim_5bp,label
ckmer5_count_l2,mlp,128,3,482,0.23076923076923078,0.22732585320243104,within_genus_species,Burkholderia,75,trim_5bp,label
ckmer7_count_l2,nearest_centroid,128,3,3294,0.4358974358974359,0.40667117421681315,within_genus_species,Burkholderia,75,trim_5bp,label
ckmer7_count_l2,logistic,128,3,3294,0.46153846153846156,0.4680555555555556,within_genus_species,Burkholderia,75,trim_5bp,label
ckmer7_count_l2,mlp,128,3,3294,0.358974358974359,0.3222222222222222,within_genus_species,Burkholderia,75,trim_5bp,label
cspaced_count_l2,nearest_centroid,128,3,136,0.358974358974359,0.3537846461384692,within_genus_species,Burkholderia,75,trim_5bp,label
cspaced_count_l2,logistic,128,3,136,0.358974358974359,0.32379862700228834,within_genus_species,Burkholderia,75,trim_5bp,label
cspaced_count_l2,mlp,128,3,136,0.38461538461538464,0.32407407407407407,within_genus_species,Burkholderia,75,trim_5bp,label
cspaced_property_l2,nearest_centroid,128,3,147,0.358974358974359,0.3537846461384692,within_genus_species,Burkholderia,75,trim_5bp,label
cspaced_property_l2,logistic,128,3,147,0.358974358974359,0.3250517598343685,within_genus_species,Burkholderia,75,trim_5bp,label
cspaced_property_l2,mlp,128,3,147,0.48717948717948717,0.4013136288998358,within_genus_species,Burkholderia,75,trim_5bp,label
hybrid_ckmer5_csp,nearest_centroid,128,3,629,0.38461538461538464,0.37149270482603813,within_genus_species,Burkholderia,75,trim_5bp,label
hybrid_ckmer5_csp,logistic,128,3,629,0.41025641025641024,0.3997113997113997,within_genus_species,Burkholderia,75,trim_5bp,label
hybrid_ckmer5_csp,mlp,128,3,629,0.358974358974359,0.34575163398692804,within_genus_species,Burkholderia,75,trim_5bp,label
ckmer5_count_l2,nearest_centroid,127,2,482,0.5641025641025641,0.5185185185185185,target_background,Burkholderia,75,trim_5bp,target_binary
ckmer5_count_l2,logistic,127,2,482,0.5897435897435898,0.5384615384615384,target_background,Burkholderia,75,trim_5bp,target_binary
ckmer5_count_l2,mlp,127,2,482,0.5641025641025641,0.44611528822055135,target_background,Burkholderia,75,trim_5bp,target_binary
ckmer7_count_l2,nearest_centroid,127,2,3280,0.6666666666666666,0.5110896817743491,target_background,Burkholderia,75,trim_5bp,target_binary
ckmer7_count_l2,logistic,127,2,3280,0.6666666666666666,0.5110896817743491,target_background,Burkholderia,75,trim_5bp,target_binary
ckmer7_count_l2,mlp,127,2,3280,0.46153846153846156,0.4558139534883721,target_background,Burkholderia,75,trim_5bp,target_binary
cspaced_count_l2,nearest_centroid,127,2,136,0.5641025641025641,0.5334271639690359,target_background,Burkholderia,75,trim_5bp,target_binary
cspaced_count_l2,logistic,127,2,136,0.5641025641025641,0.544955387783116,target_background,Burkholderia,75,trim_5bp,target_binary
cspaced_count_l2,mlp,127,2,136,0.5384615384615384,0.43019480519480524,target_background,Burkholderia,75,trim_5bp,target_binary
cspaced_property_l2,nearest_centroid,127,2,147,0.5384615384615384,0.5125,target_background,Burkholderia,75,trim_5bp,target_binary
cspaced_property_l2,logistic,127,2,147,0.5384615384615384,0.5125,target_background,Burkholderia,75,trim_5bp,target_binary
cspaced_property_l2,mlp,127,2,147,0.5641025641025641,0.44611528822055135,target_background,Burkholderia,75,trim_5bp,target_binary
hybrid_ckmer5_csp,nearest_centroid,127,2,629,0.5384615384615384,0.4807692307692308,target_background,Burkholderia,75,trim_5bp,target_binary
hybrid_ckmer5_csp,logistic,127,2,629,0.5641025641025641,0.4996226415094339,target_background,Burkholderia,75,trim_5bp,target_binary
hybrid_ckmer5_csp,mlp,127,2,629,0.5128205128205128,0.38095238095238093,target_background,Burkholderia,75,trim_5bp,target_binary
ckmer5_count_l2,nearest_centroid,172,4,507,0.3269230769230769,0.3248626373626374,within_genus_species,Candida,75,trim_5bp,label
ckmer5_count_l2,logistic,172,4,507,0.28846153846153844,0.2760364145658263,within_genus_species,Candida,75,trim_5bp,label
ckmer5_count_l2,mlp,172,4,507,0.36538461538461536,0.36256727792331506,within_genus_species,Candida,75,trim_5bp,label
ckmer7_count_l2,nearest_centroid,172,4,4558,0.2692307692307692,0.2574063774564331,within_genus_species,Candida,75,trim_5bp,label
ckmer7_count_l2,logistic,172,4,4558,0.21153846153846154,0.20882352941176474,within_genus_species,Candida,75,trim_5bp,label
ckmer7_count_l2,mlp,172,4,4558,0.2692307692307692,0.23762531328320802,within_genus_species,Candida,75,trim_5bp,label
cspaced_count_l2,nearest_centroid,172,4,136,0.46153846153846156,0.46044973544973544,within_genus_species,Candida,75,trim_5bp,label
cspaced_count_l2,logistic,172,4,136,0.2692307692307692,0.24523809523809523,within_genus_species,Candida,75,trim_5bp,label
cspaced_count_l2,mlp,172,4,136,0.34615384615384615,0.3322144522144522,within_genus_species,Candida,75,trim_5bp,label
cspaced_property_l2,nearest_centroid,172,4,147,0.4230769230769231,0.42049763648641625,within_genus_species,Candida,75,trim_5bp,label
cspaced_property_l2,logistic,172,4,147,0.2692307692307692,0.2455026455026455,within_genus_species,Candida,75,trim_5bp,label
cspaced_property_l2,mlp,172,4,147,0.28846153846153844,0.2615821678321678,within_genus_species,Candida,75,trim_5bp,label
hybrid_ckmer5_csp,nearest_centroid,172,4,654,0.3269230769230769,0.32620689655172413,within_genus_species,Candida,75,trim_5bp,label
hybrid_ckmer5_csp,logistic,172,4,654,0.25,0.24233766233766232,within_genus_species,Candida,75,trim_5bp,label
hybrid_ckmer5_csp,mlp,172,4,654,0.3269230769230769,0.30509152585765487,within_genus_species,Candida,75,trim_5bp,label
ckmer5_count_l2,nearest_centroid,123,2,503,0.5135135135135135,0.445,target_background,Candida,75,trim_5bp,target_binary
ckmer5_count_l2,logistic,123,2,503,0.5675675675675675,0.5066666666666667,target_background,Candida,75,trim_5bp,target_binary
ckmer5_count_l2,mlp,123,2,503,0.4864864864864865,0.46130268199233715,target_background,Candida,75,trim_5bp,target_binary
ckmer7_count_l2,nearest_centroid,123,2,3880,0.5675675675675675,0.3620689655172414,target_background,Candida,75,trim_5bp,target_binary
ckmer7_count_l2,logistic,123,2,3880,0.6486486486486487,0.45649717514124294,target_background,Candida,75,trim_5bp,target_binary
ckmer7_count_l2,mlp,123,2,3880,0.4594594594594595,0.45906432748538006,target_background,Candida,75,trim_5bp,target_binary
cspaced_count_l2,nearest_centroid,123,2,135,0.5675675675675675,0.5403726708074534,target_background,Candida,75,trim_5bp,target_binary
cspaced_count_l2,logistic,123,2,135,0.5675675675675675,0.4126984126984127,target_background,Candida,75,trim_5bp,target_binary
cspaced_count_l2,mlp,123,2,135,0.35135135135135137,0.28846153846153844,target_background,Candida,75,trim_5bp,target_binary
cspaced_property_l2,nearest_centroid,123,2,146,0.5405405405405406,0.518007662835249,target_background,Candida,75,trim_5bp,target_binary
cspaced_property_l2,logistic,123,2,146,0.5945945945945946,0.42724458204334365,target_background,Candida,75,trim_5bp,target_binary
cspaced_property_l2,mlp,123,2,146,0.43243243243243246,0.4045977011494253,target_background,Candida,75,trim_5bp,target_binary
hybrid_ckmer5_csp,nearest_centroid,123,2,649,0.5945945945945946,0.5268542199488491,target_background,Candida,75,trim_5bp,target_binary
hybrid_ckmer5_csp,logistic,123,2,649,0.6216216216216216,0.5472027972027972,target_background,Candida,75,trim_5bp,target_binary
hybrid_ckmer5_csp,mlp,123,2,649,0.6486486486486487,0.45649717514124294,target_background,Candida,75,trim_5bp,target_binary
ckmer5_count_l2,nearest_centroid,217,5,511,0.3333333333333333,0.3280925925925926,within_genus_species,Enterobacter,75,trim_5bp,label
ckmer5_count_l2,logistic,217,5,511,0.2727272727272727,0.2752823039029936,within_genus_species,Enterobacter,75,trim_5bp,label
ckmer5_count_l2,mlp,217,5,511,0.19696969696969696,0.1617796181274442,within_genus_species,Enterobacter,75,trim_5bp,label
ckmer7_count_l2,nearest_centroid,217,5,5753,0.3181818181818182,0.3092042390393215,within_genus_species,Enterobacter,75,trim_5bp,label
ckmer7_count_l2,logistic,217,5,5753,0.3333333333333333,0.333810633144966,within_genus_species,Enterobacter,75,trim_5bp,label
ckmer7_count_l2,mlp,217,5,5753,0.18181818181818182,0.1762818112474863,within_genus_species,Enterobacter,75,trim_5bp,label
cspaced_count_l2,nearest_centroid,217,5,136,0.19696969696969696,0.18828787878787878,within_genus_species,Enterobacter,75,trim_5bp,label
cspaced_count_l2,logistic,217,5,136,0.13636363636363635,0.13317025248059733,within_genus_species,Enterobacter,75,trim_5bp,label
cspaced_count_l2,mlp,217,5,136,0.18181818181818182,0.1615097132284921,within_genus_species,Enterobacter,75,trim_5bp,label
cspaced_property_l2,nearest_centroid,217,5,147,0.21212121212121213,0.20470704237324155,within_genus_species,Enterobacter,75,trim_5bp,label
cspaced_property_l2,logistic,217,5,147,0.18181818181818182,0.17633451444703713,within_genus_species,Enterobacter,75,trim_5bp,label
cspaced_property_l2,mlp,217,5,147,0.13636363636363635,0.11905882352941174,within_genus_species,Enterobacter,75,trim_5bp,label
hybrid_ckmer5_csp,nearest_centroid,217,5,658,0.3181818181818182,0.310680700373795,within_genus_species,Enterobacter,75,trim_5bp,label
hybrid_ckmer5_csp,logistic,217,5,658,0.2878787878787879,0.28239319301388266,within_genus_species,Enterobacter,75,trim_5bp,label
hybrid_ckmer5_csp,mlp,217,5,658,0.16666666666666666,0.12856382978723405,within_genus_species,Enterobacter,75,trim_5bp,label
ckmer5_count_l2,nearest_centroid,122,2,508,0.7297297297297297,0.7127329192546584,target_background,Enterobacter,75,trim_5bp,target_binary
ckmer5_count_l2,logistic,122,2,508,0.7297297297297297,0.6916666666666667,target_background,Enterobacter,75,trim_5bp,target_binary
ckmer5_count_l2,mlp,122,2,508,0.5405405405405406,0.3508771929824561,target_background,Enterobacter,75,trim_5bp,target_binary
ckmer7_count_l2,nearest_centroid,122,2,4375,0.6486486486486487,0.39344262295081966,target_background,Enterobacter,75,trim_5bp,target_binary
ckmer7_count_l2,logistic,122,2,4375,0.6486486486486487,0.39344262295081966,target_background,Enterobacter,75,trim_5bp,target_binary
ckmer7_count_l2,mlp,122,2,4375,0.6486486486486487,0.6209613869188337,target_background,Enterobacter,75,trim_5bp,target_binary
cspaced_count_l2,nearest_centroid,122,2,136,0.7297297297297297,0.703525641025641,target_background,Enterobacter,75,trim_5bp,target_binary
cspaced_count_l2,logistic,122,2,136,0.5945945945945946,0.5626477541371158,target_background,Enterobacter,75,trim_5bp,target_binary
cspaced_count_l2,mlp,122,2,136,0.6486486486486487,0.45649717514124294,target_background,Enterobacter,75,trim_5bp,target_binary
cspaced_property_l2,nearest_centroid,122,2,147,0.7027027027027027,0.6677551020408163,target_background,Enterobacter,75,trim_5bp,target_binary
cspaced_property_l2,logistic,122,2,147,0.5675675675675675,0.5066666666666667,target_background,Enterobacter,75,trim_5bp,target_binary
cspaced_property_l2,mlp,122,2,147,0.6486486486486487,0.5899403239556692,target_background,Enterobacter,75,trim_5bp,target_binary
hybrid_ckmer5_csp,nearest_centroid,122,2,655,0.7297297297297297,0.703525641025641,target_background,Enterobacter,75,trim_5bp,target_binary
hybrid_ckmer5_csp,logistic,122,2,655,0.7027027027027027,0.6105263157894737,target_background,Enterobacter,75,trim_5bp,target_binary
hybrid_ckmer5_csp,mlp,122,2,655,0.3783783783783784,0.37102734663710274,target_background,Enterobacter,75,trim_5bp,target_binary
ckmer5_count_l2,nearest_centroid,84,2,509,0.4230769230769231,0.4222222222222222,within_genus_species,Escherichia,75,trim_5bp,label
ckmer5_count_l2,logistic,84,2,509,0.4230769230769231,0.37799043062200954,within_genus_species,Escherichia,75,trim_5bp,label
ckmer5_count_l2,mlp,84,2,509,0.38461538461538464,0.38461538461538464,within_genus_species,Escherichia,75,trim_5bp,label
ckmer7_count_l2,nearest_centroid,84,2,3645,0.6153846153846154,0.5486111111111112,within_genus_species,Escherichia,75,trim_5bp,label
ckmer7_count_l2,logistic,84,2,3645,0.6538461538461539,0.5783783783783785,within_genus_species,Escherichia,75,trim_5bp,label
ckmer7_count_l2,mlp,84,2,3645,0.34615384615384615,0.3210445468509985,within_genus_species,Escherichia,75,trim_5bp,label
cspaced_count_l2,nearest_centroid,84,2,136,0.4230769230769231,0.4152923538230885,within_genus_species,Escherichia,75,trim_5bp,label
cspaced_count_l2,logistic,84,2,136,0.5769230769230769,0.5606758832565284,within_genus_species,Escherichia,75,trim_5bp,label
cspaced_count_l2,mlp,84,2,136,0.5769230769230769,0.48468468468468473,within_genus_species,Escherichia,75,trim_5bp,label
cspaced_property_l2,nearest_centroid,84,2,147,0.34615384615384615,0.34518518518518515,within_genus_species,Escherichia,75,trim_5bp,label
cspaced_property_l2,logistic,84,2,147,0.5769230769230769,0.5712143928035982,within_genus_species,Escherichia,75,trim_5bp,label
cspaced_property_l2,mlp,84,2,147,0.5769230769230769,0.519327731092437,within_genus_species,Escherichia,75,trim_5bp,label
hybrid_ckmer5_csp,nearest_centroid,84,2,656,0.46153846153846156,0.46153846153846156,within_genus_species,Escherichia,75,trim_5bp,label
hybrid_ckmer5_csp,logistic,84,2,656,0.46153846153846156,0.43125,within_genus_species,Escherichia,75,trim_5bp,label
hybrid_ckmer5_csp,mlp,84,2,656,0.46153846153846156,0.3157894736842105,within_genus_species,Escherichia,75,trim_5bp,label
ckmer5_count_l2,nearest_centroid,84,2,509,0.4230769230769231,0.4222222222222222,target_background,Escherichia,75,trim_5bp,target_binary
ckmer5_count_l2,logistic,84,2,509,0.4230769230769231,0.37799043062200954,target_background,Escherichia,75,trim_5bp,target_binary
ckmer5_count_l2,mlp,84,2,509,0.38461538461538464,0.38461538461538464,target_background,Escherichia,75,trim_5bp,target_binary
ckmer7_count_l2,nearest_centroid,84,2,3645,0.6153846153846154,0.5486111111111112,target_background,Escherichia,75,trim_5bp,target_binary
ckmer7_count_l2,logistic,84,2,3645,0.6538461538461539,0.5783783783783785,target_background,Escherichia,75,trim_5bp,target_binary
ckmer7_count_l2,mlp,84,2,3645,0.34615384615384615,0.3210445468509985,target_background,Escherichia,75,trim_5bp,target_binary
cspaced_count_l2,nearest_centroid,84,2,136,0.4230769230769231,0.4152923538230885,target_background,Escherichia,75,trim_5bp,target_binary
cspaced_count_l2,logistic,84,2,136,0.5769230769230769,0.5606758832565284,target_background,Escherichia,75,trim_5bp,target_binary
cspaced_count_l2,mlp,84,2,136,0.5769230769230769,0.48468468468468473,target_background,Escherichia,75,trim_5bp,target_binary
cspaced_property_l2,nearest_centroid,84,2,147,0.34615384615384615,0.34518518518518515,target_background,Escherichia,75,trim_5bp,target_binary
cspaced_property_l2,logistic,84,2,147,0.5769230769230769,0.5712143928035982,target_background,Escherichia,75,trim_5bp,target_binary
cspaced_property_l2,mlp,84,2,147,0.5769230769230769,0.519327731092437,target_background,Escherichia,75,trim_5bp,target_binary
hybrid_ckmer5_csp,nearest_centroid,84,2,656,0.46153846153846156,0.46153846153846156,target_background,Escherichia,75,trim_5bp,target_binary
hybrid_ckmer5_csp,logistic,84,2,656,0.46153846153846156,0.43125,target_background,Escherichia,75,trim_5bp,target_binary
hybrid_ckmer5_csp,mlp,84,2,656,0.46153846153846156,0.3157894736842105,target_background,Escherichia,75,trim_5bp,target_binary
ckmer5_count_l2,nearest_centroid,127,3,511,0.28205128205128205,0.27619047619047615,within_genus_species,Klebsiella,75,trim_5bp,label
ckmer5_count_l2,logistic,127,3,511,0.28205128205128205,0.24459876543209877,within_genus_species,Klebsiella,75,trim_5bp,label
ckmer5_count_l2,mlp,127,3,511,0.3333333333333333,0.20166666666666666,within_genus_species,Klebsiella,75,trim_5bp,label
ckmer7_count_l2,nearest_centroid,127,3,4324,0.3076923076923077,0.28288922406569467,within_genus_species,Klebsiella,75,trim_5bp,label
ckmer7_count_l2,logistic,127,3,4324,0.3333333333333333,0.3040003295843118,within_genus_species,Klebsiella,75,trim_5bp,label
ckmer7_count_l2,mlp,127,3,4324,0.28205128205128205,0.26025132275132273,within_genus_species,Klebsiella,75,trim_5bp,label
cspaced_count_l2,nearest_centroid,127,3,136,0.41025641025641024,0.36222672977236875,within_genus_species,Klebsiella,75,trim_5bp,label
cspaced_count_l2,logistic,127,3,136,0.3076923076923077,0.2769230769230769,within_genus_species,Klebsiella,75,trim_5bp,label
cspaced_count_l2,mlp,127,3,136,0.2564102564102564,0.2278338945005612,within_genus_species,Klebsiella,75,trim_5bp,label
cspaced_property_l2,nearest_centroid,127,3,147,0.41025641025641024,0.36222672977236875,within_genus_species,Klebsiella,75,trim_5bp,label
cspaced_property_l2,logistic,127,3,147,0.38461538461538464,0.34607843137254907,within_genus_species,Klebsiella,75,trim_5bp,label
cspaced_property_l2,mlp,127,3,147,0.3076923076923077,0.31216931216931215,within_genus_species,Klebsiella,75,trim_5bp,label
hybrid_ckmer5_csp,nearest_centroid,127,3,658,0.28205128205128205,0.2669994968845544,within_genus_species,Klebsiella,75,trim_5bp,label
hybrid_ckmer5_csp,logistic,127,3,658,0.3076923076923077,0.2623655913978495,within_genus_species,Klebsiella,75,trim_5bp,label
hybrid_ckmer5_csp,mlp,127,3,658,0.3333333333333333,0.3025172001812714,within_genus_species,Klebsiella,75,trim_5bp,label
ckmer5_count_l2,nearest_centroid,125,2,511,0.5263157894736842,0.4910714285714286,target_background,Klebsiella,75,trim_5bp,target_binary
ckmer5_count_l2,logistic,125,2,511,0.5789473684210527,0.4882154882154882,target_background,Klebsiella,75,trim_5bp,target_binary
ckmer5_count_l2,mlp,125,2,511,0.5789473684210527,0.5476190476190476,target_background,Klebsiella,75,trim_5bp,target_binary
ckmer7_count_l2,nearest_centroid,125,2,4294,0.6578947368421053,0.4601092896174863,target_background,Klebsiella,75,trim_5bp,target_binary
ckmer7_count_l2,logistic,125,2,4294,0.631578947368421,0.3870967741935484,target_background,Klebsiella,75,trim_5bp,target_binary
ckmer7_count_l2,mlp,125,2,4294,0.39473684210526316,0.35876742479823914,target_background,Klebsiella,75,trim_5bp,target_binary
cspaced_count_l2,nearest_centroid,125,2,136,0.6842105263157895,0.6346153846153846,target_background,Klebsiella,75,trim_5bp,target_binary
cspaced_count_l2,logistic,125,2,136,0.631578947368421,0.5907692307692307,target_background,Klebsiella,75,trim_5bp,target_binary
cspaced_count_l2,mlp,125,2,136,0.5789473684210527,0.4176245210727969,target_background,Klebsiella,75,trim_5bp,target_binary
cspaced_property_l2,nearest_centroid,125,2,147,0.6842105263157895,0.6346153846153846,target_background,Klebsiella,75,trim_5bp,target_binary
cspaced_property_l2,logistic,125,2,147,0.6842105263157895,0.6346153846153846,target_background,Klebsiella,75,trim_5bp,target_binary
cspaced_property_l2,mlp,125,2,147,0.5,0.4337254901960784,target_background,Klebsiella,75,trim_5bp,target_binary
hybrid_ckmer5_csp,nearest_centroid,125,2,658,0.5,0.45427059712774,target_background,Klebsiella,75,trim_5bp,target_binary
hybrid_ckmer5_csp,logistic,125,2,658,0.6842105263157895,0.5928571428571429,target_background,Klebsiella,75,trim_5bp,target_binary
hybrid_ckmer5_csp,mlp,125,2,658,0.5,0.49965349965349964,target_background,Klebsiella,75,trim_5bp,target_binary
ckmer5_count_l2,nearest_centroid,172,4,511,0.36538461538461536,0.3507971820541342,within_genus_species,Acinetobacter,75,substitution_1pct_N_3pct,label
ckmer5_count_l2,logistic,172,4,511,0.28846153846153844,0.283608195902049,within_genus_species,Acinetobacter,75,substitution_1pct_N_3pct,label
ckmer5_count_l2,mlp,172,4,511,0.28846153846153844,0.2751433251433251,within_genus_species,Acinetobacter,75,substitution_1pct_N_3pct,label
ckmer7_count_l2,nearest_centroid,172,4,4931,0.3076923076923077,0.2870877383211349,within_genus_species,Acinetobacter,75,substitution_1pct_N_3pct,label
ckmer7_count_l2,logistic,172,4,4931,0.3076923076923077,0.3115869424692954,within_genus_species,Acinetobacter,75,substitution_1pct_N_3pct,label
ckmer7_count_l2,mlp,172,4,4931,0.3076923076923077,0.272322375397667,within_genus_species,Acinetobacter,75,substitution_1pct_N_3pct,label
cspaced_count_l2,nearest_centroid,172,4,136,0.1346153846153846,0.13617260356390792,within_genus_species,Acinetobacter,75,substitution_1pct_N_3pct,label
cspaced_count_l2,logistic,172,4,136,0.23076923076923078,0.22000737691481032,within_genus_species,Acinetobacter,75,substitution_1pct_N_3pct,label
cspaced_count_l2,mlp,172,4,136,0.1346153846153846,0.13227720555306763,within_genus_species,Acinetobacter,75,substitution_1pct_N_3pct,label
cspaced_property_l2,nearest_centroid,172,4,147,0.1346153846153846,0.135273132664437,within_genus_species,Acinetobacter,75,substitution_1pct_N_3pct,label
cspaced_property_l2,logistic,172,4,147,0.21153846153846154,0.20931159420289852,within_genus_species,Acinetobacter,75,substitution_1pct_N_3pct,label
cspaced_property_l2,mlp,172,4,147,0.15384615384615385,0.09806201550387597,within_genus_species,Acinetobacter,75,substitution_1pct_N_3pct,label
hybrid_ckmer5_csp,nearest_centroid,172,4,658,0.36538461538461536,0.35310072236608975,within_genus_species,Acinetobacter,75,substitution_1pct_N_3pct,label
hybrid_ckmer5_csp,logistic,172,4,658,0.3269230769230769,0.3230475040257649,within_genus_species,Acinetobacter,75,substitution_1pct_N_3pct,label
hybrid_ckmer5_csp,mlp,172,4,658,0.3076923076923077,0.30726867335562985,within_genus_species,Acinetobacter,75,substitution_1pct_N_3pct,label
ckmer5_count_l2,nearest_centroid,128,3,482,0.4358974358974359,0.4338624338624339,within_genus_species,Burkholderia,75,substitution_1pct_N_3pct,label
ckmer5_count_l2,logistic,128,3,482,0.358974358974359,0.36271613690968535,within_genus_species,Burkholderia,75,substitution_1pct_N_3pct,label
ckmer5_count_l2,mlp,128,3,482,0.358974358974359,0.33494949494949494,within_genus_species,Burkholderia,75,substitution_1pct_N_3pct,label
ckmer7_count_l2,nearest_centroid,128,3,3146,0.38461538461538464,0.3656844947167528,within_genus_species,Burkholderia,75,substitution_1pct_N_3pct,label
ckmer7_count_l2,logistic,128,3,3146,0.38461538461538464,0.37614638447971777,within_genus_species,Burkholderia,75,substitution_1pct_N_3pct,label
ckmer7_count_l2,mlp,128,3,3146,0.3333333333333333,0.30400032958431183,within_genus_species,Burkholderia,75,substitution_1pct_N_3pct,label
cspaced_count_l2,nearest_centroid,128,3,136,0.38461538461538464,0.3860536398467433,within_genus_species,Burkholderia,75,substitution_1pct_N_3pct,label
cspaced_count_l2,logistic,128,3,136,0.38461538461538464,0.3865501111877923,within_genus_species,Burkholderia,75,substitution_1pct_N_3pct,label
cspaced_count_l2,mlp,128,3,136,0.358974358974359,0.2929824561403509,within_genus_species,Burkholderia,75,substitution_1pct_N_3pct,label
cspaced_property_l2,nearest_centroid,128,3,147,0.41025641025641024,0.4103717372083189,within_genus_species,Burkholderia,75,substitution_1pct_N_3pct,label
cspaced_property_l2,logistic,128,3,147,0.41025641025641024,0.4084111790258717,within_genus_species,Burkholderia,75,substitution_1pct_N_3pct,label
cspaced_property_l2,mlp,128,3,147,0.38461538461538464,0.316008316008316,within_genus_species,Burkholderia,75,substitution_1pct_N_3pct,label
hybrid_ckmer5_csp,nearest_centroid,128,3,629,0.41025641025641024,0.4076319831837658,within_genus_species,Burkholderia,75,substitution_1pct_N_3pct,label
hybrid_ckmer5_csp,logistic,128,3,629,0.38461538461538464,0.3884307543051176,within_genus_species,Burkholderia,75,substitution_1pct_N_3pct,label
hybrid_ckmer5_csp,mlp,128,3,629,0.358974358974359,0.3320158102766798,within_genus_species,Burkholderia,75,substitution_1pct_N_3pct,label
ckmer5_count_l2,nearest_centroid,127,2,482,0.5128205128205128,0.46187363834422657,target_background,Burkholderia,75,substitution_1pct_N_3pct,target_binary
ckmer5_count_l2,logistic,127,2,482,0.5384615384615384,0.4807692307692308,target_background,Burkholderia,75,substitution_1pct_N_3pct,target_binary
ckmer5_count_l2,mlp,127,2,482,0.5641025641025641,0.47588932806324113,target_background,Burkholderia,75,substitution_1pct_N_3pct,target_binary
ckmer7_count_l2,nearest_centroid,127,2,3138,0.5897435897435898,0.4935064935064935,target_background,Burkholderia,75,substitution_1pct_N_3pct,target_binary
ckmer7_count_l2,logistic,127,2,3138,0.6666666666666666,0.5110896817743491,target_background,Burkholderia,75,substitution_1pct_N_3pct,target_binary
ckmer7_count_l2,mlp,127,2,3138,0.6153846153846154,0.5375494071146245,target_background,Burkholderia,75,substitution_1pct_N_3pct,target_binary
cspaced_count_l2,nearest_centroid,127,2,136,0.5897435897435898,0.5384615384615384,target_background,Burkholderia,75,substitution_1pct_N_3pct,target_binary
cspaced_count_l2,logistic,127,2,136,0.6153846153846154,0.5375494071146245,target_background,Burkholderia,75,substitution_1pct_N_3pct,target_binary
cspaced_count_l2,mlp,127,2,136,0.5384615384615384,0.35,target_background,Burkholderia,75,substitution_1pct_N_3pct,target_binary
cspaced_property_l2,nearest_centroid,127,2,147,0.5641025641025641,0.4996226415094339,target_background,Burkholderia,75,substitution_1pct_N_3pct,target_binary
cspaced_property_l2,logistic,127,2,147,0.5641025641025641,0.5185185185185185,target_background,Burkholderia,75,substitution_1pct_N_3pct,target_binary
cspaced_property_l2,mlp,127,2,147,0.5897435897435898,0.4620689655172414,target_background,Burkholderia,75,substitution_1pct_N_3pct,target_binary
hybrid_ckmer5_csp,nearest_centroid,127,2,629,0.5128205128205128,0.46187363834422657,target_background,Burkholderia,75,substitution_1pct_N_3pct,target_binary
hybrid_ckmer5_csp,logistic,127,2,629,0.48717948717948717,0.42307692307692313,target_background,Burkholderia,75,substitution_1pct_N_3pct,target_binary
hybrid_ckmer5_csp,mlp,127,2,629,0.6410256410256411,0.5961538461538461,target_background,Burkholderia,75,substitution_1pct_N_3pct,target_binary
ckmer5_count_l2,nearest_centroid,172,4,508,0.23076923076923078,0.2287538770297391,within_genus_species,Candida,75,substitution_1pct_N_3pct,label
ckmer5_count_l2,logistic,172,4,508,0.28846153846153844,0.28723253757736517,within_genus_species,Candida,75,substitution_1pct_N_3pct,label
ckmer5_count_l2,mlp,172,4,508,0.1346153846153846,0.11224202626641652,within_genus_species,Candida,75,substitution_1pct_N_3pct,label
ckmer7_count_l2,nearest_centroid,172,4,4357,0.19230769230769232,0.1836684034892571,within_genus_species,Candida,75,substitution_1pct_N_3pct,label
ckmer7_count_l2,logistic,172,4,4357,0.1346153846153846,0.12546648753545306,within_genus_species,Candida,75,substitution_1pct_N_3pct,label
ckmer7_count_l2,mlp,172,4,4357,0.21153846153846154,0.16669278996865203,within_genus_species,Candida,75,substitution_1pct_N_3pct,label
cspaced_count_l2,nearest_centroid,172,4,136,0.4230769230769231,0.4138902465515369,within_genus_species,Candida,75,substitution_1pct_N_3pct,label
cspaced_count_l2,logistic,172,4,136,0.34615384615384615,0.3390078037904125,within_genus_species,Candida,75,substitution_1pct_N_3pct,label
cspaced_count_l2,mlp,172,4,136,0.3269230769230769,0.3169047619047619,within_genus_species,Candida,75,substitution_1pct_N_3pct,label
cspaced_property_l2,nearest_centroid,172,4,147,0.4423076923076923,0.43601190476190477,within_genus_species,Candida,75,substitution_1pct_N_3pct,label
cspaced_property_l2,logistic,172,4,147,0.3076923076923077,0.300717894774697,within_genus_species,Candida,75,substitution_1pct_N_3pct,label
cspaced_property_l2,mlp,172,4,147,0.34615384615384615,0.313422171194059,within_genus_species,Candida,75,substitution_1pct_N_3pct,label
hybrid_ckmer5_csp,nearest_centroid,172,4,655,0.23076923076923078,0.22860725481415137,within_genus_species,Candida,75,substitution_1pct_N_3pct,label
hybrid_ckmer5_csp,logistic,172,4,655,0.2692307692307692,0.26391010011699667,within_genus_species,Candida,75,substitution_1pct_N_3pct,label
hybrid_ckmer5_csp,mlp,172,4,655,0.25,0.23434905493729025,within_genus_species,Candida,75,substitution_1pct_N_3pct,label
ckmer5_count_l2,nearest_centroid,123,2,504,0.5675675675675675,0.4825174825174825,target_background,Candida,75,substitution_1pct_N_3pct,target_binary
ckmer5_count_l2,logistic,123,2,504,0.6216216216216216,0.4861111111111111,target_background,Candida,75,substitution_1pct_N_3pct,target_binary
ckmer5_count_l2,mlp,123,2,504,0.5405405405405406,0.5351071692535108,target_background,Candida,75,substitution_1pct_N_3pct,target_binary
ckmer7_count_l2,nearest_centroid,123,2,3687,0.6216216216216216,0.4418103448275862,target_background,Candida,75,substitution_1pct_N_3pct,target_binary
ckmer7_count_l2,logistic,123,2,3687,0.6486486486486487,0.45649717514124294,target_background,Candida,75,substitution_1pct_N_3pct,target_binary
ckmer7_count_l2,mlp,123,2,3687,0.5405405405405406,0.518007662835249,target_background,Candida,75,substitution_1pct_N_3pct,target_binary
cspaced_count_l2,nearest_centroid,123,2,136,0.5135135135135135,0.4954545454545455,target_background,Candida,75,substitution_1pct_N_3pct,target_binary
cspaced_count_l2,logistic,123,2,136,0.4594594594594595,0.40705128205128205,target_background,Candida,75,substitution_1pct_N_3pct,target_binary
cspaced_count_l2,mlp,123,2,136,0.35135135135135137,0.28846153846153844,target_background,Candida,75,substitution_1pct_N_3pct,target_binary
cspaced_property_l2,nearest_centroid,123,2,147,0.5405405405405406,0.518007662835249,target_background,Candida,75,substitution_1pct_N_3pct,target_binary
cspaced_property_l2,logistic,123,2,147,0.4864864864864865,0.40068201193520886,target_background,Candida,75,substitution_1pct_N_3pct,target_binary
cspaced_property_l2,mlp,123,2,147,0.40540540540540543,0.40147058823529413,target_background,Candida,75,substitution_1pct_N_3pct,target_binary
hybrid_ckmer5_csp,nearest_centroid,123,2,651,0.5945945945945946,0.5013477088948787,target_background,Candida,75,substitution_1pct_N_3pct,target_binary
hybrid_ckmer5_csp,logistic,123,2,651,0.5405405405405406,0.3980861244019139,target_background,Candida,75,substitution_1pct_N_3pct,target_binary
hybrid_ckmer5_csp,mlp,123,2,651,0.5675675675675675,0.5595238095238095,target_background,Candida,75,substitution_1pct_N_3pct,target_binary
ckmer5_count_l2,nearest_centroid,217,5,511,0.24242424242424243,0.24123890923890925,within_genus_species,Enterobacter,75,substitution_1pct_N_3pct,label
ckmer5_count_l2,logistic,217,5,511,0.2878787878787879,0.2871322751322752,within_genus_species,Enterobacter,75,substitution_1pct_N_3pct,label
ckmer5_count_l2,mlp,217,5,511,0.21212121212121213,0.20099474993092015,within_genus_species,Enterobacter,75,substitution_1pct_N_3pct,label
ckmer7_count_l2,nearest_centroid,217,5,5483,0.3787878787878788,0.37814662756598244,within_genus_species,Enterobacter,75,substitution_1pct_N_3pct,label
ckmer7_count_l2,logistic,217,5,5483,0.3484848484848485,0.3425089403350273,within_genus_species,Enterobacter,75,substitution_1pct_N_3pct,label
ckmer7_count_l2,mlp,217,5,5483,0.18181818181818182,0.1532112332112332,within_genus_species,Enterobacter,75,substitution_1pct_N_3pct,label
cspaced_count_l2,nearest_centroid,217,5,136,0.2878787878787879,0.2892319508448541,within_genus_species,Enterobacter,75,substitution_1pct_N_3pct,label
cspaced_count_l2,logistic,217,5,136,0.13636363636363635,0.13169786535303776,within_genus_species,Enterobacter,75,substitution_1pct_N_3pct,label
cspaced_count_l2,mlp,217,5,136,0.16666666666666666,0.129187675070028,within_genus_species,Enterobacter,75,substitution_1pct_N_3pct,label
cspaced_property_l2,nearest_centroid,217,5,147,0.2878787878787879,0.2899726915855948,within_genus_species,Enterobacter,75,substitution_1pct_N_3pct,label
cspaced_property_l2,logistic,217,5,147,0.18181818181818182,0.17411421273490238,within_genus_species,Enterobacter,75,substitution_1pct_N_3pct,label
cspaced_property_l2,mlp,217,5,147,0.06060606060606061,0.04897025171624714,within_genus_species,Enterobacter,75,substitution_1pct_N_3pct,label
hybrid_ckmer5_csp,nearest_centroid,217,5,658,0.25757575757575757,0.2544664224664224,within_genus_species,Enterobacter,75,substitution_1pct_N_3pct,label
hybrid_ckmer5_csp,logistic,217,5,658,0.24242424242424243,0.24223401119952842,within_genus_species,Enterobacter,75,substitution_1pct_N_3pct,label
hybrid_ckmer5_csp,mlp,217,5,658,0.19696969696969696,0.1475486782720825,within_genus_species,Enterobacter,75,substitution_1pct_N_3pct,label
ckmer5_count_l2,nearest_centroid,122,2,510,0.5675675675675675,0.5066666666666667,target_background,Enterobacter,75,substitution_1pct_N_3pct,target_binary
ckmer5_count_l2,logistic,122,2,510,0.6756756756756757,0.5595238095238095,target_background,Enterobacter,75,substitution_1pct_N_3pct,target_binary
ckmer5_count_l2,mlp,122,2,510,0.6756756756756757,0.5595238095238095,target_background,Enterobacter,75,substitution_1pct_N_3pct,target_binary
ckmer7_count_l2,nearest_centroid,122,2,4076,0.6756756756756757,0.4714285714285714,target_background,Enterobacter,75,substitution_1pct_N_3pct,target_binary
ckmer7_count_l2,logistic,122,2,4076,0.6756756756756757,0.4714285714285714,target_background,Enterobacter,75,substitution_1pct_N_3pct,target_binary
ckmer7_count_l2,mlp,122,2,4076,0.43243243243243246,0.41710427606901723,target_background,Enterobacter,75,substitution_1pct_N_3pct,target_binary
cspaced_count_l2,nearest_centroid,122,2,136,0.6486486486486487,0.6314176245210728,target_background,Enterobacter,75,substitution_1pct_N_3pct,target_binary
cspaced_count_l2,logistic,122,2,136,0.6486486486486487,0.6391597899474869,target_background,Enterobacter,75,substitution_1pct_N_3pct,target_binary
cspaced_count_l2,mlp,122,2,136,0.6486486486486487,0.5036119711042312,target_background,Enterobacter,75,substitution_1pct_N_3pct,target_binary
cspaced_property_l2,nearest_centroid,122,2,147,0.6486486486486487,0.6314176245210728,target_background,Enterobacter,75,substitution_1pct_N_3pct,target_binary
cspaced_property_l2,logistic,122,2,147,0.5945945945945946,0.5836459114778695,target_background,Enterobacter,75,substitution_1pct_N_3pct,target_binary
cspaced_property_l2,mlp,122,2,147,0.5675675675675675,0.45185185185185184,target_background,Enterobacter,75,substitution_1pct_N_3pct,target_binary
hybrid_ckmer5_csp,nearest_centroid,122,2,657,0.5945945945945946,0.5469387755102041,target_background,Enterobacter,75,substitution_1pct_N_3pct,target_binary
hybrid_ckmer5_csp,logistic,122,2,657,0.6756756756756757,0.6118881118881119,target_background,Enterobacter,75,substitution_1pct_N_3pct,target_binary
hybrid_ckmer5_csp,mlp,122,2,657,0.32432432432432434,0.29118773946360155,target_background,Enterobacter,75,substitution_1pct_N_3pct,target_binary
ckmer5_count_l2,nearest_centroid,84,2,508,0.4230769230769231,0.4152923538230885,within_genus_species,Escherichia,75,substitution_1pct_N_3pct,label
ckmer5_count_l2,logistic,84,2,508,0.5769230769230769,0.5606758832565284,within_genus_species,Escherichia,75,substitution_1pct_N_3pct,label
ckmer5_count_l2,mlp,84,2,508,0.5,0.390990990990991,within_genus_species,Escherichia,75,substitution_1pct_N_3pct,label
ckmer7_count_l2,nearest_centroid,84,2,3400,0.6153846153846154,0.5486111111111112,within_genus_species,Escherichia,75,substitution_1pct_N_3pct,label
ckmer7_count_l2,logistic,84,2,3400,0.5769230769230769,0.519327731092437,within_genus_species,Escherichia,75,substitution_1pct_N_3pct,label
ckmer7_count_l2,mlp,84,2,3400,0.5384615384615384,0.5272727272727272,within_genus_species,Escherichia,75,substitution_1pct_N_3pct,label
cspaced_count_l2,nearest_centroid,84,2,136,0.4230769230769231,0.4152923538230885,within_genus_species,Escherichia,75,substitution_1pct_N_3pct,label
cspaced_count_l2,logistic,84,2,136,0.4230769230769231,0.4222222222222222,within_genus_species,Escherichia,75,substitution_1pct_N_3pct,label
cspaced_count_l2,mlp,84,2,136,0.5769230769230769,0.48468468468468473,within_genus_species,Escherichia,75,substitution_1pct_N_3pct,label
cspaced_property_l2,nearest_centroid,84,2,147,0.46153846153846156,0.45833333333333337,within_genus_species,Escherichia,75,substitution_1pct_N_3pct,label
cspaced_property_l2,logistic,84,2,147,0.34615384615384615,0.34518518518518515,within_genus_species,Escherichia,75,substitution_1pct_N_3pct,label
cspaced_property_l2,mlp,84,2,147,0.5384615384615384,0.4583333333333333,within_genus_species,Escherichia,75,substitution_1pct_N_3pct,label
hybrid_ckmer5_csp,nearest_centroid,84,2,655,0.4230769230769231,0.4152923538230885,within_genus_species,Escherichia,75,substitution_1pct_N_3pct,label
hybrid_ckmer5_csp,logistic,84,2,655,0.46153846153846156,0.4484848484848485,within_genus_species,Escherichia,75,substitution_1pct_N_3pct,label
hybrid_ckmer5_csp,mlp,84,2,655,0.5,0.4932533733133433,within_genus_species,Escherichia,75,substitution_1pct_N_3pct,label
ckmer5_count_l2,nearest_centroid,84,2,508,0.4230769230769231,0.4152923538230885,target_background,Escherichia,75,substitution_1pct_N_3pct,target_binary
ckmer5_count_l2,logistic,84,2,508,0.5769230769230769,0.5606758832565284,target_background,Escherichia,75,substitution_1pct_N_3pct,target_binary
ckmer5_count_l2,mlp,84,2,508,0.5,0.390990990990991,target_background,Escherichia,75,substitution_1pct_N_3pct,target_binary
ckmer7_count_l2,nearest_centroid,84,2,3400,0.6153846153846154,0.5486111111111112,target_background,Escherichia,75,substitution_1pct_N_3pct,target_binary
ckmer7_count_l2,logistic,84,2,3400,0.5769230769230769,0.519327731092437,target_background,Escherichia,75,substitution_1pct_N_3pct,target_binary
ckmer7_count_l2,mlp,84,2,3400,0.5384615384615384,0.5272727272727272,target_background,Escherichia,75,substitution_1pct_N_3pct,target_binary
cspaced_count_l2,nearest_centroid,84,2,136,0.4230769230769231,0.4152923538230885,target_background,Escherichia,75,substitution_1pct_N_3pct,target_binary
cspaced_count_l2,logistic,84,2,136,0.4230769230769231,0.4222222222222222,target_background,Escherichia,75,substitution_1pct_N_3pct,target_binary
cspaced_count_l2,mlp,84,2,136,0.5769230769230769,0.48468468468468473,target_background,Escherichia,75,substitution_1pct_N_3pct,target_binary
cspaced_property_l2,nearest_centroid,84,2,147,0.46153846153846156,0.45833333333333337,target_background,Escherichia,75,substitution_1pct_N_3pct,target_binary
cspaced_property_l2,logistic,84,2,147,0.34615384615384615,0.34518518518518515,target_background,Escherichia,75,substitution_1pct_N_3pct,target_binary
cspaced_property_l2,mlp,84,2,147,0.5384615384615384,0.4583333333333333,target_background,Escherichia,75,substitution_1pct_N_3pct,target_binary
hybrid_ckmer5_csp,nearest_centroid,84,2,655,0.4230769230769231,0.4152923538230885,target_background,Escherichia,75,substitution_1pct_N_3pct,target_binary
hybrid_ckmer5_csp,logistic,84,2,655,0.46153846153846156,0.4484848484848485,target_background,Escherichia,75,substitution_1pct_N_3pct,target_binary
hybrid_ckmer5_csp,mlp,84,2,655,0.5,0.4932533733133433,target_background,Escherichia,75,substitution_1pct_N_3pct,target_binary
ckmer5_count_l2,nearest_centroid,127,3,511,0.4358974358974359,0.3950617283950617,within_genus_species,Klebsiella,75,substitution_1pct_N_3pct,label
ckmer5_count_l2,logistic,127,3,511,0.3076923076923077,0.27009222661396576,within_genus_species,Klebsiella,75,substitution_1pct_N_3pct,label
ckmer5_count_l2,mlp,127,3,511,0.38461538461538464,0.2698412698412698,within_genus_species,Klebsiella,75,substitution_1pct_N_3pct,label
ckmer7_count_l2,nearest_centroid,127,3,4113,0.358974358974359,0.3261783490985528,within_genus_species,Klebsiella,75,substitution_1pct_N_3pct,label
ckmer7_count_l2,logistic,127,3,4113,0.2564102564102564,0.23866192287244922,within_genus_species,Klebsiella,75,substitution_1pct_N_3pct,label
ckmer7_count_l2,mlp,127,3,4113,0.38461538461538464,0.3550420168067227,within_genus_species,Klebsiella,75,substitution_1pct_N_3pct,label
cspaced_count_l2,nearest_centroid,127,3,136,0.38461538461538464,0.3235294117647059,within_genus_species,Klebsiella,75,substitution_1pct_N_3pct,label
cspaced_count_l2,logistic,127,3,136,0.46153846153846156,0.44126984126984126,within_genus_species,Klebsiella,75,substitution_1pct_N_3pct,label
cspaced_count_l2,mlp,127,3,136,0.3076923076923077,0.29395166237271503,within_genus_species,Klebsiella,75,substitution_1pct_N_3pct,label
cspaced_property_l2,nearest_centroid,127,3,147,0.38461538461538464,0.3235294117647059,within_genus_species,Klebsiella,75,substitution_1pct_N_3pct,label
cspaced_property_l2,logistic,127,3,147,0.3333333333333333,0.3205594631740642,within_genus_species,Klebsiella,75,substitution_1pct_N_3pct,label
cspaced_property_l2,mlp,127,3,147,0.23076923076923078,0.23199023199023197,within_genus_species,Klebsiella,75,substitution_1pct_N_3pct,label
hybrid_ckmer5_csp,nearest_centroid,127,3,658,0.46153846153846156,0.4273015873015873,within_genus_species,Klebsiella,75,substitution_1pct_N_3pct,label
hybrid_ckmer5_csp,logistic,127,3,658,0.38461538461538464,0.34487734487734484,within_genus_species,Klebsiella,75,substitution_1pct_N_3pct,label
hybrid_ckmer5_csp,mlp,127,3,658,0.28205128205128205,0.257989417989418,within_genus_species,Klebsiella,75,substitution_1pct_N_3pct,label
ckmer5_count_l2,nearest_centroid,125,2,511,0.47368421052631576,0.43452380952380953,target_background,Klebsiella,75,substitution_1pct_N_3pct,target_binary
ckmer5_count_l2,logistic,125,2,511,0.5263157894736842,0.4519230769230769,target_background,Klebsiella,75,substitution_1pct_N_3pct,target_binary
ckmer5_count_l2,mlp,125,2,511,0.6052631578947368,0.5691609977324263,target_background,Klebsiella,75,substitution_1pct_N_3pct,target_binary
ckmer7_count_l2,nearest_centroid,125,2,4085,0.6052631578947368,0.3770491803278688,target_background,Klebsiella,75,substitution_1pct_N_3pct,target_binary
ckmer7_count_l2,logistic,125,2,4085,0.6052631578947368,0.3770491803278688,target_background,Klebsiella,75,substitution_1pct_N_3pct,target_binary
ckmer7_count_l2,mlp,125,2,4085,0.5263157894736842,0.5142045454545454,target_background,Klebsiella,75,substitution_1pct_N_3pct,target_binary
cspaced_count_l2,nearest_centroid,125,2,136,0.5,0.49119097956307256,target_background,Klebsiella,75,substitution_1pct_N_3pct,target_binary
cspaced_count_l2,logistic,125,2,136,0.6052631578947368,0.5913978494623655,target_background,Klebsiella,75,substitution_1pct_N_3pct,target_binary
cspaced_count_l2,mlp,125,2,136,0.5789473684210527,0.36666666666666664,target_background,Klebsiella,75,substitution_1pct_N_3pct,target_binary
cspaced_property_l2,nearest_centroid,125,2,147,0.5526315789473685,0.5447498238195913,target_background,Klebsiella,75,substitution_1pct_N_3pct,target_binary
cspaced_property_l2,logistic,125,2,147,0.6842105263157895,0.6761363636363636,target_background,Klebsiella,75,substitution_1pct_N_3pct,target_binary
cspaced_property_l2,mlp,125,2,147,0.5526315789473685,0.47005742411812956,target_background,Klebsiella,75,substitution_1pct_N_3pct,target_binary
hybrid_ckmer5_csp,nearest_centroid,125,2,658,0.4473684210526316,0.4145267791636097,target_background,Klebsiella,75,substitution_1pct_N_3pct,target_binary
hybrid_ckmer5_csp,logistic,125,2,658,0.5526315789473685,0.4933333333333333,target_background,Klebsiella,75,substitution_1pct_N_3pct,target_binary
hybrid_ckmer5_csp,mlp,125,2,658,0.34210526315789475,0.33797909407665505,target_background,Klebsiella,75,substitution_1pct_N_3pct,target_binary
ckmer5_count_l2,nearest_centroid,174,4,512,0.16981132075471697,0.1644469972805805,within_genus_species,Acinetobacter,100,clean,label
ckmer5_count_l2,logistic,174,4,512,0.20754716981132076,0.1996736596736597,within_genus_species,Acinetobacter,100,clean,label
ckmer5_count_l2,mlp,174,4,512,0.24528301886792453,0.18891920436542864,within_genus_species,Acinetobacter,100,clean,label
ckmer7_count_l2,nearest_centroid,174,4,5959,0.2641509433962264,0.26055194805194803,within_genus_species,Acinetobacter,100,clean,label
ckmer7_count_l2,logistic,174,4,5959,0.18867924528301888,0.19204151531737737,within_genus_species,Acinetobacter,100,clean,label
ckmer7_count_l2,mlp,174,4,5959,0.33962264150943394,0.2840964590964591,within_genus_species,Acinetobacter,100,clean,label
cspaced_count_l2,nearest_centroid,174,4,136,0.20754716981132076,0.1891779255690546,within_genus_species,Acinetobacter,100,clean,label
cspaced_count_l2,logistic,174,4,136,0.18867924528301888,0.1644345238095238,within_genus_species,Acinetobacter,100,clean,label
cspaced_count_l2,mlp,174,4,136,0.33962264150943394,0.3392857142857143,within_genus_species,Acinetobacter,100,clean,label
cspaced_property_l2,nearest_centroid,174,4,147,0.22641509433962265,0.20862135176651306,within_genus_species,Acinetobacter,100,clean,label
cspaced_property_l2,logistic,174,4,147,0.20754716981132076,0.19173337438423646,within_genus_species,Acinetobacter,100,clean,label
cspaced_property_l2,mlp,174,4,147,0.3584905660377358,0.33197115384615383,within_genus_species,Acinetobacter,100,clean,label
hybrid_ckmer5_csp,nearest_centroid,174,4,659,0.18867924528301888,0.18581533409119616,within_genus_species,Acinetobacter,100,clean,label
hybrid_ckmer5_csp,logistic,174,4,659,0.1320754716981132,0.12852564102564104,within_genus_species,Acinetobacter,100,clean,label
hybrid_ckmer5_csp,mlp,174,4,659,0.2830188679245283,0.2494047619047619,within_genus_species,Acinetobacter,100,clean,label
ckmer5_count_l2,nearest_centroid,128,3,507,0.358974358974359,0.3604980842911878,within_genus_species,Burkholderia,100,clean,label
ckmer5_count_l2,logistic,128,3,507,0.3076923076923077,0.2887700534759358,within_genus_species,Burkholderia,100,clean,label
ckmer5_count_l2,mlp,128,3,507,0.28205128205128205,0.26147850444525633,within_genus_species,Burkholderia,100,clean,label
ckmer7_count_l2,nearest_centroid,128,3,4127,0.358974358974359,0.3492414018729808,within_genus_species,Burkholderia,100,clean,label
ckmer7_count_l2,logistic,128,3,4127,0.358974358974359,0.3336866278042749,within_genus_species,Burkholderia,100,clean,label
ckmer7_count_l2,mlp,128,3,4127,0.3333333333333333,0.33932980599647267,within_genus_species,Burkholderia,100,clean,label
cspaced_count_l2,nearest_centroid,128,3,136,0.3333333333333333,0.33944566178449237,within_genus_species,Burkholderia,100,clean,label
cspaced_count_l2,logistic,128,3,136,0.3333333333333333,0.32107142857142856,within_genus_species,Burkholderia,100,clean,label
cspaced_count_l2,mlp,128,3,136,0.4358974358974359,0.39915513599724134,within_genus_species,Burkholderia,100,clean,label
cspaced_property_l2,nearest_centroid,128,3,147,0.3333333333333333,0.34223460660242266,within_genus_species,Burkholderia,100,clean,label
cspaced_property_l2,logistic,128,3,147,0.3333333333333333,0.32107142857142856,within_genus_species,Burkholderia,100,clean,label
cspaced_property_l2,mlp,128,3,147,0.2564102564102564,0.195906432748538,within_genus_species,Burkholderia,100,clean,label
hybrid_ckmer5_csp,nearest_centroid,128,3,654,0.3333333333333333,0.3323809523809524,within_genus_species,Burkholderia,100,clean,label
hybrid_ckmer5_csp,logistic,128,3,654,0.28205128205128205,0.25885315139701104,within_genus_species,Burkholderia,100,clean,label
hybrid_ckmer5_csp,mlp,128,3,654,0.28205128205128205,0.23611111111111108,within_genus_species,Burkholderia,100,clean,label
ckmer5_count_l2,nearest_centroid,116,2,504,0.6,0.47649572649572647,target_background,Burkholderia,100,clean,target_binary
ckmer5_count_l2,logistic,116,2,504,0.6285714285714286,0.5578231292517006,target_background,Burkholderia,100,clean,target_binary
ckmer5_count_l2,mlp,116,2,504,0.7428571428571429,0.7086031452358927,target_background,Burkholderia,100,clean,target_binary
ckmer7_count_l2,nearest_centroid,116,2,3921,0.6285714285714286,0.4484848484848485,target_background,Burkholderia,100,clean,target_binary
ckmer7_count_l2,logistic,116,2,3921,0.6857142857142857,0.4067796610169492,target_background,Burkholderia,100,clean,target_binary
ckmer7_count_l2,mlp,116,2,3921,0.6,0.5561594202898551,target_background,Burkholderia,100,clean,target_binary
cspaced_count_l2,nearest_centroid,116,2,136,0.7142857142857143,0.65,target_background,Burkholderia,100,clean,target_binary
cspaced_count_l2,logistic,116,2,136,0.5714285714285714,0.4582043343653251,target_background,Burkholderia,100,clean,target_binary
cspaced_count_l2,mlp,116,2,136,0.6285714285714286,0.4484848484848485,target_background,Burkholderia,100,clean,target_binary
cspaced_property_l2,nearest_centroid,116,2,147,0.7142857142857143,0.65,target_background,Burkholderia,100,clean,target_binary
cspaced_property_l2,logistic,116,2,147,0.5714285714285714,0.41731409544950054,target_background,Burkholderia,100,clean,target_binary
cspaced_property_l2,mlp,116,2,147,0.6285714285714286,0.4950055493895672,target_background,Burkholderia,100,clean,target_binary
hybrid_ckmer5_csp,nearest_centroid,116,2,651,0.6285714285714286,0.4950055493895672,target_background,Burkholderia,100,clean,target_binary
hybrid_ckmer5_csp,logistic,116,2,651,0.6,0.51,target_background,Burkholderia,100,clean,target_binary
hybrid_ckmer5_csp,mlp,116,2,651,0.7142857142857143,0.6829710144927537,target_background,Burkholderia,100,clean,target_binary
ckmer5_count_l2,nearest_centroid,184,4,512,0.30357142857142855,0.291304452815609,within_genus_species,Candida,100,clean,label
ckmer5_count_l2,logistic,184,4,512,0.25,0.24095175194660734,within_genus_species,Candida,100,clean,label
ckmer5_count_l2,mlp,184,4,512,0.32142857142857145,0.27854582693292373,within_genus_species,Candida,100,clean,label
ckmer7_count_l2,nearest_centroid,184,4,5653,0.26785714285714285,0.22500797448165868,within_genus_species,Candida,100,clean,label
ckmer7_count_l2,logistic,184,4,5653,0.25,0.2361111111111111,within_genus_species,Candida,100,clean,label
ckmer7_count_l2,mlp,184,4,5653,0.16071428571428573,0.173444976076555,within_genus_species,Candida,100,clean,label
cspaced_count_l2,nearest_centroid,184,4,136,0.4642857142857143,0.43652805949966195,within_genus_species,Candida,100,clean,label
cspaced_count_l2,logistic,184,4,136,0.23214285714285715,0.24462545512957806,within_genus_species,Candida,100,clean,label
cspaced_count_l2,mlp,184,4,136,0.3392857142857143,0.3283343927114784,within_genus_species,Candida,100,clean,label
cspaced_property_l2,nearest_centroid,184,4,147,0.4642857142857143,0.45027486256871563,within_genus_species,Candida,100,clean,label
cspaced_property_l2,logistic,184,4,147,0.25,0.2599730713541455,within_genus_species,Candida,100,clean,label
cspaced_property_l2,mlp,184,4,147,0.21428571428571427,0.18776880595766046,within_genus_species,Candida,100,clean,label
hybrid_ckmer5_csp,nearest_centroid,184,4,659,0.32142857142857145,0.3094155844155845,within_genus_species,Candida,100,clean,label
hybrid_ckmer5_csp,logistic,184,4,659,0.25,0.24689655172413796,within_genus_species,Candida,100,clean,label
hybrid_ckmer5_csp,mlp,184,4,659,0.30357142857142855,0.2481060606060606,within_genus_species,Candida,100,clean,label
ckmer5_count_l2,nearest_centroid,129,2,511,0.6153846153846154,0.5883180858550316,target_background,Candida,100,clean,target_binary
ckmer5_count_l2,logistic,129,2,511,0.6923076923076923,0.675,target_background,Candida,100,clean,target_binary
ckmer5_count_l2,mlp,129,2,511,0.3076923076923077,0.30033222591362124,target_background,Candida,100,clean,target_binary
ckmer7_count_l2,nearest_centroid,129,2,4957,0.6410256410256411,0.5568181818181819,target_background,Candida,100,clean,target_binary
ckmer7_count_l2,logistic,129,2,4957,0.6666666666666666,0.5764411027568922,target_background,Candida,100,clean,target_binary
ckmer7_count_l2,mlp,129,2,4957,0.41025641025641024,0.3485838779956427,target_background,Candida,100,clean,target_binary
cspaced_count_l2,nearest_centroid,129,2,136,0.6153846153846154,0.6112956810631229,target_background,Candida,100,clean,target_binary
cspaced_count_l2,logistic,129,2,136,0.5128205128205128,0.507641196013289,target_background,Candida,100,clean,target_binary
cspaced_count_l2,mlp,129,2,136,0.3076923076923077,0.23529411764705882,target_background,Candida,100,clean,target_binary
cspaced_property_l2,nearest_centroid,129,2,147,0.6666666666666666,0.6631229235880398,target_background,Candida,100,clean,target_binary
cspaced_property_l2,logistic,129,2,147,0.5128205128205128,0.501010101010101,target_background,Candida,100,clean,target_binary
cspaced_property_l2,mlp,129,2,147,0.48717948717948717,0.4701086956521739,target_background,Candida,100,clean,target_binary
hybrid_ckmer5_csp,nearest_centroid,129,2,658,0.6153846153846154,0.5883180858550316,target_background,Candida,100,clean,target_binary
hybrid_ckmer5_csp,logistic,129,2,658,0.717948717948718,0.6980999296270232,target_background,Candida,100,clean,target_binary
hybrid_ckmer5_csp,mlp,129,2,658,0.48717948717948717,0.45833333333333337,target_background,Candida,100,clean,target_binary
ckmer5_count_l2,nearest_centroid,208,5,512,0.30158730158730157,0.28081298016282535,within_genus_species,Enterobacter,100,clean,label
ckmer5_count_l2,logistic,208,5,512,0.20634920634920634,0.17560357921648242,within_genus_species,Enterobacter,100,clean,label
ckmer5_count_l2,mlp,208,5,512,0.25396825396825395,0.1802042160737813,within_genus_species,Enterobacter,100,clean,label
ckmer7_count_l2,nearest_centroid,208,5,6454,0.23809523809523808,0.2203845963137688,within_genus_species,Enterobacter,100,clean,label
ckmer7_count_l2,logistic,208,5,6454,0.2222222222222222,0.2232106206467261,within_genus_species,Enterobacter,100,clean,label
ckmer7_count_l2,mlp,208,5,6454,0.15873015873015872,0.09853658536585366,within_genus_species,Enterobacter,100,clean,label
cspaced_count_l2,nearest_centroid,208,5,136,0.12698412698412698,0.12507610907610905,within_genus_species,Enterobacter,100,clean,label
cspaced_count_l2,logistic,208,5,136,0.07936507936507936,0.070076726342711,within_genus_species,Enterobacter,100,clean,label
cspaced_count_l2,mlp,208,5,136,0.23809523809523808,0.16759259259259257,within_genus_species,Enterobacter,100,clean,label
cspaced_property_l2,nearest_centroid,208,5,147,0.12698412698412698,0.11978021978021976,within_genus_species,Enterobacter,100,clean,label
cspaced_property_l2,logistic,208,5,147,0.07936507936507936,0.07114624505928854,within_genus_species,Enterobacter,100,clean,label
cspaced_property_l2,mlp,208,5,147,0.2222222222222222,0.19173998044965787,within_genus_species,Enterobacter,100,clean,label
hybrid_ckmer5_csp,nearest_centroid,208,5,659,0.2857142857142857,0.27126325287615616,within_genus_species,Enterobacter,100,clean,label
hybrid_ckmer5_csp,logistic,208,5,659,0.23809523809523808,0.20576923076923076,within_genus_species,Enterobacter,100,clean,label
hybrid_ckmer5_csp,mlp,208,5,659,0.20634920634920634,0.18205065856129685,within_genus_species,Enterobacter,100,clean,label
ckmer5_count_l2,nearest_centroid,122,2,511,0.5675675675675675,0.5256410256410257,target_background,Enterobacter,100,clean,target_binary
ckmer5_count_l2,logistic,122,2,511,0.5945945945945946,0.5268542199488491,target_background,Enterobacter,100,clean,target_binary
ckmer5_count_l2,mlp,122,2,511,0.6216216216216216,0.5472027972027972,target_background,Enterobacter,100,clean,target_binary
ckmer7_count_l2,nearest_centroid,122,2,5347,0.6486486486486487,0.45649717514124294,target_background,Enterobacter,100,clean,target_binary
ckmer7_count_l2,logistic,122,2,5347,0.6216216216216216,0.38333333333333336,target_background,Enterobacter,100,clean,target_binary
ckmer7_count_l2,mlp,122,2,5347,0.2702702702702703,0.2616407982261641,target_background,Enterobacter,100,clean,target_binary
cspaced_count_l2,nearest_centroid,122,2,136,0.4864864864864865,0.47261815453863465,target_background,Enterobacter,100,clean,target_binary
cspaced_count_l2,logistic,122,2,136,0.4864864864864865,0.44602048857368004,target_background,Enterobacter,100,clean,target_binary
cspaced_count_l2,mlp,122,2,136,0.6216216216216216,0.4861111111111111,target_background,Enterobacter,100,clean,target_binary
cspaced_property_l2,nearest_centroid,122,2,147,0.4864864864864865,0.47261815453863465,target_background,Enterobacter,100,clean,target_binary
cspaced_property_l2,logistic,122,2,147,0.4594594594594595,0.42546583850931674,target_background,Enterobacter,100,clean,target_binary
cspaced_property_l2,mlp,122,2,147,0.5945945945945946,0.42724458204334365,target_background,Enterobacter,100,clean,target_binary
hybrid_ckmer5_csp,nearest_centroid,122,2,658,0.5675675675675675,0.5256410256410257,target_background,Enterobacter,100,clean,target_binary
hybrid_ckmer5_csp,logistic,122,2,658,0.5945945945945946,0.5268542199488491,target_background,Enterobacter,100,clean,target_binary
hybrid_ckmer5_csp,mlp,122,2,658,0.43243243243243246,0.42572062084257206,target_background,Enterobacter,100,clean,target_binary
ckmer5_count_l2,nearest_centroid,76,2,511,0.6086956521739131,0.6086956521739131,within_genus_species,Escherichia,100,clean,label
ckmer5_count_l2,logistic,76,2,511,0.4782608695652174,0.4772727272727273,within_genus_species,Escherichia,100,clean,label
ckmer5_count_l2,mlp,76,2,511,0.5217391304347826,0.50682261208577,within_genus_species,Escherichia,100,clean,label
ckmer7_count_l2,nearest_centroid,76,2,4286,0.5652173913043478,0.5436507936507937,within_genus_species,Escherichia,100,clean,label
ckmer7_count_l2,logistic,76,2,4286,0.6956521739130435,0.6734279918864097,within_genus_species,Escherichia,100,clean,label
ckmer7_count_l2,mlp,76,2,4286,0.5652173913043478,0.5643939393939394,within_genus_species,Escherichia,100,clean,label
cspaced_count_l2,nearest_centroid,76,2,136,0.43478260869565216,0.43047619047619046,within_genus_species,Escherichia,100,clean,label
cspaced_count_l2,logistic,76,2,136,0.43478260869565216,0.43047619047619046,within_genus_species,Escherichia,100,clean,label
cspaced_count_l2,mlp,76,2,136,0.4782608695652174,0.3839285714285714,within_genus_species,Escherichia,100,clean,label
cspaced_property_l2,nearest_centroid,76,2,147,0.43478260869565216,0.43047619047619046,within_genus_species,Escherichia,100,clean,label
cspaced_property_l2,logistic,76,2,147,0.5217391304347826,0.5180952380952382,within_genus_species,Escherichia,100,clean,label
cspaced_property_l2,mlp,76,2,147,0.5217391304347826,0.4559139784946237,within_genus_species,Escherichia,100,clean,label
hybrid_ckmer5_csp,nearest_centroid,76,2,658,0.5217391304347826,0.5180952380952382,within_genus_species,Escherichia,100,clean,label
hybrid_ckmer5_csp,logistic,76,2,658,0.43478260869565216,0.43478260869565216,within_genus_species,Escherichia,100,clean,label
hybrid_ckmer5_csp,mlp,76,2,658,0.43478260869565216,0.4171539961013645,within_genus_species,Escherichia,100,clean,label
ckmer5_count_l2,nearest_centroid,76,2,511,0.6086956521739131,0.6086956521739131,target_background,Escherichia,100,clean,target_binary
ckmer5_count_l2,logistic,76,2,511,0.4782608695652174,0.4772727272727273,target_background,Escherichia,100,clean,target_binary
ckmer5_count_l2,mlp,76,2,511,0.5217391304347826,0.50682261208577,target_background,Escherichia,100,clean,target_binary
ckmer7_count_l2,nearest_centroid,76,2,4286,0.5652173913043478,0.5436507936507937,target_background,Escherichia,100,clean,target_binary
ckmer7_count_l2,logistic,76,2,4286,0.6956521739130435,0.6734279918864097,target_background,Escherichia,100,clean,target_binary
ckmer7_count_l2,mlp,76,2,4286,0.5652173913043478,0.5643939393939394,target_background,Escherichia,100,clean,target_binary
cspaced_count_l2,nearest_centroid,76,2,136,0.43478260869565216,0.43047619047619046,target_background,Escherichia,100,clean,target_binary
cspaced_count_l2,logistic,76,2,136,0.43478260869565216,0.43047619047619046,target_background,Escherichia,100,clean,target_binary
cspaced_count_l2,mlp,76,2,136,0.4782608695652174,0.3839285714285714,target_background,Escherichia,100,clean,target_binary
cspaced_property_l2,nearest_centroid,76,2,147,0.43478260869565216,0.43047619047619046,target_background,Escherichia,100,clean,target_binary
cspaced_property_l2,logistic,76,2,147,0.5217391304347826,0.5180952380952382,target_background,Escherichia,100,clean,target_binary
cspaced_property_l2,mlp,76,2,147,0.5217391304347826,0.4559139784946237,target_background,Escherichia,100,clean,target_binary
hybrid_ckmer5_csp,nearest_centroid,76,2,658,0.5217391304347826,0.5180952380952382,target_background,Escherichia,100,clean,target_binary
hybrid_ckmer5_csp,logistic,76,2,658,0.43478260869565216,0.43478260869565216,target_background,Escherichia,100,clean,target_binary
hybrid_ckmer5_csp,mlp,76,2,658,0.43478260869565216,0.4171539961013645,target_background,Escherichia,100,clean,target_binary
ckmer5_count_l2,nearest_centroid,130,3,508,0.41025641025641024,0.3893217893217893,within_genus_species,Klebsiella,100,clean,label
ckmer5_count_l2,logistic,130,3,508,0.3333333333333333,0.3222100434376649,within_genus_species,Klebsiella,100,clean,label
ckmer5_count_l2,mlp,130,3,508,0.358974358974359,0.30414414414414415,within_genus_species,Klebsiella,100,clean,label
ckmer7_count_l2,nearest_centroid,130,3,5263,0.48717948717948717,0.42130102661411967,within_genus_species,Klebsiella,100,clean,label
ckmer7_count_l2,logistic,130,3,5263,0.46153846153846156,0.42777777777777776,within_genus_species,Klebsiella,100,clean,label
ckmer7_count_l2,mlp,130,3,5263,0.38461538461538464,0.37662337662337664,within_genus_species,Klebsiella,100,clean,label
cspaced_count_l2,nearest_centroid,130,3,136,0.28205128205128205,0.2644770283479961,within_genus_species,Klebsiella,100,clean,label
cspaced_count_l2,logistic,130,3,136,0.28205128205128205,0.2579450418160096,within_genus_species,Klebsiella,100,clean,label
cspaced_count_l2,mlp,130,3,136,0.2564102564102564,0.2042950513538749,within_genus_species,Klebsiella,100,clean,label
cspaced_property_l2,nearest_centroid,130,3,147,0.28205128205128205,0.2674436674436675,within_genus_species,Klebsiella,100,clean,label
cspaced_property_l2,logistic,130,3,147,0.3333333333333333,0.3063492063492063,within_genus_species,Klebsiella,100,clean,label
cspaced_property_l2,mlp,130,3,147,0.358974358974359,0.3347242787275093,within_genus_species,Klebsiella,100,clean,label
hybrid_ckmer5_csp,nearest_centroid,130,3,655,0.41025641025641024,0.3878718535469107,within_genus_species,Klebsiella,100,clean,label
hybrid_ckmer5_csp,logistic,130,3,655,0.38461538461538464,0.3527151211361737,within_genus_species,Klebsiella,100,clean,label
hybrid_ckmer5_csp,mlp,130,3,655,0.3076923076923077,0.24958291624958293,within_genus_species,Klebsiella,100,clean,label
ckmer5_count_l2,nearest_centroid,119,2,508,0.7777777777777778,0.7381818181818182,target_background,Klebsiella,100,clean,target_binary
ckmer5_count_l2,logistic,119,2,508,0.6666666666666666,0.5846153846153846,target_background,Klebsiella,100,clean,target_binary
ckmer5_count_l2,mlp,119,2,508,0.6666666666666666,0.5178571428571428,target_background,Klebsiella,100,clean,target_binary
ckmer7_count_l2,nearest_centroid,119,2,5055,0.7222222222222222,0.5566502463054187,target_background,Klebsiella,100,clean,target_binary
ckmer7_count_l2,logistic,119,2,5055,0.6944444444444444,0.4837027379400261,target_background,Klebsiella,100,clean,target_binary
ckmer7_count_l2,mlp,119,2,5055,0.5277777777777778,0.5244755244755245,target_background,Klebsiella,100,clean,target_binary
cspaced_count_l2,nearest_centroid,119,2,136,0.6666666666666666,0.6072727272727273,target_background,Klebsiella,100,clean,target_binary
cspaced_count_l2,logistic,119,2,136,0.6111111111111112,0.5418181818181818,target_background,Klebsiella,100,clean,target_binary
cspaced_count_l2,mlp,119,2,136,0.6666666666666666,0.46798029556650245,target_background,Klebsiella,100,clean,target_binary
cspaced_property_l2,nearest_centroid,119,2,147,0.6666666666666666,0.6072727272727273,target_background,Klebsiella,100,clean,target_binary
cspaced_property_l2,logistic,119,2,147,0.6111111111111112,0.5418181818181818,target_background,Klebsiella,100,clean,target_binary
cspaced_property_l2,mlp,119,2,147,0.6111111111111112,0.5153846153846153,target_background,Klebsiella,100,clean,target_binary
hybrid_ckmer5_csp,nearest_centroid,119,2,655,0.7222222222222222,0.6538461538461539,target_background,Klebsiella,100,clean,target_binary
hybrid_ckmer5_csp,logistic,119,2,655,0.6944444444444444,0.6067527308838133,target_background,Klebsiella,100,clean,target_binary
hybrid_ckmer5_csp,mlp,119,2,655,0.6666666666666666,0.6493506493506493,target_background,Klebsiella,100,clean,target_binary
ckmer5_count_l2,nearest_centroid,174,4,512,0.16981132075471697,0.1686291486291486,within_genus_species,Acinetobacter,100,substitution_1pct,label
ckmer5_count_l2,logistic,174,4,512,0.18867924528301888,0.18058461856415822,within_genus_species,Acinetobacter,100,substitution_1pct,label
ckmer5_count_l2,mlp,174,4,512,0.24528301886792453,0.17119779353821907,within_genus_species,Acinetobacter,100,substitution_1pct,label
ckmer7_count_l2,nearest_centroid,174,4,6007,0.2830188679245283,0.27861990950226245,within_genus_species,Acinetobacter,100,substitution_1pct,label
ckmer7_count_l2,logistic,174,4,6007,0.18867924528301888,0.17818505519967293,within_genus_species,Acinetobacter,100,substitution_1pct,label
ckmer7_count_l2,mlp,174,4,6007,0.3018867924528302,0.24659722222222222,within_genus_species,Acinetobacter,100,substitution_1pct,label
cspaced_count_l2,nearest_centroid,174,4,136,0.22641509433962265,0.2142841931307074,within_genus_species,Acinetobacter,100,substitution_1pct,label
cspaced_count_l2,logistic,174,4,136,0.18867924528301888,0.1801511660382628,within_genus_species,Acinetobacter,100,substitution_1pct,label
cspaced_count_l2,mlp,174,4,136,0.2641509433962264,0.26533781033781034,within_genus_species,Acinetobacter,100,substitution_1pct,label
cspaced_property_l2,nearest_centroid,174,4,147,0.22641509433962265,0.21450550384631734,within_genus_species,Acinetobacter,100,substitution_1pct,label
cspaced_property_l2,logistic,174,4,147,0.22641509433962265,0.22402597402597402,within_genus_species,Acinetobacter,100,substitution_1pct,label
cspaced_property_l2,mlp,174,4,147,0.3018867924528302,0.2875861883214824,within_genus_species,Acinetobacter,100,substitution_1pct,label
hybrid_ckmer5_csp,nearest_centroid,174,4,659,0.1509433962264151,0.1493665824915825,within_genus_species,Acinetobacter,100,substitution_1pct,label
hybrid_ckmer5_csp,logistic,174,4,659,0.18867924528301888,0.18468579807289484,within_genus_species,Acinetobacter,100,substitution_1pct,label
hybrid_ckmer5_csp,mlp,174,4,659,0.3018867924528302,0.2719706242350061,within_genus_species,Acinetobacter,100,substitution_1pct,label
ckmer5_count_l2,nearest_centroid,128,3,506,0.2564102564102564,0.2530864197530864,within_genus_species,Burkholderia,100,substitution_1pct,label
ckmer5_count_l2,logistic,128,3,506,0.3076923076923077,0.28170594837261503,within_genus_species,Burkholderia,100,substitution_1pct,label
ckmer5_count_l2,mlp,128,3,506,0.38461538461538464,0.3235294117647059,within_genus_species,Burkholderia,100,substitution_1pct,label
ckmer7_count_l2,nearest_centroid,128,3,4200,0.38461538461538464,0.37606516290726816,within_genus_species,Burkholderia,100,substitution_1pct,label
ckmer7_count_l2,logistic,128,3,4200,0.4358974358974359,0.42572786690433756,within_genus_species,Burkholderia,100,substitution_1pct,label
ckmer7_count_l2,mlp,128,3,4200,0.3076923076923077,0.29184149184149183,within_genus_species,Burkholderia,100,substitution_1pct,label
cspaced_count_l2,nearest_centroid,128,3,136,0.358974358974359,0.3580676328502415,within_genus_species,Burkholderia,100,substitution_1pct,label
cspaced_count_l2,logistic,128,3,136,0.3333333333333333,0.33375508013189176,within_genus_species,Burkholderia,100,substitution_1pct,label
cspaced_count_l2,mlp,128,3,136,0.38461538461538464,0.3611111111111111,within_genus_species,Burkholderia,100,substitution_1pct,label
cspaced_property_l2,nearest_centroid,128,3,147,0.358974358974359,0.3580676328502415,within_genus_species,Burkholderia,100,substitution_1pct,label
cspaced_property_l2,logistic,128,3,147,0.3333333333333333,0.3354978354978355,within_genus_species,Burkholderia,100,substitution_1pct,label
cspaced_property_l2,mlp,128,3,147,0.23076923076923078,0.17945945945945949,within_genus_species,Burkholderia,100,substitution_1pct,label
hybrid_ckmer5_csp,nearest_centroid,128,3,653,0.2564102564102564,0.25197454182961426,within_genus_species,Burkholderia,100,substitution_1pct,label
hybrid_ckmer5_csp,logistic,128,3,653,0.28205128205128205,0.2634920634920635,within_genus_species,Burkholderia,100,substitution_1pct,label
hybrid_ckmer5_csp,mlp,128,3,653,0.3076923076923077,0.26902726902726903,within_genus_species,Burkholderia,100,substitution_1pct,label
ckmer5_count_l2,nearest_centroid,116,2,506,0.6857142857142857,0.6026831785345717,target_background,Burkholderia,100,substitution_1pct,target_binary
ckmer5_count_l2,logistic,116,2,506,0.5714285714285714,0.4582043343653251,target_background,Burkholderia,100,substitution_1pct,target_binary
ckmer5_count_l2,mlp,116,2,506,0.5142857142857142,0.49957947855340623,target_background,Burkholderia,100,substitution_1pct,target_binary
ckmer7_count_l2,nearest_centroid,116,2,3967,0.6857142857142857,0.5333333333333333,target_background,Burkholderia,100,substitution_1pct,target_binary
ckmer7_count_l2,logistic,116,2,3967,0.6857142857142857,0.4067796610169492,target_background,Burkholderia,100,substitution_1pct,target_binary
ckmer7_count_l2,mlp,116,2,3967,0.5428571428571428,0.5333333333333333,target_background,Burkholderia,100,substitution_1pct,target_binary
cspaced_count_l2,nearest_centroid,116,2,136,0.6571428571428571,0.5512820512820513,target_background,Burkholderia,100,substitution_1pct,target_binary
cspaced_count_l2,logistic,116,2,136,0.6,0.47649572649572647,target_background,Burkholderia,100,substitution_1pct,target_binary
cspaced_count_l2,mlp,116,2,136,0.6,0.43287037037037035,target_background,Burkholderia,100,substitution_1pct,target_binary
cspaced_property_l2,nearest_centroid,116,2,147,0.6571428571428571,0.5512820512820513,target_background,Burkholderia,100,substitution_1pct,target_binary
cspaced_property_l2,logistic,116,2,147,0.5714285714285714,0.41731409544950054,target_background,Burkholderia,100,substitution_1pct,target_binary
cspaced_property_l2,mlp,116,2,147,0.6285714285714286,0.4950055493895672,target_background,Burkholderia,100,substitution_1pct,target_binary
hybrid_ckmer5_csp,nearest_centroid,116,2,653,0.7142857142857143,0.6260683760683761,target_background,Burkholderia,100,substitution_1pct,target_binary
hybrid_ckmer5_csp,logistic,116,2,653,0.6,0.51,target_background,Burkholderia,100,substitution_1pct,target_binary
hybrid_ckmer5_csp,mlp,116,2,653,0.37142857142857144,0.34523809523809523,target_background,Burkholderia,100,substitution_1pct,target_binary
ckmer5_count_l2,nearest_centroid,184,4,512,0.25,0.23399315738025417,within_genus_species,Candida,100,substitution_1pct,label
ckmer5_count_l2,logistic,184,4,512,0.25,0.23435584725907307,within_genus_species,Candida,100,substitution_1pct,label
ckmer5_count_l2,mlp,184,4,512,0.26785714285714285,0.22515905147484094,within_genus_species,Candida,100,substitution_1pct,label
ckmer7_count_l2,nearest_centroid,184,4,5689,0.30357142857142855,0.26212642314990514,within_genus_species,Candida,100,substitution_1pct,label
ckmer7_count_l2,logistic,184,4,5689,0.2857142857142857,0.2934633691996946,within_genus_species,Candida,100,substitution_1pct,label
ckmer7_count_l2,mlp,184,4,5689,0.23214285714285715,0.19199044094973788,within_genus_species,Candida,100,substitution_1pct,label
cspaced_count_l2,nearest_centroid,184,4,136,0.4107142857142857,0.40893939393939394,within_genus_species,Candida,100,substitution_1pct,label
cspaced_count_l2,logistic,184,4,136,0.25,0.2520908004778972,within_genus_species,Candida,100,substitution_1pct,label
cspaced_count_l2,mlp,184,4,136,0.23214285714285715,0.23332701780977644,within_genus_species,Candida,100,substitution_1pct,label
cspaced_property_l2,nearest_centroid,184,4,147,0.4107142857142857,0.40196631325663584,within_genus_species,Candida,100,substitution_1pct,label
cspaced_property_l2,logistic,184,4,147,0.23214285714285715,0.23487958401751502,within_genus_species,Candida,100,substitution_1pct,label
cspaced_property_l2,mlp,184,4,147,0.26785714285714285,0.27618762816131237,within_genus_species,Candida,100,substitution_1pct,label
hybrid_ckmer5_csp,nearest_centroid,184,4,659,0.2857142857142857,0.26638655462184874,within_genus_species,Candida,100,substitution_1pct,label
hybrid_ckmer5_csp,logistic,184,4,659,0.2857142857142857,0.2785389518126091,within_genus_species,Candida,100,substitution_1pct,label
hybrid_ckmer5_csp,mlp,184,4,659,0.2857142857142857,0.2531852205765249,within_genus_species,Candida,100,substitution_1pct,label
ckmer5_count_l2,nearest_centroid,129,2,512,0.6153846153846154,0.5883180858550316,target_background,Candida,100,substitution_1pct,target_binary
ckmer5_count_l2,logistic,129,2,512,0.717948717948718,0.6980999296270232,target_background,Candida,100,substitution_1pct,target_binary
ckmer5_count_l2,mlp,129,2,512,0.48717948717948717,0.45833333333333337,target_background,Candida,100,substitution_1pct,target_binary
ckmer7_count_l2,nearest_centroid,129,2,4988,0.6410256410256411,0.5568181818181819,target_background,Candida,100,substitution_1pct,target_binary
ckmer7_count_l2,logistic,129,2,4988,0.6923076923076923,0.6201298701298701,target_background,Candida,100,substitution_1pct,target_binary
ckmer7_count_l2,mlp,129,2,4988,0.5384615384615384,0.5307486631016043,target_background,Candida,100,substitution_1pct,target_binary
cspaced_count_l2,nearest_centroid,129,2,136,0.5384615384615384,0.5381578947368422,target_background,Candida,100,substitution_1pct,target_binary
cspaced_count_l2,logistic,129,2,136,0.5384615384615384,0.5307486631016043,target_background,Candida,100,substitution_1pct,target_binary
cspaced_count_l2,mlp,129,2,136,0.358974358974359,0.29193899782135074,target_background,Candida,100,substitution_1pct,target_binary
cspaced_property_l2,nearest_centroid,129,2,147,0.5897435897435898,0.5873015873015873,target_background,Candida,100,substitution_1pct,target_binary
cspaced_property_l2,logistic,129,2,147,0.5897435897435898,0.5542857142857143,target_background,Candida,100,substitution_1pct,target_binary
cspaced_property_l2,mlp,129,2,147,0.5641025641025641,0.5535353535353535,target_background,Candida,100,substitution_1pct,target_binary
hybrid_ckmer5_csp,nearest_centroid,129,2,659,0.6666666666666666,0.6520247083047358,target_background,Candida,100,substitution_1pct,target_binary
hybrid_ckmer5_csp,logistic,129,2,659,0.6923076923076923,0.6657142857142857,target_background,Candida,100,substitution_1pct,target_binary
hybrid_ckmer5_csp,mlp,129,2,659,0.48717948717948717,0.4701086956521739,target_background,Candida,100,substitution_1pct,target_binary
ckmer5_count_l2,nearest_centroid,208,5,512,0.2222222222222222,0.2001666666666667,within_genus_species,Enterobacter,100,substitution_1pct,label
ckmer5_count_l2,logistic,208,5,512,0.2222222222222222,0.19726495726495727,within_genus_species,Enterobacter,100,substitution_1pct,label
ckmer5_count_l2,mlp,208,5,512,0.25396825396825395,0.16504761904761905,within_genus_species,Enterobacter,100,substitution_1pct,label
ckmer7_count_l2,nearest_centroid,208,5,6519,0.2857142857142857,0.26672104042522493,within_genus_species,Enterobacter,100,substitution_1pct,label
ckmer7_count_l2,logistic,208,5,6519,0.2222222222222222,0.21036130599128988,within_genus_species,Enterobacter,100,substitution_1pct,label
ckmer7_count_l2,mlp,208,5,6519,0.23809523809523808,0.22448458310527278,within_genus_species,Enterobacter,100,substitution_1pct,label
cspaced_count_l2,nearest_centroid,208,5,136,0.09523809523809523,0.0904071773636991,within_genus_species,Enterobacter,100,substitution_1pct,label
cspaced_count_l2,logistic,208,5,136,0.09523809523809523,0.09004597701149426,within_genus_species,Enterobacter,100,substitution_1pct,label
cspaced_count_l2,mlp,208,5,136,0.19047619047619047,0.1571742500842602,within_genus_species,Enterobacter,100,substitution_1pct,label
cspaced_property_l2,nearest_centroid,208,5,147,0.07936507936507936,0.07062271062271062,within_genus_species,Enterobacter,100,substitution_1pct,label
cspaced_property_l2,logistic,208,5,147,0.1111111111111111,0.11113425105629002,within_genus_species,Enterobacter,100,substitution_1pct,label
cspaced_property_l2,mlp,208,5,147,0.19047619047619047,0.15894478844169246,within_genus_species,Enterobacter,100,substitution_1pct,label
hybrid_ckmer5_csp,nearest_centroid,208,5,659,0.2222222222222222,0.210847324748818,within_genus_species,Enterobacter,100,substitution_1pct,label
hybrid_ckmer5_csp,logistic,208,5,659,0.15873015873015872,0.15382826233941854,within_genus_species,Enterobacter,100,substitution_1pct,label
hybrid_ckmer5_csp,mlp,208,5,659,0.20634920634920634,0.18340155945419104,within_genus_species,Enterobacter,100,substitution_1pct,label
ckmer5_count_l2,nearest_centroid,122,2,512,0.5675675675675675,0.5403726708074534,target_background,Enterobacter,100,substitution_1pct,target_binary
ckmer5_count_l2,logistic,122,2,512,0.43243243243243246,0.3657142857142857,target_background,Enterobacter,100,substitution_1pct,target_binary
ckmer5_count_l2,mlp,122,2,512,0.5405405405405406,0.4865306122448979,target_background,Enterobacter,100,substitution_1pct,target_binary
ckmer7_count_l2,nearest_centroid,122,2,5390,0.6756756756756757,0.4714285714285714,target_background,Enterobacter,100,substitution_1pct,target_binary
ckmer7_count_l2,logistic,122,2,5390,0.6756756756756757,0.4714285714285714,target_background,Enterobacter,100,substitution_1pct,target_binary
ckmer7_count_l2,mlp,122,2,5390,0.4864864864864865,0.47261815453863465,target_background,Enterobacter,100,substitution_1pct,target_binary
cspaced_count_l2,nearest_centroid,122,2,136,0.43243243243243246,0.41710427606901723,target_background,Enterobacter,100,substitution_1pct,target_binary
cspaced_count_l2,logistic,122,2,136,0.43243243243243246,0.41710427606901723,target_background,Enterobacter,100,substitution_1pct,target_binary
cspaced_count_l2,mlp,122,2,136,0.5675675675675675,0.4126984126984127,target_background,Enterobacter,100,substitution_1pct,target_binary
cspaced_property_l2,nearest_centroid,122,2,147,0.43243243243243246,0.41710427606901723,target_background,Enterobacter,100,substitution_1pct,target_binary
cspaced_property_l2,logistic,122,2,147,0.4864864864864865,0.46130268199233715,target_background,Enterobacter,100,substitution_1pct,target_binary
cspaced_property_l2,mlp,122,2,147,0.6486486486486487,0.5397129186602871,target_background,Enterobacter,100,substitution_1pct,target_binary
hybrid_ckmer5_csp,nearest_centroid,122,2,659,0.5405405405405406,0.504334121355398,target_background,Enterobacter,100,substitution_1pct,target_binary
hybrid_ckmer5_csp,logistic,122,2,659,0.5135135135135135,0.445,target_background,Enterobacter,100,substitution_1pct,target_binary
hybrid_ckmer5_csp,mlp,122,2,659,0.5675675675675675,0.5595238095238095,target_background,Enterobacter,100,substitution_1pct,target_binary
ckmer5_count_l2,nearest_centroid,76,2,512,0.5652173913043478,0.5643939393939394,within_genus_species,Escherichia,100,substitution_1pct,label
ckmer5_count_l2,logistic,76,2,512,0.391304347826087,0.39015151515151514,within_genus_species,Escherichia,100,substitution_1pct,label
ckmer5_count_l2,mlp,76,2,512,0.5217391304347826,0.486815415821501,within_genus_species,Escherichia,100,substitution_1pct,label
ckmer7_count_l2,nearest_centroid,76,2,4354,0.4782608695652174,0.45238095238095233,within_genus_species,Escherichia,100,substitution_1pct,label
ckmer7_count_l2,logistic,76,2,4354,0.5217391304347826,0.4559139784946237,within_genus_species,Escherichia,100,substitution_1pct,label
ckmer7_count_l2,mlp,76,2,4354,0.5217391304347826,0.4559139784946237,within_genus_species,Escherichia,100,substitution_1pct,label
cspaced_count_l2,nearest_centroid,76,2,136,0.5217391304347826,0.50682261208577,within_genus_species,Escherichia,100,substitution_1pct,label
cspaced_count_l2,logistic,76,2,136,0.5217391304347826,0.50682261208577,within_genus_species,Escherichia,100,substitution_1pct,label
cspaced_count_l2,mlp,76,2,136,0.4782608695652174,0.3235294117647059,within_genus_species,Escherichia,100,substitution_1pct,label
cspaced_property_l2,nearest_centroid,76,2,147,0.5217391304347826,0.50682261208577,within_genus_species,Escherichia,100,substitution_1pct,label
cspaced_property_l2,logistic,76,2,147,0.5652173913043478,0.5576923076923077,within_genus_species,Escherichia,100,substitution_1pct,label
cspaced_property_l2,mlp,76,2,147,0.391304347826087,0.28125,within_genus_species,Escherichia,100,substitution_1pct,label
hybrid_ckmer5_csp,nearest_centroid,76,2,659,0.5217391304347826,0.5217391304347826,within_genus_species,Escherichia,100,substitution_1pct,label
hybrid_ckmer5_csp,logistic,76,2,659,0.43478260869565216,0.43047619047619046,within_genus_species,Escherichia,100,substitution_1pct,label
hybrid_ckmer5_csp,mlp,76,2,659,0.30434782608695654,0.303030303030303,within_genus_species,Escherichia,100,substitution_1pct,label
ckmer5_count_l2,nearest_centroid,76,2,512,0.5652173913043478,0.5643939393939394,target_background,Escherichia,100,substitution_1pct,target_binary
ckmer5_count_l2,logistic,76,2,512,0.391304347826087,0.39015151515151514,target_background,Escherichia,100,substitution_1pct,target_binary
ckmer5_count_l2,mlp,76,2,512,0.5217391304347826,0.486815415821501,target_background,Escherichia,100,substitution_1pct,target_binary
ckmer7_count_l2,nearest_centroid,76,2,4354,0.4782608695652174,0.45238095238095233,target_background,Escherichia,100,substitution_1pct,target_binary
ckmer7_count_l2,logistic,76,2,4354,0.5217391304347826,0.4559139784946237,target_background,Escherichia,100,substitution_1pct,target_binary
ckmer7_count_l2,mlp,76,2,4354,0.5217391304347826,0.4559139784946237,target_background,Escherichia,100,substitution_1pct,target_binary
cspaced_count_l2,nearest_centroid,76,2,136,0.5217391304347826,0.50682261208577,target_background,Escherichia,100,substitution_1pct,target_binary
cspaced_count_l2,logistic,76,2,136,0.5217391304347826,0.50682261208577,target_background,Escherichia,100,substitution_1pct,target_binary
cspaced_count_l2,mlp,76,2,136,0.4782608695652174,0.3235294117647059,target_background,Escherichia,100,substitution_1pct,target_binary
cspaced_property_l2,nearest_centroid,76,2,147,0.5217391304347826,0.50682261208577,target_background,Escherichia,100,substitution_1pct,target_binary
cspaced_property_l2,logistic,76,2,147,0.5652173913043478,0.5576923076923077,target_background,Escherichia,100,substitution_1pct,target_binary
cspaced_property_l2,mlp,76,2,147,0.391304347826087,0.28125,target_background,Escherichia,100,substitution_1pct,target_binary
hybrid_ckmer5_csp,nearest_centroid,76,2,659,0.5217391304347826,0.5217391304347826,target_background,Escherichia,100,substitution_1pct,target_binary
hybrid_ckmer5_csp,logistic,76,2,659,0.43478260869565216,0.43047619047619046,target_background,Escherichia,100,substitution_1pct,target_binary
hybrid_ckmer5_csp,mlp,76,2,659,0.30434782608695654,0.303030303030303,target_background,Escherichia,100,substitution_1pct,target_binary
ckmer5_count_l2,nearest_centroid,130,3,508,0.358974358974359,0.32402159244264506,within_genus_species,Klebsiella,100,substitution_1pct,label
ckmer5_count_l2,logistic,130,3,508,0.2564102564102564,0.23885918003565065,within_genus_species,Klebsiella,100,substitution_1pct,label
ckmer5_count_l2,mlp,130,3,508,0.38461538461538464,0.3117408906882591,within_genus_species,Klebsiella,100,substitution_1pct,label
ckmer7_count_l2,nearest_centroid,130,3,5312,0.46153846153846156,0.39979565027003355,within_genus_species,Klebsiella,100,substitution_1pct,label
ckmer7_count_l2,logistic,130,3,5312,0.41025641025641024,0.3893812280909055,within_genus_species,Klebsiella,100,substitution_1pct,label
ckmer7_count_l2,mlp,130,3,5312,0.38461538461538464,0.2602040816326531,within_genus_species,Klebsiella,100,substitution_1pct,label
cspaced_count_l2,nearest_centroid,130,3,136,0.3076923076923077,0.29304971170328814,within_genus_species,Klebsiella,100,substitution_1pct,label
cspaced_count_l2,logistic,130,3,136,0.3076923076923077,0.28942307692307695,within_genus_species,Klebsiella,100,substitution_1pct,label
cspaced_count_l2,mlp,130,3,136,0.28205128205128205,0.19670542635658914,within_genus_species,Klebsiella,100,substitution_1pct,label
cspaced_property_l2,nearest_centroid,130,3,147,0.3333333333333333,0.31455508804737414,within_genus_species,Klebsiella,100,substitution_1pct,label
cspaced_property_l2,logistic,130,3,147,0.3076923076923077,0.30116550116550117,within_genus_species,Klebsiella,100,substitution_1pct,label
cspaced_property_l2,mlp,130,3,147,0.358974358974359,0.3422117769943857,within_genus_species,Klebsiella,100,substitution_1pct,label
hybrid_ckmer5_csp,nearest_centroid,130,3,655,0.358974358974359,0.3408521303258145,within_genus_species,Klebsiella,100,substitution_1pct,label
hybrid_ckmer5_csp,logistic,130,3,655,0.2564102564102564,0.2246376811594203,within_genus_species,Klebsiella,100,substitution_1pct,label
hybrid_ckmer5_csp,mlp,130,3,655,0.28205128205128205,0.22777777777777777,within_genus_species,Klebsiella,100,substitution_1pct,label
ckmer5_count_l2,nearest_centroid,119,2,508,0.7222222222222222,0.6727272727272727,target_background,Klebsiella,100,substitution_1pct,target_binary
ckmer5_count_l2,logistic,119,2,508,0.7222222222222222,0.6538461538461539,target_background,Klebsiella,100,substitution_1pct,target_binary
ckmer5_count_l2,mlp,119,2,508,0.6388888888888888,0.4526315789473684,target_background,Klebsiella,100,substitution_1pct,target_binary
ckmer7_count_l2,nearest_centroid,119,2,5098,0.6666666666666666,0.4,target_background,Klebsiella,100,substitution_1pct,target_binary
ckmer7_count_l2,logistic,119,2,5098,0.6666666666666666,0.4,target_background,Klebsiella,100,substitution_1pct,target_binary
ckmer7_count_l2,mlp,119,2,5098,0.4444444444444444,0.44272445820433437,target_background,Klebsiella,100,substitution_1pct,target_binary
cspaced_count_l2,nearest_centroid,119,2,136,0.6944444444444444,0.6486246672582077,target_background,Klebsiella,100,substitution_1pct,target_binary
cspaced_count_l2,logistic,119,2,136,0.6388888888888888,0.5847382431233363,target_background,Klebsiella,100,substitution_1pct,target_binary
cspaced_count_l2,mlp,119,2,136,0.6944444444444444,0.4837027379400261,target_background,Klebsiella,100,substitution_1pct,target_binary
cspaced_property_l2,nearest_centroid,119,2,147,0.6944444444444444,0.6486246672582077,target_background,Klebsiella,100,substitution_1pct,target_binary
cspaced_property_l2,logistic,119,2,147,0.5833333333333334,0.5404255319148936,target_background,Klebsiella,100,substitution_1pct,target_binary
cspaced_property_l2,mlp,119,2,147,0.6388888888888888,0.5630252100840336,target_background,Klebsiella,100,substitution_1pct,target_binary
hybrid_ckmer5_csp,nearest_centroid,119,2,655,0.7222222222222222,0.6538461538461539,target_background,Klebsiella,100,substitution_1pct,target_binary
hybrid_ckmer5_csp,logistic,119,2,655,0.6944444444444444,0.6067527308838133,target_background,Klebsiella,100,substitution_1pct,target_binary
hybrid_ckmer5_csp,mlp,119,2,655,0.6388888888888888,0.6246992782678429,target_background,Klebsiella,100,substitution_1pct,target_binary
ckmer5_count_l2,nearest_centroid,174,4,512,0.16981132075471697,0.1655807726635216,within_genus_species,Acinetobacter,100,N_3pct,label
ckmer5_count_l2,logistic,174,4,512,0.16981132075471697,0.16643772893772896,within_genus_species,Acinetobacter,100,N_3pct,label
ckmer5_count_l2,mlp,174,4,512,0.22641509433962265,0.18596491228070175,within_genus_species,Acinetobacter,100,N_3pct,label
ckmer7_count_l2,nearest_centroid,174,4,5497,0.24528301886792453,0.2231561344833656,within_genus_species,Acinetobacter,100,N_3pct,label
ckmer7_count_l2,logistic,174,4,5497,0.18867924528301888,0.18485449735449735,within_genus_species,Acinetobacter,100,N_3pct,label
ckmer7_count_l2,mlp,174,4,5497,0.16981132075471697,0.17114001353131786,within_genus_species,Acinetobacter,100,N_3pct,label
cspaced_count_l2,nearest_centroid,174,4,136,0.18867924528301888,0.19055392976588628,within_genus_species,Acinetobacter,100,N_3pct,label
cspaced_count_l2,logistic,174,4,136,0.11320754716981132,0.1109006734006734,within_genus_species,Acinetobacter,100,N_3pct,label
cspaced_count_l2,mlp,174,4,136,0.32075471698113206,0.3216564916564916,within_genus_species,Acinetobacter,100,N_3pct,label
cspaced_property_l2,nearest_centroid,174,4,147,0.20754716981132076,0.20819652271265174,within_genus_species,Acinetobacter,100,N_3pct,label
cspaced_property_l2,logistic,174,4,147,0.11320754716981132,0.11221989966555185,within_genus_species,Acinetobacter,100,N_3pct,label
cspaced_property_l2,mlp,174,4,147,0.2830188679245283,0.22916666666666669,within_genus_species,Acinetobacter,100,N_3pct,label
hybrid_ckmer5_csp,nearest_centroid,174,4,659,0.1509433962264151,0.1494517404054571,within_genus_species,Acinetobacter,100,N_3pct,label
hybrid_ckmer5_csp,logistic,174,4,659,0.1509433962264151,0.15247252747252749,within_genus_species,Acinetobacter,100,N_3pct,label
hybrid_ckmer5_csp,mlp,174,4,659,0.2641509433962264,0.25069013112491373,within_genus_species,Acinetobacter,100,N_3pct,label
ckmer5_count_l2,nearest_centroid,128,3,505,0.28205128205128205,0.2872405372405373,within_genus_species,Burkholderia,100,N_3pct,label
ckmer5_count_l2,logistic,128,3,505,0.23076923076923078,0.215026455026455,within_genus_species,Burkholderia,100,N_3pct,label
ckmer5_count_l2,mlp,128,3,505,0.4358974358974359,0.40374440374440373,within_genus_species,Burkholderia,100,N_3pct,label
ckmer7_count_l2,nearest_centroid,128,3,3728,0.38461538461538464,0.3599149388623073,within_genus_species,Burkholderia,100,N_3pct,label
ckmer7_count_l2,logistic,128,3,3728,0.358974358974359,0.33416024720372545,within_genus_species,Burkholderia,100,N_3pct,label
ckmer7_count_l2,mlp,128,3,3728,0.2564102564102564,0.25541125541125537,within_genus_species,Burkholderia,100,N_3pct,label
cspaced_count_l2,nearest_centroid,128,3,136,0.3333333333333333,0.32486772486772486,within_genus_species,Burkholderia,100,N_3pct,label
cspaced_count_l2,logistic,128,3,136,0.5128205128205128,0.5128205128205128,within_genus_species,Burkholderia,100,N_3pct,label
cspaced_count_l2,mlp,128,3,136,0.4358974358974359,0.37369337979094075,within_genus_species,Burkholderia,100,N_3pct,label
cspaced_property_l2,nearest_centroid,128,3,147,0.3333333333333333,0.32486772486772486,within_genus_species,Burkholderia,100,N_3pct,label
cspaced_property_l2,logistic,128,3,147,0.48717948717948717,0.48765432098765427,within_genus_species,Burkholderia,100,N_3pct,label
cspaced_property_l2,mlp,128,3,147,0.2564102564102564,0.1996996996996997,within_genus_species,Burkholderia,100,N_3pct,label
hybrid_ckmer5_csp,nearest_centroid,128,3,652,0.28205128205128205,0.2843304843304843,within_genus_species,Burkholderia,100,N_3pct,label
hybrid_ckmer5_csp,logistic,128,3,652,0.3333333333333333,0.3195926880137407,within_genus_species,Burkholderia,100,N_3pct,label
hybrid_ckmer5_csp,mlp,128,3,652,0.38461538461538464,0.3575757575757576,within_genus_species,Burkholderia,100,N_3pct,label
ckmer5_count_l2,nearest_centroid,116,2,500,0.6571428571428571,0.5800000000000001,target_background,Burkholderia,100,N_3pct,target_binary
ckmer5_count_l2,logistic,116,2,500,0.5428571428571428,0.5104895104895105,target_background,Burkholderia,100,N_3pct,target_binary
ckmer5_count_l2,mlp,116,2,500,0.45714285714285713,0.35374149659863946,target_background,Burkholderia,100,N_3pct,target_binary
ckmer7_count_l2,nearest_centroid,116,2,3537,0.6571428571428571,0.4642857142857143,target_background,Burkholderia,100,N_3pct,target_binary
ckmer7_count_l2,logistic,116,2,3537,0.6571428571428571,0.39655172413793105,target_background,Burkholderia,100,N_3pct,target_binary
ckmer7_count_l2,mlp,116,2,3537,0.45714285714285713,0.4499586435070306,target_background,Burkholderia,100,N_3pct,target_binary
cspaced_count_l2,nearest_centroid,116,2,136,0.6285714285714286,0.5578231292517006,target_background,Burkholderia,100,N_3pct,target_binary
cspaced_count_l2,logistic,116,2,136,0.5714285714285714,0.4582043343653251,target_background,Burkholderia,100,N_3pct,target_binary
cspaced_count_l2,mlp,116,2,136,0.6571428571428571,0.39655172413793105,target_background,Burkholderia,100,N_3pct,target_binary
cspaced_property_l2,nearest_centroid,116,2,147,0.6285714285714286,0.5578231292517006,target_background,Burkholderia,100,N_3pct,target_binary
cspaced_property_l2,logistic,116,2,147,0.6,0.43287037037037035,target_background,Burkholderia,100,N_3pct,target_binary
cspaced_property_l2,mlp,116,2,147,0.6571428571428571,0.5800000000000001,target_background,Burkholderia,100,N_3pct,target_binary
hybrid_ckmer5_csp,nearest_centroid,116,2,647,0.6857142857142857,0.6026831785345717,target_background,Burkholderia,100,N_3pct,target_binary
hybrid_ckmer5_csp,logistic,116,2,647,0.5714285714285714,0.5143385753931544,target_background,Burkholderia,100,N_3pct,target_binary
hybrid_ckmer5_csp,mlp,116,2,647,0.5714285714285714,0.41731409544950054,target_background,Burkholderia,100,N_3pct,target_binary
ckmer5_count_l2,nearest_centroid,184,4,512,0.32142857142857145,0.3129425999074766,within_genus_species,Candida,100,N_3pct,label
ckmer5_count_l2,logistic,184,4,512,0.2857142857142857,0.2863500597371565,within_genus_species,Candida,100,N_3pct,label
ckmer5_count_l2,mlp,184,4,512,0.30357142857142855,0.2303103526391301,within_genus_species,Candida,100,N_3pct,label
ckmer7_count_l2,nearest_centroid,184,4,5243,0.2857142857142857,0.27948179271708684,within_genus_species,Candida,100,N_3pct,label
ckmer7_count_l2,logistic,184,4,5243,0.26785714285714285,0.26915659725968283,within_genus_species,Candida,100,N_3pct,label
ckmer7_count_l2,mlp,184,4,5243,0.26785714285714285,0.23669467787114845,within_genus_species,Candida,100,N_3pct,label
cspaced_count_l2,nearest_centroid,184,4,136,0.39285714285714285,0.37598884381338743,within_genus_species,Candida,100,N_3pct,label
cspaced_count_l2,logistic,184,4,136,0.2857142857142857,0.28607918263090676,within_genus_species,Candida,100,N_3pct,label
cspaced_count_l2,mlp,184,4,136,0.35714285714285715,0.3498545392316249,within_genus_species,Candida,100,N_3pct,label
cspaced_property_l2,nearest_centroid,184,4,147,0.42857142857142855,0.4205222148541114,within_genus_species,Candida,100,N_3pct,label
cspaced_property_l2,logistic,184,4,147,0.26785714285714285,0.26011904761904764,within_genus_species,Candida,100,N_3pct,label
cspaced_property_l2,mlp,184,4,147,0.23214285714285715,0.18253968253968256,within_genus_species,Candida,100,N_3pct,label
hybrid_ckmer5_csp,nearest_centroid,184,4,659,0.32142857142857145,0.2997719126751385,within_genus_species,Candida,100,N_3pct,label
hybrid_ckmer5_csp,logistic,184,4,659,0.30357142857142855,0.30750284198560063,within_genus_species,Candida,100,N_3pct,label
hybrid_ckmer5_csp,mlp,184,4,659,0.26785714285714285,0.22979405034324943,within_genus_species,Candida,100,N_3pct,label
ckmer5_count_l2,nearest_centroid,129,2,511,0.6410256410256411,0.6208333333333333,target_background,Candida,100,N_3pct,target_binary
ckmer5_count_l2,logistic,129,2,511,0.717948717948718,0.6980999296270232,target_background,Candida,100,N_3pct,target_binary
ckmer5_count_l2,mlp,129,2,511,0.48717948717948717,0.48684210526315785,target_background,Candida,100,N_3pct,target_binary
ckmer7_count_l2,nearest_centroid,129,2,4531,0.6923076923076923,0.596551724137931,target_background,Candida,100,N_3pct,target_binary
ckmer7_count_l2,logistic,129,2,4531,0.6923076923076923,0.5666666666666667,target_background,Candida,100,N_3pct,target_binary
ckmer7_count_l2,mlp,129,2,4531,0.48717948717948717,0.4701086956521739,target_background,Candida,100,N_3pct,target_binary
cspaced_count_l2,nearest_centroid,129,2,136,0.6666666666666666,0.6657877389584708,target_background,Candida,100,N_3pct,target_binary
cspaced_count_l2,logistic,129,2,136,0.5128205128205128,0.501010101010101,target_background,Candida,100,N_3pct,target_binary
cspaced_count_l2,mlp,129,2,136,0.358974358974359,0.29193899782135074,target_background,Candida,100,N_3pct,target_binary
cspaced_property_l2,nearest_centroid,129,2,147,0.6923076923076923,0.6871657754010696,target_background,Candida,100,N_3pct,target_binary
cspaced_property_l2,logistic,129,2,147,0.5897435897435898,0.5542857142857143,target_background,Candida,100,N_3pct,target_binary
cspaced_property_l2,mlp,129,2,147,0.5128205128205128,0.507641196013289,target_background,Candida,100,N_3pct,target_binary
hybrid_ckmer5_csp,nearest_centroid,129,2,658,0.6666666666666666,0.6432090077410275,target_background,Candida,100,N_3pct,target_binary
hybrid_ckmer5_csp,logistic,129,2,658,0.717948717948718,0.6980999296270232,target_background,Candida,100,N_3pct,target_binary
hybrid_ckmer5_csp,mlp,129,2,658,0.5384615384615384,0.5125,target_background,Candida,100,N_3pct,target_binary
ckmer5_count_l2,nearest_centroid,208,5,512,0.2698412698412698,0.23003848003848,within_genus_species,Enterobacter,100,N_3pct,label
ckmer5_count_l2,logistic,208,5,512,0.2857142857142857,0.24224414927261226,within_genus_species,Enterobacter,100,N_3pct,label
ckmer5_count_l2,mlp,208,5,512,0.25396825396825395,0.1766183574879227,within_genus_species,Enterobacter,100,N_3pct,label
ckmer7_count_l2,nearest_centroid,208,5,6047,0.1746031746031746,0.1607054976910372,within_genus_species,Enterobacter,100,N_3pct,label
ckmer7_count_l2,logistic,208,5,6047,0.15873015873015872,0.1543276168276168,within_genus_species,Enterobacter,100,N_3pct,label
ckmer7_count_l2,mlp,208,5,6047,0.2698412698412698,0.20338707479019416,within_genus_species,Enterobacter,100,N_3pct,label
cspaced_count_l2,nearest_centroid,208,5,136,0.1746031746031746,0.17326495726495725,within_genus_species,Enterobacter,100,N_3pct,label
cspaced_count_l2,logistic,208,5,136,0.09523809523809523,0.08575494071146245,within_genus_species,Enterobacter,100,N_3pct,label
cspaced_count_l2,mlp,208,5,136,0.20634920634920634,0.13014354066985648,within_genus_species,Enterobacter,100,N_3pct,label
cspaced_property_l2,nearest_centroid,208,5,147,0.15873015873015872,0.1554834054834055,within_genus_species,Enterobacter,100,N_3pct,label
cspaced_property_l2,logistic,208,5,147,0.09523809523809523,0.08689130434782609,within_genus_species,Enterobacter,100,N_3pct,label
cspaced_property_l2,mlp,208,5,147,0.2222222222222222,0.19064935064935065,within_genus_species,Enterobacter,100,N_3pct,label
hybrid_ckmer5_csp,nearest_centroid,208,5,659,0.2698412698412698,0.2312605042016807,within_genus_species,Enterobacter,100,N_3pct,label
hybrid_ckmer5_csp,logistic,208,5,659,0.25396825396825395,0.21691876750700279,within_genus_species,Enterobacter,100,N_3pct,label
hybrid_ckmer5_csp,mlp,208,5,659,0.23809523809523808,0.21215592171919156,within_genus_species,Enterobacter,100,N_3pct,label
ckmer5_count_l2,nearest_centroid,122,2,511,0.6216216216216216,0.5849358974358975,target_background,Enterobacter,100,N_3pct,target_binary
ckmer5_count_l2,logistic,122,2,511,0.6756756756756757,0.5888888888888889,target_background,Enterobacter,100,N_3pct,target_binary
ckmer5_count_l2,mlp,122,2,511,0.5675675675675675,0.4825174825174825,target_background,Enterobacter,100,N_3pct,target_binary
ckmer7_count_l2,nearest_centroid,122,2,4869,0.6756756756756757,0.4714285714285714,target_background,Enterobacter,100,N_3pct,target_binary
ckmer7_count_l2,logistic,122,2,4869,0.6486486486486487,0.39344262295081966,target_background,Enterobacter,100,N_3pct,target_binary
ckmer7_count_l2,mlp,122,2,4869,0.4594594594594595,0.3833333333333333,target_background,Enterobacter,100,N_3pct,target_binary
cspaced_count_l2,nearest_centroid,122,2,136,0.5135135135135135,0.5044642857142857,target_background,Enterobacter,100,N_3pct,target_binary
cspaced_count_l2,logistic,122,2,136,0.43243243243243246,0.4045977011494253,target_background,Enterobacter,100,N_3pct,target_binary
cspaced_count_l2,mlp,122,2,136,0.5945945945945946,0.42724458204334365,target_background,Enterobacter,100,N_3pct,target_binary
cspaced_property_l2,nearest_centroid,122,2,147,0.5405405405405406,0.5351071692535108,target_background,Enterobacter,100,N_3pct,target_binary
cspaced_property_l2,logistic,122,2,147,0.4594594594594595,0.43939393939393934,target_background,Enterobacter,100,N_3pct,target_binary
cspaced_property_l2,mlp,122,2,147,0.5405405405405406,0.3508771929824561,target_background,Enterobacter,100,N_3pct,target_binary
hybrid_ckmer5_csp,nearest_centroid,122,2,658,0.6216216216216216,0.5849358974358975,target_background,Enterobacter,100,N_3pct,target_binary
hybrid_ckmer5_csp,logistic,122,2,658,0.5675675675675675,0.5066666666666667,target_background,Enterobacter,100,N_3pct,target_binary
hybrid_ckmer5_csp,mlp,122,2,658,0.43243243243243246,0.42572062084257206,target_background,Enterobacter,100,N_3pct,target_binary
ckmer5_count_l2,nearest_centroid,76,2,511,0.5652173913043478,0.5643939393939394,within_genus_species,Escherichia,100,N_3pct,label
ckmer5_count_l2,logistic,76,2,511,0.43478260869565216,0.43047619047619046,within_genus_species,Escherichia,100,N_3pct,label
ckmer5_count_l2,mlp,76,2,511,0.4782608695652174,0.46923076923076923,within_genus_species,Escherichia,100,N_3pct,label
ckmer7_count_l2,nearest_centroid,76,2,3731,0.6086956521739131,0.5964912280701754,within_genus_species,Escherichia,100,N_3pct,label
ckmer7_count_l2,logistic,76,2,3731,0.5652173913043478,0.5436507936507937,within_genus_species,Escherichia,100,N_3pct,label
ckmer7_count_l2,mlp,76,2,3731,0.6521739130434783,0.6515151515151515,within_genus_species,Escherichia,100,N_3pct,label
cspaced_count_l2,nearest_centroid,76,2,136,0.391304347826087,0.38076923076923075,within_genus_species,Escherichia,100,N_3pct,label
cspaced_count_l2,logistic,76,2,136,0.43478260869565216,0.43478260869565216,within_genus_species,Escherichia,100,N_3pct,label
cspaced_count_l2,mlp,76,2,136,0.5217391304347826,0.41025641025641024,within_genus_species,Escherichia,100,N_3pct,label
cspaced_property_l2,nearest_centroid,76,2,147,0.391304347826087,0.38076923076923075,within_genus_species,Escherichia,100,N_3pct,label
cspaced_property_l2,logistic,76,2,147,0.391304347826087,0.39015151515151514,within_genus_species,Escherichia,100,N_3pct,label
cspaced_property_l2,mlp,76,2,147,0.43478260869565216,0.35698924731182796,within_genus_species,Escherichia,100,N_3pct,label
hybrid_ckmer5_csp,nearest_centroid,76,2,658,0.6086956521739131,0.6086956521739131,within_genus_species,Escherichia,100,N_3pct,label
hybrid_ckmer5_csp,logistic,76,2,658,0.34782608695652173,0.32748538011695905,within_genus_species,Escherichia,100,N_3pct,label
hybrid_ckmer5_csp,mlp,76,2,658,0.34782608695652173,0.34285714285714286,within_genus_species,Escherichia,100,N_3pct,label
ckmer5_count_l2,nearest_centroid,76,2,511,0.5652173913043478,0.5643939393939394,target_background,Escherichia,100,N_3pct,target_binary
ckmer5_count_l2,logistic,76,2,511,0.43478260869565216,0.43047619047619046,target_background,Escherichia,100,N_3pct,target_binary
ckmer5_count_l2,mlp,76,2,511,0.4782608695652174,0.46923076923076923,target_background,Escherichia,100,N_3pct,target_binary
ckmer7_count_l2,nearest_centroid,76,2,3731,0.6086956521739131,0.5964912280701754,target_background,Escherichia,100,N_3pct,target_binary
ckmer7_count_l2,logistic,76,2,3731,0.5652173913043478,0.5436507936507937,target_background,Escherichia,100,N_3pct,target_binary
ckmer7_count_l2,mlp,76,2,3731,0.6521739130434783,0.6515151515151515,target_background,Escherichia,100,N_3pct,target_binary
cspaced_count_l2,nearest_centroid,76,2,136,0.391304347826087,0.38076923076923075,target_background,Escherichia,100,N_3pct,target_binary
cspaced_count_l2,logistic,76,2,136,0.43478260869565216,0.43478260869565216,target_background,Escherichia,100,N_3pct,target_binary
cspaced_count_l2,mlp,76,2,136,0.5217391304347826,0.41025641025641024,target_background,Escherichia,100,N_3pct,target_binary
cspaced_property_l2,nearest_centroid,76,2,147,0.391304347826087,0.38076923076923075,target_background,Escherichia,100,N_3pct,target_binary
cspaced_property_l2,logistic,76,2,147,0.391304347826087,0.39015151515151514,target_background,Escherichia,100,N_3pct,target_binary
cspaced_property_l2,mlp,76,2,147,0.43478260869565216,0.35698924731182796,target_background,Escherichia,100,N_3pct,target_binary
hybrid_ckmer5_csp,nearest_centroid,76,2,658,0.6086956521739131,0.6086956521739131,target_background,Escherichia,100,N_3pct,target_binary
hybrid_ckmer5_csp,logistic,76,2,658,0.34782608695652173,0.32748538011695905,target_background,Escherichia,100,N_3pct,target_binary
hybrid_ckmer5_csp,mlp,76,2,658,0.34782608695652173,0.34285714285714286,target_background,Escherichia,100,N_3pct,target_binary
ckmer5_count_l2,nearest_centroid,130,3,508,0.41025641025641024,0.39855072463768115,within_genus_species,Klebsiella,100,N_3pct,label
ckmer5_count_l2,logistic,130,3,508,0.358974358974359,0.3524475524475525,within_genus_species,Klebsiella,100,N_3pct,label
ckmer5_count_l2,mlp,130,3,508,0.28205128205128205,0.2639663675317325,within_genus_species,Klebsiella,100,N_3pct,label
ckmer7_count_l2,nearest_centroid,130,3,4789,0.41025641025641024,0.38518518518518513,within_genus_species,Klebsiella,100,N_3pct,label
ckmer7_count_l2,logistic,130,3,4789,0.46153846153846156,0.43623426382047076,within_genus_species,Klebsiella,100,N_3pct,label
ckmer7_count_l2,mlp,130,3,4789,0.3076923076923077,0.2766955266955267,within_genus_species,Klebsiella,100,N_3pct,label
cspaced_count_l2,nearest_centroid,130,3,136,0.3076923076923077,0.2783258230828563,within_genus_species,Klebsiella,100,N_3pct,label
cspaced_count_l2,logistic,130,3,136,0.3076923076923077,0.28620689655172415,within_genus_species,Klebsiella,100,N_3pct,label
cspaced_count_l2,mlp,130,3,136,0.2564102564102564,0.2070175438596491,within_genus_species,Klebsiella,100,N_3pct,label
cspaced_property_l2,nearest_centroid,130,3,147,0.3076923076923077,0.2764790764790765,within_genus_species,Klebsiella,100,N_3pct,label
cspaced_property_l2,logistic,130,3,147,0.3333333333333333,0.32129173508483855,within_genus_species,Klebsiella,100,N_3pct,label
cspaced_property_l2,mlp,130,3,147,0.3076923076923077,0.2519315255264354,within_genus_species,Klebsiella,100,N_3pct,label
hybrid_ckmer5_csp,nearest_centroid,130,3,655,0.41025641025641024,0.398989898989899,within_genus_species,Klebsiella,100,N_3pct,label
hybrid_ckmer5_csp,logistic,130,3,655,0.41025641025641024,0.39487179487179486,within_genus_species,Klebsiella,100,N_3pct,label
hybrid_ckmer5_csp,mlp,130,3,655,0.3076923076923077,0.27445945945945943,within_genus_species,Klebsiella,100,N_3pct,label
ckmer5_count_l2,nearest_centroid,119,2,508,0.7222222222222222,0.6727272727272727,target_background,Klebsiella,100,N_3pct,target_binary
ckmer5_count_l2,logistic,119,2,508,0.6666666666666666,0.5846153846153846,target_background,Klebsiella,100,N_3pct,target_binary
ckmer5_count_l2,mlp,119,2,508,0.6666666666666666,0.5178571428571428,target_background,Klebsiella,100,N_3pct,target_binary
ckmer7_count_l2,nearest_centroid,119,2,4585,0.7222222222222222,0.5566502463054187,target_background,Klebsiella,100,N_3pct,target_binary
ckmer7_count_l2,logistic,119,2,4585,0.7222222222222222,0.5566502463054187,target_background,Klebsiella,100,N_3pct,target_binary
ckmer7_count_l2,mlp,119,2,4585,0.4444444444444444,0.4375,target_background,Klebsiella,100,N_3pct,target_binary
cspaced_count_l2,nearest_centroid,119,2,136,0.6388888888888888,0.6017021276595744,target_background,Klebsiella,100,N_3pct,target_binary
cspaced_count_l2,logistic,119,2,136,0.5833333333333334,0.5404255319148936,target_background,Klebsiella,100,N_3pct,target_binary
cspaced_count_l2,mlp,119,2,136,0.6944444444444444,0.5368421052631579,target_background,Klebsiella,100,N_3pct,target_binary
cspaced_property_l2,nearest_centroid,119,2,147,0.5833333333333334,0.5404255319148936,target_background,Klebsiella,100,N_3pct,target_binary
cspaced_property_l2,logistic,119,2,147,0.5555555555555556,0.4763636363636364,target_background,Klebsiella,100,N_3pct,target_binary
cspaced_property_l2,mlp,119,2,147,0.6388888888888888,0.49946524064171127,target_background,Klebsiella,100,N_3pct,target_binary
hybrid_ckmer5_csp,nearest_centroid,119,2,655,0.6944444444444444,0.6302521008403361,target_background,Klebsiella,100,N_3pct,target_binary
hybrid_ckmer5_csp,logistic,119,2,655,0.6666666666666666,0.5555555555555556,target_background,Klebsiella,100,N_3pct,target_binary
hybrid_ckmer5_csp,mlp,119,2,655,0.5555555555555556,0.5555555555555556,target_background,Klebsiella,100,N_3pct,target_binary
ckmer5_count_l2,nearest_centroid,174,4,512,0.22641509433962265,0.22075123152709358,within_genus_species,Acinetobacter,100,trim_5bp,label
ckmer5_count_l2,logistic,174,4,512,0.22641509433962265,0.21843434343434343,within_genus_species,Acinetobacter,100,trim_5bp,label
ckmer5_count_l2,mlp,174,4,512,0.20754716981132076,0.1523809523809524,within_genus_species,Acinetobacter,100,trim_5bp,label
ckmer7_count_l2,nearest_centroid,174,4,5825,0.22641509433962265,0.22523139690658872,within_genus_species,Acinetobacter,100,trim_5bp,label
ckmer7_count_l2,logistic,174,4,5825,0.1509433962264151,0.1551282051282051,within_genus_species,Acinetobacter,100,trim_5bp,label
ckmer7_count_l2,mlp,174,4,5825,0.2641509433962264,0.20925925925925926,within_genus_species,Acinetobacter,100,trim_5bp,label
cspaced_count_l2,nearest_centroid,174,4,136,0.18867924528301888,0.17471532091097308,within_genus_species,Acinetobacter,100,trim_5bp,label
cspaced_count_l2,logistic,174,4,136,0.22641509433962265,0.2215652323410944,within_genus_species,Acinetobacter,100,trim_5bp,label
cspaced_count_l2,mlp,174,4,136,0.2641509433962264,0.2619547597995874,within_genus_species,Acinetobacter,100,trim_5bp,label
cspaced_property_l2,nearest_centroid,174,4,147,0.18867924528301888,0.175,within_genus_species,Acinetobacter,100,trim_5bp,label
cspaced_property_l2,logistic,174,4,147,0.2641509433962264,0.26442118226600986,within_genus_species,Acinetobacter,100,trim_5bp,label
cspaced_property_l2,mlp,174,4,147,0.3018867924528302,0.27844478570431386,within_genus_species,Acinetobacter,100,trim_5bp,label
hybrid_ckmer5_csp,nearest_centroid,174,4,659,0.22641509433962265,0.22339891291504194,within_genus_species,Acinetobacter,100,trim_5bp,label
hybrid_ckmer5_csp,logistic,174,4,659,0.16981132075471697,0.16381100082712988,within_genus_species,Acinetobacter,100,trim_5bp,label
hybrid_ckmer5_csp,mlp,174,4,659,0.32075471698113206,0.2705808080808081,within_genus_species,Acinetobacter,100,trim_5bp,label
ckmer5_count_l2,nearest_centroid,128,3,507,0.3333333333333333,0.3346628679962014,within_genus_species,Burkholderia,100,trim_5bp,label
ckmer5_count_l2,logistic,128,3,507,0.41025641025641024,0.3788359788359788,within_genus_species,Burkholderia,100,trim_5bp,label
ckmer5_count_l2,mlp,128,3,507,0.23076923076923078,0.21209150326797385,within_genus_species,Burkholderia,100,trim_5bp,label
ckmer7_count_l2,nearest_centroid,128,3,4040,0.358974358974359,0.33997113997114,within_genus_species,Burkholderia,100,trim_5bp,label
ckmer7_count_l2,logistic,128,3,4040,0.3333333333333333,0.2931286549707602,within_genus_species,Burkholderia,100,trim_5bp,label
ckmer7_count_l2,mlp,128,3,4040,0.3076923076923077,0.29046401169163316,within_genus_species,Burkholderia,100,trim_5bp,label
cspaced_count_l2,nearest_centroid,128,3,136,0.3076923076923077,0.30532907952262794,within_genus_species,Burkholderia,100,trim_5bp,label
cspaced_count_l2,logistic,128,3,136,0.358974358974359,0.3564371660323684,within_genus_species,Burkholderia,100,trim_5bp,label
cspaced_count_l2,mlp,128,3,136,0.4358974358974359,0.39672364672364674,within_genus_species,Burkholderia,100,trim_5bp,label
cspaced_property_l2,nearest_centroid,128,3,147,0.3076923076923077,0.30607142857142855,within_genus_species,Burkholderia,100,trim_5bp,label
cspaced_property_l2,logistic,128,3,147,0.3333333333333333,0.327336860670194,within_genus_species,Burkholderia,100,trim_5bp,label
cspaced_property_l2,mlp,128,3,147,0.28205128205128205,0.23675213675213672,within_genus_species,Burkholderia,100,trim_5bp,label
hybrid_ckmer5_csp,nearest_centroid,128,3,654,0.3333333333333333,0.3346628679962014,within_genus_species,Burkholderia,100,trim_5bp,label
hybrid_ckmer5_csp,logistic,128,3,654,0.358974358974359,0.33366750208855467,within_genus_species,Burkholderia,100,trim_5bp,label
hybrid_ckmer5_csp,mlp,128,3,654,0.2564102564102564,0.21505376344086022,within_genus_species,Burkholderia,100,trim_5bp,label
ckmer5_count_l2,nearest_centroid,116,2,501,0.7142857142857143,0.6260683760683761,target_background,Burkholderia,100,trim_5bp,target_binary
ckmer5_count_l2,logistic,116,2,501,0.6285714285714286,0.5790934320074006,target_background,Burkholderia,100,trim_5bp,target_binary
ckmer5_count_l2,mlp,116,2,501,0.42857142857142855,0.42434210526315785,target_background,Burkholderia,100,trim_5bp,target_binary
ckmer7_count_l2,nearest_centroid,116,2,3832,0.6571428571428571,0.4642857142857143,target_background,Burkholderia,100,trim_5bp,target_binary
ckmer7_count_l2,logistic,116,2,3832,0.6571428571428571,0.39655172413793105,target_background,Burkholderia,100,trim_5bp,target_binary
ckmer7_count_l2,mlp,116,2,3832,0.4857142857142857,0.4852941176470588,target_background,Burkholderia,100,trim_5bp,target_binary
cspaced_count_l2,nearest_centroid,116,2,136,0.6571428571428571,0.5800000000000001,target_background,Burkholderia,100,trim_5bp,target_binary
cspaced_count_l2,logistic,116,2,136,0.6571428571428571,0.5512820512820513,target_background,Burkholderia,100,trim_5bp,target_binary
cspaced_count_l2,mlp,116,2,136,0.6285714285714286,0.4484848484848485,target_background,Burkholderia,100,trim_5bp,target_binary
cspaced_property_l2,nearest_centroid,116,2,147,0.6571428571428571,0.5800000000000001,target_background,Burkholderia,100,trim_5bp,target_binary
cspaced_property_l2,logistic,116,2,147,0.6571428571428571,0.5512820512820513,target_background,Burkholderia,100,trim_5bp,target_binary
cspaced_property_l2,mlp,116,2,147,0.6285714285714286,0.4950055493895672,target_background,Burkholderia,100,trim_5bp,target_binary
hybrid_ckmer5_csp,nearest_centroid,116,2,648,0.7142857142857143,0.6260683760683761,target_background,Burkholderia,100,trim_5bp,target_binary
hybrid_ckmer5_csp,logistic,116,2,648,0.6571428571428571,0.5800000000000001,target_background,Burkholderia,100,trim_5bp,target_binary
hybrid_ckmer5_csp,mlp,116,2,648,0.5428571428571428,0.35185185185185186,target_background,Burkholderia,100,trim_5bp,target_binary
ckmer5_count_l2,nearest_centroid,184,4,512,0.32142857142857145,0.3078444543961785,within_genus_species,Candida,100,trim_5bp,label
ckmer5_count_l2,logistic,184,4,512,0.30357142857142855,0.2795965608465608,within_genus_species,Candida,100,trim_5bp,label
ckmer5_count_l2,mlp,184,4,512,0.30357142857142855,0.2597221173450125,within_genus_species,Candida,100,trim_5bp,label
ckmer7_count_l2,nearest_centroid,184,4,5569,0.25,0.19782828282828285,within_genus_species,Candida,100,trim_5bp,label
ckmer7_count_l2,logistic,184,4,5569,0.23214285714285715,0.2169816391468868,within_genus_species,Candida,100,trim_5bp,label
ckmer7_count_l2,mlp,184,4,5569,0.16071428571428573,0.13324570273003034,within_genus_species,Candida,100,trim_5bp,label
cspaced_count_l2,nearest_centroid,184,4,136,0.42857142857142855,0.41088812804224073,within_genus_species,Candida,100,trim_5bp,label
cspaced_count_l2,logistic,184,4,136,0.25,0.2578733766233766,within_genus_species,Candida,100,trim_5bp,label
cspaced_count_l2,mlp,184,4,136,0.23214285714285715,0.2285903751420993,within_genus_species,Candida,100,trim_5bp,label
cspaced_property_l2,nearest_centroid,184,4,147,0.4642857142857143,0.4429398148148148,within_genus_species,Candida,100,trim_5bp,label
cspaced_property_l2,logistic,184,4,147,0.2857142857142857,0.29314335887611753,within_genus_species,Candida,100,trim_5bp,label
cspaced_property_l2,mlp,184,4,147,0.19642857142857142,0.1426151761517615,within_genus_species,Candida,100,trim_5bp,label
hybrid_ckmer5_csp,nearest_centroid,184,4,659,0.2857142857142857,0.26536796536796536,within_genus_species,Candida,100,trim_5bp,label
hybrid_ckmer5_csp,logistic,184,4,659,0.25,0.24398446381205002,within_genus_species,Candida,100,trim_5bp,label
hybrid_ckmer5_csp,mlp,184,4,659,0.2857142857142857,0.23329568981742893,within_genus_species,Candida,100,trim_5bp,label
ckmer5_count_l2,nearest_centroid,129,2,511,0.6923076923076923,0.6657142857142857,target_background,Candida,100,trim_5bp,target_binary
ckmer5_count_l2,logistic,129,2,511,0.5897435897435898,0.5542857142857143,target_background,Candida,100,trim_5bp,target_binary
ckmer5_count_l2,mlp,129,2,511,0.358974358974359,0.3521594684385382,target_background,Candida,100,trim_5bp,target_binary
ckmer7_count_l2,nearest_centroid,129,2,4873,0.5897435897435898,0.4620689655172414,target_background,Candida,100,trim_5bp,target_binary
ckmer7_count_l2,logistic,129,2,4873,0.6153846153846154,0.5112781954887218,target_background,Candida,100,trim_5bp,target_binary
ckmer7_count_l2,mlp,129,2,4873,0.5641025641025641,0.5629531970995385,target_background,Candida,100,trim_5bp,target_binary
cspaced_count_l2,nearest_centroid,129,2,136,0.5897435897435898,0.5894736842105264,target_background,Candida,100,trim_5bp,target_binary
cspaced_count_l2,logistic,129,2,136,0.46153846153846156,0.46011865524060647,target_background,Candida,100,trim_5bp,target_binary
cspaced_count_l2,mlp,129,2,136,0.3333333333333333,0.2757142857142857,target_background,Candida,100,trim_5bp,target_binary
cspaced_property_l2,nearest_centroid,129,2,147,0.5897435897435898,0.5873015873015873,target_background,Candida,100,trim_5bp,target_binary
cspaced_property_l2,logistic,129,2,147,0.5128205128205128,0.507641196013289,target_background,Candida,100,trim_5bp,target_binary
cspaced_property_l2,mlp,129,2,147,0.46153846153846156,0.4484848484848485,target_background,Candida,100,trim_5bp,target_binary
hybrid_ckmer5_csp,nearest_centroid,129,2,658,0.6923076923076923,0.6657142857142857,target_background,Candida,100,trim_5bp,target_binary
hybrid_ckmer5_csp,logistic,129,2,658,0.6666666666666666,0.6318082788671024,target_background,Candida,100,trim_5bp,target_binary
hybrid_ckmer5_csp,mlp,129,2,658,0.48717948717948717,0.45833333333333337,target_background,Candida,100,trim_5bp,target_binary
ckmer5_count_l2,nearest_centroid,208,5,512,0.30158730158730157,0.2793879239040529,within_genus_species,Enterobacter,100,trim_5bp,label
ckmer5_count_l2,logistic,208,5,512,0.23809523809523808,0.20124340175953082,within_genus_species,Enterobacter,100,trim_5bp,label
ckmer5_count_l2,mlp,208,5,512,0.2222222222222222,0.15247863247863247,within_genus_species,Enterobacter,100,trim_5bp,label
ckmer7_count_l2,nearest_centroid,208,5,6331,0.23809523809523808,0.21026421854008062,within_genus_species,Enterobacter,100,trim_5bp,label
ckmer7_count_l2,logistic,208,5,6331,0.23809523809523808,0.22963817791403995,within_genus_species,Enterobacter,100,trim_5bp,label
ckmer7_count_l2,mlp,208,5,6331,0.1746031746031746,0.10171428571428572,within_genus_species,Enterobacter,100,trim_5bp,label
cspaced_count_l2,nearest_centroid,208,5,136,0.20634920634920634,0.207032967032967,within_genus_species,Enterobacter,100,trim_5bp,label
cspaced_count_l2,logistic,208,5,136,0.06349206349206349,0.058641588296760715,within_genus_species,Enterobacter,100,trim_5bp,label
cspaced_count_l2,mlp,208,5,136,0.2222222222222222,0.17549707602339182,within_genus_species,Enterobacter,100,trim_5bp,label
cspaced_property_l2,nearest_centroid,208,5,147,0.20634920634920634,0.20602523402523404,within_genus_species,Enterobacter,100,trim_5bp,label
cspaced_property_l2,logistic,208,5,147,0.06349206349206349,0.06103896103896104,within_genus_species,Enterobacter,100,trim_5bp,label
cspaced_property_l2,mlp,208,5,147,0.23809523809523808,0.19701612903225804,within_genus_species,Enterobacter,100,trim_5bp,label
hybrid_ckmer5_csp,nearest_centroid,208,5,659,0.2857142857142857,0.26697855750487326,within_genus_species,Enterobacter,100,trim_5bp,label
hybrid_ckmer5_csp,logistic,208,5,659,0.2222222222222222,0.19101612903225806,within_genus_species,Enterobacter,100,trim_5bp,label
hybrid_ckmer5_csp,mlp,208,5,659,0.19047619047619047,0.14705005139787747,within_genus_species,Enterobacter,100,trim_5bp,label
ckmer5_count_l2,nearest_centroid,122,2,511,0.5405405405405406,0.504334121355398,target_background,Enterobacter,100,trim_5bp,target_binary
ckmer5_count_l2,logistic,122,2,511,0.5675675675675675,0.5066666666666667,target_background,Enterobacter,100,trim_5bp,target_binary
ckmer5_count_l2,mlp,122,2,511,0.6216216216216216,0.5472027972027972,target_background,Enterobacter,100,trim_5bp,target_binary
ckmer7_count_l2,nearest_centroid,122,2,5206,0.6486486486486487,0.45649717514124294,target_background,Enterobacter,100,trim_5bp,target_binary
ckmer7_count_l2,logistic,122,2,5206,0.6486486486486487,0.39344262295081966,target_background,Enterobacter,100,trim_5bp,target_binary
ckmer7_count_l2,mlp,122,2,5206,0.5135135135135135,0.4954545454545455,target_background,Enterobacter,100,trim_5bp,target_binary
cspaced_count_l2,nearest_centroid,122,2,136,0.4864864864864865,0.47261815453863465,target_background,Enterobacter,100,trim_5bp,target_binary
cspaced_count_l2,logistic,122,2,136,0.5135135135135135,0.48291925465838514,target_background,Enterobacter,100,trim_5bp,target_binary
cspaced_count_l2,mlp,122,2,136,0.5945945945945946,0.5013477088948787,target_background,Enterobacter,100,trim_5bp,target_binary
cspaced_property_l2,nearest_centroid,122,2,147,0.4864864864864865,0.47261815453863465,target_background,Enterobacter,100,trim_5bp,target_binary
cspaced_property_l2,logistic,122,2,147,0.4594594594594595,0.42546583850931674,target_background,Enterobacter,100,trim_5bp,target_binary
cspaced_property_l2,mlp,122,2,147,0.5405405405405406,0.3980861244019139,target_background,Enterobacter,100,trim_5bp,target_binary
hybrid_ckmer5_csp,nearest_centroid,122,2,658,0.5405405405405406,0.504334121355398,target_background,Enterobacter,100,trim_5bp,target_binary
hybrid_ckmer5_csp,logistic,122,2,658,0.5405405405405406,0.4865306122448979,target_background,Enterobacter,100,trim_5bp,target_binary
hybrid_ckmer5_csp,mlp,122,2,658,0.4594594594594595,0.4494047619047619,target_background,Enterobacter,100,trim_5bp,target_binary
ckmer5_count_l2,nearest_centroid,76,2,511,0.5217391304347826,0.5217391304347826,within_genus_species,Escherichia,100,trim_5bp,label
ckmer5_count_l2,logistic,76,2,511,0.5217391304347826,0.5217391304347826,within_genus_species,Escherichia,100,trim_5bp,label
ckmer5_count_l2,mlp,76,2,511,0.5652173913043478,0.5436507936507937,within_genus_species,Escherichia,100,trim_5bp,label
ckmer7_count_l2,nearest_centroid,76,2,4145,0.4782608695652174,0.45238095238095233,within_genus_species,Escherichia,100,trim_5bp,label
ckmer7_count_l2,logistic,76,2,4145,0.5652173913043478,0.5208333333333333,within_genus_species,Escherichia,100,trim_5bp,label
ckmer7_count_l2,mlp,76,2,4145,0.2608695652173913,0.2608695652173913,within_genus_species,Escherichia,100,trim_5bp,label
cspaced_count_l2,nearest_centroid,76,2,136,0.43478260869565216,0.4171539961013645,within_genus_species,Escherichia,100,trim_5bp,label
cspaced_count_l2,logistic,76,2,136,0.34782608695652173,0.34782608695652173,within_genus_species,Escherichia,100,trim_5bp,label
cspaced_count_l2,mlp,76,2,136,0.5217391304347826,0.41025641025641024,within_genus_species,Escherichia,100,trim_5bp,label
cspaced_property_l2,nearest_centroid,76,2,147,0.43478260869565216,0.4171539961013645,within_genus_species,Escherichia,100,trim_5bp,label
cspaced_property_l2,logistic,76,2,147,0.43478260869565216,0.43047619047619046,within_genus_species,Escherichia,100,trim_5bp,label
cspaced_property_l2,mlp,76,2,147,0.5652173913043478,0.48660714285714285,within_genus_species,Escherichia,100,trim_5bp,label
hybrid_ckmer5_csp,nearest_centroid,76,2,658,0.5217391304347826,0.5217391304347826,within_genus_species,Escherichia,100,trim_5bp,label
hybrid_ckmer5_csp,logistic,76,2,658,0.43478260869565216,0.43478260869565216,within_genus_species,Escherichia,100,trim_5bp,label
hybrid_ckmer5_csp,mlp,76,2,658,0.391304347826087,0.3611111111111111,within_genus_species,Escherichia,100,trim_5bp,label
ckmer5_count_l2,nearest_centroid,76,2,511,0.5217391304347826,0.5217391304347826,target_background,Escherichia,100,trim_5bp,target_binary
ckmer5_count_l2,logistic,76,2,511,0.5217391304347826,0.5217391304347826,target_background,Escherichia,100,trim_5bp,target_binary
ckmer5_count_l2,mlp,76,2,511,0.5652173913043478,0.5436507936507937,target_background,Escherichia,100,trim_5bp,target_binary
ckmer7_count_l2,nearest_centroid,76,2,4145,0.4782608695652174,0.45238095238095233,target_background,Escherichia,100,trim_5bp,target_binary
ckmer7_count_l2,logistic,76,2,4145,0.5652173913043478,0.5208333333333333,target_background,Escherichia,100,trim_5bp,target_binary
ckmer7_count_l2,mlp,76,2,4145,0.2608695652173913,0.2608695652173913,target_background,Escherichia,100,trim_5bp,target_binary
cspaced_count_l2,nearest_centroid,76,2,136,0.43478260869565216,0.4171539961013645,target_background,Escherichia,100,trim_5bp,target_binary
cspaced_count_l2,logistic,76,2,136,0.34782608695652173,0.34782608695652173,target_background,Escherichia,100,trim_5bp,target_binary
cspaced_count_l2,mlp,76,2,136,0.5217391304347826,0.41025641025641024,target_background,Escherichia,100,trim_5bp,target_binary
cspaced_property_l2,nearest_centroid,76,2,147,0.43478260869565216,0.4171539961013645,target_background,Escherichia,100,trim_5bp,target_binary
cspaced_property_l2,logistic,76,2,147,0.43478260869565216,0.43047619047619046,target_background,Escherichia,100,trim_5bp,target_binary
cspaced_property_l2,mlp,76,2,147,0.5652173913043478,0.48660714285714285,target_background,Escherichia,100,trim_5bp,target_binary
hybrid_ckmer5_csp,nearest_centroid,76,2,658,0.5217391304347826,0.5217391304347826,target_background,Escherichia,100,trim_5bp,target_binary
hybrid_ckmer5_csp,logistic,76,2,658,0.43478260869565216,0.43478260869565216,target_background,Escherichia,100,trim_5bp,target_binary
hybrid_ckmer5_csp,mlp,76,2,658,0.391304347826087,0.3611111111111111,target_background,Escherichia,100,trim_5bp,target_binary
ckmer5_count_l2,nearest_centroid,130,3,507,0.41025641025641024,0.4057239057239057,within_genus_species,Klebsiella,100,trim_5bp,label
ckmer5_count_l2,logistic,130,3,507,0.2564102564102564,0.241155830753354,within_genus_species,Klebsiella,100,trim_5bp,label
ckmer5_count_l2,mlp,130,3,507,0.4358974358974359,0.41378699273436115,within_genus_species,Klebsiella,100,trim_5bp,label
ckmer7_count_l2,nearest_centroid,130,3,5121,0.46153846153846156,0.4275862068965517,within_genus_species,Klebsiella,100,trim_5bp,label
ckmer7_count_l2,logistic,130,3,5121,0.4358974358974359,0.4060175794455714,within_genus_species,Klebsiella,100,trim_5bp,label
ckmer7_count_l2,mlp,130,3,5121,0.3076923076923077,0.3144230769230769,within_genus_species,Klebsiella,100,trim_5bp,label
cspaced_count_l2,nearest_centroid,130,3,136,0.3333333333333333,0.32251207729468595,within_genus_species,Klebsiella,100,trim_5bp,label
cspaced_count_l2,logistic,130,3,136,0.3076923076923077,0.2984661515396148,within_genus_species,Klebsiella,100,trim_5bp,label
cspaced_count_l2,mlp,130,3,136,0.28205128205128205,0.21716054842989826,within_genus_species,Klebsiella,100,trim_5bp,label
cspaced_property_l2,nearest_centroid,130,3,147,0.3333333333333333,0.32251207729468595,within_genus_species,Klebsiella,100,trim_5bp,label
cspaced_property_l2,logistic,130,3,147,0.3076923076923077,0.29730252718758465,within_genus_species,Klebsiella,100,trim_5bp,label
cspaced_property_l2,mlp,130,3,147,0.358974358974359,0.3336866278042749,within_genus_species,Klebsiella,100,trim_5bp,label
hybrid_ckmer5_csp,nearest_centroid,130,3,654,0.41025641025641024,0.4021164021164021,within_genus_species,Klebsiella,100,trim_5bp,label
hybrid_ckmer5_csp,logistic,130,3,654,0.3333333333333333,0.30686274509803924,within_genus_species,Klebsiella,100,trim_5bp,label
hybrid_ckmer5_csp,mlp,130,3,654,0.38461538461538464,0.3246031746031746,within_genus_species,Klebsiella,100,trim_5bp,label
ckmer5_count_l2,nearest_centroid,119,2,507,0.6944444444444444,0.6302521008403361,target_background,Klebsiella,100,trim_5bp,target_binary
ckmer5_count_l2,logistic,119,2,507,0.6666666666666666,0.5846153846153846,target_background,Klebsiella,100,trim_5bp,target_binary
ckmer5_count_l2,mlp,119,2,507,0.3888888888888889,0.3377926421404682,target_background,Klebsiella,100,trim_5bp,target_binary
ckmer7_count_l2,nearest_centroid,119,2,4913,0.6944444444444444,0.4837027379400261,target_background,Klebsiella,100,trim_5bp,target_binary
ckmer7_count_l2,logistic,119,2,4913,0.6944444444444444,0.4837027379400261,target_background,Klebsiella,100,trim_5bp,target_binary
ckmer7_count_l2,mlp,119,2,4913,0.4444444444444444,0.4375,target_background,Klebsiella,100,trim_5bp,target_binary
cspaced_count_l2,nearest_centroid,119,2,136,0.7222222222222222,0.6875,target_background,Klebsiella,100,trim_5bp,target_binary
cspaced_count_l2,logistic,119,2,136,0.6388888888888888,0.6017021276595744,target_background,Klebsiella,100,trim_5bp,target_binary
cspaced_count_l2,mlp,119,2,136,0.6944444444444444,0.5368421052631579,target_background,Klebsiella,100,trim_5bp,target_binary
cspaced_property_l2,nearest_centroid,119,2,147,0.7222222222222222,0.6875,target_background,Klebsiella,100,trim_5bp,target_binary
cspaced_property_l2,logistic,119,2,147,0.6388888888888888,0.6017021276595744,target_background,Klebsiella,100,trim_5bp,target_binary
cspaced_property_l2,mlp,119,2,147,0.5555555555555556,0.4461538461538461,target_background,Klebsiella,100,trim_5bp,target_binary
hybrid_ckmer5_csp,nearest_centroid,119,2,654,0.6666666666666666,0.5846153846153846,target_background,Klebsiella,100,trim_5bp,target_binary
hybrid_ckmer5_csp,logistic,119,2,654,0.6666666666666666,0.5555555555555556,target_background,Klebsiella,100,trim_5bp,target_binary
hybrid_ckmer5_csp,mlp,119,2,654,0.4444444444444444,0.4375,target_background,Klebsiella,100,trim_5bp,target_binary
ckmer5_count_l2,nearest_centroid,174,4,512,0.24528301886792453,0.23950026581605527,within_genus_species,Acinetobacter,100,substitution_1pct_N_3pct,label
ckmer5_count_l2,logistic,174,4,512,0.18867924528301888,0.18090659340659343,within_genus_species,Acinetobacter,100,substitution_1pct_N_3pct,label
ckmer5_count_l2,mlp,174,4,512,0.1320754716981132,0.09774436090225563,within_genus_species,Acinetobacter,100,substitution_1pct_N_3pct,label
ckmer7_count_l2,nearest_centroid,174,4,5532,0.2641509433962264,0.2465811965811966,within_genus_species,Acinetobacter,100,substitution_1pct_N_3pct,label
ckmer7_count_l2,logistic,174,4,5532,0.22641509433962265,0.2154736144073712,within_genus_species,Acinetobacter,100,substitution_1pct_N_3pct,label
ckmer7_count_l2,mlp,174,4,5532,0.18867924528301888,0.163510101010101,within_genus_species,Acinetobacter,100,substitution_1pct_N_3pct,label
cspaced_count_l2,nearest_centroid,174,4,136,0.20754716981132076,0.20581415247711132,within_genus_species,Acinetobacter,100,substitution_1pct_N_3pct,label
cspaced_count_l2,logistic,174,4,136,0.1509433962264151,0.14478951763434522,within_genus_species,Acinetobacter,100,substitution_1pct_N_3pct,label
cspaced_count_l2,mlp,174,4,136,0.33962264150943394,0.3380636604774536,within_genus_species,Acinetobacter,100,substitution_1pct_N_3pct,label
cspaced_property_l2,nearest_centroid,174,4,147,0.20754716981132076,0.20797218741297688,within_genus_species,Acinetobacter,100,substitution_1pct_N_3pct,label
cspaced_property_l2,logistic,174,4,147,0.18867924528301888,0.18013246124190652,within_genus_species,Acinetobacter,100,substitution_1pct_N_3pct,label
cspaced_property_l2,mlp,174,4,147,0.3018867924528302,0.26989010989010986,within_genus_species,Acinetobacter,100,substitution_1pct_N_3pct,label
hybrid_ckmer5_csp,nearest_centroid,174,4,659,0.20754716981132076,0.19817219817219817,within_genus_species,Acinetobacter,100,substitution_1pct_N_3pct,label
hybrid_ckmer5_csp,logistic,174,4,659,0.20754716981132076,0.19479166666666667,within_genus_species,Acinetobacter,100,substitution_1pct_N_3pct,label
hybrid_ckmer5_csp,mlp,174,4,659,0.22641509433962265,0.20404306220095694,within_genus_species,Acinetobacter,100,substitution_1pct_N_3pct,label
ckmer5_count_l2,nearest_centroid,128,3,503,0.3333333333333333,0.3204707170224412,within_genus_species,Burkholderia,100,substitution_1pct_N_3pct,label
ckmer5_count_l2,logistic,128,3,503,0.46153846153846156,0.41321713870733473,within_genus_species,Burkholderia,100,substitution_1pct_N_3pct,label
ckmer5_count_l2,mlp,128,3,503,0.20512820512820512,0.19259259259259257,within_genus_species,Burkholderia,100,substitution_1pct_N_3pct,label
ckmer7_count_l2,nearest_centroid,128,3,3751,0.3333333333333333,0.3186911128087599,within_genus_species,Burkholderia,100,substitution_1pct_N_3pct,label
ckmer7_count_l2,logistic,128,3,3751,0.358974358974359,0.32514245014245013,within_genus_species,Burkholderia,100,substitution_1pct_N_3pct,label
ckmer7_count_l2,mlp,128,3,3751,0.3076923076923077,0.29699536196813875,within_genus_species,Burkholderia,100,substitution_1pct_N_3pct,label
cspaced_count_l2,nearest_centroid,128,3,136,0.358974358974359,0.35940476190476184,within_genus_species,Burkholderia,100,substitution_1pct_N_3pct,label
cspaced_count_l2,logistic,128,3,136,0.38461538461538464,0.38333333333333336,within_genus_species,Burkholderia,100,substitution_1pct_N_3pct,label
cspaced_count_l2,mlp,128,3,136,0.358974358974359,0.3057644110275689,within_genus_species,Burkholderia,100,substitution_1pct_N_3pct,label
cspaced_property_l2,nearest_centroid,128,3,147,0.358974358974359,0.35940476190476184,within_genus_species,Burkholderia,100,substitution_1pct_N_3pct,label
cspaced_property_l2,logistic,128,3,147,0.358974358974359,0.35858048761274564,within_genus_species,Burkholderia,100,substitution_1pct_N_3pct,label
cspaced_property_l2,mlp,128,3,147,0.2564102564102564,0.17532697066101097,within_genus_species,Burkholderia,100,substitution_1pct_N_3pct,label
hybrid_ckmer5_csp,nearest_centroid,128,3,650,0.358974358974359,0.35281385281385286,within_genus_species,Burkholderia,100,substitution_1pct_N_3pct,label
hybrid_ckmer5_csp,logistic,128,3,650,0.358974358974359,0.32348697054579406,within_genus_species,Burkholderia,100,substitution_1pct_N_3pct,label
hybrid_ckmer5_csp,mlp,128,3,650,0.3076923076923077,0.30187590187590185,within_genus_species,Burkholderia,100,substitution_1pct_N_3pct,label
ckmer5_count_l2,nearest_centroid,116,2,501,0.6285714285714286,0.4950055493895672,target_background,Burkholderia,100,substitution_1pct_N_3pct,target_binary
ckmer5_count_l2,logistic,116,2,501,0.6285714285714286,0.5578231292517006,target_background,Burkholderia,100,substitution_1pct_N_3pct,target_binary
ckmer5_count_l2,mlp,116,2,501,0.42857142857142855,0.42434210526315785,target_background,Burkholderia,100,substitution_1pct_N_3pct,target_binary
ckmer7_count_l2,nearest_centroid,116,2,3544,0.6285714285714286,0.4484848484848485,target_background,Burkholderia,100,substitution_1pct_N_3pct,target_binary
ckmer7_count_l2,logistic,116,2,3544,0.6571428571428571,0.39655172413793105,target_background,Burkholderia,100,substitution_1pct_N_3pct,target_binary
ckmer7_count_l2,mlp,116,2,3544,0.6,0.51,target_background,Burkholderia,100,substitution_1pct_N_3pct,target_binary
cspaced_count_l2,nearest_centroid,116,2,136,0.7142857142857143,0.65,target_background,Burkholderia,100,substitution_1pct_N_3pct,target_binary
cspaced_count_l2,logistic,116,2,136,0.6,0.43287037037037035,target_background,Burkholderia,100,substitution_1pct_N_3pct,target_binary
cspaced_count_l2,mlp,116,2,136,0.5428571428571428,0.35185185185185186,target_background,Burkholderia,100,substitution_1pct_N_3pct,target_binary
cspaced_property_l2,nearest_centroid,116,2,147,0.6571428571428571,0.5800000000000001,target_background,Burkholderia,100,substitution_1pct_N_3pct,target_binary
cspaced_property_l2,logistic,116,2,147,0.6285714285714286,0.4484848484848485,target_background,Burkholderia,100,substitution_1pct_N_3pct,target_binary
cspaced_property_l2,mlp,116,2,147,0.6,0.5359848484848485,target_background,Burkholderia,100,substitution_1pct_N_3pct,target_binary
hybrid_ckmer5_csp,nearest_centroid,116,2,648,0.6571428571428571,0.5138888888888888,target_background,Burkholderia,100,substitution_1pct_N_3pct,target_binary
hybrid_ckmer5_csp,logistic,116,2,648,0.6285714285714286,0.5304437564499485,target_background,Burkholderia,100,substitution_1pct_N_3pct,target_binary
hybrid_ckmer5_csp,mlp,116,2,648,0.6571428571428571,0.5512820512820513,target_background,Burkholderia,100,substitution_1pct_N_3pct,target_binary
ckmer5_count_l2,nearest_centroid,184,4,511,0.2857142857142857,0.28579124579124576,within_genus_species,Candida,100,substitution_1pct_N_3pct,label
ckmer5_count_l2,logistic,184,4,511,0.2857142857142857,0.28555555555555556,within_genus_species,Candida,100,substitution_1pct_N_3pct,label
ckmer5_count_l2,mlp,184,4,511,0.26785714285714285,0.22991676345334883,within_genus_species,Candida,100,substitution_1pct_N_3pct,label
ckmer7_count_l2,nearest_centroid,184,4,5298,0.26785714285714285,0.26176896888799,within_genus_species,Candida,100,substitution_1pct_N_3pct,label
ckmer7_count_l2,logistic,184,4,5298,0.3392857142857143,0.3377380952380953,within_genus_species,Candida,100,substitution_1pct_N_3pct,label
ckmer7_count_l2,mlp,184,4,5298,0.25,0.24805799583159982,within_genus_species,Candida,100,substitution_1pct_N_3pct,label
cspaced_count_l2,nearest_centroid,184,4,136,0.35714285714285715,0.36685771744595275,within_genus_species,Candida,100,substitution_1pct_N_3pct,label
cspaced_count_l2,logistic,184,4,136,0.19642857142857142,0.20198739014331218,within_genus_species,Candida,100,substitution_1pct_N_3pct,label
cspaced_count_l2,mlp,184,4,136,0.42857142857142855,0.42180319680319683,within_genus_species,Candida,100,substitution_1pct_N_3pct,label
cspaced_property_l2,nearest_centroid,184,4,147,0.4107142857142857,0.40883210991906643,within_genus_species,Candida,100,substitution_1pct_N_3pct,label
cspaced_property_l2,logistic,184,4,147,0.32142857142857145,0.3287616047745358,within_genus_species,Candida,100,substitution_1pct_N_3pct,label
cspaced_property_l2,mlp,184,4,147,0.125,0.09054054054054055,within_genus_species,Candida,100,substitution_1pct_N_3pct,label
hybrid_ckmer5_csp,nearest_centroid,184,4,658,0.30357142857142855,0.3028968253968254,within_genus_species,Candida,100,substitution_1pct_N_3pct,label
hybrid_ckmer5_csp,logistic,184,4,658,0.26785714285714285,0.273013090229079,within_genus_species,Candida,100,substitution_1pct_N_3pct,label
hybrid_ckmer5_csp,mlp,184,4,658,0.30357142857142855,0.2617877617877618,within_genus_species,Candida,100,substitution_1pct_N_3pct,label
ckmer5_count_l2,nearest_centroid,129,2,509,0.6153846153846154,0.5883180858550316,target_background,Candida,100,substitution_1pct_N_3pct,target_binary
ckmer5_count_l2,logistic,129,2,509,0.6410256410256411,0.5961538461538461,target_background,Candida,100,substitution_1pct_N_3pct,target_binary
ckmer5_count_l2,mlp,129,2,509,0.41025641025641024,0.3843514070006863,target_background,Candida,100,substitution_1pct_N_3pct,target_binary
ckmer7_count_l2,nearest_centroid,129,2,4581,0.6153846153846154,0.47814451382694023,target_background,Candida,100,substitution_1pct_N_3pct,target_binary
ckmer7_count_l2,logistic,129,2,4581,0.6410256410256411,0.49444444444444446,target_background,Candida,100,substitution_1pct_N_3pct,target_binary
ckmer7_count_l2,mlp,129,2,4581,0.5641025641025641,0.5334271639690359,target_background,Candida,100,substitution_1pct_N_3pct,target_binary
cspaced_count_l2,nearest_centroid,129,2,136,0.6410256410256411,0.6407894736842106,target_background,Candida,100,substitution_1pct_N_3pct,target_binary
cspaced_count_l2,logistic,129,2,136,0.5897435897435898,0.5873015873015873,target_background,Candida,100,substitution_1pct_N_3pct,target_binary
cspaced_count_l2,mlp,129,2,136,0.3333333333333333,0.25,target_background,Candida,100,substitution_1pct_N_3pct,target_binary
cspaced_property_l2,nearest_centroid,129,2,147,0.6666666666666666,0.6657877389584708,target_background,Candida,100,substitution_1pct_N_3pct,target_binary
cspaced_property_l2,logistic,129,2,147,0.6410256410256411,0.6350267379679144,target_background,Candida,100,substitution_1pct_N_3pct,target_binary
cspaced_property_l2,mlp,129,2,147,0.48717948717948717,0.47860962566844917,target_background,Candida,100,substitution_1pct_N_3pct,target_binary
hybrid_ckmer5_csp,nearest_centroid,129,2,656,0.6153846153846154,0.5883180858550316,target_background,Candida,100,substitution_1pct_N_3pct,target_binary
hybrid_ckmer5_csp,logistic,129,2,656,0.6410256410256411,0.5961538461538461,target_background,Candida,100,substitution_1pct_N_3pct,target_binary
hybrid_ckmer5_csp,mlp,129,2,656,0.5384615384615384,0.35,target_background,Candida,100,substitution_1pct_N_3pct,target_binary
ckmer5_count_l2,nearest_centroid,208,5,511,0.3968253968253968,0.3859025829987717,within_genus_species,Enterobacter,100,substitution_1pct_N_3pct,label
ckmer5_count_l2,logistic,208,5,511,0.31746031746031744,0.31127391127391124,within_genus_species,Enterobacter,100,substitution_1pct_N_3pct,label
ckmer5_count_l2,mlp,208,5,511,0.1746031746031746,0.1436641852770885,within_genus_species,Enterobacter,100,substitution_1pct_N_3pct,label
ckmer7_count_l2,nearest_centroid,208,5,6052,0.15873015873015872,0.1482917082917083,within_genus_species,Enterobacter,100,substitution_1pct_N_3pct,label
ckmer7_count_l2,logistic,208,5,6052,0.19047619047619047,0.17486233573190096,within_genus_species,Enterobacter,100,substitution_1pct_N_3pct,label
ckmer7_count_l2,mlp,208,5,6052,0.20634920634920634,0.18239830345093502,within_genus_species,Enterobacter,100,substitution_1pct_N_3pct,label
cspaced_count_l2,nearest_centroid,208,5,136,0.1111111111111111,0.1092671185774634,within_genus_species,Enterobacter,100,substitution_1pct_N_3pct,label
cspaced_count_l2,logistic,208,5,136,0.12698412698412698,0.11387615283267456,within_genus_species,Enterobacter,100,substitution_1pct_N_3pct,label
cspaced_count_l2,mlp,208,5,136,0.19047619047619047,0.10885668276972624,within_genus_species,Enterobacter,100,substitution_1pct_N_3pct,label
cspaced_property_l2,nearest_centroid,208,5,147,0.14285714285714285,0.143317230273752,within_genus_species,Enterobacter,100,substitution_1pct_N_3pct,label
cspaced_property_l2,logistic,208,5,147,0.09523809523809523,0.08053613053613054,within_genus_species,Enterobacter,100,substitution_1pct_N_3pct,label
cspaced_property_l2,mlp,208,5,147,0.2222222222222222,0.2034347655739846,within_genus_species,Enterobacter,100,substitution_1pct_N_3pct,label
hybrid_ckmer5_csp,nearest_centroid,208,5,658,0.38095238095238093,0.3651067323481117,within_genus_species,Enterobacter,100,substitution_1pct_N_3pct,label
hybrid_ckmer5_csp,logistic,208,5,658,0.2857142857142857,0.27513380293678946,within_genus_species,Enterobacter,100,substitution_1pct_N_3pct,label
hybrid_ckmer5_csp,mlp,208,5,658,0.19047619047619047,0.15014285714285713,within_genus_species,Enterobacter,100,substitution_1pct_N_3pct,label
ckmer5_count_l2,nearest_centroid,122,2,509,0.4594594594594595,0.40705128205128205,target_background,Enterobacter,100,substitution_1pct_N_3pct,target_binary
ckmer5_count_l2,logistic,122,2,509,0.5675675675675675,0.4825174825174825,target_background,Enterobacter,100,substitution_1pct_N_3pct,target_binary
ckmer5_count_l2,mlp,122,2,509,0.5945945945945946,0.5626477541371158,target_background,Enterobacter,100,substitution_1pct_N_3pct,target_binary
ckmer7_count_l2,nearest_centroid,122,2,4838,0.6486486486486487,0.45649717514124294,target_background,Enterobacter,100,substitution_1pct_N_3pct,target_binary
ckmer7_count_l2,logistic,122,2,4838,0.6486486486486487,0.39344262295081966,target_background,Enterobacter,100,substitution_1pct_N_3pct,target_binary
ckmer7_count_l2,mlp,122,2,4838,0.6216216216216216,0.6145833333333333,target_background,Enterobacter,100,substitution_1pct_N_3pct,target_binary
cspaced_count_l2,nearest_centroid,122,2,136,0.4864864864864865,0.4849816849816849,target_background,Enterobacter,100,substitution_1pct_N_3pct,target_binary
cspaced_count_l2,logistic,122,2,136,0.4864864864864865,0.47261815453863465,target_background,Enterobacter,100,substitution_1pct_N_3pct,target_binary
cspaced_count_l2,mlp,122,2,136,0.5675675675675675,0.3620689655172414,target_background,Enterobacter,100,substitution_1pct_N_3pct,target_binary
cspaced_property_l2,nearest_centroid,122,2,147,0.4864864864864865,0.4849816849816849,target_background,Enterobacter,100,substitution_1pct_N_3pct,target_binary
cspaced_property_l2,logistic,122,2,147,0.43243243243243246,0.41710427606901723,target_background,Enterobacter,100,substitution_1pct_N_3pct,target_binary
cspaced_property_l2,mlp,122,2,147,0.5135135135135135,0.3392857142857143,target_background,Enterobacter,100,substitution_1pct_N_3pct,target_binary
hybrid_ckmer5_csp,nearest_centroid,122,2,656,0.4594594594594595,0.42546583850931674,target_background,Enterobacter,100,substitution_1pct_N_3pct,target_binary
hybrid_ckmer5_csp,logistic,122,2,656,0.5675675675675675,0.5066666666666667,target_background,Enterobacter,100,substitution_1pct_N_3pct,target_binary
hybrid_ckmer5_csp,mlp,122,2,656,0.40540540540540543,0.34775641025641024,target_background,Enterobacter,100,substitution_1pct_N_3pct,target_binary
ckmer5_count_l2,nearest_centroid,76,2,510,0.4782608695652174,0.4772727272727273,within_genus_species,Escherichia,100,substitution_1pct_N_3pct,label
ckmer5_count_l2,logistic,76,2,510,0.43478260869565216,0.43478260869565216,within_genus_species,Escherichia,100,substitution_1pct_N_3pct,label
ckmer5_count_l2,mlp,76,2,510,0.4782608695652174,0.3839285714285714,within_genus_species,Escherichia,100,substitution_1pct_N_3pct,label
ckmer7_count_l2,nearest_centroid,76,2,3771,0.5217391304347826,0.4559139784946237,within_genus_species,Escherichia,100,substitution_1pct_N_3pct,label
ckmer7_count_l2,logistic,76,2,3771,0.4782608695652174,0.3839285714285714,within_genus_species,Escherichia,100,substitution_1pct_N_3pct,label
ckmer7_count_l2,mlp,76,2,3771,0.4782608695652174,0.45238095238095233,within_genus_species,Escherichia,100,substitution_1pct_N_3pct,label
cspaced_count_l2,nearest_centroid,76,2,136,0.391304347826087,0.39015151515151514,within_genus_species,Escherichia,100,substitution_1pct_N_3pct,label
cspaced_count_l2,logistic,76,2,136,0.34782608695652173,0.34285714285714286,within_genus_species,Escherichia,100,substitution_1pct_N_3pct,label
cspaced_count_l2,mlp,76,2,136,0.4782608695652174,0.3839285714285714,within_genus_species,Escherichia,100,substitution_1pct_N_3pct,label
cspaced_property_l2,nearest_centroid,76,2,147,0.391304347826087,0.39015151515151514,within_genus_species,Escherichia,100,substitution_1pct_N_3pct,label
cspaced_property_l2,logistic,76,2,147,0.34782608695652173,0.34285714285714286,within_genus_species,Escherichia,100,substitution_1pct_N_3pct,label
cspaced_property_l2,mlp,76,2,147,0.43478260869565216,0.3935091277890467,within_genus_species,Escherichia,100,substitution_1pct_N_3pct,label
hybrid_ckmer5_csp,nearest_centroid,76,2,657,0.5217391304347826,0.5217391304347826,within_genus_species,Escherichia,100,substitution_1pct_N_3pct,label
hybrid_ckmer5_csp,logistic,76,2,657,0.391304347826087,0.39015151515151514,within_genus_species,Escherichia,100,substitution_1pct_N_3pct,label
hybrid_ckmer5_csp,mlp,76,2,657,0.34782608695652173,0.34285714285714286,within_genus_species,Escherichia,100,substitution_1pct_N_3pct,label
ckmer5_count_l2,nearest_centroid,76,2,510,0.4782608695652174,0.4772727272727273,target_background,Escherichia,100,substitution_1pct_N_3pct,target_binary
ckmer5_count_l2,logistic,76,2,510,0.43478260869565216,0.43478260869565216,target_background,Escherichia,100,substitution_1pct_N_3pct,target_binary
ckmer5_count_l2,mlp,76,2,510,0.4782608695652174,0.3839285714285714,target_background,Escherichia,100,substitution_1pct_N_3pct,target_binary
ckmer7_count_l2,nearest_centroid,76,2,3771,0.5217391304347826,0.4559139784946237,target_background,Escherichia,100,substitution_1pct_N_3pct,target_binary
ckmer7_count_l2,logistic,76,2,3771,0.4782608695652174,0.3839285714285714,target_background,Escherichia,100,substitution_1pct_N_3pct,target_binary
ckmer7_count_l2,mlp,76,2,3771,0.4782608695652174,0.45238095238095233,target_background,Escherichia,100,substitution_1pct_N_3pct,target_binary
cspaced_count_l2,nearest_centroid,76,2,136,0.391304347826087,0.39015151515151514,target_background,Escherichia,100,substitution_1pct_N_3pct,target_binary
cspaced_count_l2,logistic,76,2,136,0.34782608695652173,0.34285714285714286,target_background,Escherichia,100,substitution_1pct_N_3pct,target_binary
cspaced_count_l2,mlp,76,2,136,0.4782608695652174,0.3839285714285714,target_background,Escherichia,100,substitution_1pct_N_3pct,target_binary
cspaced_property_l2,nearest_centroid,76,2,147,0.391304347826087,0.39015151515151514,target_background,Escherichia,100,substitution_1pct_N_3pct,target_binary
cspaced_property_l2,logistic,76,2,147,0.34782608695652173,0.34285714285714286,target_background,Escherichia,100,substitution_1pct_N_3pct,target_binary
cspaced_property_l2,mlp,76,2,147,0.43478260869565216,0.3935091277890467,target_background,Escherichia,100,substitution_1pct_N_3pct,target_binary
hybrid_ckmer5_csp,nearest_centroid,76,2,657,0.5217391304347826,0.5217391304347826,target_background,Escherichia,100,substitution_1pct_N_3pct,target_binary
hybrid_ckmer5_csp,logistic,76,2,657,0.391304347826087,0.39015151515151514,target_background,Escherichia,100,substitution_1pct_N_3pct,target_binary
hybrid_ckmer5_csp,mlp,76,2,657,0.34782608695652173,0.34285714285714286,target_background,Escherichia,100,substitution_1pct_N_3pct,target_binary
ckmer5_count_l2,nearest_centroid,130,3,507,0.38461538461538464,0.35454545454545455,within_genus_species,Klebsiella,100,substitution_1pct_N_3pct,label
ckmer5_count_l2,logistic,130,3,507,0.20512820512820512,0.20075580489325232,within_genus_species,Klebsiella,100,substitution_1pct_N_3pct,label
ckmer5_count_l2,mlp,130,3,507,0.358974358974359,0.324074074074074,within_genus_species,Klebsiella,100,substitution_1pct_N_3pct,label
ckmer7_count_l2,nearest_centroid,130,3,4748,0.4358974358974359,0.4069444444444444,within_genus_species,Klebsiella,100,substitution_1pct_N_3pct,label
ckmer7_count_l2,logistic,130,3,4748,0.48717948717948717,0.46541641459971766,within_genus_species,Klebsiella,100,substitution_1pct_N_3pct,label
ckmer7_count_l2,mlp,130,3,4748,0.3333333333333333,0.32410717718064047,within_genus_species,Klebsiella,100,substitution_1pct_N_3pct,label
cspaced_count_l2,nearest_centroid,130,3,136,0.2564102564102564,0.2413510986442263,within_genus_species,Klebsiella,100,substitution_1pct_N_3pct,label
cspaced_count_l2,logistic,130,3,136,0.28205128205128205,0.2662004662004662,within_genus_species,Klebsiella,100,substitution_1pct_N_3pct,label
cspaced_count_l2,mlp,130,3,136,0.3076923076923077,0.27900928792569657,within_genus_species,Klebsiella,100,substitution_1pct_N_3pct,label
cspaced_property_l2,nearest_centroid,130,3,147,0.2564102564102564,0.23278985507246375,within_genus_species,Klebsiella,100,substitution_1pct_N_3pct,label
cspaced_property_l2,logistic,130,3,147,0.38461538461538464,0.3576587301587302,within_genus_species,Klebsiella,100,substitution_1pct_N_3pct,label
cspaced_property_l2,mlp,130,3,147,0.3076923076923077,0.27445945945945943,within_genus_species,Klebsiella,100,substitution_1pct_N_3pct,label
hybrid_ckmer5_csp,nearest_centroid,130,3,654,0.358974358974359,0.33629683757560996,within_genus_species,Klebsiella,100,substitution_1pct_N_3pct,label
hybrid_ckmer5_csp,logistic,130,3,654,0.3076923076923077,0.3046170517434885,within_genus_species,Klebsiella,100,substitution_1pct_N_3pct,label
hybrid_ckmer5_csp,mlp,130,3,654,0.3333333333333333,0.24955814775539062,within_genus_species,Klebsiella,100,substitution_1pct_N_3pct,label
ckmer5_count_l2,nearest_centroid,119,2,507,0.6944444444444444,0.6302521008403361,target_background,Klebsiella,100,substitution_1pct_N_3pct,target_binary
ckmer5_count_l2,logistic,119,2,507,0.6388888888888888,0.535253227408143,target_background,Klebsiella,100,substitution_1pct_N_3pct,target_binary
ckmer5_count_l2,mlp,119,2,507,0.3611111111111111,0.3360064153969527,target_background,Klebsiella,100,substitution_1pct_N_3pct,target_binary
ckmer7_count_l2,nearest_centroid,119,2,4547,0.6944444444444444,0.4837027379400261,target_background,Klebsiella,100,substitution_1pct_N_3pct,target_binary
ckmer7_count_l2,logistic,119,2,4547,0.6944444444444444,0.4837027379400261,target_background,Klebsiella,100,substitution_1pct_N_3pct,target_binary
ckmer7_count_l2,mlp,119,2,4547,0.5277777777777778,0.45696539485359355,target_background,Klebsiella,100,substitution_1pct_N_3pct,target_binary
cspaced_count_l2,nearest_centroid,119,2,136,0.4722222222222222,0.3930789707187223,target_background,Klebsiella,100,substitution_1pct_N_3pct,target_binary
cspaced_count_l2,logistic,119,2,136,0.5833333333333334,0.4957983193277311,target_background,Klebsiella,100,substitution_1pct_N_3pct,target_binary
cspaced_count_l2,mlp,119,2,136,0.6666666666666666,0.46798029556650245,target_background,Klebsiella,100,substitution_1pct_N_3pct,target_binary
cspaced_property_l2,nearest_centroid,119,2,147,0.5,0.4109090909090909,target_background,Klebsiella,100,substitution_1pct_N_3pct,target_binary
cspaced_property_l2,logistic,119,2,147,0.5555555555555556,0.5,target_background,Klebsiella,100,substitution_1pct_N_3pct,target_binary
cspaced_property_l2,mlp,119,2,147,0.6666666666666666,0.5846153846153846,target_background,Klebsiella,100,substitution_1pct_N_3pct,target_binary
hybrid_ckmer5_csp,nearest_centroid,119,2,654,0.7222222222222222,0.6538461538461539,target_background,Klebsiella,100,substitution_1pct_N_3pct,target_binary
hybrid_ckmer5_csp,logistic,119,2,654,0.6666666666666666,0.5555555555555556,target_background,Klebsiella,100,substitution_1pct_N_3pct,target_binary
hybrid_ckmer5_csp,mlp,119,2,654,0.5555555555555556,0.55,target_background,Klebsiella,100,substitution_1pct_N_3pct,target_binary
ckmer5_count_l2,nearest_centroid,164,4,512,0.32,0.3094757094757095,within_genus_species,Acinetobacter,150,clean,label
ckmer5_count_l2,logistic,164,4,512,0.38,0.3676994835915376,within_genus_species,Acinetobacter,150,clean,label
ckmer5_count_l2,mlp,164,4,512,0.36,0.25969827586206895,within_genus_species,Acinetobacter,150,clean,label
ckmer7_count_l2,nearest_centroid,164,4,6763,0.36,0.31842105263157894,within_genus_species,Acinetobacter,150,clean,label
ckmer7_count_l2,logistic,164,4,6763,0.32,0.3197463768115942,within_genus_species,Acinetobacter,150,clean,label
ckmer7_count_l2,mlp,164,4,6763,0.24,0.23607954545454546,within_genus_species,Acinetobacter,150,clean,label
cspaced_count_l2,nearest_centroid,164,4,136,0.34,0.3406451612903226,within_genus_species,Acinetobacter,150,clean,label
cspaced_count_l2,logistic,164,4,136,0.28,0.27750761371451027,within_genus_species,Acinetobacter,150,clean,label
cspaced_count_l2,mlp,164,4,136,0.28,0.26873655913978495,within_genus_species,Acinetobacter,150,clean,label
cspaced_property_l2,nearest_centroid,164,4,147,0.34,0.339573732718894,within_genus_species,Acinetobacter,150,clean,label
cspaced_property_l2,logistic,164,4,147,0.3,0.3048732943469785,within_genus_species,Acinetobacter,150,clean,label
cspaced_property_l2,mlp,164,4,147,0.24,0.2374384236453202,within_genus_species,Acinetobacter,150,clean,label
hybrid_ckmer5_csp,nearest_centroid,164,4,659,0.34,0.3253246753246753,within_genus_species,Acinetobacter,150,clean,label
hybrid_ckmer5_csp,logistic,164,4,659,0.38,0.36855990783410136,within_genus_species,Acinetobacter,150,clean,label
hybrid_ckmer5_csp,mlp,164,4,659,0.32,0.26900527009222663,within_genus_species,Acinetobacter,150,clean,label
ckmer5_count_l2,nearest_centroid,118,3,510,0.4722222222222222,0.4704585537918871,within_genus_species,Burkholderia,150,clean,label
ckmer5_count_l2,logistic,118,3,510,0.2777777777777778,0.25914423740510695,within_genus_species,Burkholderia,150,clean,label
ckmer5_count_l2,mlp,118,3,510,0.4722222222222222,0.42305764411027563,within_genus_species,Burkholderia,150,clean,label
ckmer7_count_l2,nearest_centroid,118,3,4703,0.3888888888888889,0.3768615692153923,within_genus_species,Burkholderia,150,clean,label
ckmer7_count_l2,logistic,118,3,4703,0.2777777777777778,0.24736303123399894,within_genus_species,Burkholderia,150,clean,label
ckmer7_count_l2,mlp,118,3,4703,0.3611111111111111,0.3017902813299233,within_genus_species,Burkholderia,150,clean,label
cspaced_count_l2,nearest_centroid,118,3,136,0.3888888888888889,0.384004884004884,within_genus_species,Burkholderia,150,clean,label
cspaced_count_l2,logistic,118,3,136,0.5277777777777778,0.5087301587301587,within_genus_species,Burkholderia,150,clean,label
cspaced_count_l2,mlp,118,3,136,0.3055555555555556,0.27058823529411763,within_genus_species,Burkholderia,150,clean,label
cspaced_property_l2,nearest_centroid,118,3,147,0.4166666666666667,0.40942424715244186,within_genus_species,Burkholderia,150,clean,label
cspaced_property_l2,logistic,118,3,147,0.5277777777777778,0.5066041540633193,within_genus_species,Burkholderia,150,clean,label
cspaced_property_l2,mlp,118,3,147,0.16666666666666666,0.14285714285714288,within_genus_species,Burkholderia,150,clean,label
hybrid_ckmer5_csp,nearest_centroid,118,3,657,0.4722222222222222,0.4704585537918871,within_genus_species,Burkholderia,150,clean,label
hybrid_ckmer5_csp,logistic,118,3,657,0.4722222222222222,0.4715151515151515,within_genus_species,Burkholderia,150,clean,label
hybrid_ckmer5_csp,mlp,118,3,657,0.3888888888888889,0.3488164856585909,within_genus_species,Burkholderia,150,clean,label
ckmer5_count_l2,nearest_centroid,117,2,510,0.6111111111111112,0.48148148148148145,target_background,Burkholderia,150,clean,target_binary
ckmer5_count_l2,logistic,117,2,510,0.6944444444444444,0.5368421052631579,target_background,Burkholderia,150,clean,target_binary
ckmer5_count_l2,mlp,117,2,510,0.7222222222222222,0.5,target_background,Burkholderia,150,clean,target_binary
ckmer7_count_l2,nearest_centroid,117,2,4692,0.6944444444444444,0.4837027379400261,target_background,Burkholderia,150,clean,target_binary
ckmer7_count_l2,logistic,117,2,4692,0.6944444444444444,0.4098360655737705,target_background,Burkholderia,150,clean,target_binary
ckmer7_count_l2,mlp,117,2,4692,0.4722222222222222,0.4618410700236035,target_background,Burkholderia,150,clean,target_binary
cspaced_count_l2,nearest_centroid,117,2,136,0.6111111111111112,0.5418181818181818,target_background,Burkholderia,150,clean,target_binary
cspaced_count_l2,logistic,117,2,136,0.6111111111111112,0.5153846153846153,target_background,Burkholderia,150,clean,target_binary
cspaced_count_l2,mlp,117,2,136,0.6944444444444444,0.5368421052631579,target_background,Burkholderia,150,clean,target_binary
cspaced_property_l2,nearest_centroid,117,2,147,0.6111111111111112,0.5418181818181818,target_background,Burkholderia,150,clean,target_binary
cspaced_property_l2,logistic,117,2,147,0.6111111111111112,0.5153846153846153,target_background,Burkholderia,150,clean,target_binary
cspaced_property_l2,mlp,117,2,147,0.6388888888888888,0.5630252100840336,target_background,Burkholderia,150,clean,target_binary
hybrid_ckmer5_csp,nearest_centroid,117,2,657,0.6111111111111112,0.48148148148148145,target_background,Burkholderia,150,clean,target_binary
hybrid_ckmer5_csp,logistic,117,2,657,0.7222222222222222,0.5566502463054187,target_background,Burkholderia,150,clean,target_binary
hybrid_ckmer5_csp,mlp,117,2,657,0.6388888888888888,0.535253227408143,target_background,Burkholderia,150,clean,target_binary
ckmer5_count_l2,nearest_centroid,180,4,512,0.2777777777777778,0.2875689382919639,within_genus_species,Candida,150,clean,label
ckmer5_count_l2,logistic,180,4,512,0.2962962962962963,0.2903469477382521,within_genus_species,Candida,150,clean,label
ckmer5_count_l2,mlp,180,4,512,0.3333333333333333,0.29059207157679146,within_genus_species,Candida,150,clean,label
ckmer7_count_l2,nearest_centroid,180,4,6289,0.2777777777777778,0.2835332230493521,within_genus_species,Candida,150,clean,label
ckmer7_count_l2,logistic,180,4,6289,0.2962962962962963,0.30798237245013854,within_genus_species,Candida,150,clean,label
ckmer7_count_l2,mlp,180,4,6289,0.2962962962962963,0.2974846711259755,within_genus_species,Candida,150,clean,label
cspaced_count_l2,nearest_centroid,180,4,136,0.3333333333333333,0.32916666666666666,within_genus_species,Candida,150,clean,label
cspaced_count_l2,logistic,180,4,136,0.25925925925925924,0.26558839910233095,within_genus_species,Candida,150,clean,label
cspaced_count_l2,mlp,180,4,136,0.12962962962962962,0.12131868131868132,within_genus_species,Candida,150,clean,label
cspaced_property_l2,nearest_centroid,180,4,147,0.3148148148148148,0.31153609831029183,within_genus_species,Candida,150,clean,label
cspaced_property_l2,logistic,180,4,147,0.3148148148148148,0.3154965404965405,within_genus_species,Candida,150,clean,label
cspaced_property_l2,mlp,180,4,147,0.25925925925925924,0.2035570638511815,within_genus_species,Candida,150,clean,label
hybrid_ckmer5_csp,nearest_centroid,180,4,659,0.2777777777777778,0.2875689382919639,within_genus_species,Candida,150,clean,label
hybrid_ckmer5_csp,logistic,180,4,659,0.3333333333333333,0.3380952380952381,within_genus_species,Candida,150,clean,label
hybrid_ckmer5_csp,mlp,180,4,659,0.24074074074074073,0.22291666666666665,within_genus_species,Candida,150,clean,label
ckmer5_count_l2,nearest_centroid,130,2,511,0.5128205128205128,0.501010101010101,target_background,Candida,150,clean,target_binary
ckmer5_count_l2,logistic,130,2,511,0.5128205128205128,0.507641196013289,target_background,Candida,150,clean,target_binary
ckmer5_count_l2,mlp,130,2,511,0.4358974358974359,0.43253968253968256,target_background,Candida,150,clean,target_binary
ckmer7_count_l2,nearest_centroid,130,2,5746,0.5897435897435898,0.4935064935064935,target_background,Candida,150,clean,target_binary
ckmer7_count_l2,logistic,130,2,5746,0.5384615384615384,0.39482758620689656,target_background,Candida,150,clean,target_binary
ckmer7_count_l2,mlp,130,2,5746,0.38461538461538464,0.38095238095238093,target_background,Candida,150,clean,target_binary
cspaced_count_l2,nearest_centroid,130,2,136,0.5384615384615384,0.5357142857142857,target_background,Candida,150,clean,target_binary
cspaced_count_l2,logistic,130,2,136,0.5641025641025641,0.544955387783116,target_background,Candida,150,clean,target_binary
cspaced_count_l2,mlp,130,2,136,0.38461538461538464,0.3314285714285714,target_background,Candida,150,clean,target_binary
cspaced_property_l2,nearest_centroid,130,2,147,0.5128205128205128,0.5115359261700725,target_background,Candida,150,clean,target_binary
cspaced_property_l2,logistic,130,2,147,0.46153846153846156,0.4484848484848485,target_background,Candida,150,clean,target_binary
cspaced_property_l2,mlp,130,2,147,0.38461538461538464,0.3641304347826087,target_background,Candida,150,clean,target_binary
hybrid_ckmer5_csp,nearest_centroid,130,2,658,0.5641025641025641,0.5535353535353535,target_background,Candida,150,clean,target_binary
hybrid_ckmer5_csp,logistic,130,2,658,0.6410256410256411,0.6290760869565217,target_background,Candida,150,clean,target_binary
hybrid_ckmer5_csp,mlp,130,2,658,0.6153846153846154,0.606060606060606,target_background,Candida,150,clean,target_binary
ckmer5_count_l2,nearest_centroid,219,5,512,0.18181818181818182,0.17297109021246954,within_genus_species,Enterobacter,150,clean,label
ckmer5_count_l2,logistic,219,5,512,0.18181818181818182,0.18237334324290846,within_genus_species,Enterobacter,150,clean,label
ckmer5_count_l2,mlp,219,5,512,0.18181818181818182,0.17706513293469817,within_genus_species,Enterobacter,150,clean,label
ckmer7_count_l2,nearest_centroid,219,5,7266,0.15151515151515152,0.14915295446241741,within_genus_species,Enterobacter,150,clean,label
ckmer7_count_l2,logistic,219,5,7266,0.12121212121212122,0.12277085877085876,within_genus_species,Enterobacter,150,clean,label
ckmer7_count_l2,mlp,219,5,7266,0.21212121212121213,0.1861823361823362,within_genus_species,Enterobacter,150,clean,label
cspaced_count_l2,nearest_centroid,219,5,136,0.15151515151515152,0.14302987395191294,within_genus_species,Enterobacter,150,clean,label
cspaced_count_l2,logistic,219,5,136,0.19696969696969696,0.17677168956368067,within_genus_species,Enterobacter,150,clean,label
cspaced_count_l2,mlp,219,5,136,0.19696969696969696,0.19030769230769232,within_genus_species,Enterobacter,150,clean,label
cspaced_property_l2,nearest_centroid,219,5,147,0.16666666666666666,0.1563022700119474,within_genus_species,Enterobacter,150,clean,label
cspaced_property_l2,logistic,219,5,147,0.18181818181818182,0.16282467532467532,within_genus_species,Enterobacter,150,clean,label
cspaced_property_l2,mlp,219,5,147,0.15151515151515152,0.12886886886886886,within_genus_species,Enterobacter,150,clean,label
hybrid_ckmer5_csp,nearest_centroid,219,5,659,0.19696969696969696,0.18980857851825594,within_genus_species,Enterobacter,150,clean,label
hybrid_ckmer5_csp,logistic,219,5,659,0.15151515151515152,0.1526083112290009,within_genus_species,Enterobacter,150,clean,label
hybrid_ckmer5_csp,mlp,219,5,659,0.16666666666666666,0.10515396553132401,within_genus_species,Enterobacter,150,clean,label
ckmer5_count_l2,nearest_centroid,121,2,510,0.5945945945945946,0.4688995215311005,target_background,Enterobacter,150,clean,target_binary
ckmer5_count_l2,logistic,121,2,510,0.5675675675675675,0.45185185185185184,target_background,Enterobacter,150,clean,target_binary
ckmer5_count_l2,mlp,121,2,510,0.6486486486486487,0.45649717514124294,target_background,Enterobacter,150,clean,target_binary
ckmer7_count_l2,nearest_centroid,121,2,6252,0.6216216216216216,0.38333333333333336,target_background,Enterobacter,150,clean,target_binary
ckmer7_count_l2,logistic,121,2,6252,0.6216216216216216,0.38333333333333336,target_background,Enterobacter,150,clean,target_binary
ckmer7_count_l2,mlp,121,2,6252,0.6216216216216216,0.38333333333333336,target_background,Enterobacter,150,clean,target_binary
cspaced_count_l2,nearest_centroid,121,2,136,0.6216216216216216,0.5849358974358975,target_background,Enterobacter,150,clean,target_binary
cspaced_count_l2,logistic,121,2,136,0.6216216216216216,0.5472027972027972,target_background,Enterobacter,150,clean,target_binary
cspaced_count_l2,mlp,121,2,136,0.5945945945945946,0.42724458204334365,target_background,Enterobacter,150,clean,target_binary
cspaced_property_l2,nearest_centroid,121,2,147,0.5945945945945946,0.5626477541371158,target_background,Enterobacter,150,clean,target_binary
cspaced_property_l2,logistic,121,2,147,0.6216216216216216,0.5203703703703704,target_background,Enterobacter,150,clean,target_binary
cspaced_property_l2,mlp,121,2,147,0.5945945945945946,0.5469387755102041,target_background,Enterobacter,150,clean,target_binary
hybrid_ckmer5_csp,nearest_centroid,121,2,657,0.5945945945945946,0.5013477088948787,target_background,Enterobacter,150,clean,target_binary
hybrid_ckmer5_csp,logistic,121,2,657,0.5675675675675675,0.4126984126984127,target_background,Enterobacter,150,clean,target_binary
hybrid_ckmer5_csp,mlp,121,2,657,0.43243243243243246,0.3375959079283888,target_background,Enterobacter,150,clean,target_binary
ckmer5_count_l2,nearest_centroid,89,2,510,0.7037037037037037,0.7032967032967032,within_genus_species,Escherichia,150,clean,label
ckmer5_count_l2,logistic,89,2,510,0.5555555555555556,0.554945054945055,within_genus_species,Escherichia,150,clean,label
ckmer5_count_l2,mlp,89,2,510,0.48148148148148145,0.3782894736842105,within_genus_species,Escherichia,150,clean,label
ckmer7_count_l2,nearest_centroid,89,2,5644,0.5555555555555556,0.55,within_genus_species,Escherichia,150,clean,label
ckmer7_count_l2,logistic,89,2,5644,0.5925925925925926,0.5903448275862069,within_genus_species,Escherichia,150,clean,label
ckmer7_count_l2,mlp,89,2,5644,0.5555555555555556,0.55,within_genus_species,Escherichia,150,clean,label
cspaced_count_l2,nearest_centroid,89,2,136,0.5925925925925926,0.5925925925925926,within_genus_species,Escherichia,150,clean,label
cspaced_count_l2,logistic,89,2,136,0.48148148148148145,0.4807692307692308,within_genus_species,Escherichia,150,clean,label
cspaced_count_l2,mlp,89,2,136,0.48148148148148145,0.325,within_genus_species,Escherichia,150,clean,label
cspaced_property_l2,nearest_centroid,89,2,147,0.6666666666666666,0.6666666666666666,within_genus_species,Escherichia,150,clean,label
cspaced_property_l2,logistic,89,2,147,0.5925925925925926,0.5925925925925926,within_genus_species,Escherichia,150,clean,label
cspaced_property_l2,mlp,89,2,147,0.5185185185185185,0.4935064935064935,within_genus_species,Escherichia,150,clean,label
hybrid_ckmer5_csp,nearest_centroid,89,2,657,0.6666666666666666,0.6666666666666666,within_genus_species,Escherichia,150,clean,label
hybrid_ckmer5_csp,logistic,89,2,657,0.5925925925925926,0.5925925925925926,within_genus_species,Escherichia,150,clean,label
hybrid_ckmer5_csp,mlp,89,2,657,0.37037037037037035,0.37037037037037035,within_genus_species,Escherichia,150,clean,label
ckmer5_count_l2,nearest_centroid,89,2,510,0.7037037037037037,0.7032967032967032,target_background,Escherichia,150,clean,target_binary
ckmer5_count_l2,logistic,89,2,510,0.5555555555555556,0.554945054945055,target_background,Escherichia,150,clean,target_binary
ckmer5_count_l2,mlp,89,2,510,0.48148148148148145,0.3782894736842105,target_background,Escherichia,150,clean,target_binary
ckmer7_count_l2,nearest_centroid,89,2,5644,0.5555555555555556,0.55,target_background,Escherichia,150,clean,target_binary
ckmer7_count_l2,logistic,89,2,5644,0.5925925925925926,0.5903448275862069,target_background,Escherichia,150,clean,target_binary
ckmer7_count_l2,mlp,89,2,5644,0.5555555555555556,0.55,target_background,Escherichia,150,clean,target_binary
cspaced_count_l2,nearest_centroid,89,2,136,0.5925925925925926,0.5925925925925926,target_background,Escherichia,150,clean,target_binary
cspaced_count_l2,logistic,89,2,136,0.48148148148148145,0.4807692307692308,target_background,Escherichia,150,clean,target_binary
cspaced_count_l2,mlp,89,2,136,0.48148148148148145,0.325,target_background,Escherichia,150,clean,target_binary
cspaced_property_l2,nearest_centroid,89,2,147,0.6666666666666666,0.6666666666666666,target_background,Escherichia,150,clean,target_binary
cspaced_property_l2,logistic,89,2,147,0.5925925925925926,0.5925925925925926,target_background,Escherichia,150,clean,target_binary
cspaced_property_l2,mlp,89,2,147,0.5185185185185185,0.4935064935064935,target_background,Escherichia,150,clean,target_binary
hybrid_ckmer5_csp,nearest_centroid,89,2,657,0.6666666666666666,0.6666666666666666,target_background,Escherichia,150,clean,target_binary
hybrid_ckmer5_csp,logistic,89,2,657,0.5925925925925926,0.5925925925925926,target_background,Escherichia,150,clean,target_binary
hybrid_ckmer5_csp,mlp,89,2,657,0.37037037037037035,0.37037037037037035,target_background,Escherichia,150,clean,target_binary
ckmer5_count_l2,nearest_centroid,130,3,512,0.23076923076923078,0.21587301587301588,within_genus_species,Klebsiella,150,clean,label
ckmer5_count_l2,logistic,130,3,512,0.2564102564102564,0.24783549783549783,within_genus_species,Klebsiella,150,clean,label
ckmer5_count_l2,mlp,130,3,512,0.38461538461538464,0.39563218390804594,within_genus_species,Klebsiella,150,clean,label
ckmer7_count_l2,nearest_centroid,130,3,6226,0.38461538461538464,0.3225357018460467,within_genus_species,Klebsiella,150,clean,label
ckmer7_count_l2,logistic,130,3,6226,0.41025641025641024,0.35505698005698005,within_genus_species,Klebsiella,150,clean,label
ckmer7_count_l2,mlp,130,3,6226,0.358974358974359,0.2585034013605442,within_genus_species,Klebsiella,150,clean,label
cspaced_count_l2,nearest_centroid,130,3,136,0.41025641025641024,0.39765252668478474,within_genus_species,Klebsiella,150,clean,label
cspaced_count_l2,logistic,130,3,136,0.41025641025641024,0.4246794871794872,within_genus_species,Klebsiella,150,clean,label
cspaced_count_l2,mlp,130,3,136,0.358974358974359,0.35362318840579715,within_genus_species,Klebsiella,150,clean,label
cspaced_property_l2,nearest_centroid,130,3,147,0.38461538461538464,0.37213403880070545,within_genus_species,Klebsiella,150,clean,label
cspaced_property_l2,logistic,130,3,147,0.46153846153846156,0.4592592592592592,within_genus_species,Klebsiella,150,clean,label
cspaced_property_l2,mlp,130,3,147,0.5128205128205128,0.5266060104769782,within_genus_species,Klebsiella,150,clean,label
hybrid_ckmer5_csp,nearest_centroid,130,3,659,0.3333333333333333,0.29894179894179895,within_genus_species,Klebsiella,150,clean,label
hybrid_ckmer5_csp,logistic,130,3,659,0.2564102564102564,0.2579710144927536,within_genus_species,Klebsiella,150,clean,label
hybrid_ckmer5_csp,mlp,130,3,659,0.4358974358974359,0.3891792489353465,within_genus_species,Klebsiella,150,clean,label
ckmer5_count_l2,nearest_centroid,119,2,512,0.6111111111111112,0.5153846153846153,target_background,Klebsiella,150,clean,target_binary
ckmer5_count_l2,logistic,119,2,512,0.5277777777777778,0.42857142857142855,target_background,Klebsiella,150,clean,target_binary
ckmer5_count_l2,mlp,119,2,512,0.6388888888888888,0.5630252100840336,target_background,Klebsiella,150,clean,target_binary
ckmer7_count_l2,nearest_centroid,119,2,6061,0.6388888888888888,0.3898305084745763,target_background,Klebsiella,150,clean,target_binary
ckmer7_count_l2,logistic,119,2,6061,0.6666666666666666,0.4,target_background,Klebsiella,150,clean,target_binary
ckmer7_count_l2,mlp,119,2,6061,0.5,0.4984520123839009,target_background,Klebsiella,150,clean,target_binary
cspaced_count_l2,nearest_centroid,119,2,136,0.5555555555555556,0.5324675324675324,target_background,Klebsiella,150,clean,target_binary
cspaced_count_l2,logistic,119,2,136,0.5277777777777778,0.4962962962962963,target_background,Klebsiella,150,clean,target_binary
cspaced_count_l2,mlp,119,2,136,0.6111111111111112,0.3793103448275862,target_background,Klebsiella,150,clean,target_binary
cspaced_property_l2,nearest_centroid,119,2,147,0.5833333333333334,0.5555555555555556,target_background,Klebsiella,150,clean,target_binary
cspaced_property_l2,logistic,119,2,147,0.5277777777777778,0.4962962962962963,target_background,Klebsiella,150,clean,target_binary
cspaced_property_l2,mlp,119,2,147,0.5833333333333334,0.42245989304812837,target_background,Klebsiella,150,clean,target_binary
hybrid_ckmer5_csp,nearest_centroid,119,2,659,0.6111111111111112,0.5153846153846153,target_background,Klebsiella,150,clean,target_binary
hybrid_ckmer5_csp,logistic,119,2,659,0.5555555555555556,0.4461538461538461,target_background,Klebsiella,150,clean,target_binary
hybrid_ckmer5_csp,mlp,119,2,659,0.5,0.4984520123839009,target_background,Klebsiella,150,clean,target_binary
ckmer5_count_l2,nearest_centroid,164,4,512,0.3,0.2957908697473126,within_genus_species,Acinetobacter,150,substitution_1pct,label
ckmer5_count_l2,logistic,164,4,512,0.36,0.3557286042293539,within_genus_species,Acinetobacter,150,substitution_1pct,label
ckmer5_count_l2,mlp,164,4,512,0.34,0.28084163898117387,within_genus_species,Acinetobacter,150,substitution_1pct,label
ckmer7_count_l2,nearest_centroid,164,4,6798,0.32,0.28321870015948963,within_genus_species,Acinetobacter,150,substitution_1pct,label
ckmer7_count_l2,logistic,164,4,6798,0.28,0.28009259259259256,within_genus_species,Acinetobacter,150,substitution_1pct,label
ckmer7_count_l2,mlp,164,4,6798,0.24,0.220066294769181,within_genus_species,Acinetobacter,150,substitution_1pct,label
cspaced_count_l2,nearest_centroid,164,4,136,0.26,0.26203331900483323,within_genus_species,Acinetobacter,150,substitution_1pct,label
cspaced_count_l2,logistic,164,4,136,0.2,0.20867874815243234,within_genus_species,Acinetobacter,150,substitution_1pct,label
cspaced_count_l2,mlp,164,4,136,0.3,0.2900658761528327,within_genus_species,Acinetobacter,150,substitution_1pct,label
cspaced_property_l2,nearest_centroid,164,4,147,0.28,0.2844239094239094,within_genus_species,Acinetobacter,150,substitution_1pct,label
cspaced_property_l2,logistic,164,4,147,0.16,0.17854868443103739,within_genus_species,Acinetobacter,150,substitution_1pct,label
cspaced_property_l2,mlp,164,4,147,0.2,0.18168010447422211,within_genus_species,Acinetobacter,150,substitution_1pct,label
hybrid_ckmer5_csp,nearest_centroid,164,4,659,0.26,0.25614058355437663,within_genus_species,Acinetobacter,150,substitution_1pct,label
hybrid_ckmer5_csp,logistic,164,4,659,0.28,0.2736869603475774,within_genus_species,Acinetobacter,150,substitution_1pct,label
hybrid_ckmer5_csp,mlp,164,4,659,0.34,0.31392276422764226,within_genus_species,Acinetobacter,150,substitution_1pct,label
ckmer5_count_l2,nearest_centroid,118,3,510,0.4722222222222222,0.4715506715506715,within_genus_species,Burkholderia,150,substitution_1pct,label
ckmer5_count_l2,logistic,118,3,510,0.3611111111111111,0.36305361305361306,within_genus_species,Burkholderia,150,substitution_1pct,label
ckmer5_count_l2,mlp,118,3,510,0.3611111111111111,0.25555555555555554,within_genus_species,Burkholderia,150,substitution_1pct,label
ckmer7_count_l2,nearest_centroid,118,3,4832,0.3611111111111111,0.345338441890166,within_genus_species,Burkholderia,150,substitution_1pct,label
ckmer7_count_l2,logistic,118,3,4832,0.4444444444444444,0.43209876543209874,within_genus_species,Burkholderia,150,substitution_1pct,label
ckmer7_count_l2,mlp,118,3,4832,0.2777777777777778,0.21763448969331323,within_genus_species,Burkholderia,150,substitution_1pct,label
cspaced_count_l2,nearest_centroid,118,3,136,0.5,0.49397355194456644,within_genus_species,Burkholderia,150,substitution_1pct,label
cspaced_count_l2,logistic,118,3,136,0.4722222222222222,0.4536497984773846,within_genus_species,Burkholderia,150,substitution_1pct,label
cspaced_count_l2,mlp,118,3,136,0.3888888888888889,0.3586458815660853,within_genus_species,Burkholderia,150,substitution_1pct,label
cspaced_property_l2,nearest_centroid,118,3,147,0.5277777777777778,0.52311939268461,within_genus_species,Burkholderia,150,substitution_1pct,label
cspaced_property_l2,logistic,118,3,147,0.5555555555555556,0.544168391994479,within_genus_species,Burkholderia,150,substitution_1pct,label
cspaced_property_l2,mlp,118,3,147,0.19444444444444445,0.16666666666666666,within_genus_species,Burkholderia,150,substitution_1pct,label
hybrid_ckmer5_csp,nearest_centroid,118,3,657,0.4444444444444444,0.4448484848484848,within_genus_species,Burkholderia,150,substitution_1pct,label
hybrid_ckmer5_csp,logistic,118,3,657,0.4166666666666667,0.41251207729468603,within_genus_species,Burkholderia,150,substitution_1pct,label
hybrid_ckmer5_csp,mlp,118,3,657,0.2777777777777778,0.23975615887380594,within_genus_species,Burkholderia,150,substitution_1pct,label
ckmer5_count_l2,nearest_centroid,117,2,510,0.6111111111111112,0.5153846153846153,target_background,Burkholderia,150,substitution_1pct,target_binary
ckmer5_count_l2,logistic,117,2,510,0.6944444444444444,0.5368421052631579,target_background,Burkholderia,150,substitution_1pct,target_binary
ckmer5_count_l2,mlp,117,2,510,0.75,0.6210526315789473,target_background,Burkholderia,150,substitution_1pct,target_binary
ckmer7_count_l2,nearest_centroid,117,2,4818,0.6944444444444444,0.4837027379400261,target_background,Burkholderia,150,substitution_1pct,target_binary
ckmer7_count_l2,logistic,117,2,4818,0.7222222222222222,0.5,target_background,Burkholderia,150,substitution_1pct,target_binary
ckmer7_count_l2,mlp,117,2,4818,0.6111111111111112,0.48148148148148145,target_background,Burkholderia,150,substitution_1pct,target_binary
cspaced_count_l2,nearest_centroid,117,2,136,0.6111111111111112,0.5418181818181818,target_background,Burkholderia,150,substitution_1pct,target_binary
cspaced_count_l2,logistic,117,2,136,0.6111111111111112,0.48148148148148145,target_background,Burkholderia,150,substitution_1pct,target_binary
cspaced_count_l2,mlp,117,2,136,0.6944444444444444,0.5368421052631579,target_background,Burkholderia,150,substitution_1pct,target_binary
cspaced_property_l2,nearest_centroid,117,2,147,0.6944444444444444,0.6302521008403361,target_background,Burkholderia,150,substitution_1pct,target_binary
cspaced_property_l2,logistic,117,2,147,0.6111111111111112,0.5153846153846153,target_background,Burkholderia,150,substitution_1pct,target_binary
cspaced_property_l2,mlp,117,2,147,0.6388888888888888,0.5847382431233363,target_background,Burkholderia,150,substitution_1pct,target_binary
hybrid_ckmer5_csp,nearest_centroid,117,2,657,0.6111111111111112,0.5153846153846153,target_background,Burkholderia,150,substitution_1pct,target_binary
hybrid_ckmer5_csp,logistic,117,2,657,0.6944444444444444,0.4837027379400261,target_background,Burkholderia,150,substitution_1pct,target_binary
hybrid_ckmer5_csp,mlp,117,2,657,0.6388888888888888,0.5630252100840336,target_background,Burkholderia,150,substitution_1pct,target_binary
ckmer5_count_l2,nearest_centroid,180,4,512,0.3148148148148148,0.3194444444444444,within_genus_species,Candida,150,substitution_1pct,label
ckmer5_count_l2,logistic,180,4,512,0.3333333333333333,0.32907824933687,within_genus_species,Candida,150,substitution_1pct,label
ckmer5_count_l2,mlp,180,4,512,0.2777777777777778,0.22907268170426065,within_genus_species,Candida,150,substitution_1pct,label
ckmer7_count_l2,nearest_centroid,180,4,6331,0.2222222222222222,0.2294179894179894,within_genus_species,Candida,150,substitution_1pct,label
ckmer7_count_l2,logistic,180,4,6331,0.24074074074074073,0.24805194805194805,within_genus_species,Candida,150,substitution_1pct,label
ckmer7_count_l2,mlp,180,4,6331,0.24074074074074073,0.21781609195402302,within_genus_species,Candida,150,substitution_1pct,label
cspaced_count_l2,nearest_centroid,180,4,136,0.2777777777777778,0.2726712942230184,within_genus_species,Candida,150,substitution_1pct,label
cspaced_count_l2,logistic,180,4,136,0.3333333333333333,0.3274239350912779,within_genus_species,Candida,150,substitution_1pct,label
cspaced_count_l2,mlp,180,4,136,0.2037037037037037,0.206031746031746,within_genus_species,Candida,150,substitution_1pct,label
cspaced_property_l2,nearest_centroid,180,4,147,0.3148148148148148,0.309747049552147,within_genus_species,Candida,150,substitution_1pct,label
cspaced_property_l2,logistic,180,4,147,0.3333333333333333,0.3130827505827506,within_genus_species,Candida,150,substitution_1pct,label
cspaced_property_l2,mlp,180,4,147,0.25925925925925924,0.20735294117647057,within_genus_species,Candida,150,substitution_1pct,label
hybrid_ckmer5_csp,nearest_centroid,180,4,659,0.3148148148148148,0.3203338806787082,within_genus_species,Candida,150,substitution_1pct,label
hybrid_ckmer5_csp,logistic,180,4,659,0.35185185185185186,0.3488152749022314,within_genus_species,Candida,150,substitution_1pct,label
hybrid_ckmer5_csp,mlp,180,4,659,0.16666666666666666,0.1430229716520039,within_genus_species,Candida,150,substitution_1pct,label
ckmer5_count_l2,nearest_centroid,130,2,511,0.48717948717948717,0.4701086956521739,target_background,Candida,150,substitution_1pct,target_binary
ckmer5_count_l2,logistic,130,2,511,0.5384615384615384,0.5307486631016043,target_background,Candida,150,substitution_1pct,target_binary
ckmer5_count_l2,mlp,130,2,511,0.38461538461538464,0.3641304347826087,target_background,Candida,150,substitution_1pct,target_binary
ckmer7_count_l2,nearest_centroid,130,2,5794,0.5641025641025641,0.44611528822055135,target_background,Candida,150,substitution_1pct,target_binary
ckmer7_count_l2,logistic,130,2,5794,0.5384615384615384,0.43019480519480524,target_background,Candida,150,substitution_1pct,target_binary
ckmer7_count_l2,mlp,130,2,5794,0.48717948717948717,0.4701086956521739,target_background,Candida,150,substitution_1pct,target_binary
cspaced_count_l2,nearest_centroid,130,2,136,0.5641025641025641,0.5594684385382059,target_background,Candida,150,substitution_1pct,target_binary
cspaced_count_l2,logistic,130,2,136,0.5897435897435898,0.5760869565217391,target_background,Candida,150,substitution_1pct,target_binary
cspaced_count_l2,mlp,130,2,136,0.41025641025641024,0.36875439831104856,target_background,Candida,150,substitution_1pct,target_binary
cspaced_property_l2,nearest_centroid,130,2,147,0.5128205128205128,0.507641196013289,target_background,Candida,150,substitution_1pct,target_binary
cspaced_property_l2,logistic,130,2,147,0.5384615384615384,0.5230978260869565,target_background,Candida,150,substitution_1pct,target_binary
cspaced_property_l2,mlp,130,2,147,0.3333333333333333,0.29583333333333334,target_background,Candida,150,substitution_1pct,target_binary
hybrid_ckmer5_csp,nearest_centroid,130,2,658,0.48717948717948717,0.4701086956521739,target_background,Candida,150,substitution_1pct,target_binary
hybrid_ckmer5_csp,logistic,130,2,658,0.5128205128205128,0.501010101010101,target_background,Candida,150,substitution_1pct,target_binary
hybrid_ckmer5_csp,mlp,130,2,658,0.5384615384615384,0.5307486631016043,target_background,Candida,150,substitution_1pct,target_binary
ckmer5_count_l2,nearest_centroid,219,5,512,0.18181818181818182,0.17718710918710917,within_genus_species,Enterobacter,150,substitution_1pct,label
ckmer5_count_l2,logistic,219,5,512,0.16666666666666666,0.17080734846252085,within_genus_species,Enterobacter,150,substitution_1pct,label
ckmer5_count_l2,mlp,219,5,512,0.13636363636363635,0.12475896803371363,within_genus_species,Enterobacter,150,substitution_1pct,label
ckmer7_count_l2,nearest_centroid,219,5,7361,0.2727272727272727,0.2672121212121212,within_genus_species,Enterobacter,150,substitution_1pct,label
ckmer7_count_l2,logistic,219,5,7361,0.16666666666666666,0.16036655298724262,within_genus_species,Enterobacter,150,substitution_1pct,label
ckmer7_count_l2,mlp,219,5,7361,0.15151515151515152,0.11923195084485408,within_genus_species,Enterobacter,150,substitution_1pct,label
cspaced_count_l2,nearest_centroid,219,5,136,0.18181818181818182,0.17260681347637868,within_genus_species,Enterobacter,150,substitution_1pct,label
cspaced_count_l2,logistic,219,5,136,0.21212121212121213,0.18663793103448273,within_genus_species,Enterobacter,150,substitution_1pct,label
cspaced_count_l2,mlp,219,5,136,0.19696969696969696,0.17196969696969697,within_genus_species,Enterobacter,150,substitution_1pct,label
cspaced_property_l2,nearest_centroid,219,5,147,0.16666666666666666,0.16224009207517454,within_genus_species,Enterobacter,150,substitution_1pct,label
cspaced_property_l2,logistic,219,5,147,0.19696969696969696,0.1678232583355923,within_genus_species,Enterobacter,150,substitution_1pct,label
cspaced_property_l2,mlp,219,5,147,0.18181818181818182,0.1632834757834758,within_genus_species,Enterobacter,150,substitution_1pct,label
hybrid_ckmer5_csp,nearest_centroid,219,5,659,0.18181818181818182,0.1765750775405948,within_genus_species,Enterobacter,150,substitution_1pct,label
hybrid_ckmer5_csp,logistic,219,5,659,0.13636363636363635,0.14025726307353237,within_genus_species,Enterobacter,150,substitution_1pct,label
hybrid_ckmer5_csp,mlp,219,5,659,0.13636363636363635,0.09251515151515152,within_genus_species,Enterobacter,150,substitution_1pct,label
ckmer5_count_l2,nearest_centroid,121,2,510,0.5405405405405406,0.46376811594202894,target_background,Enterobacter,150,substitution_1pct,target_binary
ckmer5_count_l2,logistic,121,2,510,0.5945945945945946,0.4688995215311005,target_background,Enterobacter,150,substitution_1pct,target_binary
ckmer5_count_l2,mlp,121,2,510,0.6486486486486487,0.5036119711042312,target_background,Enterobacter,150,substitution_1pct,target_binary
ckmer7_count_l2,nearest_centroid,121,2,6343,0.5945945945945946,0.3728813559322034,target_background,Enterobacter,150,substitution_1pct,target_binary
ckmer7_count_l2,logistic,121,2,6343,0.6486486486486487,0.39344262295081966,target_background,Enterobacter,150,substitution_1pct,target_binary
ckmer7_count_l2,mlp,121,2,6343,0.35135135135135137,0.3508771929824561,target_background,Enterobacter,150,substitution_1pct,target_binary
cspaced_count_l2,nearest_centroid,121,2,136,0.6216216216216216,0.5978260869565217,target_background,Enterobacter,150,substitution_1pct,target_binary
cspaced_count_l2,logistic,121,2,136,0.5405405405405406,0.4348607367475292,target_background,Enterobacter,150,substitution_1pct,target_binary
cspaced_count_l2,mlp,121,2,136,0.5945945945945946,0.42724458204334365,target_background,Enterobacter,150,substitution_1pct,target_binary
cspaced_property_l2,nearest_centroid,121,2,147,0.6216216216216216,0.5978260869565217,target_background,Enterobacter,150,substitution_1pct,target_binary
cspaced_property_l2,logistic,121,2,147,0.5405405405405406,0.46376811594202894,target_background,Enterobacter,150,substitution_1pct,target_binary
cspaced_property_l2,mlp,121,2,147,0.6486486486486487,0.5899403239556692,target_background,Enterobacter,150,substitution_1pct,target_binary
hybrid_ckmer5_csp,nearest_centroid,121,2,657,0.5675675675675675,0.4825174825174825,target_background,Enterobacter,150,substitution_1pct,target_binary
hybrid_ckmer5_csp,logistic,121,2,657,0.5675675675675675,0.4126984126984127,target_background,Enterobacter,150,substitution_1pct,target_binary
hybrid_ckmer5_csp,mlp,121,2,657,0.4594594594594595,0.40705128205128205,target_background,Enterobacter,150,substitution_1pct,target_binary
ckmer5_count_l2,nearest_centroid,89,2,512,0.7777777777777778,0.775,within_genus_species,Escherichia,150,substitution_1pct,label
ckmer5_count_l2,logistic,89,2,512,0.5925925925925926,0.5925925925925926,within_genus_species,Escherichia,150,substitution_1pct,label
ckmer5_count_l2,mlp,89,2,512,0.5185185185185185,0.4935064935064935,within_genus_species,Escherichia,150,substitution_1pct,label
ckmer7_count_l2,nearest_centroid,89,2,5699,0.6666666666666666,0.6666666666666666,within_genus_species,Escherichia,150,substitution_1pct,label
ckmer7_count_l2,logistic,89,2,5699,0.5925925925925926,0.5925925925925926,within_genus_species,Escherichia,150,substitution_1pct,label
ckmer7_count_l2,mlp,89,2,5699,0.48148148148148145,0.4807692307692308,within_genus_species,Escherichia,150,substitution_1pct,label
cspaced_count_l2,nearest_centroid,89,2,136,0.7037037037037037,0.7032967032967032,within_genus_species,Escherichia,150,substitution_1pct,label
cspaced_count_l2,logistic,89,2,136,0.5185185185185185,0.5185185185185185,within_genus_species,Escherichia,150,substitution_1pct,label
cspaced_count_l2,mlp,89,2,136,0.48148148148148145,0.325,within_genus_species,Escherichia,150,substitution_1pct,label
cspaced_property_l2,nearest_centroid,89,2,147,0.6666666666666666,0.6648275862068966,within_genus_species,Escherichia,150,substitution_1pct,label
cspaced_property_l2,logistic,89,2,147,0.5185185185185185,0.5185185185185185,within_genus_species,Escherichia,150,substitution_1pct,label
cspaced_property_l2,mlp,89,2,147,0.48148148148148145,0.4630681818181818,within_genus_species,Escherichia,150,substitution_1pct,label
hybrid_ckmer5_csp,nearest_centroid,89,2,659,0.7777777777777778,0.775,within_genus_species,Escherichia,150,substitution_1pct,label
hybrid_ckmer5_csp,logistic,89,2,659,0.6666666666666666,0.6666666666666666,within_genus_species,Escherichia,150,substitution_1pct,label
hybrid_ckmer5_csp,mlp,89,2,659,0.37037037037037035,0.35624123422159887,within_genus_species,Escherichia,150,substitution_1pct,label
ckmer5_count_l2,nearest_centroid,89,2,512,0.7777777777777778,0.775,target_background,Escherichia,150,substitution_1pct,target_binary
ckmer5_count_l2,logistic,89,2,512,0.5925925925925926,0.5925925925925926,target_background,Escherichia,150,substitution_1pct,target_binary
ckmer5_count_l2,mlp,89,2,512,0.5185185185185185,0.4935064935064935,target_background,Escherichia,150,substitution_1pct,target_binary
ckmer7_count_l2,nearest_centroid,89,2,5699,0.6666666666666666,0.6666666666666666,target_background,Escherichia,150,substitution_1pct,target_binary
ckmer7_count_l2,logistic,89,2,5699,0.5925925925925926,0.5925925925925926,target_background,Escherichia,150,substitution_1pct,target_binary
ckmer7_count_l2,mlp,89,2,5699,0.48148148148148145,0.4807692307692308,target_background,Escherichia,150,substitution_1pct,target_binary
cspaced_count_l2,nearest_centroid,89,2,136,0.7037037037037037,0.7032967032967032,target_background,Escherichia,150,substitution_1pct,target_binary
cspaced_count_l2,logistic,89,2,136,0.5185185185185185,0.5185185185185185,target_background,Escherichia,150,substitution_1pct,target_binary
cspaced_count_l2,mlp,89,2,136,0.48148148148148145,0.325,target_background,Escherichia,150,substitution_1pct,target_binary
cspaced_property_l2,nearest_centroid,89,2,147,0.6666666666666666,0.6648275862068966,target_background,Escherichia,150,substitution_1pct,target_binary
cspaced_property_l2,logistic,89,2,147,0.5185185185185185,0.5185185185185185,target_background,Escherichia,150,substitution_1pct,target_binary
cspaced_property_l2,mlp,89,2,147,0.48148148148148145,0.4630681818181818,target_background,Escherichia,150,substitution_1pct,target_binary
hybrid_ckmer5_csp,nearest_centroid,89,2,659,0.7777777777777778,0.775,target_background,Escherichia,150,substitution_1pct,target_binary
hybrid_ckmer5_csp,logistic,89,2,659,0.6666666666666666,0.6666666666666666,target_background,Escherichia,150,substitution_1pct,target_binary
hybrid_ckmer5_csp,mlp,89,2,659,0.37037037037037035,0.35624123422159887,target_background,Escherichia,150,substitution_1pct,target_binary
ckmer5_count_l2,nearest_centroid,130,3,512,0.23076923076923078,0.21516434765073603,within_genus_species,Klebsiella,150,substitution_1pct,label
ckmer5_count_l2,logistic,130,3,512,0.3333333333333333,0.32028218694885363,within_genus_species,Klebsiella,150,substitution_1pct,label
ckmer5_count_l2,mlp,130,3,512,0.28205128205128205,0.2923487751073958,within_genus_species,Klebsiella,150,substitution_1pct,label
ckmer7_count_l2,nearest_centroid,130,3,6271,0.358974358974359,0.32461873638344224,within_genus_species,Klebsiella,150,substitution_1pct,label
ckmer7_count_l2,logistic,130,3,6271,0.358974358974359,0.32210491034020444,within_genus_species,Klebsiella,150,substitution_1pct,label
ckmer7_count_l2,mlp,130,3,6271,0.1794871794871795,0.17306513409961685,within_genus_species,Klebsiella,150,substitution_1pct,label
cspaced_count_l2,nearest_centroid,130,3,136,0.38461538461538464,0.3590092879256966,within_genus_species,Klebsiella,150,substitution_1pct,label
cspaced_count_l2,logistic,130,3,136,0.4358974358974359,0.42616447879605773,within_genus_species,Klebsiella,150,substitution_1pct,label
cspaced_count_l2,mlp,130,3,136,0.28205128205128205,0.2603750756200847,within_genus_species,Klebsiella,150,substitution_1pct,label
cspaced_property_l2,nearest_centroid,130,3,147,0.41025641025641024,0.39409700722394225,within_genus_species,Klebsiella,150,substitution_1pct,label
cspaced_property_l2,logistic,130,3,147,0.4358974358974359,0.4247716064354434,within_genus_species,Klebsiella,150,substitution_1pct,label
cspaced_property_l2,mlp,130,3,147,0.5128205128205128,0.5226588465298142,within_genus_species,Klebsiella,150,substitution_1pct,label
hybrid_ckmer5_csp,nearest_centroid,130,3,659,0.2564102564102564,0.23554854879133316,within_genus_species,Klebsiella,150,substitution_1pct,label
hybrid_ckmer5_csp,logistic,130,3,659,0.3076923076923077,0.29434343434343435,within_genus_species,Klebsiella,150,substitution_1pct,label
hybrid_ckmer5_csp,mlp,130,3,659,0.41025641025641024,0.35793650793650794,within_genus_species,Klebsiella,150,substitution_1pct,label
ckmer5_count_l2,nearest_centroid,119,2,512,0.6388888888888888,0.535253227408143,target_background,Klebsiella,150,substitution_1pct,target_binary
ckmer5_count_l2,logistic,119,2,512,0.5555555555555556,0.4461538461538461,target_background,Klebsiella,150,substitution_1pct,target_binary
ckmer5_count_l2,mlp,119,2,512,0.6388888888888888,0.535253227408143,target_background,Klebsiella,150,substitution_1pct,target_binary
ckmer7_count_l2,nearest_centroid,119,2,6108,0.6666666666666666,0.4,target_background,Klebsiella,150,substitution_1pct,target_binary
ckmer7_count_l2,logistic,119,2,6108,0.6666666666666666,0.4,target_background,Klebsiella,150,substitution_1pct,target_binary
ckmer7_count_l2,mlp,119,2,6108,0.5277777777777778,0.5274131274131274,target_background,Klebsiella,150,substitution_1pct,target_binary
cspaced_count_l2,nearest_centroid,119,2,136,0.6111111111111112,0.6,target_background,Klebsiella,150,substitution_1pct,target_binary
cspaced_count_l2,logistic,119,2,136,0.5833333333333334,0.5404255319148936,target_background,Klebsiella,150,substitution_1pct,target_binary
cspaced_count_l2,mlp,119,2,136,0.5833333333333334,0.3684210526315789,target_background,Klebsiella,150,substitution_1pct,target_binary
cspaced_property_l2,nearest_centroid,119,2,147,0.6944444444444444,0.674074074074074,target_background,Klebsiella,150,substitution_1pct,target_binary
cspaced_property_l2,logistic,119,2,147,0.6111111111111112,0.5785953177257526,target_background,Klebsiella,150,substitution_1pct,target_binary
cspaced_property_l2,mlp,119,2,147,0.6944444444444444,0.5764705882352942,target_background,Klebsiella,150,substitution_1pct,target_binary
hybrid_ckmer5_csp,nearest_centroid,119,2,659,0.6111111111111112,0.5153846153846153,target_background,Klebsiella,150,substitution_1pct,target_binary
hybrid_ckmer5_csp,logistic,119,2,659,0.5555555555555556,0.4461538461538461,target_background,Klebsiella,150,substitution_1pct,target_binary
hybrid_ckmer5_csp,mlp,119,2,659,0.5,0.5,target_background,Klebsiella,150,substitution_1pct,target_binary
ckmer5_count_l2,nearest_centroid,164,4,512,0.4,0.3911421911421911,within_genus_species,Acinetobacter,150,N_3pct,label
ckmer5_count_l2,logistic,164,4,512,0.42,0.4090909090909091,within_genus_species,Acinetobacter,150,N_3pct,label
ckmer5_count_l2,mlp,164,4,512,0.28,0.17818181818181816,within_genus_species,Acinetobacter,150,N_3pct,label
ckmer7_count_l2,nearest_centroid,164,4,6439,0.34,0.3112347211611918,within_genus_species,Acinetobacter,150,N_3pct,label
ckmer7_count_l2,logistic,164,4,6439,0.42,0.41639194139194136,within_genus_species,Acinetobacter,150,N_3pct,label
ckmer7_count_l2,mlp,164,4,6439,0.36,0.3431279708853238,within_genus_species,Acinetobacter,150,N_3pct,label
cspaced_count_l2,nearest_centroid,164,4,136,0.32,0.3231299734748011,within_genus_species,Acinetobacter,150,N_3pct,label
cspaced_count_l2,logistic,164,4,136,0.34,0.3390804597701149,within_genus_species,Acinetobacter,150,N_3pct,label
cspaced_count_l2,mlp,164,4,136,0.24,0.23002205679625035,within_genus_species,Acinetobacter,150,N_3pct,label
cspaced_property_l2,nearest_centroid,164,4,147,0.32,0.3231299734748011,within_genus_species,Acinetobacter,150,N_3pct,label
cspaced_property_l2,logistic,164,4,147,0.3,0.3073578595317726,within_genus_species,Acinetobacter,150,N_3pct,label
cspaced_property_l2,mlp,164,4,147,0.18,0.14052287581699346,within_genus_species,Acinetobacter,150,N_3pct,label
hybrid_ckmer5_csp,nearest_centroid,164,4,659,0.36,0.3473960821786909,within_genus_species,Acinetobacter,150,N_3pct,label
hybrid_ckmer5_csp,logistic,164,4,659,0.36,0.34780564263322883,within_genus_species,Acinetobacter,150,N_3pct,label
hybrid_ckmer5_csp,mlp,164,4,659,0.34,0.3029811848461734,within_genus_species,Acinetobacter,150,N_3pct,label
ckmer5_count_l2,nearest_centroid,118,3,509,0.4166666666666667,0.4118484617340452,within_genus_species,Burkholderia,150,N_3pct,label
ckmer5_count_l2,logistic,118,3,509,0.3888888888888889,0.37904124860646604,within_genus_species,Burkholderia,150,N_3pct,label
ckmer5_count_l2,mlp,118,3,509,0.3055555555555556,0.2761904761904762,within_genus_species,Burkholderia,150,N_3pct,label
ckmer7_count_l2,nearest_centroid,118,3,4359,0.4166666666666667,0.40035826242722794,within_genus_species,Burkholderia,150,N_3pct,label
ckmer7_count_l2,logistic,118,3,4359,0.3333333333333333,0.31532069463103946,within_genus_species,Burkholderia,150,N_3pct,label
ckmer7_count_l2,mlp,118,3,4359,0.3611111111111111,0.34835890878090364,within_genus_species,Burkholderia,150,N_3pct,label
cspaced_count_l2,nearest_centroid,118,3,136,0.4444444444444444,0.42796847190439874,within_genus_species,Burkholderia,150,N_3pct,label
cspaced_count_l2,logistic,118,3,136,0.5833333333333334,0.5737373737373738,within_genus_species,Burkholderia,150,N_3pct,label
cspaced_count_l2,mlp,118,3,136,0.25,0.20350877192982456,within_genus_species,Burkholderia,150,N_3pct,label
cspaced_property_l2,nearest_centroid,118,3,147,0.4444444444444444,0.42796847190439874,within_genus_species,Burkholderia,150,N_3pct,label
cspaced_property_l2,logistic,118,3,147,0.5555555555555556,0.5492063492063491,within_genus_species,Burkholderia,150,N_3pct,label
cspaced_property_l2,mlp,118,3,147,0.2777777777777778,0.21431958274063537,within_genus_species,Burkholderia,150,N_3pct,label
hybrid_ckmer5_csp,nearest_centroid,118,3,656,0.4722222222222222,0.47222222222222227,within_genus_species,Burkholderia,150,N_3pct,label
hybrid_ckmer5_csp,logistic,118,3,656,0.4166666666666667,0.3992408557625949,within_genus_species,Burkholderia,150,N_3pct,label
hybrid_ckmer5_csp,mlp,118,3,656,0.3055555555555556,0.27611111111111114,within_genus_species,Burkholderia,150,N_3pct,label
ckmer5_count_l2,nearest_centroid,117,2,509,0.5555555555555556,0.4763636363636364,target_background,Burkholderia,150,N_3pct,target_binary
ckmer5_count_l2,logistic,117,2,509,0.6388888888888888,0.4526315789473684,target_background,Burkholderia,150,N_3pct,target_binary
ckmer5_count_l2,mlp,117,2,509,0.6111111111111112,0.48148148148148145,target_background,Burkholderia,150,N_3pct,target_binary
ckmer7_count_l2,nearest_centroid,117,2,4349,0.6666666666666666,0.46798029556650245,target_background,Burkholderia,150,N_3pct,target_binary
ckmer7_count_l2,logistic,117,2,4349,0.6944444444444444,0.4098360655737705,target_background,Burkholderia,150,N_3pct,target_binary
ckmer7_count_l2,mlp,117,2,4349,0.5,0.4109090909090909,target_background,Burkholderia,150,N_3pct,target_binary
cspaced_count_l2,nearest_centroid,117,2,136,0.6666666666666666,0.5846153846153846,target_background,Burkholderia,150,N_3pct,target_binary
cspaced_count_l2,logistic,117,2,136,0.5833333333333334,0.46375372393247266,target_background,Burkholderia,150,N_3pct,target_binary
cspaced_count_l2,mlp,117,2,136,0.6944444444444444,0.4837027379400261,target_background,Burkholderia,150,N_3pct,target_binary
cspaced_property_l2,nearest_centroid,117,2,147,0.6666666666666666,0.5846153846153846,target_background,Burkholderia,150,N_3pct,target_binary
cspaced_property_l2,logistic,117,2,147,0.6388888888888888,0.5630252100840336,target_background,Burkholderia,150,N_3pct,target_binary
cspaced_property_l2,mlp,117,2,147,0.5555555555555556,0.4461538461538461,target_background,Burkholderia,150,N_3pct,target_binary
hybrid_ckmer5_csp,nearest_centroid,117,2,656,0.6111111111111112,0.5418181818181818,target_background,Burkholderia,150,N_3pct,target_binary
hybrid_ckmer5_csp,logistic,117,2,656,0.6666666666666666,0.5178571428571428,target_background,Burkholderia,150,N_3pct,target_binary
hybrid_ckmer5_csp,mlp,117,2,656,0.3055555555555556,0.23404255319148937,target_background,Burkholderia,150,N_3pct,target_binary
ckmer5_count_l2,nearest_centroid,180,4,512,0.25925925925925924,0.2730602730602731,within_genus_species,Candida,150,N_3pct,label
ckmer5_count_l2,logistic,180,4,512,0.3333333333333333,0.3287733887733888,within_genus_species,Candida,150,N_3pct,label
ckmer5_count_l2,mlp,180,4,512,0.2777777777777778,0.216966966966967,within_genus_species,Candida,150,N_3pct,label
ckmer7_count_l2,nearest_centroid,180,4,5936,0.2037037037037037,0.21317523056653492,within_genus_species,Candida,150,N_3pct,label
ckmer7_count_l2,logistic,180,4,5936,0.2222222222222222,0.22750797589507266,within_genus_species,Candida,150,N_3pct,label
ckmer7_count_l2,mlp,180,4,5936,0.2222222222222222,0.2048446651387828,within_genus_species,Candida,150,N_3pct,label
cspaced_count_l2,nearest_centroid,180,4,136,0.18518518518518517,0.1820201010605808,within_genus_species,Candida,150,N_3pct,label
cspaced_count_l2,logistic,180,4,136,0.2777777777777778,0.29156480774127835,within_genus_species,Candida,150,N_3pct,label
cspaced_count_l2,mlp,180,4,136,0.14814814814814814,0.13753231492361928,within_genus_species,Candida,150,N_3pct,label
cspaced_property_l2,nearest_centroid,180,4,147,0.2037037037037037,0.19583285280436705,within_genus_species,Candida,150,N_3pct,label
cspaced_property_l2,logistic,180,4,147,0.2777777777777778,0.2822008113590264,within_genus_species,Candida,150,N_3pct,label
cspaced_property_l2,mlp,180,4,147,0.24074074074074073,0.20775183687665755,within_genus_species,Candida,150,N_3pct,label
hybrid_ckmer5_csp,nearest_centroid,180,4,659,0.2777777777777778,0.28730637554166966,within_genus_species,Candida,150,N_3pct,label
hybrid_ckmer5_csp,logistic,180,4,659,0.2962962962962963,0.30963753022576557,within_genus_species,Candida,150,N_3pct,label
hybrid_ckmer5_csp,mlp,180,4,659,0.3148148148148148,0.29383116883116883,within_genus_species,Candida,150,N_3pct,label
ckmer5_count_l2,nearest_centroid,130,2,511,0.5384615384615384,0.5230978260869565,target_background,Candida,150,N_3pct,target_binary
ckmer5_count_l2,logistic,130,2,511,0.5897435897435898,0.5666666666666667,target_background,Candida,150,N_3pct,target_binary
ckmer5_count_l2,mlp,130,2,511,0.358974358974359,0.3434343434343434,target_background,Candida,150,N_3pct,target_binary
ckmer7_count_l2,nearest_centroid,130,2,5361,0.5897435897435898,0.4935064935064935,target_background,Candida,150,N_3pct,target_binary
ckmer7_count_l2,logistic,130,2,5361,0.5641025641025641,0.36065573770491804,target_background,Candida,150,N_3pct,target_binary
ckmer7_count_l2,mlp,130,2,5361,0.48717948717948717,0.48412698412698413,target_background,Candida,150,N_3pct,target_binary
cspaced_count_l2,nearest_centroid,130,2,136,0.5641025641025641,0.5629531970995385,target_background,Candida,150,N_3pct,target_binary
cspaced_count_l2,logistic,130,2,136,0.5641025641025641,0.544955387783116,target_background,Candida,150,N_3pct,target_binary
cspaced_count_l2,mlp,130,2,136,0.4358974358974359,0.36538461538461536,target_background,Candida,150,N_3pct,target_binary
cspaced_property_l2,nearest_centroid,130,2,147,0.5384615384615384,0.5357142857142857,target_background,Candida,150,N_3pct,target_binary
cspaced_property_l2,logistic,130,2,147,0.5128205128205128,0.47853624208304013,target_background,Candida,150,N_3pct,target_binary
cspaced_property_l2,mlp,130,2,147,0.41025641025641024,0.39595959595959596,target_background,Candida,150,N_3pct,target_binary
hybrid_ckmer5_csp,nearest_centroid,130,2,658,0.5384615384615384,0.5230978260869565,target_background,Candida,150,N_3pct,target_binary
hybrid_ckmer5_csp,logistic,130,2,658,0.6153846153846154,0.5883180858550316,target_background,Candida,150,N_3pct,target_binary
hybrid_ckmer5_csp,mlp,130,2,658,0.5897435897435898,0.5828877005347594,target_background,Candida,150,N_3pct,target_binary
ckmer5_count_l2,nearest_centroid,219,5,511,0.12121212121212122,0.11862798759350483,within_genus_species,Enterobacter,150,N_3pct,label
ckmer5_count_l2,logistic,219,5,511,0.19696969696969696,0.19751729751729752,within_genus_species,Enterobacter,150,N_3pct,label
ckmer5_count_l2,mlp,219,5,511,0.25757575757575757,0.19190476190476188,within_genus_species,Enterobacter,150,N_3pct,label
ckmer7_count_l2,nearest_centroid,219,5,7018,0.15151515151515152,0.1483962871059645,within_genus_species,Enterobacter,150,N_3pct,label
ckmer7_count_l2,logistic,219,5,7018,0.18181818181818182,0.1814204314204314,within_genus_species,Enterobacter,150,N_3pct,label
ckmer7_count_l2,mlp,219,5,7018,0.24242424242424243,0.1462646543129233,within_genus_species,Enterobacter,150,N_3pct,label
cspaced_count_l2,nearest_centroid,219,5,136,0.19696969696969696,0.19053421341277416,within_genus_species,Enterobacter,150,N_3pct,label
cspaced_count_l2,logistic,219,5,136,0.22727272727272727,0.21596753246753247,within_genus_species,Enterobacter,150,N_3pct,label
cspaced_count_l2,mlp,219,5,136,0.21212121212121213,0.2013235294117647,within_genus_species,Enterobacter,150,N_3pct,label
cspaced_property_l2,nearest_centroid,219,5,147,0.19696969696969696,0.19089546136022897,within_genus_species,Enterobacter,150,N_3pct,label
cspaced_property_l2,logistic,219,5,147,0.18181818181818182,0.17291385076692425,within_genus_species,Enterobacter,150,N_3pct,label
cspaced_property_l2,mlp,219,5,147,0.13636363636363635,0.11918049970052196,within_genus_species,Enterobacter,150,N_3pct,label
hybrid_ckmer5_csp,nearest_centroid,219,5,658,0.15151515151515152,0.14818665880734846,within_genus_species,Enterobacter,150,N_3pct,label
hybrid_ckmer5_csp,logistic,219,5,658,0.12121212121212122,0.12233862433862433,within_genus_species,Enterobacter,150,N_3pct,label
hybrid_ckmer5_csp,mlp,219,5,658,0.16666666666666666,0.16335068440331596,within_genus_species,Enterobacter,150,N_3pct,label
ckmer5_count_l2,nearest_centroid,121,2,510,0.6216216216216216,0.5472027972027972,target_background,Enterobacter,150,N_3pct,target_binary
ckmer5_count_l2,logistic,121,2,510,0.5405405405405406,0.46376811594202894,target_background,Enterobacter,150,N_3pct,target_binary
ckmer5_count_l2,mlp,121,2,510,0.6756756756756757,0.5595238095238095,target_background,Enterobacter,150,N_3pct,target_binary
ckmer7_count_l2,nearest_centroid,121,2,5845,0.6216216216216216,0.38333333333333336,target_background,Enterobacter,150,N_3pct,target_binary
ckmer7_count_l2,logistic,121,2,5845,0.6216216216216216,0.38333333333333336,target_background,Enterobacter,150,N_3pct,target_binary
ckmer7_count_l2,mlp,121,2,5845,0.5405405405405406,0.5281320330082521,target_background,Enterobacter,150,N_3pct,target_binary
cspaced_count_l2,nearest_centroid,121,2,136,0.6216216216216216,0.5683333333333334,target_background,Enterobacter,150,N_3pct,target_binary
cspaced_count_l2,logistic,121,2,136,0.5945945945945946,0.5268542199488491,target_background,Enterobacter,150,N_3pct,target_binary
cspaced_count_l2,mlp,121,2,136,0.5405405405405406,0.3980861244019139,target_background,Enterobacter,150,N_3pct,target_binary
cspaced_property_l2,nearest_centroid,121,2,147,0.6216216216216216,0.5683333333333334,target_background,Enterobacter,150,N_3pct,target_binary
cspaced_property_l2,logistic,121,2,147,0.5945945945945946,0.5268542199488491,target_background,Enterobacter,150,N_3pct,target_binary
cspaced_property_l2,mlp,121,2,147,0.6756756756756757,0.63,target_background,Enterobacter,150,N_3pct,target_binary
hybrid_ckmer5_csp,nearest_centroid,121,2,657,0.5945945945945946,0.5268542199488491,target_background,Enterobacter,150,N_3pct,target_binary
hybrid_ckmer5_csp,logistic,121,2,657,0.5945945945945946,0.4688995215311005,target_background,Enterobacter,150,N_3pct,target_binary
hybrid_ckmer5_csp,mlp,121,2,657,0.43243243243243246,0.41710427606901723,target_background,Enterobacter,150,N_3pct,target_binary
ckmer5_count_l2,nearest_centroid,89,2,510,0.7037037037037037,0.6931818181818181,within_genus_species,Escherichia,150,N_3pct,label
ckmer5_count_l2,logistic,89,2,510,0.5185185185185185,0.5185185185185185,within_genus_species,Escherichia,150,N_3pct,label
ckmer5_count_l2,mlp,89,2,510,0.4444444444444444,0.3076923076923077,within_genus_species,Escherichia,150,N_3pct,label
ckmer7_count_l2,nearest_centroid,89,2,5194,0.6666666666666666,0.6648275862068966,within_genus_species,Escherichia,150,N_3pct,label
ckmer7_count_l2,logistic,89,2,5194,0.6296296296296297,0.625,within_genus_species,Escherichia,150,N_3pct,label
ckmer7_count_l2,mlp,89,2,5194,0.5185185185185185,0.4935064935064935,within_genus_species,Escherichia,150,N_3pct,label
cspaced_count_l2,nearest_centroid,89,2,136,0.5555555555555556,0.554945054945055,within_genus_species,Escherichia,150,N_3pct,label
cspaced_count_l2,logistic,89,2,136,0.48148148148148145,0.4807692307692308,within_genus_species,Escherichia,150,N_3pct,label
cspaced_count_l2,mlp,89,2,136,0.48148148148148145,0.325,within_genus_species,Escherichia,150,N_3pct,label
cspaced_property_l2,nearest_centroid,89,2,147,0.5555555555555556,0.554945054945055,within_genus_species,Escherichia,150,N_3pct,label
cspaced_property_l2,logistic,89,2,147,0.4444444444444444,0.4413793103448276,within_genus_species,Escherichia,150,N_3pct,label
cspaced_property_l2,mlp,89,2,147,0.4444444444444444,0.39097744360902253,within_genus_species,Escherichia,150,N_3pct,label
hybrid_ckmer5_csp,nearest_centroid,89,2,657,0.7037037037037037,0.6931818181818181,within_genus_species,Escherichia,150,N_3pct,label
hybrid_ckmer5_csp,logistic,89,2,657,0.4444444444444444,0.4413793103448276,within_genus_species,Escherichia,150,N_3pct,label
hybrid_ckmer5_csp,mlp,89,2,657,0.4074074074074074,0.4065934065934066,within_genus_species,Escherichia,150,N_3pct,label
ckmer5_count_l2,nearest_centroid,89,2,510,0.7037037037037037,0.6931818181818181,target_background,Escherichia,150,N_3pct,target_binary
ckmer5_count_l2,logistic,89,2,510,0.5185185185185185,0.5185185185185185,target_background,Escherichia,150,N_3pct,target_binary
ckmer5_count_l2,mlp,89,2,510,0.4444444444444444,0.3076923076923077,target_background,Escherichia,150,N_3pct,target_binary
ckmer7_count_l2,nearest_centroid,89,2,5194,0.6666666666666666,0.6648275862068966,target_background,Escherichia,150,N_3pct,target_binary
ckmer7_count_l2,logistic,89,2,5194,0.6296296296296297,0.625,target_background,Escherichia,150,N_3pct,target_binary
ckmer7_count_l2,mlp,89,2,5194,0.5185185185185185,0.4935064935064935,target_background,Escherichia,150,N_3pct,target_binary
cspaced_count_l2,nearest_centroid,89,2,136,0.5555555555555556,0.554945054945055,target_background,Escherichia,150,N_3pct,target_binary
cspaced_count_l2,logistic,89,2,136,0.48148148148148145,0.4807692307692308,target_background,Escherichia,150,N_3pct,target_binary
cspaced_count_l2,mlp,89,2,136,0.48148148148148145,0.325,target_background,Escherichia,150,N_3pct,target_binary
cspaced_property_l2,nearest_centroid,89,2,147,0.5555555555555556,0.554945054945055,target_background,Escherichia,150,N_3pct,target_binary
cspaced_property_l2,logistic,89,2,147,0.4444444444444444,0.4413793103448276,target_background,Escherichia,150,N_3pct,target_binary
cspaced_property_l2,mlp,89,2,147,0.4444444444444444,0.39097744360902253,target_background,Escherichia,150,N_3pct,target_binary
hybrid_ckmer5_csp,nearest_centroid,89,2,657,0.7037037037037037,0.6931818181818181,target_background,Escherichia,150,N_3pct,target_binary
hybrid_ckmer5_csp,logistic,89,2,657,0.4444444444444444,0.4413793103448276,target_background,Escherichia,150,N_3pct,target_binary
hybrid_ckmer5_csp,mlp,89,2,657,0.4074074074074074,0.4065934065934066,target_background,Escherichia,150,N_3pct,target_binary
ckmer5_count_l2,nearest_centroid,130,3,512,0.23076923076923078,0.21560846560846558,within_genus_species,Klebsiella,150,N_3pct,label
ckmer5_count_l2,logistic,130,3,512,0.1794871794871795,0.16602150537634408,within_genus_species,Klebsiella,150,N_3pct,label
ckmer5_count_l2,mlp,130,3,512,0.38461538461538464,0.38888888888888884,within_genus_species,Klebsiella,150,N_3pct,label
ckmer7_count_l2,nearest_centroid,130,3,5837,0.4358974358974359,0.33888888888888885,within_genus_species,Klebsiella,150,N_3pct,label
ckmer7_count_l2,logistic,130,3,5837,0.38461538461538464,0.3388493859082094,within_genus_species,Klebsiella,150,N_3pct,label
ckmer7_count_l2,mlp,130,3,5837,0.3333333333333333,0.3180488608742224,within_genus_species,Klebsiella,150,N_3pct,label
cspaced_count_l2,nearest_centroid,130,3,136,0.38461538461538464,0.36801494476933067,within_genus_species,Klebsiella,150,N_3pct,label
cspaced_count_l2,logistic,130,3,136,0.38461538461538464,0.3861693861693862,within_genus_species,Klebsiella,150,N_3pct,label
cspaced_count_l2,mlp,130,3,136,0.3333333333333333,0.32107142857142856,within_genus_species,Klebsiella,150,N_3pct,label
cspaced_property_l2,nearest_centroid,130,3,147,0.38461538461538464,0.36574074074074076,within_genus_species,Klebsiella,150,N_3pct,label
cspaced_property_l2,logistic,130,3,147,0.38461538461538464,0.37766830870279144,within_genus_species,Klebsiella,150,N_3pct,label
cspaced_property_l2,mlp,130,3,147,0.41025641025641024,0.36299845141308557,within_genus_species,Klebsiella,150,N_3pct,label
hybrid_ckmer5_csp,nearest_centroid,130,3,659,0.2564102564102564,0.24015684372220872,within_genus_species,Klebsiella,150,N_3pct,label
hybrid_ckmer5_csp,logistic,130,3,659,0.28205128205128205,0.2801932367149758,within_genus_species,Klebsiella,150,N_3pct,label
hybrid_ckmer5_csp,mlp,130,3,659,0.46153846153846156,0.43932748538011696,within_genus_species,Klebsiella,150,N_3pct,label
ckmer5_count_l2,nearest_centroid,119,2,512,0.6111111111111112,0.4375,target_background,Klebsiella,150,N_3pct,target_binary
ckmer5_count_l2,logistic,119,2,512,0.5833333333333334,0.42245989304812837,target_background,Klebsiella,150,N_3pct,target_binary
ckmer5_count_l2,mlp,119,2,512,0.6111111111111112,0.5153846153846153,target_background,Klebsiella,150,N_3pct,target_binary
ckmer7_count_l2,nearest_centroid,119,2,5645,0.6666666666666666,0.4,target_background,Klebsiella,150,N_3pct,target_binary
ckmer7_count_l2,logistic,119,2,5645,0.6666666666666666,0.4,target_background,Klebsiella,150,N_3pct,target_binary
ckmer7_count_l2,mlp,119,2,5645,0.5,0.4581939799331104,target_background,Klebsiella,150,N_3pct,target_binary
cspaced_count_l2,nearest_centroid,119,2,136,0.5555555555555556,0.5183946488294314,target_background,Klebsiella,150,N_3pct,target_binary
cspaced_count_l2,logistic,119,2,136,0.5277777777777778,0.4962962962962963,target_background,Klebsiella,150,N_3pct,target_binary
cspaced_count_l2,mlp,119,2,136,0.5555555555555556,0.35714285714285715,target_background,Klebsiella,150,N_3pct,target_binary
cspaced_property_l2,nearest_centroid,119,2,147,0.5555555555555556,0.5,target_background,Klebsiella,150,N_3pct,target_binary
cspaced_property_l2,logistic,119,2,147,0.5,0.4857142857142857,target_background,Klebsiella,150,N_3pct,target_binary
cspaced_property_l2,mlp,119,2,147,0.6388888888888888,0.49946524064171127,target_background,Klebsiella,150,N_3pct,target_binary
hybrid_ckmer5_csp,nearest_centroid,119,2,659,0.6388888888888888,0.535253227408143,target_background,Klebsiella,150,N_3pct,target_binary
hybrid_ckmer5_csp,logistic,119,2,659,0.5833333333333334,0.46375372393247266,target_background,Klebsiella,150,N_3pct,target_binary
hybrid_ckmer5_csp,mlp,119,2,659,0.4444444444444444,0.44272445820433437,target_background,Klebsiella,150,N_3pct,target_binary
ckmer5_count_l2,nearest_centroid,164,4,512,0.3,0.29489144316730526,within_genus_species,Acinetobacter,150,trim_5bp,label
ckmer5_count_l2,logistic,164,4,512,0.42,0.39194922724334486,within_genus_species,Acinetobacter,150,trim_5bp,label
ckmer5_count_l2,mlp,164,4,512,0.36,0.3321428571428572,within_genus_species,Acinetobacter,150,trim_5bp,label
ckmer7_count_l2,nearest_centroid,164,4,6717,0.36,0.32177419354838704,within_genus_species,Acinetobacter,150,trim_5bp,label
ckmer7_count_l2,logistic,164,4,6717,0.34,0.34,within_genus_species,Acinetobacter,150,trim_5bp,label
ckmer7_count_l2,mlp,164,4,6717,0.22,0.20546921109580957,within_genus_species,Acinetobacter,150,trim_5bp,label
cspaced_count_l2,nearest_centroid,164,4,136,0.42,0.4265878581446604,within_genus_species,Acinetobacter,150,trim_5bp,label
cspaced_count_l2,logistic,164,4,136,0.32,0.32128824476650564,within_genus_species,Acinetobacter,150,trim_5bp,label
cspaced_count_l2,mlp,164,4,136,0.28,0.2665719696969697,within_genus_species,Acinetobacter,150,trim_5bp,label
cspaced_property_l2,nearest_centroid,164,4,147,0.38,0.385157867494824,within_genus_species,Acinetobacter,150,trim_5bp,label
cspaced_property_l2,logistic,164,4,147,0.3,0.3004813664596273,within_genus_species,Acinetobacter,150,trim_5bp,label
cspaced_property_l2,mlp,164,4,147,0.24,0.18142789373814042,within_genus_species,Acinetobacter,150,trim_5bp,label
hybrid_ckmer5_csp,nearest_centroid,164,4,659,0.32,0.3135281385281385,within_genus_species,Acinetobacter,150,trim_5bp,label
hybrid_ckmer5_csp,logistic,164,4,659,0.28,0.26441498316498313,within_genus_species,Acinetobacter,150,trim_5bp,label
hybrid_ckmer5_csp,mlp,164,4,659,0.3,0.2571304623266447,within_genus_species,Acinetobacter,150,trim_5bp,label
ckmer5_count_l2,nearest_centroid,118,3,509,0.4444444444444444,0.43897916361684475,within_genus_species,Burkholderia,150,trim_5bp,label
ckmer5_count_l2,logistic,118,3,509,0.3055555555555556,0.2918871252204585,within_genus_species,Burkholderia,150,trim_5bp,label
ckmer5_count_l2,mlp,118,3,509,0.3611111111111111,0.3159420289855072,within_genus_species,Burkholderia,150,trim_5bp,label
ckmer7_count_l2,nearest_centroid,118,3,4662,0.4166666666666667,0.40683229813664595,within_genus_species,Burkholderia,150,trim_5bp,label
ckmer7_count_l2,logistic,118,3,4662,0.3888888888888889,0.3507130124777184,within_genus_species,Burkholderia,150,trim_5bp,label
ckmer7_count_l2,mlp,118,3,4662,0.3611111111111111,0.293394777265745,within_genus_species,Burkholderia,150,trim_5bp,label
cspaced_count_l2,nearest_centroid,118,3,136,0.3888888888888889,0.3823754789272031,within_genus_species,Burkholderia,150,trim_5bp,label
cspaced_count_l2,logistic,118,3,136,0.5833333333333334,0.5718763994626064,within_genus_species,Burkholderia,150,trim_5bp,label
cspaced_count_l2,mlp,118,3,136,0.2777777777777778,0.25833333333333336,within_genus_species,Burkholderia,150,trim_5bp,label
cspaced_property_l2,nearest_centroid,118,3,147,0.4166666666666667,0.4086523498288204,within_genus_species,Burkholderia,150,trim_5bp,label
cspaced_property_l2,logistic,118,3,147,0.5833333333333334,0.5718763994626064,within_genus_species,Burkholderia,150,trim_5bp,label
cspaced_property_l2,mlp,118,3,147,0.2222222222222222,0.16202270381836945,within_genus_species,Burkholderia,150,trim_5bp,label
hybrid_ckmer5_csp,nearest_centroid,118,3,656,0.4166666666666667,0.41471571906354515,within_genus_species,Burkholderia,150,trim_5bp,label
hybrid_ckmer5_csp,logistic,118,3,656,0.3888888888888889,0.3853022983457766,within_genus_species,Burkholderia,150,trim_5bp,label
hybrid_ckmer5_csp,mlp,118,3,656,0.3055555555555556,0.29011678757009823,within_genus_species,Burkholderia,150,trim_5bp,label
ckmer5_count_l2,nearest_centroid,117,2,509,0.5833333333333334,0.4957983193277311,target_background,Burkholderia,150,trim_5bp,target_binary
ckmer5_count_l2,logistic,117,2,509,0.6944444444444444,0.4837027379400261,target_background,Burkholderia,150,trim_5bp,target_binary
ckmer5_count_l2,mlp,117,2,509,0.5,0.3333333333333333,target_background,Burkholderia,150,trim_5bp,target_binary
ckmer7_count_l2,nearest_centroid,117,2,4652,0.6666666666666666,0.46798029556650245,target_background,Burkholderia,150,trim_5bp,target_binary
ckmer7_count_l2,logistic,117,2,4652,0.6944444444444444,0.4098360655737705,target_background,Burkholderia,150,trim_5bp,target_binary
ckmer7_count_l2,mlp,117,2,4652,0.4166666666666667,0.37777777777777777,target_background,Burkholderia,150,trim_5bp,target_binary
cspaced_count_l2,nearest_centroid,117,2,136,0.6388888888888888,0.5847382431233363,target_background,Burkholderia,150,trim_5bp,target_binary
cspaced_count_l2,logistic,117,2,136,0.6111111111111112,0.48148148148148145,target_background,Burkholderia,150,trim_5bp,target_binary
cspaced_count_l2,mlp,117,2,136,0.6944444444444444,0.5368421052631579,target_background,Burkholderia,150,trim_5bp,target_binary
cspaced_property_l2,nearest_centroid,117,2,147,0.6388888888888888,0.6017021276595744,target_background,Burkholderia,150,trim_5bp,target_binary
cspaced_property_l2,logistic,117,2,147,0.6111111111111112,0.5153846153846153,target_background,Burkholderia,150,trim_5bp,target_binary
cspaced_property_l2,mlp,117,2,147,0.6666666666666666,0.5846153846153846,target_background,Burkholderia,150,trim_5bp,target_binary
hybrid_ckmer5_csp,nearest_centroid,117,2,656,0.6388888888888888,0.535253227408143,target_background,Burkholderia,150,trim_5bp,target_binary
hybrid_ckmer5_csp,logistic,117,2,656,0.6944444444444444,0.4837027379400261,target_background,Burkholderia,150,trim_5bp,target_binary
hybrid_ckmer5_csp,mlp,117,2,656,0.3611111111111111,0.31851851851851853,target_background,Burkholderia,150,trim_5bp,target_binary
ckmer5_count_l2,nearest_centroid,180,4,512,0.24074074074074073,0.24996549344375432,within_genus_species,Candida,150,trim_5bp,label
ckmer5_count_l2,logistic,180,4,512,0.25925925925925924,0.26247863247863246,within_genus_species,Candida,150,trim_5bp,label
ckmer5_count_l2,mlp,180,4,512,0.3148148148148148,0.27757400257400255,within_genus_species,Candida,150,trim_5bp,label
ckmer7_count_l2,nearest_centroid,180,4,6237,0.25925925925925924,0.2625,within_genus_species,Candida,150,trim_5bp,label
ckmer7_count_l2,logistic,180,4,6237,0.3148148148148148,0.31540426368012575,within_genus_species,Candida,150,trim_5bp,label
ckmer7_count_l2,mlp,180,4,6237,0.2777777777777778,0.2058943089430894,within_genus_species,Candida,150,trim_5bp,label
cspaced_count_l2,nearest_centroid,180,4,136,0.2962962962962963,0.2964065946824568,within_genus_species,Candida,150,trim_5bp,label
cspaced_count_l2,logistic,180,4,136,0.2777777777777778,0.2838112305854241,within_genus_species,Candida,150,trim_5bp,label
cspaced_count_l2,mlp,180,4,136,0.14814814814814814,0.1434858387799564,within_genus_species,Candida,150,trim_5bp,label
cspaced_property_l2,nearest_centroid,180,4,147,0.3148148148148148,0.3143356643356643,within_genus_species,Candida,150,trim_5bp,label
cspaced_property_l2,logistic,180,4,147,0.3148148148148148,0.3198884448884449,within_genus_species,Candida,150,trim_5bp,label
cspaced_property_l2,mlp,180,4,147,0.2777777777777778,0.21830236159504451,within_genus_species,Candida,150,trim_5bp,label
hybrid_ckmer5_csp,nearest_centroid,180,4,659,0.24074074074074073,0.24930411778237865,within_genus_species,Candida,150,trim_5bp,label
hybrid_ckmer5_csp,logistic,180,4,659,0.2962962962962963,0.3012169312169312,within_genus_species,Candida,150,trim_5bp,label
hybrid_ckmer5_csp,mlp,180,4,659,0.24074074074074073,0.20791676354336203,within_genus_species,Candida,150,trim_5bp,label
ckmer5_count_l2,nearest_centroid,130,2,511,0.48717948717948717,0.4701086956521739,target_background,Candida,150,trim_5bp,target_binary
ckmer5_count_l2,logistic,130,2,511,0.6153846153846154,0.6112956810631229,target_background,Candida,150,trim_5bp,target_binary
ckmer5_count_l2,mlp,130,2,511,0.38461538461538464,0.38095238095238093,target_background,Candida,150,trim_5bp,target_binary
ckmer7_count_l2,nearest_centroid,130,2,5695,0.6153846153846154,0.5112781954887218,target_background,Candida,150,trim_5bp,target_binary
ckmer7_count_l2,logistic,130,2,5695,0.5897435897435898,0.5185185185185185,target_background,Candida,150,trim_5bp,target_binary
ckmer7_count_l2,mlp,130,2,5695,0.5128205128205128,0.501010101010101,target_background,Candida,150,trim_5bp,target_binary
cspaced_count_l2,nearest_centroid,130,2,136,0.5384615384615384,0.5357142857142857,target_background,Candida,150,trim_5bp,target_binary
cspaced_count_l2,logistic,130,2,136,0.5384615384615384,0.5230978260869565,target_background,Candida,150,trim_5bp,target_binary
cspaced_count_l2,mlp,130,2,136,0.38461538461538464,0.3314285714285714,target_background,Candida,150,trim_5bp,target_binary
cspaced_property_l2,nearest_centroid,130,2,147,0.5384615384615384,0.5357142857142857,target_background,Candida,150,trim_5bp,target_binary
cspaced_property_l2,logistic,130,2,147,0.48717948717948717,0.47860962566844917,target_background,Candida,150,trim_5bp,target_binary
cspaced_property_l2,mlp,130,2,147,0.358974358974359,0.31386347642505275,target_background,Candida,150,trim_5bp,target_binary
hybrid_ckmer5_csp,nearest_centroid,130,2,658,0.5128205128205128,0.4914207275223061,target_background,Candida,150,trim_5bp,target_binary
hybrid_ckmer5_csp,logistic,130,2,658,0.6666666666666666,0.6585858585858586,target_background,Candida,150,trim_5bp,target_binary
hybrid_ckmer5_csp,mlp,130,2,658,0.5641025641025641,0.5535353535353535,target_background,Candida,150,trim_5bp,target_binary
ckmer5_count_l2,nearest_centroid,219,5,512,0.21212121212121213,0.2084957264957265,within_genus_species,Enterobacter,150,trim_5bp,label
ckmer5_count_l2,logistic,219,5,512,0.24242424242424243,0.2467765567765568,within_genus_species,Enterobacter,150,trim_5bp,label
ckmer5_count_l2,mlp,219,5,512,0.18181818181818182,0.17435444402969597,within_genus_species,Enterobacter,150,trim_5bp,label
ckmer7_count_l2,nearest_centroid,219,5,7227,0.15151515151515152,0.14956233421750664,within_genus_species,Enterobacter,150,trim_5bp,label
ckmer7_count_l2,logistic,219,5,7227,0.12121212121212122,0.11644281644281644,within_genus_species,Enterobacter,150,trim_5bp,label
ckmer7_count_l2,mlp,219,5,7227,0.22727272727272727,0.18926100013056535,within_genus_species,Enterobacter,150,trim_5bp,label
cspaced_count_l2,nearest_centroid,219,5,136,0.16666666666666666,0.1629031198686371,within_genus_species,Enterobacter,150,trim_5bp,label
cspaced_count_l2,logistic,219,5,136,0.21212121212121213,0.1896473354231975,within_genus_species,Enterobacter,150,trim_5bp,label
cspaced_count_l2,mlp,219,5,136,0.22727272727272727,0.22786946386946388,within_genus_species,Enterobacter,150,trim_5bp,label
cspaced_property_l2,nearest_centroid,219,5,147,0.16666666666666666,0.15519713261648743,within_genus_species,Enterobacter,150,trim_5bp,label
cspaced_property_l2,logistic,219,5,147,0.21212121212121213,0.1907439242255705,within_genus_species,Enterobacter,150,trim_5bp,label
cspaced_property_l2,mlp,219,5,147,0.18181818181818182,0.15377440466369685,within_genus_species,Enterobacter,150,trim_5bp,label
hybrid_ckmer5_csp,nearest_centroid,219,5,659,0.21212121212121213,0.2084957264957265,within_genus_species,Enterobacter,150,trim_5bp,label
hybrid_ckmer5_csp,logistic,219,5,659,0.15151515151515152,0.154937884593057,within_genus_species,Enterobacter,150,trim_5bp,label
hybrid_ckmer5_csp,mlp,219,5,659,0.18181818181818182,0.10987250735534489,within_genus_species,Enterobacter,150,trim_5bp,label
ckmer5_count_l2,nearest_centroid,121,2,510,0.6486486486486487,0.5397129186602871,target_background,Enterobacter,150,trim_5bp,target_binary
ckmer5_count_l2,logistic,121,2,510,0.5675675675675675,0.45185185185185184,target_background,Enterobacter,150,trim_5bp,target_binary
ckmer5_count_l2,mlp,121,2,510,0.6216216216216216,0.4418103448275862,target_background,Enterobacter,150,trim_5bp,target_binary
ckmer7_count_l2,nearest_centroid,121,2,6181,0.6216216216216216,0.38333333333333336,target_background,Enterobacter,150,trim_5bp,target_binary
ckmer7_count_l2,logistic,121,2,6181,0.6216216216216216,0.38333333333333336,target_background,Enterobacter,150,trim_5bp,target_binary
ckmer7_count_l2,mlp,121,2,6181,0.4864864864864865,0.44602048857368004,target_background,Enterobacter,150,trim_5bp,target_binary
cspaced_count_l2,nearest_centroid,121,2,136,0.6216216216216216,0.5849358974358975,target_background,Enterobacter,150,trim_5bp,target_binary
cspaced_count_l2,logistic,121,2,136,0.5405405405405406,0.46376811594202894,target_background,Enterobacter,150,trim_5bp,target_binary
cspaced_count_l2,mlp,121,2,136,0.5945945945945946,0.42724458204334365,target_background,Enterobacter,150,trim_5bp,target_binary
cspaced_property_l2,nearest_centroid,121,2,147,0.6216216216216216,0.5849358974358975,target_background,Enterobacter,150,trim_5bp,target_binary
cspaced_property_l2,logistic,121,2,147,0.5945945945945946,0.5013477088948787,target_background,Enterobacter,150,trim_5bp,target_binary
cspaced_property_l2,mlp,121,2,147,0.5945945945945946,0.5469387755102041,target_background,Enterobacter,150,trim_5bp,target_binary
hybrid_ckmer5_csp,nearest_centroid,121,2,657,0.5945945945945946,0.4688995215311005,target_background,Enterobacter,150,trim_5bp,target_binary
hybrid_ckmer5_csp,logistic,121,2,657,0.5945945945945946,0.42724458204334365,target_background,Enterobacter,150,trim_5bp,target_binary
hybrid_ckmer5_csp,mlp,121,2,657,0.3783783783783784,0.3615903975993998,target_background,Enterobacter,150,trim_5bp,target_binary
ckmer5_count_l2,nearest_centroid,89,2,510,0.7037037037037037,0.7032967032967032,within_genus_species,Escherichia,150,trim_5bp,label
ckmer5_count_l2,logistic,89,2,510,0.5555555555555556,0.554945054945055,within_genus_species,Escherichia,150,trim_5bp,label
ckmer5_count_l2,mlp,89,2,510,0.48148148148148145,0.3782894736842105,within_genus_species,Escherichia,150,trim_5bp,label
ckmer7_count_l2,nearest_centroid,89,2,5571,0.6296296296296297,0.6291208791208791,within_genus_species,Escherichia,150,trim_5bp,label
ckmer7_count_l2,logistic,89,2,5571,0.5555555555555556,0.554945054945055,within_genus_species,Escherichia,150,trim_5bp,label
ckmer7_count_l2,mlp,89,2,5571,0.5555555555555556,0.5397727272727273,within_genus_species,Escherichia,150,trim_5bp,label
cspaced_count_l2,nearest_centroid,89,2,136,0.5555555555555556,0.554945054945055,within_genus_species,Escherichia,150,trim_5bp,label
cspaced_count_l2,logistic,89,2,136,0.5185185185185185,0.5185185185185185,within_genus_species,Escherichia,150,trim_5bp,label
cspaced_count_l2,mlp,89,2,136,0.48148148148148145,0.325,within_genus_species,Escherichia,150,trim_5bp,label
cspaced_property_l2,nearest_centroid,89,2,147,0.5555555555555556,0.554945054945055,within_genus_species,Escherichia,150,trim_5bp,label
cspaced_property_l2,logistic,89,2,147,0.5185185185185185,0.5158620689655172,within_genus_species,Escherichia,150,trim_5bp,label
cspaced_property_l2,mlp,89,2,147,0.4444444444444444,0.4319775596072931,within_genus_species,Escherichia,150,trim_5bp,label
hybrid_ckmer5_csp,nearest_centroid,89,2,657,0.5925925925925926,0.5903448275862069,within_genus_species,Escherichia,150,trim_5bp,label
hybrid_ckmer5_csp,logistic,89,2,657,0.5185185185185185,0.5185185185185185,within_genus_species,Escherichia,150,trim_5bp,label
hybrid_ckmer5_csp,mlp,89,2,657,0.4074074074074074,0.4065934065934066,within_genus_species,Escherichia,150,trim_5bp,label
ckmer5_count_l2,nearest_centroid,89,2,510,0.7037037037037037,0.7032967032967032,target_background,Escherichia,150,trim_5bp,target_binary
ckmer5_count_l2,logistic,89,2,510,0.5555555555555556,0.554945054945055,target_background,Escherichia,150,trim_5bp,target_binary
ckmer5_count_l2,mlp,89,2,510,0.48148148148148145,0.3782894736842105,target_background,Escherichia,150,trim_5bp,target_binary
ckmer7_count_l2,nearest_centroid,89,2,5571,0.6296296296296297,0.6291208791208791,target_background,Escherichia,150,trim_5bp,target_binary
ckmer7_count_l2,logistic,89,2,5571,0.5555555555555556,0.554945054945055,target_background,Escherichia,150,trim_5bp,target_binary
ckmer7_count_l2,mlp,89,2,5571,0.5555555555555556,0.5397727272727273,target_background,Escherichia,150,trim_5bp,target_binary
cspaced_count_l2,nearest_centroid,89,2,136,0.5555555555555556,0.554945054945055,target_background,Escherichia,150,trim_5bp,target_binary
cspaced_count_l2,logistic,89,2,136,0.5185185185185185,0.5185185185185185,target_background,Escherichia,150,trim_5bp,target_binary
cspaced_count_l2,mlp,89,2,136,0.48148148148148145,0.325,target_background,Escherichia,150,trim_5bp,target_binary
cspaced_property_l2,nearest_centroid,89,2,147,0.5555555555555556,0.554945054945055,target_background,Escherichia,150,trim_5bp,target_binary
cspaced_property_l2,logistic,89,2,147,0.5185185185185185,0.5158620689655172,target_background,Escherichia,150,trim_5bp,target_binary
cspaced_property_l2,mlp,89,2,147,0.4444444444444444,0.4319775596072931,target_background,Escherichia,150,trim_5bp,target_binary
hybrid_ckmer5_csp,nearest_centroid,89,2,657,0.5925925925925926,0.5903448275862069,target_background,Escherichia,150,trim_5bp,target_binary
hybrid_ckmer5_csp,logistic,89,2,657,0.5185185185185185,0.5185185185185185,target_background,Escherichia,150,trim_5bp,target_binary
hybrid_ckmer5_csp,mlp,89,2,657,0.4074074074074074,0.4065934065934066,target_background,Escherichia,150,trim_5bp,target_binary
ckmer5_count_l2,nearest_centroid,130,3,512,0.20512820512820512,0.19024293110314616,within_genus_species,Klebsiella,150,trim_5bp,label
ckmer5_count_l2,logistic,130,3,512,0.28205128205128205,0.2777000777000777,within_genus_species,Klebsiella,150,trim_5bp,label
ckmer5_count_l2,mlp,130,3,512,0.4358974358974359,0.44528735632183913,within_genus_species,Klebsiella,150,trim_5bp,label
ckmer7_count_l2,nearest_centroid,130,3,6164,0.38461538461538464,0.3054187192118227,within_genus_species,Klebsiella,150,trim_5bp,label
ckmer7_count_l2,logistic,130,3,6164,0.4358974358974359,0.3806022408963585,within_genus_species,Klebsiella,150,trim_5bp,label
ckmer7_count_l2,mlp,130,3,6164,0.3333333333333333,0.32461170848267623,within_genus_species,Klebsiella,150,trim_5bp,label
cspaced_count_l2,nearest_centroid,130,3,136,0.41025641025641024,0.3932297889287136,within_genus_species,Klebsiella,150,trim_5bp,label
cspaced_count_l2,logistic,130,3,136,0.46153846153846156,0.4682539682539682,within_genus_species,Klebsiella,150,trim_5bp,label
cspaced_count_l2,mlp,130,3,136,0.3076923076923077,0.3051948051948052,within_genus_species,Klebsiella,150,trim_5bp,label
cspaced_property_l2,nearest_centroid,130,3,147,0.41025641025641024,0.3885057471264368,within_genus_species,Klebsiella,150,trim_5bp,label
cspaced_property_l2,logistic,130,3,147,0.41025641025641024,0.4091954022988506,within_genus_species,Klebsiella,150,trim_5bp,label
cspaced_property_l2,mlp,130,3,147,0.46153846153846156,0.4284731436434223,within_genus_species,Klebsiella,150,trim_5bp,label
hybrid_ckmer5_csp,nearest_centroid,130,3,659,0.23076923076923078,0.21493428912783752,within_genus_species,Klebsiella,150,trim_5bp,label
hybrid_ckmer5_csp,logistic,130,3,659,0.2564102564102564,0.25547785547785545,within_genus_species,Klebsiella,150,trim_5bp,label
hybrid_ckmer5_csp,mlp,130,3,659,0.4358974358974359,0.3987975052721317,within_genus_species,Klebsiella,150,trim_5bp,label
ckmer5_count_l2,nearest_centroid,119,2,512,0.6111111111111112,0.5153846153846153,target_background,Klebsiella,150,trim_5bp,target_binary
ckmer5_count_l2,logistic,119,2,512,0.5833333333333334,0.46375372393247266,target_background,Klebsiella,150,trim_5bp,target_binary
ckmer5_count_l2,mlp,119,2,512,0.6111111111111112,0.5153846153846153,target_background,Klebsiella,150,trim_5bp,target_binary
ckmer7_count_l2,nearest_centroid,119,2,5997,0.6666666666666666,0.4,target_background,Klebsiella,150,trim_5bp,target_binary
ckmer7_count_l2,logistic,119,2,5997,0.6666666666666666,0.4,target_background,Klebsiella,150,trim_5bp,target_binary
ckmer7_count_l2,mlp,119,2,5997,0.3888888888888889,0.3888888888888889,target_background,Klebsiella,150,trim_5bp,target_binary
cspaced_count_l2,nearest_centroid,119,2,136,0.5833333333333334,0.5555555555555556,target_background,Klebsiella,150,trim_5bp,target_binary
cspaced_count_l2,logistic,119,2,136,0.5555555555555556,0.5183946488294314,target_background,Klebsiella,150,trim_5bp,target_binary
cspaced_count_l2,mlp,119,2,136,0.5555555555555556,0.35714285714285715,target_background,Klebsiella,150,trim_5bp,target_binary
cspaced_property_l2,nearest_centroid,119,2,147,0.6111111111111112,0.5785953177257526,target_background,Klebsiella,150,trim_5bp,target_binary
cspaced_property_l2,logistic,119,2,147,0.5555555555555556,0.5183946488294314,target_background,Klebsiella,150,trim_5bp,target_binary
cspaced_property_l2,mlp,119,2,147,0.6388888888888888,0.49946524064171127,target_background,Klebsiella,150,trim_5bp,target_binary
hybrid_ckmer5_csp,nearest_centroid,119,2,659,0.5833333333333334,0.4957983193277311,target_background,Klebsiella,150,trim_5bp,target_binary
hybrid_ckmer5_csp,logistic,119,2,659,0.5555555555555556,0.4461538461538461,target_background,Klebsiella,150,trim_5bp,target_binary
hybrid_ckmer5_csp,mlp,119,2,659,0.4722222222222222,0.47181467181467185,target_background,Klebsiella,150,trim_5bp,target_binary
ckmer5_count_l2,nearest_centroid,164,4,512,0.28,0.27868773946360154,within_genus_species,Acinetobacter,150,substitution_1pct_N_3pct,label
ckmer5_count_l2,logistic,164,4,512,0.34,0.33485671936758893,within_genus_species,Acinetobacter,150,substitution_1pct_N_3pct,label
ckmer5_count_l2,mlp,164,4,512,0.28,0.25348583877995645,within_genus_species,Acinetobacter,150,substitution_1pct_N_3pct,label
ckmer7_count_l2,nearest_centroid,164,4,6516,0.24,0.1956140350877193,within_genus_species,Acinetobacter,150,substitution_1pct_N_3pct,label
ckmer7_count_l2,logistic,164,4,6516,0.28,0.28104395604395604,within_genus_species,Acinetobacter,150,substitution_1pct_N_3pct,label
ckmer7_count_l2,mlp,164,4,6516,0.26,0.2515673981191222,within_genus_species,Acinetobacter,150,substitution_1pct_N_3pct,label
cspaced_count_l2,nearest_centroid,164,4,136,0.34,0.33881493506493504,within_genus_species,Acinetobacter,150,substitution_1pct_N_3pct,label
cspaced_count_l2,logistic,164,4,136,0.22,0.22334656084656085,within_genus_species,Acinetobacter,150,substitution_1pct_N_3pct,label
cspaced_count_l2,mlp,164,4,136,0.26,0.25412167653546963,within_genus_species,Acinetobacter,150,substitution_1pct_N_3pct,label
cspaced_property_l2,nearest_centroid,164,4,147,0.28,0.2767857142857143,within_genus_species,Acinetobacter,150,substitution_1pct_N_3pct,label
cspaced_property_l2,logistic,164,4,147,0.26,0.2537483738672194,within_genus_species,Acinetobacter,150,substitution_1pct_N_3pct,label
cspaced_property_l2,mlp,164,4,147,0.18,0.15506415506415505,within_genus_species,Acinetobacter,150,substitution_1pct_N_3pct,label
hybrid_ckmer5_csp,nearest_centroid,164,4,659,0.26,0.256043956043956,within_genus_species,Acinetobacter,150,substitution_1pct_N_3pct,label
hybrid_ckmer5_csp,logistic,164,4,659,0.28,0.28005175983436853,within_genus_species,Acinetobacter,150,substitution_1pct_N_3pct,label
hybrid_ckmer5_csp,mlp,164,4,659,0.3,0.27401921092323567,within_genus_species,Acinetobacter,150,substitution_1pct_N_3pct,label
ckmer5_count_l2,nearest_centroid,118,3,512,0.3888888888888889,0.3853022983457766,within_genus_species,Burkholderia,150,substitution_1pct_N_3pct,label
ckmer5_count_l2,logistic,118,3,512,0.3888888888888889,0.38932980599647266,within_genus_species,Burkholderia,150,substitution_1pct_N_3pct,label
ckmer5_count_l2,mlp,118,3,512,0.3333333333333333,0.3357142857142857,within_genus_species,Burkholderia,150,substitution_1pct_N_3pct,label
ckmer7_count_l2,nearest_centroid,118,3,4485,0.3611111111111111,0.35555555555555557,within_genus_species,Burkholderia,150,substitution_1pct_N_3pct,label
ckmer7_count_l2,logistic,118,3,4485,0.3333333333333333,0.31402969790066565,within_genus_species,Burkholderia,150,substitution_1pct_N_3pct,label
ckmer7_count_l2,mlp,118,3,4485,0.4166666666666667,0.41518925518925515,within_genus_species,Burkholderia,150,substitution_1pct_N_3pct,label
cspaced_count_l2,nearest_centroid,118,3,136,0.4444444444444444,0.43236047107014847,within_genus_species,Burkholderia,150,substitution_1pct_N_3pct,label
cspaced_count_l2,logistic,118,3,136,0.4722222222222222,0.4446487867177522,within_genus_species,Burkholderia,150,substitution_1pct_N_3pct,label
cspaced_count_l2,mlp,118,3,136,0.3333333333333333,0.3126934984520124,within_genus_species,Burkholderia,150,substitution_1pct_N_3pct,label
cspaced_property_l2,nearest_centroid,118,3,147,0.4444444444444444,0.4340016708437761,within_genus_species,Burkholderia,150,substitution_1pct_N_3pct,label
cspaced_property_l2,logistic,118,3,147,0.4444444444444444,0.42350877192982456,within_genus_species,Burkholderia,150,substitution_1pct_N_3pct,label
cspaced_property_l2,mlp,118,3,147,0.16666666666666666,0.13180827886710242,within_genus_species,Burkholderia,150,substitution_1pct_N_3pct,label
hybrid_ckmer5_csp,nearest_centroid,118,3,659,0.4166666666666667,0.41394716394716397,within_genus_species,Burkholderia,150,substitution_1pct_N_3pct,label
hybrid_ckmer5_csp,logistic,118,3,659,0.4444444444444444,0.44590964590964594,within_genus_species,Burkholderia,150,substitution_1pct_N_3pct,label
hybrid_ckmer5_csp,mlp,118,3,659,0.25,0.19528619528619529,within_genus_species,Burkholderia,150,substitution_1pct_N_3pct,label
ckmer5_count_l2,nearest_centroid,117,2,512,0.5555555555555556,0.5,target_background,Burkholderia,150,substitution_1pct_N_3pct,target_binary
ckmer5_count_l2,logistic,117,2,512,0.6111111111111112,0.4375,target_background,Burkholderia,150,substitution_1pct_N_3pct,target_binary
ckmer5_count_l2,mlp,117,2,512,0.6111111111111112,0.48148148148148145,target_background,Burkholderia,150,substitution_1pct_N_3pct,target_binary
ckmer7_count_l2,nearest_centroid,117,2,4474,0.6388888888888888,0.3898305084745763,target_background,Burkholderia,150,substitution_1pct_N_3pct,target_binary
ckmer7_count_l2,logistic,117,2,4474,0.6944444444444444,0.4098360655737705,target_background,Burkholderia,150,substitution_1pct_N_3pct,target_binary
ckmer7_count_l2,mlp,117,2,4474,0.3888888888888889,0.38125,target_background,Burkholderia,150,substitution_1pct_N_3pct,target_binary
cspaced_count_l2,nearest_centroid,117,2,136,0.6388888888888888,0.5847382431233363,target_background,Burkholderia,150,substitution_1pct_N_3pct,target_binary
cspaced_count_l2,logistic,117,2,136,0.6111111111111112,0.5153846153846153,target_background,Burkholderia,150,substitution_1pct_N_3pct,target_binary
cspaced_count_l2,mlp,117,2,136,0.6944444444444444,0.4837027379400261,target_background,Burkholderia,150,substitution_1pct_N_3pct,target_binary
cspaced_property_l2,nearest_centroid,117,2,147,0.6666666666666666,0.6072727272727273,target_background,Burkholderia,150,substitution_1pct_N_3pct,target_binary
cspaced_property_l2,logistic,117,2,147,0.6666666666666666,0.5846153846153846,target_background,Burkholderia,150,substitution_1pct_N_3pct,target_binary
cspaced_property_l2,mlp,117,2,147,0.6944444444444444,0.6302521008403361,target_background,Burkholderia,150,substitution_1pct_N_3pct,target_binary
hybrid_ckmer5_csp,nearest_centroid,117,2,659,0.5555555555555556,0.5,target_background,Burkholderia,150,substitution_1pct_N_3pct,target_binary
hybrid_ckmer5_csp,logistic,117,2,659,0.6111111111111112,0.4375,target_background,Burkholderia,150,substitution_1pct_N_3pct,target_binary
hybrid_ckmer5_csp,mlp,117,2,659,0.3888888888888889,0.38699690402476783,target_background,Burkholderia,150,substitution_1pct_N_3pct,target_binary
ckmer5_count_l2,nearest_centroid,180,4,512,0.24074074074074073,0.25124007936507936,within_genus_species,Candida,150,substitution_1pct_N_3pct,label
ckmer5_count_l2,logistic,180,4,512,0.2962962962962963,0.27866052866052865,within_genus_species,Candida,150,substitution_1pct_N_3pct,label
ckmer5_count_l2,mlp,180,4,512,0.2777777777777778,0.2481218030690537,within_genus_species,Candida,150,substitution_1pct_N_3pct,label
ckmer7_count_l2,nearest_centroid,180,4,5993,0.2037037037037037,0.18957192486604252,within_genus_species,Candida,150,substitution_1pct_N_3pct,label
ckmer7_count_l2,logistic,180,4,5993,0.18518518518518517,0.1766006897585845,within_genus_species,Candida,150,substitution_1pct_N_3pct,label
ckmer7_count_l2,mlp,180,4,5993,0.35185185185185186,0.3305043522785458,within_genus_species,Candida,150,substitution_1pct_N_3pct,label
cspaced_count_l2,nearest_centroid,180,4,136,0.2962962962962963,0.2881638198757764,within_genus_species,Candida,150,substitution_1pct_N_3pct,label
cspaced_count_l2,logistic,180,4,136,0.3333333333333333,0.32625904149819607,within_genus_species,Candida,150,substitution_1pct_N_3pct,label
cspaced_count_l2,mlp,180,4,136,0.09259259259259259,0.09816959816959817,within_genus_species,Candida,150,substitution_1pct_N_3pct,label
cspaced_property_l2,nearest_centroid,180,4,147,0.25925925925925924,0.2583390844260409,within_genus_species,Candida,150,substitution_1pct_N_3pct,label
cspaced_property_l2,logistic,180,4,147,0.3333333333333333,0.3278028404344193,within_genus_species,Candida,150,substitution_1pct_N_3pct,label
cspaced_property_l2,mlp,180,4,147,0.2037037037037037,0.13434343434343435,within_genus_species,Candida,150,substitution_1pct_N_3pct,label
hybrid_ckmer5_csp,nearest_centroid,180,4,659,0.24074074074074073,0.24645472962443507,within_genus_species,Candida,150,substitution_1pct_N_3pct,label
hybrid_ckmer5_csp,logistic,180,4,659,0.3888888888888889,0.3890831390831391,within_genus_species,Candida,150,substitution_1pct_N_3pct,label
hybrid_ckmer5_csp,mlp,180,4,659,0.35185185185185186,0.3529528535980149,within_genus_species,Candida,150,substitution_1pct_N_3pct,label
ckmer5_count_l2,nearest_centroid,130,2,511,0.5641025641025641,0.5535353535353535,target_background,Candida,150,substitution_1pct_N_3pct,target_binary
ckmer5_count_l2,logistic,130,2,511,0.5641025641025641,0.5535353535353535,target_background,Candida,150,substitution_1pct_N_3pct,target_binary
ckmer5_count_l2,mlp,130,2,511,0.358974358974359,0.3521594684385382,target_background,Candida,150,substitution_1pct_N_3pct,target_binary
ckmer7_count_l2,nearest_centroid,130,2,5388,0.6410256410256411,0.5293103448275862,target_background,Candida,150,substitution_1pct_N_3pct,target_binary
ckmer7_count_l2,logistic,130,2,5388,0.5897435897435898,0.4935064935064935,target_background,Candida,150,substitution_1pct_N_3pct,target_binary
ckmer7_count_l2,mlp,130,2,5388,0.5384615384615384,0.5125,target_background,Candida,150,substitution_1pct_N_3pct,target_binary
cspaced_count_l2,nearest_centroid,130,2,136,0.6153846153846154,0.606060606060606,target_background,Candida,150,substitution_1pct_N_3pct,target_binary
cspaced_count_l2,logistic,130,2,136,0.48717948717948717,0.42307692307692313,target_background,Candida,150,substitution_1pct_N_3pct,target_binary
cspaced_count_l2,mlp,130,2,136,0.38461538461538464,0.3076923076923077,target_background,Candida,150,substitution_1pct_N_3pct,target_binary
cspaced_property_l2,nearest_centroid,130,2,147,0.5897435897435898,0.5828877005347594,target_background,Candida,150,substitution_1pct_N_3pct,target_binary
cspaced_property_l2,logistic,130,2,147,0.46153846153846156,0.40522875816993464,target_background,Candida,150,substitution_1pct_N_3pct,target_binary
cspaced_property_l2,mlp,130,2,147,0.4358974358974359,0.4041666666666667,target_background,Candida,150,substitution_1pct_N_3pct,target_binary
hybrid_ckmer5_csp,nearest_centroid,130,2,658,0.5641025641025641,0.5535353535353535,target_background,Candida,150,substitution_1pct_N_3pct,target_binary
hybrid_ckmer5_csp,logistic,130,2,658,0.5128205128205128,0.4914207275223061,target_background,Candida,150,substitution_1pct_N_3pct,target_binary
hybrid_ckmer5_csp,mlp,130,2,658,0.5128205128205128,0.501010101010101,target_background,Candida,150,substitution_1pct_N_3pct,target_binary
ckmer5_count_l2,nearest_centroid,219,5,512,0.10606060606060606,0.10639808300977716,within_genus_species,Enterobacter,150,substitution_1pct_N_3pct,label
ckmer5_count_l2,logistic,219,5,512,0.21212121212121213,0.20977777777777776,within_genus_species,Enterobacter,150,substitution_1pct_N_3pct,label
ckmer5_count_l2,mlp,219,5,512,0.22727272727272727,0.19982008766914428,within_genus_species,Enterobacter,150,substitution_1pct_N_3pct,label
ckmer7_count_l2,nearest_centroid,219,5,7080,0.15151515151515152,0.14353439153439154,within_genus_species,Enterobacter,150,substitution_1pct_N_3pct,label
ckmer7_count_l2,logistic,219,5,7080,0.15151515151515152,0.14573435504469986,within_genus_species,Enterobacter,150,substitution_1pct_N_3pct,label
ckmer7_count_l2,mlp,219,5,7080,0.18181818181818182,0.16541150297716417,within_genus_species,Enterobacter,150,substitution_1pct_N_3pct,label
cspaced_count_l2,nearest_centroid,219,5,136,0.16666666666666666,0.1627252747252747,within_genus_species,Enterobacter,150,substitution_1pct_N_3pct,label
cspaced_count_l2,logistic,219,5,136,0.22727272727272727,0.21286777738390641,within_genus_species,Enterobacter,150,substitution_1pct_N_3pct,label
cspaced_count_l2,mlp,219,5,136,0.21212121212121213,0.16961415396198004,within_genus_species,Enterobacter,150,substitution_1pct_N_3pct,label
cspaced_property_l2,nearest_centroid,219,5,147,0.18181818181818182,0.1771712158808933,within_genus_species,Enterobacter,150,substitution_1pct_N_3pct,label
cspaced_property_l2,logistic,219,5,147,0.22727272727272727,0.20926512205711317,within_genus_species,Enterobacter,150,substitution_1pct_N_3pct,label
cspaced_property_l2,mlp,219,5,147,0.06060606060606061,0.050024437927663735,within_genus_species,Enterobacter,150,substitution_1pct_N_3pct,label
hybrid_ckmer5_csp,nearest_centroid,219,5,659,0.12121212121212122,0.11988196988196989,within_genus_species,Enterobacter,150,substitution_1pct_N_3pct,label
hybrid_ckmer5_csp,logistic,219,5,659,0.19696969696969696,0.19675376475376477,within_genus_species,Enterobacter,150,substitution_1pct_N_3pct,label
hybrid_ckmer5_csp,mlp,219,5,659,0.21212121212121213,0.13372414086062615,within_genus_species,Enterobacter,150,substitution_1pct_N_3pct,label
ckmer5_count_l2,nearest_centroid,121,2,510,0.6756756756756757,0.63,target_background,Enterobacter,150,substitution_1pct_N_3pct,target_binary
ckmer5_count_l2,logistic,121,2,510,0.6216216216216216,0.5472027972027972,target_background,Enterobacter,150,substitution_1pct_N_3pct,target_binary
ckmer5_count_l2,mlp,121,2,510,0.5675675675675675,0.45185185185185184,target_background,Enterobacter,150,substitution_1pct_N_3pct,target_binary
ckmer7_count_l2,nearest_centroid,121,2,5925,0.6216216216216216,0.38333333333333336,target_background,Enterobacter,150,substitution_1pct_N_3pct,target_binary
ckmer7_count_l2,logistic,121,2,5925,0.6216216216216216,0.38333333333333336,target_background,Enterobacter,150,substitution_1pct_N_3pct,target_binary
ckmer7_count_l2,mlp,121,2,5925,0.40540540540540543,0.3943452380952381,target_background,Enterobacter,150,substitution_1pct_N_3pct,target_binary
cspaced_count_l2,nearest_centroid,121,2,136,0.6486486486486487,0.6073469387755102,target_background,Enterobacter,150,substitution_1pct_N_3pct,target_binary
cspaced_count_l2,logistic,121,2,136,0.6486486486486487,0.5397129186602871,target_background,Enterobacter,150,substitution_1pct_N_3pct,target_binary
cspaced_count_l2,mlp,121,2,136,0.5405405405405406,0.3980861244019139,target_background,Enterobacter,150,substitution_1pct_N_3pct,target_binary
cspaced_property_l2,nearest_centroid,121,2,147,0.6486486486486487,0.6073469387755102,target_background,Enterobacter,150,substitution_1pct_N_3pct,target_binary
cspaced_property_l2,logistic,121,2,147,0.6216216216216216,0.4861111111111111,target_background,Enterobacter,150,substitution_1pct_N_3pct,target_binary
cspaced_property_l2,mlp,121,2,147,0.5675675675675675,0.4825174825174825,target_background,Enterobacter,150,substitution_1pct_N_3pct,target_binary
hybrid_ckmer5_csp,nearest_centroid,121,2,657,0.6486486486486487,0.5678346810422282,target_background,Enterobacter,150,substitution_1pct_N_3pct,target_binary
hybrid_ckmer5_csp,logistic,121,2,657,0.6486486486486487,0.5397129186602871,target_background,Enterobacter,150,substitution_1pct_N_3pct,target_binary
hybrid_ckmer5_csp,mlp,121,2,657,0.40540540540540543,0.3833333333333333,target_background,Enterobacter,150,substitution_1pct_N_3pct,target_binary
ckmer5_count_l2,nearest_centroid,89,2,508,0.5925925925925926,0.5903448275862069,within_genus_species,Escherichia,150,substitution_1pct_N_3pct,label
ckmer5_count_l2,logistic,89,2,508,0.5185185185185185,0.5158620689655172,within_genus_species,Escherichia,150,substitution_1pct_N_3pct,label
ckmer5_count_l2,mlp,89,2,508,0.5555555555555556,0.4214285714285714,within_genus_species,Escherichia,150,substitution_1pct_N_3pct,label
ckmer7_count_l2,nearest_centroid,89,2,5246,0.5555555555555556,0.55,within_genus_species,Escherichia,150,substitution_1pct_N_3pct,label
ckmer7_count_l2,logistic,89,2,5246,0.5555555555555556,0.55,within_genus_species,Escherichia,150,substitution_1pct_N_3pct,label
ckmer7_count_l2,mlp,89,2,5246,0.5925925925925926,0.5903448275862069,within_genus_species,Escherichia,150,substitution_1pct_N_3pct,label
cspaced_count_l2,nearest_centroid,89,2,136,0.6296296296296297,0.6291208791208791,within_genus_species,Escherichia,150,substitution_1pct_N_3pct,label
cspaced_count_l2,logistic,89,2,136,0.5185185185185185,0.5158620689655172,within_genus_species,Escherichia,150,substitution_1pct_N_3pct,label
cspaced_count_l2,mlp,89,2,136,0.5185185185185185,0.39999999999999997,within_genus_species,Escherichia,150,substitution_1pct_N_3pct,label
cspaced_property_l2,nearest_centroid,89,2,147,0.6296296296296297,0.6291208791208791,within_genus_species,Escherichia,150,substitution_1pct_N_3pct,label
cspaced_property_l2,logistic,89,2,147,0.5555555555555556,0.55,within_genus_species,Escherichia,150,substitution_1pct_N_3pct,label
cspaced_property_l2,mlp,89,2,147,0.6666666666666666,0.6493506493506493,within_genus_species,Escherichia,150,substitution_1pct_N_3pct,label
hybrid_ckmer5_csp,nearest_centroid,89,2,655,0.5925925925925926,0.5903448275862069,within_genus_species,Escherichia,150,substitution_1pct_N_3pct,label
hybrid_ckmer5_csp,logistic,89,2,655,0.5925925925925926,0.5925925925925926,within_genus_species,Escherichia,150,substitution_1pct_N_3pct,label
hybrid_ckmer5_csp,mlp,89,2,655,0.5925925925925926,0.5714285714285714,within_genus_species,Escherichia,150,substitution_1pct_N_3pct,label
ckmer5_count_l2,nearest_centroid,89,2,508,0.5925925925925926,0.5903448275862069,target_background,Escherichia,150,substitution_1pct_N_3pct,target_binary
ckmer5_count_l2,logistic,89,2,508,0.5185185185185185,0.5158620689655172,target_background,Escherichia,150,substitution_1pct_N_3pct,target_binary
ckmer5_count_l2,mlp,89,2,508,0.5555555555555556,0.4214285714285714,target_background,Escherichia,150,substitution_1pct_N_3pct,target_binary
ckmer7_count_l2,nearest_centroid,89,2,5246,0.5555555555555556,0.55,target_background,Escherichia,150,substitution_1pct_N_3pct,target_binary
ckmer7_count_l2,logistic,89,2,5246,0.5555555555555556,0.55,target_background,Escherichia,150,substitution_1pct_N_3pct,target_binary
ckmer7_count_l2,mlp,89,2,5246,0.5925925925925926,0.5903448275862069,target_background,Escherichia,150,substitution_1pct_N_3pct,target_binary
cspaced_count_l2,nearest_centroid,89,2,136,0.6296296296296297,0.6291208791208791,target_background,Escherichia,150,substitution_1pct_N_3pct,target_binary
cspaced_count_l2,logistic,89,2,136,0.5185185185185185,0.5158620689655172,target_background,Escherichia,150,substitution_1pct_N_3pct,target_binary
cspaced_count_l2,mlp,89,2,136,0.5185185185185185,0.39999999999999997,target_background,Escherichia,150,substitution_1pct_N_3pct,target_binary
cspaced_property_l2,nearest_centroid,89,2,147,0.6296296296296297,0.6291208791208791,target_background,Escherichia,150,substitution_1pct_N_3pct,target_binary
cspaced_property_l2,logistic,89,2,147,0.5555555555555556,0.55,target_background,Escherichia,150,substitution_1pct_N_3pct,target_binary
cspaced_property_l2,mlp,89,2,147,0.6666666666666666,0.6493506493506493,target_background,Escherichia,150,substitution_1pct_N_3pct,target_binary
hybrid_ckmer5_csp,nearest_centroid,89,2,655,0.5925925925925926,0.5903448275862069,target_background,Escherichia,150,substitution_1pct_N_3pct,target_binary
hybrid_ckmer5_csp,logistic,89,2,655,0.5925925925925926,0.5925925925925926,target_background,Escherichia,150,substitution_1pct_N_3pct,target_binary
hybrid_ckmer5_csp,mlp,89,2,655,0.5925925925925926,0.5714285714285714,target_background,Escherichia,150,substitution_1pct_N_3pct,target_binary
ckmer5_count_l2,nearest_centroid,130,3,512,0.3333333333333333,0.31506410256410255,within_genus_species,Klebsiella,150,substitution_1pct_N_3pct,label
ckmer5_count_l2,logistic,130,3,512,0.3076923076923077,0.29666119321291734,within_genus_species,Klebsiella,150,substitution_1pct_N_3pct,label
ckmer5_count_l2,mlp,130,3,512,0.4358974358974359,0.4380341880341881,within_genus_species,Klebsiella,150,substitution_1pct_N_3pct,label
ckmer7_count_l2,nearest_centroid,130,3,5854,0.20512820512820512,0.14565217391304347,within_genus_species,Klebsiella,150,substitution_1pct_N_3pct,label
ckmer7_count_l2,logistic,130,3,5854,0.38461538461538464,0.35914702581369246,within_genus_species,Klebsiella,150,substitution_1pct_N_3pct,label
ckmer7_count_l2,mlp,130,3,5854,0.3076923076923077,0.30043290043290044,within_genus_species,Klebsiella,150,substitution_1pct_N_3pct,label
cspaced_count_l2,nearest_centroid,130,3,136,0.358974358974359,0.32635756056808685,within_genus_species,Klebsiella,150,substitution_1pct_N_3pct,label
cspaced_count_l2,logistic,130,3,136,0.38461538461538464,0.39134330684120305,within_genus_species,Klebsiella,150,substitution_1pct_N_3pct,label
cspaced_count_l2,mlp,130,3,136,0.28205128205128205,0.27432539682539686,within_genus_species,Klebsiella,150,substitution_1pct_N_3pct,label
cspaced_property_l2,nearest_centroid,130,3,147,0.358974358974359,0.32635756056808685,within_genus_species,Klebsiella,150,substitution_1pct_N_3pct,label
cspaced_property_l2,logistic,130,3,147,0.5128205128205128,0.5171428571428571,within_genus_species,Klebsiella,150,substitution_1pct_N_3pct,label
cspaced_property_l2,mlp,130,3,147,0.5384615384615384,0.5006775067750677,within_genus_species,Klebsiella,150,substitution_1pct_N_3pct,label
hybrid_ckmer5_csp,nearest_centroid,130,3,659,0.3076923076923077,0.29446435682994826,within_genus_species,Klebsiella,150,substitution_1pct_N_3pct,label
hybrid_ckmer5_csp,logistic,130,3,659,0.3333333333333333,0.3063973063973064,within_genus_species,Klebsiella,150,substitution_1pct_N_3pct,label
hybrid_ckmer5_csp,mlp,130,3,659,0.4358974358974359,0.3802910052910053,within_genus_species,Klebsiella,150,substitution_1pct_N_3pct,label
ckmer5_count_l2,nearest_centroid,119,2,512,0.6388888888888888,0.49946524064171127,target_background,Klebsiella,150,substitution_1pct_N_3pct,target_binary
ckmer5_count_l2,logistic,119,2,512,0.6111111111111112,0.48148148148148145,target_background,Klebsiella,150,substitution_1pct_N_3pct,target_binary
ckmer5_count_l2,mlp,119,2,512,0.6111111111111112,0.5153846153846153,target_background,Klebsiella,150,substitution_1pct_N_3pct,target_binary
ckmer7_count_l2,nearest_centroid,119,2,5687,0.6666666666666666,0.46798029556650245,target_background,Klebsiella,150,substitution_1pct_N_3pct,target_binary
ckmer7_count_l2,logistic,119,2,5687,0.6944444444444444,0.4837027379400261,target_background,Klebsiella,150,substitution_1pct_N_3pct,target_binary
ckmer7_count_l2,mlp,119,2,5687,0.6111111111111112,0.5153846153846153,target_background,Klebsiella,150,substitution_1pct_N_3pct,target_binary
cspaced_count_l2,nearest_centroid,119,2,136,0.6388888888888888,0.5847382431233363,target_background,Klebsiella,150,substitution_1pct_N_3pct,target_binary
cspaced_count_l2,logistic,119,2,136,0.5277777777777778,0.42857142857142855,target_background,Klebsiella,150,substitution_1pct_N_3pct,target_binary
cspaced_count_l2,mlp,119,2,136,0.5555555555555556,0.35714285714285715,target_background,Klebsiella,150,substitution_1pct_N_3pct,target_binary
cspaced_property_l2,nearest_centroid,119,2,147,0.6388888888888888,0.5847382431233363,target_background,Klebsiella,150,substitution_1pct_N_3pct,target_binary
cspaced_property_l2,logistic,119,2,147,0.6111111111111112,0.5418181818181818,target_background,Klebsiella,150,substitution_1pct_N_3pct,target_binary
cspaced_property_l2,mlp,119,2,147,0.6666666666666666,0.5555555555555556,target_background,Klebsiella,150,substitution_1pct_N_3pct,target_binary
hybrid_ckmer5_csp,nearest_centroid,119,2,659,0.6388888888888888,0.49946524064171127,target_background,Klebsiella,150,substitution_1pct_N_3pct,target_binary
hybrid_ckmer5_csp,logistic,119,2,659,0.5277777777777778,0.39225422045680236,target_background,Klebsiella,150,substitution_1pct_N_3pct,target_binary
hybrid_ckmer5_csp,mlp,119,2,659,0.4722222222222222,0.47181467181467185,target_background,Klebsiella,150,substitution_1pct_N_3pct,target_binary
