task,representation,length,condition,n,paired_cosine_mean,paired_cosine_median,paired_cosine_p05,l2_delta_mean,l2_delta_p95,group,classifier,n_classes,accuracy,macro_f1,auroc
rc_consistency,kmer5_count_l2,75,reverse_complement,400,0.12274187644373263,0.08149993081499929,0.0,,,,,,,,
perturbation_stability,kmer5_count_l2,75,N_3pct,400,0.9485423368447704,,0.9289853059279986,0.3171181923334296,0.376867865629325,,,,,,
perturbation_stability,kmer5_count_l2,75,substitution_1pct,400,0.962336476527679,,0.8745121037612441,0.19433767525473564,0.5009747857030592,,,,,,
motif_position,kmer5_count_l2,75,clean,240,,,,,,toy_motif,nearest_centroid,3.0,0.3194444444444444,0.3225344107544419,
motif_position,kmer5_count_l2,75,clean,240,,,,,,toy_motif,logistic_regression,3.0,0.3055555555555556,0.3055555555555556,
motif_position,kmer5_count_l2,75,N_3pct,240,,,,,,toy_motif,nearest_centroid,3.0,0.3055555555555556,0.30444444444444446,
motif_position,kmer5_count_l2,75,N_3pct,240,,,,,,toy_motif,logistic_regression,3.0,0.375,0.3743832211917318,
rc_consistency,kmer5_count_l2,75,reverse_complement,1680,0.12512926927481208,0.10412196499153023,0.0,,,close_relative_wgs,,,,,
perturbation_stability,kmer5_count_l2,75,N_3pct,1680,0.9405081956801346,,0.9269061061280506,0.34278667086979137,0.3823451160194138,close_relative_wgs,,,,,
perturbation_stability,kmer5_count_l2,75,substitution_1pct,1680,0.9576110833709509,,0.8649438443513423,0.2074710856876719,0.5197233026306556,close_relative_wgs,,,,,
close_relative_species,kmer5_count_l2,75,clean,120,,,,,,Acinetobacter,nearest_centroid,4.0,0.2222222222222222,0.22638888888888886,
close_relative_species,kmer5_count_l2,75,clean,120,,,,,,Acinetobacter,logistic_regression,4.0,0.08333333333333333,0.08571428571428572,
close_relative_species,kmer5_count_l2,75,clean,90,,,,,,Burkholderia,nearest_centroid,3.0,0.3333333333333333,0.3318426785919046,
close_relative_species,kmer5_count_l2,75,clean,90,,,,,,Burkholderia,logistic_regression,3.0,0.4074074074074074,0.4070175438596491,
close_relative_target_binary,kmer5_count_l2,75,clean,90,,,,,,Burkholderia,nearest_centroid,2.0,0.6296296296296297,0.5833333333333333,0.7407407407407407
close_relative_target_binary,kmer5_count_l2,75,clean,90,,,,,,Burkholderia,logistic_regression,2.0,0.7037037037037037,0.6447368421052632,0.7222222222222222
close_relative_species,kmer5_count_l2,75,clean,120,,,,,,Candida,nearest_centroid,4.0,0.2777777777777778,0.28529657477025894,
close_relative_species,kmer5_count_l2,75,clean,120,,,,,,Candida,logistic_regression,4.0,0.2777777777777778,0.27749809305873374,
close_relative_target_binary,kmer5_count_l2,75,clean,90,,,,,,Candida,nearest_centroid,2.0,0.4074074074074074,0.33333333333333337,0.3580246913580247
close_relative_target_binary,kmer5_count_l2,75,clean,90,,,,,,Candida,logistic_regression,2.0,0.6296296296296297,0.38636363636363635,0.38271604938271603
close_relative_species,kmer5_count_l2,75,clean,150,,,,,,Enterobacter,nearest_centroid,5.0,0.2,0.19253034547152198,
close_relative_species,kmer5_count_l2,75,clean,150,,,,,,Enterobacter,logistic_regression,5.0,0.24444444444444444,0.2129573934837093,
close_relative_target_binary,kmer5_count_l2,75,clean,90,,,,,,Enterobacter,nearest_centroid,2.0,0.6296296296296297,0.555921052631579,0.5
close_relative_target_binary,kmer5_count_l2,75,clean,90,,,,,,Enterobacter,logistic_regression,2.0,0.6666666666666666,0.4862579281183932,0.5493827160493827
close_relative_species,kmer5_count_l2,75,clean,60,,,,,,Escherichia,nearest_centroid,2.0,0.5555555555555556,0.5,0.6296296296296297
close_relative_species,kmer5_count_l2,75,clean,60,,,,,,Escherichia,logistic_regression,2.0,0.5,0.4581939799331104,0.5925925925925926
close_relative_target_binary,kmer5_count_l2,75,clean,60,,,,,,Escherichia,nearest_centroid,2.0,0.6666666666666666,0.6625,0.5740740740740741
close_relative_target_binary,kmer5_count_l2,75,clean,60,,,,,,Escherichia,logistic_regression,2.0,0.5555555555555556,0.5324675324675324,0.6049382716049383
close_relative_species,kmer5_count_l2,75,clean,90,,,,,,Klebsiella,nearest_centroid,3.0,0.48148148148148145,0.4770258980785296,
close_relative_species,kmer5_count_l2,75,clean,90,,,,,,Klebsiella,logistic_regression,3.0,0.48148148148148145,0.48412698412698413,
close_relative_target_binary,kmer5_count_l2,75,clean,90,,,,,,Klebsiella,nearest_centroid,2.0,0.7777777777777778,0.7107142857142856,0.6666666666666666
close_relative_target_binary,kmer5_count_l2,75,clean,90,,,,,,Klebsiella,logistic_regression,2.0,0.6666666666666666,0.4862579281183932,0.6234567901234568
close_relative_species,kmer5_count_l2,75,N_3pct,120,,,,,,Acinetobacter,nearest_centroid,4.0,0.19444444444444445,0.19480095068330366,
close_relative_species,kmer5_count_l2,75,N_3pct,120,,,,,,Acinetobacter,logistic_regression,4.0,0.08333333333333333,0.08566176470588235,
close_relative_species,kmer5_count_l2,75,N_3pct,90,,,,,,Burkholderia,nearest_centroid,3.0,0.2962962962962963,0.30043859649122806,
close_relative_species,kmer5_count_l2,75,N_3pct,90,,,,,,Burkholderia,logistic_regression,3.0,0.48148148148148145,0.47201426024955434,
close_relative_target_binary,kmer5_count_l2,75,N_3pct,90,,,,,,Burkholderia,nearest_centroid,2.0,0.6666666666666666,0.5846153846153846,0.7098765432098766
close_relative_target_binary,kmer5_count_l2,75,N_3pct,90,,,,,,Burkholderia,logistic_regression,2.0,0.7777777777777778,0.6785714285714286,0.6851851851851851
close_relative_species,kmer5_count_l2,75,N_3pct,120,,,,,,Candida,nearest_centroid,4.0,0.25,0.2560606060606061,
close_relative_species,kmer5_count_l2,75,N_3pct,120,,,,,,Candida,logistic_regression,4.0,0.2777777777777778,0.2639017329419806,
close_relative_target_binary,kmer5_count_l2,75,N_3pct,90,,,,,,Candida,nearest_centroid,2.0,0.4444444444444444,0.35612082670906203,0.4012345679012346
close_relative_target_binary,kmer5_count_l2,75,N_3pct,90,,,,,,Candida,logistic_regression,2.0,0.5925925925925926,0.37209302325581395,0.3950617283950617
close_relative_species,kmer5_count_l2,75,N_3pct,150,,,,,,Enterobacter,nearest_centroid,5.0,0.2,0.1980736154110767,
close_relative_species,kmer5_count_l2,75,N_3pct,150,,,,,,Enterobacter,logistic_regression,5.0,0.2,0.17658058188950637,
close_relative_target_binary,kmer5_count_l2,75,N_3pct,90,,,,,,Enterobacter,nearest_centroid,2.0,0.6296296296296297,0.5178571428571428,0.4444444444444444
close_relative_target_binary,kmer5_count_l2,75,N_3pct,90,,,,,,Enterobacter,logistic_regression,2.0,0.7037037037037037,0.5714285714285714,0.4691358024691358
close_relative_species,kmer5_count_l2,75,N_3pct,60,,,,,,Escherichia,nearest_centroid,2.0,0.5555555555555556,0.5324675324675324,0.5185185185185186
close_relative_species,kmer5_count_l2,75,N_3pct,60,,,,,,Escherichia,logistic_regression,2.0,0.5,0.4984520123839009,0.5925925925925926
close_relative_target_binary,kmer5_count_l2,75,N_3pct,60,,,,,,Escherichia,nearest_centroid,2.0,0.7222222222222222,0.7213622291021672,0.6851851851851852
close_relative_target_binary,kmer5_count_l2,75,N_3pct,60,,,,,,Escherichia,logistic_regression,2.0,0.6111111111111112,0.6,0.654320987654321
close_relative_species,kmer5_count_l2,75,N_3pct,90,,,,,,Klebsiella,nearest_centroid,3.0,0.4074074074074074,0.39766081871345027,
close_relative_species,kmer5_count_l2,75,N_3pct,90,,,,,,Klebsiella,logistic_regression,3.0,0.48148148148148145,0.4728234728234728,
close_relative_target_binary,kmer5_count_l2,75,N_3pct,90,,,,,,Klebsiella,nearest_centroid,2.0,0.7037037037037037,0.6447368421052632,0.6851851851851852
close_relative_target_binary,kmer5_count_l2,75,N_3pct,90,,,,,,Klebsiella,logistic_regression,2.0,0.6296296296296297,0.38636363636363635,0.6728395061728394
rc_consistency,kmer5_count_l2,100,reverse_complement,400,0.1514629205808075,0.11538461538461534,0.01816558441558442,,,,,,,,
perturbation_stability,kmer5_count_l2,100,N_3pct,400,0.9458117091888846,,0.9240190757060176,0.3244957399558905,0.38982284256821764,,,,,,
perturbation_stability,kmer5_count_l2,100,substitution_1pct,400,0.9624476312957825,,0.8989819356025672,0.21491193428580196,0.4494839903699579,,,,,,
motif_position,kmer5_count_l2,100,clean,240,,,,,,toy_motif,nearest_centroid,3.0,0.375,0.3742753623188406,
motif_position,kmer5_count_l2,100,clean,240,,,,,,toy_motif,logistic_regression,3.0,0.3888888888888889,0.3864394242545503,
motif_position,kmer5_count_l2,100,N_3pct,240,,,,,,toy_motif,nearest_centroid,3.0,0.3472222222222222,0.34722222222222215,
motif_position,kmer5_count_l2,100,N_3pct,240,,,,,,toy_motif,logistic_regression,3.0,0.3888888888888889,0.3888125301616972,
rc_consistency,kmer5_count_l2,100,reverse_complement,1680,0.15126487731536242,0.13461538461538455,0.0338983050847458,,,close_relative_wgs,,,,,
perturbation_stability,kmer5_count_l2,100,N_3pct,1680,0.9362545476053442,,0.9203612072586804,0.3553030491762736,0.39909596024344585,close_relative_wgs,,,,,
perturbation_stability,kmer5_count_l2,100,substitution_1pct,1680,0.9570368347007346,,0.8754691678653039,0.22803357684305636,0.49906075916428927,close_relative_wgs,,,,,
close_relative_species,kmer5_count_l2,100,clean,120,,,,,,Acinetobacter,nearest_centroid,4.0,0.2222222222222222,0.22095959595959597,
close_relative_species,kmer5_count_l2,100,clean,120,,,,,,Acinetobacter,logistic_regression,4.0,0.19444444444444445,0.18958333333333333,
close_relative_species,kmer5_count_l2,100,clean,90,,,,,,Burkholderia,nearest_centroid,3.0,0.4074074074074074,0.4013772175536881,
close_relative_species,kmer5_count_l2,100,clean,90,,,,,,Burkholderia,logistic_regression,3.0,0.3333333333333333,0.34188948306595374,
close_relative_target_binary,kmer5_count_l2,100,clean,90,,,,,,Burkholderia,nearest_centroid,2.0,0.6296296296296297,0.5178571428571428,0.6358024691358024
close_relative_target_binary,kmer5_count_l2,100,clean,90,,,,,,Burkholderia,logistic_regression,2.0,0.6296296296296297,0.5178571428571428,0.5987654320987654
close_relative_species,kmer5_count_l2,100,clean,120,,,,,,Candida,nearest_centroid,4.0,0.3333333333333333,0.31313131313131315,
close_relative_species,kmer5_count_l2,100,clean,120,,,,,,Candida,logistic_regression,4.0,0.2222222222222222,0.20655080213903743,
close_relative_target_binary,kmer5_count_l2,100,clean,90,,,,,,Candida,nearest_centroid,2.0,0.6666666666666666,0.5440900562851783,0.28395061728395066
close_relative_target_binary,kmer5_count_l2,100,clean,90,,,,,,Candida,logistic_regression,2.0,0.5185185185185185,0.34146341463414637,0.29629629629629634
close_relative_species,kmer5_count_l2,100,clean,150,,,,,,Enterobacter,nearest_centroid,5.0,0.15555555555555556,0.15559290382819796,
close_relative_species,kmer5_count_l2,100,clean,150,,,,,,Enterobacter,logistic_regression,5.0,0.15555555555555556,0.15610475464022372,
close_relative_target_binary,kmer5_count_l2,100,clean,90,,,,,,Enterobacter,nearest_centroid,2.0,0.37037037037037035,0.2702702702702703,0.3580246913580247
close_relative_target_binary,kmer5_count_l2,100,clean,90,,,,,,Enterobacter,logistic_regression,2.0,0.48148148148148145,0.325,0.32098765432098764
close_relative_species,kmer5_count_l2,100,clean,60,,,,,,Escherichia,nearest_centroid,2.0,0.5,0.4984520123839009,0.6049382716049383
close_relative_species,kmer5_count_l2,100,clean,60,,,,,,Escherichia,logistic_regression,2.0,0.6111111111111112,0.609907120743034,0.5802469135802468
close_relative_target_binary,kmer5_count_l2,100,clean,60,,,,,,Escherichia,nearest_centroid,2.0,0.2777777777777778,0.27554179566563464,0.3950617283950617
close_relative_target_binary,kmer5_count_l2,100,clean,60,,,,,,Escherichia,logistic_regression,2.0,0.5,0.4984520123839009,0.38271604938271603
close_relative_species,kmer5_count_l2,100,clean,90,,,,,,Klebsiella,nearest_centroid,3.0,0.4444444444444444,0.42940685045948196,
close_relative_species,kmer5_count_l2,100,clean,90,,,,,,Klebsiella,logistic_regression,3.0,0.4074074074074074,0.4102740511409242,
close_relative_target_binary,kmer5_count_l2,100,clean,90,,,,,,Klebsiella,nearest_centroid,2.0,0.7777777777777778,0.7107142857142856,0.6790123456790124
close_relative_target_binary,kmer5_count_l2,100,clean,90,,,,,,Klebsiella,logistic_regression,2.0,0.7037037037037037,0.6142857142857143,0.6604938271604939
close_relative_species,kmer5_count_l2,100,N_3pct,120,,,,,,Acinetobacter,nearest_centroid,4.0,0.2222222222222222,0.21312103788883974,
close_relative_species,kmer5_count_l2,100,N_3pct,120,,,,,,Acinetobacter,logistic_regression,4.0,0.2222222222222222,0.2260061919504644,
close_relative_species,kmer5_count_l2,100,N_3pct,90,,,,,,Burkholderia,nearest_centroid,3.0,0.4444444444444444,0.4398148148148148,
close_relative_species,kmer5_count_l2,100,N_3pct,90,,,,,,Burkholderia,logistic_regression,3.0,0.4444444444444444,0.44536177043916975,
close_relative_target_binary,kmer5_count_l2,100,N_3pct,90,,,,,,Burkholderia,nearest_centroid,2.0,0.6666666666666666,0.6136724960254372,0.7037037037037037
close_relative_target_binary,kmer5_count_l2,100,N_3pct,90,,,,,,Burkholderia,logistic_regression,2.0,0.6296296296296297,0.555921052631579,0.7098765432098766
close_relative_species,kmer5_count_l2,100,N_3pct,120,,,,,,Candida,nearest_centroid,4.0,0.3611111111111111,0.3470238095238095,
close_relative_species,kmer5_count_l2,100,N_3pct,120,,,,,,Candida,logistic_regression,4.0,0.3611111111111111,0.3658730158730159,
close_relative_target_binary,kmer5_count_l2,100,N_3pct,90,,,,,,Candida,nearest_centroid,2.0,0.7037037037037037,0.6142857142857143,0.32407407407407407
close_relative_target_binary,kmer5_count_l2,100,N_3pct,90,,,,,,Candida,logistic_regression,2.0,0.6296296296296297,0.38636363636363635,0.3271604938271605
close_relative_species,kmer5_count_l2,100,N_3pct,150,,,,,,Enterobacter,nearest_centroid,5.0,0.15555555555555556,0.16190476190476188,
close_relative_species,kmer5_count_l2,100,N_3pct,150,,,,,,Enterobacter,logistic_regression,5.0,0.1111111111111111,0.11019607843137255,
close_relative_target_binary,kmer5_count_l2,100,N_3pct,90,,,,,,Enterobacter,nearest_centroid,2.0,0.5555555555555556,0.5,0.5061728395061729
close_relative_target_binary,kmer5_count_l2,100,N_3pct,90,,,,,,Enterobacter,logistic_regression,2.0,0.48148148148148145,0.325,0.47530864197530864
close_relative_species,kmer5_count_l2,100,N_3pct,60,,,,,,Escherichia,nearest_centroid,2.0,0.5,0.4857142857142857,0.6666666666666667
close_relative_species,kmer5_count_l2,100,N_3pct,60,,,,,,Escherichia,logistic_regression,2.0,0.5555555555555556,0.55,0.654320987654321
close_relative_target_binary,kmer5_count_l2,100,N_3pct,60,,,,,,Escherichia,nearest_centroid,2.0,0.4444444444444444,0.4444444444444444,0.49382716049382713
close_relative_target_binary,kmer5_count_l2,100,N_3pct,60,,,,,,Escherichia,logistic_regression,2.0,0.4444444444444444,0.4444444444444444,0.5061728395061729
close_relative_species,kmer5_count_l2,100,N_3pct,90,,,,,,Klebsiella,nearest_centroid,3.0,0.4444444444444444,0.44078947368421045,
close_relative_species,kmer5_count_l2,100,N_3pct,90,,,,,,Klebsiella,logistic_regression,3.0,0.3333333333333333,0.3333333333333333,
close_relative_target_binary,kmer5_count_l2,100,N_3pct,90,,,,,,Klebsiella,nearest_centroid,2.0,0.8148148148148148,0.7467166979362101,0.6666666666666667
close_relative_target_binary,kmer5_count_l2,100,N_3pct,90,,,,,,Klebsiella,logistic_regression,2.0,0.8148148148148148,0.7467166979362101,0.6790123456790124
rc_consistency,kmer5_count_l2,125,reverse_complement,1680,0.17938325691912094,0.16296296296296292,0.05673758865248224,,,close_relative_wgs,,,,,
perturbation_stability,kmer5_count_l2,125,N_3pct,1680,0.9345929273686825,,0.9178887105958817,0.360029669325673,0.40524385104309335,close_relative_wgs,,,,,
perturbation_stability,kmer5_count_l2,125,substitution_1pct,1680,0.9580619132955861,,0.892048401885143,0.24115649703327763,0.4646537097958148,close_relative_wgs,,,,,
close_relative_species,kmer5_count_l2,125,clean,120,,,,,,Acinetobacter,nearest_centroid,4.0,0.3055555555555556,0.29733187134502925,
close_relative_species,kmer5_count_l2,125,clean,120,,,,,,Acinetobacter,logistic_regression,4.0,0.2777777777777778,0.2711189739053516,
close_relative_species,kmer5_count_l2,125,clean,90,,,,,,Burkholderia,nearest_centroid,3.0,0.4074074074074074,0.40614608416466,
close_relative_species,kmer5_count_l2,125,clean,90,,,,,,Burkholderia,logistic_regression,3.0,0.3333333333333333,0.3277777777777778,
close_relative_target_binary,kmer5_count_l2,125,clean,90,,,,,,Burkholderia,nearest_centroid,2.0,0.7407407407407407,0.676923076923077,0.7962962962962963
close_relative_target_binary,kmer5_count_l2,125,clean,90,,,,,,Burkholderia,logistic_regression,2.0,0.6296296296296297,0.5178571428571428,0.7962962962962963
close_relative_species,kmer5_count_l2,125,clean,120,,,,,,Candida,nearest_centroid,4.0,0.2777777777777778,0.24999999999999997,
close_relative_species,kmer5_count_l2,125,clean,120,,,,,,Candida,logistic_regression,4.0,0.2222222222222222,0.20085251491901107,
close_relative_target_binary,kmer5_count_l2,125,clean,90,,,,,,Candida,nearest_centroid,2.0,0.5925925925925926,0.5533834586466165,0.47530864197530864
close_relative_target_binary,kmer5_count_l2,125,clean,90,,,,,,Candida,logistic_regression,2.0,0.6666666666666666,0.5440900562851783,0.5864197530864197
close_relative_species,kmer5_count_l2,125,clean,150,,,,,,Enterobacter,nearest_centroid,5.0,0.28888888888888886,0.301809767385215,
close_relative_species,kmer5_count_l2,125,clean,150,,,,,,Enterobacter,logistic_regression,5.0,0.24444444444444444,0.2461764705882353,
close_relative_target_binary,kmer5_count_l2,125,clean,90,,,,,,Enterobacter,nearest_centroid,2.0,0.7037037037037037,0.5090909090909091,0.5432098765432098
close_relative_target_binary,kmer5_count_l2,125,clean,90,,,,,,Enterobacter,logistic_regression,2.0,0.7037037037037037,0.5090909090909091,0.46296296296296297
close_relative_species,kmer5_count_l2,125,clean,60,,,,,,Escherichia,nearest_centroid,2.0,0.6111111111111112,0.6,0.7283950617283951
close_relative_species,kmer5_count_l2,125,clean,60,,,,,,Escherichia,logistic_regression,2.0,0.6666666666666666,0.6625,0.7037037037037037
close_relative_target_binary,kmer5_count_l2,125,clean,60,,,,,,Escherichia,nearest_centroid,2.0,0.6111111111111112,0.5785953177257526,0.7777777777777778
close_relative_target_binary,kmer5_count_l2,125,clean,60,,,,,,Escherichia,logistic_regression,2.0,0.5555555555555556,0.55,0.654320987654321
close_relative_species,kmer5_count_l2,125,clean,90,,,,,,Klebsiella,nearest_centroid,3.0,0.3333333333333333,0.33814929480564154,
close_relative_species,kmer5_count_l2,125,clean,90,,,,,,Klebsiella,logistic_regression,3.0,0.48148148148148145,0.4678362573099415,
close_relative_target_binary,kmer5_count_l2,125,clean,90,,,,,,Klebsiella,nearest_centroid,2.0,0.5185185185185185,0.4419713831478538,0.5493827160493827
close_relative_target_binary,kmer5_count_l2,125,clean,90,,,,,,Klebsiella,logistic_regression,2.0,0.6296296296296297,0.5178571428571428,0.5617283950617284
close_relative_species,kmer5_count_l2,125,N_3pct,120,,,,,,Acinetobacter,nearest_centroid,4.0,0.3333333333333333,0.3282618310482088,
close_relative_species,kmer5_count_l2,125,N_3pct,120,,,,,,Acinetobacter,logistic_regression,4.0,0.3055555555555556,0.2984176126590987,
close_relative_species,kmer5_count_l2,125,N_3pct,90,,,,,,Burkholderia,nearest_centroid,3.0,0.5185185185185185,0.5174865267744524,
close_relative_species,kmer5_count_l2,125,N_3pct,90,,,,,,Burkholderia,logistic_regression,3.0,0.4444444444444444,0.4444444444444444,
close_relative_target_binary,kmer5_count_l2,125,N_3pct,90,,,,,,Burkholderia,nearest_centroid,2.0,0.6666666666666666,0.5846153846153846,0.7901234567901234
close_relative_target_binary,kmer5_count_l2,125,N_3pct,90,,,,,,Burkholderia,logistic_regression,2.0,0.6296296296296297,0.46428571428571425,0.7716049382716049
close_relative_species,kmer5_count_l2,125,N_3pct,120,,,,,,Candida,nearest_centroid,4.0,0.2222222222222222,0.20186335403726707,
close_relative_species,kmer5_count_l2,125,N_3pct,120,,,,,,Candida,logistic_regression,4.0,0.19444444444444445,0.20277777777777778,
close_relative_target_binary,kmer5_count_l2,125,N_3pct,90,,,,,,Candida,nearest_centroid,2.0,0.5555555555555556,0.5,0.4537037037037037
close_relative_target_binary,kmer5_count_l2,125,N_3pct,90,,,,,,Candida,logistic_regression,2.0,0.5925925925925926,0.49230769230769234,0.5493827160493827
close_relative_species,kmer5_count_l2,125,N_3pct,150,,,,,,Enterobacter,nearest_centroid,5.0,0.3111111111111111,0.31180035650623883,
close_relative_species,kmer5_count_l2,125,N_3pct,150,,,,,,Enterobacter,logistic_regression,5.0,0.3111111111111111,0.31128936423054065,
close_relative_target_binary,kmer5_count_l2,125,N_3pct,90,,,,,,Enterobacter,nearest_centroid,2.0,0.6666666666666666,0.4862579281183932,0.4814814814814815
close_relative_target_binary,kmer5_count_l2,125,N_3pct,90,,,,,,Enterobacter,logistic_regression,2.0,0.7037037037037037,0.5090909090909091,0.4814814814814815
close_relative_species,kmer5_count_l2,125,N_3pct,60,,,,,,Escherichia,nearest_centroid,2.0,0.6666666666666666,0.6625,0.654320987654321
close_relative_species,kmer5_count_l2,125,N_3pct,60,,,,,,Escherichia,logistic_regression,2.0,0.7222222222222222,0.7142857142857142,0.6296296296296297
close_relative_target_binary,kmer5_count_l2,125,N_3pct,60,,,,,,Escherichia,nearest_centroid,2.0,0.5555555555555556,0.5,0.691358024691358
close_relative_target_binary,kmer5_count_l2,125,N_3pct,60,,,,,,Escherichia,logistic_regression,2.0,0.5555555555555556,0.5324675324675324,0.6790123456790124
close_relative_species,kmer5_count_l2,125,N_3pct,90,,,,,,Klebsiella,nearest_centroid,3.0,0.37037037037037035,0.37105836486641436,
close_relative_species,kmer5_count_l2,125,N_3pct,90,,,,,,Klebsiella,logistic_regression,3.0,0.4074074074074074,0.3883040935672515,
close_relative_target_binary,kmer5_count_l2,125,N_3pct,90,,,,,,Klebsiella,nearest_centroid,2.0,0.48148148148148145,0.3782894736842105,0.5185185185185186
close_relative_target_binary,kmer5_count_l2,125,N_3pct,90,,,,,,Klebsiella,logistic_regression,2.0,0.6296296296296297,0.46428571428571425,0.5617283950617284
rc_consistency,kmer5_count_l2,150,reverse_complement,1680,0.20143180479414047,0.18823529411764722,0.07434536755110921,,,close_relative_wgs,,,,,
perturbation_stability,kmer5_count_l2,150,N_3pct,1680,0.947114430648045,,0.9338791905438532,0.32373058427215157,0.3636504073329515,close_relative_wgs,,,,,
perturbation_stability,kmer5_count_l2,150,substitution_1pct,1680,0.9607713325104771,,0.9010267406010531,0.23922177205583575,0.4449117651769081,close_relative_wgs,,,,,
close_relative_species,kmer5_count_l2,150,clean,120,,,,,,Acinetobacter,nearest_centroid,4.0,0.25,0.2461622807017544,
close_relative_species,kmer5_count_l2,150,clean,120,,,,,,Acinetobacter,logistic_regression,4.0,0.25,0.2413893188854489,
close_relative_species,kmer5_count_l2,150,clean,90,,,,,,Burkholderia,nearest_centroid,3.0,0.37037037037037035,0.3159420289855072,
close_relative_species,kmer5_count_l2,150,clean,90,,,,,,Burkholderia,logistic_regression,3.0,0.4074074074074074,0.4054317379125563,
close_relative_target_binary,kmer5_count_l2,150,clean,90,,,,,,Burkholderia,nearest_centroid,2.0,0.6296296296296297,0.555921052631579,0.771604938271605
close_relative_target_binary,kmer5_count_l2,150,clean,90,,,,,,Burkholderia,logistic_regression,2.0,0.6666666666666666,0.5440900562851783,0.7777777777777779
close_relative_species,kmer5_count_l2,150,clean,120,,,,,,Candida,nearest_centroid,4.0,0.3611111111111111,0.3301728586171311,
close_relative_species,kmer5_count_l2,150,clean,120,,,,,,Candida,logistic_regression,4.0,0.3333333333333333,0.3040472599296129,
close_relative_target_binary,kmer5_count_l2,150,clean,90,,,,,,Candida,nearest_centroid,2.0,0.6296296296296297,0.5833333333333333,0.6111111111111112
close_relative_target_binary,kmer5_count_l2,150,clean,90,,,,,,Candida,logistic_regression,2.0,0.7037037037037037,0.5090909090909091,0.6358024691358025
close_relative_species,kmer5_count_l2,150,clean,150,,,,,,Enterobacter,nearest_centroid,5.0,0.26666666666666666,0.2631578947368421,
close_relative_species,kmer5_count_l2,150,clean,150,,,,,,Enterobacter,logistic_regression,5.0,0.2222222222222222,0.22162464985994398,
close_relative_target_binary,kmer5_count_l2,150,clean,90,,,,,,Enterobacter,nearest_centroid,2.0,0.6666666666666666,0.5846153846153846,0.4197530864197531
close_relative_target_binary,kmer5_count_l2,150,clean,90,,,,,,Enterobacter,logistic_regression,2.0,0.6296296296296297,0.46428571428571425,0.3765432098765432
close_relative_species,kmer5_count_l2,150,clean,60,,,,,,Escherichia,nearest_centroid,2.0,0.5,0.4984520123839009,0.5679012345679013
close_relative_species,kmer5_count_l2,150,clean,60,,,,,,Escherichia,logistic_regression,2.0,0.5555555555555556,0.5555555555555556,0.6049382716049383
close_relative_target_binary,kmer5_count_l2,150,clean,60,,,,,,Escherichia,nearest_centroid,2.0,0.5,0.4984520123839009,0.42592592592592593
close_relative_target_binary,kmer5_count_l2,150,clean,60,,,,,,Escherichia,logistic_regression,2.0,0.3888888888888889,0.38699690402476783,0.4691358024691358
close_relative_species,kmer5_count_l2,150,clean,90,,,,,,Klebsiella,nearest_centroid,3.0,0.2962962962962963,0.280952380952381,
close_relative_species,kmer5_count_l2,150,clean,90,,,,,,Klebsiella,logistic_regression,3.0,0.5185185185185185,0.49927849927849927,
close_relative_target_binary,kmer5_count_l2,150,clean,90,,,,,,Klebsiella,nearest_centroid,2.0,0.5555555555555556,0.4214285714285714,0.43209876543209874
close_relative_target_binary,kmer5_count_l2,150,clean,90,,,,,,Klebsiella,logistic_regression,2.0,0.6296296296296297,0.46428571428571425,0.4012345679012346
close_relative_species,kmer5_count_l2,150,N_3pct,120,,,,,,Acinetobacter,nearest_centroid,4.0,0.2222222222222222,0.21621701312103786,
close_relative_species,kmer5_count_l2,150,N_3pct,120,,,,,,Acinetobacter,logistic_regression,4.0,0.25,0.2375,
close_relative_species,kmer5_count_l2,150,N_3pct,90,,,,,,Burkholderia,nearest_centroid,3.0,0.25925925925925924,0.22857142857142856,
close_relative_species,kmer5_count_l2,150,N_3pct,90,,,,,,Burkholderia,logistic_regression,3.0,0.4444444444444444,0.4527777777777778,
close_relative_target_binary,kmer5_count_l2,150,N_3pct,90,,,,,,Burkholderia,nearest_centroid,2.0,0.6296296296296297,0.555921052631579,0.654320987654321
close_relative_target_binary,kmer5_count_l2,150,N_3pct,90,,,,,,Burkholderia,logistic_regression,2.0,0.7037037037037037,0.5714285714285714,0.6975308641975309
close_relative_species,kmer5_count_l2,150,N_3pct,120,,,,,,Candida,nearest_centroid,4.0,0.4166666666666667,0.37717391304347825,
close_relative_species,kmer5_count_l2,150,N_3pct,120,,,,,,Candida,logistic_regression,4.0,0.3888888888888889,0.380840742093939,
close_relative_target_binary,kmer5_count_l2,150,N_3pct,90,,,,,,Candida,nearest_centroid,2.0,0.6296296296296297,0.555921052631579,0.5308641975308642
close_relative_target_binary,kmer5_count_l2,150,N_3pct,90,,,,,,Candida,logistic_regression,2.0,0.6296296296296297,0.38636363636363635,0.5123456790123457
close_relative_species,kmer5_count_l2,150,N_3pct,150,,,,,,Enterobacter,nearest_centroid,5.0,0.2222222222222222,0.2187719298245614,
close_relative_species,kmer5_count_l2,150,N_3pct,150,,,,,,Enterobacter,logistic_regression,5.0,0.2222222222222222,0.2208583573289456,
close_relative_target_binary,kmer5_count_l2,150,N_3pct,90,,,,,,Enterobacter,nearest_centroid,2.0,0.5925925925925926,0.49230769230769234,0.42592592592592593
close_relative_target_binary,kmer5_count_l2,150,N_3pct,90,,,,,,Enterobacter,logistic_regression,2.0,0.5555555555555556,0.35714285714285715,0.36419753086419754
close_relative_species,kmer5_count_l2,150,N_3pct,60,,,,,,Escherichia,nearest_centroid,2.0,0.5,0.4984520123839009,0.5679012345679013
close_relative_species,kmer5_count_l2,150,N_3pct,60,,,,,,Escherichia,logistic_regression,2.0,0.6111111111111112,0.609907120743034,0.5679012345679013
close_relative_target_binary,kmer5_count_l2,150,N_3pct,60,,,,,,Escherichia,nearest_centroid,2.0,0.5,0.4984520123839009,0.4567901234567901
close_relative_target_binary,kmer5_count_l2,150,N_3pct,60,,,,,,Escherichia,logistic_regression,2.0,0.4444444444444444,0.4444444444444444,0.4691358024691358
close_relative_species,kmer5_count_l2,150,N_3pct,90,,,,,,Klebsiella,nearest_centroid,3.0,0.2962962962962963,0.293859649122807,
close_relative_species,kmer5_count_l2,150,N_3pct,90,,,,,,Klebsiella,logistic_regression,3.0,0.4074074074074074,0.4039674349271873,
close_relative_target_binary,kmer5_count_l2,150,N_3pct,90,,,,,,Klebsiella,nearest_centroid,2.0,0.6296296296296297,0.46428571428571425,0.4814814814814815
close_relative_target_binary,kmer5_count_l2,150,N_3pct,90,,,,,,Klebsiella,logistic_regression,2.0,0.7407407407407407,0.6004228329809725,0.4012345679012345
rc_consistency,kmer5_count_l2,300,reverse_complement,1680,0.342020683884266,0.3272393048128347,0.2061704063068529,,,close_relative_wgs,,,,,
perturbation_stability,kmer5_count_l2,300,N_3pct,1680,0.949266390159417,,0.93713518213167,0.31722724906071953,0.3545837495918448,close_relative_wgs,,,,,
perturbation_stability,kmer5_count_l2,300,substitution_1pct,1680,0.9678736766964208,,0.9342789934779271,0.237164902546316,0.3625493223935428,close_relative_wgs,,,,,
close_relative_species,kmer5_count_l2,300,clean,120,,,,,,Acinetobacter,nearest_centroid,4.0,0.1388888888888889,0.13402777777777777,
close_relative_species,kmer5_count_l2,300,clean,120,,,,,,Acinetobacter,logistic_regression,4.0,0.2222222222222222,0.20271274619100704,
close_relative_species,kmer5_count_l2,300,clean,90,,,,,,Burkholderia,nearest_centroid,3.0,0.37037037037037035,0.3566137566137566,
close_relative_species,kmer5_count_l2,300,clean,90,,,,,,Burkholderia,logistic_regression,3.0,0.4074074074074074,0.40614608416466,
close_relative_target_binary,kmer5_count_l2,300,clean,90,,,,,,Burkholderia,nearest_centroid,2.0,0.4444444444444444,0.3076923076923077,0.41975308641975306
close_relative_target_binary,kmer5_count_l2,300,clean,90,,,,,,Burkholderia,logistic_regression,2.0,0.5925925925925926,0.4427767354596623,0.4814814814814815
close_relative_species,kmer5_count_l2,300,clean,120,,,,,,Candida,nearest_centroid,4.0,0.25,0.2116036137775268,
close_relative_species,kmer5_count_l2,300,clean,120,,,,,,Candida,logistic_regression,4.0,0.3333333333333333,0.33511904761904765,
close_relative_target_binary,kmer5_count_l2,300,clean,90,,,,,,Candida,nearest_centroid,2.0,0.6666666666666666,0.5440900562851783,0.6666666666666666
close_relative_target_binary,kmer5_count_l2,300,clean,90,,,,,,Candida,logistic_regression,2.0,0.5925925925925926,0.37209302325581395,0.6111111111111112
close_relative_species,kmer5_count_l2,300,clean,150,,,,,,Enterobacter,nearest_centroid,5.0,0.24444444444444444,0.23678743961352655,
close_relative_species,kmer5_count_l2,300,clean,150,,,,,,Enterobacter,logistic_regression,5.0,0.17777777777777778,0.17359206840630986,
close_relative_target_binary,kmer5_count_l2,300,clean,90,,,,,,Enterobacter,nearest_centroid,2.0,0.6296296296296297,0.555921052631579,0.5185185185185185
close_relative_target_binary,kmer5_count_l2,300,clean,90,,,,,,Enterobacter,logistic_regression,2.0,0.5925925925925926,0.49230769230769234,0.5123456790123457
close_relative_species,kmer5_count_l2,300,clean,60,,,,,,Escherichia,nearest_centroid,2.0,0.6111111111111112,0.609907120743034,0.4691358024691358
close_relative_species,kmer5_count_l2,300,clean,60,,,,,,Escherichia,logistic_regression,2.0,0.5,0.4984520123839009,0.4320987654320988
close_relative_target_binary,kmer5_count_l2,300,clean,60,,,,,,Escherichia,nearest_centroid,2.0,0.3888888888888889,0.37142857142857144,0.4320987654320988
close_relative_target_binary,kmer5_count_l2,300,clean,60,,,,,,Escherichia,logistic_regression,2.0,0.3333333333333333,0.3333333333333333,0.37037037037037035
close_relative_species,kmer5_count_l2,300,clean,90,,,,,,Klebsiella,nearest_centroid,3.0,0.3333333333333333,0.3378851540616246,
close_relative_species,kmer5_count_l2,300,clean,90,,,,,,Klebsiella,logistic_regression,3.0,0.4444444444444444,0.4390551542254329,
close_relative_target_binary,kmer5_count_l2,300,clean,90,,,,,,Klebsiella,nearest_centroid,2.0,0.7777777777777778,0.7335526315789473,0.7222222222222223
close_relative_target_binary,kmer5_count_l2,300,clean,90,,,,,,Klebsiella,logistic_regression,2.0,0.6666666666666666,0.4862579281183932,0.6604938271604939
close_relative_species,kmer5_count_l2,300,N_3pct,120,,,,,,Acinetobacter,nearest_centroid,4.0,0.25,0.2328733766233766,
close_relative_species,kmer5_count_l2,300,N_3pct,120,,,,,,Acinetobacter,logistic_regression,4.0,0.2777777777777778,0.27451665981077744,
close_relative_species,kmer5_count_l2,300,N_3pct,90,,,,,,Burkholderia,nearest_centroid,3.0,0.3333333333333333,0.32966402935443184,
close_relative_species,kmer5_count_l2,300,N_3pct,90,,,,,,Burkholderia,logistic_regression,3.0,0.37037037037037035,0.36216153127917833,
close_relative_target_binary,kmer5_count_l2,300,N_3pct,90,,,,,,Burkholderia,nearest_centroid,2.0,0.37037037037037035,0.2702702702702703,0.41358024691358025
close_relative_target_binary,kmer5_count_l2,300,N_3pct,90,,,,,,Burkholderia,logistic_regression,2.0,0.7037037037037037,0.5090909090909091,0.43827160493827155
close_relative_species,kmer5_count_l2,300,N_3pct,120,,,,,,Candida,nearest_centroid,4.0,0.25,0.21237458193979933,
close_relative_species,kmer5_count_l2,300,N_3pct,120,,,,,,Candida,logistic_regression,4.0,0.3055555555555556,0.2917184265010352,
close_relative_target_binary,kmer5_count_l2,300,N_3pct,90,,,,,,Candida,nearest_centroid,2.0,0.6296296296296297,0.46428571428571425,0.7283950617283951
close_relative_target_binary,kmer5_count_l2,300,N_3pct,90,,,,,,Candida,logistic_regression,2.0,0.6296296296296297,0.46428571428571425,0.7222222222222223
close_relative_species,kmer5_count_l2,300,N_3pct,150,,,,,,Enterobacter,nearest_centroid,5.0,0.17777777777777778,0.1619047619047619,
close_relative_species,kmer5_count_l2,300,N_3pct,150,,,,,,Enterobacter,logistic_regression,5.0,0.15555555555555556,0.15924369747899159,
close_relative_target_binary,kmer5_count_l2,300,N_3pct,90,,,,,,Enterobacter,nearest_centroid,2.0,0.5925925925925926,0.49230769230769234,0.46296296296296297
close_relative_target_binary,kmer5_count_l2,300,N_3pct,90,,,,,,Enterobacter,logistic_regression,2.0,0.5555555555555556,0.4214285714285714,0.46296296296296297
close_relative_species,kmer5_count_l2,300,N_3pct,60,,,,,,Escherichia,nearest_centroid,2.0,0.5555555555555556,0.5555555555555556,0.39506172839506176
close_relative_species,kmer5_count_l2,300,N_3pct,60,,,,,,Escherichia,logistic_regression,2.0,0.3888888888888889,0.38699690402476783,0.34567901234567905
close_relative_target_binary,kmer5_count_l2,300,N_3pct,60,,,,,,Escherichia,nearest_centroid,2.0,0.4444444444444444,0.4375,0.33333333333333337
close_relative_target_binary,kmer5_count_l2,300,N_3pct,60,,,,,,Escherichia,logistic_regression,2.0,0.3888888888888889,0.38699690402476783,0.34567901234567905
close_relative_species,kmer5_count_l2,300,N_3pct,90,,,,,,Klebsiella,nearest_centroid,3.0,0.25925925925925924,0.26166723999541336,
close_relative_species,kmer5_count_l2,300,N_3pct,90,,,,,,Klebsiella,logistic_regression,3.0,0.37037037037037035,0.362802430913886,
close_relative_target_binary,kmer5_count_l2,300,N_3pct,90,,,,,,Klebsiella,nearest_centroid,2.0,0.7777777777777778,0.7107142857142856,0.7345679012345678
close_relative_target_binary,kmer5_count_l2,300,N_3pct,90,,,,,,Klebsiella,logistic_regression,2.0,0.7407407407407407,0.6454033771106942,0.6481481481481481
rc_consistency,ckmer5_count_l2,75,reverse_complement,400,1.0,1.0,0.9999999999999993,,,,,,,,
perturbation_stability,ckmer5_count_l2,75,N_3pct,400,0.9518815099883611,,0.9284318349584091,0.3051250750760159,0.3783332717293918,,,,,,
perturbation_stability,ckmer5_count_l2,75,substitution_1pct,400,0.9650608242017714,,0.8804198574909183,0.1861081728328852,0.4890389816382282,,,,,,
motif_position,ckmer5_count_l2,75,clean,240,,,,,,toy_motif,nearest_centroid,3.0,0.3333333333333333,0.3344493772351707,
motif_position,ckmer5_count_l2,75,clean,240,,,,,,toy_motif,logistic_regression,3.0,0.2916666666666667,0.29213111135636244,
motif_position,ckmer5_count_l2,75,N_3pct,240,,,,,,toy_motif,nearest_centroid,3.0,0.2916666666666667,0.2852883843595918,
motif_position,ckmer5_count_l2,75,N_3pct,240,,,,,,toy_motif,logistic_regression,3.0,0.2916666666666667,0.292243323478019,
rc_consistency,ckmer5_count_l2,75,reverse_complement,1680,1.0,1.0,0.9999999999999993,,,close_relative_wgs,,,,,
perturbation_stability,ckmer5_count_l2,75,N_3pct,1680,0.9450952232258389,,0.9252788670653838,0.3286627384617835,0.38657763239643567,close_relative_wgs,,,,,
perturbation_stability,ckmer5_count_l2,75,substitution_1pct,1680,0.9611047312504339,,0.8750683673869075,0.1981924787185653,0.49986324652467196,close_relative_wgs,,,,,
close_relative_species,ckmer5_count_l2,75,clean,120,,,,,,Acinetobacter,nearest_centroid,4.0,0.25,0.24360902255639094,
close_relative_species,ckmer5_count_l2,75,clean,120,,,,,,Acinetobacter,logistic_regression,4.0,0.19444444444444445,0.18125,
close_relative_species,ckmer5_count_l2,75,clean,90,,,,,,Burkholderia,nearest_centroid,3.0,0.18518518518518517,0.17424242424242423,
close_relative_species,ckmer5_count_l2,75,clean,90,,,,,,Burkholderia,logistic_regression,3.0,0.37037037037037035,0.35132275132275126,
close_relative_target_binary,ckmer5_count_l2,75,clean,90,,,,,,Burkholderia,nearest_centroid,2.0,0.6666666666666666,0.6345864661654135,0.6049382716049383
close_relative_target_binary,ckmer5_count_l2,75,clean,90,,,,,,Burkholderia,logistic_regression,2.0,0.5925925925925926,0.4427767354596623,0.6604938271604939
close_relative_species,ckmer5_count_l2,75,clean,120,,,,,,Candida,nearest_centroid,4.0,0.2222222222222222,0.21120448179271706,
close_relative_species,ckmer5_count_l2,75,clean,120,,,,,,Candida,logistic_regression,4.0,0.3055555555555556,0.30932313076612444,
close_relative_target_binary,ckmer5_count_l2,75,clean,90,,,,,,Candida,nearest_centroid,2.0,0.4444444444444444,0.35612082670906203,0.37962962962962965
close_relative_target_binary,ckmer5_count_l2,75,clean,90,,,,,,Candida,logistic_regression,2.0,0.5925925925925926,0.4427767354596623,0.42592592592592593
close_relative_species,ckmer5_count_l2,75,clean,150,,,,,,Enterobacter,nearest_centroid,5.0,0.15555555555555556,0.15421052631578946,
close_relative_species,ckmer5_count_l2,75,clean,150,,,,,,Enterobacter,logistic_regression,5.0,0.2,0.18821195144724556,
close_relative_target_binary,ckmer5_count_l2,75,clean,90,,,,,,Enterobacter,nearest_centroid,2.0,0.4444444444444444,0.35612082670906203,0.35802469135802467
close_relative_target_binary,ckmer5_count_l2,75,clean,90,,,,,,Enterobacter,logistic_regression,2.0,0.48148148148148145,0.3782894736842105,0.42592592592592593
close_relative_species,ckmer5_count_l2,75,clean,60,,,,,,Escherichia,nearest_centroid,2.0,0.7222222222222222,0.7142857142857142,0.617283950617284
close_relative_species,ckmer5_count_l2,75,clean,60,,,,,,Escherichia,logistic_regression,2.0,0.4444444444444444,0.4375,0.5679012345679012
close_relative_target_binary,ckmer5_count_l2,75,clean,60,,,,,,Escherichia,nearest_centroid,2.0,0.6666666666666666,0.6625,0.6296296296296297
close_relative_target_binary,ckmer5_count_l2,75,clean,60,,,,,,Escherichia,logistic_regression,2.0,0.5,0.4984520123839009,0.41975308641975306
close_relative_species,ckmer5_count_l2,75,clean,90,,,,,,Klebsiella,nearest_centroid,3.0,0.37037037037037035,0.3546918767507003,
close_relative_species,ckmer5_count_l2,75,clean,90,,,,,,Klebsiella,logistic_regression,3.0,0.37037037037037035,0.3391791499208379,
close_relative_target_binary,ckmer5_count_l2,75,clean,90,,,,,,Klebsiella,nearest_centroid,2.0,0.7037037037037037,0.6447368421052632,0.5617283950617283
close_relative_target_binary,ckmer5_count_l2,75,clean,90,,,,,,Klebsiella,logistic_regression,2.0,0.6666666666666666,0.5440900562851783,0.5432098765432098
close_relative_species,ckmer5_count_l2,75,N_3pct,120,,,,,,Acinetobacter,nearest_centroid,4.0,0.2777777777777778,0.26835839598997496,
close_relative_species,ckmer5_count_l2,75,N_3pct,120,,,,,,Acinetobacter,logistic_regression,4.0,0.1111111111111111,0.10518483709273183,
close_relative_species,ckmer5_count_l2,75,N_3pct,90,,,,,,Burkholderia,nearest_centroid,3.0,0.25925925925925924,0.24035087719298245,
close_relative_species,ckmer5_count_l2,75,N_3pct,90,,,,,,Burkholderia,logistic_regression,3.0,0.5555555555555556,0.5518518518518519,
close_relative_target_binary,ckmer5_count_l2,75,N_3pct,90,,,,,,Burkholderia,nearest_centroid,2.0,0.7037037037037037,0.6823529411764706,0.6790123456790124
close_relative_target_binary,ckmer5_count_l2,75,N_3pct,90,,,,,,Burkholderia,logistic_regression,2.0,0.7037037037037037,0.6142857142857143,0.7345679012345678
close_relative_species,ckmer5_count_l2,75,N_3pct,120,,,,,,Candida,nearest_centroid,4.0,0.2777777777777778,0.2725563909774436,
close_relative_species,ckmer5_count_l2,75,N_3pct,120,,,,,,Candida,logistic_regression,4.0,0.2777777777777778,0.2809698041896185,
close_relative_target_binary,ckmer5_count_l2,75,N_3pct,90,,,,,,Candida,nearest_centroid,2.0,0.48148148148148145,0.3782894736842105,0.45679012345679015
close_relative_target_binary,ckmer5_count_l2,75,N_3pct,90,,,,,,Candida,logistic_regression,2.0,0.6666666666666666,0.5440900562851783,0.462962962962963
close_relative_species,ckmer5_count_l2,75,N_3pct,150,,,,,,Enterobacter,nearest_centroid,5.0,0.13333333333333333,0.134640522875817,
close_relative_species,ckmer5_count_l2,75,N_3pct,150,,,,,,Enterobacter,logistic_regression,5.0,0.24444444444444444,0.23543417366946776,
close_relative_target_binary,ckmer5_count_l2,75,N_3pct,90,,,,,,Enterobacter,nearest_centroid,2.0,0.48148148148148145,0.325,0.345679012345679
close_relative_target_binary,ckmer5_count_l2,75,N_3pct,90,,,,,,Enterobacter,logistic_regression,2.0,0.5185185185185185,0.34146341463414637,0.35185185185185186
close_relative_species,ckmer5_count_l2,75,N_3pct,60,,,,,,Escherichia,nearest_centroid,2.0,0.5555555555555556,0.55,0.5679012345679013
close_relative_species,ckmer5_count_l2,75,N_3pct,60,,,,,,Escherichia,logistic_regression,2.0,0.4444444444444444,0.4444444444444444,0.4691358024691358
close_relative_target_binary,ckmer5_count_l2,75,N_3pct,60,,,,,,Escherichia,nearest_centroid,2.0,0.7222222222222222,0.7213622291021672,0.6234567901234568
close_relative_target_binary,ckmer5_count_l2,75,N_3pct,60,,,,,,Escherichia,logistic_regression,2.0,0.5555555555555556,0.5324675324675324,0.6419753086419753
close_relative_species,ckmer5_count_l2,75,N_3pct,90,,,,,,Klebsiella,nearest_centroid,3.0,0.4444444444444444,0.44761904761904764,
close_relative_species,ckmer5_count_l2,75,N_3pct,90,,,,,,Klebsiella,logistic_regression,3.0,0.37037037037037035,0.36718020541549956,
close_relative_target_binary,ckmer5_count_l2,75,N_3pct,90,,,,,,Klebsiella,nearest_centroid,2.0,0.6666666666666666,0.6136724960254372,0.4938271604938272
close_relative_target_binary,ckmer5_count_l2,75,N_3pct,90,,,,,,Klebsiella,logistic_regression,2.0,0.5555555555555556,0.4214285714285714,0.47530864197530864
rc_consistency,ckmer5_count_l2,100,reverse_complement,400,1.0,1.0,0.9999999999999992,,,,,,,,
perturbation_stability,ckmer5_count_l2,100,N_3pct,400,0.950712027887025,,0.9272456190982719,0.3075887233547047,0.3814560953238515,,,,,,
perturbation_stability,ckmer5_count_l2,100,substitution_1pct,400,0.9661510140516754,,0.90653811899154,0.20290848694283323,0.4323465857553221,,,,,,
motif_position,ckmer5_count_l2,100,clean,240,,,,,,toy_motif,nearest_centroid,3.0,0.3611111111111111,0.3601361605388378,
motif_position,ckmer5_count_l2,100,clean,240,,,,,,toy_motif,logistic_regression,3.0,0.3472222222222222,0.344572611653357,
motif_position,ckmer5_count_l2,100,N_3pct,240,,,,,,toy_motif,nearest_centroid,3.0,0.375,0.37603864734299514,
motif_position,ckmer5_count_l2,100,N_3pct,240,,,,,,toy_motif,logistic_regression,3.0,0.4444444444444444,0.44332589650106113,
rc_consistency,ckmer5_count_l2,100,reverse_complement,1680,1.0000000000000002,1.0000000000000002,0.9999999999999991,,,close_relative_wgs,,,,,
perturbation_stability,ckmer5_count_l2,100,N_3pct,1680,0.9426568504628627,,0.9240175521312576,0.3364263781887423,0.3898267505537689,close_relative_wgs,,,,,
perturbation_stability,ckmer5_count_l2,100,substitution_1pct,1680,0.9615827995150071,,0.8870671502230115,0.2150460577531868,0.4752532789213648,close_relative_wgs,,,,,
close_relative_species,ckmer5_count_l2,100,clean,120,,,,,,Acinetobacter,nearest_centroid,4.0,0.2222222222222222,0.2222222222222222,
close_relative_species,ckmer5_count_l2,100,clean,120,,,,,,Acinetobacter,logistic_regression,4.0,0.19444444444444445,0.19122807017543858,
close_relative_species,ckmer5_count_l2,100,clean,90,,,,,,Burkholderia,nearest_centroid,3.0,0.2962962962962963,0.2878787878787879,
close_relative_species,ckmer5_count_l2,100,clean,90,,,,,,Burkholderia,logistic_regression,3.0,0.2962962962962963,0.2783838383838384,
close_relative_target_binary,ckmer5_count_l2,100,clean,90,,,,,,Burkholderia,nearest_centroid,2.0,0.6296296296296297,0.5833333333333333,0.49382716049382713
close_relative_target_binary,ckmer5_count_l2,100,clean,90,,,,,,Burkholderia,logistic_regression,2.0,0.5925925925925926,0.4427767354596623,0.48148148148148145
close_relative_species,ckmer5_count_l2,100,clean,120,,,,,,Candida,nearest_centroid,4.0,0.3333333333333333,0.3125,
close_relative_species,ckmer5_count_l2,100,clean,120,,,,,,Candida,logistic_regression,4.0,0.3611111111111111,0.3345811051693404,
close_relative_target_binary,ckmer5_count_l2,100,clean,90,,,,,,Candida,nearest_centroid,2.0,0.5555555555555556,0.5,0.25925925925925924
close_relative_target_binary,ckmer5_count_l2,100,clean,90,,,,,,Candida,logistic_regression,2.0,0.5185185185185185,0.34146341463414637,0.3395061728395062
close_relative_species,ckmer5_count_l2,100,clean,150,,,,,,Enterobacter,nearest_centroid,5.0,0.15555555555555556,0.15642857142857142,
close_relative_species,ckmer5_count_l2,100,clean,150,,,,,,Enterobacter,logistic_regression,5.0,0.15555555555555556,0.15448621553884712,
close_relative_target_binary,ckmer5_count_l2,100,clean,90,,,,,,Enterobacter,nearest_centroid,2.0,0.5185185185185185,0.39999999999999997,0.41358024691358025
close_relative_target_binary,ckmer5_count_l2,100,clean,90,,,,,,Enterobacter,logistic_regression,2.0,0.48148148148148145,0.325,0.45679012345679015
close_relative_species,ckmer5_count_l2,100,clean,60,,,,,,Escherichia,nearest_centroid,2.0,0.4444444444444444,0.4375,0.5679012345679012
close_relative_species,ckmer5_count_l2,100,clean,60,,,,,,Escherichia,logistic_regression,2.0,0.6666666666666666,0.6625,0.6296296296296297
close_relative_target_binary,ckmer5_count_l2,100,clean,60,,,,,,Escherichia,nearest_centroid,2.0,0.5,0.4984520123839009,0.5185185185185186
close_relative_target_binary,ckmer5_count_l2,100,clean,60,,,,,,Escherichia,logistic_regression,2.0,0.5,0.4857142857142857,0.5061728395061729
close_relative_species,ckmer5_count_l2,100,clean,90,,,,,,Klebsiella,nearest_centroid,3.0,0.4074074074074074,0.4070175438596491,
close_relative_species,ckmer5_count_l2,100,clean,90,,,,,,Klebsiella,logistic_regression,3.0,0.25925925925925924,0.2545518207282913,
close_relative_target_binary,ckmer5_count_l2,100,clean,90,,,,,,Klebsiella,nearest_centroid,2.0,0.7777777777777778,0.7107142857142856,0.5432098765432098
close_relative_target_binary,ckmer5_count_l2,100,clean,90,,,,,,Klebsiella,logistic_regression,2.0,0.6296296296296297,0.555921052631579,0.537037037037037
close_relative_species,ckmer5_count_l2,100,N_3pct,120,,,,,,Acinetobacter,nearest_centroid,4.0,0.19444444444444445,0.19126984126984128,
close_relative_species,ckmer5_count_l2,100,N_3pct,120,,,,,,Acinetobacter,logistic_regression,4.0,0.19444444444444445,0.19402089783281734,
close_relative_species,ckmer5_count_l2,100,N_3pct,90,,,,,,Burkholderia,nearest_centroid,3.0,0.2222222222222222,0.2190136660724896,
close_relative_species,ckmer5_count_l2,100,N_3pct,90,,,,,,Burkholderia,logistic_regression,3.0,0.2222222222222222,0.18614718614718614,
close_relative_target_binary,ckmer5_count_l2,100,N_3pct,90,,,,,,Burkholderia,nearest_centroid,2.0,0.5925925925925926,0.5533834586466165,0.611111111111111
close_relative_target_binary,ckmer5_count_l2,100,N_3pct,90,,,,,,Burkholderia,logistic_regression,2.0,0.5925925925925926,0.49230769230769234,0.5432098765432098
close_relative_species,ckmer5_count_l2,100,N_3pct,120,,,,,,Candida,nearest_centroid,4.0,0.25,0.2461300309597523,
close_relative_species,ckmer5_count_l2,100,N_3pct,120,,,,,,Candida,logistic_regression,4.0,0.3333333333333333,0.3196741854636591,
close_relative_target_binary,ckmer5_count_l2,100,N_3pct,90,,,,,,Candida,nearest_centroid,2.0,0.5925925925925926,0.5278219395866455,0.3950617283950617
close_relative_target_binary,ckmer5_count_l2,100,N_3pct,90,,,,,,Candida,logistic_regression,2.0,0.7037037037037037,0.5090909090909091,0.47530864197530864
close_relative_species,ckmer5_count_l2,100,N_3pct,150,,,,,,Enterobacter,nearest_centroid,5.0,0.15555555555555556,0.1549579831932773,
close_relative_species,ckmer5_count_l2,100,N_3pct,150,,,,,,Enterobacter,logistic_regression,5.0,0.15555555555555556,0.1604040404040404,
close_relative_target_binary,ckmer5_count_l2,100,N_3pct,90,,,,,,Enterobacter,nearest_centroid,2.0,0.6296296296296297,0.5833333333333333,0.4444444444444444
close_relative_target_binary,ckmer5_count_l2,100,N_3pct,90,,,,,,Enterobacter,logistic_regression,2.0,0.5185185185185185,0.4419713831478538,0.5123456790123457
close_relative_species,ckmer5_count_l2,100,N_3pct,60,,,,,,Escherichia,nearest_centroid,2.0,0.5,0.4857142857142857,0.617283950617284
close_relative_species,ckmer5_count_l2,100,N_3pct,60,,,,,,Escherichia,logistic_regression,2.0,0.5555555555555556,0.5,0.6049382716049383
close_relative_target_binary,ckmer5_count_l2,100,N_3pct,60,,,,,,Escherichia,nearest_centroid,2.0,0.3888888888888889,0.38699690402476783,0.45679012345679015
close_relative_target_binary,ckmer5_count_l2,100,N_3pct,60,,,,,,Escherichia,logistic_regression,2.0,0.4444444444444444,0.4444444444444444,0.4444444444444445
close_relative_species,ckmer5_count_l2,100,N_3pct,90,,,,,,Klebsiella,nearest_centroid,3.0,0.37037037037037035,0.36944444444444446,
close_relative_species,ckmer5_count_l2,100,N_3pct,90,,,,,,Klebsiella,logistic_regression,3.0,0.2962962962962963,0.293859649122807,
close_relative_target_binary,ckmer5_count_l2,100,N_3pct,90,,,,,,Klebsiella,nearest_centroid,2.0,0.7407407407407407,0.6454033771106942,0.5493827160493827
close_relative_target_binary,ckmer5_count_l2,100,N_3pct,90,,,,,,Klebsiella,logistic_regression,2.0,0.6666666666666666,0.5440900562851783,0.5925925925925926
rc_consistency,ckmer5_count_l2,125,reverse_complement,1680,1.0,1.0,0.9999999999999991,,,close_relative_wgs,,,,,
perturbation_stability,ckmer5_count_l2,125,N_3pct,1680,0.9423072858989794,,0.9236894577751488,0.33749987384164554,0.3906674853888637,close_relative_wgs,,,,,
perturbation_stability,ckmer5_count_l2,125,substitution_1pct,1680,0.9634059370693002,,0.904827387051454,0.22475238878676726,0.4362856498914519,close_relative_wgs,,,,,
close_relative_species,ckmer5_count_l2,125,clean,120,,,,,,Acinetobacter,nearest_centroid,4.0,0.3611111111111111,0.34901315789473686,
close_relative_species,ckmer5_count_l2,125,clean,120,,,,,,Acinetobacter,logistic_regression,4.0,0.25,0.25416666666666665,
close_relative_species,ckmer5_count_l2,125,clean,90,,,,,,Burkholderia,nearest_centroid,3.0,0.37037037037037035,0.37777777777777777,
close_relative_species,ckmer5_count_l2,125,clean,90,,,,,,Burkholderia,logistic_regression,3.0,0.2222222222222222,0.21296296296296294,
close_relative_target_binary,ckmer5_count_l2,125,clean,90,,,,,,Burkholderia,nearest_centroid,2.0,0.7407407407407407,0.7272727272727273,0.6851851851851851
close_relative_target_binary,ckmer5_count_l2,125,clean,90,,,,,,Burkholderia,logistic_regression,2.0,0.6296296296296297,0.5833333333333333,0.6543209876543209
close_relative_species,ckmer5_count_l2,125,clean,120,,,,,,Candida,nearest_centroid,4.0,0.3611111111111111,0.34458874458874456,
close_relative_species,ckmer5_count_l2,125,clean,120,,,,,,Candida,logistic_regression,4.0,0.3333333333333333,0.32602339181286544,
close_relative_target_binary,ckmer5_count_l2,125,clean,90,,,,,,Candida,nearest_centroid,2.0,0.6666666666666666,0.6345864661654135,0.5185185185185186
close_relative_target_binary,ckmer5_count_l2,125,clean,90,,,,,,Candida,logistic_regression,2.0,0.6666666666666666,0.5846153846153846,0.5679012345679013
close_relative_species,ckmer5_count_l2,125,clean,150,,,,,,Enterobacter,nearest_centroid,5.0,0.35555555555555557,0.36924396552879524,
close_relative_species,ckmer5_count_l2,125,clean,150,,,,,,Enterobacter,logistic_regression,5.0,0.35555555555555557,0.3555555555555555,
close_relative_target_binary,ckmer5_count_l2,125,clean,90,,,,,,Enterobacter,nearest_centroid,2.0,0.7407407407407407,0.6454033771106942,0.6172839506172839
close_relative_target_binary,ckmer5_count_l2,125,clean,90,,,,,,Enterobacter,logistic_regression,2.0,0.7407407407407407,0.6004228329809725,0.5555555555555556
close_relative_species,ckmer5_count_l2,125,clean,60,,,,,,Escherichia,nearest_centroid,2.0,0.8333333333333334,0.8328173374613003,0.8148148148148149
close_relative_species,ckmer5_count_l2,125,clean,60,,,,,,Escherichia,logistic_regression,2.0,0.8333333333333334,0.8328173374613003,0.8024691358024691
close_relative_target_binary,ckmer5_count_l2,125,clean,60,,,,,,Escherichia,nearest_centroid,2.0,0.6666666666666666,0.6493506493506493,0.808641975308642
close_relative_target_binary,ckmer5_count_l2,125,clean,60,,,,,,Escherichia,logistic_regression,2.0,0.6666666666666666,0.6625,0.7777777777777779
close_relative_species,ckmer5_count_l2,125,clean,90,,,,,,Klebsiella,nearest_centroid,3.0,0.2962962962962963,0.2777573303889093,
close_relative_species,ckmer5_count_l2,125,clean,90,,,,,,Klebsiella,logistic_regression,3.0,0.25925925925925924,0.24408793820558525,
close_relative_target_binary,ckmer5_count_l2,125,clean,90,,,,,,Klebsiella,nearest_centroid,2.0,0.5185185185185185,0.4419713831478538,0.3950617283950617
close_relative_target_binary,ckmer5_count_l2,125,clean,90,,,,,,Klebsiella,logistic_regression,2.0,0.5555555555555556,0.46710526315789475,0.43827160493827155
close_relative_species,ckmer5_count_l2,125,N_3pct,120,,,,,,Acinetobacter,nearest_centroid,4.0,0.3333333333333333,0.30290920716112535,
close_relative_species,ckmer5_count_l2,125,N_3pct,120,,,,,,Acinetobacter,logistic_regression,4.0,0.2222222222222222,0.2135854341736695,
close_relative_species,ckmer5_count_l2,125,N_3pct,90,,,,,,Burkholderia,nearest_centroid,3.0,0.37037037037037035,0.3669303978901502,
close_relative_species,ckmer5_count_l2,125,N_3pct,90,,,,,,Burkholderia,logistic_regression,3.0,0.25925925925925924,0.24801587301587302,
close_relative_target_binary,ckmer5_count_l2,125,N_3pct,90,,,,,,Burkholderia,nearest_centroid,2.0,0.5925925925925926,0.5533834586466165,0.6172839506172839
close_relative_target_binary,ckmer5_count_l2,125,N_3pct,90,,,,,,Burkholderia,logistic_regression,2.0,0.5555555555555556,0.5,0.5308641975308642
close_relative_species,ckmer5_count_l2,125,N_3pct,120,,,,,,Candida,nearest_centroid,4.0,0.3888888888888889,0.3551282051282051,
close_relative_species,ckmer5_count_l2,125,N_3pct,120,,,,,,Candida,logistic_regression,4.0,0.19444444444444445,0.17857142857142855,
close_relative_target_binary,ckmer5_count_l2,125,N_3pct,90,,,,,,Candida,nearest_centroid,2.0,0.6296296296296297,0.5833333333333333,0.4691358024691358
close_relative_target_binary,ckmer5_count_l2,125,N_3pct,90,,,,,,Candida,logistic_regression,2.0,0.6666666666666666,0.5846153846153846,0.5864197530864198
close_relative_species,ckmer5_count_l2,125,N_3pct,150,,,,,,Enterobacter,nearest_centroid,5.0,0.26666666666666666,0.2676566639414936,
close_relative_species,ckmer5_count_l2,125,N_3pct,150,,,,,,Enterobacter,logistic_regression,5.0,0.28888888888888886,0.283950182943991,
close_relative_target_binary,ckmer5_count_l2,125,N_3pct,90,,,,,,Enterobacter,nearest_centroid,2.0,0.6296296296296297,0.5178571428571428,0.5246913580246914
close_relative_target_binary,ckmer5_count_l2,125,N_3pct,90,,,,,,Enterobacter,logistic_regression,2.0,0.7407407407407407,0.6004228329809725,0.5123456790123456
close_relative_species,ckmer5_count_l2,125,N_3pct,60,,,,,,Escherichia,nearest_centroid,2.0,0.7777777777777778,0.7777777777777778,0.8024691358024691
close_relative_species,ckmer5_count_l2,125,N_3pct,60,,,,,,Escherichia,logistic_regression,2.0,0.7777777777777778,0.7777777777777778,0.8271604938271605
close_relative_target_binary,ckmer5_count_l2,125,N_3pct,60,,,,,,Escherichia,nearest_centroid,2.0,0.7222222222222222,0.7142857142857142,0.8024691358024691
close_relative_target_binary,ckmer5_count_l2,125,N_3pct,60,,,,,,Escherichia,logistic_regression,2.0,0.7777777777777778,0.7777777777777778,0.7777777777777778
close_relative_species,ckmer5_count_l2,125,N_3pct,90,,,,,,Klebsiella,nearest_centroid,3.0,0.25925925925925924,0.24649758454106277,
close_relative_species,ckmer5_count_l2,125,N_3pct,90,,,,,,Klebsiella,logistic_regression,3.0,0.25925925925925924,0.25219298245614036,
close_relative_target_binary,ckmer5_count_l2,125,N_3pct,90,,,,,,Klebsiella,nearest_centroid,2.0,0.5185185185185185,0.39999999999999997,0.3888888888888889
close_relative_target_binary,ckmer5_count_l2,125,N_3pct,90,,,,,,Klebsiella,logistic_regression,2.0,0.4444444444444444,0.35612082670906203,0.4259259259259259
rc_consistency,ckmer5_count_l2,150,reverse_complement,1680,1.0000000000000002,1.0000000000000002,0.9999999999999991,,,close_relative_wgs,,,,,
perturbation_stability,ckmer5_count_l2,150,N_3pct,1680,0.9542850742955609,,0.9397717276439718,0.30047235858409227,0.3470684958825523,close_relative_wgs,,,,,
perturbation_stability,ckmer5_count_l2,150,substitution_1pct,1680,0.9663109611045998,,0.9143986362207207,0.2212772593430002,0.413766480005064,close_relative_wgs,,,,,
close_relative_species,ckmer5_count_l2,150,clean,120,,,,,,Acinetobacter,nearest_centroid,4.0,0.2777777777777778,0.2828164160401002,
close_relative_species,ckmer5_count_l2,150,clean,120,,,,,,Acinetobacter,logistic_regression,4.0,0.16666666666666666,0.1558061821219716,
close_relative_species,ckmer5_count_l2,150,clean,90,,,,,,Burkholderia,nearest_centroid,3.0,0.2962962962962963,0.2441520467836257,
close_relative_species,ckmer5_count_l2,150,clean,90,,,,,,Burkholderia,logistic_regression,3.0,0.3333333333333333,0.34970760233918136,
close_relative_target_binary,ckmer5_count_l2,150,clean,90,,,,,,Burkholderia,nearest_centroid,2.0,0.6296296296296297,0.5178571428571428,0.5864197530864197
close_relative_target_binary,ckmer5_count_l2,150,clean,90,,,,,,Burkholderia,logistic_regression,2.0,0.5925925925925926,0.5278219395866455,0.5925925925925926
close_relative_species,ckmer5_count_l2,150,clean,120,,,,,,Candida,nearest_centroid,4.0,0.4444444444444444,0.4253079436902966,
close_relative_species,ckmer5_count_l2,150,clean,120,,,,,,Candida,logistic_regression,4.0,0.3888888888888889,0.39794973544973544,
close_relative_target_binary,ckmer5_count_l2,150,clean,90,,,,,,Candida,nearest_centroid,2.0,0.5925925925925926,0.5533834586466165,0.617283950617284
close_relative_target_binary,ckmer5_count_l2,150,clean,90,,,,,,Candida,logistic_regression,2.0,0.6666666666666666,0.4862579281183932,0.6111111111111112
close_relative_species,ckmer5_count_l2,150,clean,150,,,,,,Enterobacter,nearest_centroid,5.0,0.26666666666666666,0.2687719298245614,
close_relative_species,ckmer5_count_l2,150,clean,150,,,,,,Enterobacter,logistic_regression,5.0,0.3111111111111111,0.3140092879256966,
close_relative_target_binary,ckmer5_count_l2,150,clean,90,,,,,,Enterobacter,nearest_centroid,2.0,0.4074074074074074,0.38636363636363635,0.48765432098765427
close_relative_target_binary,ckmer5_count_l2,150,clean,90,,,,,,Enterobacter,logistic_regression,2.0,0.5555555555555556,0.46710526315789475,0.5061728395061729
close_relative_species,ckmer5_count_l2,150,clean,60,,,,,,Escherichia,nearest_centroid,2.0,0.5555555555555556,0.5555555555555556,0.5925925925925926
close_relative_species,ckmer5_count_l2,150,clean,60,,,,,,Escherichia,logistic_regression,2.0,0.6666666666666666,0.6625,0.6419753086419753
close_relative_target_binary,ckmer5_count_l2,150,clean,60,,,,,,Escherichia,nearest_centroid,2.0,0.3333333333333333,0.3333333333333333,0.32098765432098764
close_relative_target_binary,ckmer5_count_l2,150,clean,60,,,,,,Escherichia,logistic_regression,2.0,0.3888888888888889,0.37142857142857144,0.30864197530864196
close_relative_species,ckmer5_count_l2,150,clean,90,,,,,,Klebsiella,nearest_centroid,3.0,0.25925925925925924,0.24970760233918124,
close_relative_species,ckmer5_count_l2,150,clean,90,,,,,,Klebsiella,logistic_regression,3.0,0.4074074074074074,0.40196078431372556,
close_relative_target_binary,ckmer5_count_l2,150,clean,90,,,,,,Klebsiella,nearest_centroid,2.0,0.48148148148148145,0.325,0.27777777777777773
close_relative_target_binary,ckmer5_count_l2,150,clean,90,,,,,,Klebsiella,logistic_regression,2.0,0.48148148148148145,0.325,0.25308641975308643
close_relative_species,ckmer5_count_l2,150,N_3pct,120,,,,,,Acinetobacter,nearest_centroid,4.0,0.19444444444444445,0.19445865302642795,
close_relative_species,ckmer5_count_l2,150,N_3pct,120,,,,,,Acinetobacter,logistic_regression,4.0,0.16666666666666666,0.16374269005847952,
close_relative_species,ckmer5_count_l2,150,N_3pct,90,,,,,,Burkholderia,nearest_centroid,3.0,0.14814814814814814,0.12599681020733652,
close_relative_species,ckmer5_count_l2,150,N_3pct,90,,,,,,Burkholderia,logistic_regression,3.0,0.4074074074074074,0.42748538011695897,
close_relative_target_binary,ckmer5_count_l2,150,N_3pct,90,,,,,,Burkholderia,nearest_centroid,2.0,0.5925925925925926,0.49230769230769234,0.5185185185185185
close_relative_target_binary,ckmer5_count_l2,150,N_3pct,90,,,,,,Burkholderia,logistic_regression,2.0,0.6666666666666666,0.6136724960254372,0.5987654320987654
close_relative_species,ckmer5_count_l2,150,N_3pct,120,,,,,,Candida,nearest_centroid,4.0,0.4444444444444444,0.43601190476190477,
close_relative_species,ckmer5_count_l2,150,N_3pct,120,,,,,,Candida,logistic_regression,4.0,0.3611111111111111,0.36160714285714285,
close_relative_target_binary,ckmer5_count_l2,150,N_3pct,90,,,,,,Candida,nearest_centroid,2.0,0.5185185185185185,0.47218045112781953,0.5617283950617283
close_relative_target_binary,ckmer5_count_l2,150,N_3pct,90,,,,,,Candida,logistic_regression,2.0,0.5555555555555556,0.35714285714285715,0.5740740740740741
close_relative_species,ckmer5_count_l2,150,N_3pct,150,,,,,,Enterobacter,nearest_centroid,5.0,0.2,0.19096918767507004,
close_relative_species,ckmer5_count_l2,150,N_3pct,150,,,,,,Enterobacter,logistic_regression,5.0,0.2,0.19180035650623886,
close_relative_target_binary,ckmer5_count_l2,150,N_3pct,90,,,,,,Enterobacter,nearest_centroid,2.0,0.5555555555555556,0.5235294117647059,0.48148148148148145
close_relative_target_binary,ckmer5_count_l2,150,N_3pct,90,,,,,,Enterobacter,logistic_regression,2.0,0.5925925925925926,0.49230769230769234,0.5432098765432098
close_relative_species,ckmer5_count_l2,150,N_3pct,60,,,,,,Escherichia,nearest_centroid,2.0,0.4444444444444444,0.4444444444444444,0.4938271604938272
close_relative_species,ckmer5_count_l2,150,N_3pct,60,,,,,,Escherichia,logistic_regression,2.0,0.5,0.4984520123839009,0.5802469135802469
close_relative_target_binary,ckmer5_count_l2,150,N_3pct,60,,,,,,Escherichia,nearest_centroid,2.0,0.3333333333333333,0.3333333333333333,0.35185185185185186
close_relative_target_binary,ckmer5_count_l2,150,N_3pct,60,,,,,,Escherichia,logistic_regression,2.0,0.4444444444444444,0.4375,0.3580246913580247
close_relative_species,ckmer5_count_l2,150,N_3pct,90,,,,,,Klebsiella,nearest_centroid,3.0,0.2962962962962963,0.28994708994708995,
close_relative_species,ckmer5_count_l2,150,N_3pct,90,,,,,,Klebsiella,logistic_regression,3.0,0.4444444444444444,0.4392844857241142,
close_relative_target_binary,ckmer5_count_l2,150,N_3pct,90,,,,,,Klebsiella,nearest_centroid,2.0,0.5185185185185185,0.34146341463414637,0.39506172839506176
close_relative_target_binary,ckmer5_count_l2,150,N_3pct,90,,,,,,Klebsiella,logistic_regression,2.0,0.6666666666666666,0.4862579281183932,0.3950617283950617
rc_consistency,ckmer5_count_l2,300,reverse_complement,1680,1.0000000000000002,1.0000000000000004,0.9999999999999987,,,close_relative_wgs,,,,,
perturbation_stability,ckmer5_count_l2,300,N_3pct,1680,0.9604837134476296,,0.9479562837914056,0.2792936821842989,0.322625829029341,close_relative_wgs,,,,,
perturbation_stability,ckmer5_count_l2,300,substitution_1pct,1680,0.975158484428967,,0.9474717949639558,0.20798861668859484,0.3241240592091944,close_relative_wgs,,,,,
close_relative_species,ckmer5_count_l2,300,clean,120,,,,,,Acinetobacter,nearest_centroid,4.0,0.2777777777777778,0.27774064171123,
close_relative_species,ckmer5_count_l2,300,clean,120,,,,,,Acinetobacter,logistic_regression,4.0,0.2777777777777778,0.27222222222222225,
close_relative_species,ckmer5_count_l2,300,clean,90,,,,,,Burkholderia,nearest_centroid,3.0,0.4444444444444444,0.44536177043916975,
close_relative_species,ckmer5_count_l2,300,clean,90,,,,,,Burkholderia,logistic_regression,3.0,0.37037037037037035,0.3731481481481482,
close_relative_target_binary,ckmer5_count_l2,300,clean,90,,,,,,Burkholderia,nearest_centroid,2.0,0.4444444444444444,0.39097744360902253,0.38271604938271603
close_relative_target_binary,ckmer5_count_l2,300,clean,90,,,,,,Burkholderia,logistic_regression,2.0,0.6666666666666666,0.5440900562851783,0.48765432098765427
close_relative_species,ckmer5_count_l2,300,clean,120,,,,,,Candida,nearest_centroid,4.0,0.19444444444444445,0.17814685314685313,
close_relative_species,ckmer5_count_l2,300,clean,120,,,,,,Candida,logistic_regression,4.0,0.3333333333333333,0.33392857142857146,
close_relative_target_binary,ckmer5_count_l2,300,clean,90,,,,,,Candida,nearest_centroid,2.0,0.5555555555555556,0.4214285714285714,0.6666666666666666
close_relative_target_binary,ckmer5_count_l2,300,clean,90,,,,,,Candida,logistic_regression,2.0,0.6296296296296297,0.46428571428571425,0.6296296296296297
close_relative_species,ckmer5_count_l2,300,clean,150,,,,,,Enterobacter,nearest_centroid,5.0,0.24444444444444444,0.23587719298245613,
close_relative_species,ckmer5_count_l2,300,clean,150,,,,,,Enterobacter,logistic_regression,5.0,0.2,0.19285689714482285,
close_relative_target_binary,ckmer5_count_l2,300,clean,90,,,,,,Enterobacter,nearest_centroid,2.0,0.6296296296296297,0.5833333333333333,0.617283950617284
close_relative_target_binary,ckmer5_count_l2,300,clean,90,,,,,,Enterobacter,logistic_regression,2.0,0.5555555555555556,0.5,0.617283950617284
close_relative_species,ckmer5_count_l2,300,clean,60,,,,,,Escherichia,nearest_centroid,2.0,0.5,0.4857142857142857,0.5061728395061729
close_relative_species,ckmer5_count_l2,300,clean,60,,,,,,Escherichia,logistic_regression,2.0,0.3888888888888889,0.37142857142857144,0.5061728395061729
close_relative_target_binary,ckmer5_count_l2,300,clean,60,,,,,,Escherichia,nearest_centroid,2.0,0.5555555555555556,0.55,0.345679012345679
close_relative_target_binary,ckmer5_count_l2,300,clean,60,,,,,,Escherichia,logistic_regression,2.0,0.3888888888888889,0.38699690402476783,0.30864197530864196
close_relative_species,ckmer5_count_l2,300,clean,90,,,,,,Klebsiella,nearest_centroid,3.0,0.2962962962962963,0.28611111111111115,
close_relative_species,ckmer5_count_l2,300,clean,90,,,,,,Klebsiella,logistic_regression,3.0,0.25925925925925924,0.2775372775372775,
close_relative_target_binary,ckmer5_count_l2,300,clean,90,,,,,,Klebsiella,nearest_centroid,2.0,0.6666666666666666,0.5846153846153846,0.7962962962962963
close_relative_target_binary,ckmer5_count_l2,300,clean,90,,,,,,Klebsiella,logistic_regression,2.0,0.6666666666666666,0.5440900562851783,0.6604938271604938
close_relative_species,ckmer5_count_l2,300,N_3pct,120,,,,,,Acinetobacter,nearest_centroid,4.0,0.2222222222222222,0.20501253132832076,
close_relative_species,ckmer5_count_l2,300,N_3pct,120,,,,,,Acinetobacter,logistic_regression,4.0,0.2222222222222222,0.2039072039072039,
close_relative_species,ckmer5_count_l2,300,N_3pct,90,,,,,,Burkholderia,nearest_centroid,3.0,0.4074074074074074,0.4102740511409242,
close_relative_species,ckmer5_count_l2,300,N_3pct,90,,,,,,Burkholderia,logistic_regression,3.0,0.4074074074074074,0.4064814814814815,
close_relative_target_binary,ckmer5_count_l2,300,N_3pct,90,,,,,,Burkholderia,nearest_centroid,2.0,0.37037037037037035,0.33766233766233766,0.3765432098765432
close_relative_target_binary,ckmer5_count_l2,300,N_3pct,90,,,,,,Burkholderia,logistic_regression,2.0,0.6666666666666666,0.5440900562851783,0.4753086419753086
close_relative_species,ckmer5_count_l2,300,N_3pct,120,,,,,,Candida,nearest_centroid,4.0,0.2222222222222222,0.1936996336996337,
close_relative_species,ckmer5_count_l2,300,N_3pct,120,,,,,,Candida,logistic_regression,4.0,0.3055555555555556,0.3093137254901961,
close_relative_target_binary,ckmer5_count_l2,300,N_3pct,90,,,,,,Candida,nearest_centroid,2.0,0.5555555555555556,0.35714285714285715,0.6296296296296297
close_relative_target_binary,ckmer5_count_l2,300,N_3pct,90,,,,,,Candida,logistic_regression,2.0,0.5925925925925926,0.4427767354596623,0.617283950617284
close_relative_species,ckmer5_count_l2,300,N_3pct,150,,,,,,Enterobacter,nearest_centroid,5.0,0.28888888888888886,0.2875279106858054,
close_relative_species,ckmer5_count_l2,300,N_3pct,150,,,,,,Enterobacter,logistic_regression,5.0,0.17777777777777778,0.19722550523465857,
close_relative_target_binary,ckmer5_count_l2,300,N_3pct,90,,,,,,Enterobacter,nearest_centroid,2.0,0.6296296296296297,0.555921052631579,0.5617283950617283
close_relative_target_binary,ckmer5_count_l2,300,N_3pct,90,,,,,,Enterobacter,logistic_regression,2.0,0.6666666666666666,0.5846153846153846,0.5802469135802469
close_relative_species,ckmer5_count_l2,300,N_3pct,60,,,,,,Escherichia,nearest_centroid,2.0,0.5,0.4984520123839009,0.3827160493827161
close_relative_species,ckmer5_count_l2,300,N_3pct,60,,,,,,Escherichia,logistic_regression,2.0,0.3888888888888889,0.38699690402476783,0.3827160493827161
close_relative_target_binary,ckmer5_count_l2,300,N_3pct,60,,,,,,Escherichia,nearest_centroid,2.0,0.5555555555555556,0.5324675324675324,0.43209876543209874
close_relative_target_binary,ckmer5_count_l2,300,N_3pct,60,,,,,,Escherichia,logistic_regression,2.0,0.3888888888888889,0.38699690402476783,0.39506172839506176
close_relative_species,ckmer5_count_l2,300,N_3pct,90,,,,,,Klebsiella,nearest_centroid,3.0,0.25925925925925924,0.26203703703703707,
close_relative_species,ckmer5_count_l2,300,N_3pct,90,,,,,,Klebsiella,logistic_regression,3.0,0.2962962962962963,0.3005291005291005,
close_relative_target_binary,ckmer5_count_l2,300,N_3pct,90,,,,,,Klebsiella,nearest_centroid,2.0,0.6666666666666666,0.5846153846153846,0.7839506172839505
close_relative_target_binary,ckmer5_count_l2,300,N_3pct,90,,,,,,Klebsiella,logistic_regression,2.0,0.7037037037037037,0.6142857142857143,0.691358024691358
rc_consistency,spaced_count_l2,75,reverse_complement,400,0.3242697807680673,0.3010752688172045,0.14831802457354173,,,,,,,,
perturbation_stability,spaced_count_l2,75,N_3pct,400,0.9632325345054569,,0.9496963541761023,0.2687944815400023,0.31718646458805927,,,,,,
perturbation_stability,spaced_count_l2,75,substitution_1pct,400,0.9729145092372701,,0.9103422439592677,0.16495704191060095,0.42345662361269704,,,,,,
motif_position,spaced_count_l2,75,clean,240,,,,,,toy_motif,nearest_centroid,3.0,0.3472222222222222,0.34542483660130724,
motif_position,spaced_count_l2,75,clean,240,,,,,,toy_motif,logistic_regression,3.0,0.3611111111111111,0.3545526611728702,
motif_position,spaced_count_l2,75,N_3pct,240,,,,,,toy_motif,nearest_centroid,3.0,0.375,0.3633156966490299,
motif_position,spaced_count_l2,75,N_3pct,240,,,,,,toy_motif,logistic_regression,3.0,0.3472222222222222,0.339565981075415,
rc_consistency,spaced_count_l2,75,reverse_complement,1680,0.3083719734311332,0.29885057471264387,0.1290162887256468,,,close_relative_wgs,,,,,
perturbation_stability,spaced_count_l2,75,N_3pct,1680,0.9599401182057002,,0.9459082947734037,0.2806208117230876,0.3289124214836946,close_relative_wgs,,,,,
perturbation_stability,spaced_count_l2,75,substitution_1pct,1680,0.9719249679855197,,0.9089079875088422,0.16835386799437227,0.4268300422493268,close_relative_wgs,,,,,
close_relative_species,spaced_count_l2,75,clean,120,,,,,,Acinetobacter,nearest_centroid,4.0,0.2222222222222222,0.21626984126984128,
close_relative_species,spaced_count_l2,75,clean,120,,,,,,Acinetobacter,logistic_regression,4.0,0.2777777777777778,0.270859133126935,
close_relative_species,spaced_count_l2,75,clean,90,,,,,,Burkholderia,nearest_centroid,3.0,0.37037037037037035,0.33559577677224733,
close_relative_species,spaced_count_l2,75,clean,90,,,,,,Burkholderia,logistic_regression,3.0,0.4074074074074074,0.40196078431372556,
close_relative_target_binary,spaced_count_l2,75,clean,90,,,,,,Burkholderia,nearest_centroid,2.0,0.6296296296296297,0.5833333333333333,0.7160493827160495
close_relative_target_binary,spaced_count_l2,75,clean,90,,,,,,Burkholderia,logistic_regression,2.0,0.6666666666666666,0.6136724960254372,0.7592592592592593
close_relative_species,spaced_count_l2,75,clean,120,,,,,,Candida,nearest_centroid,4.0,0.3333333333333333,0.34443644590703415,
close_relative_species,spaced_count_l2,75,clean,120,,,,,,Candida,logistic_regression,4.0,0.16666666666666666,0.16715686274509806,
close_relative_target_binary,spaced_count_l2,75,clean,90,,,,,,Candida,nearest_centroid,2.0,0.4444444444444444,0.39097744360902253,0.345679012345679
close_relative_target_binary,spaced_count_l2,75,clean,90,,,,,,Candida,logistic_regression,2.0,0.5555555555555556,0.46710526315789475,0.4382716049382716
close_relative_species,spaced_count_l2,75,clean,150,,,,,,Enterobacter,nearest_centroid,5.0,0.2222222222222222,0.21594771241830069,
close_relative_species,spaced_count_l2,75,clean,150,,,,,,Enterobacter,logistic_regression,5.0,0.24444444444444444,0.24696375519904928,
close_relative_target_binary,spaced_count_l2,75,clean,90,,,,,,Enterobacter,nearest_centroid,2.0,0.5185185185185185,0.4419713831478538,0.5185185185185186
close_relative_target_binary,spaced_count_l2,75,clean,90,,,,,,Enterobacter,logistic_regression,2.0,0.6666666666666666,0.5846153846153846,0.46913580246913583
close_relative_species,spaced_count_l2,75,clean,60,,,,,,Escherichia,nearest_centroid,2.0,0.5555555555555556,0.55,0.40740740740740744
close_relative_species,spaced_count_l2,75,clean,60,,,,,,Escherichia,logistic_regression,2.0,0.4444444444444444,0.4375,0.4938271604938272
close_relative_target_binary,spaced_count_l2,75,clean,60,,,,,,Escherichia,nearest_centroid,2.0,0.2222222222222222,0.18181818181818182,0.2716049382716049
close_relative_target_binary,spaced_count_l2,75,clean,60,,,,,,Escherichia,logistic_regression,2.0,0.3333333333333333,0.325,0.2962962962962963
close_relative_species,spaced_count_l2,75,clean,90,,,,,,Klebsiella,nearest_centroid,3.0,0.25925925925925924,0.240824534942182,
close_relative_species,spaced_count_l2,75,clean,90,,,,,,Klebsiella,logistic_regression,3.0,0.18518518518518517,0.18560606060606064,
close_relative_target_binary,spaced_count_l2,75,clean,90,,,,,,Klebsiella,nearest_centroid,2.0,0.6296296296296297,0.5833333333333333,0.48148148148148145
close_relative_target_binary,spaced_count_l2,75,clean,90,,,,,,Klebsiella,logistic_regression,2.0,0.5925925925925926,0.5278219395866455,0.5308641975308641
close_relative_species,spaced_count_l2,75,N_3pct,120,,,,,,Acinetobacter,nearest_centroid,4.0,0.25,0.2320492007992008,
close_relative_species,spaced_count_l2,75,N_3pct,120,,,,,,Acinetobacter,logistic_regression,4.0,0.2222222222222222,0.21889589169000934,
close_relative_species,spaced_count_l2,75,N_3pct,90,,,,,,Burkholderia,nearest_centroid,3.0,0.3333333333333333,0.3078179989944696,
close_relative_species,spaced_count_l2,75,N_3pct,90,,,,,,Burkholderia,logistic_regression,3.0,0.37037037037037035,0.35923141186299085,
close_relative_target_binary,spaced_count_l2,75,N_3pct,90,,,,,,Burkholderia,nearest_centroid,2.0,0.6666666666666666,0.6345864661654135,0.7160493827160495
close_relative_target_binary,spaced_count_l2,75,N_3pct,90,,,,,,Burkholderia,logistic_regression,2.0,0.7037037037037037,0.6666666666666667,0.7222222222222222
close_relative_species,spaced_count_l2,75,N_3pct,120,,,,,,Candida,nearest_centroid,4.0,0.3055555555555556,0.30753968253968256,
close_relative_species,spaced_count_l2,75,N_3pct,120,,,,,,Candida,logistic_regression,4.0,0.2222222222222222,0.22256621947024424,
close_relative_target_binary,spaced_count_l2,75,N_3pct,90,,,,,,Candida,nearest_centroid,2.0,0.5185185185185185,0.47218045112781953,0.39506172839506176
close_relative_target_binary,spaced_count_l2,75,N_3pct,90,,,,,,Candida,logistic_regression,2.0,0.5925925925925926,0.49230769230769234,0.4444444444444444
close_relative_species,spaced_count_l2,75,N_3pct,150,,,,,,Enterobacter,nearest_centroid,5.0,0.13333333333333333,0.1371590741559782,
close_relative_species,spaced_count_l2,75,N_3pct,150,,,,,,Enterobacter,logistic_regression,5.0,0.15555555555555556,0.15865079365079363,
close_relative_target_binary,spaced_count_l2,75,N_3pct,90,,,,,,Enterobacter,nearest_centroid,2.0,0.5925925925925926,0.5278219395866455,0.5493827160493827
close_relative_target_binary,spaced_count_l2,75,N_3pct,90,,,,,,Enterobacter,logistic_regression,2.0,0.5925925925925926,0.49230769230769234,0.5123456790123457
close_relative_species,spaced_count_l2,75,N_3pct,60,,,,,,Escherichia,nearest_centroid,2.0,0.5,0.4984520123839009,0.5061728395061729
close_relative_species,spaced_count_l2,75,N_3pct,60,,,,,,Escherichia,logistic_regression,2.0,0.6111111111111112,0.609907120743034,0.4938271604938272
close_relative_target_binary,spaced_count_l2,75,N_3pct,60,,,,,,Escherichia,nearest_centroid,2.0,0.2222222222222222,0.18181818181818182,0.20987654320987653
close_relative_target_binary,spaced_count_l2,75,N_3pct,60,,,,,,Escherichia,logistic_regression,2.0,0.3333333333333333,0.325,0.25925925925925924
close_relative_species,spaced_count_l2,75,N_3pct,90,,,,,,Klebsiella,nearest_centroid,3.0,0.25925925925925924,0.240824534942182,
close_relative_species,spaced_count_l2,75,N_3pct,90,,,,,,Klebsiella,logistic_regression,3.0,0.2962962962962963,0.2800402212166918,
close_relative_target_binary,spaced_count_l2,75,N_3pct,90,,,,,,Klebsiella,nearest_centroid,2.0,0.6296296296296297,0.555921052631579,0.4938271604938271
close_relative_target_binary,spaced_count_l2,75,N_3pct,90,,,,,,Klebsiella,logistic_regression,2.0,0.6296296296296297,0.5833333333333333,0.5246913580246914
rc_consistency,spaced_count_l2,100,reverse_complement,400,0.38368141375150044,0.3712121212121213,0.20618799603174628,,,,,,,,
perturbation_stability,spaced_count_l2,100,N_3pct,400,0.9625712589604487,,0.9476098957261228,0.27098165695273785,0.3236976668952472,,,,,,
perturbation_stability,spaced_count_l2,100,substitution_1pct,400,0.9741597742380221,,0.9286535937550549,0.1788995216279816,0.3777469938715262,,,,,,
motif_position,spaced_count_l2,100,clean,240,,,,,,toy_motif,nearest_centroid,3.0,0.2638888888888889,0.2504677893611334,
motif_position,spaced_count_l2,100,clean,240,,,,,,toy_motif,logistic_regression,3.0,0.2638888888888889,0.26339436483813383,
motif_position,spaced_count_l2,100,N_3pct,240,,,,,,toy_motif,nearest_centroid,3.0,0.2916666666666667,0.29021276595744677,
motif_position,spaced_count_l2,100,N_3pct,240,,,,,,toy_motif,logistic_regression,3.0,0.2638888888888889,0.26165501165501165,
rc_consistency,spaced_count_l2,100,reverse_complement,1680,0.3598531393594976,0.35567694506840924,0.176449875724938,,,close_relative_wgs,,,,,
perturbation_stability,spaced_count_l2,100,N_3pct,1680,0.9587594212782257,,0.9442726526527836,0.2852467736217002,0.3338482930047923,close_relative_wgs,,,,,
perturbation_stability,spaced_count_l2,100,substitution_1pct,1680,0.9723788423102034,,0.917778611117227,0.18194839026646298,0.4055153225270964,close_relative_wgs,,,,,
close_relative_species,spaced_count_l2,100,clean,120,,,,,,Acinetobacter,nearest_centroid,4.0,0.2777777777777778,0.2413682864450128,
close_relative_species,spaced_count_l2,100,clean,120,,,,,,Acinetobacter,logistic_regression,4.0,0.1388888888888889,0.13187134502923975,
close_relative_species,spaced_count_l2,100,clean,90,,,,,,Burkholderia,nearest_centroid,3.0,0.3333333333333333,0.32748538011695905,
close_relative_species,spaced_count_l2,100,clean,90,,,,,,Burkholderia,logistic_regression,3.0,0.2962962962962963,0.29866946778711484,
close_relative_target_binary,spaced_count_l2,100,clean,90,,,,,,Burkholderia,nearest_centroid,2.0,0.5555555555555556,0.5,0.4506172839506173
close_relative_target_binary,spaced_count_l2,100,clean,90,,,,,,Burkholderia,logistic_regression,2.0,0.5185185185185185,0.47218045112781953,0.4876543209876543
close_relative_species,spaced_count_l2,100,clean,120,,,,,,Candida,nearest_centroid,4.0,0.3055555555555556,0.26732555370326266,
close_relative_species,spaced_count_l2,100,clean,120,,,,,,Candida,logistic_regression,4.0,0.19444444444444445,0.18958333333333333,
close_relative_target_binary,spaced_count_l2,100,clean,90,,,,,,Candida,nearest_centroid,2.0,0.5555555555555556,0.5235294117647059,0.3271604938271605
close_relative_target_binary,spaced_count_l2,100,clean,90,,,,,,Candida,logistic_regression,2.0,0.5925925925925926,0.49230769230769234,0.3641975308641975
close_relative_species,spaced_count_l2,100,clean,150,,,,,,Enterobacter,nearest_centroid,5.0,0.17777777777777778,0.1812487100103199,
close_relative_species,spaced_count_l2,100,clean,150,,,,,,Enterobacter,logistic_regression,5.0,0.2,0.19515406162464988,
close_relative_target_binary,spaced_count_l2,100,clean,90,,,,,,Enterobacter,nearest_centroid,2.0,0.4074074074074074,0.33333333333333337,0.25308641975308643
close_relative_target_binary,spaced_count_l2,100,clean,90,,,,,,Enterobacter,logistic_regression,2.0,0.4444444444444444,0.39097744360902253,0.24074074074074076
close_relative_species,spaced_count_l2,100,clean,60,,,,,,Escherichia,nearest_centroid,2.0,0.4444444444444444,0.41558441558441556,0.4691358024691358
close_relative_species,spaced_count_l2,100,clean,60,,,,,,Escherichia,logistic_regression,2.0,0.5,0.4984520123839009,0.5185185185185185
close_relative_target_binary,spaced_count_l2,100,clean,60,,,,,,Escherichia,nearest_centroid,2.0,0.4444444444444444,0.4444444444444444,0.40740740740740744
close_relative_target_binary,spaced_count_l2,100,clean,60,,,,,,Escherichia,logistic_regression,2.0,0.4444444444444444,0.4375,0.4938271604938272
close_relative_species,spaced_count_l2,100,clean,90,,,,,,Klebsiella,nearest_centroid,3.0,0.48148148148148145,0.47724867724867726,
close_relative_species,spaced_count_l2,100,clean,90,,,,,,Klebsiella,logistic_regression,3.0,0.4074074074074074,0.4057017543859649,
close_relative_target_binary,spaced_count_l2,100,clean,90,,,,,,Klebsiella,nearest_centroid,2.0,0.7037037037037037,0.6823529411764706,0.6790123456790124
close_relative_target_binary,spaced_count_l2,100,clean,90,,,,,,Klebsiella,logistic_regression,2.0,0.7037037037037037,0.6447368421052632,0.6419753086419753
close_relative_species,spaced_count_l2,100,N_3pct,120,,,,,,Acinetobacter,nearest_centroid,4.0,0.25,0.2152173913043478,
close_relative_species,spaced_count_l2,100,N_3pct,120,,,,,,Acinetobacter,logistic_regression,4.0,0.1111111111111111,0.09772727272727272,
close_relative_species,spaced_count_l2,100,N_3pct,90,,,,,,Burkholderia,nearest_centroid,3.0,0.2962962962962963,0.293859649122807,
close_relative_species,spaced_count_l2,100,N_3pct,90,,,,,,Burkholderia,logistic_regression,3.0,0.2962962962962963,0.296078431372549,
close_relative_target_binary,spaced_count_l2,100,N_3pct,90,,,,,,Burkholderia,nearest_centroid,2.0,0.6296296296296297,0.5833333333333333,0.4320987654320988
close_relative_target_binary,spaced_count_l2,100,N_3pct,90,,,,,,Burkholderia,logistic_regression,2.0,0.5185185185185185,0.4419713831478538,0.3765432098765432
close_relative_species,spaced_count_l2,100,N_3pct,120,,,,,,Candida,nearest_centroid,4.0,0.3611111111111111,0.3320512820512821,
close_relative_species,spaced_count_l2,100,N_3pct,120,,,,,,Candida,logistic_regression,4.0,0.3055555555555556,0.29816176470588235,
close_relative_target_binary,spaced_count_l2,100,N_3pct,90,,,,,,Candida,nearest_centroid,2.0,0.5925925925925926,0.5533834586466165,0.41975308641975306
close_relative_target_binary,spaced_count_l2,100,N_3pct,90,,,,,,Candida,logistic_regression,2.0,0.5925925925925926,0.49230769230769234,0.5
close_relative_species,spaced_count_l2,100,N_3pct,150,,,,,,Enterobacter,nearest_centroid,5.0,0.17777777777777778,0.18033367733058134,
close_relative_species,spaced_count_l2,100,N_3pct,150,,,,,,Enterobacter,logistic_regression,5.0,0.2222222222222222,0.22026315789473686,
close_relative_target_binary,spaced_count_l2,100,N_3pct,90,,,,,,Enterobacter,nearest_centroid,2.0,0.37037037037037035,0.30977443609022554,0.20370370370370372
close_relative_target_binary,spaced_count_l2,100,N_3pct,90,,,,,,Enterobacter,logistic_regression,2.0,0.37037037037037035,0.30977443609022554,0.22222222222222218
close_relative_species,spaced_count_l2,100,N_3pct,60,,,,,,Escherichia,nearest_centroid,2.0,0.4444444444444444,0.41558441558441556,0.3827160493827161
close_relative_species,spaced_count_l2,100,N_3pct,60,,,,,,Escherichia,logistic_regression,2.0,0.4444444444444444,0.4375,0.37037037037037035
close_relative_target_binary,spaced_count_l2,100,N_3pct,60,,,,,,Escherichia,nearest_centroid,2.0,0.4444444444444444,0.4375,0.308641975308642
close_relative_target_binary,spaced_count_l2,100,N_3pct,60,,,,,,Escherichia,logistic_regression,2.0,0.3888888888888889,0.37142857142857144,0.308641975308642
close_relative_species,spaced_count_l2,100,N_3pct,90,,,,,,Klebsiella,nearest_centroid,3.0,0.5555555555555556,0.5532163742690058,
close_relative_species,spaced_count_l2,100,N_3pct,90,,,,,,Klebsiella,logistic_regression,3.0,0.4074074074074074,0.41111111111111115,
close_relative_target_binary,spaced_count_l2,100,N_3pct,90,,,,,,Klebsiella,nearest_centroid,2.0,0.6666666666666666,0.6345864661654135,0.6296296296296297
close_relative_target_binary,spaced_count_l2,100,N_3pct,90,,,,,,Klebsiella,logistic_regression,2.0,0.7407407407407407,0.699523052464229,0.6296296296296297
rc_consistency,spaced_count_l2,125,reverse_complement,1680,0.4045786212420015,0.4019182671347605,0.22520480491090172,,,close_relative_wgs,,,,,
perturbation_stability,spaced_count_l2,125,N_3pct,1680,0.9595691713407337,,0.9453269160207872,0.28243658167034186,0.33067532040539804,close_relative_wgs,,,,,
perturbation_stability,spaced_count_l2,125,substitution_1pct,1680,0.9745313237224302,,0.9306258545769495,0.18741578768446718,0.37248931641874133,close_relative_wgs,,,,,
close_relative_species,spaced_count_l2,125,clean,120,,,,,,Acinetobacter,nearest_centroid,4.0,0.4444444444444444,0.44838567005749663,
close_relative_species,spaced_count_l2,125,clean,120,,,,,,Acinetobacter,logistic_regression,4.0,0.3888888888888889,0.3674297924297924,
close_relative_species,spaced_count_l2,125,clean,90,,,,,,Burkholderia,nearest_centroid,3.0,0.4074074074074074,0.4020181171883958,
close_relative_species,spaced_count_l2,125,clean,90,,,,,,Burkholderia,logistic_regression,3.0,0.4444444444444444,0.4431818181818182,
close_relative_target_binary,spaced_count_l2,125,clean,90,,,,,,Burkholderia,nearest_centroid,2.0,0.7037037037037037,0.6447368421052632,0.7530864197530863
close_relative_target_binary,spaced_count_l2,125,clean,90,,,,,,Burkholderia,logistic_regression,2.0,0.8148148148148148,0.7467166979362101,0.7037037037037036
close_relative_species,spaced_count_l2,125,clean,120,,,,,,Candida,nearest_centroid,4.0,0.3055555555555556,0.30098039215686273,
close_relative_species,spaced_count_l2,125,clean,120,,,,,,Candida,logistic_regression,4.0,0.2222222222222222,0.22550505050505049,
close_relative_target_binary,spaced_count_l2,125,clean,90,,,,,,Candida,nearest_centroid,2.0,0.4074074074074074,0.3647058823529412,0.5123456790123457
close_relative_target_binary,spaced_count_l2,125,clean,90,,,,,,Candida,logistic_regression,2.0,0.5185185185185185,0.4419713831478538,0.4876543209876543
close_relative_species,spaced_count_l2,125,clean,150,,,,,,Enterobacter,nearest_centroid,5.0,0.28888888888888886,0.2848868778280543,
close_relative_species,spaced_count_l2,125,clean,150,,,,,,Enterobacter,logistic_regression,5.0,0.2222222222222222,0.22555810202869025,
close_relative_target_binary,spaced_count_l2,125,clean,90,,,,,,Enterobacter,nearest_centroid,2.0,0.5925925925925926,0.5278219395866455,0.5802469135802469
close_relative_target_binary,spaced_count_l2,125,clean,90,,,,,,Enterobacter,logistic_regression,2.0,0.5555555555555556,0.46710526315789475,0.4876543209876544
close_relative_species,spaced_count_l2,125,clean,60,,,,,,Escherichia,nearest_centroid,2.0,0.5,0.4857142857142857,0.654320987654321
close_relative_species,spaced_count_l2,125,clean,60,,,,,,Escherichia,logistic_regression,2.0,0.7222222222222222,0.7142857142857142,0.7407407407407407
close_relative_target_binary,spaced_count_l2,125,clean,60,,,,,,Escherichia,nearest_centroid,2.0,0.5,0.4581939799331104,0.5802469135802469
close_relative_target_binary,spaced_count_l2,125,clean,60,,,,,,Escherichia,logistic_regression,2.0,0.5,0.4857142857142857,0.5308641975308641
close_relative_species,spaced_count_l2,125,clean,90,,,,,,Klebsiella,nearest_centroid,3.0,0.4444444444444444,0.4421052631578948,
close_relative_species,spaced_count_l2,125,clean,90,,,,,,Klebsiella,logistic_regression,3.0,0.37037037037037035,0.37061403508771934,
close_relative_target_binary,spaced_count_l2,125,clean,90,,,,,,Klebsiella,nearest_centroid,2.0,0.5185185185185185,0.4935064935064935,0.4876543209876543
close_relative_target_binary,spaced_count_l2,125,clean,90,,,,,,Klebsiella,logistic_regression,2.0,0.5555555555555556,0.5235294117647059,0.5185185185185185
close_relative_species,spaced_count_l2,125,N_3pct,120,,,,,,Acinetobacter,nearest_centroid,4.0,0.2777777777777778,0.26734867860187556,
close_relative_species,spaced_count_l2,125,N_3pct,120,,,,,,Acinetobacter,logistic_regression,4.0,0.3888888888888889,0.3764653110047847,
close_relative_species,spaced_count_l2,125,N_3pct,90,,,,,,Burkholderia,nearest_centroid,3.0,0.2962962962962963,0.2928563238160761,
close_relative_species,spaced_count_l2,125,N_3pct,90,,,,,,Burkholderia,logistic_regression,3.0,0.48148148148148145,0.4622414622414623,
close_relative_target_binary,spaced_count_l2,125,N_3pct,90,,,,,,Burkholderia,nearest_centroid,2.0,0.7037037037037037,0.6666666666666667,0.7654320987654322
close_relative_target_binary,spaced_count_l2,125,N_3pct,90,,,,,,Burkholderia,logistic_regression,2.0,0.6666666666666666,0.5846153846153846,0.6481481481481481
close_relative_species,spaced_count_l2,125,N_3pct,120,,,,,,Candida,nearest_centroid,4.0,0.2777777777777778,0.28020510835913315,
close_relative_species,spaced_count_l2,125,N_3pct,120,,,,,,Candida,logistic_regression,4.0,0.2777777777777778,0.27823886639676115,
close_relative_target_binary,spaced_count_l2,125,N_3pct,90,,,,,,Candida,nearest_centroid,2.0,0.37037037037037035,0.36689655172413793,0.4012345679012346
close_relative_target_binary,spaced_count_l2,125,N_3pct,90,,,,,,Candida,logistic_regression,2.0,0.4074074074074074,0.33333333333333337,0.45679012345679015
close_relative_species,spaced_count_l2,125,N_3pct,150,,,,,,Enterobacter,nearest_centroid,5.0,0.2,0.1893939393939394,
close_relative_species,spaced_count_l2,125,N_3pct,150,,,,,,Enterobacter,logistic_regression,5.0,0.2222222222222222,0.22554621848739495,
close_relative_target_binary,spaced_count_l2,125,N_3pct,90,,,,,,Enterobacter,nearest_centroid,2.0,0.6296296296296297,0.5178571428571428,0.6172839506172839
close_relative_target_binary,spaced_count_l2,125,N_3pct,90,,,,,,Enterobacter,logistic_regression,2.0,0.5555555555555556,0.4214285714285714,0.5308641975308642
close_relative_species,spaced_count_l2,125,N_3pct,60,,,,,,Escherichia,nearest_centroid,2.0,0.6111111111111112,0.6,0.6790123456790123
close_relative_species,spaced_count_l2,125,N_3pct,60,,,,,,Escherichia,logistic_regression,2.0,0.6111111111111112,0.609907120743034,0.7530864197530864
close_relative_target_binary,spaced_count_l2,125,N_3pct,60,,,,,,Escherichia,nearest_centroid,2.0,0.5555555555555556,0.4461538461538461,0.691358024691358
close_relative_target_binary,spaced_count_l2,125,N_3pct,60,,,,,,Escherichia,logistic_regression,2.0,0.6111111111111112,0.5418181818181818,0.6790123456790124
close_relative_species,spaced_count_l2,125,N_3pct,90,,,,,,Klebsiella,nearest_centroid,3.0,0.48148148148148145,0.4766908212560386,
close_relative_species,spaced_count_l2,125,N_3pct,90,,,,,,Klebsiella,logistic_regression,3.0,0.3333333333333333,0.3208273208273208,
close_relative_target_binary,spaced_count_l2,125,N_3pct,90,,,,,,Klebsiella,nearest_centroid,2.0,0.5185185185185185,0.4935064935064935,0.5679012345679012
close_relative_target_binary,spaced_count_l2,125,N_3pct,90,,,,,,Klebsiella,logistic_regression,2.0,0.6296296296296297,0.6029411764705883,0.5617283950617283
rc_consistency,spaced_count_l2,150,reverse_complement,1680,0.4421815064897276,0.44376712810062513,0.2707699275362321,,,close_relative_wgs,,,,,
perturbation_stability,spaced_count_l2,150,N_3pct,1680,0.9687792945803091,,0.9586669105304185,0.24834605321158307,0.28751726712921083,close_relative_wgs,,,,,
perturbation_stability,spaced_count_l2,150,substitution_1pct,1680,0.9770545806277418,,0.9416849921649737,0.18256178733150535,0.3415111767040606,close_relative_wgs,,,,,
close_relative_species,spaced_count_l2,150,clean,120,,,,,,Acinetobacter,nearest_centroid,4.0,0.3055555555555556,0.30076662243844904,
close_relative_species,spaced_count_l2,150,clean,120,,,,,,Acinetobacter,logistic_regression,4.0,0.2777777777777778,0.2683583959899749,
close_relative_species,spaced_count_l2,150,clean,90,,,,,,Burkholderia,nearest_centroid,3.0,0.3333333333333333,0.30735930735930733,
close_relative_species,spaced_count_l2,150,clean,90,,,,,,Burkholderia,logistic_regression,3.0,0.37037037037037035,0.3696311858076564,
close_relative_target_binary,spaced_count_l2,150,clean,90,,,,,,Burkholderia,nearest_centroid,2.0,0.48148148148148145,0.4630681818181818,0.5185185185185185
close_relative_target_binary,spaced_count_l2,150,clean,90,,,,,,Burkholderia,logistic_regression,2.0,0.48148148148148145,0.3782894736842105,0.39506172839506176
close_relative_species,spaced_count_l2,150,clean,120,,,,,,Candida,nearest_centroid,4.0,0.3611111111111111,0.3671781756180733,
close_relative_species,spaced_count_l2,150,clean,120,,,,,,Candida,logistic_regression,4.0,0.2777777777777778,0.28286445012787725,
close_relative_target_binary,spaced_count_l2,150,clean,90,,,,,,Candida,nearest_centroid,2.0,0.5925925925925926,0.5533834586466165,0.5493827160493827
close_relative_target_binary,spaced_count_l2,150,clean,90,,,,,,Candida,logistic_regression,2.0,0.5185185185185185,0.4419713831478538,0.5617283950617284
close_relative_species,spaced_count_l2,150,clean,150,,,,,,Enterobacter,nearest_centroid,5.0,0.17777777777777778,0.17636363636363636,
close_relative_species,spaced_count_l2,150,clean,150,,,,,,Enterobacter,logistic_regression,5.0,0.24444444444444444,0.24224286205710355,
close_relative_target_binary,spaced_count_l2,150,clean,90,,,,,,Enterobacter,nearest_centroid,2.0,0.5925925925925926,0.5834502103786816,0.6111111111111112
close_relative_target_binary,spaced_count_l2,150,clean,90,,,,,,Enterobacter,logistic_regression,2.0,0.5555555555555556,0.5235294117647059,0.537037037037037
close_relative_species,spaced_count_l2,150,clean,60,,,,,,Escherichia,nearest_centroid,2.0,0.5555555555555556,0.55,0.5308641975308641
close_relative_species,spaced_count_l2,150,clean,60,,,,,,Escherichia,logistic_regression,2.0,0.5555555555555556,0.55,0.5555555555555556
close_relative_target_binary,spaced_count_l2,150,clean,60,,,,,,Escherichia,nearest_centroid,2.0,0.5,0.4984520123839009,0.5679012345679013
close_relative_target_binary,spaced_count_l2,150,clean,60,,,,,,Escherichia,logistic_regression,2.0,0.5,0.4581939799331104,0.5185185185185186
close_relative_species,spaced_count_l2,150,clean,90,,,,,,Klebsiella,nearest_centroid,3.0,0.2962962962962963,0.3011122577686045,
close_relative_species,spaced_count_l2,150,clean,90,,,,,,Klebsiella,logistic_regression,3.0,0.25925925925925924,0.26902935087078306,
close_relative_target_binary,spaced_count_l2,150,clean,90,,,,,,Klebsiella,nearest_centroid,2.0,0.5185185185185185,0.4935064935064935,0.5617283950617284
close_relative_target_binary,spaced_count_l2,150,clean,90,,,,,,Klebsiella,logistic_regression,2.0,0.5925925925925926,0.4427767354596623,0.5061728395061729
close_relative_species,spaced_count_l2,150,N_3pct,120,,,,,,Acinetobacter,nearest_centroid,4.0,0.25,0.24375000000000002,
close_relative_species,spaced_count_l2,150,N_3pct,120,,,,,,Acinetobacter,logistic_regression,4.0,0.25,0.23970377448638316,
close_relative_species,spaced_count_l2,150,N_3pct,90,,,,,,Burkholderia,nearest_centroid,3.0,0.37037037037037035,0.3425925925925926,
close_relative_species,spaced_count_l2,150,N_3pct,90,,,,,,Burkholderia,logistic_regression,3.0,0.4444444444444444,0.4351851851851852,
close_relative_target_binary,spaced_count_l2,150,N_3pct,90,,,,,,Burkholderia,nearest_centroid,2.0,0.4074074074074074,0.38636363636363635,0.46913580246913583
close_relative_target_binary,spaced_count_l2,150,N_3pct,90,,,,,,Burkholderia,logistic_regression,2.0,0.5555555555555556,0.4214285714285714,0.3888888888888889
close_relative_species,spaced_count_l2,150,N_3pct,120,,,,,,Candida,nearest_centroid,4.0,0.3333333333333333,0.3270824119121333,
close_relative_species,spaced_count_l2,150,N_3pct,120,,,,,,Candida,logistic_regression,4.0,0.19444444444444445,0.20098039215686275,
close_relative_target_binary,spaced_count_l2,150,N_3pct,90,,,,,,Candida,nearest_centroid,2.0,0.5185185185185185,0.4935064935064935,0.4814814814814815
close_relative_target_binary,spaced_count_l2,150,N_3pct,90,,,,,,Candida,logistic_regression,2.0,0.5555555555555556,0.5,0.49382716049382713
close_relative_species,spaced_count_l2,150,N_3pct,150,,,,,,Enterobacter,nearest_centroid,5.0,0.2222222222222222,0.21920168067226892,
close_relative_species,spaced_count_l2,150,N_3pct,150,,,,,,Enterobacter,logistic_regression,5.0,0.24444444444444444,0.23994924923717492,
close_relative_target_binary,spaced_count_l2,150,N_3pct,90,,,,,,Enterobacter,nearest_centroid,2.0,0.6296296296296297,0.6164772727272727,0.6049382716049383
close_relative_target_binary,spaced_count_l2,150,N_3pct,90,,,,,,Enterobacter,logistic_regression,2.0,0.6296296296296297,0.6029411764705883,0.5493827160493827
close_relative_species,spaced_count_l2,150,N_3pct,60,,,,,,Escherichia,nearest_centroid,2.0,0.6111111111111112,0.609907120743034,0.5925925925925926
close_relative_species,spaced_count_l2,150,N_3pct,60,,,,,,Escherichia,logistic_regression,2.0,0.6111111111111112,0.609907120743034,0.6296296296296297
close_relative_target_binary,spaced_count_l2,150,N_3pct,60,,,,,,Escherichia,nearest_centroid,2.0,0.5,0.4984520123839009,0.654320987654321
close_relative_target_binary,spaced_count_l2,150,N_3pct,60,,,,,,Escherichia,logistic_regression,2.0,0.5555555555555556,0.55,0.6419753086419753
close_relative_species,spaced_count_l2,150,N_3pct,90,,,,,,Klebsiella,nearest_centroid,3.0,0.2962962962962963,0.29866946778711484,
close_relative_species,spaced_count_l2,150,N_3pct,90,,,,,,Klebsiella,logistic_regression,3.0,0.3333333333333333,0.33814333814333813,
close_relative_target_binary,spaced_count_l2,150,N_3pct,90,,,,,,Klebsiella,nearest_centroid,2.0,0.5555555555555556,0.5235294117647059,0.6234567901234568
close_relative_target_binary,spaced_count_l2,150,N_3pct,90,,,,,,Klebsiella,logistic_regression,2.0,0.5555555555555556,0.35714285714285715,0.5246913580246914
rc_consistency,spaced_count_l2,300,reverse_complement,1680,0.6167023930740614,0.6166666666666669,0.48790596260223296,,,close_relative_wgs,,,,,
perturbation_stability,spaced_count_l2,300,N_3pct,1680,0.9748937330088304,,0.9672890712174591,0.22297038689407517,0.2557769619700314,close_relative_wgs,,,,,
perturbation_stability,spaced_count_l2,300,substitution_1pct,1680,0.9844242995826251,,0.9681462948643581,0.16503949002309937,0.2524032490508651,close_relative_wgs,,,,,
close_relative_species,spaced_count_l2,300,clean,120,,,,,,Acinetobacter,nearest_centroid,4.0,0.2222222222222222,0.21601307189542485,
close_relative_species,spaced_count_l2,300,clean,120,,,,,,Acinetobacter,logistic_regression,4.0,0.16666666666666666,0.17261904761904762,
close_relative_species,spaced_count_l2,300,clean,90,,,,,,Burkholderia,nearest_centroid,3.0,0.37037037037037035,0.37105836486641436,
close_relative_species,spaced_count_l2,300,clean,90,,,,,,Burkholderia,logistic_regression,3.0,0.4074074074074074,0.4064814814814815,
close_relative_target_binary,spaced_count_l2,300,clean,90,,,,,,Burkholderia,nearest_centroid,2.0,0.48148148148148145,0.3782894736842105,0.31481481481481477
close_relative_target_binary,spaced_count_l2,300,clean,90,,,,,,Burkholderia,logistic_regression,2.0,0.5555555555555556,0.4214285714285714,0.3950617283950617
close_relative_species,spaced_count_l2,300,clean,120,,,,,,Candida,nearest_centroid,4.0,0.25,0.2432234432234432,
close_relative_species,spaced_count_l2,300,clean,120,,,,,,Candida,logistic_regression,4.0,0.3333333333333333,0.34234943977591037,
close_relative_target_binary,spaced_count_l2,300,clean,90,,,,,,Candida,nearest_centroid,2.0,0.5925925925925926,0.5278219395866455,0.6604938271604939
close_relative_target_binary,spaced_count_l2,300,clean,90,,,,,,Candida,logistic_regression,2.0,0.6666666666666666,0.5846153846153846,0.6790123456790125
close_relative_species,spaced_count_l2,300,clean,150,,,,,,Enterobacter,nearest_centroid,5.0,0.17777777777777778,0.1761976911976912,
close_relative_species,spaced_count_l2,300,clean,150,,,,,,Enterobacter,logistic_regression,5.0,0.13333333333333333,0.11650139842359522,
close_relative_target_binary,spaced_count_l2,300,clean,90,,,,,,Enterobacter,nearest_centroid,2.0,0.5555555555555556,0.5235294117647059,0.45061728395061723
close_relative_target_binary,spaced_count_l2,300,clean,90,,,,,,Enterobacter,logistic_regression,2.0,0.5555555555555556,0.46710526315789475,0.45679012345679015
close_relative_species,spaced_count_l2,300,clean,60,,,,,,Escherichia,nearest_centroid,2.0,0.6111111111111112,0.609907120743034,0.691358024691358
close_relative_species,spaced_count_l2,300,clean,60,,,,,,Escherichia,logistic_regression,2.0,0.6666666666666666,0.6625,0.691358024691358
close_relative_target_binary,spaced_count_l2,300,clean,60,,,,,,Escherichia,nearest_centroid,2.0,0.7222222222222222,0.7213622291021672,0.654320987654321
close_relative_target_binary,spaced_count_l2,300,clean,60,,,,,,Escherichia,logistic_regression,2.0,0.6111111111111112,0.609907120743034,0.6049382716049383
close_relative_species,spaced_count_l2,300,clean,90,,,,,,Klebsiella,nearest_centroid,3.0,0.4074074074074074,0.3703703703703704,
close_relative_species,spaced_count_l2,300,clean,90,,,,,,Klebsiella,logistic_regression,3.0,0.2962962962962963,0.28330362448009505,
close_relative_target_binary,spaced_count_l2,300,clean,90,,,,,,Klebsiella,nearest_centroid,2.0,0.6296296296296297,0.6164772727272727,0.7592592592592593
close_relative_target_binary,spaced_count_l2,300,clean,90,,,,,,Klebsiella,logistic_regression,2.0,0.8148148148148148,0.7853736089030208,0.8209876543209876
close_relative_species,spaced_count_l2,300,N_3pct,120,,,,,,Acinetobacter,nearest_centroid,4.0,0.25,0.23551525873507295,
close_relative_species,spaced_count_l2,300,N_3pct,120,,,,,,Acinetobacter,logistic_regression,4.0,0.1388888888888889,0.15,
close_relative_species,spaced_count_l2,300,N_3pct,90,,,,,,Burkholderia,nearest_centroid,3.0,0.4444444444444444,0.44318312120169706,
close_relative_species,spaced_count_l2,300,N_3pct,90,,,,,,Burkholderia,logistic_regression,3.0,0.48148148148148145,0.47827084049994273,
close_relative_target_binary,spaced_count_l2,300,N_3pct,90,,,,,,Burkholderia,nearest_centroid,2.0,0.5555555555555556,0.4214285714285714,0.3271604938271605
close_relative_target_binary,spaced_count_l2,300,N_3pct,90,,,,,,Burkholderia,logistic_regression,2.0,0.6666666666666666,0.4862579281183932,0.4012345679012345
close_relative_species,spaced_count_l2,300,N_3pct,120,,,,,,Candida,nearest_centroid,4.0,0.25,0.23912337662337663,
close_relative_species,spaced_count_l2,300,N_3pct,120,,,,,,Candida,logistic_regression,4.0,0.3888888888888889,0.3974089635854342,
close_relative_target_binary,spaced_count_l2,300,N_3pct,90,,,,,,Candida,nearest_centroid,2.0,0.6296296296296297,0.555921052631579,0.6604938271604939
close_relative_target_binary,spaced_count_l2,300,N_3pct,90,,,,,,Candida,logistic_regression,2.0,0.5555555555555556,0.4214285714285714,0.6049382716049383
close_relative_species,spaced_count_l2,300,N_3pct,150,,,,,,Enterobacter,nearest_centroid,5.0,0.2,0.1716704805491991,
close_relative_species,spaced_count_l2,300,N_3pct,150,,,,,,Enterobacter,logistic_regression,5.0,0.2,0.19635746606334842,
close_relative_target_binary,spaced_count_l2,300,N_3pct,90,,,,,,Enterobacter,nearest_centroid,2.0,0.5555555555555556,0.4214285714285714,0.5185185185185185
close_relative_target_binary,spaced_count_l2,300,N_3pct,90,,,,,,Enterobacter,logistic_regression,2.0,0.5555555555555556,0.46710526315789475,0.5061728395061729
close_relative_species,spaced_count_l2,300,N_3pct,60,,,,,,Escherichia,nearest_centroid,2.0,0.6666666666666666,0.6625,0.6666666666666667
close_relative_species,spaced_count_l2,300,N_3pct,60,,,,,,Escherichia,logistic_regression,2.0,0.6111111111111112,0.609907120743034,0.654320987654321
close_relative_target_binary,spaced_count_l2,300,N_3pct,60,,,,,,Escherichia,nearest_centroid,2.0,0.6666666666666666,0.6666666666666666,0.6419753086419753
close_relative_target_binary,spaced_count_l2,300,N_3pct,60,,,,,,Escherichia,logistic_regression,2.0,0.5,0.4984520123839009,0.5555555555555556
close_relative_species,spaced_count_l2,300,N_3pct,90,,,,,,Klebsiella,nearest_centroid,3.0,0.2962962962962963,0.28373015873015867,
close_relative_species,spaced_count_l2,300,N_3pct,90,,,,,,Klebsiella,logistic_regression,3.0,0.18518518518518517,0.1722222222222222,
close_relative_target_binary,spaced_count_l2,300,N_3pct,90,,,,,,Klebsiella,nearest_centroid,2.0,0.7037037037037037,0.6666666666666667,0.728395061728395
close_relative_target_binary,spaced_count_l2,300,N_3pct,90,,,,,,Klebsiella,logistic_regression,2.0,0.7407407407407407,0.676923076923077,0.7839506172839505
rc_consistency,cspaced_count_l2,75,reverse_complement,400,1.0,1.0,0.9999999999999994,,,,,,,,
perturbation_stability,cspaced_count_l2,75,N_3pct,400,0.9698641584956725,,0.9551095288993293,0.24272269043274033,0.2996338820964847,,,,,,
perturbation_stability,cspaced_count_l2,75,substitution_1pct,400,0.9777850895079038,,0.9241268824243852,0.14850733014221632,0.3895461352833174,,,,,,
motif_position,cspaced_count_l2,75,clean,240,,,,,,toy_motif,nearest_centroid,3.0,0.3333333333333333,0.3327552845825271,
motif_position,cspaced_count_l2,75,clean,240,,,,,,toy_motif,logistic_regression,3.0,0.3611111111111111,0.35947897049591965,
motif_position,cspaced_count_l2,75,N_3pct,240,,,,,,toy_motif,nearest_centroid,3.0,0.3333333333333333,0.33311594202898553,
motif_position,cspaced_count_l2,75,N_3pct,240,,,,,,toy_motif,logistic_regression,3.0,0.4027777777777778,0.39962694091550716,
rc_consistency,cspaced_count_l2,75,reverse_complement,1680,1.0,1.0,0.9999999999999994,,,close_relative_wgs,,,,,
perturbation_stability,cspaced_count_l2,75,N_3pct,1680,0.9670428178697474,,0.9526078572590257,0.25404842180627085,0.30787056419175446,close_relative_wgs,,,,,
perturbation_stability,cspaced_count_l2,75,substitution_1pct,1680,0.976994698017274,,0.92402497490761,0.1519473044351318,0.38980770822664806,close_relative_wgs,,,,,
close_relative_species,cspaced_count_l2,75,clean,120,,,,,,Acinetobacter,nearest_centroid,4.0,0.2222222222222222,0.21703781512605042,
close_relative_species,cspaced_count_l2,75,clean,120,,,,,,Acinetobacter,logistic_regression,4.0,0.19444444444444445,0.20037593984962404,
close_relative_species,cspaced_count_l2,75,clean,90,,,,,,Burkholderia,nearest_centroid,3.0,0.3333333333333333,0.2946153846153846,
close_relative_species,cspaced_count_l2,75,clean,90,,,,,,Burkholderia,logistic_regression,3.0,0.3333333333333333,0.3102453102453102,
close_relative_target_binary,cspaced_count_l2,75,clean,90,,,,,,Burkholderia,nearest_centroid,2.0,0.5555555555555556,0.46710526315789475,0.6234567901234568
close_relative_target_binary,cspaced_count_l2,75,clean,90,,,,,,Burkholderia,logistic_regression,2.0,0.6666666666666666,0.5846153846153846,0.7283950617283951
close_relative_species,cspaced_count_l2,75,clean,120,,,,,,Candida,nearest_centroid,4.0,0.3611111111111111,0.3604740259067894,
close_relative_species,cspaced_count_l2,75,clean,120,,,,,,Candida,logistic_regression,4.0,0.19444444444444445,0.20339912280701752,
close_relative_target_binary,cspaced_count_l2,75,clean,90,,,,,,Candida,nearest_centroid,2.0,0.4074074074074074,0.3647058823529412,0.3765432098765432
close_relative_target_binary,cspaced_count_l2,75,clean,90,,,,,,Candida,logistic_regression,2.0,0.5925925925925926,0.5278219395866455,0.462962962962963
close_relative_species,cspaced_count_l2,75,clean,150,,,,,,Enterobacter,nearest_centroid,5.0,0.2222222222222222,0.2020397902750844,
close_relative_species,cspaced_count_l2,75,clean,150,,,,,,Enterobacter,logistic_regression,5.0,0.2,0.19586834733893554,
close_relative_target_binary,cspaced_count_l2,75,clean,90,,,,,,Enterobacter,nearest_centroid,2.0,0.5925925925925926,0.5533834586466165,0.6111111111111112
close_relative_target_binary,cspaced_count_l2,75,clean,90,,,,,,Enterobacter,logistic_regression,2.0,0.6666666666666666,0.5846153846153846,0.5802469135802468
close_relative_species,cspaced_count_l2,75,clean,60,,,,,,Escherichia,nearest_centroid,2.0,0.4444444444444444,0.4444444444444444,0.32098765432098764
close_relative_species,cspaced_count_l2,75,clean,60,,,,,,Escherichia,logistic_regression,2.0,0.5,0.4857142857142857,0.40740740740740744
close_relative_target_binary,cspaced_count_l2,75,clean,60,,,,,,Escherichia,nearest_centroid,2.0,0.2222222222222222,0.18181818181818182,0.13580246913580246
close_relative_target_binary,cspaced_count_l2,75,clean,60,,,,,,Escherichia,logistic_regression,2.0,0.3333333333333333,0.325,0.1728395061728395
close_relative_species,cspaced_count_l2,75,clean,90,,,,,,Klebsiella,nearest_centroid,3.0,0.25925925925925924,0.240824534942182,
close_relative_species,cspaced_count_l2,75,clean,90,,,,,,Klebsiella,logistic_regression,3.0,0.18518518518518517,0.1812865497076023,
close_relative_target_binary,cspaced_count_l2,75,clean,90,,,,,,Klebsiella,nearest_centroid,2.0,0.5185185185185185,0.47218045112781953,0.48148148148148145
close_relative_target_binary,cspaced_count_l2,75,clean,90,,,,,,Klebsiella,logistic_regression,2.0,0.5555555555555556,0.46710526315789475,0.46913580246913583
close_relative_species,cspaced_count_l2,75,N_3pct,120,,,,,,Acinetobacter,nearest_centroid,4.0,0.16666666666666666,0.16953781512605043,
close_relative_species,cspaced_count_l2,75,N_3pct,120,,,,,,Acinetobacter,logistic_regression,4.0,0.16666666666666666,0.15005316321105794,
close_relative_species,cspaced_count_l2,75,N_3pct,90,,,,,,Burkholderia,nearest_centroid,3.0,0.2222222222222222,0.1996153846153846,
close_relative_species,cspaced_count_l2,75,N_3pct,90,,,,,,Burkholderia,logistic_regression,3.0,0.25925925925925924,0.2587719298245614,
close_relative_target_binary,cspaced_count_l2,75,N_3pct,90,,,,,,Burkholderia,nearest_centroid,2.0,0.6296296296296297,0.5833333333333333,0.7098765432098766
close_relative_target_binary,cspaced_count_l2,75,N_3pct,90,,,,,,Burkholderia,logistic_regression,2.0,0.6666666666666666,0.6493506493506493,0.7592592592592593
close_relative_species,cspaced_count_l2,75,N_3pct,120,,,,,,Candida,nearest_centroid,4.0,0.3888888888888889,0.38610182088442957,
close_relative_species,cspaced_count_l2,75,N_3pct,120,,,,,,Candida,logistic_regression,4.0,0.16666666666666666,0.17068713450292397,
close_relative_target_binary,cspaced_count_l2,75,N_3pct,90,,,,,,Candida,nearest_centroid,2.0,0.4444444444444444,0.39097744360902253,0.3950617283950617
close_relative_target_binary,cspaced_count_l2,75,N_3pct,90,,,,,,Candida,logistic_regression,2.0,0.5555555555555556,0.46710526315789475,0.3888888888888889
close_relative_species,cspaced_count_l2,75,N_3pct,150,,,,,,Enterobacter,nearest_centroid,5.0,0.24444444444444444,0.2257516339869281,
close_relative_species,cspaced_count_l2,75,N_3pct,150,,,,,,Enterobacter,logistic_regression,5.0,0.2222222222222222,0.21738070666863235,
close_relative_target_binary,cspaced_count_l2,75,N_3pct,90,,,,,,Enterobacter,nearest_centroid,2.0,0.5185185185185185,0.47218045112781953,0.5740740740740741
close_relative_target_binary,cspaced_count_l2,75,N_3pct,90,,,,,,Enterobacter,logistic_regression,2.0,0.6666666666666666,0.4862579281183932,0.6049382716049383
close_relative_species,cspaced_count_l2,75,N_3pct,60,,,,,,Escherichia,nearest_centroid,2.0,0.3888888888888889,0.38699690402476783,0.4074074074074074
close_relative_species,cspaced_count_l2,75,N_3pct,60,,,,,,Escherichia,logistic_regression,2.0,0.5,0.4984520123839009,0.4320987654320988
close_relative_target_binary,cspaced_count_l2,75,N_3pct,60,,,,,,Escherichia,nearest_centroid,2.0,0.16666666666666666,0.14285714285714285,0.14814814814814814
close_relative_target_binary,cspaced_count_l2,75,N_3pct,60,,,,,,Escherichia,logistic_regression,2.0,0.2777777777777778,0.27554179566563464,0.22222222222222224
close_relative_species,cspaced_count_l2,75,N_3pct,90,,,,,,Klebsiella,nearest_centroid,3.0,0.2962962962962963,0.28961149677262205,
close_relative_species,cspaced_count_l2,75,N_3pct,90,,,,,,Klebsiella,logistic_regression,3.0,0.25925925925925924,0.2602212602212602,
close_relative_target_binary,cspaced_count_l2,75,N_3pct,90,,,,,,Klebsiella,nearest_centroid,2.0,0.48148148148148145,0.4441176470588235,0.5123456790123456
close_relative_target_binary,cspaced_count_l2,75,N_3pct,90,,,,,,Klebsiella,logistic_regression,2.0,0.5925925925925926,0.5533834586466165,0.5185185185185185
rc_consistency,cspaced_count_l2,100,reverse_complement,400,1.0,1.0,0.9999999999999996,,,,,,,,
perturbation_stability,cspaced_count_l2,100,N_3pct,400,0.9708914761665386,,0.9572974809834466,0.23826482600237953,0.29224126507752113,,,,,,
perturbation_stability,cspaced_count_l2,100,substitution_1pct,400,0.9798810839020109,,0.9426878478808234,0.15708364595567414,0.33856210269852854,,,,,,
motif_position,cspaced_count_l2,100,clean,240,,,,,,toy_motif,nearest_centroid,3.0,0.2222222222222222,0.21977334184061006,
motif_position,cspaced_count_l2,100,clean,240,,,,,,toy_motif,logistic_regression,3.0,0.2638888888888889,0.25992400060799514,
motif_position,cspaced_count_l2,100,N_3pct,240,,,,,,toy_motif,nearest_centroid,3.0,0.20833333333333334,0.205110020003637,
motif_position,cspaced_count_l2,100,N_3pct,240,,,,,,toy_motif,logistic_regression,3.0,0.25,0.2493617021276596,
rc_consistency,cspaced_count_l2,100,reverse_complement,1680,1.0,1.0000000000000002,0.9999999999999996,,,close_relative_wgs,,,,,
perturbation_stability,cspaced_count_l2,100,N_3pct,1680,0.9673916126282347,,0.9535627376192993,0.253257878530535,0.3047532194438672,close_relative_wgs,,,,,
perturbation_stability,cspaced_count_l2,100,substitution_1pct,1680,0.9785343522852138,,0.9370390867420189,0.16003735387026902,0.3548546311853656,close_relative_wgs,,,,,
close_relative_species,cspaced_count_l2,100,clean,120,,,,,,Acinetobacter,nearest_centroid,4.0,0.19444444444444445,0.19053708439897699,
close_relative_species,cspaced_count_l2,100,clean,120,,,,,,Acinetobacter,logistic_regression,4.0,0.25,0.22023809523809523,
close_relative_species,cspaced_count_l2,100,clean,90,,,,,,Burkholderia,nearest_centroid,3.0,0.18518518518518517,0.17671957671957672,
close_relative_species,cspaced_count_l2,100,clean,90,,,,,,Burkholderia,logistic_regression,3.0,0.3333333333333333,0.3359706455681688,
close_relative_target_binary,cspaced_count_l2,100,clean,90,,,,,,Burkholderia,nearest_centroid,2.0,0.6296296296296297,0.555921052631579,0.48765432098765427
close_relative_target_binary,cspaced_count_l2,100,clean,90,,,,,,Burkholderia,logistic_regression,2.0,0.5185185185185185,0.4419713831478538,0.40740740740740744
close_relative_species,cspaced_count_l2,100,clean,120,,,,,,Candida,nearest_centroid,4.0,0.2777777777777778,0.2817672523554876,
close_relative_species,cspaced_count_l2,100,clean,120,,,,,,Candida,logistic_regression,4.0,0.2777777777777778,0.23579545454545456,
close_relative_target_binary,cspaced_count_l2,100,clean,90,,,,,,Candida,nearest_centroid,2.0,0.5555555555555556,0.5235294117647059,0.3765432098765432
close_relative_target_binary,cspaced_count_l2,100,clean,90,,,,,,Candida,logistic_regression,2.0,0.6666666666666666,0.5846153846153846,0.6111111111111112
close_relative_species,cspaced_count_l2,100,clean,150,,,,,,Enterobacter,nearest_centroid,5.0,0.24444444444444444,0.24928792569659444,
close_relative_species,cspaced_count_l2,100,clean,150,,,,,,Enterobacter,logistic_regression,5.0,0.3111111111111111,0.3026900584795322,
close_relative_target_binary,cspaced_count_l2,100,clean,90,,,,,,Enterobacter,nearest_centroid,2.0,0.4444444444444444,0.35612082670906203,0.30864197530864196
close_relative_target_binary,cspaced_count_l2,100,clean,90,,,,,,Enterobacter,logistic_regression,2.0,0.48148148148148145,0.4166666666666667,0.30864197530864196
close_relative_species,cspaced_count_l2,100,clean,60,,,,,,Escherichia,nearest_centroid,2.0,0.6111111111111112,0.609907120743034,0.5555555555555556
close_relative_species,cspaced_count_l2,100,clean,60,,,,,,Escherichia,logistic_regression,2.0,0.4444444444444444,0.4444444444444444,0.4938271604938272
close_relative_target_binary,cspaced_count_l2,100,clean,60,,,,,,Escherichia,nearest_centroid,2.0,0.5555555555555556,0.5555555555555556,0.5802469135802469
close_relative_target_binary,cspaced_count_l2,100,clean,60,,,,,,Escherichia,logistic_regression,2.0,0.4444444444444444,0.4444444444444444,0.5802469135802468
close_relative_species,cspaced_count_l2,100,clean,90,,,,,,Klebsiella,nearest_centroid,3.0,0.48148148148148145,0.4862745098039216,
close_relative_species,cspaced_count_l2,100,clean,90,,,,,,Klebsiella,logistic_regression,3.0,0.48148148148148145,0.48148148148148145,
close_relative_target_binary,cspaced_count_l2,100,clean,90,,,,,,Klebsiella,nearest_centroid,2.0,0.6296296296296297,0.6164772727272727,0.654320987654321
close_relative_target_binary,cspaced_count_l2,100,clean,90,,,,,,Klebsiella,logistic_regression,2.0,0.7037037037037037,0.6447368421052632,0.5987654320987654
close_relative_species,cspaced_count_l2,100,N_3pct,120,,,,,,Acinetobacter,nearest_centroid,4.0,0.19444444444444445,0.16818181818181818,
close_relative_species,cspaced_count_l2,100,N_3pct,120,,,,,,Acinetobacter,logistic_regression,4.0,0.19444444444444445,0.19444444444444442,
close_relative_species,cspaced_count_l2,100,N_3pct,90,,,,,,Burkholderia,nearest_centroid,3.0,0.25925925925925924,0.2507936507936508,
close_relative_species,cspaced_count_l2,100,N_3pct,90,,,,,,Burkholderia,logistic_regression,3.0,0.2222222222222222,0.22890559732664995,
close_relative_target_binary,cspaced_count_l2,100,N_3pct,90,,,,,,Burkholderia,nearest_centroid,2.0,0.5925925925925926,0.49230769230769234,0.5370370370370371
close_relative_target_binary,cspaced_count_l2,100,N_3pct,90,,,,,,Burkholderia,logistic_regression,2.0,0.5925925925925926,0.49230769230769234,0.4444444444444444
close_relative_species,cspaced_count_l2,100,N_3pct,120,,,,,,Candida,nearest_centroid,4.0,0.3888888888888889,0.3805607769423559,
close_relative_species,cspaced_count_l2,100,N_3pct,120,,,,,,Candida,logistic_regression,4.0,0.3055555555555556,0.2670588235294118,
close_relative_target_binary,cspaced_count_l2,100,N_3pct,90,,,,,,Candida,nearest_centroid,2.0,0.6296296296296297,0.6029411764705883,0.5308641975308642
close_relative_target_binary,cspaced_count_l2,100,N_3pct,90,,,,,,Candida,logistic_regression,2.0,0.6666666666666666,0.6136724960254372,0.7469135802469136
close_relative_species,cspaced_count_l2,100,N_3pct,150,,,,,,Enterobacter,nearest_centroid,5.0,0.2222222222222222,0.2157393483709273,
close_relative_species,cspaced_count_l2,100,N_3pct,150,,,,,,Enterobacter,logistic_regression,5.0,0.26666666666666666,0.25456521739130433,
close_relative_target_binary,cspaced_count_l2,100,N_3pct,90,,,,,,Enterobacter,nearest_centroid,2.0,0.4074074074074074,0.33333333333333337,0.2654320987654321
close_relative_target_binary,cspaced_count_l2,100,N_3pct,90,,,,,,Enterobacter,logistic_regression,2.0,0.4444444444444444,0.39097744360902253,0.25925925925925924
close_relative_species,cspaced_count_l2,100,N_3pct,60,,,,,,Escherichia,nearest_centroid,2.0,0.3888888888888889,0.38699690402476783,0.4444444444444445
close_relative_species,cspaced_count_l2,100,N_3pct,60,,,,,,Escherichia,logistic_regression,2.0,0.3333333333333333,0.325,0.35802469135802467
close_relative_target_binary,cspaced_count_l2,100,N_3pct,60,,,,,,Escherichia,nearest_centroid,2.0,0.5555555555555556,0.55,0.5185185185185185
close_relative_target_binary,cspaced_count_l2,100,N_3pct,60,,,,,,Escherichia,logistic_regression,2.0,0.5555555555555556,0.55,0.5061728395061729
close_relative_species,cspaced_count_l2,100,N_3pct,90,,,,,,Klebsiella,nearest_centroid,3.0,0.48148148148148145,0.47632152276115125,
close_relative_species,cspaced_count_l2,100,N_3pct,90,,,,,,Klebsiella,logistic_regression,3.0,0.5555555555555556,0.5588235294117647,
close_relative_target_binary,cspaced_count_l2,100,N_3pct,90,,,,,,Klebsiella,nearest_centroid,2.0,0.7037037037037037,0.6823529411764706,0.6419753086419753
close_relative_target_binary,cspaced_count_l2,100,N_3pct,90,,,,,,Klebsiella,logistic_regression,2.0,0.6296296296296297,0.6029411764705883,0.5555555555555556
rc_consistency,cspaced_count_l2,125,reverse_complement,1680,1.0,1.0,0.9999999999999996,,,close_relative_wgs,,,,,
perturbation_stability,cspaced_count_l2,125,N_3pct,1680,0.9688446328674664,,0.9556165818152231,0.24739468522355706,0.29793763839024134,close_relative_wgs,,,,,
perturbation_stability,cspaced_count_l2,125,substitution_1pct,1680,0.9806161720944702,,0.9464595408760571,0.16313527999917604,0.3272321709624709,close_relative_wgs,,,,,
close_relative_species,cspaced_count_l2,125,clean,120,,,,,,Acinetobacter,nearest_centroid,4.0,0.3611111111111111,0.3542449874686717,
close_relative_species,cspaced_count_l2,125,clean,120,,,,,,Acinetobacter,logistic_regression,4.0,0.3055555555555556,0.3123249299719888,
close_relative_species,cspaced_count_l2,125,clean,90,,,,,,Burkholderia,nearest_centroid,3.0,0.25925925925925924,0.25700280112044815,
close_relative_species,cspaced_count_l2,125,clean,90,,,,,,Burkholderia,logistic_regression,3.0,0.3333333333333333,0.3296172426607209,
close_relative_target_binary,cspaced_count_l2,125,clean,90,,,,,,Burkholderia,nearest_centroid,2.0,0.5925925925925926,0.5834502103786816,0.6296296296296297
close_relative_target_binary,cspaced_count_l2,125,clean,90,,,,,,Burkholderia,logistic_regression,2.0,0.5925925925925926,0.5533834586466165,0.6234567901234568
close_relative_species,cspaced_count_l2,125,clean,120,,,,,,Candida,nearest_centroid,4.0,0.2222222222222222,0.22483660130718952,
close_relative_species,cspaced_count_l2,125,clean,120,,,,,,Candida,logistic_regression,4.0,0.25,0.2639819004524887,
close_relative_target_binary,cspaced_count_l2,125,clean,90,,,,,,Candida,nearest_centroid,2.0,0.5185185185185185,0.4935064935064935,0.5617283950617284
close_relative_target_binary,cspaced_count_l2,125,clean,90,,,,,,Candida,logistic_regression,2.0,0.7407407407407407,0.7272727272727273,0.6975308641975309
close_relative_species,cspaced_count_l2,125,clean,150,,,,,,Enterobacter,nearest_centroid,5.0,0.17777777777777778,0.16195746282702803,
close_relative_species,cspaced_count_l2,125,clean,150,,,,,,Enterobacter,logistic_regression,5.0,0.24444444444444444,0.25547619047619047,
close_relative_target_binary,cspaced_count_l2,125,clean,90,,,,,,Enterobacter,nearest_centroid,2.0,0.5925925925925926,0.5533834586466165,0.5555555555555556
close_relative_target_binary,cspaced_count_l2,125,clean,90,,,,,,Enterobacter,logistic_regression,2.0,0.48148148148148145,0.4166666666666667,0.41358024691358025
close_relative_species,cspaced_count_l2,125,clean,60,,,,,,Escherichia,nearest_centroid,2.0,0.7222222222222222,0.7213622291021672,0.8518518518518519
close_relative_species,cspaced_count_l2,125,clean,60,,,,,,Escherichia,logistic_regression,2.0,0.6666666666666666,0.6625,0.8395061728395062
close_relative_target_binary,cspaced_count_l2,125,clean,60,,,,,,Escherichia,nearest_centroid,2.0,0.6111111111111112,0.609907120743034,0.691358024691358
close_relative_target_binary,cspaced_count_l2,125,clean,60,,,,,,Escherichia,logistic_regression,2.0,0.6666666666666666,0.6625,0.6790123456790124
close_relative_species,cspaced_count_l2,125,clean,90,,,,,,Klebsiella,nearest_centroid,3.0,0.37037037037037035,0.37777777777777777,
close_relative_species,cspaced_count_l2,125,clean,90,,,,,,Klebsiella,logistic_regression,3.0,0.2962962962962963,0.2928563238160761,
close_relative_target_binary,cspaced_count_l2,125,clean,90,,,,,,Klebsiella,nearest_centroid,2.0,0.5185185185185185,0.4935064935064935,0.43827160493827166
close_relative_target_binary,cspaced_count_l2,125,clean,90,,,,,,Klebsiella,logistic_regression,2.0,0.5185185185185185,0.4935064935064935,0.4135802469135802
close_relative_species,cspaced_count_l2,125,N_3pct,120,,,,,,Acinetobacter,nearest_centroid,4.0,0.4166666666666667,0.41561624649859946,
close_relative_species,cspaced_count_l2,125,N_3pct,120,,,,,,Acinetobacter,logistic_regression,4.0,0.3055555555555556,0.30476190476190473,
close_relative_species,cspaced_count_l2,125,N_3pct,90,,,,,,Burkholderia,nearest_centroid,3.0,0.2962962962962963,0.2901960784313726,
close_relative_species,cspaced_count_l2,125,N_3pct,90,,,,,,Burkholderia,logistic_regression,3.0,0.2222222222222222,0.202385849444673,
close_relative_target_binary,cspaced_count_l2,125,N_3pct,90,,,,,,Burkholderia,nearest_centroid,2.0,0.5925925925925926,0.5714285714285714,0.5802469135802468
close_relative_target_binary,cspaced_count_l2,125,N_3pct,90,,,,,,Burkholderia,logistic_regression,2.0,0.5925925925925926,0.5533834586466165,0.5308641975308642
close_relative_species,cspaced_count_l2,125,N_3pct,120,,,,,,Candida,nearest_centroid,4.0,0.2777777777777778,0.2641525141525142,
close_relative_species,cspaced_count_l2,125,N_3pct,120,,,,,,Candida,logistic_regression,4.0,0.2777777777777778,0.27344877344877344,
close_relative_target_binary,cspaced_count_l2,125,N_3pct,90,,,,,,Candida,nearest_centroid,2.0,0.4444444444444444,0.4319775596072931,0.4814814814814815
close_relative_target_binary,cspaced_count_l2,125,N_3pct,90,,,,,,Candida,logistic_regression,2.0,0.7037037037037037,0.6823529411764706,0.6111111111111112
close_relative_species,cspaced_count_l2,125,N_3pct,150,,,,,,Enterobacter,nearest_centroid,5.0,0.2,0.19204678362573097,
close_relative_species,cspaced_count_l2,125,N_3pct,150,,,,,,Enterobacter,logistic_regression,5.0,0.2,0.20187134502923976,
close_relative_target_binary,cspaced_count_l2,125,N_3pct,90,,,,,,Enterobacter,nearest_centroid,2.0,0.6666666666666666,0.6345864661654135,0.5802469135802468
close_relative_target_binary,cspaced_count_l2,125,N_3pct,90,,,,,,Enterobacter,logistic_regression,2.0,0.37037037037037035,0.30977443609022554,0.37037037037037035
close_relative_species,cspaced_count_l2,125,N_3pct,60,,,,,,Escherichia,nearest_centroid,2.0,0.6666666666666666,0.6625,0.8148148148148149
close_relative_species,cspaced_count_l2,125,N_3pct,60,,,,,,Escherichia,logistic_regression,2.0,0.7777777777777778,0.7777777777777778,0.7901234567901235
close_relative_target_binary,cspaced_count_l2,125,N_3pct,60,,,,,,Escherichia,nearest_centroid,2.0,0.7222222222222222,0.7213622291021672,0.7530864197530864
close_relative_target_binary,cspaced_count_l2,125,N_3pct,60,,,,,,Escherichia,logistic_regression,2.0,0.6666666666666666,0.6493506493506493,0.8024691358024691
close_relative_species,cspaced_count_l2,125,N_3pct,90,,,,,,Klebsiella,nearest_centroid,3.0,0.37037037037037035,0.372192513368984,
close_relative_species,cspaced_count_l2,125,N_3pct,90,,,,,,Klebsiella,logistic_regression,3.0,0.25925925925925924,0.2587719298245614,
close_relative_target_binary,cspaced_count_l2,125,N_3pct,90,,,,,,Klebsiella,nearest_centroid,2.0,0.48148148148148145,0.4441176470588235,0.4382716049382716
close_relative_target_binary,cspaced_count_l2,125,N_3pct,90,,,,,,Klebsiella,logistic_regression,2.0,0.4444444444444444,0.41558441558441556,0.4876543209876543
rc_consistency,cspaced_count_l2,150,reverse_complement,1680,1.0,1.0,0.9999999999999994,,,close_relative_wgs,,,,,
perturbation_stability,cspaced_count_l2,150,N_3pct,1680,0.9768138927744509,,0.967548739921148,0.21365506930794065,0.25475972676037084,close_relative_wgs,,,,,
perturbation_stability,cspaced_count_l2,150,substitution_1pct,1680,0.9831185275156069,,0.9554903420200745,0.1560483921649909,0.2983610491530631,close_relative_wgs,,,,,
close_relative_species,cspaced_count_l2,150,clean,120,,,,,,Acinetobacter,nearest_centroid,4.0,0.25,0.25650062656641603,
close_relative_species,cspaced_count_l2,150,clean,120,,,,,,Acinetobacter,logistic_regression,4.0,0.3055555555555556,0.3145510835913313,
close_relative_species,cspaced_count_l2,150,clean,90,,,,,,Burkholderia,nearest_centroid,3.0,0.2222222222222222,0.23161021984551397,
close_relative_species,cspaced_count_l2,150,clean,90,,,,,,Burkholderia,logistic_regression,3.0,0.2222222222222222,0.22073156748079348,
close_relative_target_binary,cspaced_count_l2,150,clean,90,,,,,,Burkholderia,nearest_centroid,2.0,0.4444444444444444,0.4319775596072931,0.5246913580246914
close_relative_target_binary,cspaced_count_l2,150,clean,90,,,,,,Burkholderia,logistic_regression,2.0,0.5925925925925926,0.5278219395866455,0.4691358024691358
close_relative_species,cspaced_count_l2,150,clean,120,,,,,,Candida,nearest_centroid,4.0,0.4444444444444444,0.4252297410192146,
close_relative_species,cspaced_count_l2,150,clean,120,,,,,,Candida,logistic_regression,4.0,0.3333333333333333,0.34029190623617867,
close_relative_target_binary,cspaced_count_l2,150,clean,90,,,,,,Candida,nearest_centroid,2.0,0.6666666666666666,0.6136724960254372,0.6296296296296297
close_relative_target_binary,cspaced_count_l2,150,clean,90,,,,,,Candida,logistic_regression,2.0,0.6296296296296297,0.5833333333333333,0.5185185185185185
close_relative_species,cspaced_count_l2,150,clean,150,,,,,,Enterobacter,nearest_centroid,5.0,0.2,0.20043859649122808,
close_relative_species,cspaced_count_l2,150,clean,150,,,,,,Enterobacter,logistic_regression,5.0,0.26666666666666666,0.2663069438301636,
close_relative_target_binary,cspaced_count_l2,150,clean,90,,,,,,Enterobacter,nearest_centroid,2.0,0.5185185185185185,0.5158620689655172,0.5987654320987654
close_relative_target_binary,cspaced_count_l2,150,clean,90,,,,,,Enterobacter,logistic_regression,2.0,0.5925925925925926,0.5714285714285714,0.6481481481481481
close_relative_species,cspaced_count_l2,150,clean,60,,,,,,Escherichia,nearest_centroid,2.0,0.5555555555555556,0.55,0.49382716049382713
close_relative_species,cspaced_count_l2,150,clean,60,,,,,,Escherichia,logistic_regression,2.0,0.5,0.4857142857142857,0.4814814814814815
close_relative_target_binary,cspaced_count_l2,150,clean,60,,,,,,Escherichia,nearest_centroid,2.0,0.5555555555555556,0.55,0.4444444444444444
close_relative_target_binary,cspaced_count_l2,150,clean,60,,,,,,Escherichia,logistic_regression,2.0,0.3333333333333333,0.3333333333333333,0.29629629629629634
close_relative_species,cspaced_count_l2,150,clean,90,,,,,,Klebsiella,nearest_centroid,3.0,0.37037037037037035,0.35132275132275126,
close_relative_species,cspaced_count_l2,150,clean,90,,,,,,Klebsiella,logistic_regression,3.0,0.2222222222222222,0.20050125313283207,
close_relative_target_binary,cspaced_count_l2,150,clean,90,,,,,,Klebsiella,nearest_centroid,2.0,0.37037037037037035,0.35624123422159887,0.3765432098765432
close_relative_target_binary,cspaced_count_l2,150,clean,90,,,,,,Klebsiella,logistic_regression,2.0,0.4074074074074074,0.33333333333333337,0.4012345679012346
close_relative_species,cspaced_count_l2,150,N_3pct,120,,,,,,Acinetobacter,nearest_centroid,4.0,0.16666666666666666,0.1704248366013072,
close_relative_species,cspaced_count_l2,150,N_3pct,120,,,,,,Acinetobacter,logistic_regression,4.0,0.3333333333333333,0.3367451690821256,
close_relative_species,cspaced_count_l2,150,N_3pct,90,,,,,,Burkholderia,nearest_centroid,3.0,0.2962962962962963,0.31908212560386473,
close_relative_species,cspaced_count_l2,150,N_3pct,90,,,,,,Burkholderia,logistic_regression,3.0,0.4074074074074074,0.4063958916900094,
close_relative_target_binary,cspaced_count_l2,150,N_3pct,90,,,,,,Burkholderia,nearest_centroid,2.0,0.5555555555555556,0.5235294117647059,0.5432098765432098
close_relative_target_binary,cspaced_count_l2,150,N_3pct,90,,,,,,Burkholderia,logistic_regression,2.0,0.6296296296296297,0.555921052631579,0.48148148148148145
close_relative_species,cspaced_count_l2,150,N_3pct,120,,,,,,Candida,nearest_centroid,4.0,0.4722222222222222,0.4609022556390977,
close_relative_species,cspaced_count_l2,150,N_3pct,120,,,,,,Candida,logistic_regression,4.0,0.2777777777777778,0.28075845722904547,
close_relative_target_binary,cspaced_count_l2,150,N_3pct,90,,,,,,Candida,nearest_centroid,2.0,0.7037037037037037,0.6666666666666667,0.5555555555555556
close_relative_target_binary,cspaced_count_l2,150,N_3pct,90,,,,,,Candida,logistic_regression,2.0,0.5925925925925926,0.5278219395866455,0.5123456790123457
close_relative_species,cspaced_count_l2,150,N_3pct,150,,,,,,Enterobacter,nearest_centroid,5.0,0.24444444444444444,0.24352941176470586,
close_relative_species,cspaced_count_l2,150,N_3pct,150,,,,,,Enterobacter,logistic_regression,5.0,0.28888888888888886,0.2774509803921569,
close_relative_target_binary,cspaced_count_l2,150,N_3pct,90,,,,,,Enterobacter,nearest_centroid,2.0,0.5925925925925926,0.5834502103786816,0.5864197530864197
close_relative_target_binary,cspaced_count_l2,150,N_3pct,90,,,,,,Enterobacter,logistic_regression,2.0,0.6666666666666666,0.6345864661654135,0.5987654320987654
close_relative_species,cspaced_count_l2,150,N_3pct,60,,,,,,Escherichia,nearest_centroid,2.0,0.5,0.4984520123839009,0.6049382716049383
close_relative_species,cspaced_count_l2,150,N_3pct,60,,,,,,Escherichia,logistic_regression,2.0,0.5555555555555556,0.5324675324675324,0.6049382716049383
close_relative_target_binary,cspaced_count_l2,150,N_3pct,60,,,,,,Escherichia,nearest_centroid,2.0,0.5555555555555556,0.55,0.4567901234567901
close_relative_target_binary,cspaced_count_l2,150,N_3pct,60,,,,,,Escherichia,logistic_regression,2.0,0.5,0.4984520123839009,0.4691358024691358
close_relative_species,cspaced_count_l2,150,N_3pct,90,,,,,,Klebsiella,nearest_centroid,3.0,0.4074074074074074,0.39814814814814814,
close_relative_species,cspaced_count_l2,150,N_3pct,90,,,,,,Klebsiella,logistic_regression,3.0,0.37037037037037035,0.3467000835421888,
close_relative_target_binary,cspaced_count_l2,150,N_3pct,90,,,,,,Klebsiella,nearest_centroid,2.0,0.4444444444444444,0.4319775596072931,0.30246913580246915
close_relative_target_binary,cspaced_count_l2,150,N_3pct,90,,,,,,Klebsiella,logistic_regression,2.0,0.5185185185185185,0.39999999999999997,0.3580246913580247
rc_consistency,cspaced_count_l2,300,reverse_complement,1680,1.0,1.0,0.9999999999999996,,,close_relative_wgs,,,,,
perturbation_stability,cspaced_count_l2,300,N_3pct,1680,0.983493863041505,,0.9774414166784255,0.18048863275160232,0.21240801924664032,close_relative_wgs,,,,,
perturbation_stability,cspaced_count_l2,300,substitution_1pct,1680,0.9898575977202947,,0.9787521107984313,0.13295291650209076,0.20614504136725328,close_relative_wgs,,,,,
close_relative_species,cspaced_count_l2,300,clean,120,,,,,,Acinetobacter,nearest_centroid,4.0,0.19444444444444445,0.2021103896103896,
close_relative_species,cspaced_count_l2,300,clean,120,,,,,,Acinetobacter,logistic_regression,4.0,0.1111111111111111,0.11549235078646844,
close_relative_species,cspaced_count_l2,300,clean,90,,,,,,Burkholderia,nearest_centroid,3.0,0.37037037037037035,0.37105836486641436,
close_relative_species,cspaced_count_l2,300,clean,90,,,,,,Burkholderia,logistic_regression,3.0,0.37037037037037035,0.36481481481481487,
close_relative_target_binary,cspaced_count_l2,300,clean,90,,,,,,Burkholderia,nearest_centroid,2.0,0.4444444444444444,0.35612082670906203,0.31481481481481477
close_relative_target_binary,cspaced_count_l2,300,clean,90,,,,,,Burkholderia,logistic_regression,2.0,0.48148148148148145,0.4166666666666667,0.3333333333333333
close_relative_species,cspaced_count_l2,300,clean,120,,,,,,Candida,nearest_centroid,4.0,0.19444444444444445,0.19734848484848483,
close_relative_species,cspaced_count_l2,300,clean,120,,,,,,Candida,logistic_regression,4.0,0.4166666666666667,0.4340999557717824,
close_relative_target_binary,cspaced_count_l2,300,clean,90,,,,,,Candida,nearest_centroid,2.0,0.7407407407407407,0.699523052464229,0.7098765432098766
close_relative_target_binary,cspaced_count_l2,300,clean,90,,,,,,Candida,logistic_regression,2.0,0.7037037037037037,0.6666666666666667,0.7098765432098766
close_relative_species,cspaced_count_l2,300,clean,150,,,,,,Enterobacter,nearest_centroid,5.0,0.17777777777777778,0.16460717009916095,
close_relative_species,cspaced_count_l2,300,clean,150,,,,,,Enterobacter,logistic_regression,5.0,0.17777777777777778,0.17592175626231352,
close_relative_target_binary,cspaced_count_l2,300,clean,90,,,,,,Enterobacter,nearest_centroid,2.0,0.5555555555555556,0.5397727272727273,0.46913580246913583
close_relative_target_binary,cspaced_count_l2,300,clean,90,,,,,,Enterobacter,logistic_regression,2.0,0.4444444444444444,0.41558441558441556,0.48148148148148145
close_relative_species,cspaced_count_l2,300,clean,60,,,,,,Escherichia,nearest_centroid,2.0,0.6111111111111112,0.609907120743034,0.5555555555555555
close_relative_species,cspaced_count_l2,300,clean,60,,,,,,Escherichia,logistic_regression,2.0,0.5555555555555556,0.55,0.5802469135802469
close_relative_target_binary,cspaced_count_l2,300,clean,60,,,,,,Escherichia,nearest_centroid,2.0,0.5555555555555556,0.55,0.5308641975308642
close_relative_target_binary,cspaced_count_l2,300,clean,60,,,,,,Escherichia,logistic_regression,2.0,0.4444444444444444,0.4444444444444444,0.4320987654320988
close_relative_species,cspaced_count_l2,300,clean,90,,,,,,Klebsiella,nearest_centroid,3.0,0.3333333333333333,0.2852784134248665,
close_relative_species,cspaced_count_l2,300,clean,90,,,,,,Klebsiella,logistic_regression,3.0,0.3333333333333333,0.32954545454545453,
close_relative_target_binary,cspaced_count_l2,300,clean,90,,,,,,Klebsiella,nearest_centroid,2.0,0.6666666666666666,0.6345864661654135,0.7530864197530864
close_relative_target_binary,cspaced_count_l2,300,clean,90,,,,,,Klebsiella,logistic_regression,2.0,0.7777777777777778,0.7335526315789473,0.8641975308641976
close_relative_species,cspaced_count_l2,300,N_3pct,120,,,,,,Acinetobacter,nearest_centroid,4.0,0.1388888888888889,0.13368983957219252,
close_relative_species,cspaced_count_l2,300,N_3pct,120,,,,,,Acinetobacter,logistic_regression,4.0,0.16666666666666666,0.16415202444614208,
close_relative_species,cspaced_count_l2,300,N_3pct,90,,,,,,Burkholderia,nearest_centroid,3.0,0.3333333333333333,0.3320720100905859,
close_relative_species,cspaced_count_l2,300,N_3pct,90,,,,,,Burkholderia,logistic_regression,3.0,0.48148148148148145,0.48148148148148145,
close_relative_target_binary,cspaced_count_l2,300,N_3pct,90,,,,,,Burkholderia,nearest_centroid,2.0,0.4444444444444444,0.35612082670906203,0.3271604938271605
close_relative_target_binary,cspaced_count_l2,300,N_3pct,90,,,,,,Burkholderia,logistic_regression,2.0,0.48148148148148145,0.325,0.35185185185185186
close_relative_species,cspaced_count_l2,300,N_3pct,120,,,,,,Candida,nearest_centroid,4.0,0.25,0.24704408079021078,
close_relative_species,cspaced_count_l2,300,N_3pct,120,,,,,,Candida,logistic_regression,4.0,0.3055555555555556,0.31921355498721227,
close_relative_target_binary,cspaced_count_l2,300,N_3pct,90,,,,,,Candida,nearest_centroid,2.0,0.7777777777777778,0.7335526315789473,0.7098765432098766
close_relative_target_binary,cspaced_count_l2,300,N_3pct,90,,,,,,Candida,logistic_regression,2.0,0.7037037037037037,0.6447368421052632,0.7037037037037037
close_relative_species,cspaced_count_l2,300,N_3pct,150,,,,,,Enterobacter,nearest_centroid,5.0,0.17777777777777778,0.15710526315789472,
close_relative_species,cspaced_count_l2,300,N_3pct,150,,,,,,Enterobacter,logistic_regression,5.0,0.13333333333333333,0.13647627166808754,
close_relative_target_binary,cspaced_count_l2,300,N_3pct,90,,,,,,Enterobacter,nearest_centroid,2.0,0.5555555555555556,0.5235294117647059,0.5493827160493827
close_relative_target_binary,cspaced_count_l2,300,N_3pct,90,,,,,,Enterobacter,logistic_regression,2.0,0.5555555555555556,0.5,0.5308641975308641
close_relative_species,cspaced_count_l2,300,N_3pct,60,,,,,,Escherichia,nearest_centroid,2.0,0.5555555555555556,0.5555555555555556,0.6419753086419753
close_relative_species,cspaced_count_l2,300,N_3pct,60,,,,,,Escherichia,logistic_regression,2.0,0.5555555555555556,0.55,0.6666666666666667
close_relative_target_binary,cspaced_count_l2,300,N_3pct,60,,,,,,Escherichia,nearest_centroid,2.0,0.3888888888888889,0.37142857142857144,0.4938271604938272
close_relative_target_binary,cspaced_count_l2,300,N_3pct,60,,,,,,Escherichia,logistic_regression,2.0,0.3888888888888889,0.38699690402476783,0.4444444444444445
close_relative_species,cspaced_count_l2,300,N_3pct,90,,,,,,Klebsiella,nearest_centroid,3.0,0.2962962962962963,0.26156299840510366,
close_relative_species,cspaced_count_l2,300,N_3pct,90,,,,,,Klebsiella,logistic_regression,3.0,0.18518518518518517,0.17379125563268785,
close_relative_target_binary,cspaced_count_l2,300,N_3pct,90,,,,,,Klebsiella,nearest_centroid,2.0,0.6296296296296297,0.5833333333333333,0.6975308641975309
close_relative_target_binary,cspaced_count_l2,300,N_3pct,90,,,,,,Klebsiella,logistic_regression,2.0,0.6296296296296297,0.555921052631579,0.6790123456790124
rc_consistency,cspaced_property_l2,75,reverse_complement,400,0.9996482806545637,0.9999117244156221,0.9984689519150727,,,,,,,,
perturbation_stability,cspaced_property_l2,75,N_3pct,400,0.995312594458602,,0.9937653197695228,0.09631736189151408,0.1116662431218402,,,,,,
perturbation_stability,cspaced_property_l2,75,substitution_1pct,400,0.9976256875546468,,0.9918713158232698,0.048557260762541424,0.1275041376148438,,,,,,
motif_position,cspaced_property_l2,75,clean,240,,,,,,toy_motif,nearest_centroid,3.0,0.3333333333333333,0.3331621956958884,
motif_position,cspaced_property_l2,75,clean,240,,,,,,toy_motif,logistic_regression,3.0,0.375,0.37011404438987183,
motif_position,cspaced_property_l2,75,N_3pct,240,,,,,,toy_motif,nearest_centroid,3.0,0.3333333333333333,0.33311594202898553,
motif_position,cspaced_property_l2,75,N_3pct,240,,,,,,toy_motif,logistic_regression,3.0,0.375,0.37420357420357425,
rc_consistency,cspaced_property_l2,75,reverse_complement,1680,0.9990387635503063,0.9995711558993874,0.9963607596842823,,,close_relative_wgs,,,,,
perturbation_stability,cspaced_property_l2,75,N_3pct,1680,0.9949003931144705,,0.9933263267440932,0.10052959267485621,0.11553071646692901,close_relative_wgs,,,,,
perturbation_stability,cspaced_property_l2,75,substitution_1pct,1680,0.9975176396641716,,0.9917580985082932,0.04993919999033531,0.12838926151206032,close_relative_wgs,,,,,
close_relative_species,cspaced_property_l2,75,clean,120,,,,,,Acinetobacter,nearest_centroid,4.0,0.1388888888888889,0.13539002557544758,
close_relative_species,cspaced_property_l2,75,clean,120,,,,,,Acinetobacter,logistic_regression,4.0,0.19444444444444445,0.19823232323232326,
close_relative_species,cspaced_property_l2,75,clean,90,,,,,,Burkholderia,nearest_centroid,3.0,0.3333333333333333,0.2946153846153846,
close_relative_species,cspaced_property_l2,75,clean,90,,,,,,Burkholderia,logistic_regression,3.0,0.37037037037037035,0.35873015873015873,
close_relative_target_binary,cspaced_property_l2,75,clean,90,,,,,,Burkholderia,nearest_centroid,2.0,0.6296296296296297,0.555921052631579,0.691358024691358
close_relative_target_binary,cspaced_property_l2,75,clean,90,,,,,,Burkholderia,logistic_regression,2.0,0.7037037037037037,0.6447368421052632,0.7592592592592593
close_relative_species,cspaced_property_l2,75,clean,120,,,,,,Candida,nearest_centroid,4.0,0.3888888888888889,0.3881261123824053,
close_relative_species,cspaced_property_l2,75,clean,120,,,,,,Candida,logistic_regression,4.0,0.19444444444444445,0.20795454545454545,
close_relative_target_binary,cspaced_property_l2,75,clean,90,,,,,,Candida,nearest_centroid,2.0,0.4074074074074074,0.3647058823529412,0.35185185185185186
close_relative_target_binary,cspaced_property_l2,75,clean,90,,,,,,Candida,logistic_regression,2.0,0.5925925925925926,0.5278219395866455,0.47530864197530864
close_relative_species,cspaced_property_l2,75,clean,150,,,,,,Enterobacter,nearest_centroid,5.0,0.26666666666666666,0.24928104575163398,
close_relative_species,cspaced_property_l2,75,clean,150,,,,,,Enterobacter,logistic_regression,5.0,0.2,0.19543859649122805,
close_relative_target_binary,cspaced_property_l2,75,clean,90,,,,,,Enterobacter,nearest_centroid,2.0,0.5925925925925926,0.5533834586466165,0.6049382716049383
close_relative_target_binary,cspaced_property_l2,75,clean,90,,,,,,Enterobacter,logistic_regression,2.0,0.5925925925925926,0.5278219395866455,0.5864197530864197
close_relative_species,cspaced_property_l2,75,clean,60,,,,,,Escherichia,nearest_centroid,2.0,0.4444444444444444,0.4444444444444444,0.38271604938271603
close_relative_species,cspaced_property_l2,75,clean,60,,,,,,Escherichia,logistic_regression,2.0,0.5,0.4857142857142857,0.41975308641975306
close_relative_target_binary,cspaced_property_l2,75,clean,60,,,,,,Escherichia,nearest_centroid,2.0,0.2222222222222222,0.18181818181818182,0.1851851851851852
close_relative_target_binary,cspaced_property_l2,75,clean,60,,,,,,Escherichia,logistic_regression,2.0,0.3333333333333333,0.325,0.18518518518518517
close_relative_species,cspaced_property_l2,75,clean,90,,,,,,Klebsiella,nearest_centroid,3.0,0.2222222222222222,0.217512077294686,
close_relative_species,cspaced_property_l2,75,clean,90,,,,,,Klebsiella,logistic_regression,3.0,0.2222222222222222,0.22645502645502646,
close_relative_target_binary,cspaced_property_l2,75,clean,90,,,,,,Klebsiella,nearest_centroid,2.0,0.5555555555555556,0.5,0.4567901234567901
close_relative_target_binary,cspaced_property_l2,75,clean,90,,,,,,Klebsiella,logistic_regression,2.0,0.5925925925925926,0.5278219395866455,0.5246913580246914
close_relative_species,cspaced_property_l2,75,N_3pct,120,,,,,,Acinetobacter,nearest_centroid,4.0,0.16666666666666666,0.16858465608465606,
close_relative_species,cspaced_property_l2,75,N_3pct,120,,,,,,Acinetobacter,logistic_regression,4.0,0.16666666666666666,0.16770510835913313,
close_relative_species,cspaced_property_l2,75,N_3pct,90,,,,,,Burkholderia,nearest_centroid,3.0,0.25925925925925924,0.240824534942182,
close_relative_species,cspaced_property_l2,75,N_3pct,90,,,,,,Burkholderia,logistic_regression,3.0,0.2222222222222222,0.22268088521958487,
close_relative_target_binary,cspaced_property_l2,75,N_3pct,90,,,,,,Burkholderia,nearest_centroid,2.0,0.6666666666666666,0.6136724960254372,0.7283950617283951
close_relative_target_binary,cspaced_property_l2,75,N_3pct,90,,,,,,Burkholderia,logistic_regression,2.0,0.7037037037037037,0.6823529411764706,0.7839506172839505
close_relative_species,cspaced_property_l2,75,N_3pct,120,,,,,,Candida,nearest_centroid,4.0,0.3888888888888889,0.38566842514210936,
close_relative_species,cspaced_property_l2,75,N_3pct,120,,,,,,Candida,logistic_regression,4.0,0.16666666666666666,0.17316176470588235,
close_relative_target_binary,cspaced_property_l2,75,N_3pct,90,,,,,,Candida,nearest_centroid,2.0,0.4444444444444444,0.39097744360902253,0.42592592592592593
close_relative_target_binary,cspaced_property_l2,75,N_3pct,90,,,,,,Candida,logistic_regression,2.0,0.5555555555555556,0.46710526315789475,0.4320987654320988
close_relative_species,cspaced_property_l2,75,N_3pct,150,,,,,,Enterobacter,nearest_centroid,5.0,0.26666666666666666,0.25555555555555554,
close_relative_species,cspaced_property_l2,75,N_3pct,150,,,,,,Enterobacter,logistic_regression,5.0,0.2,0.20406143564038298,
close_relative_target_binary,cspaced_property_l2,75,N_3pct,90,,,,,,Enterobacter,nearest_centroid,2.0,0.48148148148148145,0.4441176470588235,0.5493827160493827
close_relative_target_binary,cspaced_property_l2,75,N_3pct,90,,,,,,Enterobacter,logistic_regression,2.0,0.5925925925925926,0.37209302325581395,0.6111111111111112
close_relative_species,cspaced_property_l2,75,N_3pct,60,,,,,,Escherichia,nearest_centroid,2.0,0.4444444444444444,0.4375,0.40740740740740744
close_relative_species,cspaced_property_l2,75,N_3pct,60,,,,,,Escherichia,logistic_regression,2.0,0.3888888888888889,0.38699690402476783,0.40740740740740744
close_relative_target_binary,cspaced_property_l2,75,N_3pct,60,,,,,,Escherichia,nearest_centroid,2.0,0.16666666666666666,0.14285714285714285,0.14814814814814814
close_relative_target_binary,cspaced_property_l2,75,N_3pct,60,,,,,,Escherichia,logistic_regression,2.0,0.3333333333333333,0.3333333333333333,0.1851851851851852
close_relative_species,cspaced_property_l2,75,N_3pct,90,,,,,,Klebsiella,nearest_centroid,3.0,0.25925925925925924,0.24649758454106277,
close_relative_species,cspaced_property_l2,75,N_3pct,90,,,,,,Klebsiella,logistic_regression,3.0,0.25925925925925924,0.2643288084464555,
close_relative_target_binary,cspaced_property_l2,75,N_3pct,90,,,,,,Klebsiella,nearest_centroid,2.0,0.5185185185185185,0.47218045112781953,0.5246913580246914
close_relative_target_binary,cspaced_property_l2,75,N_3pct,90,,,,,,Klebsiella,logistic_regression,2.0,0.6666666666666666,0.6136724960254372,0.5802469135802469
rc_consistency,cspaced_property_l2,100,reverse_complement,400,0.9997545432670398,0.9999166475177246,0.9989999185080173,,,,,,,,
perturbation_stability,cspaced_property_l2,100,N_3pct,400,0.9951477295390151,,0.9937278012970336,0.09803362205674487,0.11200176729941648,,,,,,
perturbation_stability,cspaced_property_l2,100,substitution_1pct,400,0.9978734028862479,,0.9939879459911138,0.05105862783596633,0.1096544664488949,,,,,,
motif_position,cspaced_property_l2,100,clean,240,,,,,,toy_motif,nearest_centroid,3.0,0.20833333333333334,0.2047138047138047,
motif_position,cspaced_property_l2,100,clean,240,,,,,,toy_motif,logistic_regression,3.0,0.2777777777777778,0.27336860670194,
motif_position,cspaced_property_l2,100,N_3pct,240,,,,,,toy_motif,nearest_centroid,3.0,0.2222222222222222,0.2200954030322365,
motif_position,cspaced_property_l2,100,N_3pct,240,,,,,,toy_motif,logistic_regression,3.0,0.2916666666666667,0.29210765593744314,
rc_consistency,cspaced_property_l2,100,reverse_complement,1680,0.9992055223902998,0.9996763741756143,0.9970839999498664,,,close_relative_wgs,,,,,
perturbation_stability,cspaced_property_l2,100,N_3pct,1680,0.9946556001425679,,0.9932282489757898,0.103058855381963,0.11637655213016283,close_relative_wgs,,,,,
perturbation_stability,cspaced_property_l2,100,substitution_1pct,1680,0.9977056891748687,,0.9932781075502918,0.052309467560458026,0.1159473135002834,close_relative_wgs,,,,,
close_relative_species,cspaced_property_l2,100,clean,120,,,,,,Acinetobacter,nearest_centroid,4.0,0.19444444444444445,0.1925133689839572,
close_relative_species,cspaced_property_l2,100,clean,120,,,,,,Acinetobacter,logistic_regression,4.0,0.2777777777777778,0.23369565217391303,
close_relative_species,cspaced_property_l2,100,clean,90,,,,,,Burkholderia,nearest_centroid,3.0,0.18518518518518517,0.17671957671957672,
close_relative_species,cspaced_property_l2,100,clean,90,,,,,,Burkholderia,logistic_regression,3.0,0.37037037037037035,0.369109047127623,
close_relative_target_binary,cspaced_property_l2,100,clean,90,,,,,,Burkholderia,nearest_centroid,2.0,0.5925925925925926,0.5278219395866455,0.4814814814814815
close_relative_target_binary,cspaced_property_l2,100,clean,90,,,,,,Burkholderia,logistic_regression,2.0,0.5555555555555556,0.5,0.45679012345679015
close_relative_species,cspaced_property_l2,100,clean,120,,,,,,Candida,nearest_centroid,4.0,0.3055555555555556,0.30241327300150833,
close_relative_species,cspaced_property_l2,100,clean,120,,,,,,Candida,logistic_regression,4.0,0.25,0.21664120193531958,
close_relative_target_binary,cspaced_property_l2,100,clean,90,,,,,,Candida,nearest_centroid,2.0,0.5185185185185185,0.47218045112781953,0.4135802469135803
close_relative_target_binary,cspaced_property_l2,100,clean,90,,,,,,Candida,logistic_regression,2.0,0.6296296296296297,0.5833333333333333,0.5864197530864197
close_relative_species,cspaced_property_l2,100,clean,150,,,,,,Enterobacter,nearest_centroid,5.0,0.24444444444444444,0.24690402476780188,
close_relative_species,cspaced_property_l2,100,clean,150,,,,,,Enterobacter,logistic_regression,5.0,0.28888888888888886,0.28230994152046784,
close_relative_target_binary,cspaced_property_l2,100,clean,90,,,,,,Enterobacter,nearest_centroid,2.0,0.4444444444444444,0.35612082670906203,0.2962962962962963
close_relative_target_binary,cspaced_property_l2,100,clean,90,,,,,,Enterobacter,logistic_regression,2.0,0.4444444444444444,0.35612082670906203,0.271604938271605
close_relative_species,cspaced_property_l2,100,clean,60,,,,,,Escherichia,nearest_centroid,2.0,0.5555555555555556,0.55,0.5308641975308641
close_relative_species,cspaced_property_l2,100,clean,60,,,,,,Escherichia,logistic_regression,2.0,0.4444444444444444,0.4444444444444444,0.5185185185185186
close_relative_target_binary,cspaced_property_l2,100,clean,60,,,,,,Escherichia,nearest_centroid,2.0,0.5555555555555556,0.5555555555555556,0.5555555555555556
close_relative_target_binary,cspaced_property_l2,100,clean,60,,,,,,Escherichia,logistic_regression,2.0,0.4444444444444444,0.4444444444444444,0.5679012345679012
close_relative_species,cspaced_property_l2,100,clean,90,,,,,,Klebsiella,nearest_centroid,3.0,0.48148148148148145,0.4862745098039216,
close_relative_species,cspaced_property_l2,100,clean,90,,,,,,Klebsiella,logistic_regression,3.0,0.48148148148148145,0.48148148148148145,
close_relative_target_binary,cspaced_property_l2,100,clean,90,,,,,,Klebsiella,nearest_centroid,2.0,0.5925925925925926,0.5834502103786816,0.6790123456790124
close_relative_target_binary,cspaced_property_l2,100,clean,90,,,,,,Klebsiella,logistic_regression,2.0,0.6666666666666666,0.6136724960254372,0.5987654320987654
close_relative_species,cspaced_property_l2,100,N_3pct,120,,,,,,Acinetobacter,nearest_centroid,4.0,0.19444444444444445,0.16818181818181818,
close_relative_species,cspaced_property_l2,100,N_3pct,120,,,,,,Acinetobacter,logistic_regression,4.0,0.1388888888888889,0.1408668730650155,
close_relative_species,cspaced_property_l2,100,N_3pct,90,,,,,,Burkholderia,nearest_centroid,3.0,0.2222222222222222,0.21461988304093568,
close_relative_species,cspaced_property_l2,100,N_3pct,90,,,,,,Burkholderia,logistic_regression,3.0,0.2222222222222222,0.22573099415204678,
close_relative_target_binary,cspaced_property_l2,100,N_3pct,90,,,,,,Burkholderia,nearest_centroid,2.0,0.6296296296296297,0.555921052631579,0.5
close_relative_target_binary,cspaced_property_l2,100,N_3pct,90,,,,,,Burkholderia,logistic_regression,2.0,0.6296296296296297,0.5833333333333333,0.41358024691358025
close_relative_species,cspaced_property_l2,100,N_3pct,120,,,,,,Candida,nearest_centroid,4.0,0.3888888888888889,0.35887445887445885,
close_relative_species,cspaced_property_l2,100,N_3pct,120,,,,,,Candida,logistic_regression,4.0,0.3055555555555556,0.2753623188405797,
close_relative_target_binary,cspaced_property_l2,100,N_3pct,90,,,,,,Candida,nearest_centroid,2.0,0.6296296296296297,0.6029411764705883,0.45679012345679015
close_relative_target_binary,cspaced_property_l2,100,N_3pct,90,,,,,,Candida,logistic_regression,2.0,0.7037037037037037,0.6823529411764706,0.7592592592592593
close_relative_species,cspaced_property_l2,100,N_3pct,150,,,,,,Enterobacter,nearest_centroid,5.0,0.2,0.19585630743525478,
close_relative_species,cspaced_property_l2,100,N_3pct,150,,,,,,Enterobacter,logistic_regression,5.0,0.28888888888888886,0.27527113237639556,
close_relative_target_binary,cspaced_property_l2,100,N_3pct,90,,,,,,Enterobacter,nearest_centroid,2.0,0.4074074074074074,0.33333333333333337,0.2962962962962963
close_relative_target_binary,cspaced_property_l2,100,N_3pct,90,,,,,,Enterobacter,logistic_regression,2.0,0.4444444444444444,0.39097744360902253,0.25308641975308643
close_relative_species,cspaced_property_l2,100,N_3pct,60,,,,,,Escherichia,nearest_centroid,2.0,0.4444444444444444,0.4375,0.4320987654320988
close_relative_species,cspaced_property_l2,100,N_3pct,60,,,,,,Escherichia,logistic_regression,2.0,0.3333333333333333,0.325,0.37037037037037035
close_relative_target_binary,cspaced_property_l2,100,N_3pct,60,,,,,,Escherichia,nearest_centroid,2.0,0.5555555555555556,0.55,0.4814814814814815
close_relative_target_binary,cspaced_property_l2,100,N_3pct,60,,,,,,Escherichia,logistic_regression,2.0,0.4444444444444444,0.41558441558441556,0.5185185185185185
close_relative_species,cspaced_property_l2,100,N_3pct,90,,,,,,Klebsiella,nearest_centroid,3.0,0.48148148148148145,0.47632152276115125,
close_relative_species,cspaced_property_l2,100,N_3pct,90,,,,,,Klebsiella,logistic_regression,3.0,0.4444444444444444,0.4527777777777778,
close_relative_target_binary,cspaced_property_l2,100,N_3pct,90,,,,,,Klebsiella,nearest_centroid,2.0,0.6666666666666666,0.6493506493506493,0.6728395061728394
close_relative_target_binary,cspaced_property_l2,100,N_3pct,90,,,,,,Klebsiella,logistic_regression,2.0,0.6296296296296297,0.6029411764705883,0.5617283950617283
rc_consistency,cspaced_property_l2,125,reverse_complement,1680,0.9993230338087915,0.9997364495097067,0.9973194679233084,,,close_relative_wgs,,,,,
perturbation_stability,cspaced_property_l2,125,N_3pct,1680,0.9946764734814308,,0.9933726909710194,0.10289534944675438,0.11512870187520598,close_relative_wgs,,,,,
perturbation_stability,cspaced_property_l2,125,substitution_1pct,1680,0.9979597618554338,,0.9943634073226791,0.05289996386824655,0.10617525772467654,close_relative_wgs,,,,,
close_relative_species,cspaced_property_l2,125,clean,120,,,,,,Acinetobacter,nearest_centroid,4.0,0.3611111111111111,0.3542449874686717,
close_relative_species,cspaced_property_l2,125,clean,120,,,,,,Acinetobacter,logistic_regression,4.0,0.3333333333333333,0.3312693498452013,
close_relative_species,cspaced_property_l2,125,clean,90,,,,,,Burkholderia,nearest_centroid,3.0,0.25925925925925924,0.25757575757575757,
close_relative_species,cspaced_property_l2,125,clean,90,,,,,,Burkholderia,logistic_regression,3.0,0.3333333333333333,0.3296172426607209,
close_relative_target_binary,cspaced_property_l2,125,clean,90,,,,,,Burkholderia,nearest_centroid,2.0,0.5555555555555556,0.55,0.6419753086419753
close_relative_target_binary,cspaced_property_l2,125,clean,90,,,,,,Burkholderia,logistic_regression,2.0,0.7037037037037037,0.6666666666666667,0.7037037037037037
close_relative_species,cspaced_property_l2,125,clean,120,,,,,,Candida,nearest_centroid,4.0,0.2222222222222222,0.22013888888888888,
close_relative_species,cspaced_property_l2,125,clean,120,,,,,,Candida,logistic_regression,4.0,0.3055555555555556,0.3246904024767802,
close_relative_target_binary,cspaced_property_l2,125,clean,90,,,,,,Candida,nearest_centroid,2.0,0.5185185185185185,0.4935064935064935,0.5370370370370371
close_relative_target_binary,cspaced_property_l2,125,clean,90,,,,,,Candida,logistic_regression,2.0,0.7407407407407407,0.7157894736842105,0.691358024691358
close_relative_species,cspaced_property_l2,125,clean,150,,,,,,Enterobacter,nearest_centroid,5.0,0.2,0.18107978977544192,
close_relative_species,cspaced_property_l2,125,clean,150,,,,,,Enterobacter,logistic_regression,5.0,0.2222222222222222,0.24364126921671678,
close_relative_target_binary,cspaced_property_l2,125,clean,90,,,,,,Enterobacter,nearest_centroid,2.0,0.5925925925925926,0.5533834586466165,0.5432098765432098
close_relative_target_binary,cspaced_property_l2,125,clean,90,,,,,,Enterobacter,logistic_regression,2.0,0.48148148148148145,0.4166666666666667,0.42592592592592593
close_relative_species,cspaced_property_l2,125,clean,60,,,,,,Escherichia,nearest_centroid,2.0,0.6666666666666666,0.6625,0.802469135802469
close_relative_species,cspaced_property_l2,125,clean,60,,,,,,Escherichia,logistic_regression,2.0,0.6666666666666666,0.6625,0.8395061728395061
close_relative_target_binary,cspaced_property_l2,125,clean,60,,,,,,Escherichia,nearest_centroid,2.0,0.5555555555555556,0.55,0.7037037037037037
close_relative_target_binary,cspaced_property_l2,125,clean,60,,,,,,Escherichia,logistic_regression,2.0,0.6111111111111112,0.6,0.654320987654321
close_relative_species,cspaced_property_l2,125,clean,90,,,,,,Klebsiella,nearest_centroid,3.0,0.4074074074074074,0.41228070175438597,
close_relative_species,cspaced_property_l2,125,clean,90,,,,,,Klebsiella,logistic_regression,3.0,0.2962962962962963,0.2928563238160761,
close_relative_target_binary,cspaced_property_l2,125,clean,90,,,,,,Klebsiella,nearest_centroid,2.0,0.5925925925925926,0.5533834586466165,0.4320987654320988
close_relative_target_binary,cspaced_property_l2,125,clean,90,,,,,,Klebsiella,logistic_regression,2.0,0.5185185185185185,0.4935064935064935,0.42592592592592593
close_relative_species,cspaced_property_l2,125,N_3pct,120,,,,,,Acinetobacter,nearest_centroid,4.0,0.4166666666666667,0.4167449874686717,
close_relative_species,cspaced_property_l2,125,N_3pct,120,,,,,,Acinetobacter,logistic_regression,4.0,0.4444444444444444,0.4381944444444444,
close_relative_species,cspaced_property_l2,125,N_3pct,90,,,,,,Burkholderia,nearest_centroid,3.0,0.3333333333333333,0.3181818181818182,
close_relative_species,cspaced_property_l2,125,N_3pct,90,,,,,,Burkholderia,logistic_regression,3.0,0.2962962962962963,0.2670940170940171,
close_relative_target_binary,cspaced_property_l2,125,N_3pct,90,,,,,,Burkholderia,nearest_centroid,2.0,0.5555555555555556,0.5397727272727273,0.6111111111111112
close_relative_target_binary,cspaced_property_l2,125,N_3pct,90,,,,,,Burkholderia,logistic_regression,2.0,0.6666666666666666,0.6136724960254372,0.6296296296296295
close_relative_species,cspaced_property_l2,125,N_3pct,120,,,,,,Candida,nearest_centroid,4.0,0.2777777777777778,0.2683982683982684,
close_relative_species,cspaced_property_l2,125,N_3pct,120,,,,,,Candida,logistic_regression,4.0,0.2222222222222222,0.22535650623885917,
close_relative_target_binary,cspaced_property_l2,125,N_3pct,90,,,,,,Candida,nearest_centroid,2.0,0.48148148148148145,0.4630681818181818,0.47530864197530864
close_relative_target_binary,cspaced_property_l2,125,N_3pct,90,,,,,,Candida,logistic_regression,2.0,0.6666666666666666,0.6345864661654135,0.6111111111111112
close_relative_species,cspaced_property_l2,125,N_3pct,150,,,,,,Enterobacter,nearest_centroid,5.0,0.2,0.19150326797385622,
close_relative_species,cspaced_property_l2,125,N_3pct,150,,,,,,Enterobacter,logistic_regression,5.0,0.17777777777777778,0.17977812177502578,
close_relative_target_binary,cspaced_property_l2,125,N_3pct,90,,,,,,Enterobacter,nearest_centroid,2.0,0.6296296296296297,0.5833333333333333,0.6172839506172839
close_relative_target_binary,cspaced_property_l2,125,N_3pct,90,,,,,,Enterobacter,logistic_regression,2.0,0.3333333333333333,0.2852941176470588,0.3765432098765432
close_relative_species,cspaced_property_l2,125,N_3pct,60,,,,,,Escherichia,nearest_centroid,2.0,0.6111111111111112,0.6,0.7407407407407407
close_relative_species,cspaced_property_l2,125,N_3pct,60,,,,,,Escherichia,logistic_regression,2.0,0.7777777777777778,0.7777777777777778,0.8024691358024693
close_relative_target_binary,cspaced_property_l2,125,N_3pct,60,,,,,,Escherichia,nearest_centroid,2.0,0.6666666666666666,0.6666666666666666,0.7530864197530864
close_relative_target_binary,cspaced_property_l2,125,N_3pct,60,,,,,,Escherichia,logistic_regression,2.0,0.6111111111111112,0.5785953177257526,0.7530864197530864
close_relative_species,cspaced_property_l2,125,N_3pct,90,,,,,,Klebsiella,nearest_centroid,3.0,0.4074074074074074,0.4112978524743231,
close_relative_species,cspaced_property_l2,125,N_3pct,90,,,,,,Klebsiella,logistic_regression,3.0,0.25925925925925924,0.2577686045178305,
close_relative_target_binary,cspaced_property_l2,125,N_3pct,90,,,,,,Klebsiella,nearest_centroid,2.0,0.48148148148148145,0.4441176470588235,0.45679012345679015
close_relative_target_binary,cspaced_property_l2,125,N_3pct,90,,,,,,Klebsiella,logistic_regression,2.0,0.4444444444444444,0.41558441558441556,0.4876543209876543
rc_consistency,cspaced_property_l2,150,reverse_complement,1680,0.9994050076113175,0.9997720516110524,0.9976659739538289,,,close_relative_wgs,,,,,
perturbation_stability,cspaced_property_l2,150,N_3pct,1680,0.9961525325061199,,0.9952141920175922,0.08749335751384046,0.09783463525121144,close_relative_wgs,,,,,
perturbation_stability,cspaced_property_l2,150,substitution_1pct,1680,0.9982633500071247,,0.9954056005015905,0.05006462384058436,0.09585820387778099,close_relative_wgs,,,,,
close_relative_species,cspaced_property_l2,150,clean,120,,,,,,Acinetobacter,nearest_centroid,4.0,0.25,0.2533668730650155,
close_relative_species,cspaced_property_l2,150,clean,120,,,,,,Acinetobacter,logistic_regression,4.0,0.3333333333333333,0.3320261437908497,
close_relative_species,cspaced_property_l2,150,clean,90,,,,,,Burkholderia,nearest_centroid,3.0,0.2222222222222222,0.22741545893719806,
close_relative_species,cspaced_property_l2,150,clean,90,,,,,,Burkholderia,logistic_regression,3.0,0.3333333333333333,0.32989336085311316,
close_relative_target_binary,cspaced_property_l2,150,clean,90,,,,,,Burkholderia,nearest_centroid,2.0,0.4444444444444444,0.4319775596072931,0.49999999999999994
close_relative_target_binary,cspaced_property_l2,150,clean,90,,,,,,Burkholderia,logistic_regression,2.0,0.5555555555555556,0.5,0.4629629629629629
close_relative_species,cspaced_property_l2,150,clean,120,,,,,,Candida,nearest_centroid,4.0,0.4444444444444444,0.4252297410192146,
close_relative_species,cspaced_property_l2,150,clean,120,,,,,,Candida,logistic_regression,4.0,0.25,0.2554093567251462,
close_relative_target_binary,cspaced_property_l2,150,clean,90,,,,,,Candida,nearest_centroid,2.0,0.6666666666666666,0.6136724960254372,0.6481481481481481
close_relative_target_binary,cspaced_property_l2,150,clean,90,,,,,,Candida,logistic_regression,2.0,0.6296296296296297,0.5833333333333333,0.5185185185185186
close_relative_species,cspaced_property_l2,150,clean,150,,,,,,Enterobacter,nearest_centroid,5.0,0.2,0.19921052631578945,
close_relative_species,cspaced_property_l2,150,clean,150,,,,,,Enterobacter,logistic_regression,5.0,0.28888888888888886,0.2867919799498747,
close_relative_target_binary,cspaced_property_l2,150,clean,90,,,,,,Enterobacter,nearest_centroid,2.0,0.5185185185185185,0.5158620689655172,0.6419753086419753
close_relative_target_binary,cspaced_property_l2,150,clean,90,,,,,,Enterobacter,logistic_regression,2.0,0.6296296296296297,0.6164772727272727,0.6358024691358024
close_relative_species,cspaced_property_l2,150,clean,60,,,,,,Escherichia,nearest_centroid,2.0,0.5555555555555556,0.55,0.5432098765432098
close_relative_species,cspaced_property_l2,150,clean,60,,,,,,Escherichia,logistic_regression,2.0,0.5,0.4857142857142857,0.5061728395061729
close_relative_target_binary,cspaced_property_l2,150,clean,60,,,,,,Escherichia,nearest_centroid,2.0,0.5555555555555556,0.55,0.49382716049382713
close_relative_target_binary,cspaced_property_l2,150,clean,60,,,,,,Escherichia,logistic_regression,2.0,0.3888888888888889,0.38699690402476783,0.30864197530864196
close_relative_species,cspaced_property_l2,150,clean,90,,,,,,Klebsiella,nearest_centroid,3.0,0.4444444444444444,0.4430438842203548,
close_relative_species,cspaced_property_l2,150,clean,90,,,,,,Klebsiella,logistic_regression,3.0,0.25925925925925924,0.2497076023391813,
close_relative_target_binary,cspaced_property_l2,150,clean,90,,,,,,Klebsiella,nearest_centroid,2.0,0.4074074074074074,0.38636363636363635,0.37037037037037035
close_relative_target_binary,cspaced_property_l2,150,clean,90,,,,,,Klebsiella,logistic_regression,2.0,0.4444444444444444,0.39097744360902253,0.4012345679012345
close_relative_species,cspaced_property_l2,150,N_3pct,120,,,,,,Acinetobacter,nearest_centroid,4.0,0.25,0.24682539682539678,
close_relative_species,cspaced_property_l2,150,N_3pct,120,,,,,,Acinetobacter,logistic_regression,4.0,0.3333333333333333,0.33327497665732964,
close_relative_species,cspaced_property_l2,150,N_3pct,90,,,,,,Burkholderia,nearest_centroid,3.0,0.2962962962962963,0.31908212560386473,
close_relative_species,cspaced_property_l2,150,N_3pct,90,,,,,,Burkholderia,logistic_regression,3.0,0.37037037037037035,0.36327985739750446,
close_relative_target_binary,cspaced_property_l2,150,N_3pct,90,,,,,,Burkholderia,nearest_centroid,2.0,0.5185185185185185,0.4935064935064935,0.47530864197530864
close_relative_target_binary,cspaced_property_l2,150,N_3pct,90,,,,,,Burkholderia,logistic_regression,2.0,0.5555555555555556,0.5,0.5246913580246914
close_relative_species,cspaced_property_l2,150,N_3pct,120,,,,,,Candida,nearest_centroid,4.0,0.4722222222222222,0.454469507101086,
close_relative_species,cspaced_property_l2,150,N_3pct,120,,,,,,Candida,logistic_regression,4.0,0.2777777777777778,0.2824228911185433,
close_relative_target_binary,cspaced_property_l2,150,N_3pct,90,,,,,,Candida,nearest_centroid,2.0,0.7037037037037037,0.6666666666666667,0.6172839506172839
close_relative_target_binary,cspaced_property_l2,150,N_3pct,90,,,,,,Candida,logistic_regression,2.0,0.5925925925925926,0.5278219395866455,0.5185185185185186
close_relative_species,cspaced_property_l2,150,N_3pct,150,,,,,,Enterobacter,nearest_centroid,5.0,0.24444444444444444,0.24681114551083594,
close_relative_species,cspaced_property_l2,150,N_3pct,150,,,,,,Enterobacter,logistic_regression,5.0,0.28888888888888886,0.28431372549019607,
close_relative_target_binary,cspaced_property_l2,150,N_3pct,90,,,,,,Enterobacter,nearest_centroid,2.0,0.5925925925925926,0.5834502103786816,0.6172839506172839
close_relative_target_binary,cspaced_property_l2,150,N_3pct,90,,,,,,Enterobacter,logistic_regression,2.0,0.6296296296296297,0.6029411764705883,0.6049382716049383
close_relative_species,cspaced_property_l2,150,N_3pct,60,,,,,,Escherichia,nearest_centroid,2.0,0.5,0.4984520123839009,0.617283950617284
close_relative_species,cspaced_property_l2,150,N_3pct,60,,,,,,Escherichia,logistic_regression,2.0,0.5555555555555556,0.5324675324675324,0.6419753086419753
close_relative_target_binary,cspaced_property_l2,150,N_3pct,60,,,,,,Escherichia,nearest_centroid,2.0,0.5555555555555556,0.55,0.5555555555555556
close_relative_target_binary,cspaced_property_l2,150,N_3pct,60,,,,,,Escherichia,logistic_regression,2.0,0.5,0.4984520123839009,0.48148148148148145
close_relative_species,cspaced_property_l2,150,N_3pct,90,,,,,,Klebsiella,nearest_centroid,3.0,0.4074074074074074,0.39814814814814814,
close_relative_species,cspaced_property_l2,150,N_3pct,90,,,,,,Klebsiella,logistic_regression,3.0,0.3333333333333333,0.31957671957671957,
close_relative_target_binary,cspaced_property_l2,150,N_3pct,90,,,,,,Klebsiella,nearest_centroid,2.0,0.4444444444444444,0.4319775596072931,0.3395061728395061
close_relative_target_binary,cspaced_property_l2,150,N_3pct,90,,,,,,Klebsiella,logistic_regression,2.0,0.5185185185185185,0.39999999999999997,0.35802469135802467
rc_consistency,cspaced_property_l2,300,reverse_complement,1680,0.9998151791947093,0.999933604900018,0.9993323539812925,,,close_relative_wgs,,,,,
perturbation_stability,cspaced_property_l2,300,N_3pct,1680,0.9970382161329359,,0.9965487522005162,0.0768712382176858,0.08308125896327018,close_relative_wgs,,,,,
perturbation_stability,cspaced_property_l2,300,substitution_1pct,1680,0.9991116228326626,,0.9981577980341346,0.03934272724106329,0.06069929026134755,close_relative_wgs,,,,,
close_relative_species,cspaced_property_l2,300,clean,120,,,,,,Acinetobacter,nearest_centroid,4.0,0.19444444444444445,0.19275210084033612,
close_relative_species,cspaced_property_l2,300,clean,120,,,,,,Acinetobacter,logistic_regression,4.0,0.1111111111111111,0.11549235078646844,
close_relative_species,cspaced_property_l2,300,clean,90,,,,,,Burkholderia,nearest_centroid,3.0,0.3333333333333333,0.3352941176470588,
close_relative_species,cspaced_property_l2,300,clean,90,,,,,,Burkholderia,logistic_regression,3.0,0.37037037037037035,0.36481481481481487,
close_relative_target_binary,cspaced_property_l2,300,clean,90,,,,,,Burkholderia,nearest_centroid,2.0,0.4444444444444444,0.35612082670906203,0.2901234567901234
close_relative_target_binary,cspaced_property_l2,300,clean,90,,,,,,Burkholderia,logistic_regression,2.0,0.48148148148148145,0.4166666666666667,0.3333333333333333
close_relative_species,cspaced_property_l2,300,clean,120,,,,,,Candida,nearest_centroid,4.0,0.19444444444444445,0.1893374741200828,
close_relative_species,cspaced_property_l2,300,clean,120,,,,,,Candida,logistic_regression,4.0,0.3611111111111111,0.3856818089554662,
close_relative_target_binary,cspaced_property_l2,300,clean,90,,,,,,Candida,nearest_centroid,2.0,0.7407407407407407,0.699523052464229,0.7037037037037037
close_relative_target_binary,cspaced_property_l2,300,clean,90,,,,,,Candida,logistic_regression,2.0,0.7407407407407407,0.699523052464229,0.7037037037037037
close_relative_species,cspaced_property_l2,300,clean,150,,,,,,Enterobacter,nearest_centroid,5.0,0.15555555555555556,0.14068347338935575,
close_relative_species,cspaced_property_l2,300,clean,150,,,,,,Enterobacter,logistic_regression,5.0,0.2,0.20202098383212935,
close_relative_target_binary,cspaced_property_l2,300,clean,90,,,,,,Enterobacter,nearest_centroid,2.0,0.5555555555555556,0.5397727272727273,0.47530864197530864
close_relative_target_binary,cspaced_property_l2,300,clean,90,,,,,,Enterobacter,logistic_regression,2.0,0.4444444444444444,0.41558441558441556,0.4382716049382716
close_relative_species,cspaced_property_l2,300,clean,60,,,,,,Escherichia,nearest_centroid,2.0,0.6111111111111112,0.609907120743034,0.5925925925925926
close_relative_species,cspaced_property_l2,300,clean,60,,,,,,Escherichia,logistic_regression,2.0,0.5555555555555556,0.55,0.5925925925925926
close_relative_target_binary,cspaced_property_l2,300,clean,60,,,,,,Escherichia,nearest_centroid,2.0,0.5555555555555556,0.55,0.5308641975308642
close_relative_target_binary,cspaced_property_l2,300,clean,60,,,,,,Escherichia,logistic_regression,2.0,0.4444444444444444,0.4444444444444444,0.4444444444444445
close_relative_species,cspaced_property_l2,300,clean,90,,,,,,Klebsiella,nearest_centroid,3.0,0.3333333333333333,0.2852784134248665,
close_relative_species,cspaced_property_l2,300,clean,90,,,,,,Klebsiella,logistic_regression,3.0,0.25925925925925924,0.24094202898550723,
close_relative_target_binary,cspaced_property_l2,300,clean,90,,,,,,Klebsiella,nearest_centroid,2.0,0.7037037037037037,0.6666666666666667,0.7345679012345678
close_relative_target_binary,cspaced_property_l2,300,clean,90,,,,,,Klebsiella,logistic_regression,2.0,0.7407407407407407,0.676923076923077,0.8518518518518519
close_relative_species,cspaced_property_l2,300,N_3pct,120,,,,,,Acinetobacter,nearest_centroid,4.0,0.1388888888888889,0.13368983957219252,
close_relative_species,cspaced_property_l2,300,N_3pct,120,,,,,,Acinetobacter,logistic_regression,4.0,0.19444444444444445,0.19246031746031744,
close_relative_species,cspaced_property_l2,300,N_3pct,90,,,,,,Burkholderia,nearest_centroid,3.0,0.3333333333333333,0.3320720100905859,
close_relative_species,cspaced_property_l2,300,N_3pct,90,,,,,,Burkholderia,logistic_regression,3.0,0.4444444444444444,0.44536177043916975,
close_relative_target_binary,cspaced_property_l2,300,N_3pct,90,,,,,,Burkholderia,nearest_centroid,2.0,0.4444444444444444,0.35612082670906203,0.32098765432098764
close_relative_target_binary,cspaced_property_l2,300,N_3pct,90,,,,,,Burkholderia,logistic_regression,2.0,0.4444444444444444,0.3076923076923077,0.3395061728395061
close_relative_species,cspaced_property_l2,300,N_3pct,120,,,,,,Candida,nearest_centroid,4.0,0.25,0.2494047619047619,
close_relative_species,cspaced_property_l2,300,N_3pct,120,,,,,,Candida,logistic_regression,4.0,0.3055555555555556,0.31921355498721227,
close_relative_target_binary,cspaced_property_l2,300,N_3pct,90,,,,,,Candida,nearest_centroid,2.0,0.7777777777777778,0.7335526315789473,0.7098765432098766
close_relative_target_binary,cspaced_property_l2,300,N_3pct,90,,,,,,Candida,logistic_regression,2.0,0.7407407407407407,0.699523052464229,0.6851851851851851
close_relative_species,cspaced_property_l2,300,N_3pct,150,,,,,,Enterobacter,nearest_centroid,5.0,0.17777777777777778,0.1568671679197995,
close_relative_species,cspaced_property_l2,300,N_3pct,150,,,,,,Enterobacter,logistic_regression,5.0,0.1111111111111111,0.1187430869783811,
close_relative_target_binary,cspaced_property_l2,300,N_3pct,90,,,,,,Enterobacter,nearest_centroid,2.0,0.5185185185185185,0.47218045112781953,0.5246913580246914
close_relative_target_binary,cspaced_property_l2,300,N_3pct,90,,,,,,Enterobacter,logistic_regression,2.0,0.5555555555555556,0.5,0.5370370370370371
close_relative_species,cspaced_property_l2,300,N_3pct,60,,,,,,Escherichia,nearest_centroid,2.0,0.5,0.4984520123839009,0.6419753086419753
close_relative_species,cspaced_property_l2,300,N_3pct,60,,,,,,Escherichia,logistic_regression,2.0,0.5555555555555556,0.55,0.654320987654321
close_relative_target_binary,cspaced_property_l2,300,N_3pct,60,,,,,,Escherichia,nearest_centroid,2.0,0.5,0.4857142857142857,0.5061728395061728
close_relative_target_binary,cspaced_property_l2,300,N_3pct,60,,,,,,Escherichia,logistic_regression,2.0,0.3888888888888889,0.38699690402476783,0.4444444444444445
close_relative_species,cspaced_property_l2,300,N_3pct,90,,,,,,Klebsiella,nearest_centroid,3.0,0.2962962962962963,0.26156299840510366,
close_relative_species,cspaced_property_l2,300,N_3pct,90,,,,,,Klebsiella,logistic_regression,3.0,0.2222222222222222,0.2190136660724896,
close_relative_target_binary,cspaced_property_l2,300,N_3pct,90,,,,,,Klebsiella,nearest_centroid,2.0,0.6296296296296297,0.5833333333333333,0.6851851851851851
close_relative_target_binary,cspaced_property_l2,300,N_3pct,90,,,,,,Klebsiella,logistic_regression,2.0,0.6666666666666666,0.5846153846153846,0.6666666666666666
rc_consistency,property_channels,75,reverse_complement,400,0.8996124351848329,0.899690609584802,0.8778968417173038,,,,,,,,
perturbation_stability,property_channels,75,N_3pct,400,0.9845779179010645,,0.978894591376183,0.17431935040246632,0.2054527129220347,,,,,,
perturbation_stability,property_channels,75,substitution_1pct,400,0.9987250632569221,,0.995614267777025,0.03549861630296926,0.09365609620440797,,,,,,
motif_position,property_channels,75,clean,240,,,,,,toy_motif,nearest_centroid,3.0,0.5,0.49782135076252726,
motif_position,property_channels,75,clean,240,,,,,,toy_motif,logistic_regression,3.0,0.5416666666666666,0.5377838577291382,
motif_position,property_channels,75,N_3pct,240,,,,,,toy_motif,nearest_centroid,3.0,0.5277777777777778,0.5270921985815603,
motif_position,property_channels,75,N_3pct,240,,,,,,toy_motif,logistic_regression,3.0,0.5,0.4992593398753273,
rc_consistency,property_channels,75,reverse_complement,1680,0.9032035551246651,0.9025182161025949,0.87763989298874,,,close_relative_wgs,,,,,
perturbation_stability,property_channels,75,N_3pct,1680,0.9848801080713461,,0.9785014448913416,0.1724859111908205,0.20735744552733956,close_relative_wgs,,,,,
perturbation_stability,property_channels,75,substitution_1pct,1680,0.9986712244909213,,0.9953855087780382,0.03625767317533627,0.09606759177586023,close_relative_wgs,,,,,
close_relative_species,property_channels,75,clean,120,,,,,,Acinetobacter,nearest_centroid,4.0,0.16666666666666666,0.16428571428571428,
close_relative_species,property_channels,75,clean,120,,,,,,Acinetobacter,logistic_regression,4.0,0.25,0.23833333333333334,
close_relative_species,property_channels,75,clean,90,,,,,,Burkholderia,nearest_centroid,3.0,0.3333333333333333,0.3142857142857143,
close_relative_species,property_channels,75,clean,90,,,,,,Burkholderia,logistic_regression,3.0,0.2962962962962963,0.2626262626262626,
close_relative_target_binary,property_channels,75,clean,90,,,,,,Burkholderia,nearest_centroid,2.0,0.5555555555555556,0.5397727272727273,0.537037037037037
close_relative_target_binary,property_channels,75,clean,90,,,,,,Burkholderia,logistic_regression,2.0,0.5925925925925926,0.5714285714285714,0.5308641975308642
close_relative_species,property_channels,75,clean,120,,,,,,Candida,nearest_centroid,4.0,0.2222222222222222,0.2301003734827264,
close_relative_species,property_channels,75,clean,120,,,,,,Candida,logistic_regression,4.0,0.3055555555555556,0.3130743525480367,
close_relative_target_binary,property_channels,75,clean,90,,,,,,Candida,nearest_centroid,2.0,0.48148148148148145,0.4166666666666667,0.43827160493827166
close_relative_target_binary,property_channels,75,clean,90,,,,,,Candida,logistic_regression,2.0,0.5185185185185185,0.4419713831478538,0.4135802469135802
close_relative_species,property_channels,75,clean,150,,,,,,Enterobacter,nearest_centroid,5.0,0.13333333333333333,0.12621118012422358,
close_relative_species,property_channels,75,clean,150,,,,,,Enterobacter,logistic_regression,5.0,0.2,0.18666605772743877,
close_relative_target_binary,property_channels,75,clean,90,,,,,,Enterobacter,nearest_centroid,2.0,0.5555555555555556,0.4214285714285714,0.48765432098765427
close_relative_target_binary,property_channels,75,clean,90,,,,,,Enterobacter,logistic_regression,2.0,0.5925925925925926,0.4427767354596623,0.4506172839506173
close_relative_species,property_channels,75,clean,60,,,,,,Escherichia,nearest_centroid,2.0,0.7222222222222222,0.7213622291021672,0.6419753086419753
close_relative_species,property_channels,75,clean,60,,,,,,Escherichia,logistic_regression,2.0,0.6666666666666666,0.6666666666666666,0.6666666666666666
close_relative_target_binary,property_channels,75,clean,60,,,,,,Escherichia,nearest_centroid,2.0,0.6666666666666666,0.6493506493506493,0.5925925925925926
close_relative_target_binary,property_channels,75,clean,60,,,,,,Escherichia,logistic_regression,2.0,0.8333333333333334,0.8285714285714285,0.7283950617283952
close_relative_species,property_channels,75,clean,90,,,,,,Klebsiella,nearest_centroid,3.0,0.37037037037037035,0.3736842105263158,
close_relative_species,property_channels,75,clean,90,,,,,,Klebsiella,logistic_regression,3.0,0.4444444444444444,0.4473110881779612,
close_relative_target_binary,property_channels,75,clean,90,,,,,,Klebsiella,nearest_centroid,2.0,0.5925925925925926,0.5533834586466165,0.5432098765432098
close_relative_target_binary,property_channels,75,clean,90,,,,,,Klebsiella,logistic_regression,2.0,0.5925925925925926,0.49230769230769234,0.617283950617284
close_relative_species,property_channels,75,N_3pct,120,,,,,,Acinetobacter,nearest_centroid,4.0,0.2222222222222222,0.21981580510992274,
close_relative_species,property_channels,75,N_3pct,120,,,,,,Acinetobacter,logistic_regression,4.0,0.2222222222222222,0.21781015037593984,
close_relative_species,property_channels,75,N_3pct,90,,,,,,Burkholderia,nearest_centroid,3.0,0.3333333333333333,0.31284504968715493,
close_relative_species,property_channels,75,N_3pct,90,,,,,,Burkholderia,logistic_regression,3.0,0.37037037037037035,0.34575163398692815,
close_relative_target_binary,property_channels,75,N_3pct,90,,,,,,Burkholderia,nearest_centroid,2.0,0.5185185185185185,0.5077138849929874,0.5432098765432098
close_relative_target_binary,property_channels,75,N_3pct,90,,,,,,Burkholderia,logistic_regression,2.0,0.5185185185185185,0.47218045112781953,0.4691358024691358
close_relative_species,property_channels,75,N_3pct,120,,,,,,Candida,nearest_centroid,4.0,0.2777777777777778,0.27418546365914787,
close_relative_species,property_channels,75,N_3pct,120,,,,,,Candida,logistic_regression,4.0,0.2777777777777778,0.27044172932330823,
close_relative_target_binary,property_channels,75,N_3pct,90,,,,,,Candida,nearest_centroid,2.0,0.4444444444444444,0.35612082670906203,0.4876543209876543
close_relative_target_binary,property_channels,75,N_3pct,90,,,,,,Candida,logistic_regression,2.0,0.5925925925925926,0.49230769230769234,0.4814814814814815
close_relative_species,property_channels,75,N_3pct,150,,,,,,Enterobacter,nearest_centroid,5.0,0.1111111111111111,0.0970223978919631,
close_relative_species,property_channels,75,N_3pct,150,,,,,,Enterobacter,logistic_regression,5.0,0.2,0.20700998348057173,
close_relative_target_binary,property_channels,75,N_3pct,90,,,,,,Enterobacter,nearest_centroid,2.0,0.5555555555555556,0.46710526315789475,0.5740740740740741
close_relative_target_binary,property_channels,75,N_3pct,90,,,,,,Enterobacter,logistic_regression,2.0,0.6666666666666666,0.5440900562851783,0.5987654320987654
close_relative_species,property_channels,75,N_3pct,60,,,,,,Escherichia,nearest_centroid,2.0,0.7222222222222222,0.7142857142857142,0.5802469135802468
close_relative_species,property_channels,75,N_3pct,60,,,,,,Escherichia,logistic_regression,2.0,0.5555555555555556,0.55,0.5432098765432098
close_relative_target_binary,property_channels,75,N_3pct,60,,,,,,Escherichia,nearest_centroid,2.0,0.6111111111111112,0.609907120743034,0.6790123456790124
close_relative_target_binary,property_channels,75,N_3pct,60,,,,,,Escherichia,logistic_regression,2.0,0.5555555555555556,0.5555555555555556,0.7037037037037037
close_relative_species,property_channels,75,N_3pct,90,,,,,,Klebsiella,nearest_centroid,3.0,0.2962962962962963,0.28703703703703703,
close_relative_species,property_channels,75,N_3pct,90,,,,,,Klebsiella,logistic_regression,3.0,0.4444444444444444,0.449489737415434,
close_relative_target_binary,property_channels,75,N_3pct,90,,,,,,Klebsiella,nearest_centroid,2.0,0.6296296296296297,0.5833333333333333,0.7160493827160493
close_relative_target_binary,property_channels,75,N_3pct,90,,,,,,Klebsiella,logistic_regression,2.0,0.7407407407407407,0.699523052464229,0.6666666666666667
rc_consistency,property_channels,100,reverse_complement,400,0.8991858083469814,0.8985071239806828,0.8834521949308766,,,,,,,,
perturbation_stability,property_channels,100,N_3pct,400,0.9827767965768441,,0.9770300779770728,0.1847683519550698,0.21433574264423644,,,,,,
perturbation_stability,property_channels,100,substitution_1pct,400,0.9986053422496233,,0.9958910195321866,0.04124791121876305,0.09065281128590846,,,,,,
motif_position,property_channels,100,clean,240,,,,,,toy_motif,nearest_centroid,3.0,0.4444444444444444,0.44055320370675805,
motif_position,property_channels,100,clean,240,,,,,,toy_motif,logistic_regression,3.0,0.4583333333333333,0.45730810054518267,
motif_position,property_channels,100,N_3pct,240,,,,,,toy_motif,nearest_centroid,3.0,0.4861111111111111,0.4793769197016235,
motif_position,property_channels,100,N_3pct,240,,,,,,toy_motif,logistic_regression,3.0,0.4166666666666667,0.41772845095104233,
rc_consistency,property_channels,100,reverse_complement,1680,0.9031442305975252,0.9025977392629501,0.878863761334383,,,close_relative_wgs,,,,,
perturbation_stability,property_channels,100,N_3pct,1680,0.9827699530638284,,0.9772758031338005,0.18469920818542712,0.21318628879094448,close_relative_wgs,,,,,
perturbation_stability,property_channels,100,substitution_1pct,1680,0.9986027904976618,,0.995777771356788,0.04060046087814252,0.09189354728623132,close_relative_wgs,,,,,
close_relative_species,property_channels,100,clean,120,,,,,,Acinetobacter,nearest_centroid,4.0,0.19444444444444445,0.1888182486513352,
close_relative_species,property_channels,100,clean,120,,,,,,Acinetobacter,logistic_regression,4.0,0.2222222222222222,0.2162170131210379,
close_relative_species,property_channels,100,clean,90,,,,,,Burkholderia,nearest_centroid,3.0,0.4074074074074074,0.36981947622679884,
close_relative_species,property_channels,100,clean,90,,,,,,Burkholderia,logistic_regression,3.0,0.48148148148148145,0.43650793650793646,
close_relative_target_binary,property_channels,100,clean,90,,,,,,Burkholderia,nearest_centroid,2.0,0.5185185185185185,0.4935064935064935,0.5925925925925926
close_relative_target_binary,property_channels,100,clean,90,,,,,,Burkholderia,logistic_regression,2.0,0.6666666666666666,0.5846153846153846,0.7037037037037037
close_relative_species,property_channels,100,clean,120,,,,,,Candida,nearest_centroid,4.0,0.19444444444444445,0.19839046822742473,
close_relative_species,property_channels,100,clean,120,,,,,,Candida,logistic_regression,4.0,0.1388888888888889,0.1342391304347826,
close_relative_target_binary,property_channels,100,clean,90,,,,,,Candida,nearest_centroid,2.0,0.4444444444444444,0.35612082670906203,0.34567901234567905
close_relative_target_binary,property_channels,100,clean,90,,,,,,Candida,logistic_regression,2.0,0.4444444444444444,0.35612082670906203,0.33333333333333337
close_relative_species,property_channels,100,clean,150,,,,,,Enterobacter,nearest_centroid,5.0,0.08888888888888889,0.07908496732026145,
close_relative_species,property_channels,100,clean,150,,,,,,Enterobacter,logistic_regression,5.0,0.13333333333333333,0.12937950937950937,
close_relative_target_binary,property_channels,100,clean,90,,,,,,Enterobacter,nearest_centroid,2.0,0.5185185185185185,0.34146341463414637,0.45679012345679015
close_relative_target_binary,property_channels,100,clean,90,,,,,,Enterobacter,logistic_regression,2.0,0.48148148148148145,0.325,0.5185185185185185
close_relative_species,property_channels,100,clean,60,,,,,,Escherichia,nearest_centroid,2.0,0.4444444444444444,0.41558441558441556,0.4074074074074074
close_relative_species,property_channels,100,clean,60,,,,,,Escherichia,logistic_regression,2.0,0.4444444444444444,0.4375,0.4074074074074074
close_relative_target_binary,property_channels,100,clean,60,,,,,,Escherichia,nearest_centroid,2.0,0.5555555555555556,0.5555555555555556,0.5308641975308642
close_relative_target_binary,property_channels,100,clean,60,,,,,,Escherichia,logistic_regression,2.0,0.5555555555555556,0.5555555555555556,0.4938271604938272
close_relative_species,property_channels,100,clean,90,,,,,,Klebsiella,nearest_centroid,3.0,0.4444444444444444,0.41038027994549736,
close_relative_species,property_channels,100,clean,90,,,,,,Klebsiella,logistic_regression,3.0,0.4074074074074074,0.3883597883597883,
close_relative_target_binary,property_channels,100,clean,90,,,,,,Klebsiella,nearest_centroid,2.0,0.5185185185185185,0.39999999999999997,0.49999999999999994
close_relative_target_binary,property_channels,100,clean,90,,,,,,Klebsiella,logistic_regression,2.0,0.5555555555555556,0.5,0.5493827160493827
close_relative_species,property_channels,100,N_3pct,120,,,,,,Acinetobacter,nearest_centroid,4.0,0.25,0.24720088264138607,
close_relative_species,property_channels,100,N_3pct,120,,,,,,Acinetobacter,logistic_regression,4.0,0.25,0.24390096618357487,
close_relative_species,property_channels,100,N_3pct,90,,,,,,Burkholderia,nearest_centroid,3.0,0.4444444444444444,0.42601388381439537,
close_relative_species,property_channels,100,N_3pct,90,,,,,,Burkholderia,logistic_regression,3.0,0.4444444444444444,0.41038027994549736,
close_relative_target_binary,property_channels,100,N_3pct,90,,,,,,Burkholderia,nearest_centroid,2.0,0.48148148148148145,0.4166666666666667,0.5864197530864197
close_relative_target_binary,property_channels,100,N_3pct,90,,,,,,Burkholderia,logistic_regression,2.0,0.5555555555555556,0.46710526315789475,0.5925925925925926
close_relative_species,property_channels,100,N_3pct,120,,,,,,Candida,nearest_centroid,4.0,0.25,0.25217086834733893,
close_relative_species,property_channels,100,N_3pct,120,,,,,,Candida,logistic_regression,4.0,0.3055555555555556,0.3103386809269162,
close_relative_target_binary,property_channels,100,N_3pct,90,,,,,,Candida,nearest_centroid,2.0,0.5925925925925926,0.4427767354596623,0.3580246913580247
close_relative_target_binary,property_channels,100,N_3pct,90,,,,,,Candida,logistic_regression,2.0,0.5185185185185185,0.34146341463414637,0.38271604938271603
close_relative_species,property_channels,100,N_3pct,150,,,,,,Enterobacter,nearest_centroid,5.0,0.15555555555555556,0.15564468211527033,
close_relative_species,property_channels,100,N_3pct,150,,,,,,Enterobacter,logistic_regression,5.0,0.13333333333333333,0.13654970760233917,
close_relative_target_binary,property_channels,100,N_3pct,90,,,,,,Enterobacter,nearest_centroid,2.0,0.5185185185185185,0.39999999999999997,0.43209876543209874
close_relative_target_binary,property_channels,100,N_3pct,90,,,,,,Enterobacter,logistic_regression,2.0,0.5185185185185185,0.39999999999999997,0.47530864197530864
close_relative_species,property_channels,100,N_3pct,60,,,,,,Escherichia,nearest_centroid,2.0,0.3888888888888889,0.37142857142857144,0.3580246913580247
close_relative_species,property_channels,100,N_3pct,60,,,,,,Escherichia,logistic_regression,2.0,0.5,0.4984520123839009,0.3580246913580247
close_relative_target_binary,property_channels,100,N_3pct,60,,,,,,Escherichia,nearest_centroid,2.0,0.2777777777777778,0.27554179566563464,0.33333333333333337
close_relative_target_binary,property_channels,100,N_3pct,60,,,,,,Escherichia,logistic_regression,2.0,0.2777777777777778,0.27554179566563464,0.345679012345679
close_relative_species,property_channels,100,N_3pct,90,,,,,,Klebsiella,nearest_centroid,3.0,0.5555555555555556,0.5,
close_relative_species,property_channels,100,N_3pct,90,,,,,,Klebsiella,logistic_regression,3.0,0.48148148148148145,0.4578111946532999,
close_relative_target_binary,property_channels,100,N_3pct,90,,,,,,Klebsiella,nearest_centroid,2.0,0.5185185185185185,0.39999999999999997,0.617283950617284
close_relative_target_binary,property_channels,100,N_3pct,90,,,,,,Klebsiella,logistic_regression,2.0,0.6666666666666666,0.5440900562851783,0.6851851851851851
rc_consistency,property_channels,125,reverse_complement,1680,0.9029237687335273,0.9016523429054697,0.8819782070335772,,,close_relative_wgs,,,,,
perturbation_stability,property_channels,125,N_3pct,1680,0.9816863408173118,,0.9766378557160215,0.1906742935285948,0.21615801757921416,close_relative_wgs,,,,,
perturbation_stability,property_channels,125,substitution_1pct,1680,0.9985630550661675,,0.9960296373984058,0.04408249392638501,0.08911074178547586,close_relative_wgs,,,,,
close_relative_species,property_channels,125,clean,120,,,,,,Acinetobacter,nearest_centroid,4.0,0.3888888888888889,0.3674089068825911,
close_relative_species,property_channels,125,clean,120,,,,,,Acinetobacter,logistic_regression,4.0,0.3888888888888889,0.3502774029089818,
close_relative_species,property_channels,125,clean,90,,,,,,Burkholderia,nearest_centroid,3.0,0.2962962962962963,0.25,
close_relative_species,property_channels,125,clean,90,,,,,,Burkholderia,logistic_regression,3.0,0.2962962962962963,0.2878787878787879,
close_relative_target_binary,property_channels,125,clean,90,,,,,,Burkholderia,nearest_centroid,2.0,0.5925925925925926,0.49230769230769234,0.48765432098765427
close_relative_target_binary,property_channels,125,clean,90,,,,,,Burkholderia,logistic_regression,2.0,0.5555555555555556,0.4214285714285714,0.4691358024691358
close_relative_species,property_channels,125,clean,120,,,,,,Candida,nearest_centroid,4.0,0.4722222222222222,0.4441391941391941,
close_relative_species,property_channels,125,clean,120,,,,,,Candida,logistic_regression,4.0,0.3888888888888889,0.35295454545454547,
close_relative_target_binary,property_channels,125,clean,90,,,,,,Candida,nearest_centroid,2.0,0.5185185185185185,0.4935064935064935,0.4753086419753086
close_relative_target_binary,property_channels,125,clean,90,,,,,,Candida,logistic_regression,2.0,0.5925925925925926,0.5278219395866455,0.5123456790123457
close_relative_species,property_channels,125,clean,150,,,,,,Enterobacter,nearest_centroid,5.0,0.2222222222222222,0.21111111111111108,
close_relative_species,property_channels,125,clean,150,,,,,,Enterobacter,logistic_regression,5.0,0.2,0.18561784897025171,
close_relative_target_binary,property_channels,125,clean,90,,,,,,Enterobacter,nearest_centroid,2.0,0.5185185185185185,0.39999999999999997,0.3950617283950617
close_relative_target_binary,property_channels,125,clean,90,,,,,,Enterobacter,logistic_regression,2.0,0.5185185185185185,0.4419713831478538,0.4012345679012346
close_relative_species,property_channels,125,clean,60,,,,,,Escherichia,nearest_centroid,2.0,0.4444444444444444,0.4375,0.33333333333333337
close_relative_species,property_channels,125,clean,60,,,,,,Escherichia,logistic_regression,2.0,0.3333333333333333,0.325,0.30864197530864196
close_relative_target_binary,property_channels,125,clean,60,,,,,,Escherichia,nearest_centroid,2.0,0.6666666666666666,0.6625,0.6666666666666667
close_relative_target_binary,property_channels,125,clean,60,,,,,,Escherichia,logistic_regression,2.0,0.6111111111111112,0.6,0.6790123456790124
close_relative_species,property_channels,125,clean,90,,,,,,Klebsiella,nearest_centroid,3.0,0.37037037037037035,0.34040404040404043,
close_relative_species,property_channels,125,clean,90,,,,,,Klebsiella,logistic_regression,3.0,0.4074074074074074,0.3943191311612364,
close_relative_target_binary,property_channels,125,clean,90,,,,,,Klebsiella,nearest_centroid,2.0,0.7037037037037037,0.6666666666666667,0.7839506172839505
close_relative_target_binary,property_channels,125,clean,90,,,,,,Klebsiella,logistic_regression,2.0,0.7407407407407407,0.699523052464229,0.7962962962962963
close_relative_species,property_channels,125,N_3pct,120,,,,,,Acinetobacter,nearest_centroid,4.0,0.3611111111111111,0.3605567226890756,
close_relative_species,property_channels,125,N_3pct,120,,,,,,Acinetobacter,logistic_regression,4.0,0.2222222222222222,0.22650978407557354,
close_relative_species,property_channels,125,N_3pct,90,,,,,,Burkholderia,nearest_centroid,3.0,0.2962962962962963,0.25603864734299514,
close_relative_species,property_channels,125,N_3pct,90,,,,,,Burkholderia,logistic_regression,3.0,0.3333333333333333,0.3102453102453102,
close_relative_target_binary,property_channels,125,N_3pct,90,,,,,,Burkholderia,nearest_centroid,2.0,0.5555555555555556,0.5235294117647059,0.48765432098765427
close_relative_target_binary,property_channels,125,N_3pct,90,,,,,,Burkholderia,logistic_regression,2.0,0.5555555555555556,0.4214285714285714,0.5493827160493827
close_relative_species,property_channels,125,N_3pct,120,,,,,,Candida,nearest_centroid,4.0,0.5,0.4574915824915825,
close_relative_species,property_channels,125,N_3pct,120,,,,,,Candida,logistic_regression,4.0,0.4166666666666667,0.3605203619909502,
close_relative_target_binary,property_channels,125,N_3pct,90,,,,,,Candida,nearest_centroid,2.0,0.48148148148148145,0.4630681818181818,0.4197530864197532
close_relative_target_binary,property_channels,125,N_3pct,90,,,,,,Candida,logistic_regression,2.0,0.5555555555555556,0.46710526315789475,0.4444444444444444
close_relative_species,property_channels,125,N_3pct,150,,,,,,Enterobacter,nearest_centroid,5.0,0.17777777777777778,0.14419047619047617,
close_relative_species,property_channels,125,N_3pct,150,,,,,,Enterobacter,logistic_regression,5.0,0.2,0.18623376623376625,
close_relative_target_binary,property_channels,125,N_3pct,90,,,,,,Enterobacter,nearest_centroid,2.0,0.48148148148148145,0.4166666666666667,0.35185185185185186
close_relative_target_binary,property_channels,125,N_3pct,90,,,,,,Enterobacter,logistic_regression,2.0,0.48148148148148145,0.4166666666666667,0.39506172839506176
close_relative_species,property_channels,125,N_3pct,60,,,,,,Escherichia,nearest_centroid,2.0,0.3888888888888889,0.38699690402476783,0.35802469135802467
close_relative_species,property_channels,125,N_3pct,60,,,,,,Escherichia,logistic_regression,2.0,0.4444444444444444,0.4444444444444444,0.3580246913580247
close_relative_target_binary,property_channels,125,N_3pct,60,,,,,,Escherichia,nearest_centroid,2.0,0.7222222222222222,0.7142857142857142,0.7037037037037037
close_relative_target_binary,property_channels,125,N_3pct,60,,,,,,Escherichia,logistic_regression,2.0,0.6111111111111112,0.6,0.6790123456790124
close_relative_species,property_channels,125,N_3pct,90,,,,,,Klebsiella,nearest_centroid,3.0,0.3333333333333333,0.3333333333333333,
close_relative_species,property_channels,125,N_3pct,90,,,,,,Klebsiella,logistic_regression,3.0,0.3333333333333333,0.34074074074074073,
close_relative_target_binary,property_channels,125,N_3pct,90,,,,,,Klebsiella,nearest_centroid,2.0,0.6666666666666666,0.5846153846153846,0.5864197530864197
close_relative_target_binary,property_channels,125,N_3pct,90,,,,,,Klebsiella,logistic_regression,2.0,0.6666666666666666,0.5846153846153846,0.5432098765432098
rc_consistency,property_channels,150,reverse_complement,1680,0.9030820902565362,0.9022339037453704,0.8824103200529614,,,close_relative_wgs,,,,,
perturbation_stability,property_channels,150,N_3pct,1680,0.9848081933178483,,0.9804279048937732,0.17363146810346516,0.19784890752977552,close_relative_wgs,,,,,
perturbation_stability,property_channels,150,substitution_1pct,1680,0.9986226442486961,,0.9962355637603236,0.044348257156629586,0.08676907540720374,close_relative_wgs,,,,,
close_relative_species,property_channels,150,clean,120,,,,,,Acinetobacter,nearest_centroid,4.0,0.2222222222222222,0.21227621483375958,
close_relative_species,property_channels,150,clean,120,,,,,,Acinetobacter,logistic_regression,4.0,0.19444444444444445,0.19005847953216373,
close_relative_species,property_channels,150,clean,90,,,,,,Burkholderia,nearest_centroid,3.0,0.3333333333333333,0.3318426785919046,
close_relative_species,property_channels,150,clean,90,,,,,,Burkholderia,logistic_regression,3.0,0.2222222222222222,0.21375661375661373,
close_relative_target_binary,property_channels,150,clean,90,,,,,,Burkholderia,nearest_centroid,2.0,0.5185185185185185,0.4419713831478538,0.48765432098765427
close_relative_target_binary,property_channels,150,clean,90,,,,,,Burkholderia,logistic_regression,2.0,0.5925925925925926,0.49230769230769234,0.5185185185185185
close_relative_species,property_channels,150,clean,120,,,,,,Candida,nearest_centroid,4.0,0.25,0.2341858482523444,
close_relative_species,property_channels,150,clean,120,,,,,,Candida,logistic_regression,4.0,0.25,0.25049019607843137,
close_relative_target_binary,property_channels,150,clean,90,,,,,,Candida,nearest_centroid,2.0,0.6296296296296297,0.5178571428571428,0.6481481481481481
close_relative_target_binary,property_channels,150,clean,90,,,,,,Candida,logistic_regression,2.0,0.6296296296296297,0.5178571428571428,0.6975308641975309
close_relative_species,property_channels,150,clean,150,,,,,,Enterobacter,nearest_centroid,5.0,0.2222222222222222,0.20870027506183111,
close_relative_species,property_channels,150,clean,150,,,,,,Enterobacter,logistic_regression,5.0,0.17777777777777778,0.15772727272727272,
close_relative_target_binary,property_channels,150,clean,90,,,,,,Enterobacter,nearest_centroid,2.0,0.5555555555555556,0.4214285714285714,0.5123456790123456
close_relative_target_binary,property_channels,150,clean,90,,,,,,Enterobacter,logistic_regression,2.0,0.6296296296296297,0.38636363636363635,0.5246913580246914
close_relative_species,property_channels,150,clean,60,,,,,,Escherichia,nearest_centroid,2.0,0.16666666666666666,0.16408668730650156,0.23456790123456792
close_relative_species,property_channels,150,clean,60,,,,,,Escherichia,logistic_regression,2.0,0.16666666666666666,0.16408668730650156,0.22222222222222224
close_relative_target_binary,property_channels,150,clean,60,,,,,,Escherichia,nearest_centroid,2.0,0.4444444444444444,0.41558441558441556,0.3580246913580246
close_relative_target_binary,property_channels,150,clean,60,,,,,,Escherichia,logistic_regression,2.0,0.5,0.4857142857142857,0.40740740740740733
close_relative_species,property_channels,150,clean,90,,,,,,Klebsiella,nearest_centroid,3.0,0.48148148148148145,0.4578111946532999,
close_relative_species,property_channels,150,clean,90,,,,,,Klebsiella,logistic_regression,3.0,0.4444444444444444,0.4331232492997199,
close_relative_target_binary,property_channels,150,clean,90,,,,,,Klebsiella,nearest_centroid,2.0,0.5185185185185185,0.4419713831478538,0.3703703703703704
close_relative_target_binary,property_channels,150,clean,90,,,,,,Klebsiella,logistic_regression,2.0,0.5925925925925926,0.49230769230769234,0.3888888888888889
close_relative_species,property_channels,150,N_3pct,120,,,,,,Acinetobacter,nearest_centroid,4.0,0.3333333333333333,0.3125,
close_relative_species,property_channels,150,N_3pct,120,,,,,,Acinetobacter,logistic_regression,4.0,0.3611111111111111,0.36162710698314415,
close_relative_species,property_channels,150,N_3pct,90,,,,,,Burkholderia,nearest_centroid,3.0,0.2962962962962963,0.29444444444444445,
close_relative_species,property_channels,150,N_3pct,90,,,,,,Burkholderia,logistic_regression,3.0,0.3333333333333333,0.3361111111111111,
close_relative_target_binary,property_channels,150,N_3pct,90,,,,,,Burkholderia,nearest_centroid,2.0,0.48148148148148145,0.4166666666666667,0.4320987654320988
close_relative_target_binary,property_channels,150,N_3pct,90,,,,,,Burkholderia,logistic_regression,2.0,0.5185185185185185,0.4419713831478538,0.43209876543209874
close_relative_species,property_channels,150,N_3pct,120,,,,,,Candida,nearest_centroid,4.0,0.19444444444444445,0.17807192807192807,
close_relative_species,property_channels,150,N_3pct,120,,,,,,Candida,logistic_regression,4.0,0.2222222222222222,0.21964224286205708,
close_relative_target_binary,property_channels,150,N_3pct,90,,,,,,Candida,nearest_centroid,2.0,0.5555555555555556,0.4214285714285714,0.6975308641975309
close_relative_target_binary,property_channels,150,N_3pct,90,,,,,,Candida,logistic_regression,2.0,0.6666666666666666,0.5440900562851783,0.7283950617283951
close_relative_species,property_channels,150,N_3pct,150,,,,,,Enterobacter,nearest_centroid,5.0,0.17777777777777778,0.17104872251931075,
close_relative_species,property_channels,150,N_3pct,150,,,,,,Enterobacter,logistic_regression,5.0,0.26666666666666666,0.238029689608637,
close_relative_target_binary,property_channels,150,N_3pct,90,,,,,,Enterobacter,nearest_centroid,2.0,0.5555555555555556,0.4214285714285714,0.6234567901234568
close_relative_target_binary,property_channels,150,N_3pct,90,,,,,,Enterobacter,logistic_regression,2.0,0.7037037037037037,0.5090909090909091,0.6111111111111112
close_relative_species,property_channels,150,N_3pct,60,,,,,,Escherichia,nearest_centroid,2.0,0.3888888888888889,0.38699690402476783,0.2654320987654321
close_relative_species,property_channels,150,N_3pct,60,,,,,,Escherichia,logistic_regression,2.0,0.3888888888888889,0.38699690402476783,0.2716049382716049
close_relative_target_binary,property_channels,150,N_3pct,60,,,,,,Escherichia,nearest_centroid,2.0,0.3888888888888889,0.38699690402476783,0.2962962962962963
close_relative_target_binary,property_channels,150,N_3pct,60,,,,,,Escherichia,logistic_regression,2.0,0.2777777777777778,0.27554179566563464,0.25925925925925924
close_relative_species,property_channels,150,N_3pct,90,,,,,,Klebsiella,nearest_centroid,3.0,0.5185185185185185,0.49242424242424243,
close_relative_species,property_channels,150,N_3pct,90,,,,,,Klebsiella,logistic_regression,3.0,0.5185185185185185,0.515537209035661,
close_relative_target_binary,property_channels,150,N_3pct,90,,,,,,Klebsiella,nearest_centroid,2.0,0.48148148148148145,0.4441176470588235,0.425925925925926
close_relative_target_binary,property_channels,150,N_3pct,90,,,,,,Klebsiella,logistic_regression,2.0,0.6296296296296297,0.5178571428571428,0.5679012345679012
rc_consistency,property_channels,300,reverse_complement,1680,0.9016618196511431,0.9005363522152244,0.8858304175505416,,,close_relative_wgs,,,,,
perturbation_stability,property_channels,300,N_3pct,1680,0.9828919900653392,,0.9793426821780133,0.18463997239009364,0.20326000706755898,close_relative_wgs,,,,,
perturbation_stability,property_channels,300,substitution_1pct,1680,0.9986750824155141,,0.997142972832941,0.04789745119829523,0.07559136354600701,close_relative_wgs,,,,,
close_relative_species,property_channels,300,clean,120,,,,,,Acinetobacter,nearest_centroid,4.0,0.2222222222222222,0.21693121693121692,
close_relative_species,property_channels,300,clean,120,,,,,,Acinetobacter,logistic_regression,4.0,0.2222222222222222,0.2057402671213413,
close_relative_species,property_channels,300,clean,90,,,,,,Burkholderia,nearest_centroid,3.0,0.25925925925925924,0.2545518207282913,
close_relative_species,property_channels,300,clean,90,,,,,,Burkholderia,logistic_regression,3.0,0.48148148148148145,0.48484848484848486,
close_relative_target_binary,property_channels,300,clean,90,,,,,,Burkholderia,nearest_centroid,2.0,0.5555555555555556,0.46710526315789475,0.5
close_relative_target_binary,property_channels,300,clean,90,,,,,,Burkholderia,logistic_regression,2.0,0.5555555555555556,0.4214285714285714,0.5679012345679012
close_relative_species,property_channels,300,clean,120,,,,,,Candida,nearest_centroid,4.0,0.2222222222222222,0.22725279106858054,
close_relative_species,property_channels,300,clean,120,,,,,,Candida,logistic_regression,4.0,0.19444444444444445,0.20646135265700483,
close_relative_target_binary,property_channels,300,clean,90,,,,,,Candida,nearest_centroid,2.0,0.7037037037037037,0.5090909090909091,0.6018518518518519
close_relative_target_binary,property_channels,300,clean,90,,,,,,Candida,logistic_regression,2.0,0.6666666666666666,0.4,0.5432098765432098
close_relative_species,property_channels,300,clean,150,,,,,,Enterobacter,nearest_centroid,5.0,0.17777777777777778,0.1740225787284611,
close_relative_species,property_channels,300,clean,150,,,,,,Enterobacter,logistic_regression,5.0,0.17777777777777778,0.17939613526570047,
close_relative_target_binary,property_channels,300,clean,90,,,,,,Enterobacter,nearest_centroid,2.0,0.48148148148148145,0.4166666666666667,0.3333333333333333
close_relative_target_binary,property_channels,300,clean,90,,,,,,Enterobacter,logistic_regression,2.0,0.48148148148148145,0.325,0.2777777777777778
close_relative_species,property_channels,300,clean,60,,,,,,Escherichia,nearest_centroid,2.0,0.3888888888888889,0.3377926421404682,0.4444444444444445
close_relative_species,property_channels,300,clean,60,,,,,,Escherichia,logistic_regression,2.0,0.5,0.4857142857142857,0.4444444444444444
close_relative_target_binary,property_channels,300,clean,60,,,,,,Escherichia,nearest_centroid,2.0,0.5,0.4984520123839009,0.41975308641975306
close_relative_target_binary,property_channels,300,clean,60,,,,,,Escherichia,logistic_regression,2.0,0.4444444444444444,0.4444444444444444,0.41975308641975306
close_relative_species,property_channels,300,clean,90,,,,,,Klebsiella,nearest_centroid,3.0,0.48148148148148145,0.48148148148148145,
close_relative_species,property_channels,300,clean,90,,,,,,Klebsiella,logistic_regression,3.0,0.5185185185185185,0.5194358445132439,
close_relative_target_binary,property_channels,300,clean,90,,,,,,Klebsiella,nearest_centroid,2.0,0.6296296296296297,0.555921052631579,0.49382716049382724
close_relative_target_binary,property_channels,300,clean,90,,,,,,Klebsiella,logistic_regression,2.0,0.6296296296296297,0.38636363636363635,0.4814814814814814
close_relative_species,property_channels,300,N_3pct,120,,,,,,Acinetobacter,nearest_centroid,4.0,0.19444444444444445,0.17749809305873376,
close_relative_species,property_channels,300,N_3pct,120,,,,,,Acinetobacter,logistic_regression,4.0,0.19444444444444445,0.17763157894736842,
close_relative_species,property_channels,300,N_3pct,90,,,,,,Burkholderia,nearest_centroid,3.0,0.3333333333333333,0.32941176470588235,
close_relative_species,property_channels,300,N_3pct,90,,,,,,Burkholderia,logistic_regression,3.0,0.4444444444444444,0.4380273321449792,
close_relative_target_binary,property_channels,300,N_3pct,90,,,,,,Burkholderia,nearest_centroid,2.0,0.7037037037037037,0.6142857142857143,0.6172839506172839
close_relative_target_binary,property_channels,300,N_3pct,90,,,,,,Burkholderia,logistic_regression,2.0,0.6296296296296297,0.46428571428571425,0.6049382716049383
close_relative_species,property_channels,300,N_3pct,120,,,,,,Candida,nearest_centroid,4.0,0.1111111111111111,0.09954811270600744,
close_relative_species,property_channels,300,N_3pct,120,,,,,,Candida,logistic_regression,4.0,0.08333333333333333,0.07894736842105263,
close_relative_target_binary,property_channels,300,N_3pct,90,,,,,,Candida,nearest_centroid,2.0,0.6666666666666666,0.4862579281183932,0.4722222222222222
close_relative_target_binary,property_channels,300,N_3pct,90,,,,,,Candida,logistic_regression,2.0,0.6666666666666666,0.4,0.462962962962963
close_relative_species,property_channels,300,N_3pct,150,,,,,,Enterobacter,nearest_centroid,5.0,0.2222222222222222,0.22986912468336618,
close_relative_species,property_channels,300,N_3pct,150,,,,,,Enterobacter,logistic_regression,5.0,0.17777777777777778,0.1846850861556744,
close_relative_target_binary,property_channels,300,N_3pct,90,,,,,,Enterobacter,nearest_centroid,2.0,0.5185185185185185,0.4419713831478538,0.38271604938271603
close_relative_target_binary,property_channels,300,N_3pct,90,,,,,,Enterobacter,logistic_regression,2.0,0.5555555555555556,0.4214285714285714,0.38271604938271603
close_relative_species,property_channels,300,N_3pct,60,,,,,,Escherichia,nearest_centroid,2.0,0.4444444444444444,0.41558441558441556,0.3580246913580247
close_relative_species,property_channels,300,N_3pct,60,,,,,,Escherichia,logistic_regression,2.0,0.5,0.4857142857142857,0.4444444444444444
close_relative_target_binary,property_channels,300,N_3pct,60,,,,,,Escherichia,nearest_centroid,2.0,0.4444444444444444,0.4444444444444444,0.5555555555555556
close_relative_target_binary,property_channels,300,N_3pct,60,,,,,,Escherichia,logistic_regression,2.0,0.5,0.4984520123839009,0.5679012345679012
close_relative_species,property_channels,300,N_3pct,90,,,,,,Klebsiella,nearest_centroid,3.0,0.4444444444444444,0.449489737415434,
close_relative_species,property_channels,300,N_3pct,90,,,,,,Klebsiella,logistic_regression,3.0,0.4444444444444444,0.40853882959146115,
close_relative_target_binary,property_channels,300,N_3pct,90,,,,,,Klebsiella,nearest_centroid,2.0,0.7407407407407407,0.676923076923077,0.6604938271604939
close_relative_target_binary,property_channels,300,N_3pct,90,,,,,,Klebsiella,logistic_regression,2.0,0.7037037037037037,0.5714285714285714,0.6419753086419753
rc_consistency,spaced_kmer_no_phase,75,reverse_complement,400,0.6531406354206246,0.6552784956858512,0.5394586495109391,,,,,,,,
perturbation_stability,spaced_kmer_no_phase,75,N_3pct,400,0.983221484478328,,0.9770517379079887,0.18183900177369755,0.21423473162623735,,,,,,
perturbation_stability,spaced_kmer_no_phase,75,substitution_1pct,400,0.9933278290908949,,0.9772132876275483,0.08101372134441018,0.2134772106408622,,,,,,
motif_position,spaced_kmer_no_phase,75,clean,240,,,,,,toy_motif,nearest_centroid,3.0,0.6388888888888888,0.6377104377104378,
motif_position,spaced_kmer_no_phase,75,clean,240,,,,,,toy_motif,logistic_regression,3.0,0.6666666666666666,0.6680574452003024,
motif_position,spaced_kmer_no_phase,75,N_3pct,240,,,,,,toy_motif,nearest_centroid,3.0,0.6388888888888888,0.6377104377104378,
motif_position,spaced_kmer_no_phase,75,N_3pct,240,,,,,,toy_motif,logistic_regression,3.0,0.5972222222222222,0.5991100842852864,
rc_consistency,spaced_kmer_no_phase,75,reverse_complement,1680,0.6165517924340108,0.6215879412141687,0.4960470577799108,,,close_relative_wgs,,,,,
perturbation_stability,spaced_kmer_no_phase,75,N_3pct,1680,0.9847155721781263,,0.9779919899511647,0.17318627139599868,0.209799947135171,close_relative_wgs,,,,,
perturbation_stability,spaced_kmer_no_phase,75,substitution_1pct,1680,0.9939051018582978,,0.9789023427294314,0.0774912888252505,0.20541498104177774,close_relative_wgs,,,,,
close_relative_species,spaced_kmer_no_phase,75,clean,120,,,,,,Acinetobacter,nearest_centroid,4.0,0.2222222222222222,0.2173611111111111,
close_relative_species,spaced_kmer_no_phase,75,clean,120,,,,,,Acinetobacter,logistic_regression,4.0,0.25,0.2531067251461988,
close_relative_species,spaced_kmer_no_phase,75,clean,90,,,,,,Burkholderia,nearest_centroid,3.0,0.4074074074074074,0.4057017543859649,
close_relative_species,spaced_kmer_no_phase,75,clean,90,,,,,,Burkholderia,logistic_regression,3.0,0.37037037037037035,0.35004177109440265,
close_relative_target_binary,spaced_kmer_no_phase,75,clean,90,,,,,,Burkholderia,nearest_centroid,2.0,0.5555555555555556,0.5235294117647059,0.6358024691358024
close_relative_target_binary,spaced_kmer_no_phase,75,clean,90,,,,,,Burkholderia,logistic_regression,2.0,0.5185185185185185,0.47218045112781953,0.4814814814814815
close_relative_species,spaced_kmer_no_phase,75,clean,120,,,,,,Candida,nearest_centroid,4.0,0.3055555555555556,0.2973731884057971,
close_relative_species,spaced_kmer_no_phase,75,clean,120,,,,,,Candida,logistic_regression,4.0,0.3055555555555556,0.2986519607843137,
close_relative_target_binary,spaced_kmer_no_phase,75,clean,90,,,,,,Candida,nearest_centroid,2.0,0.4444444444444444,0.39097744360902253,0.4382716049382716
close_relative_target_binary,spaced_kmer_no_phase,75,clean,90,,,,,,Candida,logistic_regression,2.0,0.5925925925925926,0.49230769230769234,0.4506172839506173
close_relative_species,spaced_kmer_no_phase,75,clean,150,,,,,,Enterobacter,nearest_centroid,5.0,0.3111111111111111,0.2937355152587351,
close_relative_species,spaced_kmer_no_phase,75,clean,150,,,,,,Enterobacter,logistic_regression,5.0,0.28888888888888886,0.2867079463364293,
close_relative_target_binary,spaced_kmer_no_phase,75,clean,90,,,,,,Enterobacter,nearest_centroid,2.0,0.5555555555555556,0.5397727272727273,0.5092592592592593
close_relative_target_binary,spaced_kmer_no_phase,75,clean,90,,,,,,Enterobacter,logistic_regression,2.0,0.5555555555555556,0.5235294117647059,0.5740740740740741
close_relative_species,spaced_kmer_no_phase,75,clean,60,,,,,,Escherichia,nearest_centroid,2.0,0.5,0.4984520123839009,0.5740740740740741
close_relative_species,spaced_kmer_no_phase,75,clean,60,,,,,,Escherichia,logistic_regression,2.0,0.4444444444444444,0.4375,0.5432098765432098
close_relative_target_binary,spaced_kmer_no_phase,75,clean,60,,,,,,Escherichia,nearest_centroid,2.0,0.3888888888888889,0.38699690402476783,0.49382716049382713
close_relative_target_binary,spaced_kmer_no_phase,75,clean,60,,,,,,Escherichia,logistic_regression,2.0,0.6111111111111112,0.6,0.654320987654321
close_relative_species,spaced_kmer_no_phase,75,clean,90,,,,,,Klebsiella,nearest_centroid,3.0,0.3333333333333333,0.3102453102453102,
close_relative_species,spaced_kmer_no_phase,75,clean,90,,,,,,Klebsiella,logistic_regression,3.0,0.37037037037037035,0.36613756613756615,
close_relative_target_binary,spaced_kmer_no_phase,75,clean,90,,,,,,Klebsiella,nearest_centroid,2.0,0.6296296296296297,0.6029411764705883,0.5925925925925926
close_relative_target_binary,spaced_kmer_no_phase,75,clean,90,,,,,,Klebsiella,logistic_regression,2.0,0.5925925925925926,0.5278219395866455,0.5432098765432098
close_relative_species,spaced_kmer_no_phase,75,N_3pct,120,,,,,,Acinetobacter,nearest_centroid,4.0,0.16666666666666666,0.1527777777777778,
close_relative_species,spaced_kmer_no_phase,75,N_3pct,120,,,,,,Acinetobacter,logistic_regression,4.0,0.25,0.25609243697478995,
close_relative_species,spaced_kmer_no_phase,75,N_3pct,90,,,,,,Burkholderia,nearest_centroid,3.0,0.4074074074074074,0.40277777777777773,
close_relative_species,spaced_kmer_no_phase,75,N_3pct,90,,,,,,Burkholderia,logistic_regression,3.0,0.37037037037037035,0.364327485380117,
close_relative_target_binary,spaced_kmer_no_phase,75,N_3pct,90,,,,,,Burkholderia,nearest_centroid,2.0,0.5925925925925926,0.5714285714285714,0.5925925925925926
close_relative_target_binary,spaced_kmer_no_phase,75,N_3pct,90,,,,,,Burkholderia,logistic_regression,2.0,0.4444444444444444,0.39097744360902253,0.5061728395061729
close_relative_species,spaced_kmer_no_phase,75,N_3pct,120,,,,,,Candida,nearest_centroid,4.0,0.2777777777777778,0.27250030446961393,
close_relative_species,spaced_kmer_no_phase,75,N_3pct,120,,,,,,Candida,logistic_regression,4.0,0.25,0.22999999999999998,
close_relative_target_binary,spaced_kmer_no_phase,75,N_3pct,90,,,,,,Candida,nearest_centroid,2.0,0.5925925925925926,0.5714285714285714,0.4722222222222222
close_relative_target_binary,spaced_kmer_no_phase,75,N_3pct,90,,,,,,Candida,logistic_regression,2.0,0.6296296296296297,0.555921052631579,0.40740740740740744
close_relative_species,spaced_kmer_no_phase,75,N_3pct,150,,,,,,Enterobacter,nearest_centroid,5.0,0.2222222222222222,0.20983660130718956,
close_relative_species,spaced_kmer_no_phase,75,N_3pct,150,,,,,,Enterobacter,logistic_regression,5.0,0.2222222222222222,0.21878448349036583,
close_relative_target_binary,spaced_kmer_no_phase,75,N_3pct,90,,,,,,Enterobacter,nearest_centroid,2.0,0.5555555555555556,0.55,0.49691358024691357
close_relative_target_binary,spaced_kmer_no_phase,75,N_3pct,90,,,,,,Enterobacter,logistic_regression,2.0,0.6296296296296297,0.6029411764705883,0.5617283950617284
close_relative_species,spaced_kmer_no_phase,75,N_3pct,60,,,,,,Escherichia,nearest_centroid,2.0,0.5555555555555556,0.55,0.5432098765432098
close_relative_species,spaced_kmer_no_phase,75,N_3pct,60,,,,,,Escherichia,logistic_regression,2.0,0.5,0.4984520123839009,0.5802469135802469
close_relative_target_binary,spaced_kmer_no_phase,75,N_3pct,60,,,,,,Escherichia,nearest_centroid,2.0,0.4444444444444444,0.4444444444444444,0.5555555555555556
close_relative_target_binary,spaced_kmer_no_phase,75,N_3pct,60,,,,,,Escherichia,logistic_regression,2.0,0.6111111111111112,0.6,0.7037037037037037
close_relative_species,spaced_kmer_no_phase,75,N_3pct,90,,,,,,Klebsiella,nearest_centroid,3.0,0.3333333333333333,0.32941176470588235,
close_relative_species,spaced_kmer_no_phase,75,N_3pct,90,,,,,,Klebsiella,logistic_regression,3.0,0.4444444444444444,0.443859649122807,
close_relative_target_binary,spaced_kmer_no_phase,75,N_3pct,90,,,,,,Klebsiella,nearest_centroid,2.0,0.5925925925925926,0.5714285714285714,0.5833333333333333
close_relative_target_binary,spaced_kmer_no_phase,75,N_3pct,90,,,,,,Klebsiella,logistic_regression,2.0,0.5555555555555556,0.4214285714285714,0.5061728395061729
rc_consistency,spaced_kmer_no_phase,100,reverse_complement,400,0.6615419891785332,0.6593374639329126,0.5597035007397477,,,,,,,,
perturbation_stability,spaced_kmer_no_phase,100,N_3pct,400,0.9813025043416527,,0.9753671140879212,0.1925029446793216,0.22195892930202005,,,,,,
perturbation_stability,spaced_kmer_no_phase,100,substitution_1pct,400,0.9931325639157117,,0.9791493424672317,0.09101518928822616,0.20420895277991113,,,,,,
motif_position,spaced_kmer_no_phase,100,clean,240,,,,,,toy_motif,nearest_centroid,3.0,0.5416666666666666,0.5395969498910675,
motif_position,spaced_kmer_no_phase,100,clean,240,,,,,,toy_motif,logistic_regression,3.0,0.625,0.6220904699165568,
motif_position,spaced_kmer_no_phase,100,N_3pct,240,,,,,,toy_motif,nearest_centroid,3.0,0.4861111111111111,0.4833470057424118,
motif_position,spaced_kmer_no_phase,100,N_3pct,240,,,,,,toy_motif,logistic_regression,3.0,0.625,0.6224400871459695,
rc_consistency,spaced_kmer_no_phase,100,reverse_complement,1680,0.6291831728356272,0.6326105220477216,0.5298307895839511,,,close_relative_wgs,,,,,
perturbation_stability,spaced_kmer_no_phase,100,N_3pct,1680,0.9825972985462331,,0.9763523003935826,0.18546815912021886,0.21747505263833333,close_relative_wgs,,,,,
perturbation_stability,spaced_kmer_no_phase,100,substitution_1pct,1680,0.9934979767679977,,0.9793846667539883,0.08754226191721655,0.203053351731431,close_relative_wgs,,,,,
close_relative_species,spaced_kmer_no_phase,100,clean,120,,,,,,Acinetobacter,nearest_centroid,4.0,0.3333333333333333,0.29617224880382775,
close_relative_species,spaced_kmer_no_phase,100,clean,120,,,,,,Acinetobacter,logistic_regression,4.0,0.3055555555555556,0.2889880952380952,
close_relative_species,spaced_kmer_no_phase,100,clean,90,,,,,,Burkholderia,nearest_centroid,3.0,0.3333333333333333,0.32989336085311316,
close_relative_species,spaced_kmer_no_phase,100,clean,90,,,,,,Burkholderia,logistic_regression,3.0,0.4074074074074074,0.4144020181171884,
close_relative_target_binary,spaced_kmer_no_phase,100,clean,90,,,,,,Burkholderia,nearest_centroid,2.0,0.6296296296296297,0.6029411764705883,0.7253086419753086
close_relative_target_binary,spaced_kmer_no_phase,100,clean,90,,,,,,Burkholderia,logistic_regression,2.0,0.6296296296296297,0.5178571428571428,0.6790123456790124
close_relative_species,spaced_kmer_no_phase,100,clean,120,,,,,,Candida,nearest_centroid,4.0,0.25,0.2444444444444444,
close_relative_species,spaced_kmer_no_phase,100,clean,120,,,,,,Candida,logistic_regression,4.0,0.3333333333333333,0.2866666666666666,
close_relative_target_binary,spaced_kmer_no_phase,100,clean,90,,,,,,Candida,nearest_centroid,2.0,0.48148148148148145,0.4441176470588235,0.3641975308641975
close_relative_target_binary,spaced_kmer_no_phase,100,clean,90,,,,,,Candida,logistic_regression,2.0,0.48148148148148145,0.4166666666666667,0.4444444444444444
close_relative_species,spaced_kmer_no_phase,100,clean,150,,,,,,Enterobacter,nearest_centroid,5.0,0.2222222222222222,0.24502343202033608,
close_relative_species,spaced_kmer_no_phase,100,clean,150,,,,,,Enterobacter,logistic_regression,5.0,0.2,0.2027310924369748,
close_relative_target_binary,spaced_kmer_no_phase,100,clean,90,,,,,,Enterobacter,nearest_centroid,2.0,0.7037037037037037,0.6447368421052632,0.7222222222222223
close_relative_target_binary,spaced_kmer_no_phase,100,clean,90,,,,,,Enterobacter,logistic_regression,2.0,0.6666666666666666,0.5846153846153846,0.7037037037037037
close_relative_species,spaced_kmer_no_phase,100,clean,60,,,,,,Escherichia,nearest_centroid,2.0,0.3888888888888889,0.37142857142857144,0.5802469135802469
close_relative_species,spaced_kmer_no_phase,100,clean,60,,,,,,Escherichia,logistic_regression,2.0,0.5,0.4984520123839009,0.5432098765432098
close_relative_target_binary,spaced_kmer_no_phase,100,clean,60,,,,,,Escherichia,nearest_centroid,2.0,0.3333333333333333,0.325,0.40740740740740744
close_relative_target_binary,spaced_kmer_no_phase,100,clean,60,,,,,,Escherichia,logistic_regression,2.0,0.3888888888888889,0.37142857142857144,0.40740740740740744
close_relative_species,spaced_kmer_no_phase,100,clean,90,,,,,,Klebsiella,nearest_centroid,3.0,0.4444444444444444,0.402589240824535,
close_relative_species,spaced_kmer_no_phase,100,clean,90,,,,,,Klebsiella,logistic_regression,3.0,0.4074074074074074,0.40196078431372545,
close_relative_target_binary,spaced_kmer_no_phase,100,clean,90,,,,,,Klebsiella,nearest_centroid,2.0,0.5925925925925926,0.5533834586466165,0.5679012345679012
close_relative_target_binary,spaced_kmer_no_phase,100,clean,90,,,,,,Klebsiella,logistic_regression,2.0,0.5555555555555556,0.5235294117647059,0.4814814814814815
close_relative_species,spaced_kmer_no_phase,100,N_3pct,120,,,,,,Acinetobacter,nearest_centroid,4.0,0.3055555555555556,0.2802631578947368,
close_relative_species,spaced_kmer_no_phase,100,N_3pct,120,,,,,,Acinetobacter,logistic_regression,4.0,0.2222222222222222,0.21250000000000002,
close_relative_species,spaced_kmer_no_phase,100,N_3pct,90,,,,,,Burkholderia,nearest_centroid,3.0,0.3333333333333333,0.32941176470588235,
close_relative_species,spaced_kmer_no_phase,100,N_3pct,90,,,,,,Burkholderia,logistic_regression,3.0,0.37037037037037035,0.3703703703703704,
close_relative_target_binary,spaced_kmer_no_phase,100,N_3pct,90,,,,,,Burkholderia,nearest_centroid,2.0,0.6666666666666666,0.6136724960254372,0.7777777777777778
close_relative_target_binary,spaced_kmer_no_phase,100,N_3pct,90,,,,,,Burkholderia,logistic_regression,2.0,0.6666666666666666,0.5440900562851783,0.7345679012345678
close_relative_species,spaced_kmer_no_phase,100,N_3pct,120,,,,,,Candida,nearest_centroid,4.0,0.3333333333333333,0.3151570048309179,
close_relative_species,spaced_kmer_no_phase,100,N_3pct,120,,,,,,Candida,logistic_regression,4.0,0.3055555555555556,0.25257575757575756,
close_relative_target_binary,spaced_kmer_no_phase,100,N_3pct,90,,,,,,Candida,nearest_centroid,2.0,0.48148148148148145,0.4166666666666667,0.42592592592592593
close_relative_target_binary,spaced_kmer_no_phase,100,N_3pct,90,,,,,,Candida,logistic_regression,2.0,0.48148148148148145,0.4166666666666667,0.4814814814814815
close_relative_species,spaced_kmer_no_phase,100,N_3pct,150,,,,,,Enterobacter,nearest_centroid,5.0,0.15555555555555556,0.16113301155702553,
close_relative_species,spaced_kmer_no_phase,100,N_3pct,150,,,,,,Enterobacter,logistic_regression,5.0,0.17777777777777778,0.1786549707602339,
close_relative_target_binary,spaced_kmer_no_phase,100,N_3pct,90,,,,,,Enterobacter,nearest_centroid,2.0,0.5925925925925926,0.5533834586466165,0.6604938271604939
close_relative_target_binary,spaced_kmer_no_phase,100,N_3pct,90,,,,,,Enterobacter,logistic_regression,2.0,0.5925925925925926,0.5278219395866455,0.611111111111111
close_relative_species,spaced_kmer_no_phase,100,N_3pct,60,,,,,,Escherichia,nearest_centroid,2.0,0.4444444444444444,0.4375,0.5555555555555556
close_relative_species,spaced_kmer_no_phase,100,N_3pct,60,,,,,,Escherichia,logistic_regression,2.0,0.5,0.4984520123839009,0.4938271604938272
close_relative_target_binary,spaced_kmer_no_phase,100,N_3pct,60,,,,,,Escherichia,nearest_centroid,2.0,0.3888888888888889,0.38699690402476783,0.4012345679012346
close_relative_target_binary,spaced_kmer_no_phase,100,N_3pct,60,,,,,,Escherichia,logistic_regression,2.0,0.4444444444444444,0.4375,0.4197530864197531
close_relative_species,spaced_kmer_no_phase,100,N_3pct,90,,,,,,Klebsiella,nearest_centroid,3.0,0.4444444444444444,0.38961538461538464,
close_relative_species,spaced_kmer_no_phase,100,N_3pct,90,,,,,,Klebsiella,logistic_regression,3.0,0.4444444444444444,0.43611111111111106,
close_relative_target_binary,spaced_kmer_no_phase,100,N_3pct,90,,,,,,Klebsiella,nearest_centroid,2.0,0.5555555555555556,0.5,0.5617283950617284
close_relative_target_binary,spaced_kmer_no_phase,100,N_3pct,90,,,,,,Klebsiella,logistic_regression,2.0,0.5185185185185185,0.4419713831478538,0.47530864197530864
rc_consistency,spaced_kmer_no_phase,125,reverse_complement,1680,0.6210761911807983,0.6223350085064591,0.5272436663184626,,,close_relative_wgs,,,,,
perturbation_stability,spaced_kmer_no_phase,125,N_3pct,1680,0.9813095876489735,,0.9754756855924308,0.19250389500909967,0.22146925024392802,close_relative_wgs,,,,,
perturbation_stability,spaced_kmer_no_phase,125,substitution_1pct,1680,0.9933319579269643,,0.9823788100605009,0.09510574201955704,0.18772952504042467,close_relative_wgs,,,,,
close_relative_species,spaced_kmer_no_phase,125,clean,120,,,,,,Acinetobacter,nearest_centroid,4.0,0.4166666666666667,0.4065842245989305,
close_relative_species,spaced_kmer_no_phase,125,clean,120,,,,,,Acinetobacter,logistic_regression,4.0,0.2777777777777778,0.26626984126984127,
close_relative_species,spaced_kmer_no_phase,125,clean,90,,,,,,Burkholderia,nearest_centroid,3.0,0.37037037037037035,0.37644623066617955,
close_relative_species,spaced_kmer_no_phase,125,clean,90,,,,,,Burkholderia,logistic_regression,3.0,0.4074074074074074,0.3943191311612364,
close_relative_target_binary,spaced_kmer_no_phase,125,clean,90,,,,,,Burkholderia,nearest_centroid,2.0,0.7407407407407407,0.676923076923077,0.5864197530864197
close_relative_target_binary,spaced_kmer_no_phase,125,clean,90,,,,,,Burkholderia,logistic_regression,2.0,0.7037037037037037,0.6142857142857143,0.691358024691358
close_relative_species,spaced_kmer_no_phase,125,clean,120,,,,,,Candida,nearest_centroid,4.0,0.2222222222222222,0.21637426900584794,
close_relative_species,spaced_kmer_no_phase,125,clean,120,,,,,,Candida,logistic_regression,4.0,0.25,0.2341858482523444,
close_relative_target_binary,spaced_kmer_no_phase,125,clean,90,,,,,,Candida,nearest_centroid,2.0,0.48148148148148145,0.4630681818181818,0.46296296296296297
close_relative_target_binary,spaced_kmer_no_phase,125,clean,90,,,,,,Candida,logistic_regression,2.0,0.5185185185185185,0.47218045112781953,0.5123456790123457
close_relative_species,spaced_kmer_no_phase,125,clean,150,,,,,,Enterobacter,nearest_centroid,5.0,0.24444444444444444,0.23039028731248412,
close_relative_species,spaced_kmer_no_phase,125,clean,150,,,,,,Enterobacter,logistic_regression,5.0,0.2,0.1831680650902619,
close_relative_target_binary,spaced_kmer_no_phase,125,clean,90,,,,,,Enterobacter,nearest_centroid,2.0,0.5555555555555556,0.46710526315789475,0.5432098765432098
close_relative_target_binary,spaced_kmer_no_phase,125,clean,90,,,,,,Enterobacter,logistic_regression,2.0,0.5925925925925926,0.5278219395866455,0.49999999999999994
close_relative_species,spaced_kmer_no_phase,125,clean,60,,,,,,Escherichia,nearest_centroid,2.0,0.3888888888888889,0.38699690402476783,0.4506172839506173
close_relative_species,spaced_kmer_no_phase,125,clean,60,,,,,,Escherichia,logistic_regression,2.0,0.4444444444444444,0.4444444444444444,0.4567901234567901
close_relative_target_binary,spaced_kmer_no_phase,125,clean,60,,,,,,Escherichia,nearest_centroid,2.0,0.5,0.4984520123839009,0.5555555555555556
close_relative_target_binary,spaced_kmer_no_phase,125,clean,60,,,,,,Escherichia,logistic_regression,2.0,0.5555555555555556,0.55,0.5308641975308641
close_relative_species,spaced_kmer_no_phase,125,clean,90,,,,,,Klebsiella,nearest_centroid,3.0,0.25925925925925924,0.25971792225662194,
close_relative_species,spaced_kmer_no_phase,125,clean,90,,,,,,Klebsiella,logistic_regression,3.0,0.3333333333333333,0.32756132756132755,
close_relative_target_binary,spaced_kmer_no_phase,125,clean,90,,,,,,Klebsiella,nearest_centroid,2.0,0.5555555555555556,0.46710526315789475,0.6790123456790123
close_relative_target_binary,spaced_kmer_no_phase,125,clean,90,,,,,,Klebsiella,logistic_regression,2.0,0.7037037037037037,0.6142857142857143,0.7098765432098766
close_relative_species,spaced_kmer_no_phase,125,N_3pct,120,,,,,,Acinetobacter,nearest_centroid,4.0,0.4166666666666667,0.4100398053958425,
close_relative_species,spaced_kmer_no_phase,125,N_3pct,120,,,,,,Acinetobacter,logistic_regression,4.0,0.3333333333333333,0.31382385730211815,
close_relative_species,spaced_kmer_no_phase,125,N_3pct,90,,,,,,Burkholderia,nearest_centroid,3.0,0.2962962962962963,0.30793650793650795,
close_relative_species,spaced_kmer_no_phase,125,N_3pct,90,,,,,,Burkholderia,logistic_regression,3.0,0.37037037037037035,0.35873015873015873,
close_relative_target_binary,spaced_kmer_no_phase,125,N_3pct,90,,,,,,Burkholderia,nearest_centroid,2.0,0.7777777777777778,0.7107142857142856,0.5925925925925927
close_relative_target_binary,spaced_kmer_no_phase,125,N_3pct,90,,,,,,Burkholderia,logistic_regression,2.0,0.7777777777777778,0.7107142857142856,0.6728395061728395
close_relative_species,spaced_kmer_no_phase,125,N_3pct,120,,,,,,Candida,nearest_centroid,4.0,0.25,0.23849206349206348,
close_relative_species,spaced_kmer_no_phase,125,N_3pct,120,,,,,,Candida,logistic_regression,4.0,0.3055555555555556,0.2951388888888889,
close_relative_target_binary,spaced_kmer_no_phase,125,N_3pct,90,,,,,,Candida,nearest_centroid,2.0,0.48148148148148145,0.4441176470588235,0.47530864197530864
close_relative_target_binary,spaced_kmer_no_phase,125,N_3pct,90,,,,,,Candida,logistic_regression,2.0,0.48148148148148145,0.3782894736842105,0.4876543209876543
close_relative_species,spaced_kmer_no_phase,125,N_3pct,150,,,,,,Enterobacter,nearest_centroid,5.0,0.26666666666666666,0.25807816643056913,
close_relative_species,spaced_kmer_no_phase,125,N_3pct,150,,,,,,Enterobacter,logistic_regression,5.0,0.2222222222222222,0.21494127475551625,
close_relative_target_binary,spaced_kmer_no_phase,125,N_3pct,90,,,,,,Enterobacter,nearest_centroid,2.0,0.5925925925925926,0.49230769230769234,0.5432098765432098
close_relative_target_binary,spaced_kmer_no_phase,125,N_3pct,90,,,,,,Enterobacter,logistic_regression,2.0,0.5555555555555556,0.5,0.5061728395061729
close_relative_species,spaced_kmer_no_phase,125,N_3pct,60,,,,,,Escherichia,nearest_centroid,2.0,0.5,0.4984520123839009,0.48765432098765427
close_relative_species,spaced_kmer_no_phase,125,N_3pct,60,,,,,,Escherichia,logistic_regression,2.0,0.4444444444444444,0.4444444444444444,0.4814814814814815
close_relative_target_binary,spaced_kmer_no_phase,125,N_3pct,60,,,,,,Escherichia,nearest_centroid,2.0,0.4444444444444444,0.4375,0.5555555555555556
close_relative_target_binary,spaced_kmer_no_phase,125,N_3pct,60,,,,,,Escherichia,logistic_regression,2.0,0.6111111111111112,0.609907120743034,0.5185185185185186
close_relative_species,spaced_kmer_no_phase,125,N_3pct,90,,,,,,Klebsiella,nearest_centroid,3.0,0.1111111111111111,0.10833333333333334,
close_relative_species,spaced_kmer_no_phase,125,N_3pct,90,,,,,,Klebsiella,logistic_regression,3.0,0.3333333333333333,0.3296172426607209,
close_relative_target_binary,spaced_kmer_no_phase,125,N_3pct,90,,,,,,Klebsiella,nearest_centroid,2.0,0.5925925925925926,0.49230769230769234,0.654320987654321
close_relative_target_binary,spaced_kmer_no_phase,125,N_3pct,90,,,,,,Klebsiella,logistic_regression,2.0,0.7777777777777778,0.7107142857142856,0.7654320987654321
rc_consistency,spaced_kmer_no_phase,150,reverse_complement,1680,0.6252379469043033,0.6287723272297423,0.5377173611982476,,,close_relative_wgs,,,,,
perturbation_stability,spaced_kmer_no_phase,150,N_3pct,1680,0.9845849692570303,,0.9800126649010702,0.1748369373088675,0.1999366617588946,close_relative_wgs,,,,,
perturbation_stability,spaced_kmer_no_phase,150,substitution_1pct,1680,0.9937875425805205,,0.9835894907667662,0.09424839341089598,0.18116572038428688,close_relative_wgs,,,,,
close_relative_species,spaced_kmer_no_phase,150,clean,120,,,,,,Acinetobacter,nearest_centroid,4.0,0.2777777777777778,0.27579334365325076,
close_relative_species,spaced_kmer_no_phase,150,clean,120,,,,,,Acinetobacter,logistic_regression,4.0,0.25,0.25049019607843137,
close_relative_species,spaced_kmer_no_phase,150,clean,90,,,,,,Burkholderia,nearest_centroid,3.0,0.4074074074074074,0.38690476190476186,
close_relative_species,spaced_kmer_no_phase,150,clean,90,,,,,,Burkholderia,logistic_regression,3.0,0.4074074074074074,0.38690476190476186,
close_relative_target_binary,spaced_kmer_no_phase,150,clean,90,,,,,,Burkholderia,nearest_centroid,2.0,0.4444444444444444,0.41558441558441556,0.42592592592592593
close_relative_target_binary,spaced_kmer_no_phase,150,clean,90,,,,,,Burkholderia,logistic_regression,2.0,0.4444444444444444,0.39097744360902253,0.4444444444444444
close_relative_species,spaced_kmer_no_phase,150,clean,120,,,,,,Candida,nearest_centroid,4.0,0.25,0.24613003095975233,
close_relative_species,spaced_kmer_no_phase,150,clean,120,,,,,,Candida,logistic_regression,4.0,0.3611111111111111,0.3355448717948718,
close_relative_target_binary,spaced_kmer_no_phase,150,clean,90,,,,,,Candida,nearest_centroid,2.0,0.4444444444444444,0.39097744360902253,0.4320987654320988
close_relative_target_binary,spaced_kmer_no_phase,150,clean,90,,,,,,Candida,logistic_regression,2.0,0.5185185185185185,0.4419713831478538,0.49382716049382713
close_relative_species,spaced_kmer_no_phase,150,clean,150,,,,,,Enterobacter,nearest_centroid,5.0,0.17777777777777778,0.15743589743589742,
close_relative_species,spaced_kmer_no_phase,150,clean,150,,,,,,Enterobacter,logistic_regression,5.0,0.2,0.1937719298245614,
close_relative_target_binary,spaced_kmer_no_phase,150,clean,90,,,,,,Enterobacter,nearest_centroid,2.0,0.6296296296296297,0.5178571428571428,0.5555555555555556
close_relative_target_binary,spaced_kmer_no_phase,150,clean,90,,,,,,Enterobacter,logistic_regression,2.0,0.7037037037037037,0.5714285714285714,0.6111111111111112
close_relative_species,spaced_kmer_no_phase,150,clean,60,,,,,,Escherichia,nearest_centroid,2.0,0.4444444444444444,0.4375,0.45679012345679015
close_relative_species,spaced_kmer_no_phase,150,clean,60,,,,,,Escherichia,logistic_regression,2.0,0.5555555555555556,0.5555555555555556,0.48148148148148145
close_relative_target_binary,spaced_kmer_no_phase,150,clean,60,,,,,,Escherichia,nearest_centroid,2.0,0.3333333333333333,0.325,0.4320987654320988
close_relative_target_binary,spaced_kmer_no_phase,150,clean,60,,,,,,Escherichia,logistic_regression,2.0,0.4444444444444444,0.4444444444444444,0.4691358024691358
close_relative_species,spaced_kmer_no_phase,150,clean,90,,,,,,Klebsiella,nearest_centroid,3.0,0.2222222222222222,0.22875816993464052,
close_relative_species,spaced_kmer_no_phase,150,clean,90,,,,,,Klebsiella,logistic_regression,3.0,0.25925925925925924,0.25146198830409355,
close_relative_target_binary,spaced_kmer_no_phase,150,clean,90,,,,,,Klebsiella,nearest_centroid,2.0,0.4074074074074074,0.4,0.23765432098765432
close_relative_target_binary,spaced_kmer_no_phase,150,clean,90,,,,,,Klebsiella,logistic_regression,2.0,0.4074074074074074,0.3647058823529412,0.25925925925925924
close_relative_species,spaced_kmer_no_phase,150,N_3pct,120,,,,,,Acinetobacter,nearest_centroid,4.0,0.2777777777777778,0.27710913312693497,
close_relative_species,spaced_kmer_no_phase,150,N_3pct,120,,,,,,Acinetobacter,logistic_regression,4.0,0.25,0.25087719298245614,
close_relative_species,spaced_kmer_no_phase,150,N_3pct,90,,,,,,Burkholderia,nearest_centroid,3.0,0.4444444444444444,0.4146825396825397,
close_relative_species,spaced_kmer_no_phase,150,N_3pct,90,,,,,,Burkholderia,logistic_regression,3.0,0.3333333333333333,0.3174603174603175,
close_relative_target_binary,spaced_kmer_no_phase,150,N_3pct,90,,,,,,Burkholderia,nearest_centroid,2.0,0.48148148148148145,0.4441176470588235,0.4320987654320988
close_relative_target_binary,spaced_kmer_no_phase,150,N_3pct,90,,,,,,Burkholderia,logistic_regression,2.0,0.4444444444444444,0.39097744360902253,0.43209876543209874
close_relative_species,spaced_kmer_no_phase,150,N_3pct,120,,,,,,Candida,nearest_centroid,4.0,0.25,0.23169191919191917,
close_relative_species,spaced_kmer_no_phase,150,N_3pct,120,,,,,,Candida,logistic_regression,4.0,0.3333333333333333,0.3168067226890756,
close_relative_target_binary,spaced_kmer_no_phase,150,N_3pct,90,,,,,,Candida,nearest_centroid,2.0,0.37037037037037035,0.30977443609022554,0.4382716049382716
close_relative_target_binary,spaced_kmer_no_phase,150,N_3pct,90,,,,,,Candida,logistic_regression,2.0,0.5555555555555556,0.46710526315789475,0.4814814814814815
close_relative_species,spaced_kmer_no_phase,150,N_3pct,150,,,,,,Enterobacter,nearest_centroid,5.0,0.15555555555555556,0.14978354978354977,
close_relative_species,spaced_kmer_no_phase,150,N_3pct,150,,,,,,Enterobacter,logistic_regression,5.0,0.15555555555555556,0.14782805429864251,
close_relative_target_binary,spaced_kmer_no_phase,150,N_3pct,90,,,,,,Enterobacter,nearest_centroid,2.0,0.6666666666666666,0.5440900562851783,0.5401234567901234
close_relative_target_binary,spaced_kmer_no_phase,150,N_3pct,90,,,,,,Enterobacter,logistic_regression,2.0,0.6666666666666666,0.5440900562851783,0.5493827160493827
close_relative_species,spaced_kmer_no_phase,150,N_3pct,60,,,,,,Escherichia,nearest_centroid,2.0,0.5,0.4857142857142857,0.46296296296296297
close_relative_species,spaced_kmer_no_phase,150,N_3pct,60,,,,,,Escherichia,logistic_regression,2.0,0.5555555555555556,0.55,0.4567901234567901
close_relative_target_binary,spaced_kmer_no_phase,150,N_3pct,60,,,,,,Escherichia,nearest_centroid,2.0,0.3888888888888889,0.38699690402476783,0.4074074074074074
close_relative_target_binary,spaced_kmer_no_phase,150,N_3pct,60,,,,,,Escherichia,logistic_regression,2.0,0.5,0.4984520123839009,0.4444444444444445
close_relative_species,spaced_kmer_no_phase,150,N_3pct,90,,,,,,Klebsiella,nearest_centroid,3.0,0.25925925925925924,0.2568627450980392,
close_relative_species,spaced_kmer_no_phase,150,N_3pct,90,,,,,,Klebsiella,logistic_regression,3.0,0.3333333333333333,0.32049486461251164,
close_relative_target_binary,spaced_kmer_no_phase,150,N_3pct,90,,,,,,Klebsiella,nearest_centroid,2.0,0.4444444444444444,0.4319775596072931,0.2716049382716049
close_relative_target_binary,spaced_kmer_no_phase,150,N_3pct,90,,,,,,Klebsiella,logistic_regression,2.0,0.4074074074074074,0.3647058823529412,0.32098765432098764
rc_consistency,spaced_kmer_no_phase,300,reverse_complement,1680,0.6303990093410632,0.6315083304587124,0.5695751270632184,,,close_relative_wgs,,,,,
perturbation_stability,spaced_kmer_no_phase,300,N_3pct,1680,0.9825796710162796,,0.9789429043764666,0.18628819450995587,0.2052174193794234,close_relative_wgs,,,,,
perturbation_stability,spaced_kmer_no_phase,300,substitution_1pct,1680,0.9939275203398138,,0.9869757928841935,0.1026093913687684,0.16139521033538043,close_relative_wgs,,,,,
close_relative_species,spaced_kmer_no_phase,300,clean,120,,,,,,Acinetobacter,nearest_centroid,4.0,0.19444444444444445,0.18774509803921569,
close_relative_species,spaced_kmer_no_phase,300,clean,120,,,,,,Acinetobacter,logistic_regression,4.0,0.3055555555555556,0.30919946926138875,
close_relative_species,spaced_kmer_no_phase,300,clean,90,,,,,,Burkholderia,nearest_centroid,3.0,0.48148148148148145,0.47827084049994273,
close_relative_species,spaced_kmer_no_phase,300,clean,90,,,,,,Burkholderia,logistic_regression,3.0,0.37037037037037035,0.37105836486641436,
close_relative_target_binary,spaced_kmer_no_phase,300,clean,90,,,,,,Burkholderia,nearest_centroid,2.0,0.6666666666666666,0.5440900562851783,0.6358024691358024
close_relative_target_binary,spaced_kmer_no_phase,300,clean,90,,,,,,Burkholderia,logistic_regression,2.0,0.5925925925925926,0.49230769230769234,0.6419753086419753
close_relative_species,spaced_kmer_no_phase,300,clean,120,,,,,,Candida,nearest_centroid,4.0,0.2222222222222222,0.2286967418546366,
close_relative_species,spaced_kmer_no_phase,300,clean,120,,,,,,Candida,logistic_regression,4.0,0.2777777777777778,0.2824675324675324,
close_relative_target_binary,spaced_kmer_no_phase,300,clean,90,,,,,,Candida,nearest_centroid,2.0,0.6666666666666666,0.4,0.462962962962963
close_relative_target_binary,spaced_kmer_no_phase,300,clean,90,,,,,,Candida,logistic_regression,2.0,0.6296296296296297,0.38636363636363635,0.4012345679012346
close_relative_species,spaced_kmer_no_phase,300,clean,150,,,,,,Enterobacter,nearest_centroid,5.0,0.15555555555555556,0.15198412698412697,
close_relative_species,spaced_kmer_no_phase,300,clean,150,,,,,,Enterobacter,logistic_regression,5.0,0.17777777777777778,0.17544860368389778,
close_relative_target_binary,spaced_kmer_no_phase,300,clean,90,,,,,,Enterobacter,nearest_centroid,2.0,0.5555555555555556,0.5235294117647059,0.5432098765432098
close_relative_target_binary,spaced_kmer_no_phase,300,clean,90,,,,,,Enterobacter,logistic_regression,2.0,0.5925925925925926,0.5533834586466165,0.5925925925925926
close_relative_species,spaced_kmer_no_phase,300,clean,60,,,,,,Escherichia,nearest_centroid,2.0,0.6111111111111112,0.6,0.2962962962962963
close_relative_species,spaced_kmer_no_phase,300,clean,60,,,,,,Escherichia,logistic_regression,2.0,0.5,0.4857142857142857,0.345679012345679
close_relative_target_binary,spaced_kmer_no_phase,300,clean,60,,,,,,Escherichia,nearest_centroid,2.0,0.5555555555555556,0.55,0.48148148148148145
close_relative_target_binary,spaced_kmer_no_phase,300,clean,60,,,,,,Escherichia,logistic_regression,2.0,0.5,0.4984520123839009,0.6296296296296295
close_relative_species,spaced_kmer_no_phase,300,clean,90,,,,,,Klebsiella,nearest_centroid,3.0,0.2962962962962963,0.29074074074074074,
close_relative_species,spaced_kmer_no_phase,300,clean,90,,,,,,Klebsiella,logistic_regression,3.0,0.3333333333333333,0.3289473684210526,
close_relative_target_binary,spaced_kmer_no_phase,300,clean,90,,,,,,Klebsiella,nearest_centroid,2.0,0.6666666666666666,0.4862579281183932,0.47530864197530864
close_relative_target_binary,spaced_kmer_no_phase,300,clean,90,,,,,,Klebsiella,logistic_regression,2.0,0.6666666666666666,0.4862579281183932,0.3950617283950617
close_relative_species,spaced_kmer_no_phase,300,N_3pct,120,,,,,,Acinetobacter,nearest_centroid,4.0,0.2222222222222222,0.2236111111111111,
close_relative_species,spaced_kmer_no_phase,300,N_3pct,120,,,,,,Acinetobacter,logistic_regression,4.0,0.25,0.23289473684210527,
close_relative_species,spaced_kmer_no_phase,300,N_3pct,90,,,,,,Burkholderia,nearest_centroid,3.0,0.4444444444444444,0.4411764705882353,
close_relative_species,spaced_kmer_no_phase,300,N_3pct,90,,,,,,Burkholderia,logistic_regression,3.0,0.4444444444444444,0.4444444444444444,
close_relative_target_binary,spaced_kmer_no_phase,300,N_3pct,90,,,,,,Burkholderia,nearest_centroid,2.0,0.6666666666666666,0.5440900562851783,0.6419753086419753
close_relative_target_binary,spaced_kmer_no_phase,300,N_3pct,90,,,,,,Burkholderia,logistic_regression,2.0,0.5555555555555556,0.4214285714285714,0.6604938271604938
close_relative_species,spaced_kmer_no_phase,300,N_3pct,120,,,,,,Candida,nearest_centroid,4.0,0.2777777777777778,0.28450292397660815,
close_relative_species,spaced_kmer_no_phase,300,N_3pct,120,,,,,,Candida,logistic_regression,4.0,0.25,0.2417184265010352,
close_relative_target_binary,spaced_kmer_no_phase,300,N_3pct,90,,,,,,Candida,nearest_centroid,2.0,0.6296296296296297,0.38636363636363635,0.462962962962963
close_relative_target_binary,spaced_kmer_no_phase,300,N_3pct,90,,,,,,Candida,logistic_regression,2.0,0.6296296296296297,0.38636363636363635,0.4506172839506173
close_relative_species,spaced_kmer_no_phase,300,N_3pct,150,,,,,,Enterobacter,nearest_centroid,5.0,0.1111111111111111,0.09714285714285714,
close_relative_species,spaced_kmer_no_phase,300,N_3pct,150,,,,,,Enterobacter,logistic_regression,5.0,0.2,0.19605680868838765,
close_relative_target_binary,spaced_kmer_no_phase,300,N_3pct,90,,,,,,Enterobacter,nearest_centroid,2.0,0.5185185185185185,0.4935064935064935,0.5864197530864197
close_relative_target_binary,spaced_kmer_no_phase,300,N_3pct,90,,,,,,Enterobacter,logistic_regression,2.0,0.5925925925925926,0.5278219395866455,0.6172839506172839
close_relative_species,spaced_kmer_no_phase,300,N_3pct,60,,,,,,Escherichia,nearest_centroid,2.0,0.5,0.4984520123839009,0.26543209876543206
close_relative_species,spaced_kmer_no_phase,300,N_3pct,60,,,,,,Escherichia,logistic_regression,2.0,0.3888888888888889,0.38699690402476783,0.2716049382716049
close_relative_target_binary,spaced_kmer_no_phase,300,N_3pct,60,,,,,,Escherichia,nearest_centroid,2.0,0.5,0.4857142857142857,0.3827160493827161
close_relative_target_binary,spaced_kmer_no_phase,300,N_3pct,60,,,,,,Escherichia,logistic_regression,2.0,0.4444444444444444,0.41558441558441556,0.48148148148148145
close_relative_species,spaced_kmer_no_phase,300,N_3pct,90,,,,,,Klebsiella,nearest_centroid,3.0,0.37037037037037035,0.35923141186299085,
close_relative_species,spaced_kmer_no_phase,300,N_3pct,90,,,,,,Klebsiella,logistic_regression,3.0,0.2962962962962963,0.28874883286647995,
close_relative_target_binary,spaced_kmer_no_phase,300,N_3pct,90,,,,,,Klebsiella,nearest_centroid,2.0,0.6296296296296297,0.46428571428571425,0.4290123456790123
close_relative_target_binary,spaced_kmer_no_phase,300,N_3pct,90,,,,,,Klebsiella,logistic_regression,2.0,0.6296296296296297,0.46428571428571425,0.4012345679012346
rc_consistency,spaced_kmer_phase,75,reverse_complement,400,0.7922969438680606,0.7944884475060876,0.7184221433604293,,,,,,,,
perturbation_stability,spaced_kmer_phase,75,N_3pct,400,0.9899989163085999,,0.9864180909639929,0.14041289338992413,0.16481440730043792,,,,,,
perturbation_stability,spaced_kmer_phase,75,substitution_1pct,400,0.9960093331620405,,0.9860057712522318,0.06265863982815975,0.16729739081338846,,,,,,
motif_position,spaced_kmer_phase,75,clean,240,,,,,,toy_motif,nearest_centroid,3.0,0.6388888888888888,0.6377104377104378,
motif_position,spaced_kmer_phase,75,clean,240,,,,,,toy_motif,logistic_regression,3.0,0.6666666666666666,0.6680574452003024,
motif_position,spaced_kmer_phase,75,N_3pct,240,,,,,,toy_motif,nearest_centroid,3.0,0.6388888888888888,0.6377104377104378,
motif_position,spaced_kmer_phase,75,N_3pct,240,,,,,,toy_motif,logistic_regression,3.0,0.5972222222222222,0.5991100842852864,
rc_consistency,spaced_kmer_phase,75,reverse_complement,1680,0.7636325651280209,0.7669379362519546,0.6846783469052685,,,close_relative_wgs,,,,,
perturbation_stability,spaced_kmer_phase,75,N_3pct,1680,0.9906154259010919,,0.986402336157641,0.1357085396111558,0.16491005933515915,close_relative_wgs,,,,,
perturbation_stability,spaced_kmer_phase,75,substitution_1pct,1680,0.9962441291196715,,0.9868966077331248,0.06083476090647857,0.16188509540018908,close_relative_wgs,,,,,
close_relative_species,spaced_kmer_phase,75,clean,120,,,,,,Acinetobacter,nearest_centroid,4.0,0.2222222222222222,0.2173611111111111,
close_relative_species,spaced_kmer_phase,75,clean,120,,,,,,Acinetobacter,logistic_regression,4.0,0.25,0.2531067251461988,
close_relative_species,spaced_kmer_phase,75,clean,90,,,,,,Burkholderia,nearest_centroid,3.0,0.4074074074074074,0.4057017543859649,
close_relative_species,spaced_kmer_phase,75,clean,90,,,,,,Burkholderia,logistic_regression,3.0,0.37037037037037035,0.35004177109440265,
close_relative_target_binary,spaced_kmer_phase,75,clean,90,,,,,,Burkholderia,nearest_centroid,2.0,0.5555555555555556,0.5235294117647059,0.6358024691358024
close_relative_target_binary,spaced_kmer_phase,75,clean,90,,,,,,Burkholderia,logistic_regression,2.0,0.5185185185185185,0.47218045112781953,0.4814814814814815
close_relative_species,spaced_kmer_phase,75,clean,120,,,,,,Candida,nearest_centroid,4.0,0.3055555555555556,0.2973731884057971,
close_relative_species,spaced_kmer_phase,75,clean,120,,,,,,Candida,logistic_regression,4.0,0.3055555555555556,0.2986519607843137,
close_relative_target_binary,spaced_kmer_phase,75,clean,90,,,,,,Candida,nearest_centroid,2.0,0.4444444444444444,0.39097744360902253,0.4382716049382716
close_relative_target_binary,spaced_kmer_phase,75,clean,90,,,,,,Candida,logistic_regression,2.0,0.5925925925925926,0.49230769230769234,0.4506172839506173
close_relative_species,spaced_kmer_phase,75,clean,150,,,,,,Enterobacter,nearest_centroid,5.0,0.3111111111111111,0.2937355152587351,
close_relative_species,spaced_kmer_phase,75,clean,150,,,,,,Enterobacter,logistic_regression,5.0,0.28888888888888886,0.2867079463364293,
close_relative_target_binary,spaced_kmer_phase,75,clean,90,,,,,,Enterobacter,nearest_centroid,2.0,0.5555555555555556,0.5397727272727273,0.5092592592592593
close_relative_target_binary,spaced_kmer_phase,75,clean,90,,,,,,Enterobacter,logistic_regression,2.0,0.5555555555555556,0.5235294117647059,0.5740740740740741
close_relative_species,spaced_kmer_phase,75,clean,60,,,,,,Escherichia,nearest_centroid,2.0,0.5,0.4984520123839009,0.5740740740740741
close_relative_species,spaced_kmer_phase,75,clean,60,,,,,,Escherichia,logistic_regression,2.0,0.4444444444444444,0.4375,0.5432098765432098
close_relative_target_binary,spaced_kmer_phase,75,clean,60,,,,,,Escherichia,nearest_centroid,2.0,0.3888888888888889,0.38699690402476783,0.49382716049382713
close_relative_target_binary,spaced_kmer_phase,75,clean,60,,,,,,Escherichia,logistic_regression,2.0,0.6111111111111112,0.6,0.654320987654321
close_relative_species,spaced_kmer_phase,75,clean,90,,,,,,Klebsiella,nearest_centroid,3.0,0.3333333333333333,0.3102453102453102,
close_relative_species,spaced_kmer_phase,75,clean,90,,,,,,Klebsiella,logistic_regression,3.0,0.37037037037037035,0.36613756613756615,
close_relative_target_binary,spaced_kmer_phase,75,clean,90,,,,,,Klebsiella,nearest_centroid,2.0,0.6296296296296297,0.6029411764705883,0.5925925925925926
close_relative_target_binary,spaced_kmer_phase,75,clean,90,,,,,,Klebsiella,logistic_regression,2.0,0.5925925925925926,0.5278219395866455,0.5432098765432098
close_relative_species,spaced_kmer_phase,75,N_3pct,120,,,,,,Acinetobacter,nearest_centroid,4.0,0.16666666666666666,0.1527777777777778,
close_relative_species,spaced_kmer_phase,75,N_3pct,120,,,,,,Acinetobacter,logistic_regression,4.0,0.25,0.25609243697478995,
close_relative_species,spaced_kmer_phase,75,N_3pct,90,,,,,,Burkholderia,nearest_centroid,3.0,0.4074074074074074,0.40277777777777773,
close_relative_species,spaced_kmer_phase,75,N_3pct,90,,,,,,Burkholderia,logistic_regression,3.0,0.37037037037037035,0.364327485380117,
close_relative_target_binary,spaced_kmer_phase,75,N_3pct,90,,,,,,Burkholderia,nearest_centroid,2.0,0.5925925925925926,0.5714285714285714,0.5925925925925926
close_relative_target_binary,spaced_kmer_phase,75,N_3pct,90,,,,,,Burkholderia,logistic_regression,2.0,0.4444444444444444,0.39097744360902253,0.5061728395061729
close_relative_species,spaced_kmer_phase,75,N_3pct,120,,,,,,Candida,nearest_centroid,4.0,0.2777777777777778,0.27250030446961393,
close_relative_species,spaced_kmer_phase,75,N_3pct,120,,,,,,Candida,logistic_regression,4.0,0.25,0.22999999999999998,
close_relative_target_binary,spaced_kmer_phase,75,N_3pct,90,,,,,,Candida,nearest_centroid,2.0,0.5925925925925926,0.5714285714285714,0.4722222222222222
close_relative_target_binary,spaced_kmer_phase,75,N_3pct,90,,,,,,Candida,logistic_regression,2.0,0.6296296296296297,0.555921052631579,0.40740740740740744
close_relative_species,spaced_kmer_phase,75,N_3pct,150,,,,,,Enterobacter,nearest_centroid,5.0,0.2222222222222222,0.20983660130718956,
close_relative_species,spaced_kmer_phase,75,N_3pct,150,,,,,,Enterobacter,logistic_regression,5.0,0.2222222222222222,0.21878448349036583,
close_relative_target_binary,spaced_kmer_phase,75,N_3pct,90,,,,,,Enterobacter,nearest_centroid,2.0,0.5555555555555556,0.55,0.49691358024691357
close_relative_target_binary,spaced_kmer_phase,75,N_3pct,90,,,,,,Enterobacter,logistic_regression,2.0,0.6296296296296297,0.6029411764705883,0.5617283950617284
close_relative_species,spaced_kmer_phase,75,N_3pct,60,,,,,,Escherichia,nearest_centroid,2.0,0.5555555555555556,0.55,0.5432098765432098
close_relative_species,spaced_kmer_phase,75,N_3pct,60,,,,,,Escherichia,logistic_regression,2.0,0.5,0.4984520123839009,0.5802469135802469
close_relative_target_binary,spaced_kmer_phase,75,N_3pct,60,,,,,,Escherichia,nearest_centroid,2.0,0.4444444444444444,0.4444444444444444,0.5555555555555556
close_relative_target_binary,spaced_kmer_phase,75,N_3pct,60,,,,,,Escherichia,logistic_regression,2.0,0.6111111111111112,0.6,0.7037037037037037
close_relative_species,spaced_kmer_phase,75,N_3pct,90,,,,,,Klebsiella,nearest_centroid,3.0,0.3333333333333333,0.32941176470588235,
close_relative_species,spaced_kmer_phase,75,N_3pct,90,,,,,,Klebsiella,logistic_regression,3.0,0.4444444444444444,0.443859649122807,
close_relative_target_binary,spaced_kmer_phase,75,N_3pct,90,,,,,,Klebsiella,nearest_centroid,2.0,0.5925925925925926,0.5714285714285714,0.5833333333333333
close_relative_target_binary,spaced_kmer_phase,75,N_3pct,90,,,,,,Klebsiella,logistic_regression,2.0,0.5555555555555556,0.4214285714285714,0.5061728395061729
rc_consistency,spaced_kmer_phase,100,reverse_complement,400,0.7969532191550367,0.7959269076348385,0.7282086478808463,,,,,,,,
perturbation_stability,spaced_kmer_phase,100,N_3pct,400,0.9888384612181482,,0.9853109613390012,0.14877346745787018,0.17140034220075537,,,,,,
perturbation_stability,spaced_kmer_phase,100,substitution_1pct,400,0.9958769652325598,,0.9874395296228848,0.07053980200575367,0.1584957262622121,,,,,,
motif_position,spaced_kmer_phase,100,clean,240,,,,,,toy_motif,nearest_centroid,3.0,0.5416666666666666,0.5395969498910675,
motif_position,spaced_kmer_phase,100,clean,240,,,,,,toy_motif,logistic_regression,3.0,0.625,0.6220904699165568,
motif_position,spaced_kmer_phase,100,N_3pct,240,,,,,,toy_motif,nearest_centroid,3.0,0.4861111111111111,0.4833470057424118,
motif_position,spaced_kmer_phase,100,N_3pct,240,,,,,,toy_motif,logistic_regression,3.0,0.625,0.6224400871459695,
rc_consistency,spaced_kmer_phase,100,reverse_complement,1680,0.771241168495127,0.7743459094080483,0.7068793562880902,,,close_relative_wgs,,,,,
perturbation_stability,spaced_kmer_phase,100,N_3pct,1680,0.9893044393583637,,0.9853568105956472,0.14539777778209784,0.171132627051765,close_relative_wgs,,,,,
perturbation_stability,spaced_kmer_phase,100,substitution_1pct,1680,0.9959941146090033,,0.9871880871499392,0.06872897906308806,0.16007443761488482,close_relative_wgs,,,,,
close_relative_species,spaced_kmer_phase,100,clean,120,,,,,,Acinetobacter,nearest_centroid,4.0,0.3333333333333333,0.29617224880382775,
close_relative_species,spaced_kmer_phase,100,clean,120,,,,,,Acinetobacter,logistic_regression,4.0,0.3055555555555556,0.2889880952380952,
close_relative_species,spaced_kmer_phase,100,clean,90,,,,,,Burkholderia,nearest_centroid,3.0,0.3333333333333333,0.32989336085311316,
close_relative_species,spaced_kmer_phase,100,clean,90,,,,,,Burkholderia,logistic_regression,3.0,0.4074074074074074,0.4144020181171884,
close_relative_target_binary,spaced_kmer_phase,100,clean,90,,,,,,Burkholderia,nearest_centroid,2.0,0.6296296296296297,0.6029411764705883,0.7253086419753086
close_relative_target_binary,spaced_kmer_phase,100,clean,90,,,,,,Burkholderia,logistic_regression,2.0,0.6296296296296297,0.5178571428571428,0.6790123456790124
close_relative_species,spaced_kmer_phase,100,clean,120,,,,,,Candida,nearest_centroid,4.0,0.25,0.2444444444444444,
close_relative_species,spaced_kmer_phase,100,clean,120,,,,,,Candida,logistic_regression,4.0,0.3333333333333333,0.2866666666666666,
close_relative_target_binary,spaced_kmer_phase,100,clean,90,,,,,,Candida,nearest_centroid,2.0,0.48148148148148145,0.4441176470588235,0.3641975308641975
close_relative_target_binary,spaced_kmer_phase,100,clean,90,,,,,,Candida,logistic_regression,2.0,0.48148148148148145,0.4166666666666667,0.4444444444444444
close_relative_species,spaced_kmer_phase,100,clean,150,,,,,,Enterobacter,nearest_centroid,5.0,0.2222222222222222,0.24502343202033608,
close_relative_species,spaced_kmer_phase,100,clean,150,,,,,,Enterobacter,logistic_regression,5.0,0.2,0.2027310924369748,
close_relative_target_binary,spaced_kmer_phase,100,clean,90,,,,,,Enterobacter,nearest_centroid,2.0,0.7037037037037037,0.6447368421052632,0.7222222222222223
close_relative_target_binary,spaced_kmer_phase,100,clean,90,,,,,,Enterobacter,logistic_regression,2.0,0.6666666666666666,0.5846153846153846,0.7037037037037037
close_relative_species,spaced_kmer_phase,100,clean,60,,,,,,Escherichia,nearest_centroid,2.0,0.3888888888888889,0.37142857142857144,0.5802469135802469
close_relative_species,spaced_kmer_phase,100,clean,60,,,,,,Escherichia,logistic_regression,2.0,0.5,0.4984520123839009,0.5432098765432098
close_relative_target_binary,spaced_kmer_phase,100,clean,60,,,,,,Escherichia,nearest_centroid,2.0,0.3333333333333333,0.325,0.40740740740740744
close_relative_target_binary,spaced_kmer_phase,100,clean,60,,,,,,Escherichia,logistic_regression,2.0,0.3888888888888889,0.37142857142857144,0.40740740740740744
close_relative_species,spaced_kmer_phase,100,clean,90,,,,,,Klebsiella,nearest_centroid,3.0,0.4444444444444444,0.402589240824535,
close_relative_species,spaced_kmer_phase,100,clean,90,,,,,,Klebsiella,logistic_regression,3.0,0.4074074074074074,0.40196078431372545,
close_relative_target_binary,spaced_kmer_phase,100,clean,90,,,,,,Klebsiella,nearest_centroid,2.0,0.5925925925925926,0.5533834586466165,0.5679012345679012
close_relative_target_binary,spaced_kmer_phase,100,clean,90,,,,,,Klebsiella,logistic_regression,2.0,0.5555555555555556,0.5235294117647059,0.4814814814814815
close_relative_species,spaced_kmer_phase,100,N_3pct,120,,,,,,Acinetobacter,nearest_centroid,4.0,0.3055555555555556,0.2802631578947368,
close_relative_species,spaced_kmer_phase,100,N_3pct,120,,,,,,Acinetobacter,logistic_regression,4.0,0.2222222222222222,0.21250000000000002,
close_relative_species,spaced_kmer_phase,100,N_3pct,90,,,,,,Burkholderia,nearest_centroid,3.0,0.3333333333333333,0.32941176470588235,
close_relative_species,spaced_kmer_phase,100,N_3pct,90,,,,,,Burkholderia,logistic_regression,3.0,0.37037037037037035,0.3703703703703704,
close_relative_target_binary,spaced_kmer_phase,100,N_3pct,90,,,,,,Burkholderia,nearest_centroid,2.0,0.6666666666666666,0.6136724960254372,0.7777777777777778
close_relative_target_binary,spaced_kmer_phase,100,N_3pct,90,,,,,,Burkholderia,logistic_regression,2.0,0.6666666666666666,0.5440900562851783,0.7345679012345678
close_relative_species,spaced_kmer_phase,100,N_3pct,120,,,,,,Candida,nearest_centroid,4.0,0.3333333333333333,0.3151570048309179,
close_relative_species,spaced_kmer_phase,100,N_3pct,120,,,,,,Candida,logistic_regression,4.0,0.3055555555555556,0.25257575757575756,
close_relative_target_binary,spaced_kmer_phase,100,N_3pct,90,,,,,,Candida,nearest_centroid,2.0,0.48148148148148145,0.4166666666666667,0.42592592592592593
close_relative_target_binary,spaced_kmer_phase,100,N_3pct,90,,,,,,Candida,logistic_regression,2.0,0.48148148148148145,0.4166666666666667,0.4814814814814815
close_relative_species,spaced_kmer_phase,100,N_3pct,150,,,,,,Enterobacter,nearest_centroid,5.0,0.15555555555555556,0.16113301155702553,
close_relative_species,spaced_kmer_phase,100,N_3pct,150,,,,,,Enterobacter,logistic_regression,5.0,0.17777777777777778,0.1786549707602339,
close_relative_target_binary,spaced_kmer_phase,100,N_3pct,90,,,,,,Enterobacter,nearest_centroid,2.0,0.5925925925925926,0.5533834586466165,0.6604938271604939
close_relative_target_binary,spaced_kmer_phase,100,N_3pct,90,,,,,,Enterobacter,logistic_regression,2.0,0.5925925925925926,0.5278219395866455,0.611111111111111
close_relative_species,spaced_kmer_phase,100,N_3pct,60,,,,,,Escherichia,nearest_centroid,2.0,0.4444444444444444,0.4375,0.5555555555555556
close_relative_species,spaced_kmer_phase,100,N_3pct,60,,,,,,Escherichia,logistic_regression,2.0,0.5,0.4984520123839009,0.4938271604938272
close_relative_target_binary,spaced_kmer_phase,100,N_3pct,60,,,,,,Escherichia,nearest_centroid,2.0,0.3888888888888889,0.38699690402476783,0.4012345679012346
close_relative_target_binary,spaced_kmer_phase,100,N_3pct,60,,,,,,Escherichia,logistic_regression,2.0,0.4444444444444444,0.4375,0.4197530864197531
close_relative_species,spaced_kmer_phase,100,N_3pct,90,,,,,,Klebsiella,nearest_centroid,3.0,0.4444444444444444,0.38961538461538464,
close_relative_species,spaced_kmer_phase,100,N_3pct,90,,,,,,Klebsiella,logistic_regression,3.0,0.4444444444444444,0.43611111111111106,
close_relative_target_binary,spaced_kmer_phase,100,N_3pct,90,,,,,,Klebsiella,nearest_centroid,2.0,0.5555555555555556,0.5,0.5617283950617284
close_relative_target_binary,spaced_kmer_phase,100,N_3pct,90,,,,,,Klebsiella,logistic_regression,2.0,0.5185185185185185,0.4419713831478538,0.47530864197530864
rc_consistency,spaced_kmer_phase,125,reverse_complement,1680,0.7658374918767656,0.7668226389076183,0.70440240013954,,,close_relative_wgs,,,,,
perturbation_stability,spaced_kmer_phase,125,N_3pct,1680,0.9884986720848339,,0.9849677735136348,0.15102092523839325,0.17339104057277746,close_relative_wgs,,,,,
perturbation_stability,spaced_kmer_phase,125,substitution_1pct,1680,0.9958818814247961,,0.989013575172786,0.0747403605804284,0.14823237263878683,close_relative_wgs,,,,,
close_relative_species,spaced_kmer_phase,125,clean,120,,,,,,Acinetobacter,nearest_centroid,4.0,0.4166666666666667,0.4065842245989305,
close_relative_species,spaced_kmer_phase,125,clean,120,,,,,,Acinetobacter,logistic_regression,4.0,0.2777777777777778,0.26626984126984127,
close_relative_species,spaced_kmer_phase,125,clean,90,,,,,,Burkholderia,nearest_centroid,3.0,0.37037037037037035,0.37644623066617955,
close_relative_species,spaced_kmer_phase,125,clean,90,,,,,,Burkholderia,logistic_regression,3.0,0.4074074074074074,0.3943191311612364,
close_relative_target_binary,spaced_kmer_phase,125,clean,90,,,,,,Burkholderia,nearest_centroid,2.0,0.7407407407407407,0.676923076923077,0.5864197530864197
close_relative_target_binary,spaced_kmer_phase,125,clean,90,,,,,,Burkholderia,logistic_regression,2.0,0.7037037037037037,0.6142857142857143,0.691358024691358
close_relative_species,spaced_kmer_phase,125,clean,120,,,,,,Candida,nearest_centroid,4.0,0.2222222222222222,0.21637426900584794,
close_relative_species,spaced_kmer_phase,125,clean,120,,,,,,Candida,logistic_regression,4.0,0.25,0.2341858482523444,
close_relative_target_binary,spaced_kmer_phase,125,clean,90,,,,,,Candida,nearest_centroid,2.0,0.48148148148148145,0.4630681818181818,0.46296296296296297
close_relative_target_binary,spaced_kmer_phase,125,clean,90,,,,,,Candida,logistic_regression,2.0,0.5185185185185185,0.47218045112781953,0.5123456790123457
close_relative_species,spaced_kmer_phase,125,clean,150,,,,,,Enterobacter,nearest_centroid,5.0,0.24444444444444444,0.23039028731248412,
close_relative_species,spaced_kmer_phase,125,clean,150,,,,,,Enterobacter,logistic_regression,5.0,0.2,0.1831680650902619,
close_relative_target_binary,spaced_kmer_phase,125,clean,90,,,,,,Enterobacter,nearest_centroid,2.0,0.5555555555555556,0.46710526315789475,0.5432098765432098
close_relative_target_binary,spaced_kmer_phase,125,clean,90,,,,,,Enterobacter,logistic_regression,2.0,0.5925925925925926,0.5278219395866455,0.49999999999999994
close_relative_species,spaced_kmer_phase,125,clean,60,,,,,,Escherichia,nearest_centroid,2.0,0.3888888888888889,0.38699690402476783,0.4506172839506173
close_relative_species,spaced_kmer_phase,125,clean,60,,,,,,Escherichia,logistic_regression,2.0,0.4444444444444444,0.4444444444444444,0.4567901234567901
close_relative_target_binary,spaced_kmer_phase,125,clean,60,,,,,,Escherichia,nearest_centroid,2.0,0.5,0.4984520123839009,0.5555555555555556
close_relative_target_binary,spaced_kmer_phase,125,clean,60,,,,,,Escherichia,logistic_regression,2.0,0.5555555555555556,0.55,0.5308641975308641
close_relative_species,spaced_kmer_phase,125,clean,90,,,,,,Klebsiella,nearest_centroid,3.0,0.25925925925925924,0.25971792225662194,
close_relative_species,spaced_kmer_phase,125,clean,90,,,,,,Klebsiella,logistic_regression,3.0,0.3333333333333333,0.32756132756132755,
close_relative_target_binary,spaced_kmer_phase,125,clean,90,,,,,,Klebsiella,nearest_centroid,2.0,0.5555555555555556,0.46710526315789475,0.6790123456790123
close_relative_target_binary,spaced_kmer_phase,125,clean,90,,,,,,Klebsiella,logistic_regression,2.0,0.7037037037037037,0.6142857142857143,0.7098765432098766
close_relative_species,spaced_kmer_phase,125,N_3pct,120,,,,,,Acinetobacter,nearest_centroid,4.0,0.4166666666666667,0.4100398053958425,
close_relative_species,spaced_kmer_phase,125,N_3pct,120,,,,,,Acinetobacter,logistic_regression,4.0,0.3333333333333333,0.31382385730211815,
close_relative_species,spaced_kmer_phase,125,N_3pct,90,,,,,,Burkholderia,nearest_centroid,3.0,0.2962962962962963,0.30793650793650795,
close_relative_species,spaced_kmer_phase,125,N_3pct,90,,,,,,Burkholderia,logistic_regression,3.0,0.37037037037037035,0.35873015873015873,
close_relative_target_binary,spaced_kmer_phase,125,N_3pct,90,,,,,,Burkholderia,nearest_centroid,2.0,0.7777777777777778,0.7107142857142856,0.5925925925925927
close_relative_target_binary,spaced_kmer_phase,125,N_3pct,90,,,,,,Burkholderia,logistic_regression,2.0,0.7777777777777778,0.7107142857142856,0.6728395061728395
close_relative_species,spaced_kmer_phase,125,N_3pct,120,,,,,,Candida,nearest_centroid,4.0,0.25,0.23849206349206348,
close_relative_species,spaced_kmer_phase,125,N_3pct,120,,,,,,Candida,logistic_regression,4.0,0.3055555555555556,0.2951388888888889,
close_relative_target_binary,spaced_kmer_phase,125,N_3pct,90,,,,,,Candida,nearest_centroid,2.0,0.48148148148148145,0.4441176470588235,0.47530864197530864
close_relative_target_binary,spaced_kmer_phase,125,N_3pct,90,,,,,,Candida,logistic_regression,2.0,0.48148148148148145,0.3782894736842105,0.4876543209876543
close_relative_species,spaced_kmer_phase,125,N_3pct,150,,,,,,Enterobacter,nearest_centroid,5.0,0.26666666666666666,0.25807816643056913,
close_relative_species,spaced_kmer_phase,125,N_3pct,150,,,,,,Enterobacter,logistic_regression,5.0,0.2222222222222222,0.21494127475551625,
close_relative_target_binary,spaced_kmer_phase,125,N_3pct,90,,,,,,Enterobacter,nearest_centroid,2.0,0.5925925925925926,0.49230769230769234,0.5432098765432098
close_relative_target_binary,spaced_kmer_phase,125,N_3pct,90,,,,,,Enterobacter,logistic_regression,2.0,0.5555555555555556,0.5,0.5061728395061729
close_relative_species,spaced_kmer_phase,125,N_3pct,60,,,,,,Escherichia,nearest_centroid,2.0,0.5,0.4984520123839009,0.48765432098765427
close_relative_species,spaced_kmer_phase,125,N_3pct,60,,,,,,Escherichia,logistic_regression,2.0,0.4444444444444444,0.4444444444444444,0.4814814814814815
close_relative_target_binary,spaced_kmer_phase,125,N_3pct,60,,,,,,Escherichia,nearest_centroid,2.0,0.4444444444444444,0.4375,0.5555555555555556
close_relative_target_binary,spaced_kmer_phase,125,N_3pct,60,,,,,,Escherichia,logistic_regression,2.0,0.6111111111111112,0.609907120743034,0.5185185185185186
close_relative_species,spaced_kmer_phase,125,N_3pct,90,,,,,,Klebsiella,nearest_centroid,3.0,0.1111111111111111,0.10833333333333334,
close_relative_species,spaced_kmer_phase,125,N_3pct,90,,,,,,Klebsiella,logistic_regression,3.0,0.3333333333333333,0.3296172426607209,
close_relative_target_binary,spaced_kmer_phase,125,N_3pct,90,,,,,,Klebsiella,nearest_centroid,2.0,0.5925925925925926,0.49230769230769234,0.654320987654321
close_relative_target_binary,spaced_kmer_phase,125,N_3pct,90,,,,,,Klebsiella,logistic_regression,2.0,0.7777777777777778,0.7107142857142856,0.7654320987654321
rc_consistency,spaced_kmer_phase,150,reverse_complement,1680,0.7690335525081123,0.7717592834579869,0.7106970381578313,,,close_relative_wgs,,,,,
perturbation_stability,spaced_kmer_phase,150,N_3pct,1680,0.9905308573007712,,0.9877036513989365,0.1370391747093431,0.15682058921565123,close_relative_wgs,,,,,
perturbation_stability,spaced_kmer_phase,150,substitution_1pct,1680,0.9961710721888554,,0.9899471263540525,0.07399678131653722,0.14179473559911537,close_relative_wgs,,,,,
close_relative_species,spaced_kmer_phase,150,clean,120,,,,,,Acinetobacter,nearest_centroid,4.0,0.2777777777777778,0.27579334365325076,
close_relative_species,spaced_kmer_phase,150,clean,120,,,,,,Acinetobacter,logistic_regression,4.0,0.25,0.25049019607843137,
close_relative_species,spaced_kmer_phase,150,clean,90,,,,,,Burkholderia,nearest_centroid,3.0,0.4074074074074074,0.38690476190476186,
close_relative_species,spaced_kmer_phase,150,clean,90,,,,,,Burkholderia,logistic_regression,3.0,0.4074074074074074,0.38690476190476186,
close_relative_target_binary,spaced_kmer_phase,150,clean,90,,,,,,Burkholderia,nearest_centroid,2.0,0.4444444444444444,0.41558441558441556,0.42592592592592593
close_relative_target_binary,spaced_kmer_phase,150,clean,90,,,,,,Burkholderia,logistic_regression,2.0,0.4444444444444444,0.39097744360902253,0.4444444444444444
close_relative_species,spaced_kmer_phase,150,clean,120,,,,,,Candida,nearest_centroid,4.0,0.25,0.24613003095975233,
close_relative_species,spaced_kmer_phase,150,clean,120,,,,,,Candida,logistic_regression,4.0,0.3611111111111111,0.3355448717948718,
close_relative_target_binary,spaced_kmer_phase,150,clean,90,,,,,,Candida,nearest_centroid,2.0,0.4444444444444444,0.39097744360902253,0.4320987654320988
close_relative_target_binary,spaced_kmer_phase,150,clean,90,,,,,,Candida,logistic_regression,2.0,0.5185185185185185,0.4419713831478538,0.49382716049382713
close_relative_species,spaced_kmer_phase,150,clean,150,,,,,,Enterobacter,nearest_centroid,5.0,0.17777777777777778,0.15743589743589742,
close_relative_species,spaced_kmer_phase,150,clean,150,,,,,,Enterobacter,logistic_regression,5.0,0.2,0.1937719298245614,
close_relative_target_binary,spaced_kmer_phase,150,clean,90,,,,,,Enterobacter,nearest_centroid,2.0,0.6296296296296297,0.5178571428571428,0.5555555555555556
close_relative_target_binary,spaced_kmer_phase,150,clean,90,,,,,,Enterobacter,logistic_regression,2.0,0.7037037037037037,0.5714285714285714,0.6111111111111112
close_relative_species,spaced_kmer_phase,150,clean,60,,,,,,Escherichia,nearest_centroid,2.0,0.4444444444444444,0.4375,0.45679012345679015
close_relative_species,spaced_kmer_phase,150,clean,60,,,,,,Escherichia,logistic_regression,2.0,0.5555555555555556,0.5555555555555556,0.48148148148148145
close_relative_target_binary,spaced_kmer_phase,150,clean,60,,,,,,Escherichia,nearest_centroid,2.0,0.3333333333333333,0.325,0.4320987654320988
close_relative_target_binary,spaced_kmer_phase,150,clean,60,,,,,,Escherichia,logistic_regression,2.0,0.4444444444444444,0.4444444444444444,0.4691358024691358
close_relative_species,spaced_kmer_phase,150,clean,90,,,,,,Klebsiella,nearest_centroid,3.0,0.2222222222222222,0.22875816993464052,
close_relative_species,spaced_kmer_phase,150,clean,90,,,,,,Klebsiella,logistic_regression,3.0,0.25925925925925924,0.25146198830409355,
close_relative_target_binary,spaced_kmer_phase,150,clean,90,,,,,,Klebsiella,nearest_centroid,2.0,0.4074074074074074,0.4,0.23765432098765432
close_relative_target_binary,spaced_kmer_phase,150,clean,90,,,,,,Klebsiella,logistic_regression,2.0,0.4074074074074074,0.3647058823529412,0.25925925925925924
close_relative_species,spaced_kmer_phase,150,N_3pct,120,,,,,,Acinetobacter,nearest_centroid,4.0,0.2777777777777778,0.27710913312693497,
close_relative_species,spaced_kmer_phase,150,N_3pct,120,,,,,,Acinetobacter,logistic_regression,4.0,0.25,0.25087719298245614,
close_relative_species,spaced_kmer_phase,150,N_3pct,90,,,,,,Burkholderia,nearest_centroid,3.0,0.4444444444444444,0.4146825396825397,
close_relative_species,spaced_kmer_phase,150,N_3pct,90,,,,,,Burkholderia,logistic_regression,3.0,0.3333333333333333,0.3174603174603175,
close_relative_target_binary,spaced_kmer_phase,150,N_3pct,90,,,,,,Burkholderia,nearest_centroid,2.0,0.48148148148148145,0.4441176470588235,0.4320987654320988
close_relative_target_binary,spaced_kmer_phase,150,N_3pct,90,,,,,,Burkholderia,logistic_regression,2.0,0.4444444444444444,0.39097744360902253,0.43209876543209874
close_relative_species,spaced_kmer_phase,150,N_3pct,120,,,,,,Candida,nearest_centroid,4.0,0.25,0.23169191919191917,
close_relative_species,spaced_kmer_phase,150,N_3pct,120,,,,,,Candida,logistic_regression,4.0,0.3333333333333333,0.3168067226890756,
close_relative_target_binary,spaced_kmer_phase,150,N_3pct,90,,,,,,Candida,nearest_centroid,2.0,0.37037037037037035,0.30977443609022554,0.4382716049382716
close_relative_target_binary,spaced_kmer_phase,150,N_3pct,90,,,,,,Candida,logistic_regression,2.0,0.5555555555555556,0.46710526315789475,0.4814814814814815
close_relative_species,spaced_kmer_phase,150,N_3pct,150,,,,,,Enterobacter,nearest_centroid,5.0,0.15555555555555556,0.14978354978354977,
close_relative_species,spaced_kmer_phase,150,N_3pct,150,,,,,,Enterobacter,logistic_regression,5.0,0.15555555555555556,0.14782805429864251,
close_relative_target_binary,spaced_kmer_phase,150,N_3pct,90,,,,,,Enterobacter,nearest_centroid,2.0,0.6666666666666666,0.5440900562851783,0.5401234567901234
close_relative_target_binary,spaced_kmer_phase,150,N_3pct,90,,,,,,Enterobacter,logistic_regression,2.0,0.6666666666666666,0.5440900562851783,0.5493827160493827
close_relative_species,spaced_kmer_phase,150,N_3pct,60,,,,,,Escherichia,nearest_centroid,2.0,0.5,0.4857142857142857,0.46296296296296297
close_relative_species,spaced_kmer_phase,150,N_3pct,60,,,,,,Escherichia,logistic_regression,2.0,0.5555555555555556,0.55,0.4567901234567901
close_relative_target_binary,spaced_kmer_phase,150,N_3pct,60,,,,,,Escherichia,nearest_centroid,2.0,0.3888888888888889,0.38699690402476783,0.4074074074074074
close_relative_target_binary,spaced_kmer_phase,150,N_3pct,60,,,,,,Escherichia,logistic_regression,2.0,0.5,0.4984520123839009,0.4444444444444445
close_relative_species,spaced_kmer_phase,150,N_3pct,90,,,,,,Klebsiella,nearest_centroid,3.0,0.25925925925925924,0.2568627450980392,
close_relative_species,spaced_kmer_phase,150,N_3pct,90,,,,,,Klebsiella,logistic_regression,3.0,0.3333333333333333,0.32049486461251164,
close_relative_target_binary,spaced_kmer_phase,150,N_3pct,90,,,,,,Klebsiella,nearest_centroid,2.0,0.4444444444444444,0.4319775596072931,0.2716049382716049
close_relative_target_binary,spaced_kmer_phase,150,N_3pct,90,,,,,,Klebsiella,logistic_regression,2.0,0.4074074074074074,0.3647058823529412,0.32098765432098764
rc_consistency,spaced_kmer_phase,300,reverse_complement,1680,0.7721744293973095,0.7729445557442929,0.7321186428640052,,,close_relative_wgs,,,,,
perturbation_stability,spaced_kmer_phase,300,N_3pct,1680,0.9892993868744431,,0.9871169018678223,0.146009880412679,0.16051852299474348,close_relative_wgs,,,,,
perturbation_stability,spaced_kmer_phase,300,substitution_1pct,1680,0.9962576673693431,,0.9919983494184318,0.08055555081912164,0.1265041205666241,close_relative_wgs,,,,,
close_relative_species,spaced_kmer_phase,300,clean,120,,,,,,Acinetobacter,nearest_centroid,4.0,0.19444444444444445,0.18774509803921569,
close_relative_species,spaced_kmer_phase,300,clean,120,,,,,,Acinetobacter,logistic_regression,4.0,0.3055555555555556,0.30919946926138875,
close_relative_species,spaced_kmer_phase,300,clean,90,,,,,,Burkholderia,nearest_centroid,3.0,0.48148148148148145,0.47827084049994273,
close_relative_species,spaced_kmer_phase,300,clean,90,,,,,,Burkholderia,logistic_regression,3.0,0.37037037037037035,0.37105836486641436,
close_relative_target_binary,spaced_kmer_phase,300,clean,90,,,,,,Burkholderia,nearest_centroid,2.0,0.6666666666666666,0.5440900562851783,0.6358024691358024
close_relative_target_binary,spaced_kmer_phase,300,clean,90,,,,,,Burkholderia,logistic_regression,2.0,0.5925925925925926,0.49230769230769234,0.6419753086419753
close_relative_species,spaced_kmer_phase,300,clean,120,,,,,,Candida,nearest_centroid,4.0,0.2222222222222222,0.2286967418546366,
close_relative_species,spaced_kmer_phase,300,clean,120,,,,,,Candida,logistic_regression,4.0,0.2777777777777778,0.2824675324675324,
close_relative_target_binary,spaced_kmer_phase,300,clean,90,,,,,,Candida,nearest_centroid,2.0,0.6666666666666666,0.4,0.462962962962963
close_relative_target_binary,spaced_kmer_phase,300,clean,90,,,,,,Candida,logistic_regression,2.0,0.6296296296296297,0.38636363636363635,0.4012345679012346
close_relative_species,spaced_kmer_phase,300,clean,150,,,,,,Enterobacter,nearest_centroid,5.0,0.15555555555555556,0.15198412698412697,
close_relative_species,spaced_kmer_phase,300,clean,150,,,,,,Enterobacter,logistic_regression,5.0,0.17777777777777778,0.17544860368389778,
close_relative_target_binary,spaced_kmer_phase,300,clean,90,,,,,,Enterobacter,nearest_centroid,2.0,0.5555555555555556,0.5235294117647059,0.5432098765432098
close_relative_target_binary,spaced_kmer_phase,300,clean,90,,,,,,Enterobacter,logistic_regression,2.0,0.5925925925925926,0.5533834586466165,0.5925925925925926
close_relative_species,spaced_kmer_phase,300,clean,60,,,,,,Escherichia,nearest_centroid,2.0,0.6111111111111112,0.6,0.2962962962962963
close_relative_species,spaced_kmer_phase,300,clean,60,,,,,,Escherichia,logistic_regression,2.0,0.5,0.4857142857142857,0.345679012345679
close_relative_target_binary,spaced_kmer_phase,300,clean,60,,,,,,Escherichia,nearest_centroid,2.0,0.5555555555555556,0.55,0.48148148148148145
close_relative_target_binary,spaced_kmer_phase,300,clean,60,,,,,,Escherichia,logistic_regression,2.0,0.5,0.4984520123839009,0.6296296296296295
close_relative_species,spaced_kmer_phase,300,clean,90,,,,,,Klebsiella,nearest_centroid,3.0,0.2962962962962963,0.29074074074074074,
close_relative_species,spaced_kmer_phase,300,clean,90,,,,,,Klebsiella,logistic_regression,3.0,0.3333333333333333,0.3289473684210526,
close_relative_target_binary,spaced_kmer_phase,300,clean,90,,,,,,Klebsiella,nearest_centroid,2.0,0.6666666666666666,0.4862579281183932,0.47530864197530864
close_relative_target_binary,spaced_kmer_phase,300,clean,90,,,,,,Klebsiella,logistic_regression,2.0,0.6666666666666666,0.4862579281183932,0.3950617283950617
close_relative_species,spaced_kmer_phase,300,N_3pct,120,,,,,,Acinetobacter,nearest_centroid,4.0,0.2222222222222222,0.2236111111111111,
close_relative_species,spaced_kmer_phase,300,N_3pct,120,,,,,,Acinetobacter,logistic_regression,4.0,0.25,0.23289473684210527,
close_relative_species,spaced_kmer_phase,300,N_3pct,90,,,,,,Burkholderia,nearest_centroid,3.0,0.4444444444444444,0.4411764705882353,
close_relative_species,spaced_kmer_phase,300,N_3pct,90,,,,,,Burkholderia,logistic_regression,3.0,0.4444444444444444,0.4444444444444444,
close_relative_target_binary,spaced_kmer_phase,300,N_3pct,90,,,,,,Burkholderia,nearest_centroid,2.0,0.6666666666666666,0.5440900562851783,0.6419753086419753
close_relative_target_binary,spaced_kmer_phase,300,N_3pct,90,,,,,,Burkholderia,logistic_regression,2.0,0.5555555555555556,0.4214285714285714,0.6604938271604938
close_relative_species,spaced_kmer_phase,300,N_3pct,120,,,,,,Candida,nearest_centroid,4.0,0.2777777777777778,0.28450292397660815,
close_relative_species,spaced_kmer_phase,300,N_3pct,120,,,,,,Candida,logistic_regression,4.0,0.25,0.2417184265010352,
close_relative_target_binary,spaced_kmer_phase,300,N_3pct,90,,,,,,Candida,nearest_centroid,2.0,0.6296296296296297,0.38636363636363635,0.462962962962963
close_relative_target_binary,spaced_kmer_phase,300,N_3pct,90,,,,,,Candida,logistic_regression,2.0,0.6296296296296297,0.38636363636363635,0.4506172839506173
close_relative_species,spaced_kmer_phase,300,N_3pct,150,,,,,,Enterobacter,nearest_centroid,5.0,0.1111111111111111,0.09714285714285714,
close_relative_species,spaced_kmer_phase,300,N_3pct,150,,,,,,Enterobacter,logistic_regression,5.0,0.2,0.19605680868838765,
close_relative_target_binary,spaced_kmer_phase,300,N_3pct,90,,,,,,Enterobacter,nearest_centroid,2.0,0.5185185185185185,0.4935064935064935,0.5864197530864197
close_relative_target_binary,spaced_kmer_phase,300,N_3pct,90,,,,,,Enterobacter,logistic_regression,2.0,0.5925925925925926,0.5278219395866455,0.6172839506172839
close_relative_species,spaced_kmer_phase,300,N_3pct,60,,,,,,Escherichia,nearest_centroid,2.0,0.5,0.4984520123839009,0.26543209876543206
close_relative_species,spaced_kmer_phase,300,N_3pct,60,,,,,,Escherichia,logistic_regression,2.0,0.3888888888888889,0.38699690402476783,0.2716049382716049
close_relative_target_binary,spaced_kmer_phase,300,N_3pct,60,,,,,,Escherichia,nearest_centroid,2.0,0.5,0.4857142857142857,0.3827160493827161
close_relative_target_binary,spaced_kmer_phase,300,N_3pct,60,,,,,,Escherichia,logistic_regression,2.0,0.4444444444444444,0.41558441558441556,0.48148148148148145
close_relative_species,spaced_kmer_phase,300,N_3pct,90,,,,,,Klebsiella,nearest_centroid,3.0,0.37037037037037035,0.35923141186299085,
close_relative_species,spaced_kmer_phase,300,N_3pct,90,,,,,,Klebsiella,logistic_regression,3.0,0.2962962962962963,0.28874883286647995,
close_relative_target_binary,spaced_kmer_phase,300,N_3pct,90,,,,,,Klebsiella,nearest_centroid,2.0,0.6296296296296297,0.46428571428571425,0.4290123456790123
close_relative_target_binary,spaced_kmer_phase,300,N_3pct,90,,,,,,Klebsiella,logistic_regression,2.0,0.6296296296296297,0.46428571428571425,0.4012345679012346
rc_consistency,rope_onehot,75,reverse_complement,400,0.2528452417021198,0.25658220796872605,0.13959301200386165,,,,,,,,
perturbation_stability,rope_onehot,75,N_3pct,400,0.9750317381250505,,0.9722499692964759,0.22323896888230735,0.2355845101166075,,,,,,
perturbation_stability,rope_onehot,75,substitution_1pct,400,0.9903676052828619,,0.971491731474274,0.09906586562567254,0.23878135565084133,,,,,,
motif_position,rope_onehot,75,clean,240,,,,,,toy_motif,nearest_centroid,3.0,0.4444444444444444,0.4431237033820621,
motif_position,rope_onehot,75,clean,240,,,,,,toy_motif,logistic_regression,3.0,0.5138888888888888,0.5104895104895105,
motif_position,rope_onehot,75,N_3pct,240,,,,,,toy_motif,nearest_centroid,3.0,0.4444444444444444,0.4453900709219858,
motif_position,rope_onehot,75,N_3pct,240,,,,,,toy_motif,logistic_regression,3.0,0.5,0.4989868287740628,
rc_consistency,rope_onehot,75,reverse_complement,1680,0.26924869723934225,0.26802008897946666,0.15156316761788047,,,close_relative_wgs,,,,,
perturbation_stability,rope_onehot,75,N_3pct,1680,0.9748939337095195,,0.9718798970744649,0.22385296984233494,0.23715017562720955,close_relative_wgs,,,,,
perturbation_stability,rope_onehot,75,substitution_1pct,1680,0.9902062824101141,,0.9715704729724103,0.10029910327689832,0.23845136622350432,close_relative_wgs,,,,,
close_relative_species,rope_onehot,75,clean,120,,,,,,Acinetobacter,nearest_centroid,4.0,0.2777777777777778,0.27167919799498746,
close_relative_species,rope_onehot,75,clean,120,,,,,,Acinetobacter,logistic_regression,4.0,0.19444444444444445,0.18654092071611253,
close_relative_species,rope_onehot,75,clean,90,,,,,,Burkholderia,nearest_centroid,3.0,0.4074074074074074,0.3782357992884308,
close_relative_species,rope_onehot,75,clean,90,,,,,,Burkholderia,logistic_regression,3.0,0.25925925925925924,0.22335890878090367,
close_relative_target_binary,rope_onehot,75,clean,90,,,,,,Burkholderia,nearest_centroid,2.0,0.5185185185185185,0.47218045112781953,0.5339506172839505
close_relative_target_binary,rope_onehot,75,clean,90,,,,,,Burkholderia,logistic_regression,2.0,0.5925925925925926,0.5533834586466165,0.5617283950617284
close_relative_species,rope_onehot,75,clean,120,,,,,,Candida,nearest_centroid,4.0,0.2222222222222222,0.22857142857142856,
close_relative_species,rope_onehot,75,clean,120,,,,,,Candida,logistic_regression,4.0,0.2777777777777778,0.2735380116959064,
close_relative_target_binary,rope_onehot,75,clean,90,,,,,,Candida,nearest_centroid,2.0,0.3333333333333333,0.2852941176470588,0.32098765432098764
close_relative_target_binary,rope_onehot,75,clean,90,,,,,,Candida,logistic_regression,2.0,0.48148148148148145,0.3782894736842105,0.29629629629629634
close_relative_species,rope_onehot,75,clean,150,,,,,,Enterobacter,nearest_centroid,5.0,0.13333333333333333,0.12928104575163402,
close_relative_species,rope_onehot,75,clean,150,,,,,,Enterobacter,logistic_regression,5.0,0.2222222222222222,0.21494152046783627,
close_relative_target_binary,rope_onehot,75,clean,90,,,,,,Enterobacter,nearest_centroid,2.0,0.5925925925925926,0.4427767354596623,0.48456790123456783
close_relative_target_binary,rope_onehot,75,clean,90,,,,,,Enterobacter,logistic_regression,2.0,0.5555555555555556,0.4214285714285714,0.3765432098765432
close_relative_species,rope_onehot,75,clean,60,,,,,,Escherichia,nearest_centroid,2.0,0.4444444444444444,0.4444444444444444,0.5308641975308641
close_relative_species,rope_onehot,75,clean,60,,,,,,Escherichia,logistic_regression,2.0,0.5555555555555556,0.5555555555555556,0.5802469135802469
close_relative_target_binary,rope_onehot,75,clean,60,,,,,,Escherichia,nearest_centroid,2.0,0.6666666666666666,0.625,0.6666666666666667
close_relative_target_binary,rope_onehot,75,clean,60,,,,,,Escherichia,logistic_regression,2.0,0.6666666666666666,0.6493506493506493,0.691358024691358
close_relative_species,rope_onehot,75,clean,90,,,,,,Klebsiella,nearest_centroid,3.0,0.4444444444444444,0.44536177043916975,
close_relative_species,rope_onehot,75,clean,90,,,,,,Klebsiella,logistic_regression,3.0,0.37037037037037035,0.3731481481481482,
close_relative_target_binary,rope_onehot,75,clean,90,,,,,,Klebsiella,nearest_centroid,2.0,0.6296296296296297,0.5833333333333333,0.5617283950617283
close_relative_target_binary,rope_onehot,75,clean,90,,,,,,Klebsiella,logistic_regression,2.0,0.5925925925925926,0.5278219395866455,0.47530864197530864
close_relative_species,rope_onehot,75,N_3pct,120,,,,,,Acinetobacter,nearest_centroid,4.0,0.25,0.24530600118835413,
close_relative_species,rope_onehot,75,N_3pct,120,,,,,,Acinetobacter,logistic_regression,4.0,0.25,0.23977591036414564,
close_relative_species,rope_onehot,75,N_3pct,90,,,,,,Burkholderia,nearest_centroid,3.0,0.3333333333333333,0.3080603606919396,
close_relative_species,rope_onehot,75,N_3pct,90,,,,,,Burkholderia,logistic_regression,3.0,0.3333333333333333,0.3,
close_relative_target_binary,rope_onehot,75,N_3pct,90,,,,,,Burkholderia,nearest_centroid,2.0,0.48148148148148145,0.4166666666666667,0.5401234567901234
close_relative_target_binary,rope_onehot,75,N_3pct,90,,,,,,Burkholderia,logistic_regression,2.0,0.5555555555555556,0.5,0.5246913580246914
close_relative_species,rope_onehot,75,N_3pct,120,,,,,,Candida,nearest_centroid,4.0,0.2222222222222222,0.22056277056277054,
close_relative_species,rope_onehot,75,N_3pct,120,,,,,,Candida,logistic_regression,4.0,0.2222222222222222,0.2096384008148714,
close_relative_target_binary,rope_onehot,75,N_3pct,90,,,,,,Candida,nearest_centroid,2.0,0.4444444444444444,0.35612082670906203,0.3148148148148148
close_relative_target_binary,rope_onehot,75,N_3pct,90,,,,,,Candida,logistic_regression,2.0,0.48148148148148145,0.3782894736842105,0.308641975308642
close_relative_species,rope_onehot,75,N_3pct,150,,,,,,Enterobacter,nearest_centroid,5.0,0.2,0.1920048309178744,
close_relative_species,rope_onehot,75,N_3pct,150,,,,,,Enterobacter,logistic_regression,5.0,0.2,0.1985294117647059,
close_relative_target_binary,rope_onehot,75,N_3pct,90,,,,,,Enterobacter,nearest_centroid,2.0,0.5555555555555556,0.4214285714285714,0.5802469135802468
close_relative_target_binary,rope_onehot,75,N_3pct,90,,,,,,Enterobacter,logistic_regression,2.0,0.5925925925925926,0.4427767354596623,0.49382716049382713
close_relative_species,rope_onehot,75,N_3pct,60,,,,,,Escherichia,nearest_centroid,2.0,0.5,0.4857142857142857,0.5308641975308642
close_relative_species,rope_onehot,75,N_3pct,60,,,,,,Escherichia,logistic_regression,2.0,0.4444444444444444,0.4375,0.5555555555555556
close_relative_target_binary,rope_onehot,75,N_3pct,60,,,,,,Escherichia,nearest_centroid,2.0,0.6666666666666666,0.625,0.7160493827160495
close_relative_target_binary,rope_onehot,75,N_3pct,60,,,,,,Escherichia,logistic_regression,2.0,0.7222222222222222,0.7142857142857142,0.7777777777777778
close_relative_species,rope_onehot,75,N_3pct,90,,,,,,Klebsiella,nearest_centroid,3.0,0.4074074074074074,0.39814814814814814,
close_relative_species,rope_onehot,75,N_3pct,90,,,,,,Klebsiella,logistic_regression,3.0,0.37037037037037035,0.37323701410388715,
close_relative_target_binary,rope_onehot,75,N_3pct,90,,,,,,Klebsiella,nearest_centroid,2.0,0.6666666666666666,0.6345864661654135,0.5740740740740741
close_relative_target_binary,rope_onehot,75,N_3pct,90,,,,,,Klebsiella,logistic_regression,2.0,0.6296296296296297,0.555921052631579,0.5308641975308642
rc_consistency,rope_onehot,100,reverse_complement,400,0.2518871891222086,0.25444452980234483,0.14926132789850005,,,,,,,,
perturbation_stability,rope_onehot,100,N_3pct,400,0.9718882127062481,,0.9688676320481321,0.23695806352157917,0.24952902817826492,,,,,,
perturbation_stability,rope_onehot,100,substitution_1pct,400,0.9898692888641288,,0.9698042401881228,0.11251152721743143,0.2457466977859283,,,,,,
motif_position,rope_onehot,100,clean,240,,,,,,toy_motif,nearest_centroid,3.0,0.4583333333333333,0.4499259505066706,
motif_position,rope_onehot,100,clean,240,,,,,,toy_motif,logistic_regression,3.0,0.3888888888888889,0.3862762496302869,
motif_position,rope_onehot,100,N_3pct,240,,,,,,toy_motif,nearest_centroid,3.0,0.5138888888888888,0.5026750191514072,
motif_position,rope_onehot,100,N_3pct,240,,,,,,toy_motif,logistic_regression,3.0,0.4305555555555556,0.4249723246110239,
rc_consistency,rope_onehot,100,reverse_complement,1680,0.27787938889748465,0.2747394428550085,0.17349914086237703,,,close_relative_wgs,,,,,
perturbation_stability,rope_onehot,100,N_3pct,1680,0.9717422871503781,,0.9687761100066545,0.23757618719856335,0.2498955381253092,close_relative_wgs,,,,,
perturbation_stability,rope_onehot,100,substitution_1pct,1680,0.989794486792556,,0.9700218267154976,0.11138996798909782,0.24485983477455692,close_relative_wgs,,,,,
close_relative_species,rope_onehot,100,clean,120,,,,,,Acinetobacter,nearest_centroid,4.0,0.25,0.2538690476190476,
close_relative_species,rope_onehot,100,clean,120,,,,,,Acinetobacter,logistic_regression,4.0,0.3055555555555556,0.2953681758744688,
close_relative_species,rope_onehot,100,clean,90,,,,,,Burkholderia,nearest_centroid,3.0,0.48148148148148145,0.4846560846560846,
close_relative_species,rope_onehot,100,clean,90,,,,,,Burkholderia,logistic_regression,3.0,0.48148148148148145,0.48457745671367963,
close_relative_target_binary,rope_onehot,100,clean,90,,,,,,Burkholderia,nearest_centroid,2.0,0.6666666666666666,0.5846153846153846,0.6975308641975309
close_relative_target_binary,rope_onehot,100,clean,90,,,,,,Burkholderia,logistic_regression,2.0,0.5185185185185185,0.34146341463414637,0.691358024691358
close_relative_species,rope_onehot,100,clean,120,,,,,,Candida,nearest_centroid,4.0,0.1388888888888889,0.14334130781499202,
close_relative_species,rope_onehot,100,clean,120,,,,,,Candida,logistic_regression,4.0,0.19444444444444445,0.21333472019970875,
close_relative_target_binary,rope_onehot,100,clean,90,,,,,,Candida,nearest_centroid,2.0,0.48148148148148145,0.325,0.49999999999999994
close_relative_target_binary,rope_onehot,100,clean,90,,,,,,Candida,logistic_regression,2.0,0.5185185185185185,0.39999999999999997,0.3888888888888889
close_relative_species,rope_onehot,100,clean,150,,,,,,Enterobacter,nearest_centroid,5.0,0.2,0.19335397316821465,
close_relative_species,rope_onehot,100,clean,150,,,,,,Enterobacter,logistic_regression,5.0,0.15555555555555556,0.15774730945009585,
close_relative_target_binary,rope_onehot,100,clean,90,,,,,,Enterobacter,nearest_centroid,2.0,0.6296296296296297,0.555921052631579,0.5246913580246912
close_relative_target_binary,rope_onehot,100,clean,90,,,,,,Enterobacter,logistic_regression,2.0,0.7037037037037037,0.6447368421052632,0.6234567901234568
close_relative_species,rope_onehot,100,clean,60,,,,,,Escherichia,nearest_centroid,2.0,0.3888888888888889,0.37142857142857144,0.3827160493827161
close_relative_species,rope_onehot,100,clean,60,,,,,,Escherichia,logistic_regression,2.0,0.3333333333333333,0.325,0.41975308641975306
close_relative_target_binary,rope_onehot,100,clean,60,,,,,,Escherichia,nearest_centroid,2.0,0.5,0.4581939799331104,0.5061728395061729
close_relative_target_binary,rope_onehot,100,clean,60,,,,,,Escherichia,logistic_regression,2.0,0.4444444444444444,0.4444444444444444,0.5061728395061728
close_relative_species,rope_onehot,100,clean,90,,,,,,Klebsiella,nearest_centroid,3.0,0.4074074074074074,0.3817878028404344,
close_relative_species,rope_onehot,100,clean,90,,,,,,Klebsiella,logistic_regression,3.0,0.3333333333333333,0.32941176470588235,
close_relative_target_binary,rope_onehot,100,clean,90,,,,,,Klebsiella,nearest_centroid,2.0,0.5925925925925926,0.49230769230769234,0.3395061728395062
close_relative_target_binary,rope_onehot,100,clean,90,,,,,,Klebsiella,logistic_regression,2.0,0.48148148148148145,0.325,0.30864197530864196
close_relative_species,rope_onehot,100,N_3pct,120,,,,,,Acinetobacter,nearest_centroid,4.0,0.2222222222222222,0.21111111111111108,
close_relative_species,rope_onehot,100,N_3pct,120,,,,,,Acinetobacter,logistic_regression,4.0,0.25,0.2346590909090909,
close_relative_species,rope_onehot,100,N_3pct,90,,,,,,Burkholderia,nearest_centroid,3.0,0.4074074074074074,0.39443013127223653,
close_relative_species,rope_onehot,100,N_3pct,90,,,,,,Burkholderia,logistic_regression,3.0,0.5185185185185185,0.5198830409356724,
close_relative_target_binary,rope_onehot,100,N_3pct,90,,,,,,Burkholderia,nearest_centroid,2.0,0.5555555555555556,0.35714285714285715,0.6358024691358024
close_relative_target_binary,rope_onehot,100,N_3pct,90,,,,,,Burkholderia,logistic_regression,2.0,0.5925925925925926,0.37209302325581395,0.6481481481481481
close_relative_species,rope_onehot,100,N_3pct,120,,,,,,Candida,nearest_centroid,4.0,0.16666666666666666,0.18504594820384293,
close_relative_species,rope_onehot,100,N_3pct,120,,,,,,Candida,logistic_regression,4.0,0.25,0.2538690476190476,
close_relative_target_binary,rope_onehot,100,N_3pct,90,,,,,,Candida,nearest_centroid,2.0,0.48148148148148145,0.325,0.5
close_relative_target_binary,rope_onehot,100,N_3pct,90,,,,,,Candida,logistic_regression,2.0,0.5185185185185185,0.39999999999999997,0.4135802469135803
close_relative_species,rope_onehot,100,N_3pct,150,,,,,,Enterobacter,nearest_centroid,5.0,0.2,0.20368814192343604,
close_relative_species,rope_onehot,100,N_3pct,150,,,,,,Enterobacter,logistic_regression,5.0,0.17777777777777778,0.18111111111111108,
close_relative_target_binary,rope_onehot,100,N_3pct,90,,,,,,Enterobacter,nearest_centroid,2.0,0.6296296296296297,0.5178571428571428,0.49999999999999994
close_relative_target_binary,rope_onehot,100,N_3pct,90,,,,,,Enterobacter,logistic_regression,2.0,0.6296296296296297,0.5178571428571428,0.6049382716049383
close_relative_species,rope_onehot,100,N_3pct,60,,,,,,Escherichia,nearest_centroid,2.0,0.4444444444444444,0.4375,0.4074074074074074
close_relative_species,rope_onehot,100,N_3pct,60,,,,,,Escherichia,logistic_regression,2.0,0.4444444444444444,0.4444444444444444,0.41975308641975306
close_relative_target_binary,rope_onehot,100,N_3pct,60,,,,,,Escherichia,nearest_centroid,2.0,0.5,0.4581939799331104,0.5185185185185185
close_relative_target_binary,rope_onehot,100,N_3pct,60,,,,,,Escherichia,logistic_regression,2.0,0.4444444444444444,0.4375,0.5432098765432098
close_relative_species,rope_onehot,100,N_3pct,90,,,,,,Klebsiella,nearest_centroid,3.0,0.4074074074074074,0.38095238095238093,
close_relative_species,rope_onehot,100,N_3pct,90,,,,,,Klebsiella,logistic_regression,3.0,0.37037037037037035,0.3572595704948646,
close_relative_target_binary,rope_onehot,100,N_3pct,90,,,,,,Klebsiella,nearest_centroid,2.0,0.5555555555555556,0.4214285714285714,0.2901234567901234
close_relative_target_binary,rope_onehot,100,N_3pct,90,,,,,,Klebsiella,logistic_regression,2.0,0.4074074074074074,0.2894736842105263,0.27777777777777773
rc_consistency,rope_onehot,125,reverse_complement,1680,0.27266620274987874,0.2707899777875049,0.18159392905138594,,,close_relative_wgs,,,,,
perturbation_stability,rope_onehot,125,N_3pct,1680,0.9698969404818678,,0.9671507648485592,0.245253738617437,0.2563171283819978,close_relative_wgs,,,,,
perturbation_stability,rope_onehot,125,substitution_1pct,1680,0.9896327236436054,,0.9747849895112443,0.12021996584576716,0.224566284294035,close_relative_wgs,,,,,
close_relative_species,rope_onehot,125,clean,120,,,,,,Acinetobacter,nearest_centroid,4.0,0.4444444444444444,0.41352438411261944,
close_relative_species,rope_onehot,125,clean,120,,,,,,Acinetobacter,logistic_regression,4.0,0.3888888888888889,0.3474358974358975,
close_relative_species,rope_onehot,125,clean,90,,,,,,Burkholderia,nearest_centroid,3.0,0.4074074074074074,0.3962148962148962,
close_relative_species,rope_onehot,125,clean,90,,,,,,Burkholderia,logistic_regression,3.0,0.2962962962962963,0.2957393483709273,
close_relative_target_binary,rope_onehot,125,clean,90,,,,,,Burkholderia,nearest_centroid,2.0,0.5555555555555556,0.4214285714285714,0.4567901234567901
close_relative_target_binary,rope_onehot,125,clean,90,,,,,,Burkholderia,logistic_regression,2.0,0.5555555555555556,0.46710526315789475,0.41975308641975306
close_relative_species,rope_onehot,125,clean,120,,,,,,Candida,nearest_centroid,4.0,0.3055555555555556,0.23217391304347829,
close_relative_species,rope_onehot,125,clean,120,,,,,,Candida,logistic_regression,4.0,0.2222222222222222,0.1942959001782531,
close_relative_target_binary,rope_onehot,125,clean,90,,,,,,Candida,nearest_centroid,2.0,0.5185185185185185,0.4419713831478538,0.4506172839506173
close_relative_target_binary,rope_onehot,125,clean,90,,,,,,Candida,logistic_regression,2.0,0.48148148148148145,0.325,0.49382716049382713
close_relative_species,rope_onehot,125,clean,150,,,,,,Enterobacter,nearest_centroid,5.0,0.15555555555555556,0.14404761904761904,
close_relative_species,rope_onehot,125,clean,150,,,,,,Enterobacter,logistic_regression,5.0,0.2222222222222222,0.20627477785372522,
close_relative_target_binary,rope_onehot,125,clean,90,,,,,,Enterobacter,nearest_centroid,2.0,0.4444444444444444,0.39097744360902253,0.4135802469135802
close_relative_target_binary,rope_onehot,125,clean,90,,,,,,Enterobacter,logistic_regression,2.0,0.5185185185185185,0.47218045112781953,0.3950617283950617
close_relative_species,rope_onehot,125,clean,60,,,,,,Escherichia,nearest_centroid,2.0,0.2777777777777778,0.27554179566563464,0.39506172839506176
close_relative_species,rope_onehot,125,clean,60,,,,,,Escherichia,logistic_regression,2.0,0.3333333333333333,0.3333333333333333,0.3950617283950617
close_relative_target_binary,rope_onehot,125,clean,60,,,,,,Escherichia,nearest_centroid,2.0,0.6111111111111112,0.609907120743034,0.6296296296296297
close_relative_target_binary,rope_onehot,125,clean,60,,,,,,Escherichia,logistic_regression,2.0,0.5555555555555556,0.55,0.5679012345679013
close_relative_species,rope_onehot,125,clean,90,,,,,,Klebsiella,nearest_centroid,3.0,0.4444444444444444,0.44078947368421045,
close_relative_species,rope_onehot,125,clean,90,,,,,,Klebsiella,logistic_regression,3.0,0.37037037037037035,0.3611111111111111,
close_relative_target_binary,rope_onehot,125,clean,90,,,,,,Klebsiella,nearest_centroid,2.0,0.7407407407407407,0.6454033771106942,0.6604938271604939
close_relative_target_binary,rope_onehot,125,clean,90,,,,,,Klebsiella,logistic_regression,2.0,0.7037037037037037,0.5714285714285714,0.7530864197530864
close_relative_species,rope_onehot,125,N_3pct,120,,,,,,Acinetobacter,nearest_centroid,4.0,0.4722222222222222,0.4538656423667865,
close_relative_species,rope_onehot,125,N_3pct,120,,,,,,Acinetobacter,logistic_regression,4.0,0.3333333333333333,0.28595795043163463,
close_relative_species,rope_onehot,125,N_3pct,90,,,,,,Burkholderia,nearest_centroid,3.0,0.37037037037037035,0.37510442773600666,
close_relative_species,rope_onehot,125,N_3pct,90,,,,,,Burkholderia,logistic_regression,3.0,0.4074074074074074,0.4101921470342523,
close_relative_target_binary,rope_onehot,125,N_3pct,90,,,,,,Burkholderia,nearest_centroid,2.0,0.6296296296296297,0.555921052631579,0.5
close_relative_target_binary,rope_onehot,125,N_3pct,90,,,,,,Burkholderia,logistic_regression,2.0,0.6296296296296297,0.5178571428571428,0.5061728395061729
close_relative_species,rope_onehot,125,N_3pct,120,,,,,,Candida,nearest_centroid,4.0,0.3333333333333333,0.2753211462450593,
close_relative_species,rope_onehot,125,N_3pct,120,,,,,,Candida,logistic_regression,4.0,0.2222222222222222,0.18218623481781376,
close_relative_target_binary,rope_onehot,125,N_3pct,90,,,,,,Candida,nearest_centroid,2.0,0.4444444444444444,0.35612082670906203,0.4444444444444444
close_relative_target_binary,rope_onehot,125,N_3pct,90,,,,,,Candida,logistic_regression,2.0,0.4444444444444444,0.3076923076923077,0.4876543209876544
close_relative_species,rope_onehot,125,N_3pct,150,,,,,,Enterobacter,nearest_centroid,5.0,0.1111111111111111,0.10329670329670329,
close_relative_species,rope_onehot,125,N_3pct,150,,,,,,Enterobacter,logistic_regression,5.0,0.2,0.19017570664629488,
close_relative_target_binary,rope_onehot,125,N_3pct,90,,,,,,Enterobacter,nearest_centroid,2.0,0.5185185185185185,0.47218045112781953,0.4012345679012346
close_relative_target_binary,rope_onehot,125,N_3pct,90,,,,,,Enterobacter,logistic_regression,2.0,0.5185185185185185,0.4419713831478538,0.4382716049382716
close_relative_species,rope_onehot,125,N_3pct,60,,,,,,Escherichia,nearest_centroid,2.0,0.3333333333333333,0.325,0.4814814814814815
close_relative_species,rope_onehot,125,N_3pct,60,,,,,,Escherichia,logistic_regression,2.0,0.3333333333333333,0.3333333333333333,0.4444444444444445
close_relative_target_binary,rope_onehot,125,N_3pct,60,,,,,,Escherichia,nearest_centroid,2.0,0.6666666666666666,0.6625,0.6604938271604938
close_relative_target_binary,rope_onehot,125,N_3pct,60,,,,,,Escherichia,logistic_regression,2.0,0.6111111111111112,0.609907120743034,0.6049382716049383
close_relative_species,rope_onehot,125,N_3pct,90,,,,,,Klebsiella,nearest_centroid,3.0,0.4074074074074074,0.4013772175536881,
close_relative_species,rope_onehot,125,N_3pct,90,,,,,,Klebsiella,logistic_regression,3.0,0.37037037037037035,0.36715972938883157,
close_relative_target_binary,rope_onehot,125,N_3pct,90,,,,,,Klebsiella,nearest_centroid,2.0,0.6666666666666666,0.5440900562851783,0.611111111111111
close_relative_target_binary,rope_onehot,125,N_3pct,90,,,,,,Klebsiella,logistic_regression,2.0,0.6666666666666666,0.4862579281183932,0.6234567901234568
rc_consistency,rope_onehot,150,reverse_complement,1680,0.2767498998371849,0.2746786854048592,0.18952463722392315,,,close_relative_wgs,,,,,
perturbation_stability,rope_onehot,150,N_3pct,1680,0.974911359820073,,0.9725410090027499,0.2238930920680366,0.23434585964009005,close_relative_wgs,,,,,
perturbation_stability,rope_onehot,150,substitution_1pct,1680,0.9900422155143256,,0.9741114867003272,0.12082473954186321,0.22754565217487932,close_relative_wgs,,,,,
close_relative_species,rope_onehot,150,clean,120,,,,,,Acinetobacter,nearest_centroid,4.0,0.16666666666666666,0.1603174603174603,
close_relative_species,rope_onehot,150,clean,120,,,,,,Acinetobacter,logistic_regression,4.0,0.1388888888888889,0.12698412698412698,
close_relative_species,rope_onehot,150,clean,90,,,,,,Burkholderia,nearest_centroid,3.0,0.25925925925925924,0.25925925925925924,
close_relative_species,rope_onehot,150,clean,90,,,,,,Burkholderia,logistic_regression,3.0,0.3333333333333333,0.33240740740740743,
close_relative_target_binary,rope_onehot,150,clean,90,,,,,,Burkholderia,nearest_centroid,2.0,0.5185185185185185,0.4419713831478538,0.4104938271604939
close_relative_target_binary,rope_onehot,150,clean,90,,,,,,Burkholderia,logistic_regression,2.0,0.48148148148148145,0.4166666666666667,0.4382716049382716
close_relative_species,rope_onehot,150,clean,120,,,,,,Candida,nearest_centroid,4.0,0.16666666666666666,0.17086834733893555,
close_relative_species,rope_onehot,150,clean,120,,,,,,Candida,logistic_regression,4.0,0.19444444444444445,0.19820261437908496,
close_relative_target_binary,rope_onehot,150,clean,90,,,,,,Candida,nearest_centroid,2.0,0.5925925925925926,0.49230769230769234,0.4876543209876543
close_relative_target_binary,rope_onehot,150,clean,90,,,,,,Candida,logistic_regression,2.0,0.5925925925925926,0.4427767354596623,0.6666666666666667
close_relative_species,rope_onehot,150,clean,150,,,,,,Enterobacter,nearest_centroid,5.0,0.26666666666666666,0.2344385026737968,
close_relative_species,rope_onehot,150,clean,150,,,,,,Enterobacter,logistic_regression,5.0,0.28888888888888886,0.2747186147186147,
close_relative_target_binary,rope_onehot,150,clean,90,,,,,,Enterobacter,nearest_centroid,2.0,0.6666666666666666,0.4862579281183932,0.5555555555555556
close_relative_target_binary,rope_onehot,150,clean,90,,,,,,Enterobacter,logistic_regression,2.0,0.5925925925925926,0.37209302325581395,0.5308641975308641
close_relative_species,rope_onehot,150,clean,60,,,,,,Escherichia,nearest_centroid,2.0,0.3333333333333333,0.3333333333333333,0.30246913580246915
close_relative_species,rope_onehot,150,clean,60,,,,,,Escherichia,logistic_regression,2.0,0.3333333333333333,0.325,0.38271604938271603
close_relative_target_binary,rope_onehot,150,clean,60,,,,,,Escherichia,nearest_centroid,2.0,0.4444444444444444,0.4375,0.4320987654320988
close_relative_target_binary,rope_onehot,150,clean,60,,,,,,Escherichia,logistic_regression,2.0,0.5555555555555556,0.55,0.46913580246913583
close_relative_species,rope_onehot,150,clean,90,,,,,,Klebsiella,nearest_centroid,3.0,0.4074074074074074,0.3750915750915751,
close_relative_species,rope_onehot,150,clean,90,,,,,,Klebsiella,logistic_regression,3.0,0.2962962962962963,0.26002415458937195,
close_relative_target_binary,rope_onehot,150,clean,90,,,,,,Klebsiella,nearest_centroid,2.0,0.5185185185185185,0.4419713831478538,0.42592592592592593
close_relative_target_binary,rope_onehot,150,clean,90,,,,,,Klebsiella,logistic_regression,2.0,0.5555555555555556,0.4214285714285714,0.44444444444444453
close_relative_species,rope_onehot,150,N_3pct,120,,,,,,Acinetobacter,nearest_centroid,4.0,0.2777777777777778,0.2596571906354515,
close_relative_species,rope_onehot,150,N_3pct,120,,,,,,Acinetobacter,logistic_regression,4.0,0.2777777777777778,0.26387355334723755,
close_relative_species,rope_onehot,150,N_3pct,90,,,,,,Burkholderia,nearest_centroid,3.0,0.25925925925925924,0.2611111111111111,
close_relative_species,rope_onehot,150,N_3pct,90,,,,,,Burkholderia,logistic_regression,3.0,0.2962962962962963,0.2878787878787879,
close_relative_target_binary,rope_onehot,150,N_3pct,90,,,,,,Burkholderia,nearest_centroid,2.0,0.48148148148148145,0.4166666666666667,0.41975308641975306
close_relative_target_binary,rope_onehot,150,N_3pct,90,,,,,,Burkholderia,logistic_regression,2.0,0.5555555555555556,0.46710526315789475,0.4444444444444444
close_relative_species,rope_onehot,150,N_3pct,120,,,,,,Candida,nearest_centroid,4.0,0.16666666666666666,0.1734625668449198,
close_relative_species,rope_onehot,150,N_3pct,120,,,,,,Candida,logistic_regression,4.0,0.2222222222222222,0.2257408226448474,
close_relative_target_binary,rope_onehot,150,N_3pct,90,,,,,,Candida,nearest_centroid,2.0,0.5185185185185185,0.39999999999999997,0.521604938271605
close_relative_target_binary,rope_onehot,150,N_3pct,90,,,,,,Candida,logistic_regression,2.0,0.5555555555555556,0.35714285714285715,0.6419753086419753
close_relative_species,rope_onehot,150,N_3pct,150,,,,,,Enterobacter,nearest_centroid,5.0,0.24444444444444444,0.21941457922882074,
close_relative_species,rope_onehot,150,N_3pct,150,,,,,,Enterobacter,logistic_regression,5.0,0.26666666666666666,0.23588681849551413,
close_relative_target_binary,rope_onehot,150,N_3pct,90,,,,,,Enterobacter,nearest_centroid,2.0,0.6666666666666666,0.4862579281183932,0.5308641975308641
close_relative_target_binary,rope_onehot,150,N_3pct,90,,,,,,Enterobacter,logistic_regression,2.0,0.6296296296296297,0.38636363636363635,0.5185185185185186
close_relative_species,rope_onehot,150,N_3pct,60,,,,,,Escherichia,nearest_centroid,2.0,0.2777777777777778,0.27554179566563464,0.29012345679012347
close_relative_species,rope_onehot,150,N_3pct,60,,,,,,Escherichia,logistic_regression,2.0,0.3888888888888889,0.38699690402476783,0.345679012345679
close_relative_target_binary,rope_onehot,150,N_3pct,60,,,,,,Escherichia,nearest_centroid,2.0,0.4444444444444444,0.4375,0.40740740740740744
close_relative_target_binary,rope_onehot,150,N_3pct,60,,,,,,Escherichia,logistic_regression,2.0,0.5555555555555556,0.5555555555555556,0.4691358024691358
close_relative_species,rope_onehot,150,N_3pct,90,,,,,,Klebsiella,nearest_centroid,3.0,0.37037037037037035,0.3433583959899749,
close_relative_species,rope_onehot,150,N_3pct,90,,,,,,Klebsiella,logistic_regression,3.0,0.37037037037037035,0.33067632850241546,
close_relative_target_binary,rope_onehot,150,N_3pct,90,,,,,,Klebsiella,nearest_centroid,2.0,0.4074074074074074,0.2894736842105263,0.3765432098765432
close_relative_target_binary,rope_onehot,150,N_3pct,90,,,,,,Klebsiella,logistic_regression,2.0,0.5925925925925926,0.4427767354596623,0.41358024691358025
rc_consistency,rope_onehot,300,reverse_complement,1680,0.2727152461368553,0.27243430373753275,0.2135964377333786,,,close_relative_wgs,,,,,
perturbation_stability,rope_onehot,300,N_3pct,1680,0.9717680278784092,,0.9698645314064094,0.23756716902267574,0.24550139947643737,close_relative_wgs,,,,,
perturbation_stability,rope_onehot,300,substitution_1pct,1680,0.9903253216061264,,0.9804872775296917,0.13042713557747082,0.1975484575991484,close_relative_wgs,,,,,
close_relative_species,rope_onehot,300,clean,120,,,,,,Acinetobacter,nearest_centroid,4.0,0.16666666666666666,0.16664002557544758,
close_relative_species,rope_onehot,300,clean,120,,,,,,Acinetobacter,logistic_regression,4.0,0.25,0.242156862745098,
close_relative_species,rope_onehot,300,clean,90,,,,,,Burkholderia,nearest_centroid,3.0,0.3333333333333333,0.3083778966131907,
close_relative_species,rope_onehot,300,clean,90,,,,,,Burkholderia,logistic_regression,3.0,0.3333333333333333,0.3115079365079365,
close_relative_target_binary,rope_onehot,300,clean,90,,,,,,Burkholderia,nearest_centroid,2.0,0.5925925925925926,0.4427767354596623,0.5617283950617284
close_relative_target_binary,rope_onehot,300,clean,90,,,,,,Burkholderia,logistic_regression,2.0,0.6666666666666666,0.5440900562851783,0.5987654320987654
close_relative_species,rope_onehot,300,clean,120,,,,,,Candida,nearest_centroid,4.0,0.16666666666666666,0.17270066889632107,
close_relative_species,rope_onehot,300,clean,120,,,,,,Candida,logistic_regression,4.0,0.1388888888888889,0.1423531655225019,
close_relative_target_binary,rope_onehot,300,clean,90,,,,,,Candida,nearest_centroid,2.0,0.6666666666666666,0.4862579281183932,0.5555555555555556
close_relative_target_binary,rope_onehot,300,clean,90,,,,,,Candida,logistic_regression,2.0,0.6666666666666666,0.4862579281183932,0.5246913580246915
close_relative_species,rope_onehot,300,clean,150,,,,,,Enterobacter,nearest_centroid,5.0,0.2222222222222222,0.21941473559120617,
close_relative_species,rope_onehot,300,clean,150,,,,,,Enterobacter,logistic_regression,5.0,0.13333333333333333,0.1357843137254902,
close_relative_target_binary,rope_onehot,300,clean,90,,,,,,Enterobacter,nearest_centroid,2.0,0.4074074074074074,0.2894736842105263,0.4012345679012346
close_relative_target_binary,rope_onehot,300,clean,90,,,,,,Enterobacter,logistic_regression,2.0,0.5185185185185185,0.34146341463414637,0.38271604938271603
close_relative_species,rope_onehot,300,clean,60,,,,,,Escherichia,nearest_centroid,2.0,0.5555555555555556,0.5555555555555556,0.4814814814814815
close_relative_species,rope_onehot,300,clean,60,,,,,,Escherichia,logistic_regression,2.0,0.3888888888888889,0.37142857142857144,0.4814814814814815
close_relative_target_binary,rope_onehot,300,clean,60,,,,,,Escherichia,nearest_centroid,2.0,0.3888888888888889,0.38699690402476783,0.35185185185185186
close_relative_target_binary,rope_onehot,300,clean,60,,,,,,Escherichia,logistic_regression,2.0,0.5,0.4984520123839009,0.38271604938271603
close_relative_species,rope_onehot,300,clean,90,,,,,,Klebsiella,nearest_centroid,3.0,0.4074074074074074,0.3952380952380952,
close_relative_species,rope_onehot,300,clean,90,,,,,,Klebsiella,logistic_regression,3.0,0.4074074074074074,0.39726678550207967,
close_relative_target_binary,rope_onehot,300,clean,90,,,,,,Klebsiella,nearest_centroid,2.0,0.5925925925925926,0.37209302325581395,0.37654320987654327
close_relative_target_binary,rope_onehot,300,clean,90,,,,,,Klebsiella,logistic_regression,2.0,0.5925925925925926,0.37209302325581395,0.41975308641975306
close_relative_species,rope_onehot,300,N_3pct,120,,,,,,Acinetobacter,nearest_centroid,4.0,0.19444444444444445,0.1883791560102302,
close_relative_species,rope_onehot,300,N_3pct,120,,,,,,Acinetobacter,logistic_regression,4.0,0.2777777777777778,0.2692982456140351,
close_relative_species,rope_onehot,300,N_3pct,90,,,,,,Burkholderia,nearest_centroid,3.0,0.4074074074074074,0.40196078431372556,
close_relative_species,rope_onehot,300,N_3pct,90,,,,,,Burkholderia,logistic_regression,3.0,0.4444444444444444,0.4398148148148148,
close_relative_target_binary,rope_onehot,300,N_3pct,90,,,,,,Burkholderia,nearest_centroid,2.0,0.5925925925925926,0.4427767354596623,0.5432098765432098
close_relative_target_binary,rope_onehot,300,N_3pct,90,,,,,,Burkholderia,logistic_regression,2.0,0.6666666666666666,0.5440900562851783,0.5617283950617283
close_relative_species,rope_onehot,300,N_3pct,120,,,,,,Candida,nearest_centroid,4.0,0.16666666666666666,0.16400978407557354,
close_relative_species,rope_onehot,300,N_3pct,120,,,,,,Candida,logistic_regression,4.0,0.1111111111111111,0.11864222733787952,
close_relative_target_binary,rope_onehot,300,N_3pct,90,,,,,,Candida,nearest_centroid,2.0,0.7037037037037037,0.5090909090909091,0.5339506172839505
close_relative_target_binary,rope_onehot,300,N_3pct,90,,,,,,Candida,logistic_regression,2.0,0.6666666666666666,0.4862579281183932,0.5493827160493827
close_relative_species,rope_onehot,300,N_3pct,150,,,,,,Enterobacter,nearest_centroid,5.0,0.24444444444444444,0.23760808671294606,
close_relative_species,rope_onehot,300,N_3pct,150,,,,,,Enterobacter,logistic_regression,5.0,0.2,0.2037999410290432,
close_relative_target_binary,rope_onehot,300,N_3pct,90,,,,,,Enterobacter,nearest_centroid,2.0,0.5185185185185185,0.34146341463414637,0.3950617283950617
close_relative_target_binary,rope_onehot,300,N_3pct,90,,,,,,Enterobacter,logistic_regression,2.0,0.5185185185185185,0.34146341463414637,0.38271604938271603
close_relative_species,rope_onehot,300,N_3pct,60,,,,,,Escherichia,nearest_centroid,2.0,0.5555555555555556,0.5555555555555556,0.4876543209876544
close_relative_species,rope_onehot,300,N_3pct,60,,,,,,Escherichia,logistic_regression,2.0,0.5,0.4984520123839009,0.46913580246913583
close_relative_target_binary,rope_onehot,300,N_3pct,60,,,,,,Escherichia,nearest_centroid,2.0,0.4444444444444444,0.4444444444444444,0.4320987654320988
close_relative_target_binary,rope_onehot,300,N_3pct,60,,,,,,Escherichia,logistic_regression,2.0,0.5,0.4984520123839009,0.40740740740740744
close_relative_species,rope_onehot,300,N_3pct,90,,,,,,Klebsiella,nearest_centroid,3.0,0.4444444444444444,0.44117647058823534,
close_relative_species,rope_onehot,300,N_3pct,90,,,,,,Klebsiella,logistic_regression,3.0,0.48148148148148145,0.4667855020796197,
close_relative_target_binary,rope_onehot,300,N_3pct,90,,,,,,Klebsiella,nearest_centroid,2.0,0.5925925925925926,0.37209302325581395,0.38888888888888884
close_relative_target_binary,rope_onehot,300,N_3pct,90,,,,,,Klebsiella,logistic_regression,2.0,0.5925925925925926,0.37209302325581395,0.42592592592592593
rc_consistency,rope_property,75,reverse_complement,400,0.4274683807191699,0.42983380356554496,0.3375452707412027,,,,,,,,
perturbation_stability,rope_property,75,N_3pct,400,0.9765165659163055,,0.9716639974410034,0.21611384866815023,0.23805882190423933,,,,,,
perturbation_stability,rope_property,75,substitution_1pct,400,0.9926949453870292,,0.9782012735969754,0.08619905666847603,0.20879961079220913,,,,,,
motif_position,rope_property,75,clean,240,,,,,,toy_motif,nearest_centroid,3.0,0.4583333333333333,0.4578527062999113,
motif_position,rope_property,75,clean,240,,,,,,toy_motif,logistic_regression,3.0,0.5416666666666666,0.5396678183912226,
motif_position,rope_property,75,N_3pct,240,,,,,,toy_motif,nearest_centroid,3.0,0.4444444444444444,0.44341921165629367,
motif_position,rope_property,75,N_3pct,240,,,,,,toy_motif,logistic_regression,3.0,0.5138888888888888,0.5129479482202995,
rc_consistency,rope_property,75,reverse_complement,1680,0.43881981635286504,0.4384497014605337,0.33624363484338965,,,close_relative_wgs,,,,,
perturbation_stability,rope_property,75,N_3pct,1680,0.9766371502615707,,0.9706807138878497,0.21541222404613045,0.2421540234710285,close_relative_wgs,,,,,
perturbation_stability,rope_property,75,substitution_1pct,1680,0.9924757895858286,,0.976697035394031,0.08776003025089862,0.2158840617065127,close_relative_wgs,,,,,
close_relative_species,rope_property,75,clean,120,,,,,,Acinetobacter,nearest_centroid,4.0,0.25,0.24731325596600195,
close_relative_species,rope_property,75,clean,120,,,,,,Acinetobacter,logistic_regression,4.0,0.2222222222222222,0.20222222222222222,
close_relative_species,rope_property,75,clean,90,,,,,,Burkholderia,nearest_centroid,3.0,0.4444444444444444,0.4047619047619047,
close_relative_species,rope_property,75,clean,90,,,,,,Burkholderia,logistic_regression,3.0,0.3333333333333333,0.29996346364632803,
close_relative_target_binary,rope_property,75,clean,90,,,,,,Burkholderia,nearest_centroid,2.0,0.5555555555555556,0.5235294117647059,0.5648148148148149
close_relative_target_binary,rope_property,75,clean,90,,,,,,Burkholderia,logistic_regression,2.0,0.6296296296296297,0.555921052631579,0.6111111111111112
close_relative_species,rope_property,75,clean,120,,,,,,Candida,nearest_centroid,4.0,0.3055555555555556,0.3091800356506239,
close_relative_species,rope_property,75,clean,120,,,,,,Candida,logistic_regression,4.0,0.25,0.2434873949579832,
close_relative_target_binary,rope_property,75,clean,90,,,,,,Candida,nearest_centroid,2.0,0.2962962962962963,0.2597402597402597,0.22222222222222224
close_relative_target_binary,rope_property,75,clean,90,,,,,,Candida,logistic_regression,2.0,0.37037037037037035,0.2702702702702703,0.24691358024691357
close_relative_species,rope_property,75,clean,150,,,,,,Enterobacter,nearest_centroid,5.0,0.1111111111111111,0.1088888888888889,
close_relative_species,rope_property,75,clean,150,,,,,,Enterobacter,logistic_regression,5.0,0.17777777777777778,0.16736842105263156,
close_relative_target_binary,rope_property,75,clean,90,,,,,,Enterobacter,nearest_centroid,2.0,0.6296296296296297,0.46428571428571425,0.42592592592592593
close_relative_target_binary,rope_property,75,clean,90,,,,,,Enterobacter,logistic_regression,2.0,0.5925925925925926,0.4427767354596623,0.3333333333333333
close_relative_species,rope_property,75,clean,60,,,,,,Escherichia,nearest_centroid,2.0,0.5,0.4984520123839009,0.5432098765432098
close_relative_species,rope_property,75,clean,60,,,,,,Escherichia,logistic_regression,2.0,0.4444444444444444,0.4444444444444444,0.5925925925925926
close_relative_target_binary,rope_property,75,clean,60,,,,,,Escherichia,nearest_centroid,2.0,0.6111111111111112,0.5785953177257526,0.7283950617283951
close_relative_target_binary,rope_property,75,clean,60,,,,,,Escherichia,logistic_regression,2.0,0.6666666666666666,0.6493506493506493,0.7901234567901234
close_relative_species,rope_property,75,clean,90,,,,,,Klebsiella,nearest_centroid,3.0,0.4444444444444444,0.44078947368421045,
close_relative_species,rope_property,75,clean,90,,,,,,Klebsiella,logistic_regression,3.0,0.4444444444444444,0.44550264550264557,
close_relative_target_binary,rope_property,75,clean,90,,,,,,Klebsiella,nearest_centroid,2.0,0.5555555555555556,0.5397727272727273,0.5740740740740741
close_relative_target_binary,rope_property,75,clean,90,,,,,,Klebsiella,logistic_regression,2.0,0.6296296296296297,0.555921052631579,0.4938271604938272
close_relative_species,rope_property,75,N_3pct,120,,,,,,Acinetobacter,nearest_centroid,4.0,0.2222222222222222,0.22181925401739644,
close_relative_species,rope_property,75,N_3pct,120,,,,,,Acinetobacter,logistic_regression,4.0,0.3055555555555556,0.2891865079365079,
close_relative_species,rope_property,75,N_3pct,90,,,,,,Burkholderia,nearest_centroid,3.0,0.4074074074074074,0.3766788766788767,
close_relative_species,rope_property,75,N_3pct,90,,,,,,Burkholderia,logistic_regression,3.0,0.4444444444444444,0.42751322751322746,
close_relative_target_binary,rope_property,75,N_3pct,90,,,,,,Burkholderia,nearest_centroid,2.0,0.5185185185185185,0.4419713831478538,0.5740740740740741
close_relative_target_binary,rope_property,75,N_3pct,90,,,,,,Burkholderia,logistic_regression,2.0,0.5555555555555556,0.46710526315789475,0.5617283950617284
close_relative_species,rope_property,75,N_3pct,120,,,,,,Candida,nearest_centroid,4.0,0.19444444444444445,0.1797684748956791,
close_relative_species,rope_property,75,N_3pct,120,,,,,,Candida,logistic_regression,4.0,0.3055555555555556,0.3030005941770648,
close_relative_target_binary,rope_property,75,N_3pct,90,,,,,,Candida,nearest_centroid,2.0,0.4074074074074074,0.33333333333333337,0.33024691358024694
close_relative_target_binary,rope_property,75,N_3pct,90,,,,,,Candida,logistic_regression,2.0,0.4444444444444444,0.3076923076923077,0.30864197530864196
close_relative_species,rope_property,75,N_3pct,150,,,,,,Enterobacter,nearest_centroid,5.0,0.13333333333333333,0.11414768806073154,
close_relative_species,rope_property,75,N_3pct,150,,,,,,Enterobacter,logistic_regression,5.0,0.13333333333333333,0.12666666666666665,
close_relative_target_binary,rope_property,75,N_3pct,90,,,,,,Enterobacter,nearest_centroid,2.0,0.5925925925925926,0.4427767354596623,0.5185185185185186
close_relative_target_binary,rope_property,75,N_3pct,90,,,,,,Enterobacter,logistic_regression,2.0,0.6296296296296297,0.46428571428571425,0.3888888888888889
close_relative_species,rope_property,75,N_3pct,60,,,,,,Escherichia,nearest_centroid,2.0,0.6111111111111112,0.6,0.4876543209876543
close_relative_species,rope_property,75,N_3pct,60,,,,,,Escherichia,logistic_regression,2.0,0.5,0.4857142857142857,0.5185185185185185
close_relative_target_binary,rope_property,75,N_3pct,60,,,,,,Escherichia,nearest_centroid,2.0,0.6666666666666666,0.6493506493506493,0.7592592592592593
close_relative_target_binary,rope_property,75,N_3pct,60,,,,,,Escherichia,logistic_regression,2.0,0.6666666666666666,0.6493506493506493,0.7777777777777778
close_relative_species,rope_property,75,N_3pct,90,,,,,,Klebsiella,nearest_centroid,3.0,0.37037037037037035,0.3649810801513588,
close_relative_species,rope_property,75,N_3pct,90,,,,,,Klebsiella,logistic_regression,3.0,0.4074074074074074,0.4064814814814815,
close_relative_target_binary,rope_property,75,N_3pct,90,,,,,,Klebsiella,nearest_centroid,2.0,0.6666666666666666,0.6493506493506493,0.5679012345679012
close_relative_target_binary,rope_property,75,N_3pct,90,,,,,,Klebsiella,logistic_regression,2.0,0.6666666666666666,0.5846153846153846,0.5679012345679012
rc_consistency,rope_property,100,reverse_complement,400,0.4271173969753867,0.42864829615574374,0.3508309393881035,,,,,,,,
perturbation_stability,rope_property,100,N_3pct,400,0.9735947993420799,,0.9689304783314973,0.2293960415840951,0.24927703520568092,,,,,,
perturbation_stability,rope_property,100,substitution_1pct,400,0.9922132100243553,,0.9772700957479734,0.09845531718102363,0.21321288692390264,,,,,,
motif_position,rope_property,100,clean,240,,,,,,toy_motif,nearest_centroid,3.0,0.4583333333333333,0.4438345864661654,
motif_position,rope_property,100,clean,240,,,,,,toy_motif,logistic_regression,3.0,0.4305555555555556,0.426961926961927,
motif_position,rope_property,100,N_3pct,240,,,,,,toy_motif,nearest_centroid,3.0,0.5,0.4882227507082328,
motif_position,rope_property,100,N_3pct,240,,,,,,toy_motif,logistic_regression,3.0,0.4722222222222222,0.463344407530454,
rc_consistency,rope_property,100,reverse_complement,1680,0.44509539404045617,0.4439290363272163,0.348939557250067,,,close_relative_wgs,,,,,
perturbation_stability,rope_property,100,N_3pct,1680,0.9735020812860256,,0.9678422243175784,0.22969940584125997,0.2536051088738429,close_relative_wgs,,,,,
perturbation_stability,rope_property,100,substitution_1pct,1680,0.9921092599869289,,0.9771408338697054,0.09778200289890283,0.21381844291442523,close_relative_wgs,,,,,
close_relative_species,rope_property,100,clean,120,,,,,,Acinetobacter,nearest_centroid,4.0,0.2777777777777778,0.2783791866028708,
close_relative_species,rope_property,100,clean,120,,,,,,Acinetobacter,logistic_regression,4.0,0.2777777777777778,0.27537593984962405,
close_relative_species,rope_property,100,clean,90,,,,,,Burkholderia,nearest_centroid,3.0,0.4074074074074074,0.3946275946275946,
close_relative_species,rope_property,100,clean,90,,,,,,Burkholderia,logistic_regression,3.0,0.37037037037037035,0.36190476190476195,
close_relative_target_binary,rope_property,100,clean,90,,,,,,Burkholderia,nearest_centroid,2.0,0.6666666666666666,0.5846153846153846,0.5987654320987654
close_relative_target_binary,rope_property,100,clean,90,,,,,,Burkholderia,logistic_regression,2.0,0.5925925925925926,0.37209302325581395,0.654320987654321
close_relative_species,rope_property,100,clean,120,,,,,,Candida,nearest_centroid,4.0,0.16666666666666666,0.1660843685300207,
close_relative_species,rope_property,100,clean,120,,,,,,Candida,logistic_regression,4.0,0.19444444444444445,0.20722095092804474,
close_relative_target_binary,rope_property,100,clean,90,,,,,,Candida,nearest_centroid,2.0,0.48148148148148145,0.325,0.5185185185185185
close_relative_target_binary,rope_property,100,clean,90,,,,,,Candida,logistic_regression,2.0,0.5185185185185185,0.39999999999999997,0.4320987654320988
close_relative_species,rope_property,100,clean,150,,,,,,Enterobacter,nearest_centroid,5.0,0.2,0.1969924812030075,
close_relative_species,rope_property,100,clean,150,,,,,,Enterobacter,logistic_regression,5.0,0.17777777777777778,0.17999533146591967,
close_relative_target_binary,rope_property,100,clean,90,,,,,,Enterobacter,nearest_centroid,2.0,0.5555555555555556,0.46710526315789475,0.5555555555555556
close_relative_target_binary,rope_property,100,clean,90,,,,,,Enterobacter,logistic_regression,2.0,0.6296296296296297,0.5833333333333333,0.6234567901234568
close_relative_species,rope_property,100,clean,60,,,,,,Escherichia,nearest_centroid,2.0,0.3888888888888889,0.37142857142857144,0.345679012345679
close_relative_species,rope_property,100,clean,60,,,,,,Escherichia,logistic_regression,2.0,0.3333333333333333,0.325,0.4197530864197531
close_relative_target_binary,rope_property,100,clean,60,,,,,,Escherichia,nearest_centroid,2.0,0.4444444444444444,0.41558441558441556,0.5061728395061729
close_relative_target_binary,rope_property,100,clean,60,,,,,,Escherichia,logistic_regression,2.0,0.4444444444444444,0.4375,0.5061728395061729
close_relative_species,rope_property,100,clean,90,,,,,,Klebsiella,nearest_centroid,3.0,0.4074074074074074,0.38431938431938434,
close_relative_species,rope_property,100,clean,90,,,,,,Klebsiella,logistic_regression,3.0,0.4074074074074074,0.38654970760233914,
close_relative_target_binary,rope_property,100,clean,90,,,,,,Klebsiella,nearest_centroid,2.0,0.5555555555555556,0.46710526315789475,0.3765432098765432
close_relative_target_binary,rope_property,100,clean,90,,,,,,Klebsiella,logistic_regression,2.0,0.48148148148148145,0.3782894736842105,0.35185185185185186
close_relative_species,rope_property,100,N_3pct,120,,,,,,Acinetobacter,nearest_centroid,4.0,0.2777777777777778,0.2728174603174603,
close_relative_species,rope_property,100,N_3pct,120,,,,,,Acinetobacter,logistic_regression,4.0,0.16666666666666666,0.156078431372549,
close_relative_species,rope_property,100,N_3pct,90,,,,,,Burkholderia,nearest_centroid,3.0,0.48148148148148145,0.45959595959595956,
close_relative_species,rope_property,100,N_3pct,90,,,,,,Burkholderia,logistic_regression,3.0,0.4444444444444444,0.42796092796092794,
close_relative_target_binary,rope_property,100,N_3pct,90,,,,,,Burkholderia,nearest_centroid,2.0,0.5555555555555556,0.35714285714285715,0.5555555555555556
close_relative_target_binary,rope_property,100,N_3pct,90,,,,,,Burkholderia,logistic_regression,2.0,0.6296296296296297,0.38636363636363635,0.5864197530864198
close_relative_species,rope_property,100,N_3pct,120,,,,,,Candida,nearest_centroid,4.0,0.19444444444444445,0.20116550116550116,
close_relative_species,rope_property,100,N_3pct,120,,,,,,Candida,logistic_regression,4.0,0.2222222222222222,0.22313311688311688,
close_relative_target_binary,rope_property,100,N_3pct,90,,,,,,Candida,nearest_centroid,2.0,0.5185185185185185,0.34146341463414637,0.5092592592592593
close_relative_target_binary,rope_property,100,N_3pct,90,,,,,,Candida,logistic_regression,2.0,0.5555555555555556,0.4214285714285714,0.43827160493827166
close_relative_species,rope_property,100,N_3pct,150,,,,,,Enterobacter,nearest_centroid,5.0,0.3111111111111111,0.31026315789473685,
close_relative_species,rope_property,100,N_3pct,150,,,,,,Enterobacter,logistic_regression,5.0,0.08888888888888889,0.09311145510835914,
close_relative_target_binary,rope_property,100,N_3pct,90,,,,,,Enterobacter,nearest_centroid,2.0,0.6296296296296297,0.5178571428571428,0.47530864197530864
close_relative_target_binary,rope_property,100,N_3pct,90,,,,,,Enterobacter,logistic_regression,2.0,0.6296296296296297,0.5178571428571428,0.5246913580246914
close_relative_species,rope_property,100,N_3pct,60,,,,,,Escherichia,nearest_centroid,2.0,0.3333333333333333,0.2987012987012987,0.36419753086419754
close_relative_species,rope_property,100,N_3pct,60,,,,,,Escherichia,logistic_regression,2.0,0.3888888888888889,0.38699690402476783,0.3950617283950617
close_relative_target_binary,rope_property,100,N_3pct,60,,,,,,Escherichia,nearest_centroid,2.0,0.5555555555555556,0.55,0.4444444444444445
close_relative_target_binary,rope_property,100,N_3pct,60,,,,,,Escherichia,logistic_regression,2.0,0.4444444444444444,0.41558441558441556,0.5308641975308641
close_relative_species,rope_property,100,N_3pct,90,,,,,,Klebsiella,nearest_centroid,3.0,0.4074074074074074,0.38095238095238093,
close_relative_species,rope_property,100,N_3pct,90,,,,,,Klebsiella,logistic_regression,3.0,0.4444444444444444,0.4146224146224146,
close_relative_target_binary,rope_property,100,N_3pct,90,,,,,,Klebsiella,nearest_centroid,2.0,0.5185185185185185,0.39999999999999997,0.3950617283950617
close_relative_target_binary,rope_property,100,N_3pct,90,,,,,,Klebsiella,logistic_regression,2.0,0.48148148148148145,0.3782894736842105,0.35185185185185186
rc_consistency,rope_property,125,reverse_complement,1680,0.44107156837138006,0.43743378104664804,0.3572920205967358,,,close_relative_wgs,,,,,
perturbation_stability,rope_property,125,N_3pct,1680,0.9717109882538136,,0.9664366113833787,0.2374682245813521,0.25908835759790544,close_relative_wgs,,,,,
perturbation_stability,rope_property,125,substitution_1pct,1680,0.9919695614014458,,0.9796858486372366,0.10564234181642058,0.20156463308471265,close_relative_wgs,,,,,
close_relative_species,rope_property,125,clean,120,,,,,,Acinetobacter,nearest_centroid,4.0,0.4444444444444444,0.4271739130434783,
close_relative_species,rope_property,125,clean,120,,,,,,Acinetobacter,logistic_regression,4.0,0.4166666666666667,0.37189662189662187,
close_relative_species,rope_property,125,clean,90,,,,,,Burkholderia,nearest_centroid,3.0,0.3333333333333333,0.32756132756132755,
close_relative_species,rope_property,125,clean,90,,,,,,Burkholderia,logistic_regression,3.0,0.3333333333333333,0.32756132756132755,
close_relative_target_binary,rope_property,125,clean,90,,,,,,Burkholderia,nearest_centroid,2.0,0.5925925925925926,0.49230769230769234,0.4382716049382716
close_relative_target_binary,rope_property,125,clean,90,,,,,,Burkholderia,logistic_regression,2.0,0.5925925925925926,0.49230769230769234,0.4074074074074074
close_relative_species,rope_property,125,clean,120,,,,,,Candida,nearest_centroid,4.0,0.4166666666666667,0.356547619047619,
close_relative_species,rope_property,125,clean,120,,,,,,Candida,logistic_regression,4.0,0.25,0.2383906942730472,
close_relative_target_binary,rope_property,125,clean,90,,,,,,Candida,nearest_centroid,2.0,0.5185185185185185,0.4419713831478538,0.4938271604938272
close_relative_target_binary,rope_property,125,clean,90,,,,,,Candida,logistic_regression,2.0,0.4444444444444444,0.3076923076923077,0.49382716049382724
close_relative_species,rope_property,125,clean,150,,,,,,Enterobacter,nearest_centroid,5.0,0.13333333333333333,0.12332467532467532,
close_relative_species,rope_property,125,clean,150,,,,,,Enterobacter,logistic_regression,5.0,0.17777777777777778,0.16303030303030303,
close_relative_target_binary,rope_property,125,clean,90,,,,,,Enterobacter,nearest_centroid,2.0,0.4444444444444444,0.39097744360902253,0.4320987654320987
close_relative_target_binary,rope_property,125,clean,90,,,,,,Enterobacter,logistic_regression,2.0,0.5555555555555556,0.5,0.4382716049382716
close_relative_species,rope_property,125,clean,60,,,,,,Escherichia,nearest_centroid,2.0,0.3333333333333333,0.3333333333333333,0.3827160493827161
close_relative_species,rope_property,125,clean,60,,,,,,Escherichia,logistic_regression,2.0,0.2777777777777778,0.27554179566563464,0.3580246913580247
close_relative_target_binary,rope_property,125,clean,60,,,,,,Escherichia,nearest_centroid,2.0,0.5555555555555556,0.55,0.6296296296296297
close_relative_target_binary,rope_property,125,clean,60,,,,,,Escherichia,logistic_regression,2.0,0.5555555555555556,0.55,0.6049382716049383
close_relative_species,rope_property,125,clean,90,,,,,,Klebsiella,nearest_centroid,3.0,0.4444444444444444,0.44035087719298244,
close_relative_species,rope_property,125,clean,90,,,,,,Klebsiella,logistic_regression,3.0,0.4444444444444444,0.4412338034629056,
close_relative_target_binary,rope_property,125,clean,90,,,,,,Klebsiella,nearest_centroid,2.0,0.7407407407407407,0.676923076923077,0.7283950617283952
close_relative_target_binary,rope_property,125,clean,90,,,,,,Klebsiella,logistic_regression,2.0,0.7037037037037037,0.5714285714285714,0.8209876543209876
close_relative_species,rope_property,125,N_3pct,120,,,,,,Acinetobacter,nearest_centroid,4.0,0.4444444444444444,0.4363636363636364,
close_relative_species,rope_property,125,N_3pct,120,,,,,,Acinetobacter,logistic_regression,4.0,0.3888888888888889,0.3689994216310006,
close_relative_species,rope_property,125,N_3pct,90,,,,,,Burkholderia,nearest_centroid,3.0,0.2962962962962963,0.2905242905242905,
close_relative_species,rope_property,125,N_3pct,90,,,,,,Burkholderia,logistic_regression,3.0,0.2962962962962963,0.29537037037037034,
close_relative_target_binary,rope_property,125,N_3pct,90,,,,,,Burkholderia,nearest_centroid,2.0,0.5925925925925926,0.5278219395866455,0.4876543209876543
close_relative_target_binary,rope_property,125,N_3pct,90,,,,,,Burkholderia,logistic_regression,2.0,0.6666666666666666,0.5440900562851783,0.48148148148148145
close_relative_species,rope_property,125,N_3pct,120,,,,,,Candida,nearest_centroid,4.0,0.3888888888888889,0.3375324675324675,
close_relative_species,rope_property,125,N_3pct,120,,,,,,Candida,logistic_regression,4.0,0.2777777777777778,0.24444444444444444,
close_relative_target_binary,rope_property,125,N_3pct,90,,,,,,Candida,nearest_centroid,2.0,0.4444444444444444,0.35612082670906203,0.31790123456790126
close_relative_target_binary,rope_property,125,N_3pct,90,,,,,,Candida,logistic_regression,2.0,0.4444444444444444,0.3076923076923077,0.39506172839506176
close_relative_species,rope_property,125,N_3pct,150,,,,,,Enterobacter,nearest_centroid,5.0,0.13333333333333333,0.1258741258741259,
close_relative_species,rope_property,125,N_3pct,150,,,,,,Enterobacter,logistic_regression,5.0,0.1111111111111111,0.1154040404040404,
close_relative_target_binary,rope_property,125,N_3pct,90,,,,,,Enterobacter,nearest_centroid,2.0,0.4444444444444444,0.35612082670906203,0.41358024691358025
close_relative_target_binary,rope_property,125,N_3pct,90,,,,,,Enterobacter,logistic_regression,2.0,0.5185185185185185,0.4419713831478538,0.42592592592592593
close_relative_species,rope_property,125,N_3pct,60,,,,,,Escherichia,nearest_centroid,2.0,0.3333333333333333,0.3333333333333333,0.35802469135802467
close_relative_species,rope_property,125,N_3pct,60,,,,,,Escherichia,logistic_regression,2.0,0.3888888888888889,0.38699690402476783,0.37037037037037035
close_relative_target_binary,rope_property,125,N_3pct,60,,,,,,Escherichia,nearest_centroid,2.0,0.6111111111111112,0.609907120743034,0.6975308641975309
close_relative_target_binary,rope_property,125,N_3pct,60,,,,,,Escherichia,logistic_regression,2.0,0.5555555555555556,0.5555555555555556,0.654320987654321
close_relative_species,rope_property,125,N_3pct,90,,,,,,Klebsiella,nearest_centroid,3.0,0.4074074074074074,0.4057017543859649,
close_relative_species,rope_property,125,N_3pct,90,,,,,,Klebsiella,logistic_regression,3.0,0.37037037037037035,0.37128769636509573,
close_relative_target_binary,rope_property,125,N_3pct,90,,,,,,Klebsiella,nearest_centroid,2.0,0.7037037037037037,0.6142857142857143,0.632716049382716
close_relative_target_binary,rope_property,125,N_3pct,90,,,,,,Klebsiella,logistic_regression,2.0,0.7037037037037037,0.5714285714285714,0.6728395061728395
rc_consistency,rope_property,150,reverse_complement,1680,0.4439496580332047,0.4423324872981205,0.36713899909251585,,,close_relative_wgs,,,,,
perturbation_stability,rope_property,150,N_3pct,1680,0.9764868017537017,,0.9721525307041545,0.21650099784721769,0.23599775090001618,close_relative_wgs,,,,,
perturbation_stability,rope_property,150,substitution_1pct,1680,0.992304681594326,,0.9803682692550603,0.10603600889773644,0.1981500964100364,close_relative_wgs,,,,,
close_relative_species,rope_property,150,clean,120,,,,,,Acinetobacter,nearest_centroid,4.0,0.16666666666666666,0.14846491228070174,
close_relative_species,rope_property,150,clean,120,,,,,,Acinetobacter,logistic_regression,4.0,0.1111111111111111,0.10644257703081232,
close_relative_species,rope_property,150,clean,90,,,,,,Burkholderia,nearest_centroid,3.0,0.2222222222222222,0.22268088521958487,
close_relative_species,rope_property,150,clean,90,,,,,,Burkholderia,logistic_regression,3.0,0.2962962962962963,0.27270531400966186,
close_relative_target_binary,rope_property,150,clean,90,,,,,,Burkholderia,nearest_centroid,2.0,0.5185185185185185,0.4419713831478538,0.4197530864197531
close_relative_target_binary,rope_property,150,clean,90,,,,,,Burkholderia,logistic_regression,2.0,0.5925925925925926,0.5278219395866455,0.43827160493827155
close_relative_species,rope_property,150,clean,120,,,,,,Candida,nearest_centroid,4.0,0.1388888888888889,0.14542483660130717,
close_relative_species,rope_property,150,clean,120,,,,,,Candida,logistic_regression,4.0,0.19444444444444445,0.1926239395279643,
close_relative_target_binary,rope_property,150,clean,90,,,,,,Candida,nearest_centroid,2.0,0.5925925925925926,0.49230769230769234,0.5123456790123457
close_relative_target_binary,rope_property,150,clean,90,,,,,,Candida,logistic_regression,2.0,0.5925925925925926,0.4427767354596623,0.654320987654321
close_relative_species,rope_property,150,clean,150,,,,,,Enterobacter,nearest_centroid,5.0,0.24444444444444444,0.218015627303553,
close_relative_species,rope_property,150,clean,150,,,,,,Enterobacter,logistic_regression,5.0,0.24444444444444444,0.2316666666666667,
close_relative_target_binary,rope_property,150,clean,90,,,,,,Enterobacter,nearest_centroid,2.0,0.6666666666666666,0.4862579281183932,0.5740740740740741
close_relative_target_binary,rope_property,150,clean,90,,,,,,Enterobacter,logistic_regression,2.0,0.5925925925925926,0.37209302325581395,0.5493827160493827
close_relative_species,rope_property,150,clean,60,,,,,,Escherichia,nearest_centroid,2.0,0.2777777777777778,0.27554179566563464,0.2592592592592593
close_relative_species,rope_property,150,clean,60,,,,,,Escherichia,logistic_regression,2.0,0.2777777777777778,0.2571428571428571,0.345679012345679
close_relative_target_binary,rope_property,150,clean,60,,,,,,Escherichia,nearest_centroid,2.0,0.5,0.4857142857142857,0.4382716049382716
close_relative_target_binary,rope_property,150,clean,60,,,,,,Escherichia,logistic_regression,2.0,0.5555555555555556,0.55,0.49382716049382713
close_relative_species,rope_property,150,clean,90,,,,,,Klebsiella,nearest_centroid,3.0,0.4074074074074074,0.36981947622679884,
close_relative_species,rope_property,150,clean,90,,,,,,Klebsiella,logistic_regression,3.0,0.3333333333333333,0.2992691688343862,
close_relative_target_binary,rope_property,150,clean,90,,,,,,Klebsiella,nearest_centroid,2.0,0.48148148148148145,0.3782894736842105,0.3888888888888889
close_relative_target_binary,rope_property,150,clean,90,,,,,,Klebsiella,logistic_regression,2.0,0.5925925925925926,0.4427767354596623,0.43209876543209874
close_relative_species,rope_property,150,N_3pct,120,,,,,,Acinetobacter,nearest_centroid,4.0,0.3055555555555556,0.3007933436532508,
close_relative_species,rope_property,150,N_3pct,120,,,,,,Acinetobacter,logistic_regression,4.0,0.3055555555555556,0.3051900584795322,
close_relative_species,rope_property,150,N_3pct,90,,,,,,Burkholderia,nearest_centroid,3.0,0.18518518518518517,0.18128654970760236,
close_relative_species,rope_property,150,N_3pct,90,,,,,,Burkholderia,logistic_regression,3.0,0.25925925925925924,0.25820105820105815,
close_relative_target_binary,rope_property,150,N_3pct,90,,,,,,Burkholderia,nearest_centroid,2.0,0.48148148148148145,0.4166666666666667,0.3950617283950617
close_relative_target_binary,rope_property,150,N_3pct,90,,,,,,Burkholderia,logistic_regression,2.0,0.48148148148148145,0.4166666666666667,0.39506172839506176
close_relative_species,rope_property,150,N_3pct,120,,,,,,Candida,nearest_centroid,4.0,0.1388888888888889,0.1437908496732026,
close_relative_species,rope_property,150,N_3pct,120,,,,,,Candida,logistic_regression,4.0,0.16666666666666666,0.1654703548085901,
close_relative_target_binary,rope_property,150,N_3pct,90,,,,,,Candida,nearest_centroid,2.0,0.5555555555555556,0.46710526315789475,0.5
close_relative_target_binary,rope_property,150,N_3pct,90,,,,,,Candida,logistic_regression,2.0,0.5555555555555556,0.35714285714285715,0.6358024691358024
close_relative_species,rope_property,150,N_3pct,150,,,,,,Enterobacter,nearest_centroid,5.0,0.28888888888888886,0.2634541062801932,
close_relative_species,rope_property,150,N_3pct,150,,,,,,Enterobacter,logistic_regression,5.0,0.26666666666666666,0.2510185892538834,
close_relative_target_binary,rope_property,150,N_3pct,90,,,,,,Enterobacter,nearest_centroid,2.0,0.6666666666666666,0.4862579281183932,0.5679012345679012
close_relative_target_binary,rope_property,150,N_3pct,90,,,,,,Enterobacter,logistic_regression,2.0,0.6296296296296297,0.38636363636363635,0.537037037037037
close_relative_species,rope_property,150,N_3pct,60,,,,,,Escherichia,nearest_centroid,2.0,0.3333333333333333,0.325,0.2962962962962963
close_relative_species,rope_property,150,N_3pct,60,,,,,,Escherichia,logistic_regression,2.0,0.2777777777777778,0.27554179566563464,0.30864197530864196
close_relative_target_binary,rope_property,150,N_3pct,60,,,,,,Escherichia,nearest_centroid,2.0,0.3888888888888889,0.38699690402476783,0.43209876543209874
close_relative_target_binary,rope_property,150,N_3pct,60,,,,,,Escherichia,logistic_regression,2.0,0.5,0.4984520123839009,0.45679012345679015
close_relative_species,rope_property,150,N_3pct,90,,,,,,Klebsiella,nearest_centroid,3.0,0.4074074074074074,0.36816465716721475,
close_relative_species,rope_property,150,N_3pct,90,,,,,,Klebsiella,logistic_regression,3.0,0.37037037037037035,0.32415786827551535,
close_relative_target_binary,rope_property,150,N_3pct,90,,,,,,Klebsiella,nearest_centroid,2.0,0.48148148148148145,0.4166666666666667,0.35185185185185186
close_relative_target_binary,rope_property,150,N_3pct,90,,,,,,Klebsiella,logistic_regression,2.0,0.5925925925925926,0.4427767354596623,0.4012345679012346
rc_consistency,rope_property,300,reverse_complement,1680,0.4405017503763316,0.43855487184208763,0.3846661442126103,,,close_relative_wgs,,,,,
perturbation_stability,rope_property,300,N_3pct,1680,0.9735654977527602,,0.9700942917608443,0.22975133860755018,0.24456372658574074,close_relative_wgs,,,,,
perturbation_stability,rope_property,300,substitution_1pct,1680,0.992522448081194,,0.984936444571532,0.11454967596869237,0.17357163003120585,close_relative_wgs,,,,,
close_relative_species,rope_property,300,clean,120,,,,,,Acinetobacter,nearest_centroid,4.0,0.1388888888888889,0.13955669224211423,
close_relative_species,rope_property,300,clean,120,,,,,,Acinetobacter,logistic_regression,4.0,0.2222222222222222,0.21530103668261563,
close_relative_species,rope_property,300,clean,90,,,,,,Burkholderia,nearest_centroid,3.0,0.3333333333333333,0.3083778966131907,
close_relative_species,rope_property,300,clean,90,,,,,,Burkholderia,logistic_regression,3.0,0.2962962962962963,0.29376750700280113,
close_relative_target_binary,rope_property,300,clean,90,,,,,,Burkholderia,nearest_centroid,2.0,0.5185185185185185,0.34146341463414637,0.5308641975308642
close_relative_target_binary,rope_property,300,clean,90,,,,,,Burkholderia,logistic_regression,2.0,0.5925925925925926,0.37209302325581395,0.5802469135802469
close_relative_species,rope_property,300,clean,120,,,,,,Candida,nearest_centroid,4.0,0.19444444444444445,0.19977443609022555,
close_relative_species,rope_property,300,clean,120,,,,,,Candida,logistic_regression,4.0,0.19444444444444445,0.1866968325791855,
close_relative_target_binary,rope_property,300,clean,90,,,,,,Candida,nearest_centroid,2.0,0.6666666666666666,0.4862579281183932,0.6296296296296295
close_relative_target_binary,rope_property,300,clean,90,,,,,,Candida,logistic_regression,2.0,0.6296296296296297,0.38636363636363635,0.5987654320987654
close_relative_species,rope_property,300,clean,150,,,,,,Enterobacter,nearest_centroid,5.0,0.17777777777777778,0.18029708853238263,
close_relative_species,rope_property,300,clean,150,,,,,,Enterobacter,logistic_regression,5.0,0.13333333333333333,0.13948900772430184,
close_relative_target_binary,rope_property,300,clean,90,,,,,,Enterobacter,nearest_centroid,2.0,0.4074074074074074,0.2894736842105263,0.4135802469135802
close_relative_target_binary,rope_property,300,clean,90,,,,,,Enterobacter,logistic_regression,2.0,0.48148148148148145,0.325,0.3950617283950617
close_relative_species,rope_property,300,clean,60,,,,,,Escherichia,nearest_centroid,2.0,0.5555555555555556,0.5555555555555556,0.5061728395061729
close_relative_species,rope_property,300,clean,60,,,,,,Escherichia,logistic_regression,2.0,0.3888888888888889,0.37142857142857144,0.4814814814814815
close_relative_target_binary,rope_property,300,clean,60,,,,,,Escherichia,nearest_centroid,2.0,0.5555555555555556,0.5555555555555556,0.39506172839506176
close_relative_target_binary,rope_property,300,clean,60,,,,,,Escherichia,logistic_regression,2.0,0.3888888888888889,0.38699690402476783,0.3950617283950617
close_relative_species,rope_property,300,clean,90,,,,,,Klebsiella,nearest_centroid,3.0,0.5555555555555556,0.5460526315789473,
close_relative_species,rope_property,300,clean,90,,,,,,Klebsiella,logistic_regression,3.0,0.48148148148148145,0.46115288220551376,
close_relative_target_binary,rope_property,300,clean,90,,,,,,Klebsiella,nearest_centroid,2.0,0.5925925925925926,0.37209302325581395,0.4012345679012346
close_relative_target_binary,rope_property,300,clean,90,,,,,,Klebsiella,logistic_regression,2.0,0.6296296296296297,0.38636363636363635,0.41975308641975306
close_relative_species,rope_property,300,N_3pct,120,,,,,,Acinetobacter,nearest_centroid,4.0,0.16666666666666666,0.16847826086956522,
close_relative_species,rope_property,300,N_3pct,120,,,,,,Acinetobacter,logistic_regression,4.0,0.1388888888888889,0.12700228832951943,
close_relative_species,rope_property,300,N_3pct,90,,,,,,Burkholderia,nearest_centroid,3.0,0.4074074074074074,0.396078431372549,
close_relative_species,rope_property,300,N_3pct,90,,,,,,Burkholderia,logistic_regression,3.0,0.5185185185185185,0.5175438596491228,
close_relative_target_binary,rope_property,300,N_3pct,90,,,,,,Burkholderia,nearest_centroid,2.0,0.5925925925925926,0.4427767354596623,0.5925925925925926
close_relative_target_binary,rope_property,300,N_3pct,90,,,,,,Burkholderia,logistic_regression,2.0,0.6666666666666666,0.4862579281183932,0.6049382716049383
close_relative_species,rope_property,300,N_3pct,120,,,,,,Candida,nearest_centroid,4.0,0.16666666666666666,0.16309523809523807,
close_relative_species,rope_property,300,N_3pct,120,,,,,,Candida,logistic_regression,4.0,0.16666666666666666,0.14583333333333331,
close_relative_target_binary,rope_property,300,N_3pct,90,,,,,,Candida,nearest_centroid,2.0,0.7037037037037037,0.5090909090909091,0.6296296296296295
close_relative_target_binary,rope_property,300,N_3pct,90,,,,,,Candida,logistic_regression,2.0,0.6296296296296297,0.38636363636363635,0.5679012345679013
close_relative_species,rope_property,300,N_3pct,150,,,,,,Enterobacter,nearest_centroid,5.0,0.2222222222222222,0.2200793650793651,
close_relative_species,rope_property,300,N_3pct,150,,,,,,Enterobacter,logistic_regression,5.0,0.2222222222222222,0.23533799533799535,
close_relative_target_binary,rope_property,300,N_3pct,90,,,,,,Enterobacter,nearest_centroid,2.0,0.48148148148148145,0.325,0.37037037037037035
close_relative_target_binary,rope_property,300,N_3pct,90,,,,,,Enterobacter,logistic_regression,2.0,0.4444444444444444,0.3076923076923077,0.3395061728395062
close_relative_species,rope_property,300,N_3pct,60,,,,,,Escherichia,nearest_centroid,2.0,0.5555555555555556,0.5555555555555556,0.5185185185185185
close_relative_species,rope_property,300,N_3pct,60,,,,,,Escherichia,logistic_regression,2.0,0.4444444444444444,0.4375,0.5061728395061729
close_relative_target_binary,rope_property,300,N_3pct,60,,,,,,Escherichia,nearest_centroid,2.0,0.4444444444444444,0.4444444444444444,0.4197530864197531
close_relative_target_binary,rope_property,300,N_3pct,60,,,,,,Escherichia,logistic_regression,2.0,0.5555555555555556,0.5555555555555556,0.46913580246913583
close_relative_species,rope_property,300,N_3pct,90,,,,,,Klebsiella,nearest_centroid,3.0,0.5185185185185185,0.5109649122807017,
close_relative_species,rope_property,300,N_3pct,90,,,,,,Klebsiella,logistic_regression,3.0,0.48148148148148145,0.4619047619047619,
close_relative_target_binary,rope_property,300,N_3pct,90,,,,,,Klebsiella,nearest_centroid,2.0,0.5925925925925926,0.37209302325581395,0.4876543209876543
close_relative_target_binary,rope_property,300,N_3pct,90,,,,,,Klebsiella,logistic_regression,2.0,0.6296296296296297,0.46428571428571425,0.4876543209876543
