comparison,base_representation,test_representation,task,group,length,condition,classifier,delta_paired_cosine_mean,delta_paired_cosine_p05,delta_l2_delta_mean,delta_l2_delta_p95,delta_accuracy,delta_macro_f1,delta_auroc
canonicalization_on_contiguous,kmer5_count_l2,ckmer5_count_l2,rc_consistency,,75,reverse_complement,,0.8772581235562673,0.9999999999999993,,,,,
canonicalization_on_contiguous,kmer5_count_l2,ckmer5_count_l2,perturbation_stability,,75,N_3pct,,0.003339173143590668,-0.0005534709695894646,-0.011993117257413699,0.0014654061000667906,,,
canonicalization_on_contiguous,kmer5_count_l2,ckmer5_count_l2,perturbation_stability,,75,substitution_1pct,,0.0027243476740924644,0.0059077537296742255,-0.008229502421850443,-0.011935804064831024,,,
canonicalization_on_contiguous,kmer5_count_l2,ckmer5_count_l2,motif_position,toy_motif,75,clean,nearest_centroid,,,,,0.013888888888888895,0.011914966480728817,
canonicalization_on_contiguous,kmer5_count_l2,ckmer5_count_l2,motif_position,toy_motif,75,clean,logistic_regression,,,,,-0.013888888888888895,-0.013424444199193142,
canonicalization_on_contiguous,kmer5_count_l2,ckmer5_count_l2,motif_position,toy_motif,75,N_3pct,nearest_centroid,,,,,-0.013888888888888895,-0.019156060084852655,
canonicalization_on_contiguous,kmer5_count_l2,ckmer5_count_l2,motif_position,toy_motif,75,N_3pct,logistic_regression,,,,,-0.08333333333333331,-0.08213989771371277,
canonicalization_on_contiguous,kmer5_count_l2,ckmer5_count_l2,rc_consistency,close_relative_wgs,75,reverse_complement,,0.874870730725188,0.9999999999999993,,,,,
canonicalization_on_contiguous,kmer5_count_l2,ckmer5_count_l2,perturbation_stability,close_relative_wgs,75,N_3pct,,0.004587027545704392,-0.0016272390626668187,-0.014123932408007855,0.004232516377021878,,,
canonicalization_on_contiguous,kmer5_count_l2,ckmer5_count_l2,perturbation_stability,close_relative_wgs,75,substitution_1pct,,0.0034936478794830306,0.010124523035565214,-0.009278606969106595,-0.019860056105983626,,,
canonicalization_on_contiguous,kmer5_count_l2,ckmer5_count_l2,close_relative_species,Acinetobacter,75,clean,nearest_centroid,,,,,0.02777777777777779,0.01722013366750208,
canonicalization_on_contiguous,kmer5_count_l2,ckmer5_count_l2,close_relative_species,Acinetobacter,75,clean,logistic_regression,,,,,0.11111111111111112,0.09553571428571428,
canonicalization_on_contiguous,kmer5_count_l2,ckmer5_count_l2,close_relative_species,Burkholderia,75,clean,nearest_centroid,,,,,-0.14814814814814814,-0.15760025434948036,
canonicalization_on_contiguous,kmer5_count_l2,ckmer5_count_l2,close_relative_species,Burkholderia,75,clean,logistic_regression,,,,,-0.037037037037037035,-0.05569479253689785,
canonicalization_on_contiguous,kmer5_count_l2,ckmer5_count_l2,close_relative_target_binary,Burkholderia,75,clean,nearest_centroid,,,,,0.03703703703703698,0.05125313283208022,-0.1358024691358024
canonicalization_on_contiguous,kmer5_count_l2,ckmer5_count_l2,close_relative_target_binary,Burkholderia,75,clean,logistic_regression,,,,,-0.11111111111111116,-0.20196010664560088,-0.061728395061728336
canonicalization_on_contiguous,kmer5_count_l2,ckmer5_count_l2,close_relative_species,Candida,75,clean,nearest_centroid,,,,,-0.05555555555555558,-0.07409209297754188,
canonicalization_on_contiguous,kmer5_count_l2,ckmer5_count_l2,close_relative_species,Candida,75,clean,logistic_regression,,,,,0.02777777777777779,0.0318250377073907,
canonicalization_on_contiguous,kmer5_count_l2,ckmer5_count_l2,close_relative_target_binary,Candida,75,clean,nearest_centroid,,,,,0.037037037037037035,0.022787493375728662,0.021604938271604923
canonicalization_on_contiguous,kmer5_count_l2,ckmer5_count_l2,close_relative_target_binary,Candida,75,clean,logistic_regression,,,,,-0.03703703703703709,0.05641309909602593,0.0432098765432099
canonicalization_on_contiguous,kmer5_count_l2,ckmer5_count_l2,close_relative_species,Enterobacter,75,clean,nearest_centroid,,,,,-0.04444444444444445,-0.038319819155732515,
canonicalization_on_contiguous,kmer5_count_l2,ckmer5_count_l2,close_relative_species,Enterobacter,75,clean,logistic_regression,,,,,-0.044444444444444425,-0.024745442036463727,
canonicalization_on_contiguous,kmer5_count_l2,ckmer5_count_l2,close_relative_target_binary,Enterobacter,75,clean,nearest_centroid,,,,,-0.18518518518518523,-0.19980022592251695,-0.14197530864197533
canonicalization_on_contiguous,kmer5_count_l2,ckmer5_count_l2,close_relative_target_binary,Enterobacter,75,clean,logistic_regression,,,,,-0.18518518518518517,-0.10796845443418268,-0.12345679012345678
canonicalization_on_contiguous,kmer5_count_l2,ckmer5_count_l2,close_relative_species,Escherichia,75,clean,nearest_centroid,,,,,0.16666666666666663,0.2142857142857142,-0.012345679012345623
canonicalization_on_contiguous,kmer5_count_l2,ckmer5_count_l2,close_relative_species,Escherichia,75,clean,logistic_regression,,,,,-0.05555555555555558,-0.020693979933110396,-0.024691358024691357
canonicalization_on_contiguous,kmer5_count_l2,ckmer5_count_l2,close_relative_target_binary,Escherichia,75,clean,nearest_centroid,,,,,0.0,0.0,0.05555555555555558
canonicalization_on_contiguous,kmer5_count_l2,ckmer5_count_l2,close_relative_target_binary,Escherichia,75,clean,logistic_regression,,,,,-0.05555555555555558,-0.03401552008363151,-0.18518518518518523
canonicalization_on_contiguous,kmer5_count_l2,ckmer5_count_l2,close_relative_species,Klebsiella,75,clean,nearest_centroid,,,,,-0.1111111111111111,-0.12233402132782928,
canonicalization_on_contiguous,kmer5_count_l2,ckmer5_count_l2,close_relative_species,Klebsiella,75,clean,logistic_regression,,,,,-0.1111111111111111,-0.1449478342061462,
canonicalization_on_contiguous,kmer5_count_l2,ckmer5_count_l2,close_relative_target_binary,Klebsiella,75,clean,nearest_centroid,,,,,-0.07407407407407407,-0.06597744360902247,-0.1049382716049383
canonicalization_on_contiguous,kmer5_count_l2,ckmer5_count_l2,close_relative_target_binary,Klebsiella,75,clean,logistic_regression,,,,,0.0,0.05783212816678507,-0.08024691358024694
canonicalization_on_contiguous,kmer5_count_l2,ckmer5_count_l2,close_relative_species,Acinetobacter,75,N_3pct,nearest_centroid,,,,,0.08333333333333334,0.0735574453066713,
canonicalization_on_contiguous,kmer5_count_l2,ckmer5_count_l2,close_relative_species,Acinetobacter,75,N_3pct,logistic_regression,,,,,0.027777777777777776,0.01952307238684947,
canonicalization_on_contiguous,kmer5_count_l2,ckmer5_count_l2,close_relative_species,Burkholderia,75,N_3pct,nearest_centroid,,,,,-0.037037037037037035,-0.06008771929824561,
canonicalization_on_contiguous,kmer5_count_l2,ckmer5_count_l2,close_relative_species,Burkholderia,75,N_3pct,logistic_regression,,,,,0.07407407407407413,0.07983759160229759,
canonicalization_on_contiguous,kmer5_count_l2,ckmer5_count_l2,close_relative_target_binary,Burkholderia,75,N_3pct,nearest_centroid,,,,,0.03703703703703709,0.09773755656108596,-0.030864197530864224
canonicalization_on_contiguous,kmer5_count_l2,ckmer5_count_l2,close_relative_target_binary,Burkholderia,75,N_3pct,logistic_regression,,,,,-0.07407407407407407,-0.06428571428571428,0.04938271604938271
canonicalization_on_contiguous,kmer5_count_l2,ckmer5_count_l2,close_relative_species,Candida,75,N_3pct,nearest_centroid,,,,,0.02777777777777779,0.016495784916837508,
canonicalization_on_contiguous,kmer5_count_l2,ckmer5_count_l2,close_relative_species,Candida,75,N_3pct,logistic_regression,,,,,0.0,0.017068071247637873,
canonicalization_on_contiguous,kmer5_count_l2,ckmer5_count_l2,close_relative_target_binary,Candida,75,N_3pct,nearest_centroid,,,,,0.037037037037037035,0.022168646975148476,0.05555555555555558
canonicalization_on_contiguous,kmer5_count_l2,ckmer5_count_l2,close_relative_target_binary,Candida,75,N_3pct,logistic_regression,,,,,0.07407407407407407,0.1719970330293643,0.06790123456790131
canonicalization_on_contiguous,kmer5_count_l2,ckmer5_count_l2,close_relative_species,Enterobacter,75,N_3pct,nearest_centroid,,,,,-0.06666666666666668,-0.06343309253525972,
canonicalization_on_contiguous,kmer5_count_l2,ckmer5_count_l2,close_relative_species,Enterobacter,75,N_3pct,logistic_regression,,,,,0.044444444444444425,0.058853591779961384,
canonicalization_on_contiguous,kmer5_count_l2,ckmer5_count_l2,close_relative_target_binary,Enterobacter,75,N_3pct,nearest_centroid,,,,,-0.1481481481481482,-0.19285714285714278,-0.09876543209876543
canonicalization_on_contiguous,kmer5_count_l2,ckmer5_count_l2,close_relative_target_binary,Enterobacter,75,N_3pct,logistic_regression,,,,,-0.18518518518518523,-0.22996515679442503,-0.11728395061728392
canonicalization_on_contiguous,kmer5_count_l2,ckmer5_count_l2,close_relative_species,Escherichia,75,N_3pct,nearest_centroid,,,,,0.0,0.01753246753246762,0.04938271604938271
canonicalization_on_contiguous,kmer5_count_l2,ckmer5_count_l2,close_relative_species,Escherichia,75,N_3pct,logistic_regression,,,,,-0.05555555555555558,-0.05400756793945649,-0.12345679012345678
canonicalization_on_contiguous,kmer5_count_l2,ckmer5_count_l2,close_relative_target_binary,Escherichia,75,N_3pct,nearest_centroid,,,,,0.0,0.0,-0.06172839506172845
canonicalization_on_contiguous,kmer5_count_l2,ckmer5_count_l2,close_relative_target_binary,Escherichia,75,N_3pct,logistic_regression,,,,,-0.05555555555555558,-0.06753246753246755,-0.012345679012345734
canonicalization_on_contiguous,kmer5_count_l2,ckmer5_count_l2,close_relative_species,Klebsiella,75,N_3pct,nearest_centroid,,,,,0.037037037037037035,0.04995822890559737,
canonicalization_on_contiguous,kmer5_count_l2,ckmer5_count_l2,close_relative_species,Klebsiella,75,N_3pct,logistic_regression,,,,,-0.1111111111111111,-0.10564326740797325,
canonicalization_on_contiguous,kmer5_count_l2,ckmer5_count_l2,close_relative_target_binary,Klebsiella,75,N_3pct,nearest_centroid,,,,,-0.03703703703703709,-0.031064346079826,-0.19135802469135804
canonicalization_on_contiguous,kmer5_count_l2,ckmer5_count_l2,close_relative_target_binary,Klebsiella,75,N_3pct,logistic_regression,,,,,-0.07407407407407407,0.03506493506493502,-0.19753086419753074
canonicalization_on_contiguous,kmer5_count_l2,ckmer5_count_l2,rc_consistency,,100,reverse_complement,,0.8485370794191925,0.9818344155844148,,,,,
canonicalization_on_contiguous,kmer5_count_l2,ckmer5_count_l2,perturbation_stability,,100,N_3pct,,0.004900318698140449,0.0032265433922542552,-0.016907016601185765,-0.008366747244366146,,,
canonicalization_on_contiguous,kmer5_count_l2,ckmer5_count_l2,perturbation_stability,,100,substitution_1pct,,0.003703382755892881,0.0075561833889727925,-0.012003447342968737,-0.01713740461463581,,,
canonicalization_on_contiguous,kmer5_count_l2,ckmer5_count_l2,motif_position,toy_motif,100,clean,nearest_centroid,,,,,-0.013888888888888895,-0.01413920178000283,
canonicalization_on_contiguous,kmer5_count_l2,ckmer5_count_l2,motif_position,toy_motif,100,clean,logistic_regression,,,,,-0.041666666666666685,-0.04186681260119329,
canonicalization_on_contiguous,kmer5_count_l2,ckmer5_count_l2,motif_position,toy_motif,100,N_3pct,nearest_centroid,,,,,0.02777777777777779,0.02881642512077298,
canonicalization_on_contiguous,kmer5_count_l2,ckmer5_count_l2,motif_position,toy_motif,100,N_3pct,logistic_regression,,,,,0.055555555555555525,0.05451336633936393,
canonicalization_on_contiguous,kmer5_count_l2,ckmer5_count_l2,rc_consistency,close_relative_wgs,100,reverse_complement,,0.8487351226846378,0.9661016949152533,,,,,
canonicalization_on_contiguous,kmer5_count_l2,ckmer5_count_l2,perturbation_stability,close_relative_wgs,100,N_3pct,,0.006402302857518527,0.0036563448725771552,-0.018876670987531263,-0.009269209689676927,,,
canonicalization_on_contiguous,kmer5_count_l2,ckmer5_count_l2,perturbation_stability,close_relative_wgs,100,substitution_1pct,,0.004545964814272496,0.011597982357707592,-0.01298751908986956,-0.02380748024292445,,,
canonicalization_on_contiguous,kmer5_count_l2,ckmer5_count_l2,close_relative_species,Acinetobacter,100,clean,nearest_centroid,,,,,0.0,0.001262626262626243,
canonicalization_on_contiguous,kmer5_count_l2,ckmer5_count_l2,close_relative_species,Acinetobacter,100,clean,logistic_regression,,,,,0.0,0.0016447368421052544,
canonicalization_on_contiguous,kmer5_count_l2,ckmer5_count_l2,close_relative_species,Burkholderia,100,clean,nearest_centroid,,,,,-0.1111111111111111,-0.1134984296749002,
canonicalization_on_contiguous,kmer5_count_l2,ckmer5_count_l2,close_relative_species,Burkholderia,100,clean,logistic_regression,,,,,-0.037037037037037035,-0.06350564468211534,
canonicalization_on_contiguous,kmer5_count_l2,ckmer5_count_l2,close_relative_target_binary,Burkholderia,100,clean,nearest_centroid,,,,,0.0,0.06547619047619047,-0.14197530864197527
canonicalization_on_contiguous,kmer5_count_l2,ckmer5_count_l2,close_relative_target_binary,Burkholderia,100,clean,logistic_regression,,,,,-0.03703703703703709,-0.07508040739748051,-0.11728395061728397
canonicalization_on_contiguous,kmer5_count_l2,ckmer5_count_l2,close_relative_species,Candida,100,clean,nearest_centroid,,,,,0.0,-0.0006313131313131493,
canonicalization_on_contiguous,kmer5_count_l2,ckmer5_count_l2,close_relative_species,Candida,100,clean,logistic_regression,,,,,0.1388888888888889,0.128030303030303,
canonicalization_on_contiguous,kmer5_count_l2,ckmer5_count_l2,close_relative_target_binary,Candida,100,clean,nearest_centroid,,,,,-0.11111111111111105,-0.04409005628517826,-0.024691358024691412
canonicalization_on_contiguous,kmer5_count_l2,ckmer5_count_l2,close_relative_target_binary,Candida,100,clean,logistic_regression,,,,,0.0,0.0,0.043209876543209846
canonicalization_on_contiguous,kmer5_count_l2,ckmer5_count_l2,close_relative_species,Enterobacter,100,clean,nearest_centroid,,,,,0.0,0.0008356676003734576,
canonicalization_on_contiguous,kmer5_count_l2,ckmer5_count_l2,close_relative_species,Enterobacter,100,clean,logistic_regression,,,,,0.0,-0.0016185391013766037,
canonicalization_on_contiguous,kmer5_count_l2,ckmer5_count_l2,close_relative_target_binary,Enterobacter,100,clean,nearest_centroid,,,,,0.14814814814814814,0.12972972972972968,0.055555555555555525
canonicalization_on_contiguous,kmer5_count_l2,ckmer5_count_l2,close_relative_target_binary,Enterobacter,100,clean,logistic_regression,,,,,0.0,0.0,0.13580246913580252
canonicalization_on_contiguous,kmer5_count_l2,ckmer5_count_l2,close_relative_species,Escherichia,100,clean,nearest_centroid,,,,,-0.05555555555555558,-0.06095201238390091,-0.03703703703703709
canonicalization_on_contiguous,kmer5_count_l2,ckmer5_count_l2,close_relative_species,Escherichia,100,clean,logistic_regression,,,,,0.05555555555555547,0.052592879256965985,0.049382716049382824
canonicalization_on_contiguous,kmer5_count_l2,ckmer5_count_l2,close_relative_target_binary,Escherichia,100,clean,nearest_centroid,,,,,0.2222222222222222,0.22291021671826627,0.1234567901234569
canonicalization_on_contiguous,kmer5_count_l2,ckmer5_count_l2,close_relative_target_binary,Escherichia,100,clean,logistic_regression,,,,,0.0,-0.012737726669615201,0.12345679012345684
canonicalization_on_contiguous,kmer5_count_l2,ckmer5_count_l2,close_relative_species,Klebsiella,100,clean,nearest_centroid,,,,,-0.037037037037037035,-0.022389306599832848,
canonicalization_on_contiguous,kmer5_count_l2,ckmer5_count_l2,close_relative_species,Klebsiella,100,clean,logistic_regression,,,,,-0.14814814814814814,-0.1557222304126329,
canonicalization_on_contiguous,kmer5_count_l2,ckmer5_count_l2,close_relative_target_binary,Klebsiella,100,clean,nearest_centroid,,,,,0.0,0.0,-0.13580246913580252
canonicalization_on_contiguous,kmer5_count_l2,ckmer5_count_l2,close_relative_target_binary,Klebsiella,100,clean,logistic_regression,,,,,-0.07407407407407407,-0.05836466165413534,-0.1234567901234569
canonicalization_on_contiguous,kmer5_count_l2,ckmer5_count_l2,close_relative_species,Acinetobacter,100,N_3pct,nearest_centroid,,,,,-0.027777777777777762,-0.021851196618998453,
canonicalization_on_contiguous,kmer5_count_l2,ckmer5_count_l2,close_relative_species,Acinetobacter,100,N_3pct,logistic_regression,,,,,-0.027777777777777762,-0.031985294117647056,
canonicalization_on_contiguous,kmer5_count_l2,ckmer5_count_l2,close_relative_species,Burkholderia,100,N_3pct,nearest_centroid,,,,,-0.2222222222222222,-0.22080114874232523,
canonicalization_on_contiguous,kmer5_count_l2,ckmer5_count_l2,close_relative_species,Burkholderia,100,N_3pct,logistic_regression,,,,,-0.2222222222222222,-0.25921458429198363,
canonicalization_on_contiguous,kmer5_count_l2,ckmer5_count_l2,close_relative_target_binary,Burkholderia,100,N_3pct,nearest_centroid,,,,,-0.07407407407407407,-0.06028903737882063,-0.09259259259259267
canonicalization_on_contiguous,kmer5_count_l2,ckmer5_count_l2,close_relative_target_binary,Burkholderia,100,N_3pct,logistic_regression,,,,,-0.03703703703703709,-0.06361336032388665,-0.16666666666666674
canonicalization_on_contiguous,kmer5_count_l2,ckmer5_count_l2,close_relative_species,Candida,100,N_3pct,nearest_centroid,,,,,-0.1111111111111111,-0.10089377856405721,
canonicalization_on_contiguous,kmer5_count_l2,ckmer5_count_l2,close_relative_species,Candida,100,N_3pct,logistic_regression,,,,,-0.02777777777777779,-0.046198830409356795,
canonicalization_on_contiguous,kmer5_count_l2,ckmer5_count_l2,close_relative_target_binary,Candida,100,N_3pct,nearest_centroid,,,,,-0.11111111111111116,-0.08646377469906885,0.07098765432098764
canonicalization_on_contiguous,kmer5_count_l2,ckmer5_count_l2,close_relative_target_binary,Candida,100,N_3pct,logistic_regression,,,,,0.07407407407407407,0.1227272727272728,0.14814814814814814
canonicalization_on_contiguous,kmer5_count_l2,ckmer5_count_l2,close_relative_species,Enterobacter,100,N_3pct,nearest_centroid,,,,,0.0,-0.00694677871148458,
canonicalization_on_contiguous,kmer5_count_l2,ckmer5_count_l2,close_relative_species,Enterobacter,100,N_3pct,logistic_regression,,,,,0.04444444444444445,0.05020796197266786,
canonicalization_on_contiguous,kmer5_count_l2,ckmer5_count_l2,close_relative_target_binary,Enterobacter,100,N_3pct,nearest_centroid,,,,,0.07407407407407407,0.08333333333333326,-0.06172839506172845
canonicalization_on_contiguous,kmer5_count_l2,ckmer5_count_l2,close_relative_target_binary,Enterobacter,100,N_3pct,logistic_regression,,,,,0.037037037037037035,0.11697138314785377,0.03703703703703709
canonicalization_on_contiguous,kmer5_count_l2,ckmer5_count_l2,close_relative_species,Escherichia,100,N_3pct,nearest_centroid,,,,,0.0,0.0,-0.04938271604938271
canonicalization_on_contiguous,kmer5_count_l2,ckmer5_count_l2,close_relative_species,Escherichia,100,N_3pct,logistic_regression,,,,,0.0,-0.050000000000000044,-0.04938271604938271
canonicalization_on_contiguous,kmer5_count_l2,ckmer5_count_l2,close_relative_target_binary,Escherichia,100,N_3pct,nearest_centroid,,,,,-0.055555555555555525,-0.05744754041967659,-0.03703703703703698
canonicalization_on_contiguous,kmer5_count_l2,ckmer5_count_l2,close_relative_target_binary,Escherichia,100,N_3pct,logistic_regression,,,,,0.0,0.0,-0.06172839506172839
canonicalization_on_contiguous,kmer5_count_l2,ckmer5_count_l2,close_relative_species,Klebsiella,100,N_3pct,nearest_centroid,,,,,-0.07407407407407407,-0.07134502923976599,
canonicalization_on_contiguous,kmer5_count_l2,ckmer5_count_l2,close_relative_species,Klebsiella,100,N_3pct,logistic_regression,,,,,-0.037037037037037035,-0.03947368421052633,
canonicalization_on_contiguous,kmer5_count_l2,ckmer5_count_l2,close_relative_target_binary,Klebsiella,100,N_3pct,nearest_centroid,,,,,-0.07407407407407407,-0.10131332082551592,-0.11728395061728403
canonicalization_on_contiguous,kmer5_count_l2,ckmer5_count_l2,close_relative_target_binary,Klebsiella,100,N_3pct,logistic_regression,,,,,-0.14814814814814814,-0.20262664165103184,-0.0864197530864198
canonicalization_on_contiguous,kmer5_count_l2,ckmer5_count_l2,rc_consistency,close_relative_wgs,125,reverse_complement,,0.8206167430808791,0.9432624113475169,,,,,
canonicalization_on_contiguous,kmer5_count_l2,ckmer5_count_l2,perturbation_stability,close_relative_wgs,125,N_3pct,,0.007714358530296894,0.005800747179267041,-0.02252979548402745,-0.01457636565422965,,,
canonicalization_on_contiguous,kmer5_count_l2,ckmer5_count_l2,perturbation_stability,close_relative_wgs,125,substitution_1pct,,0.005344023773714124,0.012778985166311041,-0.016404108246510368,-0.028368059904362863,,,
canonicalization_on_contiguous,kmer5_count_l2,ckmer5_count_l2,close_relative_species,Acinetobacter,125,clean,nearest_centroid,,,,,0.055555555555555525,0.051681286549707606,
canonicalization_on_contiguous,kmer5_count_l2,ckmer5_count_l2,close_relative_species,Acinetobacter,125,clean,logistic_regression,,,,,-0.02777777777777779,-0.01695230723868496,
canonicalization_on_contiguous,kmer5_count_l2,ckmer5_count_l2,close_relative_species,Burkholderia,125,clean,nearest_centroid,,,,,-0.037037037037037035,-0.028368306386882258,
canonicalization_on_contiguous,kmer5_count_l2,ckmer5_count_l2,close_relative_species,Burkholderia,125,clean,logistic_regression,,,,,-0.1111111111111111,-0.11481481481481484,
canonicalization_on_contiguous,kmer5_count_l2,ckmer5_count_l2,close_relative_target_binary,Burkholderia,125,clean,nearest_centroid,,,,,0.0,0.05034965034965033,-0.11111111111111116
canonicalization_on_contiguous,kmer5_count_l2,ckmer5_count_l2,close_relative_target_binary,Burkholderia,125,clean,logistic_regression,,,,,0.0,0.06547619047619047,-0.14197530864197538
canonicalization_on_contiguous,kmer5_count_l2,ckmer5_count_l2,close_relative_species,Candida,125,clean,nearest_centroid,,,,,0.08333333333333331,0.09458874458874458,
canonicalization_on_contiguous,kmer5_count_l2,ckmer5_count_l2,close_relative_species,Candida,125,clean,logistic_regression,,,,,0.1111111111111111,0.12517087689385437,
canonicalization_on_contiguous,kmer5_count_l2,ckmer5_count_l2,close_relative_target_binary,Candida,125,clean,nearest_centroid,,,,,0.07407407407407407,0.08120300751879694,0.04320987654320996
canonicalization_on_contiguous,kmer5_count_l2,ckmer5_count_l2,close_relative_target_binary,Candida,125,clean,logistic_regression,,,,,0.0,0.04052532833020639,-0.01851851851851838
canonicalization_on_contiguous,kmer5_count_l2,ckmer5_count_l2,close_relative_species,Enterobacter,125,clean,nearest_centroid,,,,,0.06666666666666671,0.06743419814358026,
canonicalization_on_contiguous,kmer5_count_l2,ckmer5_count_l2,close_relative_species,Enterobacter,125,clean,logistic_regression,,,,,0.11111111111111113,0.10937908496732021,
canonicalization_on_contiguous,kmer5_count_l2,ckmer5_count_l2,close_relative_target_binary,Enterobacter,125,clean,nearest_centroid,,,,,0.03703703703703698,0.13631246801978503,0.07407407407407407
canonicalization_on_contiguous,kmer5_count_l2,ckmer5_count_l2,close_relative_target_binary,Enterobacter,125,clean,logistic_regression,,,,,0.03703703703703698,0.0913319238900634,0.09259259259259262
canonicalization_on_contiguous,kmer5_count_l2,ckmer5_count_l2,close_relative_species,Escherichia,125,clean,nearest_centroid,,,,,0.2222222222222222,0.2328173374613003,0.0864197530864198
canonicalization_on_contiguous,kmer5_count_l2,ckmer5_count_l2,close_relative_species,Escherichia,125,clean,logistic_regression,,,,,0.16666666666666674,0.1703173374613003,0.09876543209876543
canonicalization_on_contiguous,kmer5_count_l2,ckmer5_count_l2,close_relative_target_binary,Escherichia,125,clean,nearest_centroid,,,,,0.05555555555555547,0.07075533162489678,0.030864197530864224
canonicalization_on_contiguous,kmer5_count_l2,ckmer5_count_l2,close_relative_target_binary,Escherichia,125,clean,logistic_regression,,,,,0.11111111111111105,0.11249999999999993,0.1234567901234569
canonicalization_on_contiguous,kmer5_count_l2,ckmer5_count_l2,close_relative_species,Klebsiella,125,clean,nearest_centroid,,,,,-0.037037037037037035,-0.060391964416732224,
canonicalization_on_contiguous,kmer5_count_l2,ckmer5_count_l2,close_relative_species,Klebsiella,125,clean,logistic_regression,,,,,-0.2222222222222222,-0.22374831910435625,
canonicalization_on_contiguous,kmer5_count_l2,ckmer5_count_l2,close_relative_target_binary,Klebsiella,125,clean,nearest_centroid,,,,,0.0,0.0,-0.154320987654321
canonicalization_on_contiguous,kmer5_count_l2,ckmer5_count_l2,close_relative_target_binary,Klebsiella,125,clean,logistic_regression,,,,,-0.07407407407407407,-0.05075187969924805,-0.1234567901234569
canonicalization_on_contiguous,kmer5_count_l2,ckmer5_count_l2,close_relative_species,Acinetobacter,125,N_3pct,nearest_centroid,,,,,0.0,-0.025352623887083425,
canonicalization_on_contiguous,kmer5_count_l2,ckmer5_count_l2,close_relative_species,Acinetobacter,125,N_3pct,logistic_regression,,,,,-0.08333333333333337,-0.08483217848542923,
canonicalization_on_contiguous,kmer5_count_l2,ckmer5_count_l2,close_relative_species,Burkholderia,125,N_3pct,nearest_centroid,,,,,-0.14814814814814814,-0.1505561288843022,
canonicalization_on_contiguous,kmer5_count_l2,ckmer5_count_l2,close_relative_species,Burkholderia,125,N_3pct,logistic_regression,,,,,-0.18518518518518517,-0.1964285714285714,
canonicalization_on_contiguous,kmer5_count_l2,ckmer5_count_l2,close_relative_target_binary,Burkholderia,125,N_3pct,nearest_centroid,,,,,-0.07407407407407407,-0.031231925968768115,-0.1728395061728395
canonicalization_on_contiguous,kmer5_count_l2,ckmer5_count_l2,close_relative_target_binary,Burkholderia,125,N_3pct,logistic_regression,,,,,-0.07407407407407407,0.035714285714285754,-0.2407407407407407
canonicalization_on_contiguous,kmer5_count_l2,ckmer5_count_l2,close_relative_species,Candida,125,N_3pct,nearest_centroid,,,,,0.16666666666666669,0.15326485109093801,
canonicalization_on_contiguous,kmer5_count_l2,ckmer5_count_l2,close_relative_species,Candida,125,N_3pct,logistic_regression,,,,,0.0,-0.02420634920634923,
canonicalization_on_contiguous,kmer5_count_l2,ckmer5_count_l2,close_relative_target_binary,Candida,125,N_3pct,nearest_centroid,,,,,0.07407407407407407,0.08333333333333326,0.015432098765432056
canonicalization_on_contiguous,kmer5_count_l2,ckmer5_count_l2,close_relative_target_binary,Candida,125,N_3pct,logistic_regression,,,,,0.07407407407407407,0.09230769230769231,0.03703703703703709
canonicalization_on_contiguous,kmer5_count_l2,ckmer5_count_l2,close_relative_species,Enterobacter,125,N_3pct,nearest_centroid,,,,,-0.04444444444444445,-0.04414369256474521,
canonicalization_on_contiguous,kmer5_count_l2,ckmer5_count_l2,close_relative_species,Enterobacter,125,N_3pct,logistic_regression,,,,,-0.022222222222222254,-0.027339181286549663,
canonicalization_on_contiguous,kmer5_count_l2,ckmer5_count_l2,close_relative_target_binary,Enterobacter,125,N_3pct,nearest_centroid,,,,,-0.03703703703703698,0.031599214738749604,0.043209876543209846
canonicalization_on_contiguous,kmer5_count_l2,ckmer5_count_l2,close_relative_target_binary,Enterobacter,125,N_3pct,logistic_regression,,,,,0.03703703703703698,0.0913319238900634,0.030864197530864113
canonicalization_on_contiguous,kmer5_count_l2,ckmer5_count_l2,close_relative_species,Escherichia,125,N_3pct,nearest_centroid,,,,,0.11111111111111116,0.11527777777777781,0.14814814814814814
canonicalization_on_contiguous,kmer5_count_l2,ckmer5_count_l2,close_relative_species,Escherichia,125,N_3pct,logistic_regression,,,,,0.05555555555555558,0.0634920634920636,0.19753086419753085
canonicalization_on_contiguous,kmer5_count_l2,ckmer5_count_l2,close_relative_target_binary,Escherichia,125,N_3pct,nearest_centroid,,,,,0.16666666666666663,0.2142857142857142,0.11111111111111116
canonicalization_on_contiguous,kmer5_count_l2,ckmer5_count_l2,close_relative_target_binary,Escherichia,125,N_3pct,logistic_regression,,,,,0.2222222222222222,0.24531024531024537,0.09876543209876543
canonicalization_on_contiguous,kmer5_count_l2,ckmer5_count_l2,close_relative_species,Klebsiella,125,N_3pct,nearest_centroid,,,,,-0.1111111111111111,-0.12456078032535159,
canonicalization_on_contiguous,kmer5_count_l2,ckmer5_count_l2,close_relative_species,Klebsiella,125,N_3pct,logistic_regression,,,,,-0.14814814814814814,-0.13611111111111113,
canonicalization_on_contiguous,kmer5_count_l2,ckmer5_count_l2,close_relative_target_binary,Klebsiella,125,N_3pct,nearest_centroid,,,,,0.037037037037037035,0.021710526315789458,-0.1296296296296297
canonicalization_on_contiguous,kmer5_count_l2,ckmer5_count_l2,close_relative_target_binary,Klebsiella,125,N_3pct,logistic_regression,,,,,-0.18518518518518523,-0.10816488757665221,-0.13580246913580257
canonicalization_on_contiguous,kmer5_count_l2,ckmer5_count_l2,rc_consistency,close_relative_wgs,150,reverse_complement,,0.7985681952058598,0.9256546324488899,,,,,
canonicalization_on_contiguous,kmer5_count_l2,ckmer5_count_l2,perturbation_stability,close_relative_wgs,150,N_3pct,,0.007170643647515851,0.005892537100118611,-0.023258225688059297,-0.016581911450399223,,,
canonicalization_on_contiguous,kmer5_count_l2,ckmer5_count_l2,perturbation_stability,close_relative_wgs,150,substitution_1pct,,0.005539628594122714,0.013371895619667562,-0.017944512712835564,-0.031145285171844117,,,
canonicalization_on_contiguous,kmer5_count_l2,ckmer5_count_l2,close_relative_species,Acinetobacter,150,clean,nearest_centroid,,,,,0.02777777777777779,0.03665413533834583,
canonicalization_on_contiguous,kmer5_count_l2,ckmer5_count_l2,close_relative_species,Acinetobacter,150,clean,logistic_regression,,,,,-0.08333333333333334,-0.08558313676347731,
canonicalization_on_contiguous,kmer5_count_l2,ckmer5_count_l2,close_relative_species,Burkholderia,150,clean,nearest_centroid,,,,,-0.07407407407407407,-0.07178998220188151,
canonicalization_on_contiguous,kmer5_count_l2,ckmer5_count_l2,close_relative_species,Burkholderia,150,clean,logistic_regression,,,,,-0.07407407407407407,-0.05572413557337497,
canonicalization_on_contiguous,kmer5_count_l2,ckmer5_count_l2,close_relative_target_binary,Burkholderia,150,clean,nearest_centroid,,,,,0.0,-0.03806390977443619,-0.18518518518518534
canonicalization_on_contiguous,kmer5_count_l2,ckmer5_count_l2,close_relative_target_binary,Burkholderia,150,clean,logistic_regression,,,,,-0.07407407407407407,-0.016268116698532786,-0.18518518518518534
canonicalization_on_contiguous,kmer5_count_l2,ckmer5_count_l2,close_relative_species,Candida,150,clean,nearest_centroid,,,,,0.08333333333333331,0.09513508507316554,
canonicalization_on_contiguous,kmer5_count_l2,ckmer5_count_l2,close_relative_species,Candida,150,clean,logistic_regression,,,,,0.05555555555555558,0.09390247552012254,
canonicalization_on_contiguous,kmer5_count_l2,ckmer5_count_l2,close_relative_target_binary,Candida,150,clean,nearest_centroid,,,,,-0.03703703703703709,-0.029949874686716726,0.006172839506172867
canonicalization_on_contiguous,kmer5_count_l2,ckmer5_count_l2,close_relative_target_binary,Candida,150,clean,logistic_regression,,,,,-0.03703703703703709,-0.02283298097251596,-0.024691358024691357
canonicalization_on_contiguous,kmer5_count_l2,ckmer5_count_l2,close_relative_species,Enterobacter,150,clean,nearest_centroid,,,,,0.0,0.0056140350877192935,
canonicalization_on_contiguous,kmer5_count_l2,ckmer5_count_l2,close_relative_species,Enterobacter,150,clean,logistic_regression,,,,,0.0888888888888889,0.09238463806575262,
canonicalization_on_contiguous,kmer5_count_l2,ckmer5_count_l2,close_relative_target_binary,Enterobacter,150,clean,nearest_centroid,,,,,-0.25925925925925924,-0.1982517482517483,0.06790123456790115
canonicalization_on_contiguous,kmer5_count_l2,ckmer5_count_l2,close_relative_target_binary,Enterobacter,150,clean,logistic_regression,,,,,-0.07407407407407407,0.0028195488721804995,0.12962962962962965
canonicalization_on_contiguous,kmer5_count_l2,ckmer5_count_l2,close_relative_species,Escherichia,150,clean,nearest_centroid,,,,,0.05555555555555558,0.05710354317165467,0.024691358024691246
canonicalization_on_contiguous,kmer5_count_l2,ckmer5_count_l2,close_relative_species,Escherichia,150,clean,logistic_regression,,,,,0.11111111111111105,0.1069444444444444,0.03703703703703698
canonicalization_on_contiguous,kmer5_count_l2,ckmer5_count_l2,close_relative_target_binary,Escherichia,150,clean,nearest_centroid,,,,,-0.16666666666666669,-0.1651186790505676,-0.1049382716049383
canonicalization_on_contiguous,kmer5_count_l2,ckmer5_count_l2,close_relative_target_binary,Escherichia,150,clean,logistic_regression,,,,,0.0,-0.015568332596196388,-0.16049382716049382
canonicalization_on_contiguous,kmer5_count_l2,ckmer5_count_l2,close_relative_species,Klebsiella,150,clean,nearest_centroid,,,,,-0.037037037037037035,-0.03124477861319977,
canonicalization_on_contiguous,kmer5_count_l2,ckmer5_count_l2,close_relative_species,Klebsiella,150,clean,logistic_regression,,,,,-0.1111111111111111,-0.0973177149647737,
canonicalization_on_contiguous,kmer5_count_l2,ckmer5_count_l2,close_relative_target_binary,Klebsiella,150,clean,nearest_centroid,,,,,-0.07407407407407413,-0.09642857142857136,-0.154320987654321
canonicalization_on_contiguous,kmer5_count_l2,ckmer5_count_l2,close_relative_target_binary,Klebsiella,150,clean,logistic_regression,,,,,-0.1481481481481482,-0.13928571428571423,-0.14814814814814814
canonicalization_on_contiguous,kmer5_count_l2,ckmer5_count_l2,close_relative_species,Acinetobacter,150,N_3pct,nearest_centroid,,,,,-0.027777777777777762,-0.021758360094609908,
canonicalization_on_contiguous,kmer5_count_l2,ckmer5_count_l2,close_relative_species,Acinetobacter,150,N_3pct,logistic_regression,,,,,-0.08333333333333334,-0.07375730994152047,
canonicalization_on_contiguous,kmer5_count_l2,ckmer5_count_l2,close_relative_species,Burkholderia,150,N_3pct,nearest_centroid,,,,,-0.1111111111111111,-0.10257461836409204,
canonicalization_on_contiguous,kmer5_count_l2,ckmer5_count_l2,close_relative_species,Burkholderia,150,N_3pct,logistic_regression,,,,,-0.037037037037037035,-0.02529239766081881,
canonicalization_on_contiguous,kmer5_count_l2,ckmer5_count_l2,close_relative_target_binary,Burkholderia,150,N_3pct,nearest_centroid,,,,,-0.03703703703703709,-0.06361336032388665,-0.13580246913580252
canonicalization_on_contiguous,kmer5_count_l2,ckmer5_count_l2,close_relative_target_binary,Burkholderia,150,N_3pct,logistic_regression,,,,,-0.03703703703703709,0.04224392459686577,-0.09876543209876543
canonicalization_on_contiguous,kmer5_count_l2,ckmer5_count_l2,close_relative_species,Candida,150,N_3pct,nearest_centroid,,,,,0.027777777777777735,0.05883799171842652,
canonicalization_on_contiguous,kmer5_count_l2,ckmer5_count_l2,close_relative_species,Candida,150,N_3pct,logistic_regression,,,,,-0.02777777777777779,-0.01923359923679613,
canonicalization_on_contiguous,kmer5_count_l2,ckmer5_count_l2,close_relative_target_binary,Candida,150,N_3pct,nearest_centroid,,,,,-0.11111111111111116,-0.08374060150375945,0.030864197530864113
canonicalization_on_contiguous,kmer5_count_l2,ckmer5_count_l2,close_relative_target_binary,Candida,150,N_3pct,logistic_regression,,,,,-0.07407407407407407,-0.029220779220779203,0.061728395061728336
canonicalization_on_contiguous,kmer5_count_l2,ckmer5_count_l2,close_relative_species,Enterobacter,150,N_3pct,nearest_centroid,,,,,-0.0222222222222222,-0.027802742149491355,
canonicalization_on_contiguous,kmer5_count_l2,ckmer5_count_l2,close_relative_species,Enterobacter,150,N_3pct,logistic_regression,,,,,-0.0222222222222222,-0.029058000822706737,
canonicalization_on_contiguous,kmer5_count_l2,ckmer5_count_l2,close_relative_target_binary,Enterobacter,150,N_3pct,nearest_centroid,,,,,-0.03703703703703698,0.031221719457013575,0.055555555555555525
canonicalization_on_contiguous,kmer5_count_l2,ckmer5_count_l2,close_relative_target_binary,Enterobacter,150,N_3pct,logistic_regression,,,,,0.03703703703703698,0.13516483516483518,0.1790123456790123
canonicalization_on_contiguous,kmer5_count_l2,ckmer5_count_l2,close_relative_species,Escherichia,150,N_3pct,nearest_centroid,,,,,-0.05555555555555558,-0.05400756793945649,-0.07407407407407413
canonicalization_on_contiguous,kmer5_count_l2,ckmer5_count_l2,close_relative_species,Escherichia,150,N_3pct,logistic_regression,,,,,-0.11111111111111116,-0.11145510835913308,0.012345679012345623
canonicalization_on_contiguous,kmer5_count_l2,ckmer5_count_l2,close_relative_target_binary,Escherichia,150,N_3pct,nearest_centroid,,,,,-0.16666666666666669,-0.1651186790505676,-0.10493827160493824
canonicalization_on_contiguous,kmer5_count_l2,ckmer5_count_l2,close_relative_target_binary,Escherichia,150,N_3pct,logistic_regression,,,,,0.0,-0.00694444444444442,-0.11111111111111105
canonicalization_on_contiguous,kmer5_count_l2,ckmer5_count_l2,close_relative_species,Klebsiella,150,N_3pct,nearest_centroid,,,,,0.0,-0.003912559175717034,
canonicalization_on_contiguous,kmer5_count_l2,ckmer5_count_l2,close_relative_species,Klebsiella,150,N_3pct,logistic_regression,,,,,0.037037037037037035,0.03531705079692693,
canonicalization_on_contiguous,kmer5_count_l2,ckmer5_count_l2,close_relative_target_binary,Klebsiella,150,N_3pct,nearest_centroid,,,,,-0.11111111111111116,-0.12282229965156788,-0.08641975308641975
canonicalization_on_contiguous,kmer5_count_l2,ckmer5_count_l2,close_relative_target_binary,Klebsiella,150,N_3pct,logistic_regression,,,,,-0.07407407407407407,-0.11416490486257935,-0.006172839506172811
canonicalization_on_contiguous,kmer5_count_l2,ckmer5_count_l2,rc_consistency,close_relative_wgs,300,reverse_complement,,0.6579793161157342,0.7938295936931458,,,,,
canonicalization_on_contiguous,kmer5_count_l2,ckmer5_count_l2,perturbation_stability,close_relative_wgs,300,N_3pct,,0.011217323288212566,0.010821101659735599,-0.03793356687642063,-0.031957920562503794,,,
canonicalization_on_contiguous,kmer5_count_l2,ckmer5_count_l2,perturbation_stability,close_relative_wgs,300,substitution_1pct,,0.00728480773254625,0.013192801486028749,-0.029176285857721168,-0.03842526318434841,,,
canonicalization_on_contiguous,kmer5_count_l2,ckmer5_count_l2,close_relative_species,Acinetobacter,300,clean,nearest_centroid,,,,,0.1388888888888889,0.1437128639334522,
canonicalization_on_contiguous,kmer5_count_l2,ckmer5_count_l2,close_relative_species,Acinetobacter,300,clean,logistic_regression,,,,,0.05555555555555558,0.06950947603121521,
canonicalization_on_contiguous,kmer5_count_l2,ckmer5_count_l2,close_relative_species,Burkholderia,300,clean,nearest_centroid,,,,,0.07407407407407407,0.08874801382541314,
canonicalization_on_contiguous,kmer5_count_l2,ckmer5_count_l2,close_relative_species,Burkholderia,300,clean,logistic_regression,,,,,-0.037037037037037035,-0.03299793601651185,
canonicalization_on_contiguous,kmer5_count_l2,ckmer5_count_l2,close_relative_target_binary,Burkholderia,300,clean,nearest_centroid,,,,,0.0,0.08328513591671483,-0.037037037037037035
canonicalization_on_contiguous,kmer5_count_l2,ckmer5_count_l2,close_relative_target_binary,Burkholderia,300,clean,logistic_regression,,,,,0.07407407407407407,0.10131332082551597,0.006172839506172756
canonicalization_on_contiguous,kmer5_count_l2,ckmer5_count_l2,close_relative_species,Candida,300,clean,nearest_centroid,,,,,-0.05555555555555555,-0.033456760630673654,
canonicalization_on_contiguous,kmer5_count_l2,ckmer5_count_l2,close_relative_species,Candida,300,clean,logistic_regression,,,,,0.0,-0.0011904761904761862,
canonicalization_on_contiguous,kmer5_count_l2,ckmer5_count_l2,close_relative_target_binary,Candida,300,clean,nearest_centroid,,,,,-0.11111111111111105,-0.12266148485660688,0.0
canonicalization_on_contiguous,kmer5_count_l2,ckmer5_count_l2,close_relative_target_binary,Candida,300,clean,logistic_regression,,,,,0.03703703703703709,0.0921926910299003,0.01851851851851849
canonicalization_on_contiguous,kmer5_count_l2,ckmer5_count_l2,close_relative_species,Enterobacter,300,clean,nearest_centroid,,,,,0.0,-0.0009102466310704216,
canonicalization_on_contiguous,kmer5_count_l2,ckmer5_count_l2,close_relative_species,Enterobacter,300,clean,logistic_regression,,,,,0.022222222222222227,0.019264828738512985,
canonicalization_on_contiguous,kmer5_count_l2,ckmer5_count_l2,close_relative_target_binary,Enterobacter,300,clean,nearest_centroid,,,,,0.0,0.027412280701754277,0.09876543209876554
canonicalization_on_contiguous,kmer5_count_l2,ckmer5_count_l2,close_relative_target_binary,Enterobacter,300,clean,logistic_regression,,,,,-0.03703703703703698,0.007692307692307665,0.1049382716049383
canonicalization_on_contiguous,kmer5_count_l2,ckmer5_count_l2,close_relative_species,Escherichia,300,clean,nearest_centroid,,,,,-0.11111111111111116,-0.12419283502874828,0.03703703703703709
canonicalization_on_contiguous,kmer5_count_l2,ckmer5_count_l2,close_relative_species,Escherichia,300,clean,logistic_regression,,,,,-0.1111111111111111,-0.12702344095532947,0.07407407407407407
canonicalization_on_contiguous,kmer5_count_l2,ckmer5_count_l2,close_relative_target_binary,Escherichia,300,clean,nearest_centroid,,,,,0.16666666666666669,0.1785714285714286,-0.0864197530864198
canonicalization_on_contiguous,kmer5_count_l2,ckmer5_count_l2,close_relative_target_binary,Escherichia,300,clean,logistic_regression,,,,,0.05555555555555558,0.053663570691434515,-0.06172839506172839
canonicalization_on_contiguous,kmer5_count_l2,ckmer5_count_l2,close_relative_species,Klebsiella,300,clean,nearest_centroid,,,,,-0.037037037037037035,-0.051774042950513466,
canonicalization_on_contiguous,kmer5_count_l2,ckmer5_count_l2,close_relative_species,Klebsiella,300,clean,logistic_regression,,,,,-0.18518518518518517,-0.16151787668815537,
canonicalization_on_contiguous,kmer5_count_l2,ckmer5_count_l2,close_relative_target_binary,Klebsiella,300,clean,nearest_centroid,,,,,-0.11111111111111116,-0.1489372469635627,0.07407407407407396
canonicalization_on_contiguous,kmer5_count_l2,ckmer5_count_l2,close_relative_target_binary,Klebsiella,300,clean,logistic_regression,,,,,0.0,0.05783212816678507,-1.1102230246251565e-16
canonicalization_on_contiguous,kmer5_count_l2,ckmer5_count_l2,close_relative_species,Acinetobacter,300,N_3pct,nearest_centroid,,,,,-0.02777777777777779,-0.027860845295055836,
canonicalization_on_contiguous,kmer5_count_l2,ckmer5_count_l2,close_relative_species,Acinetobacter,300,N_3pct,logistic_regression,,,,,-0.05555555555555558,-0.07060945590357354,
canonicalization_on_contiguous,kmer5_count_l2,ckmer5_count_l2,close_relative_species,Burkholderia,300,N_3pct,nearest_centroid,,,,,0.07407407407407407,0.08061002178649235,
canonicalization_on_contiguous,kmer5_count_l2,ckmer5_count_l2,close_relative_species,Burkholderia,300,N_3pct,logistic_regression,,,,,0.037037037037037035,0.04431995020230317,
canonicalization_on_contiguous,kmer5_count_l2,ckmer5_count_l2,close_relative_target_binary,Burkholderia,300,N_3pct,nearest_centroid,,,,,0.0,0.06739206739206738,-0.037037037037037035
canonicalization_on_contiguous,kmer5_count_l2,ckmer5_count_l2,close_relative_target_binary,Burkholderia,300,N_3pct,logistic_regression,,,,,-0.03703703703703709,0.03499914719426911,0.037037037037037035
canonicalization_on_contiguous,kmer5_count_l2,ckmer5_count_l2,close_relative_species,Candida,300,N_3pct,nearest_centroid,,,,,-0.02777777777777779,-0.018674948240165634,
canonicalization_on_contiguous,kmer5_count_l2,ckmer5_count_l2,close_relative_species,Candida,300,N_3pct,logistic_regression,,,,,0.0,0.0175952989891609,
canonicalization_on_contiguous,kmer5_count_l2,ckmer5_count_l2,close_relative_target_binary,Candida,300,N_3pct,nearest_centroid,,,,,-0.07407407407407407,-0.1071428571428571,-0.09876543209876543
canonicalization_on_contiguous,kmer5_count_l2,ckmer5_count_l2,close_relative_target_binary,Candida,300,N_3pct,logistic_regression,,,,,-0.03703703703703709,-0.02150897882605196,-0.1049382716049383
canonicalization_on_contiguous,kmer5_count_l2,ckmer5_count_l2,close_relative_species,Enterobacter,300,N_3pct,nearest_centroid,,,,,0.11111111111111108,0.1256231487810435,
canonicalization_on_contiguous,kmer5_count_l2,ckmer5_count_l2,close_relative_species,Enterobacter,300,N_3pct,logistic_regression,,,,,0.022222222222222227,0.03798180775566698,
canonicalization_on_contiguous,kmer5_count_l2,ckmer5_count_l2,close_relative_target_binary,Enterobacter,300,N_3pct,nearest_centroid,,,,,0.03703703703703709,0.06361336032388665,0.09876543209876537
canonicalization_on_contiguous,kmer5_count_l2,ckmer5_count_l2,close_relative_target_binary,Enterobacter,300,N_3pct,logistic_regression,,,,,0.11111111111111105,0.16318681318681327,0.11728395061728397
canonicalization_on_contiguous,kmer5_count_l2,ckmer5_count_l2,close_relative_species,Escherichia,300,N_3pct,nearest_centroid,,,,,-0.05555555555555558,-0.05710354317165467,-0.012345679012345678
canonicalization_on_contiguous,kmer5_count_l2,ckmer5_count_l2,close_relative_species,Escherichia,300,N_3pct,logistic_regression,,,,,0.0,0.0,0.037037037037037035
canonicalization_on_contiguous,kmer5_count_l2,ckmer5_count_l2,close_relative_target_binary,Escherichia,300,N_3pct,nearest_centroid,,,,,0.11111111111111116,0.09496753246753242,0.09876543209876537
canonicalization_on_contiguous,kmer5_count_l2,ckmer5_count_l2,close_relative_target_binary,Escherichia,300,N_3pct,logistic_regression,,,,,0.0,0.0,0.04938271604938271
canonicalization_on_contiguous,kmer5_count_l2,ckmer5_count_l2,close_relative_species,Klebsiella,300,N_3pct,nearest_centroid,,,,,0.0,0.0003697970416237095,
canonicalization_on_contiguous,kmer5_count_l2,ckmer5_count_l2,close_relative_species,Klebsiella,300,N_3pct,logistic_regression,,,,,-0.07407407407407407,-0.0622733303847855,
canonicalization_on_contiguous,kmer5_count_l2,ckmer5_count_l2,close_relative_target_binary,Klebsiella,300,N_3pct,nearest_centroid,,,,,-0.11111111111111116,-0.12609890109890098,0.04938271604938271
canonicalization_on_contiguous,kmer5_count_l2,ckmer5_count_l2,close_relative_target_binary,Klebsiella,300,N_3pct,logistic_regression,,,,,-0.03703703703703698,-0.031117662824979853,0.043209876543209846
spaced_seed_vs_contiguous,kmer5_count_l2,spaced_count_l2,rc_consistency,,75,reverse_complement,,0.20152790432433465,0.14831802457354173,,,,,
spaced_seed_vs_contiguous,kmer5_count_l2,spaced_count_l2,perturbation_stability,,75,N_3pct,,0.014690197660686466,0.02071104824810377,-0.04832371079342729,-0.059681401041265736,,,
spaced_seed_vs_contiguous,kmer5_count_l2,spaced_count_l2,perturbation_stability,,75,substitution_1pct,,0.010578032709591123,0.03583014019802355,-0.029380633344134682,-0.07751816209036216,,,
spaced_seed_vs_contiguous,kmer5_count_l2,spaced_count_l2,motif_position,toy_motif,75,clean,nearest_centroid,,,,,0.02777777777777779,0.022890425846865348,
spaced_seed_vs_contiguous,kmer5_count_l2,spaced_count_l2,motif_position,toy_motif,75,clean,logistic_regression,,,,,0.055555555555555525,0.04899710561731463,
spaced_seed_vs_contiguous,kmer5_count_l2,spaced_count_l2,motif_position,toy_motif,75,N_3pct,nearest_centroid,,,,,0.06944444444444442,0.058871252204585445,
spaced_seed_vs_contiguous,kmer5_count_l2,spaced_count_l2,motif_position,toy_motif,75,N_3pct,logistic_regression,,,,,-0.02777777777777779,-0.03481724011631676,
spaced_seed_vs_contiguous,kmer5_count_l2,spaced_count_l2,rc_consistency,close_relative_wgs,75,reverse_complement,,0.18324270415632113,0.1290162887256468,,,,,
spaced_seed_vs_contiguous,kmer5_count_l2,spaced_count_l2,perturbation_stability,close_relative_wgs,75,N_3pct,,0.019431922525565692,0.01900218864535308,-0.06216585914670375,-0.053432694535719194,,,
spaced_seed_vs_contiguous,kmer5_count_l2,spaced_count_l2,perturbation_stability,close_relative_wgs,75,substitution_1pct,,0.01431388461456884,0.04396414315749986,-0.03911721769329962,-0.09289326038132878,,,
spaced_seed_vs_contiguous,kmer5_count_l2,spaced_count_l2,close_relative_species,Acinetobacter,75,clean,nearest_centroid,,,,,0.0,-0.010119047619047583,
spaced_seed_vs_contiguous,kmer5_count_l2,spaced_count_l2,close_relative_species,Acinetobacter,75,clean,logistic_regression,,,,,0.19444444444444448,0.18514484741264928,
spaced_seed_vs_contiguous,kmer5_count_l2,spaced_count_l2,close_relative_species,Burkholderia,75,clean,nearest_centroid,,,,,0.037037037037037035,0.003753098180342751,
spaced_seed_vs_contiguous,kmer5_count_l2,spaced_count_l2,close_relative_species,Burkholderia,75,clean,logistic_regression,,,,,0.0,-0.00505675954592355,
spaced_seed_vs_contiguous,kmer5_count_l2,spaced_count_l2,close_relative_target_binary,Burkholderia,75,clean,nearest_centroid,,,,,0.0,0.0,-0.024691358024691246
spaced_seed_vs_contiguous,kmer5_count_l2,spaced_count_l2,close_relative_target_binary,Burkholderia,75,clean,logistic_regression,,,,,-0.03703703703703709,-0.031064346079826,0.03703703703703709
spaced_seed_vs_contiguous,kmer5_count_l2,spaced_count_l2,close_relative_species,Candida,75,clean,nearest_centroid,,,,,0.055555555555555525,0.05913987113677521,
spaced_seed_vs_contiguous,kmer5_count_l2,spaced_count_l2,close_relative_species,Candida,75,clean,logistic_regression,,,,,-0.11111111111111113,-0.11034123031363569,
spaced_seed_vs_contiguous,kmer5_count_l2,spaced_count_l2,close_relative_target_binary,Candida,75,clean,nearest_centroid,,,,,0.037037037037037035,0.057644110275689164,-0.012345679012345734
spaced_seed_vs_contiguous,kmer5_count_l2,spaced_count_l2,close_relative_target_binary,Candida,75,clean,logistic_regression,,,,,-0.07407407407407407,0.08074162679425839,0.05555555555555558
spaced_seed_vs_contiguous,kmer5_count_l2,spaced_count_l2,close_relative_species,Enterobacter,75,clean,nearest_centroid,,,,,0.0222222222222222,0.023417366946778706,
spaced_seed_vs_contiguous,kmer5_count_l2,spaced_count_l2,close_relative_species,Enterobacter,75,clean,logistic_regression,,,,,0.0,0.034006361715339994,
spaced_seed_vs_contiguous,kmer5_count_l2,spaced_count_l2,close_relative_target_binary,Enterobacter,75,clean,nearest_centroid,,,,,-0.11111111111111116,-0.1139496694837252,0.0185185185185186
spaced_seed_vs_contiguous,kmer5_count_l2,spaced_count_l2,close_relative_target_binary,Enterobacter,75,clean,logistic_regression,,,,,0.0,0.09835745649699146,-0.08024691358024688
spaced_seed_vs_contiguous,kmer5_count_l2,spaced_count_l2,close_relative_species,Escherichia,75,clean,nearest_centroid,,,,,0.0,0.050000000000000044,-0.2222222222222222
spaced_seed_vs_contiguous,kmer5_count_l2,spaced_count_l2,close_relative_species,Escherichia,75,clean,logistic_regression,,,,,-0.05555555555555558,-0.020693979933110396,-0.09876543209876537
spaced_seed_vs_contiguous,kmer5_count_l2,spaced_count_l2,close_relative_target_binary,Escherichia,75,clean,nearest_centroid,,,,,-0.4444444444444444,-0.48068181818181815,-0.30246913580246915
spaced_seed_vs_contiguous,kmer5_count_l2,spaced_count_l2,close_relative_target_binary,Escherichia,75,clean,logistic_regression,,,,,-0.22222222222222227,-0.2074675324675324,-0.308641975308642
spaced_seed_vs_contiguous,kmer5_count_l2,spaced_count_l2,close_relative_species,Klebsiella,75,clean,nearest_centroid,,,,,-0.2222222222222222,-0.23620136313634757,
spaced_seed_vs_contiguous,kmer5_count_l2,spaced_count_l2,close_relative_species,Klebsiella,75,clean,logistic_regression,,,,,-0.2962962962962963,-0.2985209235209235,
spaced_seed_vs_contiguous,kmer5_count_l2,spaced_count_l2,close_relative_target_binary,Klebsiella,75,clean,nearest_centroid,,,,,-0.14814814814814814,-0.12738095238095237,-0.18518518518518517
spaced_seed_vs_contiguous,kmer5_count_l2,spaced_count_l2,close_relative_target_binary,Klebsiella,75,clean,logistic_regression,,,,,-0.07407407407407407,0.04156401146825228,-0.09259259259259267
spaced_seed_vs_contiguous,kmer5_count_l2,spaced_count_l2,close_relative_species,Acinetobacter,75,N_3pct,nearest_centroid,,,,,0.05555555555555555,0.037248250115897136,
spaced_seed_vs_contiguous,kmer5_count_l2,spaced_count_l2,close_relative_species,Acinetobacter,75,N_3pct,logistic_regression,,,,,0.1388888888888889,0.13323412698412698,
spaced_seed_vs_contiguous,kmer5_count_l2,spaced_count_l2,close_relative_species,Burkholderia,75,N_3pct,nearest_centroid,,,,,0.037037037037037035,0.007379402503241539,
spaced_seed_vs_contiguous,kmer5_count_l2,spaced_count_l2,close_relative_species,Burkholderia,75,N_3pct,logistic_regression,,,,,-0.1111111111111111,-0.1127828483865635,
spaced_seed_vs_contiguous,kmer5_count_l2,spaced_count_l2,close_relative_target_binary,Burkholderia,75,N_3pct,nearest_centroid,,,,,0.0,0.04997108155002883,0.006172839506172867
spaced_seed_vs_contiguous,kmer5_count_l2,spaced_count_l2,close_relative_target_binary,Burkholderia,75,N_3pct,logistic_regression,,,,,-0.07407407407407407,-0.011904761904761862,0.03703703703703709
spaced_seed_vs_contiguous,kmer5_count_l2,spaced_count_l2,close_relative_species,Candida,75,N_3pct,nearest_centroid,,,,,0.05555555555555558,0.05147907647907646,
spaced_seed_vs_contiguous,kmer5_count_l2,spaced_count_l2,close_relative_species,Candida,75,N_3pct,logistic_regression,,,,,-0.05555555555555558,-0.04133551347173636,
spaced_seed_vs_contiguous,kmer5_count_l2,spaced_count_l2,close_relative_target_binary,Candida,75,N_3pct,nearest_centroid,,,,,0.07407407407407407,0.1160596244187575,-0.006172839506172811
spaced_seed_vs_contiguous,kmer5_count_l2,spaced_count_l2,close_relative_target_binary,Candida,75,N_3pct,logistic_regression,,,,,0.0,0.12021466905187839,0.04938271604938271
spaced_seed_vs_contiguous,kmer5_count_l2,spaced_count_l2,close_relative_species,Enterobacter,75,N_3pct,nearest_centroid,,,,,-0.06666666666666668,-0.060914541255098514,
spaced_seed_vs_contiguous,kmer5_count_l2,spaced_count_l2,close_relative_species,Enterobacter,75,N_3pct,logistic_regression,,,,,-0.04444444444444445,-0.017929788238712746,
spaced_seed_vs_contiguous,kmer5_count_l2,spaced_count_l2,close_relative_target_binary,Enterobacter,75,N_3pct,nearest_centroid,,,,,-0.03703703703703709,0.009964796729502678,0.1049382716049383
spaced_seed_vs_contiguous,kmer5_count_l2,spaced_count_l2,close_relative_target_binary,Enterobacter,75,N_3pct,logistic_regression,,,,,-0.11111111111111116,-0.07912087912087906,0.04320987654320996
spaced_seed_vs_contiguous,kmer5_count_l2,spaced_count_l2,close_relative_species,Escherichia,75,N_3pct,nearest_centroid,,,,,-0.05555555555555558,-0.03401552008363151,-0.012345679012345734
spaced_seed_vs_contiguous,kmer5_count_l2,spaced_count_l2,close_relative_species,Escherichia,75,N_3pct,logistic_regression,,,,,0.11111111111111116,0.11145510835913308,-0.09876543209876537
spaced_seed_vs_contiguous,kmer5_count_l2,spaced_count_l2,close_relative_target_binary,Escherichia,75,N_3pct,nearest_centroid,,,,,-0.5,-0.5395440472839854,-0.4753086419753087
spaced_seed_vs_contiguous,kmer5_count_l2,spaced_count_l2,close_relative_target_binary,Escherichia,75,N_3pct,logistic_regression,,,,,-0.27777777777777785,-0.27499999999999997,-0.39506172839506176
spaced_seed_vs_contiguous,kmer5_count_l2,spaced_count_l2,close_relative_species,Klebsiella,75,N_3pct,nearest_centroid,,,,,-0.14814814814814814,-0.15683628377126826,
spaced_seed_vs_contiguous,kmer5_count_l2,spaced_count_l2,close_relative_species,Klebsiella,75,N_3pct,logistic_regression,,,,,-0.18518518518518517,-0.192783251606781,
spaced_seed_vs_contiguous,kmer5_count_l2,spaced_count_l2,close_relative_target_binary,Klebsiella,75,N_3pct,nearest_centroid,,,,,-0.07407407407407407,-0.08881578947368418,-0.19135802469135815
spaced_seed_vs_contiguous,kmer5_count_l2,spaced_count_l2,close_relative_target_binary,Klebsiella,75,N_3pct,logistic_regression,,,,,0.0,0.1969696969696969,-0.14814814814814803
spaced_seed_vs_contiguous,kmer5_count_l2,spaced_count_l2,rc_consistency,,100,reverse_complement,,0.23221849317069296,0.18802241161616187,,,,,
spaced_seed_vs_contiguous,kmer5_count_l2,spaced_count_l2,perturbation_stability,,100,N_3pct,,0.01675954977156413,0.023590820020105152,-0.053514083003152635,-0.06612517567297044,,,
spaced_seed_vs_contiguous,kmer5_count_l2,spaced_count_l2,perturbation_stability,,100,substitution_1pct,,0.011712142942239656,0.029671658152487623,-0.036012412657820375,-0.07173699649843168,,,
spaced_seed_vs_contiguous,kmer5_count_l2,spaced_count_l2,motif_position,toy_motif,100,clean,nearest_centroid,,,,,-0.1111111111111111,-0.12380757295770722,
spaced_seed_vs_contiguous,kmer5_count_l2,spaced_count_l2,motif_position,toy_motif,100,clean,logistic_regression,,,,,-0.125,-0.12304505941641647,
spaced_seed_vs_contiguous,kmer5_count_l2,spaced_count_l2,motif_position,toy_motif,100,N_3pct,nearest_centroid,,,,,-0.055555555555555525,-0.05700945626477538,
spaced_seed_vs_contiguous,kmer5_count_l2,spaced_count_l2,motif_position,toy_motif,100,N_3pct,logistic_regression,,,,,-0.125,-0.12715751850668555,
spaced_seed_vs_contiguous,kmer5_count_l2,spaced_count_l2,rc_consistency,close_relative_wgs,100,reverse_complement,,0.20858826204413516,0.1425515706401922,,,,,
spaced_seed_vs_contiguous,kmer5_count_l2,spaced_count_l2,perturbation_stability,close_relative_wgs,100,N_3pct,,0.022504873672881454,0.02391144539410317,-0.07005627555457339,-0.06524766723865355,,,
spaced_seed_vs_contiguous,kmer5_count_l2,spaced_count_l2,perturbation_stability,close_relative_wgs,100,substitution_1pct,,0.0153420076094688,0.042309443251923096,-0.046085186576593384,-0.09354543663719289,,,
spaced_seed_vs_contiguous,kmer5_count_l2,spaced_count_l2,close_relative_species,Acinetobacter,100,clean,nearest_centroid,,,,,0.05555555555555558,0.020408690485416825,
spaced_seed_vs_contiguous,kmer5_count_l2,spaced_count_l2,close_relative_species,Acinetobacter,100,clean,logistic_regression,,,,,-0.05555555555555555,-0.057711988304093575,
spaced_seed_vs_contiguous,kmer5_count_l2,spaced_count_l2,close_relative_species,Burkholderia,100,clean,nearest_centroid,,,,,-0.07407407407407407,-0.07389183743672906,
spaced_seed_vs_contiguous,kmer5_count_l2,spaced_count_l2,close_relative_species,Burkholderia,100,clean,logistic_regression,,,,,-0.037037037037037035,-0.0432200152788389,
spaced_seed_vs_contiguous,kmer5_count_l2,spaced_count_l2,close_relative_target_binary,Burkholderia,100,clean,nearest_centroid,,,,,-0.07407407407407407,-0.017857142857142794,-0.18518518518518512
spaced_seed_vs_contiguous,kmer5_count_l2,spaced_count_l2,close_relative_target_binary,Burkholderia,100,clean,logistic_regression,,,,,-0.11111111111111116,-0.04567669172932326,-0.1111111111111111
spaced_seed_vs_contiguous,kmer5_count_l2,spaced_count_l2,close_relative_species,Candida,100,clean,nearest_centroid,,,,,-0.027777777777777735,-0.045805759428050485,
spaced_seed_vs_contiguous,kmer5_count_l2,spaced_count_l2,close_relative_species,Candida,100,clean,logistic_regression,,,,,-0.027777777777777762,-0.0169674688057041,
spaced_seed_vs_contiguous,kmer5_count_l2,spaced_count_l2,close_relative_target_binary,Candida,100,clean,nearest_centroid,,,,,-0.11111111111111105,-0.02056064452047235,0.043209876543209846
spaced_seed_vs_contiguous,kmer5_count_l2,spaced_count_l2,close_relative_target_binary,Candida,100,clean,logistic_regression,,,,,0.07407407407407407,0.15084427767354597,0.06790123456790115
spaced_seed_vs_contiguous,kmer5_count_l2,spaced_count_l2,close_relative_species,Enterobacter,100,clean,nearest_centroid,,,,,0.022222222222222227,0.025655806182121932,
spaced_seed_vs_contiguous,kmer5_count_l2,spaced_count_l2,close_relative_species,Enterobacter,100,clean,logistic_regression,,,,,0.04444444444444445,0.03904930698442616,
spaced_seed_vs_contiguous,kmer5_count_l2,spaced_count_l2,close_relative_target_binary,Enterobacter,100,clean,nearest_centroid,,,,,0.037037037037037035,0.06306306306306309,-0.1049382716049383
spaced_seed_vs_contiguous,kmer5_count_l2,spaced_count_l2,close_relative_target_binary,Enterobacter,100,clean,logistic_regression,,,,,-0.037037037037037035,0.06597744360902252,-0.08024691358024688
spaced_seed_vs_contiguous,kmer5_count_l2,spaced_count_l2,close_relative_species,Escherichia,100,clean,nearest_centroid,,,,,-0.05555555555555558,-0.08286759679948535,-0.13580246913580252
spaced_seed_vs_contiguous,kmer5_count_l2,spaced_count_l2,close_relative_species,Escherichia,100,clean,logistic_regression,,,,,-0.11111111111111116,-0.11145510835913308,-0.061728395061728336
spaced_seed_vs_contiguous,kmer5_count_l2,spaced_count_l2,close_relative_target_binary,Escherichia,100,clean,nearest_centroid,,,,,0.16666666666666663,0.16890264877880978,0.012345679012345734
spaced_seed_vs_contiguous,kmer5_count_l2,spaced_count_l2,close_relative_target_binary,Escherichia,100,clean,logistic_regression,,,,,-0.05555555555555558,-0.06095201238390091,0.11111111111111116
spaced_seed_vs_contiguous,kmer5_count_l2,spaced_count_l2,close_relative_species,Klebsiella,100,clean,nearest_centroid,,,,,0.037037037037037035,0.047841826789195296,
spaced_seed_vs_contiguous,kmer5_count_l2,spaced_count_l2,close_relative_species,Klebsiella,100,clean,logistic_regression,,,,,0.0,-0.004572296754959293,
spaced_seed_vs_contiguous,kmer5_count_l2,spaced_count_l2,close_relative_target_binary,Klebsiella,100,clean,nearest_centroid,,,,,-0.07407407407407407,-0.028361344537815025,0.0
spaced_seed_vs_contiguous,kmer5_count_l2,spaced_count_l2,close_relative_target_binary,Klebsiella,100,clean,logistic_regression,,,,,0.0,0.03045112781954884,-0.0185185185185186
spaced_seed_vs_contiguous,kmer5_count_l2,spaced_count_l2,close_relative_species,Acinetobacter,100,N_3pct,nearest_centroid,,,,,0.02777777777777779,0.0020963534155080676,
spaced_seed_vs_contiguous,kmer5_count_l2,spaced_count_l2,close_relative_species,Acinetobacter,100,N_3pct,logistic_regression,,,,,-0.1111111111111111,-0.12827891922319168,
spaced_seed_vs_contiguous,kmer5_count_l2,spaced_count_l2,close_relative_species,Burkholderia,100,N_3pct,nearest_centroid,,,,,-0.14814814814814814,-0.14595516569200784,
spaced_seed_vs_contiguous,kmer5_count_l2,spaced_count_l2,close_relative_species,Burkholderia,100,N_3pct,logistic_regression,,,,,-0.14814814814814814,-0.14928333906662072,
spaced_seed_vs_contiguous,kmer5_count_l2,spaced_count_l2,close_relative_target_binary,Burkholderia,100,N_3pct,nearest_centroid,,,,,-0.03703703703703698,-0.030339162692103905,-0.2716049382716049
spaced_seed_vs_contiguous,kmer5_count_l2,spaced_count_l2,close_relative_target_binary,Burkholderia,100,N_3pct,logistic_regression,,,,,-0.11111111111111116,-0.1139496694837252,-0.33333333333333337
spaced_seed_vs_contiguous,kmer5_count_l2,spaced_count_l2,close_relative_species,Candida,100,N_3pct,nearest_centroid,,,,,0.0,-0.01497252747252742,
spaced_seed_vs_contiguous,kmer5_count_l2,spaced_count_l2,close_relative_species,Candida,100,N_3pct,logistic_regression,,,,,-0.055555555555555525,-0.06771125116713356,
spaced_seed_vs_contiguous,kmer5_count_l2,spaced_count_l2,close_relative_target_binary,Candida,100,N_3pct,nearest_centroid,,,,,-0.11111111111111116,-0.06090225563909779,0.095679012345679
spaced_seed_vs_contiguous,kmer5_count_l2,spaced_count_l2,close_relative_target_binary,Candida,100,N_3pct,logistic_regression,,,,,-0.03703703703703709,0.10594405594405598,0.1728395061728395
spaced_seed_vs_contiguous,kmer5_count_l2,spaced_count_l2,close_relative_species,Enterobacter,100,N_3pct,nearest_centroid,,,,,0.022222222222222227,0.018428915425819453,
spaced_seed_vs_contiguous,kmer5_count_l2,spaced_count_l2,close_relative_species,Enterobacter,100,N_3pct,logistic_regression,,,,,0.1111111111111111,0.1100670794633643,
spaced_seed_vs_contiguous,kmer5_count_l2,spaced_count_l2,close_relative_target_binary,Enterobacter,100,N_3pct,nearest_centroid,,,,,-0.18518518518518523,-0.19022556390977446,-0.30246913580246915
spaced_seed_vs_contiguous,kmer5_count_l2,spaced_count_l2,close_relative_target_binary,Enterobacter,100,N_3pct,logistic_regression,,,,,-0.1111111111111111,-0.015225563909774475,-0.25308641975308643
spaced_seed_vs_contiguous,kmer5_count_l2,spaced_count_l2,close_relative_species,Escherichia,100,N_3pct,nearest_centroid,,,,,-0.05555555555555558,-0.07012987012987015,-0.28395061728395066
spaced_seed_vs_contiguous,kmer5_count_l2,spaced_count_l2,close_relative_species,Escherichia,100,N_3pct,logistic_regression,,,,,-0.11111111111111116,-0.11250000000000004,-0.28395061728395066
spaced_seed_vs_contiguous,kmer5_count_l2,spaced_count_l2,close_relative_target_binary,Escherichia,100,N_3pct,nearest_centroid,,,,,0.0,-0.00694444444444442,-0.18518518518518512
spaced_seed_vs_contiguous,kmer5_count_l2,spaced_count_l2,close_relative_target_binary,Escherichia,100,N_3pct,logistic_regression,,,,,-0.055555555555555525,-0.07301587301587298,-0.19753086419753085
spaced_seed_vs_contiguous,kmer5_count_l2,spaced_count_l2,close_relative_species,Klebsiella,100,N_3pct,nearest_centroid,,,,,0.11111111111111116,0.11242690058479538,
spaced_seed_vs_contiguous,kmer5_count_l2,spaced_count_l2,close_relative_species,Klebsiella,100,N_3pct,logistic_regression,,,,,0.07407407407407407,0.07777777777777783,
spaced_seed_vs_contiguous,kmer5_count_l2,spaced_count_l2,close_relative_target_binary,Klebsiella,100,N_3pct,nearest_centroid,,,,,-0.14814814814814814,-0.11213023177079662,-0.03703703703703709
spaced_seed_vs_contiguous,kmer5_count_l2,spaced_count_l2,close_relative_target_binary,Klebsiella,100,N_3pct,logistic_regression,,,,,-0.07407407407407407,-0.04719364547198113,-0.04938271604938271
spaced_seed_vs_contiguous,kmer5_count_l2,spaced_count_l2,rc_consistency,close_relative_wgs,125,reverse_complement,,0.22519536432288056,0.16846721625841948,,,,,
spaced_seed_vs_contiguous,kmer5_count_l2,spaced_count_l2,perturbation_stability,close_relative_wgs,125,N_3pct,,0.024976243972051226,0.027438205424905493,-0.07759308765533113,-0.07456853063769531,,,
spaced_seed_vs_contiguous,kmer5_count_l2,spaced_count_l2,perturbation_stability,close_relative_wgs,125,substitution_1pct,,0.016469410426844133,0.03857745269180646,-0.05374070934881045,-0.09216439337707344,,,
spaced_seed_vs_contiguous,kmer5_count_l2,spaced_count_l2,close_relative_species,Acinetobacter,125,clean,nearest_centroid,,,,,0.13888888888888884,0.15105379871246738,
spaced_seed_vs_contiguous,kmer5_count_l2,spaced_count_l2,close_relative_species,Acinetobacter,125,clean,logistic_regression,,,,,0.1111111111111111,0.09631081852444079,
spaced_seed_vs_contiguous,kmer5_count_l2,spaced_count_l2,close_relative_species,Burkholderia,125,clean,nearest_centroid,,,,,0.0,-0.004127966976264219,
spaced_seed_vs_contiguous,kmer5_count_l2,spaced_count_l2,close_relative_species,Burkholderia,125,clean,logistic_regression,,,,,0.1111111111111111,0.1154040404040404,
spaced_seed_vs_contiguous,kmer5_count_l2,spaced_count_l2,close_relative_target_binary,Burkholderia,125,clean,nearest_centroid,,,,,-0.03703703703703698,-0.0321862348178138,-0.04320987654320996
spaced_seed_vs_contiguous,kmer5_count_l2,spaced_count_l2,close_relative_target_binary,Burkholderia,125,clean,logistic_regression,,,,,0.18518518518518512,0.2288595550790673,-0.09259259259259267
spaced_seed_vs_contiguous,kmer5_count_l2,spaced_count_l2,close_relative_species,Candida,125,clean,nearest_centroid,,,,,0.02777777777777779,0.05098039215686276,
spaced_seed_vs_contiguous,kmer5_count_l2,spaced_count_l2,close_relative_species,Candida,125,clean,logistic_regression,,,,,0.0,0.024652535586039415,
spaced_seed_vs_contiguous,kmer5_count_l2,spaced_count_l2,close_relative_target_binary,Candida,125,clean,nearest_centroid,,,,,-0.18518518518518517,-0.18867757629367532,0.03703703703703709
spaced_seed_vs_contiguous,kmer5_count_l2,spaced_count_l2,close_relative_target_binary,Candida,125,clean,logistic_regression,,,,,-0.14814814814814814,-0.10211867313732448,-0.09876543209876537
spaced_seed_vs_contiguous,kmer5_count_l2,spaced_count_l2,close_relative_species,Enterobacter,125,clean,nearest_centroid,,,,,0.0,-0.016922889557160703,
spaced_seed_vs_contiguous,kmer5_count_l2,spaced_count_l2,close_relative_species,Enterobacter,125,clean,logistic_regression,,,,,-0.022222222222222227,-0.020618368559545047,
spaced_seed_vs_contiguous,kmer5_count_l2,spaced_count_l2,close_relative_target_binary,Enterobacter,125,clean,nearest_centroid,,,,,-0.11111111111111116,0.018731030495736323,0.03703703703703709
spaced_seed_vs_contiguous,kmer5_count_l2,spaced_count_l2,close_relative_target_binary,Enterobacter,125,clean,logistic_regression,,,,,-0.14814814814814814,-0.041985645933014404,0.024691358024691412
spaced_seed_vs_contiguous,kmer5_count_l2,spaced_count_l2,close_relative_species,Escherichia,125,clean,nearest_centroid,,,,,-0.11111111111111116,-0.11428571428571427,-0.07407407407407407
spaced_seed_vs_contiguous,kmer5_count_l2,spaced_count_l2,close_relative_species,Escherichia,125,clean,logistic_regression,,,,,0.05555555555555558,0.05178571428571421,0.03703703703703698
spaced_seed_vs_contiguous,kmer5_count_l2,spaced_count_l2,close_relative_target_binary,Escherichia,125,clean,nearest_centroid,,,,,-0.11111111111111116,-0.12040133779264217,-0.19753086419753085
spaced_seed_vs_contiguous,kmer5_count_l2,spaced_count_l2,close_relative_target_binary,Escherichia,125,clean,logistic_regression,,,,,-0.05555555555555558,-0.06428571428571433,-0.1234567901234569
spaced_seed_vs_contiguous,kmer5_count_l2,spaced_count_l2,close_relative_species,Klebsiella,125,clean,nearest_centroid,,,,,0.1111111111111111,0.10395596835225324,
spaced_seed_vs_contiguous,kmer5_count_l2,spaced_count_l2,close_relative_species,Klebsiella,125,clean,logistic_regression,,,,,-0.1111111111111111,-0.09722222222222215,
spaced_seed_vs_contiguous,kmer5_count_l2,spaced_count_l2,close_relative_target_binary,Klebsiella,125,clean,nearest_centroid,,,,,0.0,0.051535110358639724,-0.06172839506172839
spaced_seed_vs_contiguous,kmer5_count_l2,spaced_count_l2,close_relative_target_binary,Klebsiella,125,clean,logistic_regression,,,,,-0.07407407407407407,0.005672268907563116,-0.04320987654320996
spaced_seed_vs_contiguous,kmer5_count_l2,spaced_count_l2,close_relative_species,Acinetobacter,125,N_3pct,nearest_centroid,,,,,-0.055555555555555525,-0.06091315244633322,
spaced_seed_vs_contiguous,kmer5_count_l2,spaced_count_l2,close_relative_species,Acinetobacter,125,N_3pct,logistic_regression,,,,,0.08333333333333331,0.07804769834568598,
spaced_seed_vs_contiguous,kmer5_count_l2,spaced_count_l2,close_relative_species,Burkholderia,125,N_3pct,nearest_centroid,,,,,-0.2222222222222222,-0.22463020295837627,
spaced_seed_vs_contiguous,kmer5_count_l2,spaced_count_l2,close_relative_species,Burkholderia,125,N_3pct,logistic_regression,,,,,0.037037037037037035,0.017797017797017867,
spaced_seed_vs_contiguous,kmer5_count_l2,spaced_count_l2,close_relative_target_binary,Burkholderia,125,N_3pct,nearest_centroid,,,,,0.03703703703703709,0.08205128205128209,-0.024691358024691246
spaced_seed_vs_contiguous,kmer5_count_l2,spaced_count_l2,close_relative_target_binary,Burkholderia,125,N_3pct,logistic_regression,,,,,0.03703703703703698,0.1203296703296704,-0.12345679012345678
spaced_seed_vs_contiguous,kmer5_count_l2,spaced_count_l2,close_relative_species,Candida,125,N_3pct,nearest_centroid,,,,,0.05555555555555558,0.07834175432186608,
spaced_seed_vs_contiguous,kmer5_count_l2,spaced_count_l2,close_relative_species,Candida,125,N_3pct,logistic_regression,,,,,0.08333333333333334,0.07546108861898337,
spaced_seed_vs_contiguous,kmer5_count_l2,spaced_count_l2,close_relative_target_binary,Candida,125,N_3pct,nearest_centroid,,,,,-0.18518518518518523,-0.13310344827586207,-0.05246913580246915
spaced_seed_vs_contiguous,kmer5_count_l2,spaced_count_l2,close_relative_target_binary,Candida,125,N_3pct,logistic_regression,,,,,-0.18518518518518517,-0.15897435897435896,-0.09259259259259256
spaced_seed_vs_contiguous,kmer5_count_l2,spaced_count_l2,close_relative_species,Enterobacter,125,N_3pct,nearest_centroid,,,,,-0.1111111111111111,-0.12240641711229944,
spaced_seed_vs_contiguous,kmer5_count_l2,spaced_count_l2,close_relative_species,Enterobacter,125,N_3pct,logistic_regression,,,,,-0.0888888888888889,-0.0857431457431457,
spaced_seed_vs_contiguous,kmer5_count_l2,spaced_count_l2,close_relative_target_binary,Enterobacter,125,N_3pct,nearest_centroid,,,,,-0.03703703703703698,0.031599214738749604,0.1358024691358024
spaced_seed_vs_contiguous,kmer5_count_l2,spaced_count_l2,close_relative_target_binary,Enterobacter,125,N_3pct,logistic_regression,,,,,-0.14814814814814814,-0.08766233766233777,0.04938271604938271
spaced_seed_vs_contiguous,kmer5_count_l2,spaced_count_l2,close_relative_species,Escherichia,125,N_3pct,nearest_centroid,,,,,-0.05555555555555547,-0.0625,0.024691358024691246
spaced_seed_vs_contiguous,kmer5_count_l2,spaced_count_l2,close_relative_species,Escherichia,125,N_3pct,logistic_regression,,,,,-0.11111111111111105,-0.1043785935426802,0.12345679012345678
spaced_seed_vs_contiguous,kmer5_count_l2,spaced_count_l2,close_relative_target_binary,Escherichia,125,N_3pct,nearest_centroid,,,,,0.0,-0.05384615384615388,0.0
spaced_seed_vs_contiguous,kmer5_count_l2,spaced_count_l2,close_relative_target_binary,Escherichia,125,N_3pct,logistic_regression,,,,,0.05555555555555558,0.009350649350649332,0.0
spaced_seed_vs_contiguous,kmer5_count_l2,spaced_count_l2,close_relative_species,Klebsiella,125,N_3pct,nearest_centroid,,,,,0.1111111111111111,0.10563245638962426,
spaced_seed_vs_contiguous,kmer5_count_l2,spaced_count_l2,close_relative_species,Klebsiella,125,N_3pct,logistic_regression,,,,,-0.07407407407407407,-0.06747677273993069,
spaced_seed_vs_contiguous,kmer5_count_l2,spaced_count_l2,close_relative_target_binary,Klebsiella,125,N_3pct,nearest_centroid,,,,,0.037037037037037035,0.115217019822283,0.0493827160493826
spaced_seed_vs_contiguous,kmer5_count_l2,spaced_count_l2,close_relative_target_binary,Klebsiella,125,N_3pct,logistic_regression,,,,,0.0,0.13865546218487407,-1.1102230246251565e-16
spaced_seed_vs_contiguous,kmer5_count_l2,spaced_count_l2,rc_consistency,close_relative_wgs,150,reverse_complement,,0.24074970169558713,0.19642455998512287,,,,,
spaced_seed_vs_contiguous,kmer5_count_l2,spaced_count_l2,perturbation_stability,close_relative_wgs,150,N_3pct,,0.021664863932264078,0.02478771998656537,-0.0753845310605685,-0.07613314020374068,,,
spaced_seed_vs_contiguous,kmer5_count_l2,spaced_count_l2,perturbation_stability,close_relative_wgs,150,substitution_1pct,,0.01628324811726467,0.040658251563920556,-0.0566599847243304,-0.1034005884728475,,,
spaced_seed_vs_contiguous,kmer5_count_l2,spaced_count_l2,close_relative_species,Acinetobacter,150,clean,nearest_centroid,,,,,0.05555555555555558,0.05460434173669465,
spaced_seed_vs_contiguous,kmer5_count_l2,spaced_count_l2,close_relative_species,Acinetobacter,150,clean,logistic_regression,,,,,0.02777777777777779,0.026969077104526007,
spaced_seed_vs_contiguous,kmer5_count_l2,spaced_count_l2,close_relative_species,Burkholderia,150,clean,nearest_centroid,,,,,-0.037037037037037035,-0.008582721626199885,
spaced_seed_vs_contiguous,kmer5_count_l2,spaced_count_l2,close_relative_species,Burkholderia,150,clean,logistic_regression,,,,,-0.037037037037037035,-0.03580055210489991,
spaced_seed_vs_contiguous,kmer5_count_l2,spaced_count_l2,close_relative_target_binary,Burkholderia,150,clean,nearest_centroid,,,,,-0.1481481481481482,-0.09285287081339716,-0.25308641975308654
spaced_seed_vs_contiguous,kmer5_count_l2,spaced_count_l2,close_relative_target_binary,Burkholderia,150,clean,logistic_regression,,,,,-0.18518518518518517,-0.16580058260096775,-0.38271604938271614
spaced_seed_vs_contiguous,kmer5_count_l2,spaced_count_l2,close_relative_species,Candida,150,clean,nearest_centroid,,,,,0.0,0.03700531700094223,
spaced_seed_vs_contiguous,kmer5_count_l2,spaced_count_l2,close_relative_species,Candida,150,clean,logistic_regression,,,,,-0.055555555555555525,-0.021182809801735647,
spaced_seed_vs_contiguous,kmer5_count_l2,spaced_count_l2,close_relative_target_binary,Candida,150,clean,nearest_centroid,,,,,-0.03703703703703709,-0.029949874686716726,-0.06172839506172845
spaced_seed_vs_contiguous,kmer5_count_l2,spaced_count_l2,close_relative_target_binary,Candida,150,clean,logistic_regression,,,,,-0.18518518518518523,-0.06711952594305537,-0.07407407407407407
spaced_seed_vs_contiguous,kmer5_count_l2,spaced_count_l2,close_relative_species,Enterobacter,150,clean,nearest_centroid,,,,,-0.08888888888888888,-0.08679425837320573,
spaced_seed_vs_contiguous,kmer5_count_l2,spaced_count_l2,close_relative_species,Enterobacter,150,clean,logistic_regression,,,,,0.022222222222222227,0.020618212197159563,
spaced_seed_vs_contiguous,kmer5_count_l2,spaced_count_l2,close_relative_target_binary,Enterobacter,150,clean,nearest_centroid,,,,,-0.07407407407407407,-0.001165174236703037,0.19135802469135804
spaced_seed_vs_contiguous,kmer5_count_l2,spaced_count_l2,close_relative_target_binary,Enterobacter,150,clean,logistic_regression,,,,,-0.07407407407407407,0.059243697478991664,0.16049382716049376
spaced_seed_vs_contiguous,kmer5_count_l2,spaced_count_l2,close_relative_species,Escherichia,150,clean,nearest_centroid,,,,,0.05555555555555558,0.051547987616099133,-0.0370370370370372
spaced_seed_vs_contiguous,kmer5_count_l2,spaced_count_l2,close_relative_species,Escherichia,150,clean,logistic_regression,,,,,0.0,-0.005555555555555536,-0.04938271604938271
spaced_seed_vs_contiguous,kmer5_count_l2,spaced_count_l2,close_relative_target_binary,Escherichia,150,clean,nearest_centroid,,,,,0.0,0.0,0.14197530864197538
spaced_seed_vs_contiguous,kmer5_count_l2,spaced_count_l2,close_relative_target_binary,Escherichia,150,clean,logistic_regression,,,,,0.1111111111111111,0.07119707590834257,0.049382716049382824
spaced_seed_vs_contiguous,kmer5_count_l2,spaced_count_l2,close_relative_species,Klebsiella,150,clean,nearest_centroid,,,,,0.0,0.0201598768162235,
spaced_seed_vs_contiguous,kmer5_count_l2,spaced_count_l2,close_relative_species,Klebsiella,150,clean,logistic_regression,,,,,-0.25925925925925924,-0.2302491484077162,
spaced_seed_vs_contiguous,kmer5_count_l2,spaced_count_l2,close_relative_target_binary,Klebsiella,150,clean,nearest_centroid,,,,,-0.03703703703703709,0.07207792207792213,0.1296296296296297
spaced_seed_vs_contiguous,kmer5_count_l2,spaced_count_l2,close_relative_target_binary,Klebsiella,150,clean,logistic_regression,,,,,-0.03703703703703709,-0.02150897882605196,0.1049382716049383
spaced_seed_vs_contiguous,kmer5_count_l2,spaced_count_l2,close_relative_species,Acinetobacter,150,N_3pct,nearest_centroid,,,,,0.02777777777777779,0.027532986878962162,
spaced_seed_vs_contiguous,kmer5_count_l2,spaced_count_l2,close_relative_species,Acinetobacter,150,N_3pct,logistic_regression,,,,,0.0,0.0022037744863831754,
spaced_seed_vs_contiguous,kmer5_count_l2,spaced_count_l2,close_relative_species,Burkholderia,150,N_3pct,nearest_centroid,,,,,0.1111111111111111,0.11402116402116405,
spaced_seed_vs_contiguous,kmer5_count_l2,spaced_count_l2,close_relative_species,Burkholderia,150,N_3pct,logistic_regression,,,,,0.0,-0.017592592592592604,
spaced_seed_vs_contiguous,kmer5_count_l2,spaced_count_l2,close_relative_target_binary,Burkholderia,150,N_3pct,nearest_centroid,,,,,-0.22222222222222227,-0.16955741626794263,-0.18518518518518517
spaced_seed_vs_contiguous,kmer5_count_l2,spaced_count_l2,close_relative_target_binary,Burkholderia,150,N_3pct,logistic_regression,,,,,-0.14814814814814814,-0.15000000000000002,-0.30864197530864196
spaced_seed_vs_contiguous,kmer5_count_l2,spaced_count_l2,close_relative_species,Candida,150,N_3pct,nearest_centroid,,,,,-0.08333333333333337,-0.05009150113134497,
spaced_seed_vs_contiguous,kmer5_count_l2,spaced_count_l2,close_relative_species,Candida,150,N_3pct,logistic_regression,,,,,-0.19444444444444445,-0.17986034993707622,
spaced_seed_vs_contiguous,kmer5_count_l2,spaced_count_l2,close_relative_target_binary,Candida,150,N_3pct,nearest_centroid,,,,,-0.11111111111111116,-0.06241455912508548,-0.04938271604938271
spaced_seed_vs_contiguous,kmer5_count_l2,spaced_count_l2,close_relative_target_binary,Candida,150,N_3pct,logistic_regression,,,,,-0.07407407407407407,0.11363636363636365,-0.0185185185185186
spaced_seed_vs_contiguous,kmer5_count_l2,spaced_count_l2,close_relative_species,Enterobacter,150,N_3pct,nearest_centroid,,,,,0.0,0.0004297508477075218,
spaced_seed_vs_contiguous,kmer5_count_l2,spaced_count_l2,close_relative_species,Enterobacter,150,N_3pct,logistic_regression,,,,,0.022222222222222227,0.019090891908229324,
spaced_seed_vs_contiguous,kmer5_count_l2,spaced_count_l2,close_relative_target_binary,Enterobacter,150,N_3pct,nearest_centroid,,,,,0.03703703703703709,0.12416958041958037,0.17901234567901236
spaced_seed_vs_contiguous,kmer5_count_l2,spaced_count_l2,close_relative_target_binary,Enterobacter,150,N_3pct,logistic_regression,,,,,0.07407407407407407,0.24579831932773116,0.18518518518518517
spaced_seed_vs_contiguous,kmer5_count_l2,spaced_count_l2,close_relative_species,Escherichia,150,N_3pct,nearest_centroid,,,,,0.11111111111111116,0.11145510835913308,0.024691358024691246
spaced_seed_vs_contiguous,kmer5_count_l2,spaced_count_l2,close_relative_species,Escherichia,150,N_3pct,logistic_regression,,,,,0.0,0.0,0.061728395061728336
spaced_seed_vs_contiguous,kmer5_count_l2,spaced_count_l2,close_relative_target_binary,Escherichia,150,N_3pct,nearest_centroid,,,,,0.0,0.0,0.1975308641975309
spaced_seed_vs_contiguous,kmer5_count_l2,spaced_count_l2,close_relative_target_binary,Escherichia,150,N_3pct,logistic_regression,,,,,0.11111111111111116,0.10555555555555562,0.1728395061728395
spaced_seed_vs_contiguous,kmer5_count_l2,spaced_count_l2,close_relative_species,Klebsiella,150,N_3pct,nearest_centroid,,,,,0.0,0.004809818664307852,
spaced_seed_vs_contiguous,kmer5_count_l2,spaced_count_l2,close_relative_species,Klebsiella,150,N_3pct,logistic_regression,,,,,-0.07407407407407407,-0.06582409678384915,
spaced_seed_vs_contiguous,kmer5_count_l2,spaced_count_l2,close_relative_target_binary,Klebsiella,150,N_3pct,nearest_centroid,,,,,-0.07407407407407407,0.059243697478991664,0.14197530864197527
spaced_seed_vs_contiguous,kmer5_count_l2,spaced_count_l2,close_relative_target_binary,Klebsiella,150,N_3pct,logistic_regression,,,,,-0.18518518518518512,-0.2432799758381154,0.12345679012345684
spaced_seed_vs_contiguous,kmer5_count_l2,spaced_count_l2,rc_consistency,close_relative_wgs,300,reverse_complement,,0.2746817091897954,0.28173555629538005,,,,,
spaced_seed_vs_contiguous,kmer5_count_l2,spaced_count_l2,perturbation_stability,close_relative_wgs,300,N_3pct,,0.02562734284941337,0.030153889085789087,-0.09425686216664436,-0.09880678762181339,,,
spaced_seed_vs_contiguous,kmer5_count_l2,spaced_count_l2,perturbation_stability,close_relative_wgs,300,substitution_1pct,,0.016550622886204347,0.033867301386431015,-0.07212541252321664,-0.11014607334267773,,,
spaced_seed_vs_contiguous,kmer5_count_l2,spaced_count_l2,close_relative_species,Acinetobacter,300,clean,nearest_centroid,,,,,0.08333333333333331,0.08198529411764707,
spaced_seed_vs_contiguous,kmer5_count_l2,spaced_count_l2,close_relative_species,Acinetobacter,300,clean,logistic_regression,,,,,-0.05555555555555555,-0.030093698571959426,
spaced_seed_vs_contiguous,kmer5_count_l2,spaced_count_l2,close_relative_species,Burkholderia,300,clean,nearest_centroid,,,,,0.0,0.014444608252657753,
spaced_seed_vs_contiguous,kmer5_count_l2,spaced_count_l2,close_relative_species,Burkholderia,300,clean,logistic_regression,,,,,0.0,0.000335397316821473,
spaced_seed_vs_contiguous,kmer5_count_l2,spaced_count_l2,close_relative_target_binary,Burkholderia,300,clean,nearest_centroid,,,,,0.037037037037037035,0.0705971659919028,-0.1049382716049383
spaced_seed_vs_contiguous,kmer5_count_l2,spaced_count_l2,close_relative_target_binary,Burkholderia,300,clean,logistic_regression,,,,,-0.03703703703703698,-0.02134816403109091,-0.0864197530864198
spaced_seed_vs_contiguous,kmer5_count_l2,spaced_count_l2,close_relative_species,Candida,300,clean,nearest_centroid,,,,,0.0,0.0316198294459164,
spaced_seed_vs_contiguous,kmer5_count_l2,spaced_count_l2,close_relative_species,Candida,300,clean,logistic_regression,,,,,0.0,0.007230392156862719,
spaced_seed_vs_contiguous,kmer5_count_l2,spaced_count_l2,close_relative_target_binary,Candida,300,clean,nearest_centroid,,,,,-0.07407407407407407,-0.016268116698532786,-0.006172839506172756
spaced_seed_vs_contiguous,kmer5_count_l2,spaced_count_l2,close_relative_target_binary,Candida,300,clean,logistic_regression,,,,,0.07407407407407407,0.2125223613595707,0.06790123456790131
spaced_seed_vs_contiguous,kmer5_count_l2,spaced_count_l2,close_relative_species,Enterobacter,300,clean,nearest_centroid,,,,,-0.06666666666666665,-0.060589748415835365,
spaced_seed_vs_contiguous,kmer5_count_l2,spaced_count_l2,close_relative_species,Enterobacter,300,clean,logistic_regression,,,,,-0.04444444444444445,-0.05709066998271464,
spaced_seed_vs_contiguous,kmer5_count_l2,spaced_count_l2,close_relative_target_binary,Enterobacter,300,clean,nearest_centroid,,,,,-0.07407407407407407,-0.03239164086687307,-0.06790123456790126
spaced_seed_vs_contiguous,kmer5_count_l2,spaced_count_l2,close_relative_target_binary,Enterobacter,300,clean,logistic_regression,,,,,-0.03703703703703698,-0.02520242914979759,-0.05555555555555558
spaced_seed_vs_contiguous,kmer5_count_l2,spaced_count_l2,close_relative_species,Escherichia,300,clean,nearest_centroid,,,,,0.0,0.0,0.2222222222222222
spaced_seed_vs_contiguous,kmer5_count_l2,spaced_count_l2,close_relative_species,Escherichia,300,clean,logistic_regression,,,,,0.16666666666666663,0.16404798761609907,0.2592592592592592
spaced_seed_vs_contiguous,kmer5_count_l2,spaced_count_l2,close_relative_target_binary,Escherichia,300,clean,nearest_centroid,,,,,0.3333333333333333,0.34993365767359574,0.2222222222222222
spaced_seed_vs_contiguous,kmer5_count_l2,spaced_count_l2,close_relative_target_binary,Escherichia,300,clean,logistic_regression,,,,,0.27777777777777785,0.2765737874097007,0.23456790123456794
spaced_seed_vs_contiguous,kmer5_count_l2,spaced_count_l2,close_relative_species,Klebsiella,300,clean,nearest_centroid,,,,,0.07407407407407407,0.03248521630874579,
spaced_seed_vs_contiguous,kmer5_count_l2,spaced_count_l2,close_relative_species,Klebsiella,300,clean,logistic_regression,,,,,-0.14814814814814814,-0.15575152974533785,
spaced_seed_vs_contiguous,kmer5_count_l2,spaced_count_l2,close_relative_target_binary,Klebsiella,300,clean,nearest_centroid,,,,,-0.14814814814814814,-0.11707535885167464,0.03703703703703698
spaced_seed_vs_contiguous,kmer5_count_l2,spaced_count_l2,close_relative_target_binary,Klebsiella,300,clean,logistic_regression,,,,,0.14814814814814814,0.2991156807846276,0.16049382716049376
spaced_seed_vs_contiguous,kmer5_count_l2,spaced_count_l2,close_relative_species,Acinetobacter,300,N_3pct,nearest_centroid,,,,,0.0,0.0026418821116963587,
spaced_seed_vs_contiguous,kmer5_count_l2,spaced_count_l2,close_relative_species,Acinetobacter,300,N_3pct,logistic_regression,,,,,-0.1388888888888889,-0.12451665981077745,
spaced_seed_vs_contiguous,kmer5_count_l2,spaced_count_l2,close_relative_species,Burkholderia,300,N_3pct,nearest_centroid,,,,,0.1111111111111111,0.11351909184726522,
spaced_seed_vs_contiguous,kmer5_count_l2,spaced_count_l2,close_relative_species,Burkholderia,300,N_3pct,logistic_regression,,,,,0.1111111111111111,0.1161093092207644,
spaced_seed_vs_contiguous,kmer5_count_l2,spaced_count_l2,close_relative_target_binary,Burkholderia,300,N_3pct,nearest_centroid,,,,,0.18518518518518523,0.1511583011583011,-0.08641975308641975
spaced_seed_vs_contiguous,kmer5_count_l2,spaced_count_l2,close_relative_target_binary,Burkholderia,300,N_3pct,logistic_regression,,,,,-0.03703703703703709,-0.02283298097251596,-0.037037037037037035
spaced_seed_vs_contiguous,kmer5_count_l2,spaced_count_l2,close_relative_species,Candida,300,N_3pct,nearest_centroid,,,,,0.0,0.0267487946835773,
spaced_seed_vs_contiguous,kmer5_count_l2,spaced_count_l2,close_relative_species,Candida,300,N_3pct,logistic_regression,,,,,0.08333333333333331,0.10569053708439902,
spaced_seed_vs_contiguous,kmer5_count_l2,spaced_count_l2,close_relative_target_binary,Candida,300,N_3pct,nearest_centroid,,,,,0.0,0.09163533834586474,-0.0679012345679012
spaced_seed_vs_contiguous,kmer5_count_l2,spaced_count_l2,close_relative_target_binary,Candida,300,N_3pct,logistic_regression,,,,,-0.07407407407407407,-0.04285714285714287,-0.11728395061728403
spaced_seed_vs_contiguous,kmer5_count_l2,spaced_count_l2,close_relative_species,Enterobacter,300,N_3pct,nearest_centroid,,,,,0.022222222222222227,0.009765718644437177,
spaced_seed_vs_contiguous,kmer5_count_l2,spaced_count_l2,close_relative_species,Enterobacter,300,N_3pct,logistic_regression,,,,,0.04444444444444445,0.03711376858435683,
spaced_seed_vs_contiguous,kmer5_count_l2,spaced_count_l2,close_relative_target_binary,Enterobacter,300,N_3pct,nearest_centroid,,,,,-0.03703703703703698,-0.07087912087912096,0.055555555555555525
spaced_seed_vs_contiguous,kmer5_count_l2,spaced_count_l2,close_relative_target_binary,Enterobacter,300,N_3pct,logistic_regression,,,,,0.0,0.04567669172932337,0.0432098765432099
spaced_seed_vs_contiguous,kmer5_count_l2,spaced_count_l2,close_relative_species,Escherichia,300,N_3pct,nearest_centroid,,,,,0.11111111111111105,0.1069444444444444,0.271604938271605
spaced_seed_vs_contiguous,kmer5_count_l2,spaced_count_l2,close_relative_species,Escherichia,300,N_3pct,logistic_regression,,,,,0.22222222222222227,0.22291021671826616,0.30864197530864196
spaced_seed_vs_contiguous,kmer5_count_l2,spaced_count_l2,close_relative_target_binary,Escherichia,300,N_3pct,nearest_centroid,,,,,0.2222222222222222,0.22916666666666663,0.3086419753086419
spaced_seed_vs_contiguous,kmer5_count_l2,spaced_count_l2,close_relative_target_binary,Escherichia,300,N_3pct,logistic_regression,,,,,0.1111111111111111,0.11145510835913308,0.20987654320987653
spaced_seed_vs_contiguous,kmer5_count_l2,spaced_count_l2,close_relative_species,Klebsiella,300,N_3pct,nearest_centroid,,,,,0.037037037037037035,0.022062918734745307,
spaced_seed_vs_contiguous,kmer5_count_l2,spaced_count_l2,close_relative_species,Klebsiella,300,N_3pct,logistic_regression,,,,,-0.18518518518518517,-0.19058020869166378,
spaced_seed_vs_contiguous,kmer5_count_l2,spaced_count_l2,close_relative_target_binary,Klebsiella,300,N_3pct,nearest_centroid,,,,,-0.07407407407407407,-0.04404761904761889,-0.006172839506172867
spaced_seed_vs_contiguous,kmer5_count_l2,spaced_count_l2,close_relative_target_binary,Klebsiella,300,N_3pct,logistic_regression,,,,,0.0,0.031519699812382784,0.1358024691358024
canonicalization_on_spaced,spaced_count_l2,cspaced_count_l2,rc_consistency,,75,reverse_complement,,0.6757302192319328,0.8516819754264577,,,,,
canonicalization_on_spaced,spaced_count_l2,cspaced_count_l2,perturbation_stability,,75,N_3pct,,0.006631623990215663,0.005413174723226999,-0.02607179110726196,-0.017552582491574542,,,
canonicalization_on_spaced,spaced_count_l2,cspaced_count_l2,perturbation_stability,,75,substitution_1pct,,0.004870580270633695,0.013784638465117571,-0.01644971176838464,-0.03391048832937965,,,
canonicalization_on_spaced,spaced_count_l2,cspaced_count_l2,motif_position,toy_motif,75,clean,nearest_centroid,,,,,-0.013888888888888895,-0.012669552018780117,
canonicalization_on_spaced,spaced_count_l2,cspaced_count_l2,motif_position,toy_motif,75,clean,logistic_regression,,,,,0.0,0.004926309323049438,
canonicalization_on_spaced,spaced_count_l2,cspaced_count_l2,motif_position,toy_motif,75,N_3pct,nearest_centroid,,,,,-0.041666666666666685,-0.030199754620044372,
canonicalization_on_spaced,spaced_count_l2,cspaced_count_l2,motif_position,toy_motif,75,N_3pct,logistic_regression,,,,,0.05555555555555558,0.06006095984009213,
canonicalization_on_spaced,spaced_count_l2,cspaced_count_l2,rc_consistency,close_relative_wgs,75,reverse_complement,,0.6916280265688668,0.8709837112743526,,,,,
canonicalization_on_spaced,spaced_count_l2,cspaced_count_l2,perturbation_stability,close_relative_wgs,75,N_3pct,,0.007102699664047196,0.00669956248562209,-0.026572389916816763,-0.021041857291940136,,,
canonicalization_on_spaced,spaced_count_l2,cspaced_count_l2,perturbation_stability,close_relative_wgs,75,substitution_1pct,,0.00506973003175426,0.015116987398767878,-0.016406563559240472,-0.03702233402267874,,,
canonicalization_on_spaced,spaced_count_l2,cspaced_count_l2,close_relative_species,Acinetobacter,75,clean,nearest_centroid,,,,,0.0,0.0007679738562091365,
canonicalization_on_spaced,spaced_count_l2,cspaced_count_l2,close_relative_species,Acinetobacter,75,clean,logistic_regression,,,,,-0.08333333333333334,-0.07048319327731095,
canonicalization_on_spaced,spaced_count_l2,cspaced_count_l2,close_relative_species,Burkholderia,75,clean,nearest_centroid,,,,,-0.037037037037037035,-0.04098039215686272,
canonicalization_on_spaced,spaced_count_l2,cspaced_count_l2,close_relative_species,Burkholderia,75,clean,logistic_regression,,,,,-0.07407407407407407,-0.09171547406841535,
canonicalization_on_spaced,spaced_count_l2,cspaced_count_l2,close_relative_target_binary,Burkholderia,75,clean,nearest_centroid,,,,,-0.07407407407407407,-0.11622807017543851,-0.09259259259259267
canonicalization_on_spaced,spaced_count_l2,cspaced_count_l2,close_relative_target_binary,Burkholderia,75,clean,logistic_regression,,,,,0.0,-0.029057111410052516,-0.030864197530864224
canonicalization_on_spaced,spaced_count_l2,cspaced_count_l2,close_relative_species,Candida,75,clean,nearest_centroid,,,,,0.02777777777777779,0.016037579999755247,
canonicalization_on_spaced,spaced_count_l2,cspaced_count_l2,close_relative_species,Candida,75,clean,logistic_regression,,,,,0.02777777777777779,0.03624226006191947,
canonicalization_on_spaced,spaced_count_l2,cspaced_count_l2,close_relative_target_binary,Candida,75,clean,nearest_centroid,,,,,-0.037037037037037035,-0.02627156125608132,0.030864197530864224
canonicalization_on_spaced,spaced_count_l2,cspaced_count_l2,close_relative_target_binary,Candida,75,clean,logistic_regression,,,,,0.03703703703703698,0.06071667642875073,0.024691358024691412
canonicalization_on_spaced,spaced_count_l2,cspaced_count_l2,close_relative_species,Enterobacter,75,clean,nearest_centroid,,,,,0.0,-0.01390792214321629,
canonicalization_on_spaced,spaced_count_l2,cspaced_count_l2,close_relative_species,Enterobacter,75,clean,logistic_regression,,,,,-0.044444444444444425,-0.05109540786011374,
canonicalization_on_spaced,spaced_count_l2,cspaced_count_l2,close_relative_target_binary,Enterobacter,75,clean,nearest_centroid,,,,,0.07407407407407407,0.11141207549876275,0.09259259259259256
canonicalization_on_spaced,spaced_count_l2,cspaced_count_l2,close_relative_target_binary,Enterobacter,75,clean,logistic_regression,,,,,0.0,0.0,0.111111111111111
canonicalization_on_spaced,spaced_count_l2,cspaced_count_l2,close_relative_species,Escherichia,75,clean,nearest_centroid,,,,,-0.11111111111111116,-0.10555555555555562,-0.0864197530864198
canonicalization_on_spaced,spaced_count_l2,cspaced_count_l2,close_relative_species,Escherichia,75,clean,logistic_regression,,,,,0.05555555555555558,0.04821428571428571,-0.08641975308641975
canonicalization_on_spaced,spaced_count_l2,cspaced_count_l2,close_relative_target_binary,Escherichia,75,clean,nearest_centroid,,,,,0.0,0.0,-0.13580246913580246
canonicalization_on_spaced,spaced_count_l2,cspaced_count_l2,close_relative_target_binary,Escherichia,75,clean,logistic_regression,,,,,0.0,0.0,-0.12345679012345678
canonicalization_on_spaced,spaced_count_l2,cspaced_count_l2,close_relative_species,Klebsiella,75,clean,nearest_centroid,,,,,0.0,0.0,
canonicalization_on_spaced,spaced_count_l2,cspaced_count_l2,close_relative_species,Klebsiella,75,clean,logistic_regression,,,,,0.0,-0.004319510898458334,
canonicalization_on_spaced,spaced_count_l2,cspaced_count_l2,close_relative_target_binary,Klebsiella,75,clean,nearest_centroid,,,,,-0.11111111111111116,-0.11115288220551373,0.0
canonicalization_on_spaced,spaced_count_l2,cspaced_count_l2,close_relative_target_binary,Klebsiella,75,clean,logistic_regression,,,,,-0.03703703703703698,-0.06071667642875073,-0.06172839506172828
canonicalization_on_spaced,spaced_count_l2,cspaced_count_l2,close_relative_species,Acinetobacter,75,N_3pct,nearest_centroid,,,,,-0.08333333333333334,-0.06251138567315037,
canonicalization_on_spaced,spaced_count_l2,cspaced_count_l2,close_relative_species,Acinetobacter,75,N_3pct,logistic_regression,,,,,-0.05555555555555555,-0.0688427284789514,
canonicalization_on_spaced,spaced_count_l2,cspaced_count_l2,close_relative_species,Burkholderia,75,N_3pct,nearest_centroid,,,,,-0.1111111111111111,-0.10820261437908499,
canonicalization_on_spaced,spaced_count_l2,cspaced_count_l2,close_relative_species,Burkholderia,75,N_3pct,logistic_regression,,,,,-0.1111111111111111,-0.10045948203842947,
canonicalization_on_spaced,spaced_count_l2,cspaced_count_l2,close_relative_target_binary,Burkholderia,75,N_3pct,nearest_centroid,,,,,-0.03703703703703698,-0.05125313283208022,-0.006172839506172867
canonicalization_on_spaced,spaced_count_l2,cspaced_count_l2,close_relative_target_binary,Burkholderia,75,N_3pct,logistic_regression,,,,,-0.03703703703703709,-0.017316017316017396,0.03703703703703709
canonicalization_on_spaced,spaced_count_l2,cspaced_count_l2,close_relative_species,Candida,75,N_3pct,nearest_centroid,,,,,0.08333333333333331,0.07856213834474701,
canonicalization_on_spaced,spaced_count_l2,cspaced_count_l2,close_relative_species,Candida,75,N_3pct,logistic_regression,,,,,-0.05555555555555555,-0.05187908496732027,
canonicalization_on_spaced,spaced_count_l2,cspaced_count_l2,close_relative_target_binary,Candida,75,N_3pct,nearest_centroid,,,,,-0.07407407407407407,-0.081203007518797,-5.551115123125783e-17
canonicalization_on_spaced,spaced_count_l2,cspaced_count_l2,close_relative_target_binary,Candida,75,N_3pct,logistic_regression,,,,,-0.03703703703703698,-0.02520242914979759,-0.055555555555555525
canonicalization_on_spaced,spaced_count_l2,cspaced_count_l2,close_relative_species,Enterobacter,75,N_3pct,nearest_centroid,,,,,0.1111111111111111,0.08859255983094991,
canonicalization_on_spaced,spaced_count_l2,cspaced_count_l2,close_relative_species,Enterobacter,75,N_3pct,logistic_regression,,,,,0.06666666666666665,0.058729913017838725,
canonicalization_on_spaced,spaced_count_l2,cspaced_count_l2,close_relative_target_binary,Enterobacter,75,N_3pct,nearest_centroid,,,,,-0.07407407407407407,-0.05564148845882594,0.024691358024691357
canonicalization_on_spaced,spaced_count_l2,cspaced_count_l2,close_relative_target_binary,Enterobacter,75,N_3pct,logistic_regression,,,,,0.07407407407407407,-0.006049764189299145,0.09259259259259256
canonicalization_on_spaced,spaced_count_l2,cspaced_count_l2,close_relative_species,Escherichia,75,N_3pct,nearest_centroid,,,,,-0.1111111111111111,-0.11145510835913308,-0.09876543209876548
canonicalization_on_spaced,spaced_count_l2,cspaced_count_l2,close_relative_species,Escherichia,75,N_3pct,logistic_regression,,,,,-0.11111111111111116,-0.11145510835913308,-0.06172839506172839
canonicalization_on_spaced,spaced_count_l2,cspaced_count_l2,close_relative_target_binary,Escherichia,75,N_3pct,nearest_centroid,,,,,-0.05555555555555555,-0.038961038961038974,-0.06172839506172839
canonicalization_on_spaced,spaced_count_l2,cspaced_count_l2,close_relative_target_binary,Escherichia,75,N_3pct,logistic_regression,,,,,-0.055555555555555525,-0.049458204334365374,-0.03703703703703701
canonicalization_on_spaced,spaced_count_l2,cspaced_count_l2,close_relative_species,Klebsiella,75,N_3pct,nearest_centroid,,,,,0.037037037037037035,0.04878696183044004,
canonicalization_on_spaced,spaced_count_l2,cspaced_count_l2,close_relative_species,Klebsiella,75,N_3pct,logistic_regression,,,,,-0.037037037037037035,-0.019818960995431623,
canonicalization_on_spaced,spaced_count_l2,cspaced_count_l2,close_relative_target_binary,Klebsiella,75,N_3pct,nearest_centroid,,,,,-0.1481481481481482,-0.11180340557275548,0.018518518518518545
canonicalization_on_spaced,spaced_count_l2,cspaced_count_l2,close_relative_target_binary,Klebsiella,75,N_3pct,logistic_regression,,,,,-0.03703703703703709,-0.029949874686716726,-0.006172839506172867
canonicalization_on_spaced,spaced_count_l2,cspaced_count_l2,rc_consistency,,100,reverse_complement,,0.6163185862484996,0.7938120039682532,,,,,
canonicalization_on_spaced,spaced_count_l2,cspaced_count_l2,perturbation_stability,,100,N_3pct,,0.008320217206089886,0.009687585257323827,-0.03271683095035832,-0.031456401817726076,,,
canonicalization_on_spaced,spaced_count_l2,cspaced_count_l2,perturbation_stability,,100,substitution_1pct,,0.005721309663988761,0.01403425412576853,-0.021815875672307444,-0.03918489117299767,,,
canonicalization_on_spaced,spaced_count_l2,cspaced_count_l2,motif_position,toy_motif,100,clean,nearest_centroid,,,,,-0.041666666666666685,-0.030694447520523332,
canonicalization_on_spaced,spaced_count_l2,cspaced_count_l2,motif_position,toy_motif,100,clean,logistic_regression,,,,,0.0,-0.0034703642301386894,
canonicalization_on_spaced,spaced_count_l2,cspaced_count_l2,motif_position,toy_motif,100,N_3pct,nearest_centroid,,,,,-0.08333333333333334,-0.08510274595380976,
canonicalization_on_spaced,spaced_count_l2,cspaced_count_l2,motif_position,toy_motif,100,N_3pct,logistic_regression,,,,,-0.013888888888888895,-0.012293309527352053,
canonicalization_on_spaced,spaced_count_l2,cspaced_count_l2,rc_consistency,close_relative_wgs,100,reverse_complement,,0.6401468606405024,0.8235501242750616,,,,,
canonicalization_on_spaced,spaced_count_l2,cspaced_count_l2,perturbation_stability,close_relative_wgs,100,N_3pct,,0.008632191350009033,0.009290084966515733,-0.031988895091165204,-0.02909507356092511,,,
canonicalization_on_spaced,spaced_count_l2,cspaced_count_l2,perturbation_stability,close_relative_wgs,100,substitution_1pct,,0.006155509975010354,0.01926047562479183,-0.02191103639619396,-0.05066069134173079,,,
canonicalization_on_spaced,spaced_count_l2,cspaced_count_l2,close_relative_species,Acinetobacter,100,clean,nearest_centroid,,,,,-0.08333333333333334,-0.050831202046035806,
canonicalization_on_spaced,spaced_count_l2,cspaced_count_l2,close_relative_species,Acinetobacter,100,clean,logistic_regression,,,,,0.1111111111111111,0.08836675020885548,
canonicalization_on_spaced,spaced_count_l2,cspaced_count_l2,close_relative_species,Burkholderia,100,clean,nearest_centroid,,,,,-0.14814814814814814,-0.15076580339738233,
canonicalization_on_spaced,spaced_count_l2,cspaced_count_l2,close_relative_species,Burkholderia,100,clean,logistic_regression,,,,,0.037037037037037035,0.03730117778105396,
canonicalization_on_spaced,spaced_count_l2,cspaced_count_l2,close_relative_target_binary,Burkholderia,100,clean,nearest_centroid,,,,,0.07407407407407407,0.05592105263157898,0.03703703703703698
canonicalization_on_spaced,spaced_count_l2,cspaced_count_l2,close_relative_target_binary,Burkholderia,100,clean,logistic_regression,,,,,0.0,-0.030209067979965754,-0.08024691358024688
canonicalization_on_spaced,spaced_count_l2,cspaced_count_l2,close_relative_species,Candida,100,clean,nearest_centroid,,,,,-0.02777777777777779,0.014441698652224944,
canonicalization_on_spaced,spaced_count_l2,cspaced_count_l2,close_relative_species,Candida,100,clean,logistic_regression,,,,,0.08333333333333334,0.04621212121212123,
canonicalization_on_spaced,spaced_count_l2,cspaced_count_l2,close_relative_target_binary,Candida,100,clean,nearest_centroid,,,,,0.0,0.0,0.04938271604938271
canonicalization_on_spaced,spaced_count_l2,cspaced_count_l2,close_relative_target_binary,Candida,100,clean,logistic_regression,,,,,0.07407407407407407,0.09230769230769231,0.24691358024691368
canonicalization_on_spaced,spaced_count_l2,cspaced_count_l2,close_relative_species,Enterobacter,100,clean,nearest_centroid,,,,,0.06666666666666665,0.06803921568627455,
canonicalization_on_spaced,spaced_count_l2,cspaced_count_l2,close_relative_species,Enterobacter,100,clean,logistic_regression,,,,,0.1111111111111111,0.1075359968548823,
canonicalization_on_spaced,spaced_count_l2,cspaced_count_l2,close_relative_target_binary,Enterobacter,100,clean,nearest_centroid,,,,,0.037037037037037035,0.022787493375728662,0.055555555555555525
canonicalization_on_spaced,spaced_count_l2,cspaced_count_l2,close_relative_target_binary,Enterobacter,100,clean,logistic_regression,,,,,0.037037037037037035,0.02568922305764415,0.0679012345679012
canonicalization_on_spaced,spaced_count_l2,cspaced_count_l2,close_relative_species,Escherichia,100,clean,nearest_centroid,,,,,0.16666666666666674,0.19432270515861844,0.0864197530864198
canonicalization_on_spaced,spaced_count_l2,cspaced_count_l2,close_relative_species,Escherichia,100,clean,logistic_regression,,,,,-0.05555555555555558,-0.05400756793945649,-0.0246913580246913
canonicalization_on_spaced,spaced_count_l2,cspaced_count_l2,close_relative_target_binary,Escherichia,100,clean,nearest_centroid,,,,,0.11111111111111116,0.11111111111111116,0.1728395061728395
canonicalization_on_spaced,spaced_count_l2,cspaced_count_l2,close_relative_target_binary,Escherichia,100,clean,logistic_regression,,,,,0.0,0.00694444444444442,0.08641975308641964
canonicalization_on_spaced,spaced_count_l2,cspaced_count_l2,close_relative_species,Klebsiella,100,clean,nearest_centroid,,,,,0.0,0.009025832555244362,
canonicalization_on_spaced,spaced_count_l2,cspaced_count_l2,close_relative_species,Klebsiella,100,clean,logistic_regression,,,,,0.07407407407407407,0.07577972709551656,
canonicalization_on_spaced,spaced_count_l2,cspaced_count_l2,close_relative_target_binary,Klebsiella,100,clean,nearest_centroid,,,,,-0.07407407407407407,-0.0658756684491979,-0.024691358024691357
canonicalization_on_spaced,spaced_count_l2,cspaced_count_l2,close_relative_target_binary,Klebsiella,100,clean,logistic_regression,,,,,0.0,0.0,-0.043209876543209846
canonicalization_on_spaced,spaced_count_l2,cspaced_count_l2,close_relative_species,Acinetobacter,100,N_3pct,nearest_centroid,,,,,-0.05555555555555555,-0.04703557312252962,
canonicalization_on_spaced,spaced_count_l2,cspaced_count_l2,close_relative_species,Acinetobacter,100,N_3pct,logistic_regression,,,,,0.08333333333333334,0.0967171717171717,
canonicalization_on_spaced,spaced_count_l2,cspaced_count_l2,close_relative_species,Burkholderia,100,N_3pct,nearest_centroid,,,,,-0.037037037037037035,-0.043065998329156197,
canonicalization_on_spaced,spaced_count_l2,cspaced_count_l2,close_relative_species,Burkholderia,100,N_3pct,logistic_regression,,,,,-0.07407407407407407,-0.06717283404589908,
canonicalization_on_spaced,spaced_count_l2,cspaced_count_l2,close_relative_target_binary,Burkholderia,100,N_3pct,nearest_centroid,,,,,-0.03703703703703709,-0.09102564102564092,0.1049382716049383
canonicalization_on_spaced,spaced_count_l2,cspaced_count_l2,close_relative_target_binary,Burkholderia,100,N_3pct,logistic_regression,,,,,0.07407407407407407,0.050336309159838555,0.0679012345679012
canonicalization_on_spaced,spaced_count_l2,cspaced_count_l2,close_relative_species,Candida,100,N_3pct,nearest_centroid,,,,,0.02777777777777779,0.04850949489107381,
canonicalization_on_spaced,spaced_count_l2,cspaced_count_l2,close_relative_species,Candida,100,N_3pct,logistic_regression,,,,,0.0,-0.031102941176470555,
canonicalization_on_spaced,spaced_count_l2,cspaced_count_l2,close_relative_target_binary,Candida,100,N_3pct,nearest_centroid,,,,,0.03703703703703709,0.04955771782397178,0.11111111111111116
canonicalization_on_spaced,spaced_count_l2,cspaced_count_l2,close_relative_target_binary,Candida,100,N_3pct,logistic_regression,,,,,0.07407407407407407,0.12136480371774483,0.24691358024691357
canonicalization_on_spaced,spaced_count_l2,cspaced_count_l2,close_relative_species,Enterobacter,100,N_3pct,nearest_centroid,,,,,0.044444444444444425,0.03540567104034595,
canonicalization_on_spaced,spaced_count_l2,cspaced_count_l2,close_relative_species,Enterobacter,100,N_3pct,logistic_regression,,,,,0.04444444444444445,0.03430205949656748,
canonicalization_on_spaced,spaced_count_l2,cspaced_count_l2,close_relative_target_binary,Enterobacter,100,N_3pct,nearest_centroid,,,,,0.037037037037037035,0.023558897243107835,0.06172839506172839
canonicalization_on_spaced,spaced_count_l2,cspaced_count_l2,close_relative_target_binary,Enterobacter,100,N_3pct,logistic_regression,,,,,0.07407407407407407,0.081203007518797,0.03703703703703706
canonicalization_on_spaced,spaced_count_l2,cspaced_count_l2,close_relative_species,Escherichia,100,N_3pct,nearest_centroid,,,,,-0.055555555555555525,-0.028587511559647727,0.06172839506172839
canonicalization_on_spaced,spaced_count_l2,cspaced_count_l2,close_relative_species,Escherichia,100,N_3pct,logistic_regression,,,,,-0.1111111111111111,-0.11249999999999999,-0.012345679012345678
canonicalization_on_spaced,spaced_count_l2,cspaced_count_l2,close_relative_target_binary,Escherichia,100,N_3pct,nearest_centroid,,,,,0.11111111111111116,0.11250000000000004,0.20987654320987648
canonicalization_on_spaced,spaced_count_l2,cspaced_count_l2,close_relative_target_binary,Escherichia,100,N_3pct,logistic_regression,,,,,0.16666666666666669,0.1785714285714286,0.19753086419753085
canonicalization_on_spaced,spaced_count_l2,cspaced_count_l2,close_relative_species,Klebsiella,100,N_3pct,nearest_centroid,,,,,-0.07407407407407413,-0.07689485150785458,
canonicalization_on_spaced,spaced_count_l2,cspaced_count_l2,close_relative_species,Klebsiella,100,N_3pct,logistic_regression,,,,,0.1481481481481482,0.14771241830065357,
canonicalization_on_spaced,spaced_count_l2,cspaced_count_l2,close_relative_target_binary,Klebsiella,100,N_3pct,nearest_centroid,,,,,0.03703703703703709,0.04776647501105713,0.012345679012345623
canonicalization_on_spaced,spaced_count_l2,cspaced_count_l2,close_relative_target_binary,Klebsiella,100,N_3pct,logistic_regression,,,,,-0.11111111111111105,-0.09658187599364065,-0.07407407407407407
canonicalization_on_spaced,spaced_count_l2,cspaced_count_l2,rc_consistency,close_relative_wgs,125,reverse_complement,,0.5954213787579985,0.7747951950890979,,,,,
canonicalization_on_spaced,spaced_count_l2,cspaced_count_l2,perturbation_stability,close_relative_wgs,125,N_3pct,,0.009275461526732642,0.01028966579443591,-0.03504189644678479,-0.0327376820151567,,,
canonicalization_on_spaced,spaced_count_l2,cspaced_count_l2,perturbation_stability,close_relative_wgs,125,substitution_1pct,,0.0060848483720399305,0.01583368629910764,-0.024280507685291136,-0.04525714545627041,,,
canonicalization_on_spaced,spaced_count_l2,cspaced_count_l2,close_relative_species,Acinetobacter,125,clean,nearest_centroid,,,,,-0.08333333333333331,-0.09414068258882491,
canonicalization_on_spaced,spaced_count_l2,cspaced_count_l2,close_relative_species,Acinetobacter,125,clean,logistic_regression,,,,,-0.08333333333333331,-0.055104862457803605,
canonicalization_on_spaced,spaced_count_l2,cspaced_count_l2,close_relative_species,Burkholderia,125,clean,nearest_centroid,,,,,-0.14814814814814814,-0.14501531606794765,
canonicalization_on_spaced,spaced_count_l2,cspaced_count_l2,close_relative_species,Burkholderia,125,clean,logistic_regression,,,,,-0.1111111111111111,-0.11356457552109728,
canonicalization_on_spaced,spaced_count_l2,cspaced_count_l2,close_relative_target_binary,Burkholderia,125,clean,nearest_centroid,,,,,-0.11111111111111116,-0.06128663172658155,-0.12345679012345667
canonicalization_on_spaced,spaced_count_l2,cspaced_count_l2,close_relative_target_binary,Burkholderia,125,clean,logistic_regression,,,,,-0.2222222222222222,-0.19333323928959356,-0.08024691358024683
canonicalization_on_spaced,spaced_count_l2,cspaced_count_l2,close_relative_species,Candida,125,clean,nearest_centroid,,,,,-0.08333333333333337,-0.07614379084967321,
canonicalization_on_spaced,spaced_count_l2,cspaced_count_l2,close_relative_species,Candida,125,clean,logistic_regression,,,,,0.02777777777777779,0.03847684994743822,
canonicalization_on_spaced,spaced_count_l2,cspaced_count_l2,close_relative_target_binary,Candida,125,clean,nearest_centroid,,,,,0.1111111111111111,0.1288006111535523,0.04938271604938271
canonicalization_on_spaced,spaced_count_l2,cspaced_count_l2,close_relative_target_binary,Candida,125,clean,logistic_regression,,,,,0.2222222222222222,0.2853013441248735,0.20987654320987653
canonicalization_on_spaced,spaced_count_l2,cspaced_count_l2,close_relative_species,Enterobacter,125,clean,nearest_centroid,,,,,-0.11111111111111108,-0.12292941500102625,
canonicalization_on_spaced,spaced_count_l2,cspaced_count_l2,close_relative_species,Enterobacter,125,clean,logistic_regression,,,,,0.022222222222222227,0.029918088447500213,
canonicalization_on_spaced,spaced_count_l2,cspaced_count_l2,close_relative_target_binary,Enterobacter,125,clean,nearest_centroid,,,,,0.0,0.02556151905997106,-0.024691358024691357
canonicalization_on_spaced,spaced_count_l2,cspaced_count_l2,close_relative_target_binary,Enterobacter,125,clean,logistic_regression,,,,,-0.07407407407407413,-0.05043859649122806,-0.07407407407407413
canonicalization_on_spaced,spaced_count_l2,cspaced_count_l2,close_relative_species,Escherichia,125,clean,nearest_centroid,,,,,0.2222222222222222,0.23564794338788148,0.19753086419753085
canonicalization_on_spaced,spaced_count_l2,cspaced_count_l2,close_relative_species,Escherichia,125,clean,logistic_regression,,,,,-0.05555555555555558,-0.05178571428571421,0.09876543209876554
canonicalization_on_spaced,spaced_count_l2,cspaced_count_l2,close_relative_target_binary,Escherichia,125,clean,nearest_centroid,,,,,0.11111111111111116,0.1517131408099236,0.11111111111111105
canonicalization_on_spaced,spaced_count_l2,cspaced_count_l2,close_relative_target_binary,Escherichia,125,clean,logistic_regression,,,,,0.16666666666666663,0.17678571428571427,0.14814814814814825
canonicalization_on_spaced,spaced_count_l2,cspaced_count_l2,close_relative_species,Klebsiella,125,clean,nearest_centroid,,,,,-0.07407407407407407,-0.06432748538011701,
canonicalization_on_spaced,spaced_count_l2,cspaced_count_l2,close_relative_species,Klebsiella,125,clean,logistic_regression,,,,,-0.07407407407407407,-0.07775771127164322,
canonicalization_on_spaced,spaced_count_l2,cspaced_count_l2,close_relative_target_binary,Klebsiella,125,clean,nearest_centroid,,,,,0.0,0.0,-0.04938271604938266
canonicalization_on_spaced,spaced_count_l2,cspaced_count_l2,close_relative_target_binary,Klebsiella,125,clean,logistic_regression,,,,,-0.03703703703703709,-0.030022918258212405,-0.1049382716049383
canonicalization_on_spaced,spaced_count_l2,cspaced_count_l2,close_relative_species,Acinetobacter,125,N_3pct,nearest_centroid,,,,,0.1388888888888889,0.1482675678967239,
canonicalization_on_spaced,spaced_count_l2,cspaced_count_l2,close_relative_species,Acinetobacter,125,N_3pct,logistic_regression,,,,,-0.08333333333333331,-0.07170340624287996,
canonicalization_on_spaced,spaced_count_l2,cspaced_count_l2,close_relative_species,Burkholderia,125,N_3pct,nearest_centroid,,,,,0.0,-0.0026602453847035523,
canonicalization_on_spaced,spaced_count_l2,cspaced_count_l2,close_relative_species,Burkholderia,125,N_3pct,logistic_regression,,,,,-0.25925925925925924,-0.25985561279678926,
canonicalization_on_spaced,spaced_count_l2,cspaced_count_l2,close_relative_target_binary,Burkholderia,125,N_3pct,nearest_centroid,,,,,-0.11111111111111116,-0.09523809523809534,-0.18518518518518534
canonicalization_on_spaced,spaced_count_l2,cspaced_count_l2,close_relative_target_binary,Burkholderia,125,N_3pct,logistic_regression,,,,,-0.07407407407407407,-0.031231925968768115,-0.11728395061728392
canonicalization_on_spaced,spaced_count_l2,cspaced_count_l2,close_relative_species,Candida,125,N_3pct,nearest_centroid,,,,,0.0,-0.016052594206618975,
canonicalization_on_spaced,spaced_count_l2,cspaced_count_l2,close_relative_species,Candida,125,N_3pct,logistic_regression,,,,,0.0,-0.004790092947987712,
canonicalization_on_spaced,spaced_count_l2,cspaced_count_l2,close_relative_target_binary,Candida,125,N_3pct,nearest_centroid,,,,,0.07407407407407407,0.06508100788315518,0.08024691358024694
canonicalization_on_spaced,spaced_count_l2,cspaced_count_l2,close_relative_target_binary,Candida,125,N_3pct,logistic_regression,,,,,0.29629629629629634,0.34901960784313724,0.154320987654321
canonicalization_on_spaced,spaced_count_l2,cspaced_count_l2,close_relative_species,Enterobacter,125,N_3pct,nearest_centroid,,,,,0.0,0.0026528442317915735,
canonicalization_on_spaced,spaced_count_l2,cspaced_count_l2,close_relative_species,Enterobacter,125,N_3pct,logistic_regression,,,,,-0.0222222222222222,-0.023674873458155193,
canonicalization_on_spaced,spaced_count_l2,cspaced_count_l2,close_relative_target_binary,Enterobacter,125,N_3pct,nearest_centroid,,,,,0.03703703703703698,0.11672932330827068,-0.03703703703703709
canonicalization_on_spaced,spaced_count_l2,cspaced_count_l2,close_relative_target_binary,Enterobacter,125,N_3pct,logistic_regression,,,,,-0.18518518518518523,-0.11165413533834584,-0.16049382716049387
canonicalization_on_spaced,spaced_count_l2,cspaced_count_l2,close_relative_species,Escherichia,125,N_3pct,nearest_centroid,,,,,0.05555555555555547,0.0625,0.13580246913580263
canonicalization_on_spaced,spaced_count_l2,cspaced_count_l2,close_relative_species,Escherichia,125,N_3pct,logistic_regression,,,,,0.16666666666666663,0.1678706570347438,0.03703703703703709
canonicalization_on_spaced,spaced_count_l2,cspaced_count_l2,close_relative_target_binary,Escherichia,125,N_3pct,nearest_centroid,,,,,0.16666666666666663,0.27520838294832106,0.06172839506172845
canonicalization_on_spaced,spaced_count_l2,cspaced_count_l2,close_relative_target_binary,Escherichia,125,N_3pct,logistic_regression,,,,,0.05555555555555547,0.10753246753246759,0.12345679012345678
canonicalization_on_spaced,spaced_count_l2,cspaced_count_l2,close_relative_species,Klebsiella,125,N_3pct,nearest_centroid,,,,,-0.1111111111111111,-0.10449830788705461,
canonicalization_on_spaced,spaced_count_l2,cspaced_count_l2,close_relative_species,Klebsiella,125,N_3pct,logistic_regression,,,,,-0.07407407407407407,-0.06205539100275942,
canonicalization_on_spaced,spaced_count_l2,cspaced_count_l2,close_relative_target_binary,Klebsiella,125,N_3pct,nearest_centroid,,,,,-0.037037037037037035,-0.04938884644767,-0.1296296296296296
canonicalization_on_spaced,spaced_count_l2,cspaced_count_l2,close_relative_target_binary,Klebsiella,125,N_3pct,logistic_regression,,,,,-0.18518518518518523,-0.18735676088617276,-0.07407407407407401
canonicalization_on_spaced,spaced_count_l2,cspaced_count_l2,rc_consistency,close_relative_wgs,150,reverse_complement,,0.5578184935102724,0.7292300724637674,,,,,
canonicalization_on_spaced,spaced_count_l2,cspaced_count_l2,perturbation_stability,close_relative_wgs,150,N_3pct,,0.008034598194141762,0.008881829390729457,-0.03469098390364242,-0.03275754036883999,,,
canonicalization_on_spaced,spaced_count_l2,cspaced_count_l2,perturbation_stability,close_relative_wgs,150,substitution_1pct,,0.006063946887865157,0.013805349855100846,-0.026513395166514464,-0.04315012755099751,,,
canonicalization_on_spaced,spaced_count_l2,cspaced_count_l2,close_relative_species,Acinetobacter,150,clean,nearest_centroid,,,,,-0.05555555555555558,-0.044265995872033004,
canonicalization_on_spaced,spaced_count_l2,cspaced_count_l2,close_relative_species,Acinetobacter,150,clean,logistic_regression,,,,,0.02777777777777779,0.04619268760135642,
canonicalization_on_spaced,spaced_count_l2,cspaced_count_l2,close_relative_species,Burkholderia,150,clean,nearest_centroid,,,,,-0.1111111111111111,-0.07574908751379336,
canonicalization_on_spaced,spaced_count_l2,cspaced_count_l2,close_relative_species,Burkholderia,150,clean,logistic_regression,,,,,-0.14814814814814814,-0.14889961832686294,
canonicalization_on_spaced,spaced_count_l2,cspaced_count_l2,close_relative_target_binary,Burkholderia,150,clean,nearest_centroid,,,,,-0.037037037037037035,-0.031090622210888708,0.006172839506172867
canonicalization_on_spaced,spaced_count_l2,cspaced_count_l2,close_relative_target_binary,Burkholderia,150,clean,logistic_regression,,,,,0.1111111111111111,0.14953246590243496,0.07407407407407401
canonicalization_on_spaced,spaced_count_l2,cspaced_count_l2,close_relative_species,Candida,150,clean,nearest_centroid,,,,,0.08333333333333331,0.058051565401141314,
canonicalization_on_spaced,spaced_count_l2,cspaced_count_l2,close_relative_species,Candida,150,clean,logistic_regression,,,,,0.055555555555555525,0.05742745610830141,
canonicalization_on_spaced,spaced_count_l2,cspaced_count_l2,close_relative_target_binary,Candida,150,clean,nearest_centroid,,,,,0.07407407407407407,0.06028903737882063,0.08024691358024694
canonicalization_on_spaced,spaced_count_l2,cspaced_count_l2,close_relative_target_binary,Candida,150,clean,logistic_regression,,,,,0.11111111111111116,0.14136195018547948,-0.04320987654320996
canonicalization_on_spaced,spaced_count_l2,cspaced_count_l2,close_relative_species,Enterobacter,150,clean,nearest_centroid,,,,,0.022222222222222227,0.02407496012759172,
canonicalization_on_spaced,spaced_count_l2,cspaced_count_l2,close_relative_species,Enterobacter,150,clean,logistic_regression,,,,,0.022222222222222227,0.024064081773060075,
canonicalization_on_spaced,spaced_count_l2,cspaced_count_l2,close_relative_target_binary,Enterobacter,150,clean,nearest_centroid,,,,,-0.07407407407407407,-0.06758814141316438,-0.012345679012345734
canonicalization_on_spaced,spaced_count_l2,cspaced_count_l2,close_relative_target_binary,Enterobacter,150,clean,logistic_regression,,,,,0.03703703703703698,0.04789915966386549,0.11111111111111116
canonicalization_on_spaced,spaced_count_l2,cspaced_count_l2,close_relative_species,Escherichia,150,clean,nearest_centroid,,,,,0.0,0.0,-0.03703703703703698
canonicalization_on_spaced,spaced_count_l2,cspaced_count_l2,close_relative_species,Escherichia,150,clean,logistic_regression,,,,,-0.05555555555555558,-0.06428571428571433,-0.07407407407407407
canonicalization_on_spaced,spaced_count_l2,cspaced_count_l2,close_relative_target_binary,Escherichia,150,clean,nearest_centroid,,,,,0.05555555555555558,0.051547987616099133,-0.1234567901234569
canonicalization_on_spaced,spaced_count_l2,cspaced_count_l2,close_relative_target_binary,Escherichia,150,clean,logistic_regression,,,,,-0.16666666666666669,-0.12486064659977708,-0.22222222222222227
canonicalization_on_spaced,spaced_count_l2,cspaced_count_l2,close_relative_species,Klebsiella,150,clean,nearest_centroid,,,,,0.07407407407407407,0.05021049355414675,
canonicalization_on_spaced,spaced_count_l2,cspaced_count_l2,close_relative_species,Klebsiella,150,clean,logistic_regression,,,,,-0.037037037037037035,-0.06852809773795099,
canonicalization_on_spaced,spaced_count_l2,cspaced_count_l2,close_relative_target_binary,Klebsiella,150,clean,nearest_centroid,,,,,-0.14814814814814814,-0.13726525928489464,-0.18518518518518523
canonicalization_on_spaced,spaced_count_l2,cspaced_count_l2,close_relative_target_binary,Klebsiella,150,clean,logistic_regression,,,,,-0.18518518518518517,-0.10944340212632891,-0.1049382716049383
canonicalization_on_spaced,spaced_count_l2,cspaced_count_l2,close_relative_species,Acinetobacter,150,N_3pct,nearest_centroid,,,,,-0.08333333333333334,-0.07332516339869283,
canonicalization_on_spaced,spaced_count_l2,cspaced_count_l2,close_relative_species,Acinetobacter,150,N_3pct,logistic_regression,,,,,0.08333333333333331,0.09704139459574243,
canonicalization_on_spaced,spaced_count_l2,cspaced_count_l2,close_relative_species,Burkholderia,150,N_3pct,nearest_centroid,,,,,-0.07407407407407407,-0.023510466988727885,
canonicalization_on_spaced,spaced_count_l2,cspaced_count_l2,close_relative_species,Burkholderia,150,N_3pct,logistic_regression,,,,,-0.037037037037037035,-0.028789293495175783,
canonicalization_on_spaced,spaced_count_l2,cspaced_count_l2,close_relative_target_binary,Burkholderia,150,N_3pct,nearest_centroid,,,,,0.1481481481481482,0.13716577540106956,0.07407407407407401
canonicalization_on_spaced,spaced_count_l2,cspaced_count_l2,close_relative_target_binary,Burkholderia,150,N_3pct,logistic_regression,,,,,0.07407407407407407,0.1344924812030076,0.09259259259259256
canonicalization_on_spaced,spaced_count_l2,cspaced_count_l2,close_relative_species,Candida,150,N_3pct,nearest_centroid,,,,,0.1388888888888889,0.13381984372696443,
canonicalization_on_spaced,spaced_count_l2,cspaced_count_l2,close_relative_species,Candida,150,N_3pct,logistic_regression,,,,,0.08333333333333334,0.07977806507218271,
canonicalization_on_spaced,spaced_count_l2,cspaced_count_l2,close_relative_target_binary,Candida,150,N_3pct,nearest_centroid,,,,,0.18518518518518523,0.17316017316017324,0.07407407407407407
canonicalization_on_spaced,spaced_count_l2,cspaced_count_l2,close_relative_target_binary,Candida,150,N_3pct,logistic_regression,,,,,0.03703703703703698,0.027821939586645472,0.0185185185185186
canonicalization_on_spaced,spaced_count_l2,cspaced_count_l2,close_relative_species,Enterobacter,150,N_3pct,nearest_centroid,,,,,0.022222222222222227,0.02432773109243694,
canonicalization_on_spaced,spaced_count_l2,cspaced_count_l2,close_relative_species,Enterobacter,150,N_3pct,logistic_regression,,,,,0.044444444444444425,0.037501731154981954,
canonicalization_on_spaced,spaced_count_l2,cspaced_count_l2,close_relative_target_binary,Enterobacter,150,N_3pct,nearest_centroid,,,,,-0.03703703703703709,-0.033027062348591096,-0.0185185185185186
canonicalization_on_spaced,spaced_count_l2,cspaced_count_l2,close_relative_target_binary,Enterobacter,150,N_3pct,logistic_regression,,,,,0.03703703703703698,0.03164528969482516,0.04938271604938271
canonicalization_on_spaced,spaced_count_l2,cspaced_count_l2,close_relative_species,Escherichia,150,N_3pct,nearest_centroid,,,,,-0.11111111111111116,-0.11145510835913308,0.012345679012345734
canonicalization_on_spaced,spaced_count_l2,cspaced_count_l2,close_relative_species,Escherichia,150,N_3pct,logistic_regression,,,,,-0.05555555555555558,-0.07743958827550157,-0.024691358024691357
canonicalization_on_spaced,spaced_count_l2,cspaced_count_l2,close_relative_target_binary,Escherichia,150,N_3pct,nearest_centroid,,,,,0.05555555555555558,0.051547987616099133,-0.1975308641975309
canonicalization_on_spaced,spaced_count_l2,cspaced_count_l2,close_relative_target_binary,Escherichia,150,N_3pct,logistic_regression,,,,,-0.05555555555555558,-0.051547987616099133,-0.1728395061728395
canonicalization_on_spaced,spaced_count_l2,cspaced_count_l2,close_relative_species,Klebsiella,150,N_3pct,nearest_centroid,,,,,0.1111111111111111,0.0994786803610333,
canonicalization_on_spaced,spaced_count_l2,cspaced_count_l2,close_relative_species,Klebsiella,150,N_3pct,logistic_regression,,,,,0.037037037037037035,0.008556745398850651,
canonicalization_on_spaced,spaced_count_l2,cspaced_count_l2,close_relative_target_binary,Klebsiella,150,N_3pct,nearest_centroid,,,,,-0.11111111111111116,-0.0915518521574128,-0.32098765432098764
canonicalization_on_spaced,spaced_count_l2,cspaced_count_l2,close_relative_target_binary,Klebsiella,150,N_3pct,logistic_regression,,,,,-0.03703703703703709,0.042857142857142816,-0.16666666666666663
canonicalization_on_spaced,spaced_count_l2,cspaced_count_l2,rc_consistency,close_relative_wgs,300,reverse_complement,,0.3832976069259386,0.5120940373977666,,,,,
canonicalization_on_spaced,spaced_count_l2,cspaced_count_l2,perturbation_stability,close_relative_wgs,300,N_3pct,,0.008600130032674569,0.010152345460966439,-0.04248175414247285,-0.04336894272339109,,,
canonicalization_on_spaced,spaced_count_l2,cspaced_count_l2,perturbation_stability,close_relative_wgs,300,substitution_1pct,,0.005433298137669573,0.01060581593407317,-0.032086573521008604,-0.0462582076836118,,,
canonicalization_on_spaced,spaced_count_l2,cspaced_count_l2,close_relative_species,Acinetobacter,300,clean,nearest_centroid,,,,,-0.027777777777777762,-0.013902682285035245,
canonicalization_on_spaced,spaced_count_l2,cspaced_count_l2,close_relative_species,Acinetobacter,300,clean,logistic_regression,,,,,-0.05555555555555555,-0.05712669683257918,
canonicalization_on_spaced,spaced_count_l2,cspaced_count_l2,close_relative_species,Burkholderia,300,clean,nearest_centroid,,,,,0.0,0.0,
canonicalization_on_spaced,spaced_count_l2,cspaced_count_l2,close_relative_species,Burkholderia,300,clean,logistic_regression,,,,,-0.037037037037037035,-0.04166666666666663,
canonicalization_on_spaced,spaced_count_l2,cspaced_count_l2,close_relative_target_binary,Burkholderia,300,clean,nearest_centroid,,,,,-0.037037037037037035,-0.022168646975148476,0.0
canonicalization_on_spaced,spaced_count_l2,cspaced_count_l2,close_relative_target_binary,Burkholderia,300,clean,logistic_regression,,,,,-0.07407407407407413,-0.0047619047619046895,-0.06172839506172839
canonicalization_on_spaced,spaced_count_l2,cspaced_count_l2,close_relative_species,Candida,300,clean,nearest_centroid,,,,,-0.05555555555555555,-0.04587495837495836,
canonicalization_on_spaced,spaced_count_l2,cspaced_count_l2,close_relative_species,Candida,300,clean,logistic_regression,,,,,0.08333333333333337,0.09175051599587203,
canonicalization_on_spaced,spaced_count_l2,cspaced_count_l2,close_relative_target_binary,Candida,300,clean,nearest_centroid,,,,,0.14814814814814814,0.1717011128775835,0.04938271604938271
canonicalization_on_spaced,spaced_count_l2,cspaced_count_l2,close_relative_target_binary,Candida,300,clean,logistic_regression,,,,,0.03703703703703709,0.08205128205128209,0.030864197530864113
canonicalization_on_spaced,spaced_count_l2,cspaced_count_l2,close_relative_species,Enterobacter,300,clean,nearest_centroid,,,,,0.0,-0.011590521098530232,
canonicalization_on_spaced,spaced_count_l2,cspaced_count_l2,close_relative_species,Enterobacter,300,clean,logistic_regression,,,,,0.04444444444444445,0.059420357838718296,
canonicalization_on_spaced,spaced_count_l2,cspaced_count_l2,close_relative_target_binary,Enterobacter,300,clean,nearest_centroid,,,,,0.0,0.016243315508021383,0.0185185185185186
canonicalization_on_spaced,spaced_count_l2,cspaced_count_l2,close_relative_target_binary,Enterobacter,300,clean,logistic_regression,,,,,-0.11111111111111116,-0.05152084757347919,0.0246913580246913
canonicalization_on_spaced,spaced_count_l2,cspaced_count_l2,close_relative_species,Escherichia,300,clean,nearest_centroid,,,,,0.0,0.0,-0.13580246913580252
canonicalization_on_spaced,spaced_count_l2,cspaced_count_l2,close_relative_species,Escherichia,300,clean,logistic_regression,,,,,-0.11111111111111105,-0.11249999999999993,-0.11111111111111105
canonicalization_on_spaced,spaced_count_l2,cspaced_count_l2,close_relative_target_binary,Escherichia,300,clean,nearest_centroid,,,,,-0.16666666666666663,-0.17136222910216714,-0.12345679012345678
canonicalization_on_spaced,spaced_count_l2,cspaced_count_l2,close_relative_target_binary,Escherichia,300,clean,logistic_regression,,,,,-0.16666666666666674,-0.16546267629858957,-0.1728395061728395
canonicalization_on_spaced,spaced_count_l2,cspaced_count_l2,close_relative_species,Klebsiella,300,clean,nearest_centroid,,,,,-0.07407407407407407,-0.08509195694550392,
canonicalization_on_spaced,spaced_count_l2,cspaced_count_l2,close_relative_species,Klebsiella,300,clean,logistic_regression,,,,,0.037037037037037035,0.04624183006535948,
canonicalization_on_spaced,spaced_count_l2,cspaced_count_l2,close_relative_target_binary,Klebsiella,300,clean,nearest_centroid,,,,,0.03703703703703698,0.01810919343814077,-0.006172839506172867
canonicalization_on_spaced,spaced_count_l2,cspaced_count_l2,close_relative_target_binary,Klebsiella,300,clean,logistic_regression,,,,,-0.03703703703703698,-0.051820977324073425,0.04320987654320996
canonicalization_on_spaced,spaced_count_l2,cspaced_count_l2,close_relative_species,Acinetobacter,300,N_3pct,nearest_centroid,,,,,-0.1111111111111111,-0.10182541916288043,
canonicalization_on_spaced,spaced_count_l2,cspaced_count_l2,close_relative_species,Acinetobacter,300,N_3pct,logistic_regression,,,,,0.027777777777777762,0.01415202444614208,
canonicalization_on_spaced,spaced_count_l2,cspaced_count_l2,close_relative_species,Burkholderia,300,N_3pct,nearest_centroid,,,,,-0.1111111111111111,-0.11111111111111116,
canonicalization_on_spaced,spaced_count_l2,cspaced_count_l2,close_relative_species,Burkholderia,300,N_3pct,logistic_regression,,,,,0.0,0.003210640981538726,
canonicalization_on_spaced,spaced_count_l2,cspaced_count_l2,close_relative_target_binary,Burkholderia,300,N_3pct,nearest_centroid,,,,,-0.11111111111111116,-0.06530774471950934,0.0
canonicalization_on_spaced,spaced_count_l2,cspaced_count_l2,close_relative_target_binary,Burkholderia,300,N_3pct,logistic_regression,,,,,-0.18518518518518517,-0.16125792811839318,-0.04938271604938266
canonicalization_on_spaced,spaced_count_l2,cspaced_count_l2,close_relative_species,Candida,300,N_3pct,nearest_centroid,,,,,0.0,0.007920704166834158,
canonicalization_on_spaced,spaced_count_l2,cspaced_count_l2,close_relative_species,Candida,300,N_3pct,logistic_regression,,,,,-0.08333333333333331,-0.07819540859822194,
canonicalization_on_spaced,spaced_count_l2,cspaced_count_l2,close_relative_target_binary,Candida,300,N_3pct,nearest_centroid,,,,,0.14814814814814814,0.17763157894736836,0.04938271604938271
canonicalization_on_spaced,spaced_count_l2,cspaced_count_l2,close_relative_target_binary,Candida,300,N_3pct,logistic_regression,,,,,0.14814814814814814,0.2233082706766918,0.09876543209876543
canonicalization_on_spaced,spaced_count_l2,cspaced_count_l2,close_relative_species,Enterobacter,300,N_3pct,nearest_centroid,,,,,-0.022222222222222227,-0.01456521739130437,
canonicalization_on_spaced,spaced_count_l2,cspaced_count_l2,close_relative_species,Enterobacter,300,N_3pct,logistic_regression,,,,,-0.06666666666666668,-0.05988119439526088,
canonicalization_on_spaced,spaced_count_l2,cspaced_count_l2,close_relative_target_binary,Enterobacter,300,N_3pct,nearest_centroid,,,,,0.0,0.10210084033613454,0.030864197530864224
canonicalization_on_spaced,spaced_count_l2,cspaced_count_l2,close_relative_target_binary,Enterobacter,300,N_3pct,logistic_regression,,,,,0.0,0.032894736842105254,0.024691358024691246
canonicalization_on_spaced,spaced_count_l2,cspaced_count_l2,close_relative_species,Escherichia,300,N_3pct,nearest_centroid,,,,,-0.11111111111111105,-0.1069444444444444,-0.024691358024691468
canonicalization_on_spaced,spaced_count_l2,cspaced_count_l2,close_relative_species,Escherichia,300,N_3pct,logistic_regression,,,,,-0.05555555555555558,-0.05990712074303395,0.012345679012345734
canonicalization_on_spaced,spaced_count_l2,cspaced_count_l2,close_relative_target_binary,Escherichia,300,N_3pct,nearest_centroid,,,,,-0.27777777777777773,-0.2952380952380952,-0.14814814814814808
canonicalization_on_spaced,spaced_count_l2,cspaced_count_l2,close_relative_target_binary,Escherichia,300,N_3pct,logistic_regression,,,,,-0.1111111111111111,-0.11145510835913308,-0.1111111111111111
canonicalization_on_spaced,spaced_count_l2,cspaced_count_l2,close_relative_species,Klebsiella,300,N_3pct,nearest_centroid,,,,,0.0,-0.022167160325055002,
canonicalization_on_spaced,spaced_count_l2,cspaced_count_l2,close_relative_species,Klebsiella,300,N_3pct,logistic_regression,,,,,0.0,0.001569033410465659,
canonicalization_on_spaced,spaced_count_l2,cspaced_count_l2,close_relative_target_binary,Klebsiella,300,N_3pct,nearest_centroid,,,,,-0.07407407407407407,-0.08333333333333348,-0.030864197530864113
canonicalization_on_spaced,spaced_count_l2,cspaced_count_l2,close_relative_target_binary,Klebsiella,300,N_3pct,logistic_regression,,,,,-0.11111111111111105,-0.12100202429149798,-0.10493827160493818
property_added_to_cspaced,cspaced_count_l2,cspaced_property_l2,rc_consistency,,75,reverse_complement,,-0.0003517193454363188,-0.0015310480849267671,,,,,
property_added_to_cspaced,cspaced_count_l2,cspaced_property_l2,perturbation_stability,,75,N_3pct,,0.02544843596292945,0.03865579087019344,-0.14640532854122626,-0.18796763897464452,,,
property_added_to_cspaced,cspaced_count_l2,cspaced_property_l2,perturbation_stability,,75,substitution_1pct,,0.019840598046742985,0.06774443339888458,-0.09995006937967489,-0.2620419976684736,,,
property_added_to_cspaced,cspaced_count_l2,cspaced_property_l2,motif_position,toy_motif,75,clean,nearest_centroid,,,,,0.0,0.0004069111133612746,
property_added_to_cspaced,cspaced_count_l2,cspaced_property_l2,motif_position,toy_motif,75,clean,logistic_regression,,,,,0.013888888888888895,0.010635073893952185,
property_added_to_cspaced,cspaced_count_l2,cspaced_property_l2,motif_position,toy_motif,75,N_3pct,nearest_centroid,,,,,0.0,0.0,
property_added_to_cspaced,cspaced_count_l2,cspaced_property_l2,motif_position,toy_motif,75,N_3pct,logistic_regression,,,,,-0.02777777777777779,-0.025423366711932904,
property_added_to_cspaced,cspaced_count_l2,cspaced_property_l2,rc_consistency,close_relative_wgs,75,reverse_complement,,-0.0009612364496937031,-0.0036392403157171627,,,,,
property_added_to_cspaced,cspaced_count_l2,cspaced_property_l2,perturbation_stability,close_relative_wgs,75,N_3pct,,0.0278575752447231,0.04071846948506741,-0.15351882913141462,-0.19233984772482543,,,
property_added_to_cspaced,cspaced_count_l2,cspaced_property_l2,perturbation_stability,close_relative_wgs,75,substitution_1pct,,0.020522941646897608,0.06773312360068318,-0.1020081044447965,-0.26141844671458775,,,
property_added_to_cspaced,cspaced_count_l2,cspaced_property_l2,close_relative_species,Acinetobacter,75,clean,nearest_centroid,,,,,-0.08333333333333331,-0.08164778955060284,
property_added_to_cspaced,cspaced_count_l2,cspaced_property_l2,close_relative_species,Acinetobacter,75,clean,logistic_regression,,,,,0.0,-0.002143616617300781,
property_added_to_cspaced,cspaced_count_l2,cspaced_property_l2,close_relative_species,Burkholderia,75,clean,nearest_centroid,,,,,0.0,0.0,
property_added_to_cspaced,cspaced_count_l2,cspaced_property_l2,close_relative_species,Burkholderia,75,clean,logistic_regression,,,,,0.037037037037037035,0.04848484848484852,
property_added_to_cspaced,cspaced_count_l2,cspaced_property_l2,close_relative_target_binary,Burkholderia,75,clean,nearest_centroid,,,,,0.07407407407407407,0.08881578947368424,0.0679012345679012
property_added_to_cspaced,cspaced_count_l2,cspaced_property_l2,close_relative_target_binary,Burkholderia,75,clean,logistic_regression,,,,,0.03703703703703709,0.060121457489878516,0.030864197530864224
property_added_to_cspaced,cspaced_count_l2,cspaced_property_l2,close_relative_species,Candida,75,clean,nearest_centroid,,,,,0.02777777777777779,0.0276520864756159,
property_added_to_cspaced,cspaced_count_l2,cspaced_property_l2,close_relative_species,Candida,75,clean,logistic_regression,,,,,0.0,0.004555422647527924,
property_added_to_cspaced,cspaced_count_l2,cspaced_property_l2,close_relative_target_binary,Candida,75,clean,nearest_centroid,,,,,0.0,0.0,-0.024691358024691357
property_added_to_cspaced,cspaced_count_l2,cspaced_property_l2,close_relative_target_binary,Candida,75,clean,logistic_regression,,,,,0.0,0.0,0.012345679012345623
property_added_to_cspaced,cspaced_count_l2,cspaced_property_l2,close_relative_species,Enterobacter,75,clean,nearest_centroid,,,,,0.04444444444444445,0.04724125547654959,
property_added_to_cspaced,cspaced_count_l2,cspaced_property_l2,close_relative_species,Enterobacter,75,clean,logistic_regression,,,,,0.0,-0.00042975084770749405,
property_added_to_cspaced,cspaced_count_l2,cspaced_property_l2,close_relative_target_binary,Enterobacter,75,clean,nearest_centroid,,,,,0.0,0.0,-0.006172839506172867
property_added_to_cspaced,cspaced_count_l2,cspaced_property_l2,close_relative_target_binary,Enterobacter,75,clean,logistic_regression,,,,,-0.07407407407407407,-0.056793445028739176,0.006172839506172867
property_added_to_cspaced,cspaced_count_l2,cspaced_property_l2,close_relative_species,Escherichia,75,clean,nearest_centroid,,,,,0.0,0.0,0.06172839506172839
property_added_to_cspaced,cspaced_count_l2,cspaced_property_l2,close_relative_species,Escherichia,75,clean,logistic_regression,,,,,0.0,0.0,0.012345679012345623
property_added_to_cspaced,cspaced_count_l2,cspaced_property_l2,close_relative_target_binary,Escherichia,75,clean,nearest_centroid,,,,,0.0,0.0,0.04938271604938274
property_added_to_cspaced,cspaced_count_l2,cspaced_property_l2,close_relative_target_binary,Escherichia,75,clean,logistic_regression,,,,,0.0,0.0,0.012345679012345678
property_added_to_cspaced,cspaced_count_l2,cspaced_property_l2,close_relative_species,Klebsiella,75,clean,nearest_centroid,,,,,-0.037037037037037035,-0.02331245764749601,
property_added_to_cspaced,cspaced_count_l2,cspaced_property_l2,close_relative_species,Klebsiella,75,clean,logistic_regression,,,,,0.037037037037037035,0.04516847674742416,
property_added_to_cspaced,cspaced_count_l2,cspaced_property_l2,close_relative_target_binary,Klebsiella,75,clean,nearest_centroid,,,,,0.03703703703703709,0.027819548872180466,-0.024691358024691357
property_added_to_cspaced,cspaced_count_l2,cspaced_property_l2,close_relative_target_binary,Klebsiella,75,clean,logistic_regression,,,,,0.03703703703703698,0.06071667642875073,0.055555555555555525
property_added_to_cspaced,cspaced_count_l2,cspaced_property_l2,close_relative_species,Acinetobacter,75,N_3pct,nearest_centroid,,,,,0.0,-0.0009531590413943691,
property_added_to_cspaced,cspaced_count_l2,cspaced_property_l2,close_relative_species,Acinetobacter,75,N_3pct,logistic_regression,,,,,0.0,0.017651945148075193,
property_added_to_cspaced,cspaced_count_l2,cspaced_property_l2,close_relative_species,Burkholderia,75,N_3pct,nearest_centroid,,,,,0.037037037037037035,0.041209150326797395,
property_added_to_cspaced,cspaced_count_l2,cspaced_property_l2,close_relative_species,Burkholderia,75,N_3pct,logistic_regression,,,,,-0.037037037037037035,-0.0360910446049765,
property_added_to_cspaced,cspaced_count_l2,cspaced_property_l2,close_relative_target_binary,Burkholderia,75,N_3pct,nearest_centroid,,,,,0.03703703703703698,0.030339162692103905,0.01851851851851849
property_added_to_cspaced,cspaced_count_l2,cspaced_property_l2,close_relative_target_binary,Burkholderia,75,N_3pct,logistic_regression,,,,,0.03703703703703709,0.03300229182582126,0.024691358024691246
property_added_to_cspaced,cspaced_count_l2,cspaced_property_l2,close_relative_species,Candida,75,N_3pct,nearest_centroid,,,,,0.0,-0.0004333957423202084,
property_added_to_cspaced,cspaced_count_l2,cspaced_property_l2,close_relative_species,Candida,75,N_3pct,logistic_regression,,,,,0.0,0.0024746302029583778,
property_added_to_cspaced,cspaced_count_l2,cspaced_property_l2,close_relative_target_binary,Candida,75,N_3pct,nearest_centroid,,,,,0.0,0.0,0.030864197530864224
property_added_to_cspaced,cspaced_count_l2,cspaced_property_l2,close_relative_target_binary,Candida,75,N_3pct,logistic_regression,,,,,0.0,0.0,0.0432098765432099
property_added_to_cspaced,cspaced_count_l2,cspaced_property_l2,close_relative_species,Enterobacter,75,N_3pct,nearest_centroid,,,,,0.022222222222222227,0.029803921568627434,
property_added_to_cspaced,cspaced_count_l2,cspaced_property_l2,close_relative_species,Enterobacter,75,N_3pct,logistic_regression,,,,,-0.0222222222222222,-0.013319271028249369,
property_added_to_cspaced,cspaced_count_l2,cspaced_property_l2,close_relative_target_binary,Enterobacter,75,N_3pct,nearest_centroid,,,,,-0.037037037037037035,-0.028062804068996028,-0.024691358024691357
property_added_to_cspaced,cspaced_count_l2,cspaced_property_l2,close_relative_target_binary,Enterobacter,75,N_3pct,logistic_regression,,,,,-0.07407407407407407,-0.11416490486257924,0.006172839506172867
property_added_to_cspaced,cspaced_count_l2,cspaced_property_l2,close_relative_species,Escherichia,75,N_3pct,nearest_centroid,,,,,0.055555555555555525,0.05050309597523217,5.551115123125783e-17
property_added_to_cspaced,cspaced_count_l2,cspaced_property_l2,close_relative_species,Escherichia,75,N_3pct,logistic_regression,,,,,-0.1111111111111111,-0.11145510835913308,-0.024691358024691357
property_added_to_cspaced,cspaced_count_l2,cspaced_property_l2,close_relative_target_binary,Escherichia,75,N_3pct,nearest_centroid,,,,,0.0,0.0,0.0
property_added_to_cspaced,cspaced_count_l2,cspaced_property_l2,close_relative_target_binary,Escherichia,75,N_3pct,logistic_regression,,,,,0.055555555555555525,0.05779153766769868,-0.037037037037037035
property_added_to_cspaced,cspaced_count_l2,cspaced_property_l2,close_relative_species,Klebsiella,75,N_3pct,nearest_centroid,,,,,-0.037037037037037035,-0.043113912231559276,
property_added_to_cspaced,cspaced_count_l2,cspaced_property_l2,close_relative_species,Klebsiella,75,N_3pct,logistic_regression,,,,,0.0,0.004107548225195323,
property_added_to_cspaced,cspaced_count_l2,cspaced_property_l2,close_relative_target_binary,Klebsiella,75,N_3pct,nearest_centroid,,,,,0.037037037037037035,0.028062804068996028,0.012345679012345734
property_added_to_cspaced,cspaced_count_l2,cspaced_property_l2,close_relative_target_binary,Klebsiella,75,N_3pct,logistic_regression,,,,,0.07407407407407407,0.06028903737882063,0.06172839506172845
property_added_to_cspaced,cspaced_count_l2,cspaced_property_l2,rc_consistency,,100,reverse_complement,,-0.0002454567329601698,-0.0010000814919822743,,,,,
property_added_to_cspaced,cspaced_count_l2,cspaced_property_l2,perturbation_stability,,100,N_3pct,,0.0242562533724765,0.03643032031358706,-0.14023120394563465,-0.18023949777810466,,,
property_added_to_cspaced,cspaced_count_l2,cspaced_property_l2,perturbation_stability,,100,substitution_1pct,,0.017992318984237032,0.05130009811029046,-0.10602501811970781,-0.22890763624963364,,,
property_added_to_cspaced,cspaced_count_l2,cspaced_property_l2,motif_position,toy_motif,100,clean,nearest_centroid,,,,,-0.013888888888888867,-0.015059537126805356,
property_added_to_cspaced,cspaced_count_l2,cspaced_property_l2,motif_position,toy_motif,100,clean,logistic_regression,,,,,0.013888888888888895,0.013444606093944877,
property_added_to_cspaced,cspaced_count_l2,cspaced_property_l2,motif_position,toy_motif,100,N_3pct,nearest_centroid,,,,,0.013888888888888867,0.014985383028599475,
property_added_to_cspaced,cspaced_count_l2,cspaced_property_l2,motif_position,toy_motif,100,N_3pct,logistic_regression,,,,,0.041666666666666685,0.04274595380978355,
property_added_to_cspaced,cspaced_count_l2,cspaced_property_l2,rc_consistency,close_relative_wgs,100,reverse_complement,,-0.0007944776097001949,-0.0029160000501331496,,,,,
property_added_to_cspaced,cspaced_count_l2,cspaced_property_l2,perturbation_stability,close_relative_wgs,100,N_3pct,,0.027263987514333232,0.039665511356490435,-0.150199023148572,-0.18837666731370434,,,
property_added_to_cspaced,cspaced_count_l2,cspaced_property_l2,perturbation_stability,close_relative_wgs,100,substitution_1pct,,0.01917133688965489,0.05623902080827292,-0.10772788630981099,-0.2389073176850822,,,
property_added_to_cspaced,cspaced_count_l2,cspaced_property_l2,close_relative_species,Acinetobacter,100,clean,nearest_centroid,,,,,0.0,0.0019762845849802257,
property_added_to_cspaced,cspaced_count_l2,cspaced_property_l2,close_relative_species,Acinetobacter,100,clean,logistic_regression,,,,,0.02777777777777779,0.013457556935817794,
property_added_to_cspaced,cspaced_count_l2,cspaced_property_l2,close_relative_species,Burkholderia,100,clean,nearest_centroid,,,,,0.0,0.0,
property_added_to_cspaced,cspaced_count_l2,cspaced_property_l2,close_relative_species,Burkholderia,100,clean,logistic_regression,,,,,0.037037037037037035,0.03313840155945419,
property_added_to_cspaced,cspaced_count_l2,cspaced_property_l2,close_relative_target_binary,Burkholderia,100,clean,nearest_centroid,,,,,-0.03703703703703709,-0.02809911304493351,-0.006172839506172756
property_added_to_cspaced,cspaced_count_l2,cspaced_property_l2,close_relative_target_binary,Burkholderia,100,clean,logistic_regression,,,,,0.03703703703703709,0.05802861685214622,0.04938271604938271
property_added_to_cspaced,cspaced_count_l2,cspaced_property_l2,close_relative_species,Candida,100,clean,nearest_centroid,,,,,0.02777777777777779,0.020646020646020724,
property_added_to_cspaced,cspaced_count_l2,cspaced_property_l2,close_relative_species,Candida,100,clean,logistic_regression,,,,,-0.02777777777777779,-0.01915425261013498,
property_added_to_cspaced,cspaced_count_l2,cspaced_property_l2,close_relative_target_binary,Candida,100,clean,nearest_centroid,,,,,-0.03703703703703709,-0.051348960636886376,0.03703703703703709
property_added_to_cspaced,cspaced_count_l2,cspaced_property_l2,close_relative_target_binary,Candida,100,clean,logistic_regression,,,,,-0.03703703703703698,-0.0012820512820513885,-0.024691358024691468
property_added_to_cspaced,cspaced_count_l2,cspaced_property_l2,close_relative_species,Enterobacter,100,clean,nearest_centroid,,,,,0.0,-0.002383900928792565,
property_added_to_cspaced,cspaced_count_l2,cspaced_property_l2,close_relative_species,Enterobacter,100,clean,logistic_regression,,,,,-0.022222222222222254,-0.02038011695906433,
property_added_to_cspaced,cspaced_count_l2,cspaced_property_l2,close_relative_target_binary,Enterobacter,100,clean,nearest_centroid,,,,,0.0,0.0,-0.012345679012345678
property_added_to_cspaced,cspaced_count_l2,cspaced_property_l2,close_relative_target_binary,Enterobacter,100,clean,logistic_regression,,,,,-0.037037037037037035,-0.06054583995760465,-0.03703703703703698
property_added_to_cspaced,cspaced_count_l2,cspaced_property_l2,close_relative_species,Escherichia,100,clean,nearest_centroid,,,,,-0.05555555555555558,-0.05990712074303395,-0.024691358024691468
property_added_to_cspaced,cspaced_count_l2,cspaced_property_l2,close_relative_species,Escherichia,100,clean,logistic_regression,,,,,0.0,0.0,0.024691358024691412
property_added_to_cspaced,cspaced_count_l2,cspaced_property_l2,close_relative_target_binary,Escherichia,100,clean,nearest_centroid,,,,,0.0,0.0,-0.024691358024691357
property_added_to_cspaced,cspaced_count_l2,cspaced_property_l2,close_relative_target_binary,Escherichia,100,clean,logistic_regression,,,,,0.0,0.0,-0.012345679012345623
property_added_to_cspaced,cspaced_count_l2,cspaced_property_l2,close_relative_species,Klebsiella,100,clean,nearest_centroid,,,,,0.0,0.0,
property_added_to_cspaced,cspaced_count_l2,cspaced_property_l2,close_relative_species,Klebsiella,100,clean,logistic_regression,,,,,0.0,0.0,
property_added_to_cspaced,cspaced_count_l2,cspaced_property_l2,close_relative_target_binary,Klebsiella,100,clean,nearest_centroid,,,,,-0.03703703703703709,-0.033027062348591096,0.024691358024691357
property_added_to_cspaced,cspaced_count_l2,cspaced_property_l2,close_relative_target_binary,Klebsiella,100,clean,logistic_regression,,,,,-0.03703703703703709,-0.031064346079826,0.0
property_added_to_cspaced,cspaced_count_l2,cspaced_property_l2,close_relative_species,Acinetobacter,100,N_3pct,nearest_centroid,,,,,0.0,0.0,
property_added_to_cspaced,cspaced_count_l2,cspaced_property_l2,close_relative_species,Acinetobacter,100,N_3pct,logistic_regression,,,,,-0.05555555555555555,-0.05357757137942892,
property_added_to_cspaced,cspaced_count_l2,cspaced_property_l2,close_relative_species,Burkholderia,100,N_3pct,nearest_centroid,,,,,-0.037037037037037035,-0.03617376775271511,
property_added_to_cspaced,cspaced_count_l2,cspaced_property_l2,close_relative_species,Burkholderia,100,N_3pct,logistic_regression,,,,,0.0,-0.0031746031746031633,
property_added_to_cspaced,cspaced_count_l2,cspaced_property_l2,close_relative_target_binary,Burkholderia,100,N_3pct,nearest_centroid,,,,,0.03703703703703709,0.06361336032388665,-0.03703703703703709
property_added_to_cspaced,cspaced_count_l2,cspaced_property_l2,close_relative_target_binary,Burkholderia,100,N_3pct,logistic_regression,,,,,0.03703703703703709,0.09102564102564092,-0.030864197530864168
property_added_to_cspaced,cspaced_count_l2,cspaced_property_l2,close_relative_species,Candida,100,N_3pct,nearest_centroid,,,,,0.0,-0.02168631806789706,
property_added_to_cspaced,cspaced_count_l2,cspaced_property_l2,close_relative_species,Candida,100,N_3pct,logistic_regression,,,,,0.0,0.008303495311167919,
property_added_to_cspaced,cspaced_count_l2,cspaced_property_l2,close_relative_target_binary,Candida,100,N_3pct,nearest_centroid,,,,,0.0,0.0,-0.07407407407407407
property_added_to_cspaced,cspaced_count_l2,cspaced_property_l2,close_relative_target_binary,Candida,100,N_3pct,logistic_regression,,,,,0.03703703703703709,0.06868044515103344,0.012345679012345734
property_added_to_cspaced,cspaced_count_l2,cspaced_property_l2,close_relative_species,Enterobacter,100,N_3pct,nearest_centroid,,,,,-0.0222222222222222,-0.019883040935672502,
property_added_to_cspaced,cspaced_count_l2,cspaced_property_l2,close_relative_species,Enterobacter,100,N_3pct,logistic_regression,,,,,0.0222222222222222,0.020705914985091223,
property_added_to_cspaced,cspaced_count_l2,cspaced_property_l2,close_relative_target_binary,Enterobacter,100,N_3pct,nearest_centroid,,,,,0.0,0.0,0.030864197530864168
property_added_to_cspaced,cspaced_count_l2,cspaced_property_l2,close_relative_target_binary,Enterobacter,100,N_3pct,logistic_regression,,,,,0.0,0.0,-0.006172839506172811
property_added_to_cspaced,cspaced_count_l2,cspaced_property_l2,close_relative_species,Escherichia,100,N_3pct,nearest_centroid,,,,,0.055555555555555525,0.05050309597523217,-0.012345679012345678
property_added_to_cspaced,cspaced_count_l2,cspaced_property_l2,close_relative_species,Escherichia,100,N_3pct,logistic_regression,,,,,0.0,0.0,0.012345679012345678
property_added_to_cspaced,cspaced_count_l2,cspaced_property_l2,close_relative_target_binary,Escherichia,100,N_3pct,nearest_centroid,,,,,0.0,0.0,-0.03703703703703698
property_added_to_cspaced,cspaced_count_l2,cspaced_property_l2,close_relative_target_binary,Escherichia,100,N_3pct,logistic_regression,,,,,-0.11111111111111116,-0.1344155844155845,0.012345679012345623
property_added_to_cspaced,cspaced_count_l2,cspaced_property_l2,close_relative_species,Klebsiella,100,N_3pct,nearest_centroid,,,,,0.0,0.0,
property_added_to_cspaced,cspaced_count_l2,cspaced_property_l2,close_relative_species,Klebsiella,100,N_3pct,logistic_regression,,,,,-0.11111111111111116,-0.10604575163398694,
property_added_to_cspaced,cspaced_count_l2,cspaced_property_l2,close_relative_target_binary,Klebsiella,100,N_3pct,nearest_centroid,,,,,-0.03703703703703709,-0.03300229182582126,0.030864197530864113
property_added_to_cspaced,cspaced_count_l2,cspaced_property_l2,close_relative_target_binary,Klebsiella,100,N_3pct,logistic_regression,,,,,0.0,0.0,0.006172839506172756
property_added_to_cspaced,cspaced_count_l2,cspaced_property_l2,rc_consistency,close_relative_wgs,125,reverse_complement,,-0.0006769661912084945,-0.0026805320766911667,,,,,
property_added_to_cspaced,cspaced_count_l2,cspaced_property_l2,perturbation_stability,close_relative_wgs,125,N_3pct,,0.025831840613964485,0.0377561091557963,-0.14449933577680268,-0.18280893651503538,,,
property_added_to_cspaced,cspaced_count_l2,cspaced_property_l2,perturbation_stability,close_relative_wgs,125,substitution_1pct,,0.017343589760963618,0.047903866446622034,-0.11023531613092949,-0.2210569132377944,,,
property_added_to_cspaced,cspaced_count_l2,cspaced_property_l2,close_relative_species,Acinetobacter,125,clean,nearest_centroid,,,,,0.0,0.0,
property_added_to_cspaced,cspaced_count_l2,cspaced_property_l2,close_relative_species,Acinetobacter,125,clean,logistic_regression,,,,,0.027777777777777735,0.018944419873212492,
property_added_to_cspaced,cspaced_count_l2,cspaced_property_l2,close_relative_species,Burkholderia,125,clean,nearest_centroid,,,,,0.0,0.0005729564553094146,
property_added_to_cspaced,cspaced_count_l2,cspaced_property_l2,close_relative_species,Burkholderia,125,clean,logistic_regression,,,,,0.0,0.0,
property_added_to_cspaced,cspaced_count_l2,cspaced_property_l2,close_relative_target_binary,Burkholderia,125,clean,nearest_centroid,,,,,-0.03703703703703698,-0.033450210378681566,0.012345679012345623
property_added_to_cspaced,cspaced_count_l2,cspaced_property_l2,close_relative_target_binary,Burkholderia,125,clean,logistic_regression,,,,,0.11111111111111116,0.11328320802005021,0.08024691358024694
property_added_to_cspaced,cspaced_count_l2,cspaced_property_l2,close_relative_species,Candida,125,clean,nearest_centroid,,,,,0.0,-0.004697712418300637,
property_added_to_cspaced,cspaced_count_l2,cspaced_property_l2,close_relative_species,Candida,125,clean,logistic_regression,,,,,0.05555555555555558,0.06070850202429151,
property_added_to_cspaced,cspaced_count_l2,cspaced_property_l2,close_relative_target_binary,Candida,125,clean,nearest_centroid,,,,,0.0,0.0,-0.024691358024691357
property_added_to_cspaced,cspaced_count_l2,cspaced_property_l2,close_relative_target_binary,Candida,125,clean,logistic_regression,,,,,0.0,-0.011483253588516762,-0.006172839506172867
property_added_to_cspaced,cspaced_count_l2,cspaced_property_l2,close_relative_species,Enterobacter,125,clean,nearest_centroid,,,,,0.022222222222222227,0.019122326948413898,
property_added_to_cspaced,cspaced_count_l2,cspaced_property_l2,close_relative_species,Enterobacter,125,clean,logistic_regression,,,,,-0.022222222222222227,-0.01183492125947369,
property_added_to_cspaced,cspaced_count_l2,cspaced_property_l2,close_relative_target_binary,Enterobacter,125,clean,nearest_centroid,,,,,0.0,0.0,-0.012345679012345734
property_added_to_cspaced,cspaced_count_l2,cspaced_property_l2,close_relative_target_binary,Enterobacter,125,clean,logistic_regression,,,,,0.0,0.0,0.012345679012345678
property_added_to_cspaced,cspaced_count_l2,cspaced_property_l2,close_relative_species,Escherichia,125,clean,nearest_centroid,,,,,-0.05555555555555558,-0.05886222910216721,-0.049382716049382824
property_added_to_cspaced,cspaced_count_l2,cspaced_property_l2,close_relative_species,Escherichia,125,clean,logistic_regression,,,,,0.0,0.0,-1.1102230246251565e-16
property_added_to_cspaced,cspaced_count_l2,cspaced_property_l2,close_relative_target_binary,Escherichia,125,clean,nearest_centroid,,,,,-0.05555555555555558,-0.05990712074303395,0.012345679012345734
property_added_to_cspaced,cspaced_count_l2,cspaced_property_l2,close_relative_target_binary,Escherichia,125,clean,logistic_regression,,,,,-0.05555555555555547,-0.0625,-0.024691358024691357
property_added_to_cspaced,cspaced_count_l2,cspaced_property_l2,close_relative_species,Klebsiella,125,clean,nearest_centroid,,,,,0.037037037037037035,0.0345029239766082,
property_added_to_cspaced,cspaced_count_l2,cspaced_property_l2,close_relative_species,Klebsiella,125,clean,logistic_regression,,,,,0.0,0.0,
property_added_to_cspaced,cspaced_count_l2,cspaced_property_l2,close_relative_target_binary,Klebsiella,125,clean,nearest_centroid,,,,,0.07407407407407407,0.05987696514012303,-0.006172839506172867
property_added_to_cspaced,cspaced_count_l2,cspaced_property_l2,close_relative_target_binary,Klebsiella,125,clean,logistic_regression,,,,,0.0,0.0,0.012345679012345734
property_added_to_cspaced,cspaced_count_l2,cspaced_property_l2,close_relative_species,Acinetobacter,125,N_3pct,nearest_centroid,,,,,0.0,0.0011287409700722617,
property_added_to_cspaced,cspaced_count_l2,cspaced_property_l2,close_relative_species,Acinetobacter,125,N_3pct,logistic_regression,,,,,0.13888888888888884,0.13343253968253965,
property_added_to_cspaced,cspaced_count_l2,cspaced_property_l2,close_relative_species,Burkholderia,125,N_3pct,nearest_centroid,,,,,0.037037037037037035,0.027985739750445604,
property_added_to_cspaced,cspaced_count_l2,cspaced_property_l2,close_relative_species,Burkholderia,125,N_3pct,logistic_regression,,,,,0.07407407407407407,0.06470816764934409,
property_added_to_cspaced,cspaced_count_l2,cspaced_property_l2,close_relative_target_binary,Burkholderia,125,N_3pct,nearest_centroid,,,,,-0.03703703703703698,-0.031655844155844104,0.030864197530864335
property_added_to_cspaced,cspaced_count_l2,cspaced_property_l2,close_relative_target_binary,Burkholderia,125,N_3pct,logistic_regression,,,,,0.07407407407407407,0.06028903737882063,0.09876543209876532
property_added_to_cspaced,cspaced_count_l2,cspaced_property_l2,close_relative_species,Candida,125,N_3pct,nearest_centroid,,,,,0.0,0.004245754245754241,
property_added_to_cspaced,cspaced_count_l2,cspaced_property_l2,close_relative_species,Candida,125,N_3pct,logistic_regression,,,,,-0.05555555555555558,-0.048092267209914275,
property_added_to_cspaced,cspaced_count_l2,cspaced_property_l2,close_relative_target_binary,Candida,125,N_3pct,nearest_centroid,,,,,0.037037037037037035,0.031090622210888708,-0.006172839506172867
property_added_to_cspaced,cspaced_count_l2,cspaced_property_l2,close_relative_target_binary,Candida,125,N_3pct,logistic_regression,,,,,-0.03703703703703709,-0.04776647501105713,0.0
property_added_to_cspaced,cspaced_count_l2,cspaced_property_l2,close_relative_species,Enterobacter,125,N_3pct,nearest_centroid,,,,,0.0,-0.000543515651874743,
property_added_to_cspaced,cspaced_count_l2,cspaced_property_l2,close_relative_species,Enterobacter,125,N_3pct,logistic_regression,,,,,-0.022222222222222227,-0.02209322325421398,
property_added_to_cspaced,cspaced_count_l2,cspaced_property_l2,close_relative_target_binary,Enterobacter,125,N_3pct,nearest_centroid,,,,,-0.03703703703703698,-0.05125313283208022,0.03703703703703709
property_added_to_cspaced,cspaced_count_l2,cspaced_property_l2,close_relative_target_binary,Enterobacter,125,N_3pct,logistic_regression,,,,,-0.037037037037037035,-0.024480318443166726,0.006172839506172867
property_added_to_cspaced,cspaced_count_l2,cspaced_property_l2,close_relative_species,Escherichia,125,N_3pct,nearest_centroid,,,,,-0.05555555555555547,-0.0625,-0.07407407407407418
property_added_to_cspaced,cspaced_count_l2,cspaced_property_l2,close_relative_species,Escherichia,125,N_3pct,logistic_regression,,,,,0.0,0.0,0.012345679012345734
property_added_to_cspaced,cspaced_count_l2,cspaced_property_l2,close_relative_target_binary,Escherichia,125,N_3pct,nearest_centroid,,,,,-0.05555555555555558,-0.054695562435500555,0.0
property_added_to_cspaced,cspaced_count_l2,cspaced_property_l2,close_relative_target_binary,Escherichia,125,N_3pct,logistic_regression,,,,,-0.05555555555555547,-0.07075533162489678,-0.04938271604938271
property_added_to_cspaced,cspaced_count_l2,cspaced_property_l2,close_relative_species,Klebsiella,125,N_3pct,nearest_centroid,,,,,0.037037037037037035,0.03910533910533909,
property_added_to_cspaced,cspaced_count_l2,cspaced_property_l2,close_relative_species,Klebsiella,125,N_3pct,logistic_regression,,,,,0.0,-0.0010033253067308623,
property_added_to_cspaced,cspaced_count_l2,cspaced_property_l2,close_relative_target_binary,Klebsiella,125,N_3pct,nearest_centroid,,,,,0.0,0.0,0.018518518518518545
property_added_to_cspaced,cspaced_count_l2,cspaced_property_l2,close_relative_target_binary,Klebsiella,125,N_3pct,logistic_regression,,,,,0.0,0.0,0.0
property_added_to_cspaced,cspaced_count_l2,cspaced_property_l2,rc_consistency,close_relative_wgs,150,reverse_complement,,-0.000594992388682547,-0.002334026046170501,,,,,
property_added_to_cspaced,cspaced_count_l2,cspaced_property_l2,perturbation_stability,close_relative_wgs,150,N_3pct,,0.01933863973166905,0.02766545209644422,-0.12616171179410018,-0.1569250915091594,,,
property_added_to_cspaced,cspaced_count_l2,cspaced_property_l2,perturbation_stability,close_relative_wgs,150,substitution_1pct,,0.015144822491517829,0.039915258481516,-0.10598376832440654,-0.20250284527528212,,,
property_added_to_cspaced,cspaced_count_l2,cspaced_property_l2,close_relative_species,Acinetobacter,150,clean,nearest_centroid,,,,,0.0,-0.003133753501400549,
property_added_to_cspaced,cspaced_count_l2,cspaced_property_l2,close_relative_species,Acinetobacter,150,clean,logistic_regression,,,,,0.027777777777777735,0.01747506019951839,
property_added_to_cspaced,cspaced_count_l2,cspaced_property_l2,close_relative_species,Burkholderia,150,clean,nearest_centroid,,,,,0.0,-0.004194760908315914,
property_added_to_cspaced,cspaced_count_l2,cspaced_property_l2,close_relative_species,Burkholderia,150,clean,logistic_regression,,,,,0.1111111111111111,0.10916179337231968,
property_added_to_cspaced,cspaced_count_l2,cspaced_property_l2,close_relative_target_binary,Burkholderia,150,clean,nearest_centroid,,,,,0.0,0.0,-0.024691358024691412
property_added_to_cspaced,cspaced_count_l2,cspaced_property_l2,close_relative_target_binary,Burkholderia,150,clean,logistic_regression,,,,,-0.03703703703703698,-0.027821939586645472,-0.006172839506172867
property_added_to_cspaced,cspaced_count_l2,cspaced_property_l2,close_relative_species,Candida,150,clean,nearest_centroid,,,,,0.0,0.0,
property_added_to_cspaced,cspaced_count_l2,cspaced_property_l2,close_relative_species,Candida,150,clean,logistic_regression,,,,,-0.08333333333333331,-0.08488254951103247,
property_added_to_cspaced,cspaced_count_l2,cspaced_property_l2,close_relative_target_binary,Candida,150,clean,nearest_centroid,,,,,0.0,0.0,0.01851851851851849
property_added_to_cspaced,cspaced_count_l2,cspaced_property_l2,close_relative_target_binary,Candida,150,clean,logistic_regression,,,,,0.0,0.0,1.1102230246251565e-16
property_added_to_cspaced,cspaced_count_l2,cspaced_property_l2,close_relative_species,Enterobacter,150,clean,nearest_centroid,,,,,0.0,-0.0012280701754386336,
property_added_to_cspaced,cspaced_count_l2,cspaced_property_l2,close_relative_species,Enterobacter,150,clean,logistic_regression,,,,,0.0222222222222222,0.020485036119711086,
property_added_to_cspaced,cspaced_count_l2,cspaced_property_l2,close_relative_target_binary,Enterobacter,150,clean,nearest_centroid,,,,,0.0,0.0,0.043209876543209846
property_added_to_cspaced,cspaced_count_l2,cspaced_property_l2,close_relative_target_binary,Enterobacter,150,clean,logistic_regression,,,,,0.03703703703703709,0.04504870129870131,-0.012345679012345734
property_added_to_cspaced,cspaced_count_l2,cspaced_property_l2,close_relative_species,Escherichia,150,clean,nearest_centroid,,,,,0.0,0.0,0.04938271604938271
property_added_to_cspaced,cspaced_count_l2,cspaced_property_l2,close_relative_species,Escherichia,150,clean,logistic_regression,,,,,0.0,0.0,0.024691358024691357
property_added_to_cspaced,cspaced_count_l2,cspaced_property_l2,close_relative_target_binary,Escherichia,150,clean,nearest_centroid,,,,,0.0,0.0,0.04938271604938271
property_added_to_cspaced,cspaced_count_l2,cspaced_property_l2,close_relative_target_binary,Escherichia,150,clean,logistic_regression,,,,,0.05555555555555558,0.053663570691434515,0.012345679012345623
property_added_to_cspaced,cspaced_count_l2,cspaced_property_l2,close_relative_species,Klebsiella,150,clean,nearest_centroid,,,,,0.07407407407407407,0.09172113289760353,
property_added_to_cspaced,cspaced_count_l2,cspaced_property_l2,close_relative_species,Klebsiella,150,clean,logistic_regression,,,,,0.037037037037037035,0.049206349206349226,
property_added_to_cspaced,cspaced_count_l2,cspaced_property_l2,close_relative_target_binary,Klebsiella,150,clean,nearest_centroid,,,,,0.037037037037037035,0.030122402142037485,-0.006172839506172867
property_added_to_cspaced,cspaced_count_l2,cspaced_property_l2,close_relative_target_binary,Klebsiella,150,clean,logistic_regression,,,,,0.037037037037037035,0.057644110275689164,-5.551115123125783e-17
property_added_to_cspaced,cspaced_count_l2,cspaced_property_l2,close_relative_species,Acinetobacter,150,N_3pct,nearest_centroid,,,,,0.08333333333333334,0.07640056022408959,
property_added_to_cspaced,cspaced_count_l2,cspaced_property_l2,close_relative_species,Acinetobacter,150,N_3pct,logistic_regression,,,,,0.0,-0.0034701924247959592,
property_added_to_cspaced,cspaced_count_l2,cspaced_property_l2,close_relative_species,Burkholderia,150,N_3pct,nearest_centroid,,,,,0.0,0.0,
property_added_to_cspaced,cspaced_count_l2,cspaced_property_l2,close_relative_species,Burkholderia,150,N_3pct,logistic_regression,,,,,-0.037037037037037035,-0.043116034292504934,
property_added_to_cspaced,cspaced_count_l2,cspaced_property_l2,close_relative_target_binary,Burkholderia,150,N_3pct,nearest_centroid,,,,,-0.03703703703703709,-0.030022918258212405,-0.0679012345679012
property_added_to_cspaced,cspaced_count_l2,cspaced_property_l2,close_relative_target_binary,Burkholderia,150,N_3pct,logistic_regression,,,,,-0.07407407407407407,-0.05592105263157898,0.0432098765432099
property_added_to_cspaced,cspaced_count_l2,cspaced_property_l2,close_relative_species,Candida,150,N_3pct,nearest_centroid,,,,,0.0,-0.006432748538011679,
property_added_to_cspaced,cspaced_count_l2,cspaced_property_l2,close_relative_species,Candida,150,N_3pct,logistic_regression,,,,,0.0,0.0016644338894978294,
property_added_to_cspaced,cspaced_count_l2,cspaced_property_l2,close_relative_target_binary,Candida,150,N_3pct,nearest_centroid,,,,,0.0,0.0,0.061728395061728336
property_added_to_cspaced,cspaced_count_l2,cspaced_property_l2,close_relative_target_binary,Candida,150,N_3pct,logistic_regression,,,,,0.0,0.0,0.006172839506172867
property_added_to_cspaced,cspaced_count_l2,cspaced_property_l2,close_relative_species,Enterobacter,150,N_3pct,nearest_centroid,,,,,0.0,0.0032817337461300833,
property_added_to_cspaced,cspaced_count_l2,cspaced_property_l2,close_relative_species,Enterobacter,150,N_3pct,logistic_regression,,,,,0.0,0.006862745098039191,
property_added_to_cspaced,cspaced_count_l2,cspaced_property_l2,close_relative_target_binary,Enterobacter,150,N_3pct,nearest_centroid,,,,,0.0,0.0,0.030864197530864224
property_added_to_cspaced,cspaced_count_l2,cspaced_property_l2,close_relative_target_binary,Enterobacter,150,N_3pct,logistic_regression,,,,,-0.03703703703703698,-0.03164528969482516,0.006172839506172867
property_added_to_cspaced,cspaced_count_l2,cspaced_property_l2,close_relative_species,Escherichia,150,N_3pct,nearest_centroid,,,,,0.0,0.0,0.012345679012345734
property_added_to_cspaced,cspaced_count_l2,cspaced_property_l2,close_relative_species,Escherichia,150,N_3pct,logistic_regression,,,,,0.0,0.0,0.03703703703703698
property_added_to_cspaced,cspaced_count_l2,cspaced_property_l2,close_relative_target_binary,Escherichia,150,N_3pct,nearest_centroid,,,,,0.0,0.0,0.09876543209876548
property_added_to_cspaced,cspaced_count_l2,cspaced_property_l2,close_relative_target_binary,Escherichia,150,N_3pct,logistic_regression,,,,,0.0,0.0,0.012345679012345678
property_added_to_cspaced,cspaced_count_l2,cspaced_property_l2,close_relative_species,Klebsiella,150,N_3pct,nearest_centroid,,,,,0.0,0.0,
property_added_to_cspaced,cspaced_count_l2,cspaced_property_l2,close_relative_species,Klebsiella,150,N_3pct,logistic_regression,,,,,-0.037037037037037035,-0.027123363965469216,
property_added_to_cspaced,cspaced_count_l2,cspaced_property_l2,close_relative_target_binary,Klebsiella,150,N_3pct,nearest_centroid,,,,,0.0,0.0,0.03703703703703698
property_added_to_cspaced,cspaced_count_l2,cspaced_property_l2,close_relative_target_binary,Klebsiella,150,N_3pct,logistic_regression,,,,,0.0,0.0,-5.551115123125783e-17
property_added_to_cspaced,cspaced_count_l2,cspaced_property_l2,rc_consistency,close_relative_wgs,300,reverse_complement,,-0.00018482080529069744,-0.0006676460187070576,,,,,
property_added_to_cspaced,cspaced_count_l2,cspaced_property_l2,perturbation_stability,close_relative_wgs,300,N_3pct,,0.013544353091430872,0.01910733552209065,-0.10361739453391652,-0.12932676028337015,,,
property_added_to_cspaced,cspaced_count_l2,cspaced_property_l2,perturbation_stability,close_relative_wgs,300,substitution_1pct,,0.009254025112367947,0.01940568723570335,-0.09361018926102747,-0.14544575110590574,,,
property_added_to_cspaced,cspaced_count_l2,cspaced_property_l2,close_relative_species,Acinetobacter,300,clean,nearest_centroid,,,,,0.0,-0.009358288770053486,
property_added_to_cspaced,cspaced_count_l2,cspaced_property_l2,close_relative_species,Acinetobacter,300,clean,logistic_regression,,,,,0.0,0.0,
property_added_to_cspaced,cspaced_count_l2,cspaced_property_l2,close_relative_species,Burkholderia,300,clean,nearest_centroid,,,,,-0.037037037037037035,-0.03576424721935556,
property_added_to_cspaced,cspaced_count_l2,cspaced_property_l2,close_relative_species,Burkholderia,300,clean,logistic_regression,,,,,0.0,0.0,
property_added_to_cspaced,cspaced_count_l2,cspaced_property_l2,close_relative_target_binary,Burkholderia,300,clean,nearest_centroid,,,,,0.0,0.0,-0.024691358024691357
property_added_to_cspaced,cspaced_count_l2,cspaced_property_l2,close_relative_target_binary,Burkholderia,300,clean,logistic_regression,,,,,0.0,0.0,0.0
property_added_to_cspaced,cspaced_count_l2,cspaced_property_l2,close_relative_species,Candida,300,clean,nearest_centroid,,,,,0.0,-0.008011010728402018,
property_added_to_cspaced,cspaced_count_l2,cspaced_property_l2,close_relative_species,Candida,300,clean,logistic_regression,,,,,-0.05555555555555558,-0.04841814681631618,
property_added_to_cspaced,cspaced_count_l2,cspaced_property_l2,close_relative_target_binary,Candida,300,clean,nearest_centroid,,,,,0.0,0.0,-0.006172839506172867
property_added_to_cspaced,cspaced_count_l2,cspaced_property_l2,close_relative_target_binary,Candida,300,clean,logistic_regression,,,,,0.03703703703703698,0.032856385797562226,-0.006172839506172867
property_added_to_cspaced,cspaced_count_l2,cspaced_property_l2,close_relative_species,Enterobacter,300,clean,nearest_centroid,,,,,-0.022222222222222227,-0.02392369670980521,
property_added_to_cspaced,cspaced_count_l2,cspaced_property_l2,close_relative_species,Enterobacter,300,clean,logistic_regression,,,,,0.022222222222222227,0.026099227569815836,
property_added_to_cspaced,cspaced_count_l2,cspaced_property_l2,close_relative_target_binary,Enterobacter,300,clean,nearest_centroid,,,,,0.0,0.0,0.006172839506172811
property_added_to_cspaced,cspaced_count_l2,cspaced_property_l2,close_relative_target_binary,Enterobacter,300,clean,logistic_regression,,,,,0.0,0.0,-0.043209876543209846
property_added_to_cspaced,cspaced_count_l2,cspaced_property_l2,close_relative_species,Escherichia,300,clean,nearest_centroid,,,,,0.0,0.0,0.03703703703703709
property_added_to_cspaced,cspaced_count_l2,cspaced_property_l2,close_relative_species,Escherichia,300,clean,logistic_regression,,,,,0.0,0.0,0.012345679012345623
property_added_to_cspaced,cspaced_count_l2,cspaced_property_l2,close_relative_target_binary,Escherichia,300,clean,nearest_centroid,,,,,0.0,0.0,0.0
property_added_to_cspaced,cspaced_count_l2,cspaced_property_l2,close_relative_target_binary,Escherichia,300,clean,logistic_regression,,,,,0.0,0.0,0.012345679012345678
property_added_to_cspaced,cspaced_count_l2,cspaced_property_l2,close_relative_species,Klebsiella,300,clean,nearest_centroid,,,,,0.0,0.0,
property_added_to_cspaced,cspaced_count_l2,cspaced_property_l2,close_relative_species,Klebsiella,300,clean,logistic_regression,,,,,-0.07407407407407407,-0.0886034255599473,
property_added_to_cspaced,cspaced_count_l2,cspaced_property_l2,close_relative_target_binary,Klebsiella,300,clean,nearest_centroid,,,,,0.03703703703703709,0.032080200501253264,-0.0185185185185186
property_added_to_cspaced,cspaced_count_l2,cspaced_property_l2,close_relative_target_binary,Klebsiella,300,clean,logistic_regression,,,,,-0.03703703703703709,-0.056629554655870384,-0.012345679012345734
property_added_to_cspaced,cspaced_count_l2,cspaced_property_l2,close_relative_species,Acinetobacter,300,N_3pct,nearest_centroid,,,,,0.0,0.0,
property_added_to_cspaced,cspaced_count_l2,cspaced_property_l2,close_relative_species,Acinetobacter,300,N_3pct,logistic_regression,,,,,0.02777777777777779,0.028308293014175367,
property_added_to_cspaced,cspaced_count_l2,cspaced_property_l2,close_relative_species,Burkholderia,300,N_3pct,nearest_centroid,,,,,0.0,0.0,
property_added_to_cspaced,cspaced_count_l2,cspaced_property_l2,close_relative_species,Burkholderia,300,N_3pct,logistic_regression,,,,,-0.037037037037037035,-0.03611971104231171,
property_added_to_cspaced,cspaced_count_l2,cspaced_property_l2,close_relative_target_binary,Burkholderia,300,N_3pct,nearest_centroid,,,,,0.0,0.0,-0.006172839506172867
property_added_to_cspaced,cspaced_count_l2,cspaced_property_l2,close_relative_target_binary,Burkholderia,300,N_3pct,logistic_regression,,,,,-0.037037037037037035,-0.0173076923076923,-0.012345679012345734
property_added_to_cspaced,cspaced_count_l2,cspaced_property_l2,close_relative_species,Candida,300,N_3pct,nearest_centroid,,,,,0.0,0.002360681114551122,
property_added_to_cspaced,cspaced_count_l2,cspaced_property_l2,close_relative_species,Candida,300,N_3pct,logistic_regression,,,,,0.0,0.0,
property_added_to_cspaced,cspaced_count_l2,cspaced_property_l2,close_relative_target_binary,Candida,300,N_3pct,nearest_centroid,,,,,0.0,0.0,0.0
property_added_to_cspaced,cspaced_count_l2,cspaced_property_l2,close_relative_target_binary,Candida,300,N_3pct,logistic_regression,,,,,0.03703703703703698,0.0547862103589658,-0.0185185185185186
property_added_to_cspaced,cspaced_count_l2,cspaced_property_l2,close_relative_species,Enterobacter,300,N_3pct,nearest_centroid,,,,,0.0,-0.0002380952380952317,
property_added_to_cspaced,cspaced_count_l2,cspaced_property_l2,close_relative_species,Enterobacter,300,N_3pct,logistic_regression,,,,,-0.022222222222222227,-0.017733184689706444,
property_added_to_cspaced,cspaced_count_l2,cspaced_property_l2,close_relative_target_binary,Enterobacter,300,N_3pct,nearest_centroid,,,,,-0.03703703703703709,-0.051348960636886376,-0.024691358024691357
property_added_to_cspaced,cspaced_count_l2,cspaced_property_l2,close_relative_target_binary,Enterobacter,300,N_3pct,logistic_regression,,,,,0.0,0.0,0.006172839506172978
property_added_to_cspaced,cspaced_count_l2,cspaced_property_l2,close_relative_species,Escherichia,300,N_3pct,nearest_centroid,,,,,-0.05555555555555558,-0.05710354317165467,0.0
property_added_to_cspaced,cspaced_count_l2,cspaced_property_l2,close_relative_species,Escherichia,300,N_3pct,logistic_regression,,,,,0.0,0.0,-0.012345679012345734
property_added_to_cspaced,cspaced_count_l2,cspaced_property_l2,close_relative_target_binary,Escherichia,300,N_3pct,nearest_centroid,,,,,0.1111111111111111,0.11428571428571427,0.012345679012345567
property_added_to_cspaced,cspaced_count_l2,cspaced_property_l2,close_relative_target_binary,Escherichia,300,N_3pct,logistic_regression,,,,,0.0,0.0,0.0
property_added_to_cspaced,cspaced_count_l2,cspaced_property_l2,close_relative_species,Klebsiella,300,N_3pct,nearest_centroid,,,,,0.0,0.0,
property_added_to_cspaced,cspaced_count_l2,cspaced_property_l2,close_relative_species,Klebsiella,300,N_3pct,logistic_regression,,,,,0.037037037037037035,0.04522241043980174,
property_added_to_cspaced,cspaced_count_l2,cspaced_property_l2,close_relative_target_binary,Klebsiella,300,N_3pct,nearest_centroid,,,,,0.0,0.0,-0.012345679012345734
property_added_to_cspaced,cspaced_count_l2,cspaced_property_l2,close_relative_target_binary,Klebsiella,300,N_3pct,logistic_regression,,,,,0.03703703703703698,0.028694331983805665,-0.012345679012345734
phase_added_to_spaced_property,spaced_kmer_no_phase,spaced_kmer_phase,rc_consistency,,75,reverse_complement,,0.13915630844743598,0.17896349384949017,,,,,
phase_added_to_spaced_property,spaced_kmer_no_phase,spaced_kmer_phase,perturbation_stability,,75,N_3pct,,0.006777431830271907,0.009366353056004195,-0.04142610838377342,-0.04942032432579943,,,
phase_added_to_spaced_property,spaced_kmer_no_phase,spaced_kmer_phase,perturbation_stability,,75,substitution_1pct,,0.002681504071145646,0.008792483624683434,-0.018355081516250427,-0.04617981982747374,,,
phase_added_to_spaced_property,spaced_kmer_no_phase,spaced_kmer_phase,motif_position,toy_motif,75,clean,nearest_centroid,,,,,0.0,0.0,
phase_added_to_spaced_property,spaced_kmer_no_phase,spaced_kmer_phase,motif_position,toy_motif,75,clean,logistic_regression,,,,,0.0,0.0,
phase_added_to_spaced_property,spaced_kmer_no_phase,spaced_kmer_phase,motif_position,toy_motif,75,N_3pct,nearest_centroid,,,,,0.0,0.0,
phase_added_to_spaced_property,spaced_kmer_no_phase,spaced_kmer_phase,motif_position,toy_motif,75,N_3pct,logistic_regression,,,,,0.0,0.0,
phase_added_to_spaced_property,spaced_kmer_no_phase,spaced_kmer_phase,rc_consistency,close_relative_wgs,75,reverse_complement,,0.1470807726940101,0.1886312891253577,,,,,
phase_added_to_spaced_property,spaced_kmer_no_phase,spaced_kmer_phase,perturbation_stability,close_relative_wgs,75,N_3pct,,0.005899853722965531,0.008410346206476293,-0.03747773178484287,-0.04488988780001185,,,
phase_added_to_spaced_property,spaced_kmer_no_phase,spaced_kmer_phase,perturbation_stability,close_relative_wgs,75,substitution_1pct,,0.002339027261373694,0.00799426500369338,-0.01665652791877193,-0.04352988564158866,,,
phase_added_to_spaced_property,spaced_kmer_no_phase,spaced_kmer_phase,close_relative_species,Acinetobacter,75,clean,nearest_centroid,,,,,0.0,0.0,
phase_added_to_spaced_property,spaced_kmer_no_phase,spaced_kmer_phase,close_relative_species,Acinetobacter,75,clean,logistic_regression,,,,,0.0,0.0,
phase_added_to_spaced_property,spaced_kmer_no_phase,spaced_kmer_phase,close_relative_species,Burkholderia,75,clean,nearest_centroid,,,,,0.0,0.0,
phase_added_to_spaced_property,spaced_kmer_no_phase,spaced_kmer_phase,close_relative_species,Burkholderia,75,clean,logistic_regression,,,,,0.0,0.0,
phase_added_to_spaced_property,spaced_kmer_no_phase,spaced_kmer_phase,close_relative_target_binary,Burkholderia,75,clean,nearest_centroid,,,,,0.0,0.0,0.0
phase_added_to_spaced_property,spaced_kmer_no_phase,spaced_kmer_phase,close_relative_target_binary,Burkholderia,75,clean,logistic_regression,,,,,0.0,0.0,0.0
phase_added_to_spaced_property,spaced_kmer_no_phase,spaced_kmer_phase,close_relative_species,Candida,75,clean,nearest_centroid,,,,,0.0,0.0,
phase_added_to_spaced_property,spaced_kmer_no_phase,spaced_kmer_phase,close_relative_species,Candida,75,clean,logistic_regression,,,,,0.0,0.0,
phase_added_to_spaced_property,spaced_kmer_no_phase,spaced_kmer_phase,close_relative_target_binary,Candida,75,clean,nearest_centroid,,,,,0.0,0.0,0.0
phase_added_to_spaced_property,spaced_kmer_no_phase,spaced_kmer_phase,close_relative_target_binary,Candida,75,clean,logistic_regression,,,,,0.0,0.0,0.0
phase_added_to_spaced_property,spaced_kmer_no_phase,spaced_kmer_phase,close_relative_species,Enterobacter,75,clean,nearest_centroid,,,,,0.0,0.0,
phase_added_to_spaced_property,spaced_kmer_no_phase,spaced_kmer_phase,close_relative_species,Enterobacter,75,clean,logistic_regression,,,,,0.0,0.0,
phase_added_to_spaced_property,spaced_kmer_no_phase,spaced_kmer_phase,close_relative_target_binary,Enterobacter,75,clean,nearest_centroid,,,,,0.0,0.0,0.0
phase_added_to_spaced_property,spaced_kmer_no_phase,spaced_kmer_phase,close_relative_target_binary,Enterobacter,75,clean,logistic_regression,,,,,0.0,0.0,0.0
phase_added_to_spaced_property,spaced_kmer_no_phase,spaced_kmer_phase,close_relative_species,Escherichia,75,clean,nearest_centroid,,,,,0.0,0.0,0.0
phase_added_to_spaced_property,spaced_kmer_no_phase,spaced_kmer_phase,close_relative_species,Escherichia,75,clean,logistic_regression,,,,,0.0,0.0,0.0
phase_added_to_spaced_property,spaced_kmer_no_phase,spaced_kmer_phase,close_relative_target_binary,Escherichia,75,clean,nearest_centroid,,,,,0.0,0.0,0.0
phase_added_to_spaced_property,spaced_kmer_no_phase,spaced_kmer_phase,close_relative_target_binary,Escherichia,75,clean,logistic_regression,,,,,0.0,0.0,0.0
phase_added_to_spaced_property,spaced_kmer_no_phase,spaced_kmer_phase,close_relative_species,Klebsiella,75,clean,nearest_centroid,,,,,0.0,0.0,
phase_added_to_spaced_property,spaced_kmer_no_phase,spaced_kmer_phase,close_relative_species,Klebsiella,75,clean,logistic_regression,,,,,0.0,0.0,
phase_added_to_spaced_property,spaced_kmer_no_phase,spaced_kmer_phase,close_relative_target_binary,Klebsiella,75,clean,nearest_centroid,,,,,0.0,0.0,0.0
phase_added_to_spaced_property,spaced_kmer_no_phase,spaced_kmer_phase,close_relative_target_binary,Klebsiella,75,clean,logistic_regression,,,,,0.0,0.0,0.0
phase_added_to_spaced_property,spaced_kmer_no_phase,spaced_kmer_phase,close_relative_species,Acinetobacter,75,N_3pct,nearest_centroid,,,,,0.0,0.0,
phase_added_to_spaced_property,spaced_kmer_no_phase,spaced_kmer_phase,close_relative_species,Acinetobacter,75,N_3pct,logistic_regression,,,,,0.0,0.0,
phase_added_to_spaced_property,spaced_kmer_no_phase,spaced_kmer_phase,close_relative_species,Burkholderia,75,N_3pct,nearest_centroid,,,,,0.0,0.0,
phase_added_to_spaced_property,spaced_kmer_no_phase,spaced_kmer_phase,close_relative_species,Burkholderia,75,N_3pct,logistic_regression,,,,,0.0,0.0,
phase_added_to_spaced_property,spaced_kmer_no_phase,spaced_kmer_phase,close_relative_target_binary,Burkholderia,75,N_3pct,nearest_centroid,,,,,0.0,0.0,0.0
phase_added_to_spaced_property,spaced_kmer_no_phase,spaced_kmer_phase,close_relative_target_binary,Burkholderia,75,N_3pct,logistic_regression,,,,,0.0,0.0,0.0
phase_added_to_spaced_property,spaced_kmer_no_phase,spaced_kmer_phase,close_relative_species,Candida,75,N_3pct,nearest_centroid,,,,,0.0,0.0,
phase_added_to_spaced_property,spaced_kmer_no_phase,spaced_kmer_phase,close_relative_species,Candida,75,N_3pct,logistic_regression,,,,,0.0,0.0,
phase_added_to_spaced_property,spaced_kmer_no_phase,spaced_kmer_phase,close_relative_target_binary,Candida,75,N_3pct,nearest_centroid,,,,,0.0,0.0,0.0
phase_added_to_spaced_property,spaced_kmer_no_phase,spaced_kmer_phase,close_relative_target_binary,Candida,75,N_3pct,logistic_regression,,,,,0.0,0.0,0.0
phase_added_to_spaced_property,spaced_kmer_no_phase,spaced_kmer_phase,close_relative_species,Enterobacter,75,N_3pct,nearest_centroid,,,,,0.0,0.0,
phase_added_to_spaced_property,spaced_kmer_no_phase,spaced_kmer_phase,close_relative_species,Enterobacter,75,N_3pct,logistic_regression,,,,,0.0,0.0,
phase_added_to_spaced_property,spaced_kmer_no_phase,spaced_kmer_phase,close_relative_target_binary,Enterobacter,75,N_3pct,nearest_centroid,,,,,0.0,0.0,0.0
phase_added_to_spaced_property,spaced_kmer_no_phase,spaced_kmer_phase,close_relative_target_binary,Enterobacter,75,N_3pct,logistic_regression,,,,,0.0,0.0,0.0
phase_added_to_spaced_property,spaced_kmer_no_phase,spaced_kmer_phase,close_relative_species,Escherichia,75,N_3pct,nearest_centroid,,,,,0.0,0.0,0.0
phase_added_to_spaced_property,spaced_kmer_no_phase,spaced_kmer_phase,close_relative_species,Escherichia,75,N_3pct,logistic_regression,,,,,0.0,0.0,0.0
phase_added_to_spaced_property,spaced_kmer_no_phase,spaced_kmer_phase,close_relative_target_binary,Escherichia,75,N_3pct,nearest_centroid,,,,,0.0,0.0,0.0
phase_added_to_spaced_property,spaced_kmer_no_phase,spaced_kmer_phase,close_relative_target_binary,Escherichia,75,N_3pct,logistic_regression,,,,,0.0,0.0,0.0
phase_added_to_spaced_property,spaced_kmer_no_phase,spaced_kmer_phase,close_relative_species,Klebsiella,75,N_3pct,nearest_centroid,,,,,0.0,0.0,
phase_added_to_spaced_property,spaced_kmer_no_phase,spaced_kmer_phase,close_relative_species,Klebsiella,75,N_3pct,logistic_regression,,,,,0.0,0.0,
phase_added_to_spaced_property,spaced_kmer_no_phase,spaced_kmer_phase,close_relative_target_binary,Klebsiella,75,N_3pct,nearest_centroid,,,,,0.0,0.0,0.0
phase_added_to_spaced_property,spaced_kmer_no_phase,spaced_kmer_phase,close_relative_target_binary,Klebsiella,75,N_3pct,logistic_regression,,,,,0.0,0.0,0.0
phase_added_to_spaced_property,spaced_kmer_no_phase,spaced_kmer_phase,rc_consistency,,100,reverse_complement,,0.13541122997650346,0.16850514714109854,,,,,
phase_added_to_spaced_property,spaced_kmer_no_phase,spaced_kmer_phase,perturbation_stability,,100,N_3pct,,0.007535956876495553,0.009943847251079996,-0.04372947722145143,-0.05055858710126468,,,
phase_added_to_spaced_property,spaced_kmer_no_phase,spaced_kmer_phase,perturbation_stability,,100,substitution_1pct,,0.002744401316848055,0.008290187155653106,-0.020475387282472488,-0.045713226517699046,,,
phase_added_to_spaced_property,spaced_kmer_no_phase,spaced_kmer_phase,motif_position,toy_motif,100,clean,nearest_centroid,,,,,0.0,0.0,
phase_added_to_spaced_property,spaced_kmer_no_phase,spaced_kmer_phase,motif_position,toy_motif,100,clean,logistic_regression,,,,,0.0,0.0,
phase_added_to_spaced_property,spaced_kmer_no_phase,spaced_kmer_phase,motif_position,toy_motif,100,N_3pct,nearest_centroid,,,,,0.0,0.0,
phase_added_to_spaced_property,spaced_kmer_no_phase,spaced_kmer_phase,motif_position,toy_motif,100,N_3pct,logistic_regression,,,,,0.0,0.0,
phase_added_to_spaced_property,spaced_kmer_no_phase,spaced_kmer_phase,rc_consistency,close_relative_wgs,100,reverse_complement,,0.14205799565949984,0.17704856670413904,,,,,
phase_added_to_spaced_property,spaced_kmer_no_phase,spaced_kmer_phase,perturbation_stability,close_relative_wgs,100,N_3pct,,0.00670714081213053,0.009004510202064608,-0.04007038133812102,-0.04634242558656834,,,
phase_added_to_spaced_property,spaced_kmer_no_phase,spaced_kmer_phase,perturbation_stability,close_relative_wgs,100,substitution_1pct,,0.0024961378410056634,0.007803420395950944,-0.01881328285412849,-0.04297891411654617,,,
phase_added_to_spaced_property,spaced_kmer_no_phase,spaced_kmer_phase,close_relative_species,Acinetobacter,100,clean,nearest_centroid,,,,,0.0,0.0,
phase_added_to_spaced_property,spaced_kmer_no_phase,spaced_kmer_phase,close_relative_species,Acinetobacter,100,clean,logistic_regression,,,,,0.0,0.0,
phase_added_to_spaced_property,spaced_kmer_no_phase,spaced_kmer_phase,close_relative_species,Burkholderia,100,clean,nearest_centroid,,,,,0.0,0.0,
phase_added_to_spaced_property,spaced_kmer_no_phase,spaced_kmer_phase,close_relative_species,Burkholderia,100,clean,logistic_regression,,,,,0.0,0.0,
phase_added_to_spaced_property,spaced_kmer_no_phase,spaced_kmer_phase,close_relative_target_binary,Burkholderia,100,clean,nearest_centroid,,,,,0.0,0.0,0.0
phase_added_to_spaced_property,spaced_kmer_no_phase,spaced_kmer_phase,close_relative_target_binary,Burkholderia,100,clean,logistic_regression,,,,,0.0,0.0,0.0
phase_added_to_spaced_property,spaced_kmer_no_phase,spaced_kmer_phase,close_relative_species,Candida,100,clean,nearest_centroid,,,,,0.0,0.0,
phase_added_to_spaced_property,spaced_kmer_no_phase,spaced_kmer_phase,close_relative_species,Candida,100,clean,logistic_regression,,,,,0.0,0.0,
phase_added_to_spaced_property,spaced_kmer_no_phase,spaced_kmer_phase,close_relative_target_binary,Candida,100,clean,nearest_centroid,,,,,0.0,0.0,0.0
phase_added_to_spaced_property,spaced_kmer_no_phase,spaced_kmer_phase,close_relative_target_binary,Candida,100,clean,logistic_regression,,,,,0.0,0.0,0.0
phase_added_to_spaced_property,spaced_kmer_no_phase,spaced_kmer_phase,close_relative_species,Enterobacter,100,clean,nearest_centroid,,,,,0.0,0.0,
phase_added_to_spaced_property,spaced_kmer_no_phase,spaced_kmer_phase,close_relative_species,Enterobacter,100,clean,logistic_regression,,,,,0.0,0.0,
phase_added_to_spaced_property,spaced_kmer_no_phase,spaced_kmer_phase,close_relative_target_binary,Enterobacter,100,clean,nearest_centroid,,,,,0.0,0.0,0.0
phase_added_to_spaced_property,spaced_kmer_no_phase,spaced_kmer_phase,close_relative_target_binary,Enterobacter,100,clean,logistic_regression,,,,,0.0,0.0,0.0
phase_added_to_spaced_property,spaced_kmer_no_phase,spaced_kmer_phase,close_relative_species,Escherichia,100,clean,nearest_centroid,,,,,0.0,0.0,0.0
phase_added_to_spaced_property,spaced_kmer_no_phase,spaced_kmer_phase,close_relative_species,Escherichia,100,clean,logistic_regression,,,,,0.0,0.0,0.0
phase_added_to_spaced_property,spaced_kmer_no_phase,spaced_kmer_phase,close_relative_target_binary,Escherichia,100,clean,nearest_centroid,,,,,0.0,0.0,0.0
phase_added_to_spaced_property,spaced_kmer_no_phase,spaced_kmer_phase,close_relative_target_binary,Escherichia,100,clean,logistic_regression,,,,,0.0,0.0,0.0
phase_added_to_spaced_property,spaced_kmer_no_phase,spaced_kmer_phase,close_relative_species,Klebsiella,100,clean,nearest_centroid,,,,,0.0,0.0,
phase_added_to_spaced_property,spaced_kmer_no_phase,spaced_kmer_phase,close_relative_species,Klebsiella,100,clean,logistic_regression,,,,,0.0,0.0,
phase_added_to_spaced_property,spaced_kmer_no_phase,spaced_kmer_phase,close_relative_target_binary,Klebsiella,100,clean,nearest_centroid,,,,,0.0,0.0,0.0
phase_added_to_spaced_property,spaced_kmer_no_phase,spaced_kmer_phase,close_relative_target_binary,Klebsiella,100,clean,logistic_regression,,,,,0.0,0.0,0.0
phase_added_to_spaced_property,spaced_kmer_no_phase,spaced_kmer_phase,close_relative_species,Acinetobacter,100,N_3pct,nearest_centroid,,,,,0.0,0.0,
phase_added_to_spaced_property,spaced_kmer_no_phase,spaced_kmer_phase,close_relative_species,Acinetobacter,100,N_3pct,logistic_regression,,,,,0.0,0.0,
phase_added_to_spaced_property,spaced_kmer_no_phase,spaced_kmer_phase,close_relative_species,Burkholderia,100,N_3pct,nearest_centroid,,,,,0.0,0.0,
phase_added_to_spaced_property,spaced_kmer_no_phase,spaced_kmer_phase,close_relative_species,Burkholderia,100,N_3pct,logistic_regression,,,,,0.0,0.0,
phase_added_to_spaced_property,spaced_kmer_no_phase,spaced_kmer_phase,close_relative_target_binary,Burkholderia,100,N_3pct,nearest_centroid,,,,,0.0,0.0,0.0
phase_added_to_spaced_property,spaced_kmer_no_phase,spaced_kmer_phase,close_relative_target_binary,Burkholderia,100,N_3pct,logistic_regression,,,,,0.0,0.0,0.0
phase_added_to_spaced_property,spaced_kmer_no_phase,spaced_kmer_phase,close_relative_species,Candida,100,N_3pct,nearest_centroid,,,,,0.0,0.0,
phase_added_to_spaced_property,spaced_kmer_no_phase,spaced_kmer_phase,close_relative_species,Candida,100,N_3pct,logistic_regression,,,,,0.0,0.0,
phase_added_to_spaced_property,spaced_kmer_no_phase,spaced_kmer_phase,close_relative_target_binary,Candida,100,N_3pct,nearest_centroid,,,,,0.0,0.0,0.0
phase_added_to_spaced_property,spaced_kmer_no_phase,spaced_kmer_phase,close_relative_target_binary,Candida,100,N_3pct,logistic_regression,,,,,0.0,0.0,0.0
phase_added_to_spaced_property,spaced_kmer_no_phase,spaced_kmer_phase,close_relative_species,Enterobacter,100,N_3pct,nearest_centroid,,,,,0.0,0.0,
phase_added_to_spaced_property,spaced_kmer_no_phase,spaced_kmer_phase,close_relative_species,Enterobacter,100,N_3pct,logistic_regression,,,,,0.0,0.0,
phase_added_to_spaced_property,spaced_kmer_no_phase,spaced_kmer_phase,close_relative_target_binary,Enterobacter,100,N_3pct,nearest_centroid,,,,,0.0,0.0,0.0
phase_added_to_spaced_property,spaced_kmer_no_phase,spaced_kmer_phase,close_relative_target_binary,Enterobacter,100,N_3pct,logistic_regression,,,,,0.0,0.0,0.0
phase_added_to_spaced_property,spaced_kmer_no_phase,spaced_kmer_phase,close_relative_species,Escherichia,100,N_3pct,nearest_centroid,,,,,0.0,0.0,0.0
phase_added_to_spaced_property,spaced_kmer_no_phase,spaced_kmer_phase,close_relative_species,Escherichia,100,N_3pct,logistic_regression,,,,,0.0,0.0,0.0
phase_added_to_spaced_property,spaced_kmer_no_phase,spaced_kmer_phase,close_relative_target_binary,Escherichia,100,N_3pct,nearest_centroid,,,,,0.0,0.0,0.0
phase_added_to_spaced_property,spaced_kmer_no_phase,spaced_kmer_phase,close_relative_target_binary,Escherichia,100,N_3pct,logistic_regression,,,,,0.0,0.0,0.0
phase_added_to_spaced_property,spaced_kmer_no_phase,spaced_kmer_phase,close_relative_species,Klebsiella,100,N_3pct,nearest_centroid,,,,,0.0,0.0,
phase_added_to_spaced_property,spaced_kmer_no_phase,spaced_kmer_phase,close_relative_species,Klebsiella,100,N_3pct,logistic_regression,,,,,0.0,0.0,
phase_added_to_spaced_property,spaced_kmer_no_phase,spaced_kmer_phase,close_relative_target_binary,Klebsiella,100,N_3pct,nearest_centroid,,,,,0.0,0.0,0.0
phase_added_to_spaced_property,spaced_kmer_no_phase,spaced_kmer_phase,close_relative_target_binary,Klebsiella,100,N_3pct,logistic_regression,,,,,0.0,0.0,0.0
phase_added_to_spaced_property,spaced_kmer_no_phase,spaced_kmer_phase,rc_consistency,close_relative_wgs,125,reverse_complement,,0.14476130069596738,0.17715873382107739,,,,,
phase_added_to_spaced_property,spaced_kmer_no_phase,spaced_kmer_phase,perturbation_stability,close_relative_wgs,125,N_3pct,,0.007189084435860416,0.00949208792120404,-0.041482969770706424,-0.04807820967115056,,,
phase_added_to_spaced_property,spaced_kmer_no_phase,spaced_kmer_phase,perturbation_stability,close_relative_wgs,125,substitution_1pct,,0.0025499234978317853,0.0066347651122851126,-0.020365381439128638,-0.03949715240163784,,,
phase_added_to_spaced_property,spaced_kmer_no_phase,spaced_kmer_phase,close_relative_species,Acinetobacter,125,clean,nearest_centroid,,,,,0.0,0.0,
phase_added_to_spaced_property,spaced_kmer_no_phase,spaced_kmer_phase,close_relative_species,Acinetobacter,125,clean,logistic_regression,,,,,0.0,0.0,
phase_added_to_spaced_property,spaced_kmer_no_phase,spaced_kmer_phase,close_relative_species,Burkholderia,125,clean,nearest_centroid,,,,,0.0,0.0,
phase_added_to_spaced_property,spaced_kmer_no_phase,spaced_kmer_phase,close_relative_species,Burkholderia,125,clean,logistic_regression,,,,,0.0,0.0,
phase_added_to_spaced_property,spaced_kmer_no_phase,spaced_kmer_phase,close_relative_target_binary,Burkholderia,125,clean,nearest_centroid,,,,,0.0,0.0,0.0
phase_added_to_spaced_property,spaced_kmer_no_phase,spaced_kmer_phase,close_relative_target_binary,Burkholderia,125,clean,logistic_regression,,,,,0.0,0.0,0.0
phase_added_to_spaced_property,spaced_kmer_no_phase,spaced_kmer_phase,close_relative_species,Candida,125,clean,nearest_centroid,,,,,0.0,0.0,
phase_added_to_spaced_property,spaced_kmer_no_phase,spaced_kmer_phase,close_relative_species,Candida,125,clean,logistic_regression,,,,,0.0,0.0,
phase_added_to_spaced_property,spaced_kmer_no_phase,spaced_kmer_phase,close_relative_target_binary,Candida,125,clean,nearest_centroid,,,,,0.0,0.0,0.0
phase_added_to_spaced_property,spaced_kmer_no_phase,spaced_kmer_phase,close_relative_target_binary,Candida,125,clean,logistic_regression,,,,,0.0,0.0,0.0
phase_added_to_spaced_property,spaced_kmer_no_phase,spaced_kmer_phase,close_relative_species,Enterobacter,125,clean,nearest_centroid,,,,,0.0,0.0,
phase_added_to_spaced_property,spaced_kmer_no_phase,spaced_kmer_phase,close_relative_species,Enterobacter,125,clean,logistic_regression,,,,,0.0,0.0,
phase_added_to_spaced_property,spaced_kmer_no_phase,spaced_kmer_phase,close_relative_target_binary,Enterobacter,125,clean,nearest_centroid,,,,,0.0,0.0,0.0
phase_added_to_spaced_property,spaced_kmer_no_phase,spaced_kmer_phase,close_relative_target_binary,Enterobacter,125,clean,logistic_regression,,,,,0.0,0.0,0.0
phase_added_to_spaced_property,spaced_kmer_no_phase,spaced_kmer_phase,close_relative_species,Escherichia,125,clean,nearest_centroid,,,,,0.0,0.0,0.0
phase_added_to_spaced_property,spaced_kmer_no_phase,spaced_kmer_phase,close_relative_species,Escherichia,125,clean,logistic_regression,,,,,0.0,0.0,0.0
phase_added_to_spaced_property,spaced_kmer_no_phase,spaced_kmer_phase,close_relative_target_binary,Escherichia,125,clean,nearest_centroid,,,,,0.0,0.0,0.0
phase_added_to_spaced_property,spaced_kmer_no_phase,spaced_kmer_phase,close_relative_target_binary,Escherichia,125,clean,logistic_regression,,,,,0.0,0.0,0.0
phase_added_to_spaced_property,spaced_kmer_no_phase,spaced_kmer_phase,close_relative_species,Klebsiella,125,clean,nearest_centroid,,,,,0.0,0.0,
phase_added_to_spaced_property,spaced_kmer_no_phase,spaced_kmer_phase,close_relative_species,Klebsiella,125,clean,logistic_regression,,,,,0.0,0.0,
phase_added_to_spaced_property,spaced_kmer_no_phase,spaced_kmer_phase,close_relative_target_binary,Klebsiella,125,clean,nearest_centroid,,,,,0.0,0.0,0.0
phase_added_to_spaced_property,spaced_kmer_no_phase,spaced_kmer_phase,close_relative_target_binary,Klebsiella,125,clean,logistic_regression,,,,,0.0,0.0,0.0
phase_added_to_spaced_property,spaced_kmer_no_phase,spaced_kmer_phase,close_relative_species,Acinetobacter,125,N_3pct,nearest_centroid,,,,,0.0,0.0,
phase_added_to_spaced_property,spaced_kmer_no_phase,spaced_kmer_phase,close_relative_species,Acinetobacter,125,N_3pct,logistic_regression,,,,,0.0,0.0,
phase_added_to_spaced_property,spaced_kmer_no_phase,spaced_kmer_phase,close_relative_species,Burkholderia,125,N_3pct,nearest_centroid,,,,,0.0,0.0,
phase_added_to_spaced_property,spaced_kmer_no_phase,spaced_kmer_phase,close_relative_species,Burkholderia,125,N_3pct,logistic_regression,,,,,0.0,0.0,
phase_added_to_spaced_property,spaced_kmer_no_phase,spaced_kmer_phase,close_relative_target_binary,Burkholderia,125,N_3pct,nearest_centroid,,,,,0.0,0.0,0.0
phase_added_to_spaced_property,spaced_kmer_no_phase,spaced_kmer_phase,close_relative_target_binary,Burkholderia,125,N_3pct,logistic_regression,,,,,0.0,0.0,0.0
phase_added_to_spaced_property,spaced_kmer_no_phase,spaced_kmer_phase,close_relative_species,Candida,125,N_3pct,nearest_centroid,,,,,0.0,0.0,
phase_added_to_spaced_property,spaced_kmer_no_phase,spaced_kmer_phase,close_relative_species,Candida,125,N_3pct,logistic_regression,,,,,0.0,0.0,
phase_added_to_spaced_property,spaced_kmer_no_phase,spaced_kmer_phase,close_relative_target_binary,Candida,125,N_3pct,nearest_centroid,,,,,0.0,0.0,0.0
phase_added_to_spaced_property,spaced_kmer_no_phase,spaced_kmer_phase,close_relative_target_binary,Candida,125,N_3pct,logistic_regression,,,,,0.0,0.0,0.0
phase_added_to_spaced_property,spaced_kmer_no_phase,spaced_kmer_phase,close_relative_species,Enterobacter,125,N_3pct,nearest_centroid,,,,,0.0,0.0,
phase_added_to_spaced_property,spaced_kmer_no_phase,spaced_kmer_phase,close_relative_species,Enterobacter,125,N_3pct,logistic_regression,,,,,0.0,0.0,
phase_added_to_spaced_property,spaced_kmer_no_phase,spaced_kmer_phase,close_relative_target_binary,Enterobacter,125,N_3pct,nearest_centroid,,,,,0.0,0.0,0.0
phase_added_to_spaced_property,spaced_kmer_no_phase,spaced_kmer_phase,close_relative_target_binary,Enterobacter,125,N_3pct,logistic_regression,,,,,0.0,0.0,0.0
phase_added_to_spaced_property,spaced_kmer_no_phase,spaced_kmer_phase,close_relative_species,Escherichia,125,N_3pct,nearest_centroid,,,,,0.0,0.0,0.0
phase_added_to_spaced_property,spaced_kmer_no_phase,spaced_kmer_phase,close_relative_species,Escherichia,125,N_3pct,logistic_regression,,,,,0.0,0.0,0.0
phase_added_to_spaced_property,spaced_kmer_no_phase,spaced_kmer_phase,close_relative_target_binary,Escherichia,125,N_3pct,nearest_centroid,,,,,0.0,0.0,0.0
phase_added_to_spaced_property,spaced_kmer_no_phase,spaced_kmer_phase,close_relative_target_binary,Escherichia,125,N_3pct,logistic_regression,,,,,0.0,0.0,0.0
phase_added_to_spaced_property,spaced_kmer_no_phase,spaced_kmer_phase,close_relative_species,Klebsiella,125,N_3pct,nearest_centroid,,,,,0.0,0.0,
phase_added_to_spaced_property,spaced_kmer_no_phase,spaced_kmer_phase,close_relative_species,Klebsiella,125,N_3pct,logistic_regression,,,,,0.0,0.0,
phase_added_to_spaced_property,spaced_kmer_no_phase,spaced_kmer_phase,close_relative_target_binary,Klebsiella,125,N_3pct,nearest_centroid,,,,,0.0,0.0,0.0
phase_added_to_spaced_property,spaced_kmer_no_phase,spaced_kmer_phase,close_relative_target_binary,Klebsiella,125,N_3pct,logistic_regression,,,,,0.0,0.0,0.0
phase_added_to_spaced_property,spaced_kmer_no_phase,spaced_kmer_phase,rc_consistency,close_relative_wgs,150,reverse_complement,,0.143795605603809,0.1729796769595836,,,,,
phase_added_to_spaced_property,spaced_kmer_no_phase,spaced_kmer_phase,perturbation_stability,close_relative_wgs,150,N_3pct,,0.0059458880437408546,0.007690986497866259,-0.037797762599524415,-0.04311607254324337,,,
phase_added_to_spaced_property,spaced_kmer_no_phase,spaced_kmer_phase,perturbation_stability,close_relative_wgs,150,substitution_1pct,,0.002383529608334878,0.006357635587286303,-0.02025161209435876,-0.03937098478517151,,,
phase_added_to_spaced_property,spaced_kmer_no_phase,spaced_kmer_phase,close_relative_species,Acinetobacter,150,clean,nearest_centroid,,,,,0.0,0.0,
phase_added_to_spaced_property,spaced_kmer_no_phase,spaced_kmer_phase,close_relative_species,Acinetobacter,150,clean,logistic_regression,,,,,0.0,0.0,
phase_added_to_spaced_property,spaced_kmer_no_phase,spaced_kmer_phase,close_relative_species,Burkholderia,150,clean,nearest_centroid,,,,,0.0,0.0,
phase_added_to_spaced_property,spaced_kmer_no_phase,spaced_kmer_phase,close_relative_species,Burkholderia,150,clean,logistic_regression,,,,,0.0,0.0,
phase_added_to_spaced_property,spaced_kmer_no_phase,spaced_kmer_phase,close_relative_target_binary,Burkholderia,150,clean,nearest_centroid,,,,,0.0,0.0,0.0
phase_added_to_spaced_property,spaced_kmer_no_phase,spaced_kmer_phase,close_relative_target_binary,Burkholderia,150,clean,logistic_regression,,,,,0.0,0.0,0.0
phase_added_to_spaced_property,spaced_kmer_no_phase,spaced_kmer_phase,close_relative_species,Candida,150,clean,nearest_centroid,,,,,0.0,0.0,
phase_added_to_spaced_property,spaced_kmer_no_phase,spaced_kmer_phase,close_relative_species,Candida,150,clean,logistic_regression,,,,,0.0,0.0,
phase_added_to_spaced_property,spaced_kmer_no_phase,spaced_kmer_phase,close_relative_target_binary,Candida,150,clean,nearest_centroid,,,,,0.0,0.0,0.0
phase_added_to_spaced_property,spaced_kmer_no_phase,spaced_kmer_phase,close_relative_target_binary,Candida,150,clean,logistic_regression,,,,,0.0,0.0,0.0
phase_added_to_spaced_property,spaced_kmer_no_phase,spaced_kmer_phase,close_relative_species,Enterobacter,150,clean,nearest_centroid,,,,,0.0,0.0,
phase_added_to_spaced_property,spaced_kmer_no_phase,spaced_kmer_phase,close_relative_species,Enterobacter,150,clean,logistic_regression,,,,,0.0,0.0,
phase_added_to_spaced_property,spaced_kmer_no_phase,spaced_kmer_phase,close_relative_target_binary,Enterobacter,150,clean,nearest_centroid,,,,,0.0,0.0,0.0
phase_added_to_spaced_property,spaced_kmer_no_phase,spaced_kmer_phase,close_relative_target_binary,Enterobacter,150,clean,logistic_regression,,,,,0.0,0.0,0.0
phase_added_to_spaced_property,spaced_kmer_no_phase,spaced_kmer_phase,close_relative_species,Escherichia,150,clean,nearest_centroid,,,,,0.0,0.0,0.0
phase_added_to_spaced_property,spaced_kmer_no_phase,spaced_kmer_phase,close_relative_species,Escherichia,150,clean,logistic_regression,,,,,0.0,0.0,0.0
phase_added_to_spaced_property,spaced_kmer_no_phase,spaced_kmer_phase,close_relative_target_binary,Escherichia,150,clean,nearest_centroid,,,,,0.0,0.0,0.0
phase_added_to_spaced_property,spaced_kmer_no_phase,spaced_kmer_phase,close_relative_target_binary,Escherichia,150,clean,logistic_regression,,,,,0.0,0.0,0.0
phase_added_to_spaced_property,spaced_kmer_no_phase,spaced_kmer_phase,close_relative_species,Klebsiella,150,clean,nearest_centroid,,,,,0.0,0.0,
phase_added_to_spaced_property,spaced_kmer_no_phase,spaced_kmer_phase,close_relative_species,Klebsiella,150,clean,logistic_regression,,,,,0.0,0.0,
phase_added_to_spaced_property,spaced_kmer_no_phase,spaced_kmer_phase,close_relative_target_binary,Klebsiella,150,clean,nearest_centroid,,,,,0.0,0.0,0.0
phase_added_to_spaced_property,spaced_kmer_no_phase,spaced_kmer_phase,close_relative_target_binary,Klebsiella,150,clean,logistic_regression,,,,,0.0,0.0,0.0
phase_added_to_spaced_property,spaced_kmer_no_phase,spaced_kmer_phase,close_relative_species,Acinetobacter,150,N_3pct,nearest_centroid,,,,,0.0,0.0,
phase_added_to_spaced_property,spaced_kmer_no_phase,spaced_kmer_phase,close_relative_species,Acinetobacter,150,N_3pct,logistic_regression,,,,,0.0,0.0,
phase_added_to_spaced_property,spaced_kmer_no_phase,spaced_kmer_phase,close_relative_species,Burkholderia,150,N_3pct,nearest_centroid,,,,,0.0,0.0,
phase_added_to_spaced_property,spaced_kmer_no_phase,spaced_kmer_phase,close_relative_species,Burkholderia,150,N_3pct,logistic_regression,,,,,0.0,0.0,
phase_added_to_spaced_property,spaced_kmer_no_phase,spaced_kmer_phase,close_relative_target_binary,Burkholderia,150,N_3pct,nearest_centroid,,,,,0.0,0.0,0.0
phase_added_to_spaced_property,spaced_kmer_no_phase,spaced_kmer_phase,close_relative_target_binary,Burkholderia,150,N_3pct,logistic_regression,,,,,0.0,0.0,0.0
phase_added_to_spaced_property,spaced_kmer_no_phase,spaced_kmer_phase,close_relative_species,Candida,150,N_3pct,nearest_centroid,,,,,0.0,0.0,
phase_added_to_spaced_property,spaced_kmer_no_phase,spaced_kmer_phase,close_relative_species,Candida,150,N_3pct,logistic_regression,,,,,0.0,0.0,
phase_added_to_spaced_property,spaced_kmer_no_phase,spaced_kmer_phase,close_relative_target_binary,Candida,150,N_3pct,nearest_centroid,,,,,0.0,0.0,0.0
phase_added_to_spaced_property,spaced_kmer_no_phase,spaced_kmer_phase,close_relative_target_binary,Candida,150,N_3pct,logistic_regression,,,,,0.0,0.0,0.0
phase_added_to_spaced_property,spaced_kmer_no_phase,spaced_kmer_phase,close_relative_species,Enterobacter,150,N_3pct,nearest_centroid,,,,,0.0,0.0,
phase_added_to_spaced_property,spaced_kmer_no_phase,spaced_kmer_phase,close_relative_species,Enterobacter,150,N_3pct,logistic_regression,,,,,0.0,0.0,
phase_added_to_spaced_property,spaced_kmer_no_phase,spaced_kmer_phase,close_relative_target_binary,Enterobacter,150,N_3pct,nearest_centroid,,,,,0.0,0.0,0.0
phase_added_to_spaced_property,spaced_kmer_no_phase,spaced_kmer_phase,close_relative_target_binary,Enterobacter,150,N_3pct,logistic_regression,,,,,0.0,0.0,0.0
phase_added_to_spaced_property,spaced_kmer_no_phase,spaced_kmer_phase,close_relative_species,Escherichia,150,N_3pct,nearest_centroid,,,,,0.0,0.0,0.0
phase_added_to_spaced_property,spaced_kmer_no_phase,spaced_kmer_phase,close_relative_species,Escherichia,150,N_3pct,logistic_regression,,,,,0.0,0.0,0.0
phase_added_to_spaced_property,spaced_kmer_no_phase,spaced_kmer_phase,close_relative_target_binary,Escherichia,150,N_3pct,nearest_centroid,,,,,0.0,0.0,0.0
phase_added_to_spaced_property,spaced_kmer_no_phase,spaced_kmer_phase,close_relative_target_binary,Escherichia,150,N_3pct,logistic_regression,,,,,0.0,0.0,0.0
phase_added_to_spaced_property,spaced_kmer_no_phase,spaced_kmer_phase,close_relative_species,Klebsiella,150,N_3pct,nearest_centroid,,,,,0.0,0.0,
phase_added_to_spaced_property,spaced_kmer_no_phase,spaced_kmer_phase,close_relative_species,Klebsiella,150,N_3pct,logistic_regression,,,,,0.0,0.0,
phase_added_to_spaced_property,spaced_kmer_no_phase,spaced_kmer_phase,close_relative_target_binary,Klebsiella,150,N_3pct,nearest_centroid,,,,,0.0,0.0,0.0
phase_added_to_spaced_property,spaced_kmer_no_phase,spaced_kmer_phase,close_relative_target_binary,Klebsiella,150,N_3pct,logistic_regression,,,,,0.0,0.0,0.0
phase_added_to_spaced_property,spaced_kmer_no_phase,spaced_kmer_phase,rc_consistency,close_relative_wgs,300,reverse_complement,,0.14177542005624633,0.16254351580078674,,,,,
phase_added_to_spaced_property,spaced_kmer_no_phase,spaced_kmer_phase,perturbation_stability,close_relative_wgs,300,N_3pct,,0.006719715858163444,0.008173997491355722,-0.04027831409727686,-0.044698896384679915,,,
phase_added_to_spaced_property,spaced_kmer_no_phase,spaced_kmer_phase,perturbation_stability,close_relative_wgs,300,substitution_1pct,,0.0023301470295292726,0.005022556534238332,-0.022053840549646764,-0.03489108976875632,,,
phase_added_to_spaced_property,spaced_kmer_no_phase,spaced_kmer_phase,close_relative_species,Acinetobacter,300,clean,nearest_centroid,,,,,0.0,0.0,
phase_added_to_spaced_property,spaced_kmer_no_phase,spaced_kmer_phase,close_relative_species,Acinetobacter,300,clean,logistic_regression,,,,,0.0,0.0,
phase_added_to_spaced_property,spaced_kmer_no_phase,spaced_kmer_phase,close_relative_species,Burkholderia,300,clean,nearest_centroid,,,,,0.0,0.0,
phase_added_to_spaced_property,spaced_kmer_no_phase,spaced_kmer_phase,close_relative_species,Burkholderia,300,clean,logistic_regression,,,,,0.0,0.0,
phase_added_to_spaced_property,spaced_kmer_no_phase,spaced_kmer_phase,close_relative_target_binary,Burkholderia,300,clean,nearest_centroid,,,,,0.0,0.0,0.0
phase_added_to_spaced_property,spaced_kmer_no_phase,spaced_kmer_phase,close_relative_target_binary,Burkholderia,300,clean,logistic_regression,,,,,0.0,0.0,0.0
phase_added_to_spaced_property,spaced_kmer_no_phase,spaced_kmer_phase,close_relative_species,Candida,300,clean,nearest_centroid,,,,,0.0,0.0,
phase_added_to_spaced_property,spaced_kmer_no_phase,spaced_kmer_phase,close_relative_species,Candida,300,clean,logistic_regression,,,,,0.0,0.0,
phase_added_to_spaced_property,spaced_kmer_no_phase,spaced_kmer_phase,close_relative_target_binary,Candida,300,clean,nearest_centroid,,,,,0.0,0.0,0.0
phase_added_to_spaced_property,spaced_kmer_no_phase,spaced_kmer_phase,close_relative_target_binary,Candida,300,clean,logistic_regression,,,,,0.0,0.0,0.0
phase_added_to_spaced_property,spaced_kmer_no_phase,spaced_kmer_phase,close_relative_species,Enterobacter,300,clean,nearest_centroid,,,,,0.0,0.0,
phase_added_to_spaced_property,spaced_kmer_no_phase,spaced_kmer_phase,close_relative_species,Enterobacter,300,clean,logistic_regression,,,,,0.0,0.0,
phase_added_to_spaced_property,spaced_kmer_no_phase,spaced_kmer_phase,close_relative_target_binary,Enterobacter,300,clean,nearest_centroid,,,,,0.0,0.0,0.0
phase_added_to_spaced_property,spaced_kmer_no_phase,spaced_kmer_phase,close_relative_target_binary,Enterobacter,300,clean,logistic_regression,,,,,0.0,0.0,0.0
phase_added_to_spaced_property,spaced_kmer_no_phase,spaced_kmer_phase,close_relative_species,Escherichia,300,clean,nearest_centroid,,,,,0.0,0.0,0.0
phase_added_to_spaced_property,spaced_kmer_no_phase,spaced_kmer_phase,close_relative_species,Escherichia,300,clean,logistic_regression,,,,,0.0,0.0,0.0
phase_added_to_spaced_property,spaced_kmer_no_phase,spaced_kmer_phase,close_relative_target_binary,Escherichia,300,clean,nearest_centroid,,,,,0.0,0.0,0.0
phase_added_to_spaced_property,spaced_kmer_no_phase,spaced_kmer_phase,close_relative_target_binary,Escherichia,300,clean,logistic_regression,,,,,0.0,0.0,0.0
phase_added_to_spaced_property,spaced_kmer_no_phase,spaced_kmer_phase,close_relative_species,Klebsiella,300,clean,nearest_centroid,,,,,0.0,0.0,
phase_added_to_spaced_property,spaced_kmer_no_phase,spaced_kmer_phase,close_relative_species,Klebsiella,300,clean,logistic_regression,,,,,0.0,0.0,
phase_added_to_spaced_property,spaced_kmer_no_phase,spaced_kmer_phase,close_relative_target_binary,Klebsiella,300,clean,nearest_centroid,,,,,0.0,0.0,0.0
phase_added_to_spaced_property,spaced_kmer_no_phase,spaced_kmer_phase,close_relative_target_binary,Klebsiella,300,clean,logistic_regression,,,,,0.0,0.0,0.0
phase_added_to_spaced_property,spaced_kmer_no_phase,spaced_kmer_phase,close_relative_species,Acinetobacter,300,N_3pct,nearest_centroid,,,,,0.0,0.0,
phase_added_to_spaced_property,spaced_kmer_no_phase,spaced_kmer_phase,close_relative_species,Acinetobacter,300,N_3pct,logistic_regression,,,,,0.0,0.0,
phase_added_to_spaced_property,spaced_kmer_no_phase,spaced_kmer_phase,close_relative_species,Burkholderia,300,N_3pct,nearest_centroid,,,,,0.0,0.0,
phase_added_to_spaced_property,spaced_kmer_no_phase,spaced_kmer_phase,close_relative_species,Burkholderia,300,N_3pct,logistic_regression,,,,,0.0,0.0,
phase_added_to_spaced_property,spaced_kmer_no_phase,spaced_kmer_phase,close_relative_target_binary,Burkholderia,300,N_3pct,nearest_centroid,,,,,0.0,0.0,0.0
phase_added_to_spaced_property,spaced_kmer_no_phase,spaced_kmer_phase,close_relative_target_binary,Burkholderia,300,N_3pct,logistic_regression,,,,,0.0,0.0,0.0
phase_added_to_spaced_property,spaced_kmer_no_phase,spaced_kmer_phase,close_relative_species,Candida,300,N_3pct,nearest_centroid,,,,,0.0,0.0,
phase_added_to_spaced_property,spaced_kmer_no_phase,spaced_kmer_phase,close_relative_species,Candida,300,N_3pct,logistic_regression,,,,,0.0,0.0,
phase_added_to_spaced_property,spaced_kmer_no_phase,spaced_kmer_phase,close_relative_target_binary,Candida,300,N_3pct,nearest_centroid,,,,,0.0,0.0,0.0
phase_added_to_spaced_property,spaced_kmer_no_phase,spaced_kmer_phase,close_relative_target_binary,Candida,300,N_3pct,logistic_regression,,,,,0.0,0.0,0.0
phase_added_to_spaced_property,spaced_kmer_no_phase,spaced_kmer_phase,close_relative_species,Enterobacter,300,N_3pct,nearest_centroid,,,,,0.0,0.0,
phase_added_to_spaced_property,spaced_kmer_no_phase,spaced_kmer_phase,close_relative_species,Enterobacter,300,N_3pct,logistic_regression,,,,,0.0,0.0,
phase_added_to_spaced_property,spaced_kmer_no_phase,spaced_kmer_phase,close_relative_target_binary,Enterobacter,300,N_3pct,nearest_centroid,,,,,0.0,0.0,0.0
phase_added_to_spaced_property,spaced_kmer_no_phase,spaced_kmer_phase,close_relative_target_binary,Enterobacter,300,N_3pct,logistic_regression,,,,,0.0,0.0,0.0
phase_added_to_spaced_property,spaced_kmer_no_phase,spaced_kmer_phase,close_relative_species,Escherichia,300,N_3pct,nearest_centroid,,,,,0.0,0.0,0.0
phase_added_to_spaced_property,spaced_kmer_no_phase,spaced_kmer_phase,close_relative_species,Escherichia,300,N_3pct,logistic_regression,,,,,0.0,0.0,0.0
phase_added_to_spaced_property,spaced_kmer_no_phase,spaced_kmer_phase,close_relative_target_binary,Escherichia,300,N_3pct,nearest_centroid,,,,,0.0,0.0,0.0
phase_added_to_spaced_property,spaced_kmer_no_phase,spaced_kmer_phase,close_relative_target_binary,Escherichia,300,N_3pct,logistic_regression,,,,,0.0,0.0,0.0
phase_added_to_spaced_property,spaced_kmer_no_phase,spaced_kmer_phase,close_relative_species,Klebsiella,300,N_3pct,nearest_centroid,,,,,0.0,0.0,
phase_added_to_spaced_property,spaced_kmer_no_phase,spaced_kmer_phase,close_relative_species,Klebsiella,300,N_3pct,logistic_regression,,,,,0.0,0.0,
phase_added_to_spaced_property,spaced_kmer_no_phase,spaced_kmer_phase,close_relative_target_binary,Klebsiella,300,N_3pct,nearest_centroid,,,,,0.0,0.0,0.0
phase_added_to_spaced_property,spaced_kmer_no_phase,spaced_kmer_phase,close_relative_target_binary,Klebsiella,300,N_3pct,logistic_regression,,,,,0.0,0.0,0.0
rope_property_vs_rope_onehot,rope_onehot,rope_property,rc_consistency,,75,reverse_complement,,0.17462313901705012,0.19795225873734107,,,,,
rope_property_vs_rope_onehot,rope_onehot,rope_property,perturbation_stability,,75,N_3pct,,0.0014848277912550278,-0.0005859718554724891,-0.007125120214157121,0.0024743117876318277,,,
rope_property_vs_rope_onehot,rope_onehot,rope_property,perturbation_stability,,75,substitution_1pct,,0.0023273401041672415,0.006709542122701362,-0.01286680895719651,-0.029981744858632198,,,
rope_property_vs_rope_onehot,rope_onehot,rope_property,motif_position,toy_motif,75,clean,nearest_centroid,,,,,0.013888888888888895,0.014729002917849232,
rope_property_vs_rope_onehot,rope_onehot,rope_property,motif_position,toy_motif,75,clean,logistic_regression,,,,,0.02777777777777779,0.029178307901712053,
rope_property_vs_rope_onehot,rope_onehot,rope_property,motif_position,toy_motif,75,N_3pct,nearest_centroid,,,,,0.0,-0.0019708592656921264,
rope_property_vs_rope_onehot,rope_onehot,rope_property,motif_position,toy_motif,75,N_3pct,logistic_regression,,,,,0.01388888888888884,0.013961119446236736,
rope_property_vs_rope_onehot,rope_onehot,rope_property,rc_consistency,close_relative_wgs,75,reverse_complement,,0.1695711191135228,0.18468046722550918,,,,,
rope_property_vs_rope_onehot,rope_onehot,rope_property,perturbation_stability,close_relative_wgs,75,N_3pct,,0.00174321655205123,-0.0011991831866151603,-0.00844074579620449,0.005003847843818937,,,
rope_property_vs_rope_onehot,rope_onehot,rope_property,perturbation_stability,close_relative_wgs,75,substitution_1pct,,0.0022695071757145024,0.005126562421620684,-0.0125390730259997,-0.022567304516991626,,,
rope_property_vs_rope_onehot,rope_onehot,rope_property,close_relative_species,Acinetobacter,75,clean,nearest_centroid,,,,,-0.02777777777777779,-0.02436594202898551,
rope_property_vs_rope_onehot,rope_onehot,rope_property,close_relative_species,Acinetobacter,75,clean,logistic_regression,,,,,0.027777777777777762,0.01568130150610969,
rope_property_vs_rope_onehot,rope_onehot,rope_property,close_relative_species,Burkholderia,75,clean,nearest_centroid,,,,,0.037037037037037035,0.026526105473473893,
rope_property_vs_rope_onehot,rope_onehot,rope_property,close_relative_species,Burkholderia,75,clean,logistic_regression,,,,,0.07407407407407407,0.07660455486542436,
rope_property_vs_rope_onehot,rope_onehot,rope_property,close_relative_target_binary,Burkholderia,75,clean,nearest_centroid,,,,,0.03703703703703709,0.051348960636886376,0.030864197530864335
rope_property_vs_rope_onehot,rope_onehot,rope_property,close_relative_target_binary,Burkholderia,75,clean,logistic_regression,,,,,0.03703703703703709,0.0025375939849624496,0.04938271604938271
rope_property_vs_rope_onehot,rope_onehot,rope_property,close_relative_species,Candida,75,clean,nearest_centroid,,,,,0.08333333333333337,0.08060860707919534,
rope_property_vs_rope_onehot,rope_onehot,rope_property,close_relative_species,Candida,75,clean,logistic_regression,,,,,-0.02777777777777779,-0.030050616737923225,
rope_property_vs_rope_onehot,rope_onehot,rope_property,close_relative_target_binary,Candida,75,clean,nearest_centroid,,,,,-0.037037037037037035,-0.025553857906799093,-0.0987654320987654
rope_property_vs_rope_onehot,rope_onehot,rope_property,close_relative_target_binary,Candida,75,clean,logistic_regression,,,,,-0.1111111111111111,-0.10801920341394022,-0.04938271604938277
rope_property_vs_rope_onehot,rope_onehot,rope_property,close_relative_species,Enterobacter,75,clean,nearest_centroid,,,,,-0.022222222222222227,-0.02039215686274512,
rope_property_vs_rope_onehot,rope_onehot,rope_property,close_relative_species,Enterobacter,75,clean,logistic_regression,,,,,-0.044444444444444425,-0.04757309941520471,
rope_property_vs_rope_onehot,rope_onehot,rope_property,close_relative_target_binary,Enterobacter,75,clean,nearest_centroid,,,,,0.03703703703703709,0.02150897882605196,-0.0586419753086419
rope_property_vs_rope_onehot,rope_onehot,rope_property,close_relative_target_binary,Enterobacter,75,clean,logistic_regression,,,,,0.03703703703703698,0.02134816403109091,-0.0432098765432099
rope_property_vs_rope_onehot,rope_onehot,rope_property,close_relative_species,Escherichia,75,clean,nearest_centroid,,,,,0.05555555555555558,0.05400756793945649,0.012345679012345734
rope_property_vs_rope_onehot,rope_onehot,rope_property,close_relative_species,Escherichia,75,clean,logistic_regression,,,,,-0.11111111111111116,-0.11111111111111116,0.012345679012345623
rope_property_vs_rope_onehot,rope_onehot,rope_property,close_relative_target_binary,Escherichia,75,clean,nearest_centroid,,,,,-0.05555555555555547,-0.04640468227424743,0.061728395061728336
rope_property_vs_rope_onehot,rope_onehot,rope_property,close_relative_target_binary,Escherichia,75,clean,logistic_regression,,,,,0.0,0.0,0.09876543209876543
rope_property_vs_rope_onehot,rope_onehot,rope_property,close_relative_species,Klebsiella,75,clean,nearest_centroid,,,,,0.0,-0.004572296754959293,
rope_property_vs_rope_onehot,rope_onehot,rope_property,close_relative_species,Klebsiella,75,clean,logistic_regression,,,,,0.07407407407407407,0.0723544973544974,
rope_property_vs_rope_onehot,rope_onehot,rope_property,close_relative_target_binary,Klebsiella,75,clean,nearest_centroid,,,,,-0.07407407407407407,-0.043560606060605966,0.012345679012345734
rope_property_vs_rope_onehot,rope_onehot,rope_property,close_relative_target_binary,Klebsiella,75,clean,logistic_regression,,,,,0.03703703703703709,0.02809911304493351,0.018518518518518545
rope_property_vs_rope_onehot,rope_onehot,rope_property,close_relative_species,Acinetobacter,75,N_3pct,nearest_centroid,,,,,-0.02777777777777779,-0.023486747170957695,
rope_property_vs_rope_onehot,rope_onehot,rope_property,close_relative_species,Acinetobacter,75,N_3pct,logistic_regression,,,,,0.05555555555555558,0.04941059757236227,
rope_property_vs_rope_onehot,rope_onehot,rope_property,close_relative_species,Burkholderia,75,N_3pct,nearest_centroid,,,,,0.07407407407407407,0.06861851598693708,
rope_property_vs_rope_onehot,rope_onehot,rope_property,close_relative_species,Burkholderia,75,N_3pct,logistic_regression,,,,,0.1111111111111111,0.12751322751322747,
rope_property_vs_rope_onehot,rope_onehot,rope_property,close_relative_target_binary,Burkholderia,75,N_3pct,nearest_centroid,,,,,0.037037037037037035,0.025304716481187095,0.03395061728395066
rope_property_vs_rope_onehot,rope_onehot,rope_property,close_relative_target_binary,Burkholderia,75,N_3pct,logistic_regression,,,,,0.0,-0.032894736842105254,0.03703703703703709
rope_property_vs_rope_onehot,rope_onehot,rope_property,close_relative_species,Candida,75,N_3pct,nearest_centroid,,,,,-0.027777777777777762,-0.040794295667091446,
rope_property_vs_rope_onehot,rope_onehot,rope_property,close_relative_species,Candida,75,N_3pct,logistic_regression,,,,,0.08333333333333337,0.09336219336219342,
rope_property_vs_rope_onehot,rope_onehot,rope_property,close_relative_target_binary,Candida,75,N_3pct,nearest_centroid,,,,,-0.037037037037037035,-0.022787493375728662,0.015432098765432112
rope_property_vs_rope_onehot,rope_onehot,rope_property,close_relative_target_binary,Candida,75,N_3pct,logistic_regression,,,,,-0.037037037037037035,-0.0705971659919028,-5.551115123125783e-17
rope_property_vs_rope_onehot,rope_onehot,rope_property,close_relative_species,Enterobacter,75,N_3pct,nearest_centroid,,,,,-0.06666666666666668,-0.07785714285714286,
rope_property_vs_rope_onehot,rope_onehot,rope_property,close_relative_species,Enterobacter,75,N_3pct,logistic_regression,,,,,-0.06666666666666668,-0.07186274509803925,
rope_property_vs_rope_onehot,rope_onehot,rope_property,close_relative_target_binary,Enterobacter,75,N_3pct,nearest_centroid,,,,,0.03703703703703698,0.02134816403109091,-0.061728395061728225
rope_property_vs_rope_onehot,rope_onehot,rope_property,close_relative_target_binary,Enterobacter,75,N_3pct,logistic_regression,,,,,0.03703703703703709,0.02150897882605196,-0.10493827160493824
rope_property_vs_rope_onehot,rope_onehot,rope_property,close_relative_species,Escherichia,75,N_3pct,nearest_centroid,,,,,0.11111111111111116,0.11428571428571427,-0.0432098765432099
rope_property_vs_rope_onehot,rope_onehot,rope_property,close_relative_species,Escherichia,75,N_3pct,logistic_regression,,,,,0.05555555555555558,0.04821428571428571,-0.03703703703703709
rope_property_vs_rope_onehot,rope_onehot,rope_property,close_relative_target_binary,Escherichia,75,N_3pct,nearest_centroid,,,,,0.0,0.024350649350649345,0.043209876543209846
rope_property_vs_rope_onehot,rope_onehot,rope_property,close_relative_target_binary,Escherichia,75,N_3pct,logistic_regression,,,,,-0.05555555555555558,-0.06493506493506485,0.0
rope_property_vs_rope_onehot,rope_onehot,rope_property,close_relative_species,Klebsiella,75,N_3pct,nearest_centroid,,,,,-0.037037037037037035,-0.03316706799678931,
rope_property_vs_rope_onehot,rope_onehot,rope_property,close_relative_species,Klebsiella,75,N_3pct,logistic_regression,,,,,0.037037037037037035,0.033244467377594344,
rope_property_vs_rope_onehot,rope_onehot,rope_property,close_relative_target_binary,Klebsiella,75,N_3pct,nearest_centroid,,,,,0.0,0.014764183185235868,-0.006172839506172867
rope_property_vs_rope_onehot,rope_onehot,rope_property,close_relative_target_binary,Klebsiella,75,N_3pct,logistic_regression,,,,,0.03703703703703698,0.028694331983805665,0.03703703703703698
rope_property_vs_rope_onehot,rope_onehot,rope_property,rc_consistency,,100,reverse_complement,,0.1752302078531781,0.20156961148960345,,,,,
rope_property_vs_rope_onehot,rope_onehot,rope_property,perturbation_stability,,100,N_3pct,,0.001706586635831786,6.284628336516995e-05,-0.007562021937484065,-0.000251992972583992,,,
rope_property_vs_rope_onehot,rope_onehot,rope_property,perturbation_stability,,100,substitution_1pct,,0.0023439211602264143,0.007465855559850576,-0.014056210036407807,-0.03253381086202567,,,
rope_property_vs_rope_onehot,rope_onehot,rope_property,motif_position,toy_motif,100,clean,nearest_centroid,,,,,0.0,-0.006091364040505198,
rope_property_vs_rope_onehot,rope_onehot,rope_property,motif_position,toy_motif,100,clean,logistic_regression,,,,,0.041666666666666685,0.04068567733164008,
rope_property_vs_rope_onehot,rope_onehot,rope_property,motif_position,toy_motif,100,N_3pct,nearest_centroid,,,,,-0.01388888888888884,-0.014452268443174432,
rope_property_vs_rope_onehot,rope_onehot,rope_property,motif_position,toy_motif,100,N_3pct,logistic_regression,,,,,0.04166666666666663,0.03837208291943012,
rope_property_vs_rope_onehot,rope_onehot,rope_property,rc_consistency,close_relative_wgs,100,reverse_complement,,0.16721600514297152,0.17544041638768995,,,,,
rope_property_vs_rope_onehot,rope_onehot,rope_property,perturbation_stability,close_relative_wgs,100,N_3pct,,0.001759794135647419,-0.0009338856890761527,-0.00787678135730338,0.0037095707485337026,,,
rope_property_vs_rope_onehot,rope_onehot,rope_property,perturbation_stability,close_relative_wgs,100,substitution_1pct,,0.002314773194372899,0.007119007154207768,-0.01360796509019499,-0.03104139186013169,,,
rope_property_vs_rope_onehot,rope_onehot,rope_property,close_relative_species,Acinetobacter,100,clean,nearest_centroid,,,,,0.02777777777777779,0.024510138983823204,
rope_property_vs_rope_onehot,rope_onehot,rope_property,close_relative_species,Acinetobacter,100,clean,logistic_regression,,,,,-0.02777777777777779,-0.019992236024844734,
rope_property_vs_rope_onehot,rope_onehot,rope_property,close_relative_species,Burkholderia,100,clean,nearest_centroid,,,,,-0.07407407407407407,-0.09002849002849,
rope_property_vs_rope_onehot,rope_onehot,rope_property,close_relative_species,Burkholderia,100,clean,logistic_regression,,,,,-0.1111111111111111,-0.12267269480891768,
rope_property_vs_rope_onehot,rope_onehot,rope_property,close_relative_target_binary,Burkholderia,100,clean,nearest_centroid,,,,,0.0,0.0,-0.09876543209876543
rope_property_vs_rope_onehot,rope_onehot,rope_property,close_relative_target_binary,Burkholderia,100,clean,logistic_regression,,,,,0.07407407407407407,0.03062960862166758,-0.03703703703703698
rope_property_vs_rope_onehot,rope_onehot,rope_property,close_relative_species,Candida,100,clean,nearest_centroid,,,,,0.027777777777777762,0.022743060715028685,
rope_property_vs_rope_onehot,rope_onehot,rope_property,close_relative_species,Candida,100,clean,logistic_regression,,,,,0.0,-0.006113769271664016,
rope_property_vs_rope_onehot,rope_onehot,rope_property,close_relative_target_binary,Candida,100,clean,nearest_centroid,,,,,0.0,0.0,0.018518518518518545
rope_property_vs_rope_onehot,rope_onehot,rope_property,close_relative_target_binary,Candida,100,clean,logistic_regression,,,,,0.0,0.0,0.0432098765432099
rope_property_vs_rope_onehot,rope_onehot,rope_property,close_relative_species,Enterobacter,100,clean,nearest_centroid,,,,,0.0,0.003638508034792848,
rope_property_vs_rope_onehot,rope_onehot,rope_property,close_relative_species,Enterobacter,100,clean,logistic_regression,,,,,0.022222222222222227,0.02224802201582382,
rope_property_vs_rope_onehot,rope_onehot,rope_property,close_relative_target_binary,Enterobacter,100,clean,nearest_centroid,,,,,-0.07407407407407407,-0.08881578947368424,0.030864197530864335
rope_property_vs_rope_onehot,rope_onehot,rope_property,close_relative_target_binary,Enterobacter,100,clean,logistic_regression,,,,,-0.07407407407407407,-0.061403508771929904,0.0
rope_property_vs_rope_onehot,rope_onehot,rope_property,close_relative_species,Escherichia,100,clean,nearest_centroid,,,,,0.0,0.0,-0.03703703703703709
rope_property_vs_rope_onehot,rope_onehot,rope_property,close_relative_species,Escherichia,100,clean,logistic_regression,,,,,0.0,0.0,5.551115123125783e-17
rope_property_vs_rope_onehot,rope_onehot,rope_property,close_relative_target_binary,Escherichia,100,clean,nearest_centroid,,,,,-0.05555555555555558,-0.04260956434869484,0.0
rope_property_vs_rope_onehot,rope_onehot,rope_property,close_relative_target_binary,Escherichia,100,clean,logistic_regression,,,,,0.0,-0.00694444444444442,1.1102230246251565e-16
rope_property_vs_rope_onehot,rope_onehot,rope_property,close_relative_species,Klebsiella,100,clean,nearest_centroid,,,,,0.0,0.0025315814789499402,
rope_property_vs_rope_onehot,rope_onehot,rope_property,close_relative_species,Klebsiella,100,clean,logistic_regression,,,,,0.07407407407407407,0.057137942896456795,
rope_property_vs_rope_onehot,rope_onehot,rope_property,close_relative_target_binary,Klebsiella,100,clean,nearest_centroid,,,,,-0.03703703703703698,-0.02520242914979759,0.037037037037037035
rope_property_vs_rope_onehot,rope_onehot,rope_property,close_relative_target_binary,Klebsiella,100,clean,logistic_regression,,,,,0.0,0.0532894736842105,0.0432098765432099
rope_property_vs_rope_onehot,rope_onehot,rope_property,close_relative_species,Acinetobacter,100,N_3pct,nearest_centroid,,,,,0.05555555555555558,0.06170634920634921,
rope_property_vs_rope_onehot,rope_onehot,rope_property,close_relative_species,Acinetobacter,100,N_3pct,logistic_regression,,,,,-0.08333333333333334,-0.07858065953654189,
rope_property_vs_rope_onehot,rope_onehot,rope_property,close_relative_species,Burkholderia,100,N_3pct,nearest_centroid,,,,,0.07407407407407407,0.06516582832372303,
rope_property_vs_rope_onehot,rope_onehot,rope_property,close_relative_species,Burkholderia,100,N_3pct,logistic_regression,,,,,-0.07407407407407407,-0.09192211297474445,
rope_property_vs_rope_onehot,rope_onehot,rope_property,close_relative_target_binary,Burkholderia,100,N_3pct,nearest_centroid,,,,,0.0,0.0,-0.08024691358024683
rope_property_vs_rope_onehot,rope_onehot,rope_property,close_relative_target_binary,Burkholderia,100,N_3pct,logistic_regression,,,,,0.03703703703703709,0.014270613107822405,-0.061728395061728336
rope_property_vs_rope_onehot,rope_onehot,rope_property,close_relative_species,Candida,100,N_3pct,nearest_centroid,,,,,0.02777777777777779,0.016119552961658234,
rope_property_vs_rope_onehot,rope_onehot,rope_property,close_relative_species,Candida,100,N_3pct,logistic_regression,,,,,-0.02777777777777779,-0.030735930735930728,
rope_property_vs_rope_onehot,rope_onehot,rope_property,close_relative_target_binary,Candida,100,N_3pct,nearest_centroid,,,,,0.037037037037037035,0.016463414634146356,0.0092592592592593
rope_property_vs_rope_onehot,rope_onehot,rope_property,close_relative_target_binary,Candida,100,N_3pct,logistic_regression,,,,,0.03703703703703709,0.021428571428571408,0.024691358024691357
rope_property_vs_rope_onehot,rope_onehot,rope_property,close_relative_species,Enterobacter,100,N_3pct,nearest_centroid,,,,,0.1111111111111111,0.10657501597130081,
rope_property_vs_rope_onehot,rope_onehot,rope_property,close_relative_species,Enterobacter,100,N_3pct,logistic_regression,,,,,-0.08888888888888889,-0.08799965600275195,
rope_property_vs_rope_onehot,rope_onehot,rope_property,close_relative_target_binary,Enterobacter,100,N_3pct,nearest_centroid,,,,,0.0,0.0,-0.0246913580246913
rope_property_vs_rope_onehot,rope_onehot,rope_property,close_relative_target_binary,Enterobacter,100,N_3pct,logistic_regression,,,,,0.0,0.0,-0.08024691358024694
rope_property_vs_rope_onehot,rope_onehot,rope_property,close_relative_species,Escherichia,100,N_3pct,nearest_centroid,,,,,-0.1111111111111111,-0.1387987012987013,-0.043209876543209846
rope_property_vs_rope_onehot,rope_onehot,rope_property,close_relative_species,Escherichia,100,N_3pct,logistic_regression,,,,,-0.055555555555555525,-0.05744754041967659,-0.024691358024691357
rope_property_vs_rope_onehot,rope_onehot,rope_property,close_relative_target_binary,Escherichia,100,N_3pct,nearest_centroid,,,,,0.05555555555555558,0.09180602006688965,-0.07407407407407401
rope_property_vs_rope_onehot,rope_onehot,rope_property,close_relative_target_binary,Escherichia,100,N_3pct,logistic_regression,,,,,0.0,-0.021915584415584444,-0.012345679012345734
rope_property_vs_rope_onehot,rope_onehot,rope_property,close_relative_species,Klebsiella,100,N_3pct,nearest_centroid,,,,,0.0,0.0,
rope_property_vs_rope_onehot,rope_onehot,rope_property,close_relative_species,Klebsiella,100,N_3pct,logistic_regression,,,,,0.07407407407407407,0.057362844127549995,
rope_property_vs_rope_onehot,rope_onehot,rope_property,close_relative_target_binary,Klebsiella,100,N_3pct,nearest_centroid,,,,,-0.03703703703703709,-0.021428571428571408,0.1049382716049383
rope_property_vs_rope_onehot,rope_onehot,rope_property,close_relative_target_binary,Klebsiella,100,N_3pct,logistic_regression,,,,,0.07407407407407407,0.08881578947368418,0.07407407407407413
rope_property_vs_rope_onehot,rope_onehot,rope_property,rc_consistency,close_relative_wgs,125,reverse_complement,,0.16840536562150132,0.17569809154534988,,,,,
rope_property_vs_rope_onehot,rope_onehot,rope_property,perturbation_stability,close_relative_wgs,125,N_3pct,,0.001814047771945826,-0.0007141534651805559,-0.0077855140360848785,0.0027712292159076113,,,
rope_property_vs_rope_onehot,rope_onehot,rope_property,perturbation_stability,close_relative_wgs,125,substitution_1pct,,0.0023368377578403265,0.004900859125992363,-0.014577624029346578,-0.02300165120932235,,,
rope_property_vs_rope_onehot,rope_onehot,rope_property,close_relative_species,Acinetobacter,125,clean,nearest_centroid,,,,,0.0,0.013649528930858856,
rope_property_vs_rope_onehot,rope_onehot,rope_property,close_relative_species,Acinetobacter,125,clean,logistic_regression,,,,,0.02777777777777779,0.024460724460724392,
rope_property_vs_rope_onehot,rope_onehot,rope_property,close_relative_species,Burkholderia,125,clean,nearest_centroid,,,,,-0.07407407407407407,-0.06865356865356864,
rope_property_vs_rope_onehot,rope_onehot,rope_property,close_relative_species,Burkholderia,125,clean,logistic_regression,,,,,0.037037037037037035,0.03182197919040025,
rope_property_vs_rope_onehot,rope_onehot,rope_property,close_relative_target_binary,Burkholderia,125,clean,nearest_centroid,,,,,0.03703703703703698,0.07087912087912096,-0.01851851851851849
rope_property_vs_rope_onehot,rope_onehot,rope_property,close_relative_target_binary,Burkholderia,125,clean,logistic_regression,,,,,0.03703703703703698,0.02520242914979759,-0.012345679012345678
rope_property_vs_rope_onehot,rope_onehot,rope_property,close_relative_species,Candida,125,clean,nearest_centroid,,,,,0.1111111111111111,0.12437370600414072,
rope_property_vs_rope_onehot,rope_onehot,rope_property,close_relative_species,Candida,125,clean,logistic_regression,,,,,0.02777777777777779,0.04409479409479411,
rope_property_vs_rope_onehot,rope_onehot,rope_property,close_relative_target_binary,Candida,125,clean,nearest_centroid,,,,,0.0,0.0,0.0432098765432099
rope_property_vs_rope_onehot,rope_onehot,rope_property,close_relative_target_binary,Candida,125,clean,logistic_regression,,,,,-0.037037037037037035,-0.0173076923076923,1.1102230246251565e-16
rope_property_vs_rope_onehot,rope_onehot,rope_property,close_relative_species,Enterobacter,125,clean,nearest_centroid,,,,,-0.022222222222222227,-0.020722943722943712,
rope_property_vs_rope_onehot,rope_onehot,rope_property,close_relative_species,Enterobacter,125,clean,logistic_regression,,,,,-0.044444444444444425,-0.043244474823422197,
rope_property_vs_rope_onehot,rope_onehot,rope_property,close_relative_target_binary,Enterobacter,125,clean,nearest_centroid,,,,,0.0,0.0,0.01851851851851849
rope_property_vs_rope_onehot,rope_onehot,rope_property,close_relative_target_binary,Enterobacter,125,clean,logistic_regression,,,,,0.03703703703703709,0.027819548872180466,0.0432098765432099
rope_property_vs_rope_onehot,rope_onehot,rope_property,close_relative_species,Escherichia,125,clean,nearest_centroid,,,,,0.055555555555555525,0.05779153766769868,-0.012345679012345678
rope_property_vs_rope_onehot,rope_onehot,rope_property,close_relative_species,Escherichia,125,clean,logistic_regression,,,,,-0.055555555555555525,-0.05779153766769868,-0.03703703703703698
rope_property_vs_rope_onehot,rope_onehot,rope_property,close_relative_target_binary,Escherichia,125,clean,nearest_centroid,,,,,-0.05555555555555558,-0.05990712074303395,0.0
rope_property_vs_rope_onehot,rope_onehot,rope_property,close_relative_target_binary,Escherichia,125,clean,logistic_regression,,,,,0.0,0.0,0.03703703703703698
rope_property_vs_rope_onehot,rope_onehot,rope_property,close_relative_species,Klebsiella,125,clean,nearest_centroid,,,,,0.0,-0.00043859649122801603,
rope_property_vs_rope_onehot,rope_onehot,rope_property,close_relative_species,Klebsiella,125,clean,logistic_regression,,,,,0.07407407407407407,0.08012269235179448,
rope_property_vs_rope_onehot,rope_onehot,rope_property,close_relative_target_binary,Klebsiella,125,clean,nearest_centroid,,,,,0.0,0.031519699812382784,0.06790123456790131
rope_property_vs_rope_onehot,rope_onehot,rope_property,close_relative_target_binary,Klebsiella,125,clean,logistic_regression,,,,,0.0,0.0,0.0679012345679012
rope_property_vs_rope_onehot,rope_onehot,rope_property,close_relative_species,Acinetobacter,125,N_3pct,nearest_centroid,,,,,-0.02777777777777779,-0.017502006003150106,
rope_property_vs_rope_onehot,rope_onehot,rope_property,close_relative_species,Acinetobacter,125,N_3pct,logistic_regression,,,,,0.05555555555555558,0.08304147119936595,
rope_property_vs_rope_onehot,rope_onehot,rope_property,close_relative_species,Burkholderia,125,N_3pct,nearest_centroid,,,,,-0.07407407407407407,-0.08458013721171614,
rope_property_vs_rope_onehot,rope_onehot,rope_property,close_relative_species,Burkholderia,125,N_3pct,logistic_regression,,,,,-0.1111111111111111,-0.11482177666388194,
rope_property_vs_rope_onehot,rope_onehot,rope_property,close_relative_target_binary,Burkholderia,125,N_3pct,nearest_centroid,,,,,-0.03703703703703709,-0.02809911304493351,-0.012345679012345678
rope_property_vs_rope_onehot,rope_onehot,rope_property,close_relative_target_binary,Burkholderia,125,N_3pct,logistic_regression,,,,,0.03703703703703698,0.026232913428035465,-0.024691358024691412
rope_property_vs_rope_onehot,rope_onehot,rope_property,close_relative_species,Candida,125,N_3pct,nearest_centroid,,,,,0.05555555555555558,0.062211321287408194,
rope_property_vs_rope_onehot,rope_onehot,rope_property,close_relative_species,Candida,125,N_3pct,logistic_regression,,,,,0.05555555555555558,0.06225820962663067,
rope_property_vs_rope_onehot,rope_onehot,rope_property,close_relative_target_binary,Candida,125,N_3pct,nearest_centroid,,,,,0.0,0.0,-0.12654320987654316
rope_property_vs_rope_onehot,rope_onehot,rope_property,close_relative_target_binary,Candida,125,N_3pct,logistic_regression,,,,,0.0,0.0,-0.09259259259259262
rope_property_vs_rope_onehot,rope_onehot,rope_property,close_relative_species,Enterobacter,125,N_3pct,nearest_centroid,,,,,0.022222222222222227,0.022577422577422596,
rope_property_vs_rope_onehot,rope_onehot,rope_property,close_relative_species,Enterobacter,125,N_3pct,logistic_regression,,,,,-0.0888888888888889,-0.07477166624225448,
rope_property_vs_rope_onehot,rope_onehot,rope_property,close_relative_target_binary,Enterobacter,125,N_3pct,nearest_centroid,,,,,-0.07407407407407407,-0.1160596244187575,0.012345679012345678
rope_property_vs_rope_onehot,rope_onehot,rope_property,close_relative_target_binary,Enterobacter,125,N_3pct,logistic_regression,,,,,0.0,0.0,-0.012345679012345678
rope_property_vs_rope_onehot,rope_onehot,rope_property,close_relative_species,Escherichia,125,N_3pct,nearest_centroid,,,,,0.0,0.008333333333333304,-0.12345679012345684
rope_property_vs_rope_onehot,rope_onehot,rope_property,close_relative_species,Escherichia,125,N_3pct,logistic_regression,,,,,0.05555555555555558,0.053663570691434515,-0.07407407407407413
rope_property_vs_rope_onehot,rope_onehot,rope_property,close_relative_target_binary,Escherichia,125,N_3pct,nearest_centroid,,,,,-0.05555555555555547,-0.052592879256965985,0.03703703703703709
rope_property_vs_rope_onehot,rope_onehot,rope_property,close_relative_target_binary,Escherichia,125,N_3pct,logistic_regression,,,,,-0.05555555555555558,-0.05435156518747841,0.04938271604938271
rope_property_vs_rope_onehot,rope_onehot,rope_property,close_relative_species,Klebsiella,125,N_3pct,nearest_centroid,,,,,0.0,0.004324536832276793,
rope_property_vs_rope_onehot,rope_onehot,rope_property,close_relative_species,Klebsiella,125,N_3pct,logistic_regression,,,,,0.0,0.0041279669762641635,
rope_property_vs_rope_onehot,rope_onehot,rope_property,close_relative_target_binary,Klebsiella,125,N_3pct,nearest_centroid,,,,,0.03703703703703709,0.07019565800053607,0.021604938271604923
rope_property_vs_rope_onehot,rope_onehot,rope_property,close_relative_target_binary,Klebsiella,125,N_3pct,logistic_regression,,,,,0.03703703703703709,0.0851706433101782,0.04938271604938271
rope_property_vs_rope_onehot,rope_onehot,rope_property,rc_consistency,close_relative_wgs,150,reverse_complement,,0.1671997581960198,0.1776143618685927,,,,,
rope_property_vs_rope_onehot,rope_onehot,rope_property,perturbation_stability,close_relative_wgs,150,N_3pct,,0.0015754419336286851,-0.00038847829859534055,-0.007392094220818907,0.0016518912599261248,,,
rope_property_vs_rope_onehot,rope_onehot,rope_property,perturbation_stability,close_relative_wgs,150,substitution_1pct,,0.0022624660800004692,0.0062567825547330536,-0.014788730644126766,-0.02939555576484293,,,
rope_property_vs_rope_onehot,rope_onehot,rope_property,close_relative_species,Acinetobacter,150,clean,nearest_centroid,,,,,0.0,-0.011852548036758559,
rope_property_vs_rope_onehot,rope_onehot,rope_property,close_relative_species,Acinetobacter,150,clean,logistic_regression,,,,,-0.02777777777777779,-0.020541549953314656,
rope_property_vs_rope_onehot,rope_onehot,rope_property,close_relative_species,Burkholderia,150,clean,nearest_centroid,,,,,-0.037037037037037035,-0.03657837403967437,
rope_property_vs_rope_onehot,rope_onehot,rope_property,close_relative_species,Burkholderia,150,clean,logistic_regression,,,,,-0.037037037037037035,-0.05970209339774557,
rope_property_vs_rope_onehot,rope_onehot,rope_property,close_relative_target_binary,Burkholderia,150,clean,nearest_centroid,,,,,0.0,0.0,0.009259259259259245
rope_property_vs_rope_onehot,rope_onehot,rope_property,close_relative_target_binary,Burkholderia,150,clean,logistic_regression,,,,,0.1111111111111111,0.11115527291997879,-5.551115123125783e-17
rope_property_vs_rope_onehot,rope_onehot,rope_property,close_relative_species,Candida,150,clean,nearest_centroid,,,,,-0.027777777777777762,-0.025443510737628378,
rope_property_vs_rope_onehot,rope_onehot,rope_property,close_relative_species,Candida,150,clean,logistic_regression,,,,,0.0,-0.005578674851120652,
rope_property_vs_rope_onehot,rope_onehot,rope_property,close_relative_target_binary,Candida,150,clean,nearest_centroid,,,,,0.0,0.0,0.024691358024691412
rope_property_vs_rope_onehot,rope_onehot,rope_property,close_relative_target_binary,Candida,150,clean,logistic_regression,,,,,0.0,0.0,-0.012345679012345734
rope_property_vs_rope_onehot,rope_onehot,rope_property,close_relative_species,Enterobacter,150,clean,nearest_centroid,,,,,-0.022222222222222227,-0.016422875370243784,
rope_property_vs_rope_onehot,rope_onehot,rope_property,close_relative_species,Enterobacter,150,clean,logistic_regression,,,,,-0.044444444444444425,-0.04305194805194801,
rope_property_vs_rope_onehot,rope_onehot,rope_property,close_relative_target_binary,Enterobacter,150,clean,nearest_centroid,,,,,0.0,0.0,0.01851851851851849
rope_property_vs_rope_onehot,rope_onehot,rope_property,close_relative_target_binary,Enterobacter,150,clean,logistic_regression,,,,,0.0,0.0,0.0185185185185186
rope_property_vs_rope_onehot,rope_onehot,rope_property,close_relative_species,Escherichia,150,clean,nearest_centroid,,,,,-0.055555555555555525,-0.05779153766769868,-0.043209876543209846
rope_property_vs_rope_onehot,rope_onehot,rope_property,close_relative_species,Escherichia,150,clean,logistic_regression,,,,,-0.055555555555555525,-0.0678571428571429,-0.037037037037037035
rope_property_vs_rope_onehot,rope_onehot,rope_property,close_relative_target_binary,Escherichia,150,clean,nearest_centroid,,,,,0.05555555555555558,0.04821428571428571,0.006172839506172811
rope_property_vs_rope_onehot,rope_onehot,rope_property,close_relative_target_binary,Escherichia,150,clean,logistic_regression,,,,,0.0,0.0,0.0246913580246913
rope_property_vs_rope_onehot,rope_onehot,rope_property,close_relative_species,Klebsiella,150,clean,nearest_centroid,,,,,0.0,-0.0052720988647762534,
rope_property_vs_rope_onehot,rope_onehot,rope_property,close_relative_species,Klebsiella,150,clean,logistic_regression,,,,,0.037037037037037035,0.039245014245014254,
rope_property_vs_rope_onehot,rope_onehot,rope_property,close_relative_target_binary,Klebsiella,150,clean,nearest_centroid,,,,,-0.037037037037037035,-0.06368190946364327,-0.037037037037037035
rope_property_vs_rope_onehot,rope_onehot,rope_property,close_relative_target_binary,Klebsiella,150,clean,logistic_regression,,,,,0.03703703703703698,0.02134816403109091,-0.01234567901234579
rope_property_vs_rope_onehot,rope_onehot,rope_property,close_relative_species,Acinetobacter,150,N_3pct,nearest_centroid,,,,,0.02777777777777779,0.04113615301779927,
rope_property_vs_rope_onehot,rope_onehot,rope_property,close_relative_species,Acinetobacter,150,N_3pct,logistic_regression,,,,,0.02777777777777779,0.04131650513229462,
rope_property_vs_rope_onehot,rope_onehot,rope_property,close_relative_species,Burkholderia,150,N_3pct,nearest_centroid,,,,,-0.07407407407407407,-0.07982456140350877,
rope_property_vs_rope_onehot,rope_onehot,rope_property,close_relative_species,Burkholderia,150,N_3pct,logistic_regression,,,,,-0.037037037037037035,-0.029677729677729747,
rope_property_vs_rope_onehot,rope_onehot,rope_property,close_relative_target_binary,Burkholderia,150,N_3pct,nearest_centroid,,,,,0.0,0.0,-0.024691358024691357
rope_property_vs_rope_onehot,rope_onehot,rope_property,close_relative_target_binary,Burkholderia,150,N_3pct,logistic_regression,,,,,-0.07407407407407413,-0.05043859649122806,-0.04938271604938266
rope_property_vs_rope_onehot,rope_onehot,rope_property,close_relative_species,Candida,150,N_3pct,nearest_centroid,,,,,-0.027777777777777762,-0.02967171717171721,
rope_property_vs_rope_onehot,rope_onehot,rope_property,close_relative_species,Candida,150,N_3pct,logistic_regression,,,,,-0.05555555555555555,-0.06027046783625731,
rope_property_vs_rope_onehot,rope_onehot,rope_property,close_relative_target_binary,Candida,150,N_3pct,nearest_centroid,,,,,0.03703703703703709,0.06710526315789478,-0.021604938271605034
rope_property_vs_rope_onehot,rope_onehot,rope_property,close_relative_target_binary,Candida,150,N_3pct,logistic_regression,,,,,0.0,0.0,-0.006172839506172867
rope_property_vs_rope_onehot,rope_onehot,rope_property,close_relative_species,Enterobacter,150,N_3pct,nearest_centroid,,,,,0.044444444444444425,0.044039527051372485,
rope_property_vs_rope_onehot,rope_onehot,rope_property,close_relative_species,Enterobacter,150,N_3pct,logistic_regression,,,,,0.0,0.015131770758369245,
rope_property_vs_rope_onehot,rope_onehot,rope_property,close_relative_target_binary,Enterobacter,150,N_3pct,nearest_centroid,,,,,0.0,0.0,0.03703703703703709
rope_property_vs_rope_onehot,rope_onehot,rope_property,close_relative_target_binary,Enterobacter,150,N_3pct,logistic_regression,,,,,0.0,0.0,0.01851851851851838
rope_property_vs_rope_onehot,rope_onehot,rope_property,close_relative_species,Escherichia,150,N_3pct,nearest_centroid,,,,,0.055555555555555525,0.049458204334365374,0.006172839506172811
rope_property_vs_rope_onehot,rope_onehot,rope_property,close_relative_species,Escherichia,150,N_3pct,logistic_regression,,,,,-0.1111111111111111,-0.11145510835913319,-0.037037037037037035
rope_property_vs_rope_onehot,rope_onehot,rope_property,close_relative_target_binary,Escherichia,150,N_3pct,nearest_centroid,,,,,-0.055555555555555525,-0.05050309597523217,0.0246913580246913
rope_property_vs_rope_onehot,rope_onehot,rope_property,close_relative_target_binary,Escherichia,150,N_3pct,logistic_regression,,,,,-0.05555555555555558,-0.05710354317165467,-0.012345679012345623
rope_property_vs_rope_onehot,rope_onehot,rope_property,close_relative_species,Klebsiella,150,N_3pct,nearest_centroid,,,,,0.037037037037037035,0.02480626117723983,
rope_property_vs_rope_onehot,rope_onehot,rope_property,close_relative_species,Klebsiella,150,N_3pct,logistic_regression,,,,,0.0,-0.0065184602269001135,
rope_property_vs_rope_onehot,rope_onehot,rope_property,close_relative_target_binary,Klebsiella,150,N_3pct,nearest_centroid,,,,,0.07407407407407407,0.12719298245614036,-0.024691358024691357
rope_property_vs_rope_onehot,rope_onehot,rope_property,close_relative_target_binary,Klebsiella,150,N_3pct,logistic_regression,,,,,0.0,0.0,-0.012345679012345678
rope_property_vs_rope_onehot,rope_onehot,rope_property,rc_consistency,close_relative_wgs,300,reverse_complement,,0.16778650423947628,0.1710697064792317,,,,,
rope_property_vs_rope_onehot,rope_onehot,rope_property,perturbation_stability,close_relative_wgs,300,N_3pct,,0.001797469874351032,0.00022976035443489362,-0.007815830415125569,-0.0009376728906966281,,,
rope_property_vs_rope_onehot,rope_onehot,rope_property,perturbation_stability,close_relative_wgs,300,substitution_1pct,,0.0021971264750676456,0.004449167041840285,-0.015877459608778455,-0.02397682756794256,,,
rope_property_vs_rope_onehot,rope_onehot,rope_property,close_relative_species,Acinetobacter,300,clean,nearest_centroid,,,,,-0.027777777777777762,-0.027083333333333348,
rope_property_vs_rope_onehot,rope_onehot,rope_property,close_relative_species,Acinetobacter,300,clean,logistic_regression,,,,,-0.02777777777777779,-0.02685582606248238,
rope_property_vs_rope_onehot,rope_onehot,rope_property,close_relative_species,Burkholderia,300,clean,nearest_centroid,,,,,0.0,0.0,
rope_property_vs_rope_onehot,rope_onehot,rope_property,close_relative_species,Burkholderia,300,clean,logistic_regression,,,,,-0.037037037037037035,-0.01774042950513538,
rope_property_vs_rope_onehot,rope_onehot,rope_property,close_relative_target_binary,Burkholderia,300,clean,nearest_centroid,,,,,-0.07407407407407407,-0.10131332082551592,-0.030864197530864224
rope_property_vs_rope_onehot,rope_onehot,rope_property,close_relative_target_binary,Burkholderia,300,clean,logistic_regression,,,,,-0.07407407407407407,-0.1719970330293643,-0.01851851851851849
rope_property_vs_rope_onehot,rope_onehot,rope_property,close_relative_species,Candida,300,clean,nearest_centroid,,,,,0.02777777777777779,0.027073767193904474,
rope_property_vs_rope_onehot,rope_onehot,rope_property,close_relative_species,Candida,300,clean,logistic_regression,,,,,0.05555555555555555,0.044343667056683606,
rope_property_vs_rope_onehot,rope_onehot,rope_property,close_relative_target_binary,Candida,300,clean,nearest_centroid,,,,,0.0,0.0,0.07407407407407396
rope_property_vs_rope_onehot,rope_onehot,rope_property,close_relative_target_binary,Candida,300,clean,logistic_regression,,,,,-0.03703703703703698,-0.09989429175475684,0.07407407407407396
rope_property_vs_rope_onehot,rope_onehot,rope_property,close_relative_species,Enterobacter,300,clean,nearest_centroid,,,,,-0.044444444444444425,-0.039117647058823535,
rope_property_vs_rope_onehot,rope_onehot,rope_property,close_relative_species,Enterobacter,300,clean,logistic_regression,,,,,0.0,0.0037046939988116256,
rope_property_vs_rope_onehot,rope_onehot,rope_property,close_relative_target_binary,Enterobacter,300,clean,nearest_centroid,,,,,0.0,0.0,0.012345679012345623
rope_property_vs_rope_onehot,rope_onehot,rope_property,close_relative_target_binary,Enterobacter,300,clean,logistic_regression,,,,,-0.037037037037037035,-0.016463414634146356,0.012345679012345678
rope_property_vs_rope_onehot,rope_onehot,rope_property,close_relative_species,Escherichia,300,clean,nearest_centroid,,,,,0.0,0.0,0.024691358024691357
rope_property_vs_rope_onehot,rope_onehot,rope_property,close_relative_species,Escherichia,300,clean,logistic_regression,,,,,0.0,0.0,0.0
rope_property_vs_rope_onehot,rope_onehot,rope_property,close_relative_target_binary,Escherichia,300,clean,nearest_centroid,,,,,0.16666666666666669,0.16855865153078775,0.0432098765432099
rope_property_vs_rope_onehot,rope_onehot,rope_property,close_relative_target_binary,Escherichia,300,clean,logistic_regression,,,,,-0.1111111111111111,-0.11145510835913308,0.012345679012345678
rope_property_vs_rope_onehot,rope_onehot,rope_property,close_relative_species,Klebsiella,300,clean,nearest_centroid,,,,,0.1481481481481482,0.15081453634085212,
rope_property_vs_rope_onehot,rope_onehot,rope_property,close_relative_species,Klebsiella,300,clean,logistic_regression,,,,,0.07407407407407407,0.06388609670343409,
rope_property_vs_rope_onehot,rope_onehot,rope_property,close_relative_target_binary,Klebsiella,300,clean,nearest_centroid,,,,,0.0,0.0,0.0246913580246913
rope_property_vs_rope_onehot,rope_onehot,rope_property,close_relative_target_binary,Klebsiella,300,clean,logistic_regression,,,,,0.03703703703703709,0.014270613107822405,0.0
rope_property_vs_rope_onehot,rope_onehot,rope_property,close_relative_species,Acinetobacter,300,N_3pct,nearest_centroid,,,,,-0.02777777777777779,-0.01990089514066498,
rope_property_vs_rope_onehot,rope_onehot,rope_property,close_relative_species,Acinetobacter,300,N_3pct,logistic_regression,,,,,-0.1388888888888889,-0.14229595728451566,
rope_property_vs_rope_onehot,rope_onehot,rope_property,close_relative_species,Burkholderia,300,N_3pct,nearest_centroid,,,,,0.0,-0.005882352941176561,
rope_property_vs_rope_onehot,rope_onehot,rope_property,close_relative_species,Burkholderia,300,N_3pct,logistic_regression,,,,,0.07407407407407407,0.07772904483430793,
rope_property_vs_rope_onehot,rope_onehot,rope_property,close_relative_target_binary,Burkholderia,300,N_3pct,nearest_centroid,,,,,0.0,0.0,0.04938271604938271
rope_property_vs_rope_onehot,rope_onehot,rope_property,close_relative_target_binary,Burkholderia,300,N_3pct,logistic_regression,,,,,0.0,-0.05783212816678507,0.04320987654320996
rope_property_vs_rope_onehot,rope_onehot,rope_property,close_relative_species,Candida,300,N_3pct,nearest_centroid,,,,,0.0,-0.0009145459803354683,
rope_property_vs_rope_onehot,rope_onehot,rope_property,close_relative_species,Candida,300,N_3pct,logistic_regression,,,,,0.05555555555555555,0.027191105995453796,
rope_property_vs_rope_onehot,rope_onehot,rope_property,close_relative_target_binary,Candida,300,N_3pct,nearest_centroid,,,,,0.0,0.0,0.095679012345679
rope_property_vs_rope_onehot,rope_onehot,rope_property,close_relative_target_binary,Candida,300,N_3pct,logistic_regression,,,,,-0.03703703703703698,-0.09989429175475684,0.0185185185185186
rope_property_vs_rope_onehot,rope_onehot,rope_property,close_relative_species,Enterobacter,300,N_3pct,nearest_centroid,,,,,-0.022222222222222227,-0.017528721633580963,
rope_property_vs_rope_onehot,rope_onehot,rope_property,close_relative_species,Enterobacter,300,N_3pct,logistic_regression,,,,,0.0222222222222222,0.03153805430895215,
rope_property_vs_rope_onehot,rope_onehot,rope_property,close_relative_target_binary,Enterobacter,300,N_3pct,nearest_centroid,,,,,-0.037037037037037035,-0.016463414634146356,-0.024691358024691357
rope_property_vs_rope_onehot,rope_onehot,rope_property,close_relative_target_binary,Enterobacter,300,N_3pct,logistic_regression,,,,,-0.07407407407407407,-0.03377110694183866,-0.043209876543209846
rope_property_vs_rope_onehot,rope_onehot,rope_property,close_relative_species,Escherichia,300,N_3pct,nearest_centroid,,,,,0.0,0.0,0.030864197530864113
rope_property_vs_rope_onehot,rope_onehot,rope_property,close_relative_species,Escherichia,300,N_3pct,logistic_regression,,,,,-0.05555555555555558,-0.06095201238390091,0.037037037037037035
rope_property_vs_rope_onehot,rope_onehot,rope_property,close_relative_target_binary,Escherichia,300,N_3pct,nearest_centroid,,,,,0.0,0.0,-0.012345679012345678
rope_property_vs_rope_onehot,rope_onehot,rope_property,close_relative_target_binary,Escherichia,300,N_3pct,logistic_regression,,,,,0.05555555555555558,0.05710354317165467,0.06172839506172839
rope_property_vs_rope_onehot,rope_onehot,rope_property,close_relative_species,Klebsiella,300,N_3pct,nearest_centroid,,,,,0.07407407407407407,0.0697884416924664,
rope_property_vs_rope_onehot,rope_onehot,rope_property,close_relative_species,Klebsiella,300,N_3pct,logistic_regression,,,,,0.0,-0.004880740174857845,
rope_property_vs_rope_onehot,rope_onehot,rope_property,close_relative_target_binary,Klebsiella,300,N_3pct,nearest_centroid,,,,,0.0,0.0,0.09876543209876548
rope_property_vs_rope_onehot,rope_onehot,rope_property,close_relative_target_binary,Klebsiella,300,N_3pct,logistic_regression,,,,,0.03703703703703709,0.0921926910299003,0.06172839506172839
