fold,classifier,accuracy,macro_f1,n_features,n_train,n_test,n_train_groups,n_test_groups,length,representation,n_samples,n_groups,n_classes,label_control,permutation
1,contract_logistic,0.31746031746031744,0.31318222295665904,136,225,63,25,7,50,ck4,288,32,3,within_source_permutation,0
1,nearest_centroid,0.38095238095238093,0.3688163688163688,136,225,63,25,7,50,ck4,288,32,3,within_source_permutation,0
2,contract_logistic,0.36507936507936506,0.35904863407391213,136,225,63,25,7,50,ck4,288,32,3,within_source_permutation,0
2,nearest_centroid,0.3333333333333333,0.3051824964710627,136,225,63,25,7,50,ck4,288,32,3,within_source_permutation,0
3,contract_logistic,0.3333333333333333,0.3219417659292872,136,234,54,26,6,50,ck4,288,32,3,within_source_permutation,0
3,nearest_centroid,0.2962962962962963,0.29049957135063514,136,234,54,26,6,50,ck4,288,32,3,within_source_permutation,0
4,contract_logistic,0.3888888888888889,0.384639498432602,136,234,54,26,6,50,ck4,288,32,3,within_source_permutation,0
4,nearest_centroid,0.3148148148148148,0.28621424223980524,136,234,54,26,6,50,ck4,288,32,3,within_source_permutation,0
5,contract_logistic,0.3333333333333333,0.31978021978021975,136,234,54,26,6,50,ck4,288,32,3,within_source_permutation,0
5,nearest_centroid,0.2777777777777778,0.24953488372093025,136,234,54,26,6,50,ck4,288,32,3,within_source_permutation,0
1,contract_logistic,0.3968253968253968,0.39410430839002264,397,225,63,25,7,50,ckmer5_count_l2,288,32,3,within_source_permutation,0
1,nearest_centroid,0.36507936507936506,0.3537083731849404,397,225,63,25,7,50,ckmer5_count_l2,288,32,3,within_source_permutation,0
2,contract_logistic,0.3492063492063492,0.3392316276103937,397,225,63,25,7,50,ckmer5_count_l2,288,32,3,within_source_permutation,0
2,nearest_centroid,0.3333333333333333,0.31122046048235225,397,225,63,25,7,50,ckmer5_count_l2,288,32,3,within_source_permutation,0
3,contract_logistic,0.37037037037037035,0.3516075109141958,397,234,54,26,6,50,ckmer5_count_l2,288,32,3,within_source_permutation,0
3,nearest_centroid,0.35185185185185186,0.32262200366781896,397,234,54,26,6,50,ckmer5_count_l2,288,32,3,within_source_permutation,0
4,contract_logistic,0.3148148148148148,0.3000982469067575,397,234,54,26,6,50,ckmer5_count_l2,288,32,3,within_source_permutation,0
4,nearest_centroid,0.2962962962962963,0.2880143112701253,397,234,54,26,6,50,ckmer5_count_l2,288,32,3,within_source_permutation,0
5,contract_logistic,0.3333333333333333,0.33304093567251464,397,234,54,26,6,50,ckmer5_count_l2,288,32,3,within_source_permutation,0
5,nearest_centroid,0.3148148148148148,0.3049683830171635,397,234,54,26,6,50,ckmer5_count_l2,288,32,3,within_source_permutation,0
1,contract_logistic,0.36507936507936506,0.35708349859293254,11,225,63,25,7,50,p,288,32,3,within_source_permutation,0
1,nearest_centroid,0.36507936507936506,0.35708349859293254,11,225,63,25,7,50,p,288,32,3,within_source_permutation,0
2,contract_logistic,0.38095238095238093,0.3031196266273643,11,225,63,25,7,50,p,288,32,3,within_source_permutation,0
2,nearest_centroid,0.38095238095238093,0.3031196266273643,11,225,63,25,7,50,p,288,32,3,within_source_permutation,0
3,contract_logistic,0.2777777777777778,0.24910010624296341,11,234,54,26,6,50,p,288,32,3,within_source_permutation,0
3,nearest_centroid,0.2962962962962963,0.2753928170594837,11,234,54,26,6,50,p,288,32,3,within_source_permutation,0
4,contract_logistic,0.35185185185185186,0.30447547440028644,11,234,54,26,6,50,p,288,32,3,within_source_permutation,0
4,nearest_centroid,0.35185185185185186,0.30447547440028644,11,234,54,26,6,50,p,288,32,3,within_source_permutation,0
5,contract_logistic,0.2962962962962963,0.22839506172839505,11,234,54,26,6,50,p,288,32,3,within_source_permutation,0
5,nearest_centroid,0.2962962962962963,0.22839506172839505,11,234,54,26,6,50,p,288,32,3,within_source_permutation,0
1,contract_logistic,0.30158730158730157,0.29086303767154825,75,225,63,25,7,50,msp,288,32,3,within_source_permutation,0
1,nearest_centroid,0.3333333333333333,0.3292651919654208,75,225,63,25,7,50,msp,288,32,3,within_source_permutation,0
2,contract_logistic,0.42857142857142855,0.4305226998758282,75,225,63,25,7,50,msp,288,32,3,within_source_permutation,0
2,nearest_centroid,0.42857142857142855,0.4290424570912376,75,225,63,25,7,50,msp,288,32,3,within_source_permutation,0
3,contract_logistic,0.2962962962962963,0.2906422551583842,75,234,54,26,6,50,msp,288,32,3,within_source_permutation,0
3,nearest_centroid,0.3148148148148148,0.312023562023562,75,234,54,26,6,50,msp,288,32,3,within_source_permutation,0
4,contract_logistic,0.37037037037037035,0.3675358785715322,75,234,54,26,6,50,msp,288,32,3,within_source_permutation,0
4,nearest_centroid,0.37037037037037035,0.3675358785715322,75,234,54,26,6,50,msp,288,32,3,within_source_permutation,0
5,contract_logistic,0.37037037037037035,0.3657083657083657,75,234,54,26,6,50,msp,288,32,3,within_source_permutation,0
5,nearest_centroid,0.35185185185185186,0.34938653824102744,75,234,54,26,6,50,msp,288,32,3,within_source_permutation,0
1,contract_logistic,0.31746031746031744,0.3102607803251049,86,225,63,25,7,50,p_msp,288,32,3,within_source_permutation,0
1,nearest_centroid,0.31746031746031744,0.31103398646371344,86,225,63,25,7,50,p_msp,288,32,3,within_source_permutation,0
2,contract_logistic,0.42857142857142855,0.41339977851605764,86,225,63,25,7,50,p_msp,288,32,3,within_source_permutation,0
2,nearest_centroid,0.42857142857142855,0.411764705882353,86,225,63,25,7,50,p_msp,288,32,3,within_source_permutation,0
3,contract_logistic,0.3148148148148148,0.30796689687326984,86,234,54,26,6,50,p_msp,288,32,3,within_source_permutation,0
3,nearest_centroid,0.2962962962962963,0.29212962962962963,86,234,54,26,6,50,p_msp,288,32,3,within_source_permutation,0
4,contract_logistic,0.37037037037037035,0.3686274509803922,86,234,54,26,6,50,p_msp,288,32,3,within_source_permutation,0
4,nearest_centroid,0.3888888888888889,0.3848684210526316,86,234,54,26,6,50,p_msp,288,32,3,within_source_permutation,0
5,contract_logistic,0.4074074074074074,0.40300440300440304,86,234,54,26,6,50,p_msp,288,32,3,within_source_permutation,0
5,nearest_centroid,0.4074074074074074,0.4043455219925809,86,234,54,26,6,50,p_msp,288,32,3,within_source_permutation,0
1,contract_logistic,0.36507936507936506,0.357399910031489,222,225,63,25,7,50,ck4p_msp,288,32,3,within_source_permutation,0
1,nearest_centroid,0.38095238095238093,0.37591842855000746,222,225,63,25,7,50,ck4p_msp,288,32,3,within_source_permutation,0
2,contract_logistic,0.36507936507936506,0.352506194015628,222,225,63,25,7,50,ck4p_msp,288,32,3,within_source_permutation,0
2,nearest_centroid,0.3333333333333333,0.3051824964710627,222,225,63,25,7,50,ck4p_msp,288,32,3,within_source_permutation,0
3,contract_logistic,0.35185185185185186,0.32437417654808964,222,234,54,26,6,50,ck4p_msp,288,32,3,within_source_permutation,0
3,nearest_centroid,0.2777777777777778,0.27140406990219257,222,234,54,26,6,50,ck4p_msp,288,32,3,within_source_permutation,0
4,contract_logistic,0.3888888888888889,0.383610188261351,222,234,54,26,6,50,ck4p_msp,288,32,3,within_source_permutation,0
4,nearest_centroid,0.3333333333333333,0.3122084367245657,222,234,54,26,6,50,ck4p_msp,288,32,3,within_source_permutation,0
5,contract_logistic,0.2777777777777778,0.24953488372093025,222,234,54,26,6,50,ck4p_msp,288,32,3,within_source_permutation,0
5,nearest_centroid,0.2777777777777778,0.24953488372093025,222,234,54,26,6,50,ck4p_msp,288,32,3,within_source_permutation,0
1,contract_logistic,0.30158730158730157,0.2856033091202583,136,225,63,25,7,50,ck4,288,32,3,within_source_permutation,1
1,nearest_centroid,0.31746031746031744,0.2974825474825475,136,225,63,25,7,50,ck4,288,32,3,within_source_permutation,1
2,contract_logistic,0.2857142857142857,0.27800453514739226,136,225,63,25,7,50,ck4,288,32,3,within_source_permutation,1
2,nearest_centroid,0.2222222222222222,0.21126079640011527,136,225,63,25,7,50,ck4,288,32,3,within_source_permutation,1
3,contract_logistic,0.35185185185185186,0.33057471264367816,136,234,54,26,6,50,ck4,288,32,3,within_source_permutation,1
3,nearest_centroid,0.4074074074074074,0.38037462750106427,136,234,54,26,6,50,ck4,288,32,3,within_source_permutation,1
4,contract_logistic,0.2962962962962963,0.29448329448329447,136,234,54,26,6,50,ck4,288,32,3,within_source_permutation,1
4,nearest_centroid,0.2777777777777778,0.2714285714285714,136,234,54,26,6,50,ck4,288,32,3,within_source_permutation,1
5,contract_logistic,0.3333333333333333,0.3323308270676692,136,234,54,26,6,50,ck4,288,32,3,within_source_permutation,1
5,nearest_centroid,0.3148148148148148,0.3089285973073635,136,234,54,26,6,50,ck4,288,32,3,within_source_permutation,1
1,contract_logistic,0.2698412698412698,0.18326118326118324,397,225,63,25,7,50,ckmer5_count_l2,288,32,3,within_source_permutation,1
1,nearest_centroid,0.31746031746031744,0.2607257165461934,397,225,63,25,7,50,ckmer5_count_l2,288,32,3,within_source_permutation,1
2,contract_logistic,0.31746031746031744,0.3128037539802246,397,225,63,25,7,50,ckmer5_count_l2,288,32,3,within_source_permutation,1
2,nearest_centroid,0.20634920634920634,0.186796395970111,397,225,63,25,7,50,ckmer5_count_l2,288,32,3,within_source_permutation,1
3,contract_logistic,0.35185185185185186,0.33057471264367816,397,234,54,26,6,50,ckmer5_count_l2,288,32,3,within_source_permutation,1
3,nearest_centroid,0.35185185185185186,0.32861531709457975,397,234,54,26,6,50,ckmer5_count_l2,288,32,3,within_source_permutation,1
4,contract_logistic,0.24074074074074073,0.23097643097643097,397,234,54,26,6,50,ckmer5_count_l2,288,32,3,within_source_permutation,1
4,nearest_centroid,0.25925925925925924,0.24709673586979122,397,234,54,26,6,50,ckmer5_count_l2,288,32,3,within_source_permutation,1
5,contract_logistic,0.2962962962962963,0.2957393483709273,397,234,54,26,6,50,ckmer5_count_l2,288,32,3,within_source_permutation,1
5,nearest_centroid,0.2777777777777778,0.2742799683976154,397,234,54,26,6,50,ckmer5_count_l2,288,32,3,within_source_permutation,1
1,contract_logistic,0.3492063492063492,0.29988004349824554,11,225,63,25,7,50,p,288,32,3,within_source_permutation,1
1,nearest_centroid,0.3492063492063492,0.29988004349824554,11,225,63,25,7,50,p,288,32,3,within_source_permutation,1
2,contract_logistic,0.30158730158730157,0.27605244996549344,11,225,63,25,7,50,p,288,32,3,within_source_permutation,1
2,nearest_centroid,0.30158730158730157,0.2972582972582973,11,225,63,25,7,50,p,288,32,3,within_source_permutation,1
3,contract_logistic,0.2962962962962963,0.27544871794871795,11,234,54,26,6,50,p,288,32,3,within_source_permutation,1
3,nearest_centroid,0.2962962962962963,0.27544871794871795,11,234,54,26,6,50,p,288,32,3,within_source_permutation,1
4,contract_logistic,0.35185185185185186,0.31282726934900845,11,234,54,26,6,50,p,288,32,3,within_source_permutation,1
4,nearest_centroid,0.35185185185185186,0.31282726934900845,11,234,54,26,6,50,p,288,32,3,within_source_permutation,1
5,contract_logistic,0.2962962962962963,0.2938487658351835,11,234,54,26,6,50,p,288,32,3,within_source_permutation,1
5,nearest_centroid,0.2962962962962963,0.2938487658351835,11,234,54,26,6,50,p,288,32,3,within_source_permutation,1
1,contract_logistic,0.2222222222222222,0.21601581358911995,75,225,63,25,7,50,msp,288,32,3,within_source_permutation,1
1,nearest_centroid,0.2222222222222222,0.21601581358911995,75,225,63,25,7,50,msp,288,32,3,within_source_permutation,1
2,contract_logistic,0.31746031746031744,0.3080409356725146,75,225,63,25,7,50,msp,288,32,3,within_source_permutation,1
2,nearest_centroid,0.31746031746031744,0.3080409356725146,75,225,63,25,7,50,msp,288,32,3,within_source_permutation,1
3,contract_logistic,0.25925925925925924,0.23782216999608305,75,234,54,26,6,50,msp,288,32,3,within_source_permutation,1
3,nearest_centroid,0.2777777777777778,0.2629134150873282,75,234,54,26,6,50,msp,288,32,3,within_source_permutation,1
4,contract_logistic,0.35185185185185186,0.346998514334466,75,234,54,26,6,50,msp,288,32,3,within_source_permutation,1
4,nearest_centroid,0.35185185185185186,0.346998514334466,75,234,54,26,6,50,msp,288,32,3,within_source_permutation,1
5,contract_logistic,0.4444444444444444,0.4417771883289125,75,234,54,26,6,50,msp,288,32,3,within_source_permutation,1
5,nearest_centroid,0.46296296296296297,0.4632478632478632,75,234,54,26,6,50,msp,288,32,3,within_source_permutation,1
1,contract_logistic,0.2222222222222222,0.2172823362754713,86,225,63,25,7,50,p_msp,288,32,3,within_source_permutation,1
1,nearest_centroid,0.2222222222222222,0.2172823362754713,86,225,63,25,7,50,p_msp,288,32,3,within_source_permutation,1
2,contract_logistic,0.31746031746031744,0.31368275761868436,86,225,63,25,7,50,p_msp,288,32,3,within_source_permutation,1
2,nearest_centroid,0.30158730158730157,0.29588761733082053,86,225,63,25,7,50,p_msp,288,32,3,within_source_permutation,1
3,contract_logistic,0.25925925925925924,0.23782216999608305,86,234,54,26,6,50,p_msp,288,32,3,within_source_permutation,1
3,nearest_centroid,0.2777777777777778,0.2629134150873282,86,234,54,26,6,50,p_msp,288,32,3,within_source_permutation,1
4,contract_logistic,0.35185185185185186,0.34753193960511036,86,234,54,26,6,50,p_msp,288,32,3,within_source_permutation,1
4,nearest_centroid,0.35185185185185186,0.34807987711213517,86,234,54,26,6,50,p_msp,288,32,3,within_source_permutation,1
5,contract_logistic,0.4444444444444444,0.4417771883289125,86,234,54,26,6,50,p_msp,288,32,3,within_source_permutation,1
5,nearest_centroid,0.46296296296296297,0.4632478632478632,86,234,54,26,6,50,p_msp,288,32,3,within_source_permutation,1
1,contract_logistic,0.2857142857142857,0.2636363636363636,222,225,63,25,7,50,ck4p_msp,288,32,3,within_source_permutation,1
1,nearest_centroid,0.2698412698412698,0.25565500565500565,222,225,63,25,7,50,ck4p_msp,288,32,3,within_source_permutation,1
2,contract_logistic,0.23809523809523808,0.23478835978835977,222,225,63,25,7,50,ck4p_msp,288,32,3,within_source_permutation,1
2,nearest_centroid,0.2222222222222222,0.21126079640011527,222,225,63,25,7,50,ck4p_msp,288,32,3,within_source_permutation,1
3,contract_logistic,0.37037037037037035,0.34390804597701147,222,234,54,26,6,50,ck4p_msp,288,32,3,within_source_permutation,1
3,nearest_centroid,0.4074074074074074,0.38037462750106427,222,234,54,26,6,50,ck4p_msp,288,32,3,within_source_permutation,1
4,contract_logistic,0.2962962962962963,0.294005544005544,222,234,54,26,6,50,ck4p_msp,288,32,3,within_source_permutation,1
4,nearest_centroid,0.2777777777777778,0.2763049061860607,222,234,54,26,6,50,ck4p_msp,288,32,3,within_source_permutation,1
5,contract_logistic,0.3148148148148148,0.30462184873949577,222,234,54,26,6,50,ck4p_msp,288,32,3,within_source_permutation,1
5,nearest_centroid,0.2962962962962963,0.28781939605110335,222,234,54,26,6,50,ck4p_msp,288,32,3,within_source_permutation,1
1,contract_logistic,0.3492063492063492,0.34473379154230216,136,225,63,25,7,50,ck4,288,32,3,within_source_permutation,2
1,nearest_centroid,0.3333333333333333,0.30498338870431896,136,225,63,25,7,50,ck4,288,32,3,within_source_permutation,2
2,contract_logistic,0.25396825396825395,0.23088972431077695,136,225,63,25,7,50,ck4,288,32,3,within_source_permutation,2
2,nearest_centroid,0.23809523809523808,0.2066822066822067,136,225,63,25,7,50,ck4,288,32,3,within_source_permutation,2
3,contract_logistic,0.2962962962962963,0.2789243277048155,136,234,54,26,6,50,ck4,288,32,3,within_source_permutation,2
3,nearest_centroid,0.35185185185185186,0.3454076787410121,136,234,54,26,6,50,ck4,288,32,3,within_source_permutation,2
4,contract_logistic,0.3333333333333333,0.328042328042328,136,234,54,26,6,50,ck4,288,32,3,within_source_permutation,2
4,nearest_centroid,0.25925925925925924,0.24459275738474848,136,234,54,26,6,50,ck4,288,32,3,within_source_permutation,2
5,contract_logistic,0.35185185185185186,0.3335651045288091,136,234,54,26,6,50,ck4,288,32,3,within_source_permutation,2
5,nearest_centroid,0.3333333333333333,0.29649979649979646,136,234,54,26,6,50,ck4,288,32,3,within_source_permutation,2
1,contract_logistic,0.3492063492063492,0.33964912280701753,397,225,63,25,7,50,ckmer5_count_l2,288,32,3,within_source_permutation,2
1,nearest_centroid,0.38095238095238093,0.3516594516594516,397,225,63,25,7,50,ckmer5_count_l2,288,32,3,within_source_permutation,2
2,contract_logistic,0.25396825396825395,0.24695484254307784,397,225,63,25,7,50,ckmer5_count_l2,288,32,3,within_source_permutation,2
2,nearest_centroid,0.2222222222222222,0.20597076039718212,397,225,63,25,7,50,ckmer5_count_l2,288,32,3,within_source_permutation,2
3,contract_logistic,0.2962962962962963,0.288623636899499,397,234,54,26,6,50,ckmer5_count_l2,288,32,3,within_source_permutation,2
3,nearest_centroid,0.2962962962962963,0.27961045932060424,397,234,54,26,6,50,ckmer5_count_l2,288,32,3,within_source_permutation,2
4,contract_logistic,0.25925925925925924,0.2518939393939394,397,234,54,26,6,50,ckmer5_count_l2,288,32,3,within_source_permutation,2
4,nearest_centroid,0.25925925925925924,0.24717821269545406,397,234,54,26,6,50,ckmer5_count_l2,288,32,3,within_source_permutation,2
5,contract_logistic,0.3333333333333333,0.3272984816962507,397,234,54,26,6,50,ckmer5_count_l2,288,32,3,within_source_permutation,2
5,nearest_centroid,0.37037037037037035,0.36698634117988954,397,234,54,26,6,50,ckmer5_count_l2,288,32,3,within_source_permutation,2
1,contract_logistic,0.3333333333333333,0.3156265004752526,11,225,63,25,7,50,p,288,32,3,within_source_permutation,2
1,nearest_centroid,0.3333333333333333,0.3156265004752526,11,225,63,25,7,50,p,288,32,3,within_source_permutation,2
2,contract_logistic,0.3333333333333333,0.31375531375531374,11,225,63,25,7,50,p,288,32,3,within_source_permutation,2
2,nearest_centroid,0.3492063492063492,0.33390666208003666,11,225,63,25,7,50,p,288,32,3,within_source_permutation,2
3,contract_logistic,0.25925925925925924,0.20439560439560442,11,234,54,26,6,50,p,288,32,3,within_source_permutation,2
3,nearest_centroid,0.25925925925925924,0.20439560439560442,11,234,54,26,6,50,p,288,32,3,within_source_permutation,2
4,contract_logistic,0.35185185185185186,0.3515229515229515,11,234,54,26,6,50,p,288,32,3,within_source_permutation,2
4,nearest_centroid,0.35185185185185186,0.3515229515229515,11,234,54,26,6,50,p,288,32,3,within_source_permutation,2
5,contract_logistic,0.3888888888888889,0.36720538720538715,11,234,54,26,6,50,p,288,32,3,within_source_permutation,2
5,nearest_centroid,0.37037037037037035,0.3526049973418395,11,234,54,26,6,50,p,288,32,3,within_source_permutation,2
1,contract_logistic,0.38095238095238093,0.37997557997557996,75,225,63,25,7,50,msp,288,32,3,within_source_permutation,2
1,nearest_centroid,0.38095238095238093,0.38017135862913093,75,225,63,25,7,50,msp,288,32,3,within_source_permutation,2
2,contract_logistic,0.42857142857142855,0.4308632543926662,75,225,63,25,7,50,msp,288,32,3,within_source_permutation,2
2,nearest_centroid,0.42857142857142855,0.4308632543926662,75,225,63,25,7,50,msp,288,32,3,within_source_permutation,2
3,contract_logistic,0.42592592592592593,0.41781683160993505,75,234,54,26,6,50,msp,288,32,3,within_source_permutation,2
3,nearest_centroid,0.4074074074074074,0.40163486934324877,75,234,54,26,6,50,msp,288,32,3,within_source_permutation,2
4,contract_logistic,0.3148148148148148,0.28649431861511476,75,234,54,26,6,50,msp,288,32,3,within_source_permutation,2
4,nearest_centroid,0.3148148148148148,0.28649431861511476,75,234,54,26,6,50,msp,288,32,3,within_source_permutation,2
5,contract_logistic,0.4074074074074074,0.40101010101010104,75,234,54,26,6,50,msp,288,32,3,within_source_permutation,2
5,nearest_centroid,0.4074074074074074,0.40101010101010104,75,234,54,26,6,50,msp,288,32,3,within_source_permutation,2
1,contract_logistic,0.36507936507936506,0.36300403317583,86,225,63,25,7,50,p_msp,288,32,3,within_source_permutation,2
1,nearest_centroid,0.36507936507936506,0.3593910115649246,86,225,63,25,7,50,p_msp,288,32,3,within_source_permutation,2
2,contract_logistic,0.4444444444444444,0.4481481481481482,86,225,63,25,7,50,p_msp,288,32,3,within_source_permutation,2
2,nearest_centroid,0.4444444444444444,0.44680419593311577,86,225,63,25,7,50,p_msp,288,32,3,within_source_permutation,2
3,contract_logistic,0.37037037037037035,0.36173475647159864,86,234,54,26,6,50,p_msp,288,32,3,within_source_permutation,2
3,nearest_centroid,0.35185185185185186,0.34625322997416025,86,234,54,26,6,50,p_msp,288,32,3,within_source_permutation,2
4,contract_logistic,0.3333333333333333,0.3061720469552458,86,234,54,26,6,50,p_msp,288,32,3,within_source_permutation,2
4,nearest_centroid,0.35185185185185186,0.3302536231884058,86,234,54,26,6,50,p_msp,288,32,3,within_source_permutation,2
5,contract_logistic,0.42592592592592593,0.41881792985358346,86,234,54,26,6,50,p_msp,288,32,3,within_source_permutation,2
5,nearest_centroid,0.4444444444444444,0.44008431508431506,86,234,54,26,6,50,p_msp,288,32,3,within_source_permutation,2
1,contract_logistic,0.36507936507936506,0.35439808418531826,222,225,63,25,7,50,ck4p_msp,288,32,3,within_source_permutation,2
1,nearest_centroid,0.3333333333333333,0.3046336379669713,222,225,63,25,7,50,ck4p_msp,288,32,3,within_source_permutation,2
2,contract_logistic,0.2857142857142857,0.2638499844382197,222,225,63,25,7,50,ck4p_msp,288,32,3,within_source_permutation,2
2,nearest_centroid,0.25396825396825395,0.22913343965975544,222,225,63,25,7,50,ck4p_msp,288,32,3,within_source_permutation,2
3,contract_logistic,0.35185185185185186,0.3452380952380952,222,234,54,26,6,50,ck4p_msp,288,32,3,within_source_permutation,2
3,nearest_centroid,0.3333333333333333,0.32857142857142857,222,234,54,26,6,50,ck4p_msp,288,32,3,within_source_permutation,2
4,contract_logistic,0.3333333333333333,0.326984126984127,222,234,54,26,6,50,ck4p_msp,288,32,3,within_source_permutation,2
4,nearest_centroid,0.2777777777777778,0.2662936142198815,222,234,54,26,6,50,ck4p_msp,288,32,3,within_source_permutation,2
5,contract_logistic,0.3333333333333333,0.3237802641232575,222,234,54,26,6,50,ck4p_msp,288,32,3,within_source_permutation,2
5,nearest_centroid,0.35185185185185186,0.32051282051282054,222,234,54,26,6,50,ck4p_msp,288,32,3,within_source_permutation,2
1,contract_logistic,0.31746031746031744,0.3148148148148148,136,225,63,25,7,50,ck4,288,32,3,within_source_permutation,3
1,nearest_centroid,0.31746031746031744,0.3189488997999636,136,225,63,25,7,50,ck4,288,32,3,within_source_permutation,3
2,contract_logistic,0.4126984126984127,0.4115627822944896,136,225,63,25,7,50,ck4,288,32,3,within_source_permutation,3
2,nearest_centroid,0.42857142857142855,0.4177978883861237,136,225,63,25,7,50,ck4,288,32,3,within_source_permutation,3
3,contract_logistic,0.4074074074074074,0.3748412698412698,136,234,54,26,6,50,ck4,288,32,3,within_source_permutation,3
3,nearest_centroid,0.4074074074074074,0.39982054337113687,136,234,54,26,6,50,ck4,288,32,3,within_source_permutation,3
4,contract_logistic,0.2962962962962963,0.3012055117318275,136,234,54,26,6,50,ck4,288,32,3,within_source_permutation,3
4,nearest_centroid,0.25925925925925924,0.26064814814814813,136,234,54,26,6,50,ck4,288,32,3,within_source_permutation,3
5,contract_logistic,0.35185185185185186,0.36068376068376073,136,234,54,26,6,50,ck4,288,32,3,within_source_permutation,3
5,nearest_centroid,0.37037037037037035,0.36953465791342405,136,234,54,26,6,50,ck4,288,32,3,within_source_permutation,3
1,contract_logistic,0.31746031746031744,0.32087912087912085,397,225,63,25,7,50,ckmer5_count_l2,288,32,3,within_source_permutation,3
1,nearest_centroid,0.30158730158730157,0.29098448293494733,397,225,63,25,7,50,ckmer5_count_l2,288,32,3,within_source_permutation,3
2,contract_logistic,0.3968253968253968,0.39573643410852716,397,225,63,25,7,50,ckmer5_count_l2,288,32,3,within_source_permutation,3
2,nearest_centroid,0.4126984126984127,0.405795888768025,397,225,63,25,7,50,ckmer5_count_l2,288,32,3,within_source_permutation,3
3,contract_logistic,0.37037037037037035,0.32051282051282054,397,234,54,26,6,50,ckmer5_count_l2,288,32,3,within_source_permutation,3
3,nearest_centroid,0.37037037037037035,0.3551587301587302,397,234,54,26,6,50,ckmer5_count_l2,288,32,3,within_source_permutation,3
4,contract_logistic,0.2962962962962963,0.3023809523809524,397,234,54,26,6,50,ckmer5_count_l2,288,32,3,within_source_permutation,3
4,nearest_centroid,0.2777777777777778,0.28235294117647064,397,234,54,26,6,50,ckmer5_count_l2,288,32,3,within_source_permutation,3
5,contract_logistic,0.2962962962962963,0.28553168553168556,397,234,54,26,6,50,ckmer5_count_l2,288,32,3,within_source_permutation,3
5,nearest_centroid,0.37037037037037035,0.3394524959742351,397,234,54,26,6,50,ckmer5_count_l2,288,32,3,within_source_permutation,3
1,contract_logistic,0.3492063492063492,0.3455540560803719,11,225,63,25,7,50,p,288,32,3,within_source_permutation,3
1,nearest_centroid,0.3333333333333333,0.32796092796092796,11,225,63,25,7,50,p,288,32,3,within_source_permutation,3
2,contract_logistic,0.31746031746031744,0.2620840552667822,11,225,63,25,7,50,p,288,32,3,within_source_permutation,3
2,nearest_centroid,0.30158730158730157,0.25383449401638736,11,225,63,25,7,50,p,288,32,3,within_source_permutation,3
3,contract_logistic,0.37037037037037035,0.2965986394557823,11,234,54,26,6,50,p,288,32,3,within_source_permutation,3
3,nearest_centroid,0.37037037037037035,0.32515793385358605,11,234,54,26,6,50,p,288,32,3,within_source_permutation,3
4,contract_logistic,0.4074074074074074,0.326571004453241,11,234,54,26,6,50,p,288,32,3,within_source_permutation,3
4,nearest_centroid,0.4074074074074074,0.32608695652173914,11,234,54,26,6,50,p,288,32,3,within_source_permutation,3
5,contract_logistic,0.3888888888888889,0.33756613756613757,11,234,54,26,6,50,p,288,32,3,within_source_permutation,3
5,nearest_centroid,0.3888888888888889,0.3561794920274784,11,234,54,26,6,50,p,288,32,3,within_source_permutation,3
1,contract_logistic,0.23809523809523808,0.2124471952058159,75,225,63,25,7,50,msp,288,32,3,within_source_permutation,3
1,nearest_centroid,0.25396825396825395,0.24655011270548133,75,225,63,25,7,50,msp,288,32,3,within_source_permutation,3
2,contract_logistic,0.38095238095238093,0.375,75,225,63,25,7,50,msp,288,32,3,within_source_permutation,3
2,nearest_centroid,0.36507936507936506,0.35804093567251455,75,225,63,25,7,50,msp,288,32,3,within_source_permutation,3
3,contract_logistic,0.35185185185185186,0.34035087719298246,75,234,54,26,6,50,msp,288,32,3,within_source_permutation,3
3,nearest_centroid,0.35185185185185186,0.34161914297737733,75,234,54,26,6,50,msp,288,32,3,within_source_permutation,3
4,contract_logistic,0.35185185185185186,0.3486291486291487,75,234,54,26,6,50,msp,288,32,3,within_source_permutation,3
4,nearest_centroid,0.35185185185185186,0.3486291486291487,75,234,54,26,6,50,msp,288,32,3,within_source_permutation,3
5,contract_logistic,0.2962962962962963,0.30142928966458377,75,234,54,26,6,50,msp,288,32,3,within_source_permutation,3
5,nearest_centroid,0.2962962962962963,0.30142928966458377,75,234,54,26,6,50,msp,288,32,3,within_source_permutation,3
1,contract_logistic,0.23809523809523808,0.20634920634920637,86,225,63,25,7,50,p_msp,288,32,3,within_source_permutation,3
1,nearest_centroid,0.25396825396825395,0.2322027758712728,86,225,63,25,7,50,p_msp,288,32,3,within_source_permutation,3
2,contract_logistic,0.31746031746031744,0.31031543052003413,86,225,63,25,7,50,p_msp,288,32,3,within_source_permutation,3
2,nearest_centroid,0.3333333333333333,0.333023933023933,86,225,63,25,7,50,p_msp,288,32,3,within_source_permutation,3
3,contract_logistic,0.35185185185185186,0.33939769524736985,86,234,54,26,6,50,p_msp,288,32,3,within_source_permutation,3
3,nearest_centroid,0.35185185185185186,0.3457324358189819,86,234,54,26,6,50,p_msp,288,32,3,within_source_permutation,3
4,contract_logistic,0.3333333333333333,0.3115995115995116,86,234,54,26,6,50,p_msp,288,32,3,within_source_permutation,3
4,nearest_centroid,0.3333333333333333,0.3127973501957242,86,234,54,26,6,50,p_msp,288,32,3,within_source_permutation,3
5,contract_logistic,0.3148148148148148,0.3165451165451165,86,234,54,26,6,50,p_msp,288,32,3,within_source_permutation,3
5,nearest_centroid,0.3148148148148148,0.3165451165451165,86,234,54,26,6,50,p_msp,288,32,3,within_source_permutation,3
1,contract_logistic,0.30158730158730157,0.302020202020202,222,225,63,25,7,50,ck4p_msp,288,32,3,within_source_permutation,3
1,nearest_centroid,0.25396825396825395,0.25277664445351106,222,225,63,25,7,50,ck4p_msp,288,32,3,within_source_permutation,3
2,contract_logistic,0.38095238095238093,0.3801742030798234,222,225,63,25,7,50,ck4p_msp,288,32,3,within_source_permutation,3
2,nearest_centroid,0.42857142857142855,0.4177978883861237,222,225,63,25,7,50,ck4p_msp,288,32,3,within_source_permutation,3
3,contract_logistic,0.46296296296296297,0.43426344896933133,222,234,54,26,6,50,ck4p_msp,288,32,3,within_source_permutation,3
3,nearest_centroid,0.4074074074074074,0.39982054337113687,222,234,54,26,6,50,ck4p_msp,288,32,3,within_source_permutation,3
4,contract_logistic,0.3148148148148148,0.31295581295581293,222,234,54,26,6,50,ck4p_msp,288,32,3,within_source_permutation,3
4,nearest_centroid,0.25925925925925924,0.26064814814814813,222,234,54,26,6,50,ck4p_msp,288,32,3,within_source_permutation,3
5,contract_logistic,0.42592592592592593,0.4298245614035088,222,234,54,26,6,50,ck4p_msp,288,32,3,within_source_permutation,3
5,nearest_centroid,0.35185185185185186,0.35031939605110335,222,234,54,26,6,50,ck4p_msp,288,32,3,within_source_permutation,3
1,contract_logistic,0.30158730158730157,0.296532027743778,136,225,63,25,7,50,ck4,288,32,3,within_source_permutation,4
1,nearest_centroid,0.3492063492063492,0.34385964912280703,136,225,63,25,7,50,ck4,288,32,3,within_source_permutation,4
2,contract_logistic,0.31746031746031744,0.31522542498152256,136,225,63,25,7,50,ck4,288,32,3,within_source_permutation,4
2,nearest_centroid,0.2857142857142857,0.27472527472527475,136,225,63,25,7,50,ck4,288,32,3,within_source_permutation,4
3,contract_logistic,0.25925925925925924,0.24494069454634385,136,234,54,26,6,50,ck4,288,32,3,within_source_permutation,4
3,nearest_centroid,0.2777777777777778,0.25892857142857145,136,234,54,26,6,50,ck4,288,32,3,within_source_permutation,4
4,contract_logistic,0.35185185185185186,0.350041108762039,136,234,54,26,6,50,ck4,288,32,3,within_source_permutation,4
4,nearest_centroid,0.3148148148148148,0.3018531228551819,136,234,54,26,6,50,ck4,288,32,3,within_source_permutation,4
5,contract_logistic,0.3333333333333333,0.332932003210641,136,234,54,26,6,50,ck4,288,32,3,within_source_permutation,4
5,nearest_centroid,0.2962962962962963,0.2930815430815431,136,234,54,26,6,50,ck4,288,32,3,within_source_permutation,4
1,contract_logistic,0.2857142857142857,0.2898090637221072,397,225,63,25,7,50,ckmer5_count_l2,288,32,3,within_source_permutation,4
1,nearest_centroid,0.3333333333333333,0.32463016386436266,397,225,63,25,7,50,ckmer5_count_l2,288,32,3,within_source_permutation,4
2,contract_logistic,0.30158730158730157,0.30076123554384426,397,225,63,25,7,50,ckmer5_count_l2,288,32,3,within_source_permutation,4
2,nearest_centroid,0.31746031746031744,0.30859950859950863,397,225,63,25,7,50,ckmer5_count_l2,288,32,3,within_source_permutation,4
3,contract_logistic,0.2777777777777778,0.2584816462736374,397,234,54,26,6,50,ckmer5_count_l2,288,32,3,within_source_permutation,4
3,nearest_centroid,0.3148148148148148,0.30641415322266385,397,234,54,26,6,50,ckmer5_count_l2,288,32,3,within_source_permutation,4
4,contract_logistic,0.3333333333333333,0.31859649122807016,397,234,54,26,6,50,ckmer5_count_l2,288,32,3,within_source_permutation,4
4,nearest_centroid,0.3148148148148148,0.30556298078351,397,234,54,26,6,50,ckmer5_count_l2,288,32,3,within_source_permutation,4
5,contract_logistic,0.3148148148148148,0.3000982469067575,397,234,54,26,6,50,ckmer5_count_l2,288,32,3,within_source_permutation,4
5,nearest_centroid,0.3148148148148148,0.2946588693957115,397,234,54,26,6,50,ckmer5_count_l2,288,32,3,within_source_permutation,4
1,contract_logistic,0.2698412698412698,0.25754147812971345,11,225,63,25,7,50,p,288,32,3,within_source_permutation,4
1,nearest_centroid,0.2698412698412698,0.25754147812971345,11,225,63,25,7,50,p,288,32,3,within_source_permutation,4
2,contract_logistic,0.3333333333333333,0.29131554679301686,11,225,63,25,7,50,p,288,32,3,within_source_permutation,4
2,nearest_centroid,0.3333333333333333,0.29131554679301686,11,225,63,25,7,50,p,288,32,3,within_source_permutation,4
3,contract_logistic,0.3888888888888889,0.30974764967837703,11,234,54,26,6,50,p,288,32,3,within_source_permutation,4
3,nearest_centroid,0.35185185185185186,0.31058195957453644,11,234,54,26,6,50,p,288,32,3,within_source_permutation,4
4,contract_logistic,0.35185185185185186,0.3450630252100841,11,234,54,26,6,50,p,288,32,3,within_source_permutation,4
4,nearest_centroid,0.35185185185185186,0.3450630252100841,11,234,54,26,6,50,p,288,32,3,within_source_permutation,4
5,contract_logistic,0.35185185185185186,0.3070871314773754,11,234,54,26,6,50,p,288,32,3,within_source_permutation,4
5,nearest_centroid,0.3333333333333333,0.2919484702093398,11,234,54,26,6,50,p,288,32,3,within_source_permutation,4
1,contract_logistic,0.30158730158730157,0.3040301010925246,75,225,63,25,7,50,msp,288,32,3,within_source_permutation,4
1,nearest_centroid,0.30158730158730157,0.3040301010925246,75,225,63,25,7,50,msp,288,32,3,within_source_permutation,4
2,contract_logistic,0.2698412698412698,0.27087952697708795,75,225,63,25,7,50,msp,288,32,3,within_source_permutation,4
2,nearest_centroid,0.2698412698412698,0.27054263565891473,75,225,63,25,7,50,msp,288,32,3,within_source_permutation,4
3,contract_logistic,0.37037037037037035,0.3704260651629072,75,234,54,26,6,50,msp,288,32,3,within_source_permutation,4
3,nearest_centroid,0.37037037037037035,0.36899438137828233,75,234,54,26,6,50,msp,288,32,3,within_source_permutation,4
4,contract_logistic,0.37037037037037035,0.3712962962962963,75,234,54,26,6,50,msp,288,32,3,within_source_permutation,4
4,nearest_centroid,0.37037037037037035,0.3712962962962963,75,234,54,26,6,50,msp,288,32,3,within_source_permutation,4
5,contract_logistic,0.35185185185185186,0.34179894179894177,75,234,54,26,6,50,msp,288,32,3,within_source_permutation,4
5,nearest_centroid,0.35185185185185186,0.34179894179894177,75,234,54,26,6,50,msp,288,32,3,within_source_permutation,4
1,contract_logistic,0.31746031746031744,0.31811412589444626,86,225,63,25,7,50,p_msp,288,32,3,within_source_permutation,4
1,nearest_centroid,0.30158730158730157,0.3040301010925246,86,225,63,25,7,50,p_msp,288,32,3,within_source_permutation,4
2,contract_logistic,0.2698412698412698,0.2718762718762719,86,225,63,25,7,50,p_msp,288,32,3,within_source_permutation,4
2,nearest_centroid,0.2857142857142857,0.2883017163504968,86,225,63,25,7,50,p_msp,288,32,3,within_source_permutation,4
3,contract_logistic,0.3888888888888889,0.3855635821580094,86,234,54,26,6,50,p_msp,288,32,3,within_source_permutation,4
3,nearest_centroid,0.3888888888888889,0.3855635821580094,86,234,54,26,6,50,p_msp,288,32,3,within_source_permutation,4
4,contract_logistic,0.3888888888888889,0.3879629629629629,86,234,54,26,6,50,p_msp,288,32,3,within_source_permutation,4
4,nearest_centroid,0.3888888888888889,0.3879629629629629,86,234,54,26,6,50,p_msp,288,32,3,within_source_permutation,4
5,contract_logistic,0.35185185185185186,0.3467479674796748,86,234,54,26,6,50,p_msp,288,32,3,within_source_permutation,4
5,nearest_centroid,0.37037037037037035,0.36481481481481487,86,234,54,26,6,50,p_msp,288,32,3,within_source_permutation,4
1,contract_logistic,0.2698412698412698,0.26574349730059454,222,225,63,25,7,50,ck4p_msp,288,32,3,within_source_permutation,4
1,nearest_centroid,0.3492063492063492,0.3467438705742041,222,225,63,25,7,50,ck4p_msp,288,32,3,within_source_permutation,4
2,contract_logistic,0.2857142857142857,0.27614451185879757,222,225,63,25,7,50,ck4p_msp,288,32,3,within_source_permutation,4
2,nearest_centroid,0.2698412698412698,0.2545197416198448,222,225,63,25,7,50,ck4p_msp,288,32,3,within_source_permutation,4
3,contract_logistic,0.2777777777777778,0.25892857142857145,222,234,54,26,6,50,ck4p_msp,288,32,3,within_source_permutation,4
3,nearest_centroid,0.2777777777777778,0.25892857142857145,222,234,54,26,6,50,ck4p_msp,288,32,3,within_source_permutation,4
4,contract_logistic,0.37037037037037035,0.3664059954382535,222,234,54,26,6,50,ck4p_msp,288,32,3,within_source_permutation,4
4,nearest_centroid,0.3148148148148148,0.3018531228551819,222,234,54,26,6,50,ck4p_msp,288,32,3,within_source_permutation,4
5,contract_logistic,0.35185185185185186,0.35202345202345203,222,234,54,26,6,50,ck4p_msp,288,32,3,within_source_permutation,4
5,nearest_centroid,0.2962962962962963,0.2930815430815431,222,234,54,26,6,50,ck4p_msp,288,32,3,within_source_permutation,4
1,contract_logistic,0.30158730158730157,0.2862422100623195,136,216,63,24,7,75,ck4,279,31,3,within_source_permutation,0
1,nearest_centroid,0.31746031746031744,0.31043771043771046,136,216,63,24,7,75,ck4,279,31,3,within_source_permutation,0
2,contract_logistic,0.37037037037037035,0.3624338624338624,136,225,54,25,6,75,ck4,279,31,3,within_source_permutation,0
2,nearest_centroid,0.37037037037037035,0.3659077797008832,136,225,54,25,6,75,ck4,279,31,3,within_source_permutation,0
3,contract_logistic,0.25925925925925924,0.2303976217019695,136,225,54,25,6,75,ck4,279,31,3,within_source_permutation,0
3,nearest_centroid,0.2777777777777778,0.24675324675324675,136,225,54,25,6,75,ck4,279,31,3,within_source_permutation,0
4,contract_logistic,0.37037037037037035,0.2951251646903821,136,225,54,25,6,75,ck4,279,31,3,within_source_permutation,0
4,nearest_centroid,0.35185185185185186,0.27873989774039254,136,225,54,25,6,75,ck4,279,31,3,within_source_permutation,0
5,contract_logistic,0.25925925925925924,0.2606516290726817,136,225,54,25,6,75,ck4,279,31,3,within_source_permutation,0
5,nearest_centroid,0.3333333333333333,0.33584494773519163,136,225,54,25,6,75,ck4,279,31,3,within_source_permutation,0
1,contract_logistic,0.3492063492063492,0.34287056612638017,461,216,63,24,7,75,ckmer5_count_l2,279,31,3,within_source_permutation,0
1,nearest_centroid,0.25396825396825395,0.24301841948900774,461,216,63,24,7,75,ckmer5_count_l2,279,31,3,within_source_permutation,0
2,contract_logistic,0.35185185185185186,0.33798309178743957,461,225,54,25,6,75,ckmer5_count_l2,279,31,3,within_source_permutation,0
2,nearest_centroid,0.37037037037037035,0.36553030303030304,461,225,54,25,6,75,ckmer5_count_l2,279,31,3,within_source_permutation,0
3,contract_logistic,0.25925925925925924,0.2338658851704796,461,225,54,25,6,75,ckmer5_count_l2,279,31,3,within_source_permutation,0
3,nearest_centroid,0.2777777777777778,0.25137011326269637,461,225,54,25,6,75,ckmer5_count_l2,279,31,3,within_source_permutation,0
4,contract_logistic,0.2777777777777778,0.24701644531973269,461,225,54,25,6,75,ckmer5_count_l2,279,31,3,within_source_permutation,0
4,nearest_centroid,0.3148148148148148,0.24456611913057905,461,225,54,25,6,75,ckmer5_count_l2,279,31,3,within_source_permutation,0
5,contract_logistic,0.25925925925925924,0.24503968253968253,461,225,54,25,6,75,ckmer5_count_l2,279,31,3,within_source_permutation,0
5,nearest_centroid,0.18518518518518517,0.18585412335412335,461,225,54,25,6,75,ckmer5_count_l2,279,31,3,within_source_permutation,0
1,contract_logistic,0.30158730158730157,0.3015743535361775,11,216,63,24,7,75,p,279,31,3,within_source_permutation,0
1,nearest_centroid,0.30158730158730157,0.3015743535361775,11,216,63,24,7,75,p,279,31,3,within_source_permutation,0
2,contract_logistic,0.4074074074074074,0.3968339307048985,11,225,54,25,6,75,p,279,31,3,within_source_permutation,0
2,nearest_centroid,0.4074074074074074,0.3968339307048985,11,225,54,25,6,75,p,279,31,3,within_source_permutation,0
3,contract_logistic,0.37037037037037035,0.3698602448602449,11,225,54,25,6,75,p,279,31,3,within_source_permutation,0
3,nearest_centroid,0.35185185185185186,0.3525525525525525,11,225,54,25,6,75,p,279,31,3,within_source_permutation,0
4,contract_logistic,0.3333333333333333,0.2696969696969697,11,225,54,25,6,75,p,279,31,3,within_source_permutation,0
4,nearest_centroid,0.3148148148148148,0.25757575757575757,11,225,54,25,6,75,p,279,31,3,within_source_permutation,0
5,contract_logistic,0.2777777777777778,0.25884237016700984,11,225,54,25,6,75,p,279,31,3,within_source_permutation,0
5,nearest_centroid,0.2777777777777778,0.25884237016700984,11,225,54,25,6,75,p,279,31,3,within_source_permutation,0
1,contract_logistic,0.31746031746031744,0.3042973286875726,75,216,63,24,7,75,msp,279,31,3,within_source_permutation,0
1,nearest_centroid,0.3333333333333333,0.3261445118587976,75,216,63,24,7,75,msp,279,31,3,within_source_permutation,0
2,contract_logistic,0.2962962962962963,0.2847953216374269,75,225,54,25,6,75,msp,279,31,3,within_source_permutation,0
2,nearest_centroid,0.2962962962962963,0.2847953216374269,75,225,54,25,6,75,msp,279,31,3,within_source_permutation,0
3,contract_logistic,0.4074074074074074,0.4102485648512399,75,225,54,25,6,75,msp,279,31,3,within_source_permutation,0
3,nearest_centroid,0.4074074074074074,0.4087962962962963,75,225,54,25,6,75,msp,279,31,3,within_source_permutation,0
4,contract_logistic,0.4074074074074074,0.40401002506265665,75,225,54,25,6,75,msp,279,31,3,within_source_permutation,0
4,nearest_centroid,0.4074074074074074,0.40401002506265665,75,225,54,25,6,75,msp,279,31,3,within_source_permutation,0
5,contract_logistic,0.37037037037037035,0.3665093102543929,75,225,54,25,6,75,msp,279,31,3,within_source_permutation,0
5,nearest_centroid,0.4074074074074074,0.3968627109543918,75,225,54,25,6,75,msp,279,31,3,within_source_permutation,0
1,contract_logistic,0.3492063492063492,0.33961825602692475,86,216,63,24,7,75,p_msp,279,31,3,within_source_permutation,0
1,nearest_centroid,0.3333333333333333,0.3269115269115269,86,216,63,24,7,75,p_msp,279,31,3,within_source_permutation,0
2,contract_logistic,0.3148148148148148,0.30460621912234814,86,225,54,25,6,75,p_msp,279,31,3,within_source_permutation,0
2,nearest_centroid,0.3333333333333333,0.3272695772695773,86,225,54,25,6,75,p_msp,279,31,3,within_source_permutation,0
3,contract_logistic,0.4074074074074074,0.40821006765279205,86,225,54,25,6,75,p_msp,279,31,3,within_source_permutation,0
3,nearest_centroid,0.3888888888888889,0.38958958958958956,86,225,54,25,6,75,p_msp,279,31,3,within_source_permutation,0
4,contract_logistic,0.4444444444444444,0.4429788640314956,86,225,54,25,6,75,p_msp,279,31,3,within_source_permutation,0
4,nearest_centroid,0.4444444444444444,0.4429788640314956,86,225,54,25,6,75,p_msp,279,31,3,within_source_permutation,0
5,contract_logistic,0.35185185185185186,0.3481481481481481,86,225,54,25,6,75,p_msp,279,31,3,within_source_permutation,0
5,nearest_centroid,0.37037037037037035,0.3640350877192982,86,225,54,25,6,75,p_msp,279,31,3,within_source_permutation,0
1,contract_logistic,0.31746031746031744,0.30676513029454205,222,216,63,24,7,75,ck4p_msp,279,31,3,within_source_permutation,0
1,nearest_centroid,0.31746031746031744,0.31043771043771046,222,216,63,24,7,75,ck4p_msp,279,31,3,within_source_permutation,0
2,contract_logistic,0.35185185185185186,0.34707000504915503,222,225,54,25,6,75,ck4p_msp,279,31,3,within_source_permutation,0
2,nearest_centroid,0.37037037037037035,0.3649794562461754,222,225,54,25,6,75,ck4p_msp,279,31,3,within_source_permutation,0
3,contract_logistic,0.37037037037037035,0.3397429443941072,222,225,54,25,6,75,ck4p_msp,279,31,3,within_source_permutation,0
3,nearest_centroid,0.2962962962962963,0.2772401174827868,222,225,54,25,6,75,ck4p_msp,279,31,3,within_source_permutation,0
4,contract_logistic,0.37037037037037035,0.2951251646903821,222,225,54,25,6,75,ck4p_msp,279,31,3,within_source_permutation,0
4,nearest_centroid,0.35185185185185186,0.27873989774039254,222,225,54,25,6,75,ck4p_msp,279,31,3,within_source_permutation,0
5,contract_logistic,0.2222222222222222,0.2215219421101774,222,225,54,25,6,75,ck4p_msp,279,31,3,within_source_permutation,0
5,nearest_centroid,0.3148148148148148,0.31805094130675526,222,225,54,25,6,75,ck4p_msp,279,31,3,within_source_permutation,0
1,contract_logistic,0.36507936507936506,0.37104377104377106,136,216,63,24,7,75,ck4,279,31,3,within_source_permutation,1
1,nearest_centroid,0.30158730158730157,0.3009874492432632,136,216,63,24,7,75,ck4,279,31,3,within_source_permutation,1
2,contract_logistic,0.35185185185185186,0.3515908927673634,136,225,54,25,6,75,ck4,279,31,3,within_source_permutation,1
2,nearest_centroid,0.37037037037037035,0.3686274509803922,136,225,54,25,6,75,ck4,279,31,3,within_source_permutation,1
3,contract_logistic,0.35185185185185186,0.32722849328316483,136,225,54,25,6,75,ck4,279,31,3,within_source_permutation,1
3,nearest_centroid,0.37037037037037035,0.36267467676635756,136,225,54,25,6,75,ck4,279,31,3,within_source_permutation,1
4,contract_logistic,0.3148148148148148,0.30584415584415586,136,225,54,25,6,75,ck4,279,31,3,within_source_permutation,1
4,nearest_centroid,0.3888888888888889,0.3509907979940601,136,225,54,25,6,75,ck4,279,31,3,within_source_permutation,1
5,contract_logistic,0.2962962962962963,0.2787220026350461,136,225,54,25,6,75,ck4,279,31,3,within_source_permutation,1
5,nearest_centroid,0.37037037037037035,0.3435431235431235,136,225,54,25,6,75,ck4,279,31,3,within_source_permutation,1
1,contract_logistic,0.3492063492063492,0.35443378296945255,461,216,63,24,7,75,ckmer5_count_l2,279,31,3,within_source_permutation,1
1,nearest_centroid,0.3492063492063492,0.3385111620405738,461,216,63,24,7,75,ckmer5_count_l2,279,31,3,within_source_permutation,1
2,contract_logistic,0.3333333333333333,0.30806391675956896,461,225,54,25,6,75,ckmer5_count_l2,279,31,3,within_source_permutation,1
2,nearest_centroid,0.3888888888888889,0.38734402852049915,461,225,54,25,6,75,ckmer5_count_l2,279,31,3,within_source_permutation,1
3,contract_logistic,0.3148148148148148,0.3074311087893431,461,225,54,25,6,75,ckmer5_count_l2,279,31,3,within_source_permutation,1
3,nearest_centroid,0.2777777777777778,0.27726178190574474,461,225,54,25,6,75,ckmer5_count_l2,279,31,3,within_source_permutation,1
4,contract_logistic,0.3333333333333333,0.3308270676691729,461,225,54,25,6,75,ckmer5_count_l2,279,31,3,within_source_permutation,1
4,nearest_centroid,0.48148148148148145,0.4550361918782971,461,225,54,25,6,75,ckmer5_count_l2,279,31,3,within_source_permutation,1
5,contract_logistic,0.2962962962962963,0.25890852974186307,461,225,54,25,6,75,ckmer5_count_l2,279,31,3,within_source_permutation,1
5,nearest_centroid,0.2962962962962963,0.26724256136020846,461,225,54,25,6,75,ckmer5_count_l2,279,31,3,within_source_permutation,1
1,contract_logistic,0.36507936507936506,0.3264792186747252,11,216,63,24,7,75,p,279,31,3,within_source_permutation,1
1,nearest_centroid,0.36507936507936506,0.3264792186747252,11,216,63,24,7,75,p,279,31,3,within_source_permutation,1
2,contract_logistic,0.37037037037037035,0.3598416965352449,11,225,54,25,6,75,p,279,31,3,within_source_permutation,1
2,nearest_centroid,0.37037037037037035,0.3598416965352449,11,225,54,25,6,75,p,279,31,3,within_source_permutation,1
3,contract_logistic,0.3333333333333333,0.3208052651955091,11,225,54,25,6,75,p,279,31,3,within_source_permutation,1
3,nearest_centroid,0.3333333333333333,0.3208052651955091,11,225,54,25,6,75,p,279,31,3,within_source_permutation,1
4,contract_logistic,0.3333333333333333,0.25974025974025977,11,225,54,25,6,75,p,279,31,3,within_source_permutation,1
4,nearest_centroid,0.3333333333333333,0.28466053711495504,11,225,54,25,6,75,p,279,31,3,within_source_permutation,1
5,contract_logistic,0.4074074074074074,0.3844915149262975,11,225,54,25,6,75,p,279,31,3,within_source_permutation,1
5,nearest_centroid,0.4074074074074074,0.3844915149262975,11,225,54,25,6,75,p,279,31,3,within_source_permutation,1
1,contract_logistic,0.36507936507936506,0.3579369669595233,75,216,63,24,7,75,msp,279,31,3,within_source_permutation,1
1,nearest_centroid,0.3492063492063492,0.3450292397660819,75,216,63,24,7,75,msp,279,31,3,within_source_permutation,1
2,contract_logistic,0.3148148148148148,0.2864241701451004,75,225,54,25,6,75,msp,279,31,3,within_source_permutation,1
2,nearest_centroid,0.3333333333333333,0.31311897978564646,75,225,54,25,6,75,msp,279,31,3,within_source_permutation,1
3,contract_logistic,0.3888888888888889,0.36428571428571427,75,225,54,25,6,75,msp,279,31,3,within_source_permutation,1
3,nearest_centroid,0.3888888888888889,0.36428571428571427,75,225,54,25,6,75,msp,279,31,3,within_source_permutation,1
4,contract_logistic,0.3333333333333333,0.32397558849171754,75,225,54,25,6,75,msp,279,31,3,within_source_permutation,1
4,nearest_centroid,0.35185185185185186,0.3462115962115962,75,225,54,25,6,75,msp,279,31,3,within_source_permutation,1
5,contract_logistic,0.4074074074074074,0.40266106442577027,75,225,54,25,6,75,msp,279,31,3,within_source_permutation,1
5,nearest_centroid,0.3888888888888889,0.3840122893207542,75,225,54,25,6,75,msp,279,31,3,within_source_permutation,1
1,contract_logistic,0.38095238095238093,0.3757859900717044,86,216,63,24,7,75,p_msp,279,31,3,within_source_permutation,1
1,nearest_centroid,0.3968253968253968,0.3932656060315635,86,216,63,24,7,75,p_msp,279,31,3,within_source_permutation,1
2,contract_logistic,0.2777777777777778,0.25546058879392214,86,225,54,25,6,75,p_msp,279,31,3,within_source_permutation,1
2,nearest_centroid,0.25925925925925924,0.24220772496634566,86,225,54,25,6,75,p_msp,279,31,3,within_source_permutation,1
3,contract_logistic,0.4074074074074074,0.38095238095238093,86,225,54,25,6,75,p_msp,279,31,3,within_source_permutation,1
3,nearest_centroid,0.3888888888888889,0.3669171824344238,86,225,54,25,6,75,p_msp,279,31,3,within_source_permutation,1
4,contract_logistic,0.3148148148148148,0.30570854095637734,86,225,54,25,6,75,p_msp,279,31,3,within_source_permutation,1
4,nearest_centroid,0.3333333333333333,0.3277777777777778,86,225,54,25,6,75,p_msp,279,31,3,within_source_permutation,1
5,contract_logistic,0.3888888888888889,0.3830532212885154,86,225,54,25,6,75,p_msp,279,31,3,within_source_permutation,1
5,nearest_centroid,0.37037037037037035,0.3686274509803922,86,225,54,25,6,75,p_msp,279,31,3,within_source_permutation,1
1,contract_logistic,0.36507936507936506,0.36762360446570974,222,216,63,24,7,75,ck4p_msp,279,31,3,within_source_permutation,1
1,nearest_centroid,0.31746031746031744,0.3157409965920604,222,216,63,24,7,75,ck4p_msp,279,31,3,within_source_permutation,1
2,contract_logistic,0.35185185185185186,0.35202345202345203,222,225,54,25,6,75,ck4p_msp,279,31,3,within_source_permutation,1
2,nearest_centroid,0.3888888888888889,0.38427871148459386,222,225,54,25,6,75,ck4p_msp,279,31,3,within_source_permutation,1
3,contract_logistic,0.37037037037037035,0.34761904761904766,222,225,54,25,6,75,ck4p_msp,279,31,3,within_source_permutation,1
3,nearest_centroid,0.37037037037037035,0.36267467676635756,222,225,54,25,6,75,ck4p_msp,279,31,3,within_source_permutation,1
4,contract_logistic,0.35185185185185186,0.3100050851767099,222,225,54,25,6,75,ck4p_msp,279,31,3,within_source_permutation,1
4,nearest_centroid,0.3888888888888889,0.3509907979940601,222,225,54,25,6,75,ck4p_msp,279,31,3,within_source_permutation,1
5,contract_logistic,0.35185185185185186,0.3246376811594203,222,225,54,25,6,75,ck4p_msp,279,31,3,within_source_permutation,1
5,nearest_centroid,0.35185185185185186,0.3273592741677848,222,225,54,25,6,75,ck4p_msp,279,31,3,within_source_permutation,1
1,contract_logistic,0.30158730158730157,0.29087549087549086,136,216,63,24,7,75,ck4,279,31,3,within_source_permutation,2
1,nearest_centroid,0.31746031746031744,0.29518999518999517,136,216,63,24,7,75,ck4,279,31,3,within_source_permutation,2
2,contract_logistic,0.3888888888888889,0.38365300784655626,136,225,54,25,6,75,ck4,279,31,3,within_source_permutation,2
2,nearest_centroid,0.3888888888888889,0.38418005311044356,136,225,54,25,6,75,ck4,279,31,3,within_source_permutation,2
3,contract_logistic,0.3333333333333333,0.32078853046594985,136,225,54,25,6,75,ck4,279,31,3,within_source_permutation,2
3,nearest_centroid,0.4444444444444444,0.44127066939118587,136,225,54,25,6,75,ck4,279,31,3,within_source_permutation,2
4,contract_logistic,0.35185185185185186,0.3450268817204301,136,225,54,25,6,75,ck4,279,31,3,within_source_permutation,2
4,nearest_centroid,0.42592592592592593,0.4245614035087719,136,225,54,25,6,75,ck4,279,31,3,within_source_permutation,2
5,contract_logistic,0.25925925925925924,0.24603174603174602,136,225,54,25,6,75,ck4,279,31,3,within_source_permutation,2
5,nearest_centroid,0.25925925925925924,0.25529348700080406,136,225,54,25,6,75,ck4,279,31,3,within_source_permutation,2
1,contract_logistic,0.4126984126984127,0.3891804984158509,461,216,63,24,7,75,ckmer5_count_l2,279,31,3,within_source_permutation,2
1,nearest_centroid,0.4444444444444444,0.4057620540379161,461,216,63,24,7,75,ckmer5_count_l2,279,31,3,within_source_permutation,2
2,contract_logistic,0.46296296296296297,0.4581196581196581,461,225,54,25,6,75,ckmer5_count_l2,279,31,3,within_source_permutation,2
2,nearest_centroid,0.4074074074074074,0.4056854294545296,461,225,54,25,6,75,ckmer5_count_l2,279,31,3,within_source_permutation,2
3,contract_logistic,0.35185185185185186,0.3525268769171208,461,225,54,25,6,75,ckmer5_count_l2,279,31,3,within_source_permutation,2
3,nearest_centroid,0.37037037037037035,0.3528682170542636,461,225,54,25,6,75,ckmer5_count_l2,279,31,3,within_source_permutation,2
4,contract_logistic,0.2962962962962963,0.3008690655749479,461,225,54,25,6,75,ckmer5_count_l2,279,31,3,within_source_permutation,2
4,nearest_centroid,0.3888888888888889,0.38520064345028476,461,225,54,25,6,75,ckmer5_count_l2,279,31,3,within_source_permutation,2
5,contract_logistic,0.2777777777777778,0.2716503267973856,461,225,54,25,6,75,ckmer5_count_l2,279,31,3,within_source_permutation,2
5,nearest_centroid,0.37037037037037035,0.36932367149758455,461,225,54,25,6,75,ckmer5_count_l2,279,31,3,within_source_permutation,2
1,contract_logistic,0.30158730158730157,0.3031165311653117,11,216,63,24,7,75,p,279,31,3,within_source_permutation,2
1,nearest_centroid,0.30158730158730157,0.3031165311653117,11,216,63,24,7,75,p,279,31,3,within_source_permutation,2
2,contract_logistic,0.35185185185185186,0.3428995840760547,11,225,54,25,6,75,p,279,31,3,within_source_permutation,2
2,nearest_centroid,0.35185185185185186,0.34270948689553343,11,225,54,25,6,75,p,279,31,3,within_source_permutation,2
3,contract_logistic,0.2962962962962963,0.26060606060606056,11,225,54,25,6,75,p,279,31,3,within_source_permutation,2
3,nearest_centroid,0.2962962962962963,0.26060606060606056,11,225,54,25,6,75,p,279,31,3,within_source_permutation,2
4,contract_logistic,0.3148148148148148,0.30959586696013697,11,225,54,25,6,75,p,279,31,3,within_source_permutation,2
4,nearest_centroid,0.3148148148148148,0.308906152984114,11,225,54,25,6,75,p,279,31,3,within_source_permutation,2
5,contract_logistic,0.3333333333333333,0.26495726495726496,11,225,54,25,6,75,p,279,31,3,within_source_permutation,2
5,nearest_centroid,0.3333333333333333,0.26495726495726496,11,225,54,25,6,75,p,279,31,3,within_source_permutation,2
1,contract_logistic,0.4126984126984127,0.4077714077714078,75,216,63,24,7,75,msp,279,31,3,within_source_permutation,2
1,nearest_centroid,0.42857142857142855,0.42204655248133505,75,216,63,24,7,75,msp,279,31,3,within_source_permutation,2
2,contract_logistic,0.4444444444444444,0.4356325863678805,75,225,54,25,6,75,msp,279,31,3,within_source_permutation,2
2,nearest_centroid,0.46296296296296297,0.45693665492804664,75,225,54,25,6,75,msp,279,31,3,within_source_permutation,2
3,contract_logistic,0.35185185185185186,0.3499432446800868,75,225,54,25,6,75,msp,279,31,3,within_source_permutation,2
3,nearest_centroid,0.37037037037037035,0.37008370599701873,75,225,54,25,6,75,msp,279,31,3,within_source_permutation,2
4,contract_logistic,0.3888888888888889,0.38484320557491286,75,225,54,25,6,75,msp,279,31,3,within_source_permutation,2
4,nearest_centroid,0.3888888888888889,0.38484320557491286,75,225,54,25,6,75,msp,279,31,3,within_source_permutation,2
5,contract_logistic,0.3148148148148148,0.3165451165451166,75,225,54,25,6,75,msp,279,31,3,within_source_permutation,2
5,nearest_centroid,0.3148148148148148,0.3165451165451166,75,225,54,25,6,75,msp,279,31,3,within_source_permutation,2
1,contract_logistic,0.3968253968253968,0.3923531551191126,86,216,63,24,7,75,p_msp,279,31,3,within_source_permutation,2
1,nearest_centroid,0.38095238095238093,0.374434638720353,86,216,63,24,7,75,p_msp,279,31,3,within_source_permutation,2
2,contract_logistic,0.37037037037037035,0.35984848484848486,86,225,54,25,6,75,p_msp,279,31,3,within_source_permutation,2
2,nearest_centroid,0.37037037037037035,0.3600521342456826,86,225,54,25,6,75,p_msp,279,31,3,within_source_permutation,2
3,contract_logistic,0.3148148148148148,0.3139406125244048,86,225,54,25,6,75,p_msp,279,31,3,within_source_permutation,2
3,nearest_centroid,0.3333333333333333,0.3323529411764706,86,225,54,25,6,75,p_msp,279,31,3,within_source_permutation,2
4,contract_logistic,0.37037037037037035,0.36718020541549956,86,225,54,25,6,75,p_msp,279,31,3,within_source_permutation,2
4,nearest_centroid,0.37037037037037035,0.36718020541549956,86,225,54,25,6,75,p_msp,279,31,3,within_source_permutation,2
5,contract_logistic,0.3333333333333333,0.3339768339768339,86,225,54,25,6,75,p_msp,279,31,3,within_source_permutation,2
5,nearest_centroid,0.3333333333333333,0.3339768339768339,86,225,54,25,6,75,p_msp,279,31,3,within_source_permutation,2
1,contract_logistic,0.30158730158730157,0.29051032456605214,222,216,63,24,7,75,ck4p_msp,279,31,3,within_source_permutation,2
1,nearest_centroid,0.3333333333333333,0.3073112073112073,222,216,63,24,7,75,ck4p_msp,279,31,3,within_source_permutation,2
2,contract_logistic,0.35185185185185186,0.34333846041163113,222,225,54,25,6,75,ck4p_msp,279,31,3,within_source_permutation,2
2,nearest_centroid,0.3888888888888889,0.3850043591979076,222,225,54,25,6,75,ck4p_msp,279,31,3,within_source_permutation,2
3,contract_logistic,0.4074074074074074,0.3979230101643057,222,225,54,25,6,75,ck4p_msp,279,31,3,within_source_permutation,2
3,nearest_centroid,0.4444444444444444,0.4417682926829268,222,225,54,25,6,75,ck4p_msp,279,31,3,within_source_permutation,2
4,contract_logistic,0.37037037037037035,0.3707103246399835,222,225,54,25,6,75,ck4p_msp,279,31,3,within_source_permutation,2
4,nearest_centroid,0.42592592592592593,0.4245614035087719,222,225,54,25,6,75,ck4p_msp,279,31,3,within_source_permutation,2
5,contract_logistic,0.2777777777777778,0.2617362415137946,222,225,54,25,6,75,ck4p_msp,279,31,3,within_source_permutation,2
5,nearest_centroid,0.2962962962962963,0.28809523809523807,222,225,54,25,6,75,ck4p_msp,279,31,3,within_source_permutation,2
1,contract_logistic,0.30158730158730157,0.291609977324263,136,216,63,24,7,75,ck4,279,31,3,within_source_permutation,3
1,nearest_centroid,0.30158730158730157,0.28992757766342675,136,216,63,24,7,75,ck4,279,31,3,within_source_permutation,3
2,contract_logistic,0.3333333333333333,0.32919000933706816,136,225,54,25,6,75,ck4,279,31,3,within_source_permutation,3
2,nearest_centroid,0.35185185185185186,0.3236550658910908,136,225,54,25,6,75,ck4,279,31,3,within_source_permutation,3
3,contract_logistic,0.3888888888888889,0.3901186901186901,136,225,54,25,6,75,ck4,279,31,3,within_source_permutation,3
3,nearest_centroid,0.2962962962962963,0.2944853860523955,136,225,54,25,6,75,ck4,279,31,3,within_source_permutation,3
4,contract_logistic,0.2962962962962963,0.2947942868069959,136,225,54,25,6,75,ck4,279,31,3,within_source_permutation,3
4,nearest_centroid,0.3333333333333333,0.32593543653705065,136,225,54,25,6,75,ck4,279,31,3,within_source_permutation,3
5,contract_logistic,0.37037037037037035,0.36553030303030304,136,225,54,25,6,75,ck4,279,31,3,within_source_permutation,3
5,nearest_centroid,0.3148148148148148,0.3051310945834273,136,225,54,25,6,75,ck4,279,31,3,within_source_permutation,3
1,contract_logistic,0.38095238095238093,0.38478260869565223,461,216,63,24,7,75,ckmer5_count_l2,279,31,3,within_source_permutation,3
1,nearest_centroid,0.36507936507936506,0.3642276422764228,461,216,63,24,7,75,ckmer5_count_l2,279,31,3,within_source_permutation,3
2,contract_logistic,0.3333333333333333,0.33233082706766914,461,225,54,25,6,75,ckmer5_count_l2,279,31,3,within_source_permutation,3
2,nearest_centroid,0.3333333333333333,0.33499598669877306,461,225,54,25,6,75,ckmer5_count_l2,279,31,3,within_source_permutation,3
3,contract_logistic,0.3148148148148148,0.305717653993516,461,225,54,25,6,75,ckmer5_count_l2,279,31,3,within_source_permutation,3
3,nearest_centroid,0.35185185185185186,0.3279965648386701,461,225,54,25,6,75,ckmer5_count_l2,279,31,3,within_source_permutation,3
4,contract_logistic,0.25925925925925924,0.26375675358233497,461,225,54,25,6,75,ckmer5_count_l2,279,31,3,within_source_permutation,3
4,nearest_centroid,0.2777777777777778,0.28278985507246374,461,225,54,25,6,75,ckmer5_count_l2,279,31,3,within_source_permutation,3
5,contract_logistic,0.4074074074074074,0.391358024691358,461,225,54,25,6,75,ckmer5_count_l2,279,31,3,within_source_permutation,3
5,nearest_centroid,0.35185185185185186,0.337037037037037,461,225,54,25,6,75,ckmer5_count_l2,279,31,3,within_source_permutation,3
1,contract_logistic,0.3492063492063492,0.2842025699168556,11,216,63,24,7,75,p,279,31,3,within_source_permutation,3
1,nearest_centroid,0.3492063492063492,0.2842025699168556,11,216,63,24,7,75,p,279,31,3,within_source_permutation,3
2,contract_logistic,0.3148148148148148,0.24545791620318871,11,225,54,25,6,75,p,279,31,3,within_source_permutation,3
2,nearest_centroid,0.3148148148148148,0.24545791620318871,11,225,54,25,6,75,p,279,31,3,within_source_permutation,3
3,contract_logistic,0.2962962962962963,0.22926093514328807,11,225,54,25,6,75,p,279,31,3,within_source_permutation,3
3,nearest_centroid,0.2962962962962963,0.22926093514328807,11,225,54,25,6,75,p,279,31,3,within_source_permutation,3
4,contract_logistic,0.2962962962962963,0.26190823960919873,11,225,54,25,6,75,p,279,31,3,within_source_permutation,3
4,nearest_centroid,0.2962962962962963,0.26190823960919873,11,225,54,25,6,75,p,279,31,3,within_source_permutation,3
5,contract_logistic,0.3333333333333333,0.2665978672170623,11,225,54,25,6,75,p,279,31,3,within_source_permutation,3
5,nearest_centroid,0.3333333333333333,0.2665978672170623,11,225,54,25,6,75,p,279,31,3,within_source_permutation,3
1,contract_logistic,0.3492063492063492,0.34354475810491997,75,216,63,24,7,75,msp,279,31,3,within_source_permutation,3
1,nearest_centroid,0.30158730158730157,0.296987896987897,75,216,63,24,7,75,msp,279,31,3,within_source_permutation,3
2,contract_logistic,0.3333333333333333,0.32916666666666666,75,225,54,25,6,75,msp,279,31,3,within_source_permutation,3
2,nearest_centroid,0.3333333333333333,0.32916666666666666,75,225,54,25,6,75,msp,279,31,3,within_source_permutation,3
3,contract_logistic,0.2222222222222222,0.20462691430433366,75,225,54,25,6,75,msp,279,31,3,within_source_permutation,3
3,nearest_centroid,0.2222222222222222,0.20462691430433366,75,225,54,25,6,75,msp,279,31,3,within_source_permutation,3
4,contract_logistic,0.2777777777777778,0.255790907964821,75,225,54,25,6,75,msp,279,31,3,within_source_permutation,3
4,nearest_centroid,0.2777777777777778,0.2677248677248677,75,225,54,25,6,75,msp,279,31,3,within_source_permutation,3
5,contract_logistic,0.2777777777777778,0.2739167176618003,75,225,54,25,6,75,msp,279,31,3,within_source_permutation,3
5,nearest_centroid,0.2777777777777778,0.2739167176618003,75,225,54,25,6,75,msp,279,31,3,within_source_permutation,3
1,contract_logistic,0.31746031746031744,0.3149920255183413,86,216,63,24,7,75,p_msp,279,31,3,within_source_permutation,3
1,nearest_centroid,0.30158730158730157,0.30028490028490024,86,216,63,24,7,75,p_msp,279,31,3,within_source_permutation,3
2,contract_logistic,0.3333333333333333,0.3256578947368421,86,225,54,25,6,75,p_msp,279,31,3,within_source_permutation,3
2,nearest_centroid,0.3333333333333333,0.3256578947368421,86,225,54,25,6,75,p_msp,279,31,3,within_source_permutation,3
3,contract_logistic,0.25925925925925924,0.24819624819624822,86,225,54,25,6,75,p_msp,279,31,3,within_source_permutation,3
3,nearest_centroid,0.24074074074074073,0.22747432306255835,86,225,54,25,6,75,p_msp,279,31,3,within_source_permutation,3
4,contract_logistic,0.2777777777777778,0.24719153936545243,86,225,54,25,6,75,p_msp,279,31,3,within_source_permutation,3
4,nearest_centroid,0.2777777777777778,0.26068492735159404,86,225,54,25,6,75,p_msp,279,31,3,within_source_permutation,3
5,contract_logistic,0.2962962962962963,0.2938487658351835,86,225,54,25,6,75,p_msp,279,31,3,within_source_permutation,3
5,nearest_centroid,0.2962962962962963,0.294017094017094,86,225,54,25,6,75,p_msp,279,31,3,within_source_permutation,3
1,contract_logistic,0.2698412698412698,0.2538518392176929,222,216,63,24,7,75,ck4p_msp,279,31,3,within_source_permutation,3
1,nearest_centroid,0.30158730158730157,0.28554038779236585,222,216,63,24,7,75,ck4p_msp,279,31,3,within_source_permutation,3
2,contract_logistic,0.3333333333333333,0.3285764622973925,222,225,54,25,6,75,ck4p_msp,279,31,3,within_source_permutation,3
2,nearest_centroid,0.3888888888888889,0.36803327391562685,222,225,54,25,6,75,ck4p_msp,279,31,3,within_source_permutation,3
3,contract_logistic,0.3333333333333333,0.3300294476765065,222,225,54,25,6,75,ck4p_msp,279,31,3,within_source_permutation,3
3,nearest_centroid,0.2777777777777778,0.2736064968623108,222,225,54,25,6,75,ck4p_msp,279,31,3,within_source_permutation,3
4,contract_logistic,0.3333333333333333,0.33582597858064145,222,225,54,25,6,75,ck4p_msp,279,31,3,within_source_permutation,3
4,nearest_centroid,0.3148148148148148,0.30357142857142855,222,225,54,25,6,75,ck4p_msp,279,31,3,within_source_permutation,3
5,contract_logistic,0.2962962962962963,0.28787335722819596,222,225,54,25,6,75,ck4p_msp,279,31,3,within_source_permutation,3
5,nearest_centroid,0.3148148148148148,0.3051310945834273,222,225,54,25,6,75,ck4p_msp,279,31,3,within_source_permutation,3
1,contract_logistic,0.3492063492063492,0.3444444444444444,136,216,63,24,7,75,ck4,279,31,3,within_source_permutation,4
1,nearest_centroid,0.36507936507936506,0.35185185185185186,136,216,63,24,7,75,ck4,279,31,3,within_source_permutation,4
2,contract_logistic,0.3888888888888889,0.3353622150614632,136,225,54,25,6,75,ck4,279,31,3,within_source_permutation,4
2,nearest_centroid,0.37037037037037035,0.3522765650425225,136,225,54,25,6,75,ck4,279,31,3,within_source_permutation,4
3,contract_logistic,0.2962962962962963,0.28728070175438597,136,225,54,25,6,75,ck4,279,31,3,within_source_permutation,4
3,nearest_centroid,0.2777777777777778,0.26838187279613424,136,225,54,25,6,75,ck4,279,31,3,within_source_permutation,4
4,contract_logistic,0.3888888888888889,0.36686686686686687,136,225,54,25,6,75,ck4,279,31,3,within_source_permutation,4
4,nearest_centroid,0.3888888888888889,0.3733091787439613,136,225,54,25,6,75,ck4,279,31,3,within_source_permutation,4
5,contract_logistic,0.3333333333333333,0.29856343757945586,136,225,54,25,6,75,ck4,279,31,3,within_source_permutation,4
5,nearest_centroid,0.3333333333333333,0.32495556138357085,136,225,54,25,6,75,ck4,279,31,3,within_source_permutation,4
1,contract_logistic,0.31746031746031744,0.3158169934640523,461,216,63,24,7,75,ckmer5_count_l2,279,31,3,within_source_permutation,4
1,nearest_centroid,0.30158730158730157,0.290420309863476,461,216,63,24,7,75,ckmer5_count_l2,279,31,3,within_source_permutation,4
2,contract_logistic,0.3888888888888889,0.3667392883079157,461,225,54,25,6,75,ckmer5_count_l2,279,31,3,within_source_permutation,4
2,nearest_centroid,0.37037037037037035,0.3522765650425225,461,225,54,25,6,75,ckmer5_count_l2,279,31,3,within_source_permutation,4
3,contract_logistic,0.2777777777777778,0.2796052631578947,461,225,54,25,6,75,ckmer5_count_l2,279,31,3,within_source_permutation,4
3,nearest_centroid,0.2962962962962963,0.2986111111111111,461,225,54,25,6,75,ckmer5_count_l2,279,31,3,within_source_permutation,4
4,contract_logistic,0.4074074074074074,0.39212628827705015,461,225,54,25,6,75,ckmer5_count_l2,279,31,3,within_source_permutation,4
4,nearest_centroid,0.37037037037037035,0.3609360410830999,461,225,54,25,6,75,ckmer5_count_l2,279,31,3,within_source_permutation,4
5,contract_logistic,0.2962962962962963,0.2474747474747475,461,225,54,25,6,75,ckmer5_count_l2,279,31,3,within_source_permutation,4
5,nearest_centroid,0.3148148148148148,0.2938271604938272,461,225,54,25,6,75,ckmer5_count_l2,279,31,3,within_source_permutation,4
1,contract_logistic,0.4126984126984127,0.40494337269791636,11,216,63,24,7,75,p,279,31,3,within_source_permutation,4
1,nearest_centroid,0.4126984126984127,0.40494337269791636,11,216,63,24,7,75,p,279,31,3,within_source_permutation,4
2,contract_logistic,0.3148148148148148,0.29602496269162937,11,225,54,25,6,75,p,279,31,3,within_source_permutation,4
2,nearest_centroid,0.3148148148148148,0.29602496269162937,11,225,54,25,6,75,p,279,31,3,within_source_permutation,4
3,contract_logistic,0.37037037037037035,0.3698602448602449,11,225,54,25,6,75,p,279,31,3,within_source_permutation,4
3,nearest_centroid,0.3888888888888889,0.38611111111111107,11,225,54,25,6,75,p,279,31,3,within_source_permutation,4
4,contract_logistic,0.37037037037037035,0.33797101449275363,11,225,54,25,6,75,p,279,31,3,within_source_permutation,4
4,nearest_centroid,0.37037037037037035,0.33797101449275363,11,225,54,25,6,75,p,279,31,3,within_source_permutation,4
5,contract_logistic,0.4074074074074074,0.41253003309306857,11,225,54,25,6,75,p,279,31,3,within_source_permutation,4
5,nearest_centroid,0.3888888888888889,0.3943191311612364,11,225,54,25,6,75,p,279,31,3,within_source_permutation,4
1,contract_logistic,0.38095238095238093,0.37777777777777777,75,216,63,24,7,75,msp,279,31,3,within_source_permutation,4
1,nearest_centroid,0.38095238095238093,0.37777777777777777,75,216,63,24,7,75,msp,279,31,3,within_source_permutation,4
2,contract_logistic,0.3333333333333333,0.31986531986531985,75,225,54,25,6,75,msp,279,31,3,within_source_permutation,4
2,nearest_centroid,0.3148148148148148,0.3044965786901271,75,225,54,25,6,75,msp,279,31,3,within_source_permutation,4
3,contract_logistic,0.3333333333333333,0.31640918950024344,75,225,54,25,6,75,msp,279,31,3,within_source_permutation,4
3,nearest_centroid,0.3333333333333333,0.31640918950024344,75,225,54,25,6,75,msp,279,31,3,within_source_permutation,4
4,contract_logistic,0.3888888888888889,0.36490068197385267,75,225,54,25,6,75,msp,279,31,3,within_source_permutation,4
4,nearest_centroid,0.3888888888888889,0.36490068197385267,75,225,54,25,6,75,msp,279,31,3,within_source_permutation,4
5,contract_logistic,0.2962962962962963,0.29589371980676327,75,225,54,25,6,75,msp,279,31,3,within_source_permutation,4
5,nearest_centroid,0.2777777777777778,0.27349228611500703,75,225,54,25,6,75,msp,279,31,3,within_source_permutation,4
1,contract_logistic,0.3492063492063492,0.33901618476086554,86,216,63,24,7,75,p_msp,279,31,3,within_source_permutation,4
1,nearest_centroid,0.3492063492063492,0.33901618476086554,86,216,63,24,7,75,p_msp,279,31,3,within_source_permutation,4
2,contract_logistic,0.35185185185185186,0.34356347371443247,86,225,54,25,6,75,p_msp,279,31,3,within_source_permutation,4
2,nearest_centroid,0.3333333333333333,0.3190220632081098,86,225,54,25,6,75,p_msp,279,31,3,within_source_permutation,4
3,contract_logistic,0.3333333333333333,0.3144524851841925,86,225,54,25,6,75,p_msp,279,31,3,within_source_permutation,4
3,nearest_centroid,0.35185185185185186,0.33095238095238094,86,225,54,25,6,75,p_msp,279,31,3,within_source_permutation,4
4,contract_logistic,0.35185185185185186,0.30138022310455664,86,225,54,25,6,75,p_msp,279,31,3,within_source_permutation,4
4,nearest_centroid,0.35185185185185186,0.30158730158730157,86,225,54,25,6,75,p_msp,279,31,3,within_source_permutation,4
5,contract_logistic,0.2777777777777778,0.2808080808080808,86,225,54,25,6,75,p_msp,279,31,3,within_source_permutation,4
5,nearest_centroid,0.25925925925925924,0.258915770609319,86,225,54,25,6,75,p_msp,279,31,3,within_source_permutation,4
1,contract_logistic,0.31746031746031744,0.3152661064425771,222,216,63,24,7,75,ck4p_msp,279,31,3,within_source_permutation,4
1,nearest_centroid,0.36507936507936506,0.3570533826373648,222,216,63,24,7,75,ck4p_msp,279,31,3,within_source_permutation,4
2,contract_logistic,0.3888888888888889,0.3541434410999629,222,225,54,25,6,75,ck4p_msp,279,31,3,within_source_permutation,4
2,nearest_centroid,0.3888888888888889,0.3751375641966251,222,225,54,25,6,75,ck4p_msp,279,31,3,within_source_permutation,4
3,contract_logistic,0.3148148148148148,0.30362092862092865,222,225,54,25,6,75,ck4p_msp,279,31,3,within_source_permutation,4
3,nearest_centroid,0.2777777777777778,0.26838187279613424,222,225,54,25,6,75,ck4p_msp,279,31,3,within_source_permutation,4
4,contract_logistic,0.3888888888888889,0.37287818564414305,222,225,54,25,6,75,ck4p_msp,279,31,3,within_source_permutation,4
4,nearest_centroid,0.37037037037037035,0.3591696535244922,222,225,54,25,6,75,ck4p_msp,279,31,3,within_source_permutation,4
5,contract_logistic,0.4444444444444444,0.43636178950270627,222,225,54,25,6,75,ck4p_msp,279,31,3,within_source_permutation,4
5,nearest_centroid,0.3333333333333333,0.32495556138357085,222,225,54,25,6,75,ck4p_msp,279,31,3,within_source_permutation,4
1,contract_logistic,0.4126984126984127,0.41390815540142345,136,216,63,24,7,100,ck4,279,31,3,within_source_permutation,0
1,nearest_centroid,0.30158730158730157,0.28301075268817205,136,216,63,24,7,100,ck4,279,31,3,within_source_permutation,0
2,contract_logistic,0.37037037037037035,0.3467000835421888,136,225,54,25,6,100,ck4,279,31,3,within_source_permutation,0
2,nearest_centroid,0.3148148148148148,0.3117232064600486,136,225,54,25,6,100,ck4,279,31,3,within_source_permutation,0
3,contract_logistic,0.3333333333333333,0.32954002389486264,136,225,54,25,6,100,ck4,279,31,3,within_source_permutation,0
3,nearest_centroid,0.3888888888888889,0.38472964943553173,136,225,54,25,6,100,ck4,279,31,3,within_source_permutation,0
4,contract_logistic,0.2777777777777778,0.2652077807250221,136,225,54,25,6,100,ck4,279,31,3,within_source_permutation,0
4,nearest_centroid,0.2962962962962963,0.2842031646122913,136,225,54,25,6,100,ck4,279,31,3,within_source_permutation,0
5,contract_logistic,0.37037037037037035,0.36190476190476195,136,225,54,25,6,100,ck4,279,31,3,within_source_permutation,0
5,nearest_centroid,0.35185185185185186,0.3460305022274462,136,225,54,25,6,100,ck4,279,31,3,within_source_permutation,0
1,contract_logistic,0.31746031746031744,0.2976190476190476,482,216,63,24,7,100,ckmer5_count_l2,279,31,3,within_source_permutation,0
1,nearest_centroid,0.31746031746031744,0.3105336435586204,482,216,63,24,7,100,ckmer5_count_l2,279,31,3,within_source_permutation,0
2,contract_logistic,0.3333333333333333,0.317312661498708,482,225,54,25,6,100,ckmer5_count_l2,279,31,3,within_source_permutation,0
2,nearest_centroid,0.37037037037037035,0.36298701298701297,482,225,54,25,6,100,ckmer5_count_l2,279,31,3,within_source_permutation,0
3,contract_logistic,0.35185185185185186,0.34978354978354975,482,225,54,25,6,100,ckmer5_count_l2,279,31,3,within_source_permutation,0
3,nearest_centroid,0.3888888888888889,0.38571428571428573,482,225,54,25,6,100,ckmer5_count_l2,279,31,3,within_source_permutation,0
4,contract_logistic,0.25925925925925924,0.2583726583726584,482,225,54,25,6,100,ckmer5_count_l2,279,31,3,within_source_permutation,0
4,nearest_centroid,0.2777777777777778,0.2753124641669533,482,225,54,25,6,100,ckmer5_count_l2,279,31,3,within_source_permutation,0
5,contract_logistic,0.42592592592592593,0.4131054131054131,482,225,54,25,6,100,ckmer5_count_l2,279,31,3,within_source_permutation,0
5,nearest_centroid,0.42592592592592593,0.4187886825817861,482,225,54,25,6,100,ckmer5_count_l2,279,31,3,within_source_permutation,0
1,contract_logistic,0.31746031746031744,0.3182170542635659,11,216,63,24,7,100,p,279,31,3,within_source_permutation,0
1,nearest_centroid,0.3333333333333333,0.33421566773807276,11,216,63,24,7,100,p,279,31,3,within_source_permutation,0
2,contract_logistic,0.2777777777777778,0.2591250917094644,11,225,54,25,6,100,p,279,31,3,within_source_permutation,0
2,nearest_centroid,0.3148148148148148,0.3031968864052822,11,225,54,25,6,100,p,279,31,3,within_source_permutation,0
3,contract_logistic,0.3148148148148148,0.2546437014522121,11,225,54,25,6,100,p,279,31,3,within_source_permutation,0
3,nearest_centroid,0.3148148148148148,0.2546437014522121,11,225,54,25,6,100,p,279,31,3,within_source_permutation,0
4,contract_logistic,0.35185185185185186,0.32233177650925443,11,225,54,25,6,100,p,279,31,3,within_source_permutation,0
4,nearest_centroid,0.3333333333333333,0.3077479843121413,11,225,54,25,6,100,p,279,31,3,within_source_permutation,0
5,contract_logistic,0.35185185185185186,0.33794878622464825,11,225,54,25,6,100,p,279,31,3,within_source_permutation,0
5,nearest_centroid,0.35185185185185186,0.33794878622464825,11,225,54,25,6,100,p,279,31,3,within_source_permutation,0
1,contract_logistic,0.31746031746031744,0.31084656084656087,75,216,63,24,7,100,msp,279,31,3,within_source_permutation,0
1,nearest_centroid,0.30158730158730157,0.298044252543747,75,216,63,24,7,100,msp,279,31,3,within_source_permutation,0
2,contract_logistic,0.2962962962962963,0.2888888888888889,75,225,54,25,6,100,msp,279,31,3,within_source_permutation,0
2,nearest_centroid,0.2962962962962963,0.2888888888888889,75,225,54,25,6,100,msp,279,31,3,within_source_permutation,0
3,contract_logistic,0.3888888888888889,0.38520064345028476,75,225,54,25,6,100,msp,279,31,3,within_source_permutation,0
3,nearest_centroid,0.4074074074074074,0.4055137844611529,75,225,54,25,6,100,msp,279,31,3,within_source_permutation,0
4,contract_logistic,0.37037037037037035,0.35368831710295123,75,225,54,25,6,100,msp,279,31,3,within_source_permutation,0
4,nearest_centroid,0.37037037037037035,0.35368831710295123,75,225,54,25,6,100,msp,279,31,3,within_source_permutation,0
5,contract_logistic,0.4074074074074074,0.40482654600301665,75,225,54,25,6,100,msp,279,31,3,within_source_permutation,0
5,nearest_centroid,0.42592592592592593,0.42368994381378283,75,225,54,25,6,100,msp,279,31,3,within_source_permutation,0
1,contract_logistic,0.31746031746031744,0.31477387860366585,86,216,63,24,7,100,p_msp,279,31,3,within_source_permutation,0
1,nearest_centroid,0.2857142857142857,0.284688995215311,86,216,63,24,7,100,p_msp,279,31,3,within_source_permutation,0
2,contract_logistic,0.3148148148148148,0.30486295313881523,86,225,54,25,6,100,p_msp,279,31,3,within_source_permutation,0
2,nearest_centroid,0.2962962962962963,0.28683805756976494,86,225,54,25,6,100,p_msp,279,31,3,within_source_permutation,0
3,contract_logistic,0.3888888888888889,0.3854978354978355,86,225,54,25,6,100,p_msp,279,31,3,within_source_permutation,0
3,nearest_centroid,0.3888888888888889,0.38858858858858863,86,225,54,25,6,100,p_msp,279,31,3,within_source_permutation,0
4,contract_logistic,0.3888888888888889,0.36833536833536834,86,225,54,25,6,100,p_msp,279,31,3,within_source_permutation,0
4,nearest_centroid,0.3888888888888889,0.36833536833536834,86,225,54,25,6,100,p_msp,279,31,3,within_source_permutation,0
5,contract_logistic,0.4444444444444444,0.4434084434084434,86,225,54,25,6,100,p_msp,279,31,3,within_source_permutation,0
5,nearest_centroid,0.46296296296296297,0.46316905140434556,86,225,54,25,6,100,p_msp,279,31,3,within_source_permutation,0
1,contract_logistic,0.3333333333333333,0.3252525252525253,222,216,63,24,7,100,ck4p_msp,279,31,3,within_source_permutation,0
1,nearest_centroid,0.31746031746031744,0.30553030303030304,222,216,63,24,7,100,ck4p_msp,279,31,3,within_source_permutation,0
2,contract_logistic,0.35185185185185186,0.3404872220765218,222,225,54,25,6,100,ck4p_msp,279,31,3,within_source_permutation,0
2,nearest_centroid,0.2962962962962963,0.2937051884420306,222,225,54,25,6,100,ck4p_msp,279,31,3,within_source_permutation,0
3,contract_logistic,0.3148148148148148,0.30937873357228196,222,225,54,25,6,100,ck4p_msp,279,31,3,within_source_permutation,0
3,nearest_centroid,0.3333333333333333,0.3347174869598158,222,225,54,25,6,100,ck4p_msp,279,31,3,within_source_permutation,0
4,contract_logistic,0.2777777777777778,0.2679320302410285,222,225,54,25,6,100,ck4p_msp,279,31,3,within_source_permutation,0
4,nearest_centroid,0.3148148148148148,0.30694444444444446,222,225,54,25,6,100,ck4p_msp,279,31,3,within_source_permutation,0
5,contract_logistic,0.3333333333333333,0.3220018463920903,222,225,54,25,6,100,ck4p_msp,279,31,3,within_source_permutation,0
5,nearest_centroid,0.35185185185185186,0.3460305022274462,222,225,54,25,6,100,ck4p_msp,279,31,3,within_source_permutation,0
1,contract_logistic,0.4603174603174603,0.44454751597608744,136,216,63,24,7,100,ck4,279,31,3,within_source_permutation,1
1,nearest_centroid,0.38095238095238093,0.3818347153571204,136,216,63,24,7,100,ck4,279,31,3,within_source_permutation,1
2,contract_logistic,0.48148148148148145,0.4837962962962963,136,225,54,25,6,100,ck4,279,31,3,within_source_permutation,1
2,nearest_centroid,0.5185185185185185,0.5204027556968733,136,225,54,25,6,100,ck4,279,31,3,within_source_permutation,1
3,contract_logistic,0.48148148148148145,0.4490740740740741,136,225,54,25,6,100,ck4,279,31,3,within_source_permutation,1
3,nearest_centroid,0.37037037037037035,0.34723716000311744,136,225,54,25,6,100,ck4,279,31,3,within_source_permutation,1
4,contract_logistic,0.4074074074074074,0.38667570009033425,136,225,54,25,6,100,ck4,279,31,3,within_source_permutation,1
4,nearest_centroid,0.37037037037037035,0.3616121426466254,136,225,54,25,6,100,ck4,279,31,3,within_source_permutation,1
5,contract_logistic,0.3148148148148148,0.3107962801511189,136,225,54,25,6,100,ck4,279,31,3,within_source_permutation,1
5,nearest_centroid,0.3333333333333333,0.3324591310429233,136,225,54,25,6,100,ck4,279,31,3,within_source_permutation,1
1,contract_logistic,0.4444444444444444,0.43815987933635,482,216,63,24,7,100,ckmer5_count_l2,279,31,3,within_source_permutation,1
1,nearest_centroid,0.42857142857142855,0.42210225175341454,482,216,63,24,7,100,ckmer5_count_l2,279,31,3,within_source_permutation,1
2,contract_logistic,0.4074074074074074,0.40326340326340326,482,225,54,25,6,100,ckmer5_count_l2,279,31,3,within_source_permutation,1
2,nearest_centroid,0.42592592592592593,0.4285673233041654,482,225,54,25,6,100,ckmer5_count_l2,279,31,3,within_source_permutation,1
3,contract_logistic,0.46296296296296297,0.4399824032176973,482,225,54,25,6,100,ckmer5_count_l2,279,31,3,within_source_permutation,1
3,nearest_centroid,0.3888888888888889,0.3686117467581998,482,225,54,25,6,100,ckmer5_count_l2,279,31,3,within_source_permutation,1
4,contract_logistic,0.4074074074074074,0.3907455771472415,482,225,54,25,6,100,ckmer5_count_l2,279,31,3,within_source_permutation,1
4,nearest_centroid,0.4074074074074074,0.4055137844611529,482,225,54,25,6,100,ckmer5_count_l2,279,31,3,within_source_permutation,1
5,contract_logistic,0.3333333333333333,0.32842712842712846,482,225,54,25,6,100,ckmer5_count_l2,279,31,3,within_source_permutation,1
5,nearest_centroid,0.3148148148148148,0.29576719576719573,482,225,54,25,6,100,ckmer5_count_l2,279,31,3,within_source_permutation,1
1,contract_logistic,0.3333333333333333,0.30370370370370375,11,216,63,24,7,100,p,279,31,3,within_source_permutation,1
1,nearest_centroid,0.3333333333333333,0.30370370370370375,11,216,63,24,7,100,p,279,31,3,within_source_permutation,1
2,contract_logistic,0.3148148148148148,0.3156862745098039,11,225,54,25,6,100,p,279,31,3,within_source_permutation,1
2,nearest_centroid,0.3148148148148148,0.3156862745098039,11,225,54,25,6,100,p,279,31,3,within_source_permutation,1
3,contract_logistic,0.37037037037037035,0.3517153517153517,11,225,54,25,6,100,p,279,31,3,within_source_permutation,1
3,nearest_centroid,0.37037037037037035,0.3517153517153517,11,225,54,25,6,100,p,279,31,3,within_source_permutation,1
4,contract_logistic,0.2962962962962963,0.2114996114996115,11,225,54,25,6,100,p,279,31,3,within_source_permutation,1
4,nearest_centroid,0.3148148148148148,0.2421161214264663,11,225,54,25,6,100,p,279,31,3,within_source_permutation,1
5,contract_logistic,0.25925925925925924,0.24190230573209295,11,225,54,25,6,100,p,279,31,3,within_source_permutation,1
5,nearest_centroid,0.2777777777777778,0.2616002922908294,11,225,54,25,6,100,p,279,31,3,within_source_permutation,1
1,contract_logistic,0.3492063492063492,0.34457671957671954,75,216,63,24,7,100,msp,279,31,3,within_source_permutation,1
1,nearest_centroid,0.3333333333333333,0.3314934152686008,75,216,63,24,7,100,msp,279,31,3,within_source_permutation,1
2,contract_logistic,0.3148148148148148,0.3144134846921225,75,225,54,25,6,100,msp,279,31,3,within_source_permutation,1
2,nearest_centroid,0.3148148148148148,0.31445731445731445,75,225,54,25,6,100,msp,279,31,3,within_source_permutation,1
3,contract_logistic,0.42592592592592593,0.4157163808326599,75,225,54,25,6,100,msp,279,31,3,within_source_permutation,1
3,nearest_centroid,0.42592592592592593,0.41511479402417656,75,225,54,25,6,100,msp,279,31,3,within_source_permutation,1
4,contract_logistic,0.2777777777777778,0.2650828247602441,75,225,54,25,6,100,msp,279,31,3,within_source_permutation,1
4,nearest_centroid,0.2777777777777778,0.2650828247602441,75,225,54,25,6,100,msp,279,31,3,within_source_permutation,1
5,contract_logistic,0.3148148148148148,0.3154492566257272,75,225,54,25,6,100,msp,279,31,3,within_source_permutation,1
5,nearest_centroid,0.2777777777777778,0.27842127842127845,75,225,54,25,6,100,msp,279,31,3,within_source_permutation,1
1,contract_logistic,0.31746031746031744,0.315005915005915,86,216,63,24,7,100,p_msp,279,31,3,within_source_permutation,1
1,nearest_centroid,0.3333333333333333,0.3306454542152482,86,216,63,24,7,100,p_msp,279,31,3,within_source_permutation,1
2,contract_logistic,0.2962962962962963,0.2964392964392964,86,225,54,25,6,100,p_msp,279,31,3,within_source_permutation,1
2,nearest_centroid,0.2962962962962963,0.2964392964392964,86,225,54,25,6,100,p_msp,279,31,3,within_source_permutation,1
3,contract_logistic,0.4074074074074074,0.3921150853015398,86,225,54,25,6,100,p_msp,279,31,3,within_source_permutation,1
3,nearest_centroid,0.3888888888888889,0.3738888390051181,86,225,54,25,6,100,p_msp,279,31,3,within_source_permutation,1
4,contract_logistic,0.2777777777777778,0.26435307987032125,86,225,54,25,6,100,p_msp,279,31,3,within_source_permutation,1
4,nearest_centroid,0.2777777777777778,0.26435307987032125,86,225,54,25,6,100,p_msp,279,31,3,within_source_permutation,1
5,contract_logistic,0.2962962962962963,0.29901960784313725,86,225,54,25,6,100,p_msp,279,31,3,within_source_permutation,1
5,nearest_centroid,0.2962962962962963,0.29901960784313725,86,225,54,25,6,100,p_msp,279,31,3,within_source_permutation,1
1,contract_logistic,0.3968253968253968,0.38653112161706704,222,216,63,24,7,100,ck4p_msp,279,31,3,within_source_permutation,1
1,nearest_centroid,0.36507936507936506,0.36448513986800996,222,216,63,24,7,100,ck4p_msp,279,31,3,within_source_permutation,1
2,contract_logistic,0.5185185185185185,0.5204027556968733,222,225,54,25,6,100,ck4p_msp,279,31,3,within_source_permutation,1
2,nearest_centroid,0.5185185185185185,0.5204027556968733,222,225,54,25,6,100,ck4p_msp,279,31,3,within_source_permutation,1
3,contract_logistic,0.46296296296296297,0.4304939367051168,222,225,54,25,6,100,ck4p_msp,279,31,3,within_source_permutation,1
3,nearest_centroid,0.3888888888888889,0.36565799842395585,222,225,54,25,6,100,ck4p_msp,279,31,3,within_source_permutation,1
4,contract_logistic,0.35185185185185186,0.32722849328316483,222,225,54,25,6,100,ck4p_msp,279,31,3,within_source_permutation,1
4,nearest_centroid,0.37037037037037035,0.3616121426466254,222,225,54,25,6,100,ck4p_msp,279,31,3,within_source_permutation,1
5,contract_logistic,0.3148148148148148,0.3121476315024702,222,225,54,25,6,100,ck4p_msp,279,31,3,within_source_permutation,1
5,nearest_centroid,0.3148148148148148,0.316013356562137,222,225,54,25,6,100,ck4p_msp,279,31,3,within_source_permutation,1
1,contract_logistic,0.36507936507936506,0.3516800659657802,136,216,63,24,7,100,ck4,279,31,3,within_source_permutation,2
1,nearest_centroid,0.3968253968253968,0.3856017480305905,136,216,63,24,7,100,ck4,279,31,3,within_source_permutation,2
2,contract_logistic,0.35185185185185186,0.3556998556998557,136,225,54,25,6,100,ck4,279,31,3,within_source_permutation,2
2,nearest_centroid,0.3148148148148148,0.316013356562137,136,225,54,25,6,100,ck4,279,31,3,within_source_permutation,2
3,contract_logistic,0.35185185185185186,0.34946908631119156,136,225,54,25,6,100,ck4,279,31,3,within_source_permutation,2
3,nearest_centroid,0.3333333333333333,0.32443830994555634,136,225,54,25,6,100,ck4,279,31,3,within_source_permutation,2
4,contract_logistic,0.3148148148148148,0.2874269707883153,136,225,54,25,6,100,ck4,279,31,3,within_source_permutation,2
4,nearest_centroid,0.3333333333333333,0.28157279004736635,136,225,54,25,6,100,ck4,279,31,3,within_source_permutation,2
5,contract_logistic,0.35185185185185186,0.33809216787940194,136,225,54,25,6,100,ck4,279,31,3,within_source_permutation,2
5,nearest_centroid,0.3888888888888889,0.36875644737279956,136,225,54,25,6,100,ck4,279,31,3,within_source_permutation,2
1,contract_logistic,0.3492063492063492,0.34192580469176215,482,216,63,24,7,100,ckmer5_count_l2,279,31,3,within_source_permutation,2
1,nearest_centroid,0.3492063492063492,0.3413565541225116,482,216,63,24,7,100,ckmer5_count_l2,279,31,3,within_source_permutation,2
2,contract_logistic,0.3148148148148148,0.3077705156136529,482,225,54,25,6,100,ckmer5_count_l2,279,31,3,within_source_permutation,2
2,nearest_centroid,0.2962962962962963,0.29031627976861246,482,225,54,25,6,100,ckmer5_count_l2,279,31,3,within_source_permutation,2
3,contract_logistic,0.3333333333333333,0.30295222758990875,482,225,54,25,6,100,ckmer5_count_l2,279,31,3,within_source_permutation,2
3,nearest_centroid,0.2962962962962963,0.2817882064258876,482,225,54,25,6,100,ckmer5_count_l2,279,31,3,within_source_permutation,2
4,contract_logistic,0.3333333333333333,0.3357142857142857,482,225,54,25,6,100,ckmer5_count_l2,279,31,3,within_source_permutation,2
4,nearest_centroid,0.3333333333333333,0.3276995719518115,482,225,54,25,6,100,ckmer5_count_l2,279,31,3,within_source_permutation,2
5,contract_logistic,0.3333333333333333,0.3310088935088935,482,225,54,25,6,100,ckmer5_count_l2,279,31,3,within_source_permutation,2
5,nearest_centroid,0.37037037037037035,0.3710475527113897,482,225,54,25,6,100,ckmer5_count_l2,279,31,3,within_source_permutation,2
1,contract_logistic,0.3333333333333333,0.3187004176828414,11,216,63,24,7,100,p,279,31,3,within_source_permutation,2
1,nearest_centroid,0.31746031746031744,0.2969858156028369,11,216,63,24,7,100,p,279,31,3,within_source_permutation,2
2,contract_logistic,0.2777777777777778,0.21618903971845146,11,225,54,25,6,100,p,279,31,3,within_source_permutation,2
2,nearest_centroid,0.2777777777777778,0.21618903971845146,11,225,54,25,6,100,p,279,31,3,within_source_permutation,2
3,contract_logistic,0.3148148148148148,0.28011163337250294,11,225,54,25,6,100,p,279,31,3,within_source_permutation,2
3,nearest_centroid,0.3333333333333333,0.30934125614976676,11,225,54,25,6,100,p,279,31,3,within_source_permutation,2
4,contract_logistic,0.35185185185185186,0.3039158179135783,11,225,54,25,6,100,p,279,31,3,within_source_permutation,2
4,nearest_centroid,0.35185185185185186,0.3039158179135783,11,225,54,25,6,100,p,279,31,3,within_source_permutation,2
5,contract_logistic,0.2962962962962963,0.2738758825715348,11,225,54,25,6,100,p,279,31,3,within_source_permutation,2
5,nearest_centroid,0.2962962962962963,0.2738758825715348,11,225,54,25,6,100,p,279,31,3,within_source_permutation,2
1,contract_logistic,0.36507936507936506,0.36559255958008086,75,216,63,24,7,100,msp,279,31,3,within_source_permutation,2
1,nearest_centroid,0.36507936507936506,0.36472868217054266,75,216,63,24,7,100,msp,279,31,3,within_source_permutation,2
2,contract_logistic,0.2222222222222222,0.2213564213564214,75,225,54,25,6,100,msp,279,31,3,within_source_permutation,2
2,nearest_centroid,0.2222222222222222,0.2213564213564214,75,225,54,25,6,100,msp,279,31,3,within_source_permutation,2
3,contract_logistic,0.46296296296296297,0.44673737777186057,75,225,54,25,6,100,msp,279,31,3,within_source_permutation,2
3,nearest_centroid,0.46296296296296297,0.44673737777186057,75,225,54,25,6,100,msp,279,31,3,within_source_permutation,2
4,contract_logistic,0.25925925925925924,0.24820967146548542,75,225,54,25,6,100,msp,279,31,3,within_source_permutation,2
4,nearest_centroid,0.25925925925925924,0.24820967146548542,75,225,54,25,6,100,msp,279,31,3,within_source_permutation,2
5,contract_logistic,0.3333333333333333,0.3232804232804232,75,225,54,25,6,100,msp,279,31,3,within_source_permutation,2
5,nearest_centroid,0.3148148148148148,0.30498338870431896,75,225,54,25,6,100,msp,279,31,3,within_source_permutation,2
1,contract_logistic,0.3968253968253968,0.3973176941262047,86,216,63,24,7,100,p_msp,279,31,3,within_source_permutation,2
1,nearest_centroid,0.38095238095238093,0.38290040346343895,86,216,63,24,7,100,p_msp,279,31,3,within_source_permutation,2
2,contract_logistic,0.2777777777777778,0.2750202125202125,86,225,54,25,6,100,p_msp,279,31,3,within_source_permutation,2
2,nearest_centroid,0.2962962962962963,0.2905701754385965,86,225,54,25,6,100,p_msp,279,31,3,within_source_permutation,2
3,contract_logistic,0.48148148148148145,0.47052661089224324,86,225,54,25,6,100,p_msp,279,31,3,within_source_permutation,2
3,nearest_centroid,0.48148148148148145,0.47052661089224324,86,225,54,25,6,100,p_msp,279,31,3,within_source_permutation,2
4,contract_logistic,0.2777777777777778,0.2626006118387834,86,225,54,25,6,100,p_msp,279,31,3,within_source_permutation,2
4,nearest_centroid,0.2777777777777778,0.2626006118387834,86,225,54,25,6,100,p_msp,279,31,3,within_source_permutation,2
5,contract_logistic,0.3148148148148148,0.30892859730736344,86,225,54,25,6,100,p_msp,279,31,3,within_source_permutation,2
5,nearest_centroid,0.3148148148148148,0.3088023088023088,86,225,54,25,6,100,p_msp,279,31,3,within_source_permutation,2
1,contract_logistic,0.36507936507936506,0.3560090702947846,222,216,63,24,7,100,ck4p_msp,279,31,3,within_source_permutation,2
1,nearest_centroid,0.3968253968253968,0.3856017480305905,222,216,63,24,7,100,ck4p_msp,279,31,3,within_source_permutation,2
2,contract_logistic,0.3333333333333333,0.3345631345631346,222,225,54,25,6,100,ck4p_msp,279,31,3,within_source_permutation,2
2,nearest_centroid,0.3148148148148148,0.316013356562137,222,225,54,25,6,100,ck4p_msp,279,31,3,within_source_permutation,2
3,contract_logistic,0.3333333333333333,0.32408149930202856,222,225,54,25,6,100,ck4p_msp,279,31,3,within_source_permutation,2
3,nearest_centroid,0.3333333333333333,0.32443830994555634,222,225,54,25,6,100,ck4p_msp,279,31,3,within_source_permutation,2
4,contract_logistic,0.2962962962962963,0.2741797209882316,222,225,54,25,6,100,ck4p_msp,279,31,3,within_source_permutation,2
4,nearest_centroid,0.2962962962962963,0.22934923000496768,222,225,54,25,6,100,ck4p_msp,279,31,3,within_source_permutation,2
5,contract_logistic,0.37037037037037035,0.35473360186003866,222,225,54,25,6,100,ck4p_msp,279,31,3,within_source_permutation,2
5,nearest_centroid,0.4074074074074074,0.39194139194139194,222,225,54,25,6,100,ck4p_msp,279,31,3,within_source_permutation,2
1,contract_logistic,0.30158730158730157,0.291136120923355,136,216,63,24,7,100,ck4,279,31,3,within_source_permutation,3
1,nearest_centroid,0.3492063492063492,0.3504758303396987,136,216,63,24,7,100,ck4,279,31,3,within_source_permutation,3
2,contract_logistic,0.35185185185185186,0.3047619047619048,136,225,54,25,6,100,ck4,279,31,3,within_source_permutation,3
2,nearest_centroid,0.35185185185185186,0.3525326797385621,136,225,54,25,6,100,ck4,279,31,3,within_source_permutation,3
3,contract_logistic,0.37037037037037035,0.37119873590461827,136,225,54,25,6,100,ck4,279,31,3,within_source_permutation,3
3,nearest_centroid,0.35185185185185186,0.3381139981998731,136,225,54,25,6,100,ck4,279,31,3,within_source_permutation,3
4,contract_logistic,0.35185185185185186,0.32517466756817665,136,225,54,25,6,100,ck4,279,31,3,within_source_permutation,3
4,nearest_centroid,0.3333333333333333,0.3306836248012719,136,225,54,25,6,100,ck4,279,31,3,within_source_permutation,3
5,contract_logistic,0.37037037037037035,0.3031869078380706,136,225,54,25,6,100,ck4,279,31,3,within_source_permutation,3
5,nearest_centroid,0.37037037037037035,0.34477235293228764,136,225,54,25,6,100,ck4,279,31,3,within_source_permutation,3
1,contract_logistic,0.2857142857142857,0.2714587737843552,482,216,63,24,7,100,ckmer5_count_l2,279,31,3,within_source_permutation,3
1,nearest_centroid,0.36507936507936506,0.35185185185185186,482,216,63,24,7,100,ckmer5_count_l2,279,31,3,within_source_permutation,3
2,contract_logistic,0.3333333333333333,0.315714691673771,482,225,54,25,6,100,ckmer5_count_l2,279,31,3,within_source_permutation,3
2,nearest_centroid,0.3148148148148148,0.3006897203325775,482,225,54,25,6,100,ckmer5_count_l2,279,31,3,within_source_permutation,3
3,contract_logistic,0.2962962962962963,0.2815196297954919,482,225,54,25,6,100,ckmer5_count_l2,279,31,3,within_source_permutation,3
3,nearest_centroid,0.2962962962962963,0.2603754145336295,482,225,54,25,6,100,ckmer5_count_l2,279,31,3,within_source_permutation,3
4,contract_logistic,0.37037037037037035,0.3427323692521571,482,225,54,25,6,100,ckmer5_count_l2,279,31,3,within_source_permutation,3
4,nearest_centroid,0.3333333333333333,0.3071428571428571,482,225,54,25,6,100,ckmer5_count_l2,279,31,3,within_source_permutation,3
5,contract_logistic,0.35185185185185186,0.33836979359782476,482,225,54,25,6,100,ckmer5_count_l2,279,31,3,within_source_permutation,3
5,nearest_centroid,0.35185185185185186,0.31402583350240076,482,225,54,25,6,100,ckmer5_count_l2,279,31,3,within_source_permutation,3
1,contract_logistic,0.3492063492063492,0.32958427815570673,11,216,63,24,7,100,p,279,31,3,within_source_permutation,3
1,nearest_centroid,0.3492063492063492,0.32958427815570673,11,216,63,24,7,100,p,279,31,3,within_source_permutation,3
2,contract_logistic,0.2962962962962963,0.2673856209150327,11,225,54,25,6,100,p,279,31,3,within_source_permutation,3
2,nearest_centroid,0.2962962962962963,0.2673856209150327,11,225,54,25,6,100,p,279,31,3,within_source_permutation,3
3,contract_logistic,0.25925925925925924,0.20634920634920637,11,225,54,25,6,100,p,279,31,3,within_source_permutation,3
3,nearest_centroid,0.2777777777777778,0.24375980601911282,11,225,54,25,6,100,p,279,31,3,within_source_permutation,3
4,contract_logistic,0.37037037037037035,0.28722434845999634,11,225,54,25,6,100,p,279,31,3,within_source_permutation,3
4,nearest_centroid,0.3333333333333333,0.2693831352574986,11,225,54,25,6,100,p,279,31,3,within_source_permutation,3
5,contract_logistic,0.35185185185185186,0.32019607843137254,11,225,54,25,6,100,p,279,31,3,within_source_permutation,3
5,nearest_centroid,0.35185185185185186,0.3202564102564103,11,225,54,25,6,100,p,279,31,3,within_source_permutation,3
1,contract_logistic,0.31746031746031744,0.3213693340946787,75,216,63,24,7,100,msp,279,31,3,within_source_permutation,3
1,nearest_centroid,0.31746031746031744,0.3213693340946787,75,216,63,24,7,100,msp,279,31,3,within_source_permutation,3
2,contract_logistic,0.3148148148148148,0.30892859730736344,75,225,54,25,6,100,msp,279,31,3,within_source_permutation,3
2,nearest_centroid,0.3148148148148148,0.30892859730736344,75,225,54,25,6,100,msp,279,31,3,within_source_permutation,3
3,contract_logistic,0.35185185185185186,0.35324074074074074,75,225,54,25,6,100,msp,279,31,3,within_source_permutation,3
3,nearest_centroid,0.35185185185185186,0.35324074074074074,75,225,54,25,6,100,msp,279,31,3,within_source_permutation,3
4,contract_logistic,0.2222222222222222,0.2078272604588394,75,225,54,25,6,100,msp,279,31,3,within_source_permutation,3
4,nearest_centroid,0.24074074074074073,0.23150554400554402,75,225,54,25,6,100,msp,279,31,3,within_source_permutation,3
5,contract_logistic,0.2037037037037037,0.20861411822674378,75,225,54,25,6,100,msp,279,31,3,within_source_permutation,3
5,nearest_centroid,0.2037037037037037,0.20742576409721317,75,225,54,25,6,100,msp,279,31,3,within_source_permutation,3
1,contract_logistic,0.2857142857142857,0.28968286338381777,86,216,63,24,7,100,p_msp,279,31,3,within_source_permutation,3
1,nearest_centroid,0.2857142857142857,0.28968286338381777,86,216,63,24,7,100,p_msp,279,31,3,within_source_permutation,3
2,contract_logistic,0.2962962962962963,0.2927128427128427,86,225,54,25,6,100,p_msp,279,31,3,within_source_permutation,3
2,nearest_centroid,0.3148148148148148,0.31157731157731156,86,225,54,25,6,100,p_msp,279,31,3,within_source_permutation,3
3,contract_logistic,0.3148148148148148,0.31078948152118885,86,225,54,25,6,100,p_msp,279,31,3,within_source_permutation,3
3,nearest_centroid,0.3333333333333333,0.33274312779425436,86,225,54,25,6,100,p_msp,279,31,3,within_source_permutation,3
4,contract_logistic,0.25925925925925924,0.23662815575524176,86,225,54,25,6,100,p_msp,279,31,3,within_source_permutation,3
4,nearest_centroid,0.24074074074074073,0.22192924631949026,86,225,54,25,6,100,p_msp,279,31,3,within_source_permutation,3
5,contract_logistic,0.24074074074074073,0.23900370959194492,86,225,54,25,6,100,p_msp,279,31,3,within_source_permutation,3
5,nearest_centroid,0.25925925925925924,0.2578721578721579,86,225,54,25,6,100,p_msp,279,31,3,within_source_permutation,3
1,contract_logistic,0.2857142857142857,0.27898816809465526,222,216,63,24,7,100,ck4p_msp,279,31,3,within_source_permutation,3
1,nearest_centroid,0.3492063492063492,0.3504758303396987,222,216,63,24,7,100,ck4p_msp,279,31,3,within_source_permutation,3
2,contract_logistic,0.3333333333333333,0.29989605905255184,222,225,54,25,6,100,ck4p_msp,279,31,3,within_source_permutation,3
2,nearest_centroid,0.3148148148148148,0.31209150326797386,222,225,54,25,6,100,ck4p_msp,279,31,3,within_source_permutation,3
3,contract_logistic,0.37037037037037035,0.36748710432920956,222,225,54,25,6,100,ck4p_msp,279,31,3,within_source_permutation,3
3,nearest_centroid,0.3333333333333333,0.32111623818940893,222,225,54,25,6,100,ck4p_msp,279,31,3,within_source_permutation,3
4,contract_logistic,0.3148148148148148,0.2981427174975562,222,225,54,25,6,100,ck4p_msp,279,31,3,within_source_permutation,3
4,nearest_centroid,0.3333333333333333,0.3306836248012719,222,225,54,25,6,100,ck4p_msp,279,31,3,within_source_permutation,3
5,contract_logistic,0.35185185185185186,0.28610966960733436,222,225,54,25,6,100,ck4p_msp,279,31,3,within_source_permutation,3
5,nearest_centroid,0.37037037037037035,0.3450420117086784,222,225,54,25,6,100,ck4p_msp,279,31,3,within_source_permutation,3
1,contract_logistic,0.30158730158730157,0.2968828557063851,136,216,63,24,7,100,ck4,279,31,3,within_source_permutation,4
1,nearest_centroid,0.36507936507936506,0.3662232076866223,136,216,63,24,7,100,ck4,279,31,3,within_source_permutation,4
2,contract_logistic,0.4074074074074074,0.37137079300881126,136,225,54,25,6,100,ck4,279,31,3,within_source_permutation,4
2,nearest_centroid,0.46296296296296297,0.45238095238095233,136,225,54,25,6,100,ck4,279,31,3,within_source_permutation,4
3,contract_logistic,0.2777777777777778,0.2794117647058824,136,225,54,25,6,100,ck4,279,31,3,within_source_permutation,4
3,nearest_centroid,0.3333333333333333,0.3288142981691369,136,225,54,25,6,100,ck4,279,31,3,within_source_permutation,4
4,contract_logistic,0.35185185185185186,0.3365942028985507,136,225,54,25,6,100,ck4,279,31,3,within_source_permutation,4
4,nearest_centroid,0.3333333333333333,0.3211679918996992,136,225,54,25,6,100,ck4,279,31,3,within_source_permutation,4
5,contract_logistic,0.3148148148148148,0.27875816993464053,136,225,54,25,6,100,ck4,279,31,3,within_source_permutation,4
5,nearest_centroid,0.2777777777777778,0.23958544667613446,136,225,54,25,6,100,ck4,279,31,3,within_source_permutation,4
1,contract_logistic,0.30158730158730157,0.2966572748356429,482,216,63,24,7,100,ckmer5_count_l2,279,31,3,within_source_permutation,4
1,nearest_centroid,0.2698412698412698,0.26784511784511783,482,216,63,24,7,100,ckmer5_count_l2,279,31,3,within_source_permutation,4
2,contract_logistic,0.42592592592592593,0.4121254355400697,482,225,54,25,6,100,ckmer5_count_l2,279,31,3,within_source_permutation,4
2,nearest_centroid,0.37037037037037035,0.3529686769518467,482,225,54,25,6,100,ckmer5_count_l2,279,31,3,within_source_permutation,4
3,contract_logistic,0.2962962962962963,0.2946935920972113,482,225,54,25,6,100,ckmer5_count_l2,279,31,3,within_source_permutation,4
3,nearest_centroid,0.3148148148148148,0.31395681395681396,482,225,54,25,6,100,ckmer5_count_l2,279,31,3,within_source_permutation,4
4,contract_logistic,0.37037037037037035,0.37061403508771934,482,225,54,25,6,100,ckmer5_count_l2,279,31,3,within_source_permutation,4
4,nearest_centroid,0.4074074074074074,0.3880131362889983,482,225,54,25,6,100,ckmer5_count_l2,279,31,3,within_source_permutation,4
5,contract_logistic,0.2962962962962963,0.26526315789473687,482,225,54,25,6,100,ckmer5_count_l2,279,31,3,within_source_permutation,4
5,nearest_centroid,0.3148148148148148,0.2934289127837515,482,225,54,25,6,100,ckmer5_count_l2,279,31,3,within_source_permutation,4
1,contract_logistic,0.42857142857142855,0.3636363636363636,11,216,63,24,7,100,p,279,31,3,within_source_permutation,4
1,nearest_centroid,0.4126984126984127,0.3527663016154065,11,216,63,24,7,100,p,279,31,3,within_source_permutation,4
2,contract_logistic,0.3333333333333333,0.2605042016806723,11,225,54,25,6,100,p,279,31,3,within_source_permutation,4
2,nearest_centroid,0.3148148148148148,0.25098039215686274,11,225,54,25,6,100,p,279,31,3,within_source_permutation,4
3,contract_logistic,0.4074074074074074,0.3921150853015398,11,225,54,25,6,100,p,279,31,3,within_source_permutation,4
3,nearest_centroid,0.4074074074074074,0.3926482873851295,11,225,54,25,6,100,p,279,31,3,within_source_permutation,4
4,contract_logistic,0.3888888888888889,0.3854978354978355,11,225,54,25,6,100,p,279,31,3,within_source_permutation,4
4,nearest_centroid,0.37037037037037035,0.3652958152958153,11,225,54,25,6,100,p,279,31,3,within_source_permutation,4
5,contract_logistic,0.3148148148148148,0.27628013122236483,11,225,54,25,6,100,p,279,31,3,within_source_permutation,4
5,nearest_centroid,0.2962962962962963,0.27944951030057413,11,225,54,25,6,100,p,279,31,3,within_source_permutation,4
1,contract_logistic,0.3492063492063492,0.33961825602692475,75,216,63,24,7,100,msp,279,31,3,within_source_permutation,4
1,nearest_centroid,0.3492063492063492,0.33961825602692475,75,216,63,24,7,100,msp,279,31,3,within_source_permutation,4
2,contract_logistic,0.2777777777777778,0.2647907647907648,75,225,54,25,6,100,msp,279,31,3,within_source_permutation,4
2,nearest_centroid,0.24074074074074073,0.23100187925769322,75,225,54,25,6,100,msp,279,31,3,within_source_permutation,4
3,contract_logistic,0.3333333333333333,0.30968463363404203,75,225,54,25,6,100,msp,279,31,3,within_source_permutation,4
3,nearest_centroid,0.37037037037037035,0.35873015873015873,75,225,54,25,6,100,msp,279,31,3,within_source_permutation,4
4,contract_logistic,0.3888888888888889,0.3850309639783324,75,225,54,25,6,100,msp,279,31,3,within_source_permutation,4
4,nearest_centroid,0.42592592592592593,0.4245614035087719,75,225,54,25,6,100,msp,279,31,3,within_source_permutation,4
5,contract_logistic,0.37037037037037035,0.3748246585455888,75,225,54,25,6,100,msp,279,31,3,within_source_permutation,4
5,nearest_centroid,0.37037037037037035,0.37845674155666287,75,225,54,25,6,100,msp,279,31,3,within_source_permutation,4
1,contract_logistic,0.38095238095238093,0.37023401110088416,86,216,63,24,7,100,p_msp,279,31,3,within_source_permutation,4
1,nearest_centroid,0.3968253968253968,0.38776622776622777,86,216,63,24,7,100,p_msp,279,31,3,within_source_permutation,4
2,contract_logistic,0.25925925925925924,0.23549466406609265,86,225,54,25,6,100,p_msp,279,31,3,within_source_permutation,4
2,nearest_centroid,0.2777777777777778,0.2740890992412291,86,225,54,25,6,100,p_msp,279,31,3,within_source_permutation,4
3,contract_logistic,0.37037037037037035,0.35257335257335254,86,225,54,25,6,100,p_msp,279,31,3,within_source_permutation,4
3,nearest_centroid,0.4074074074074074,0.4013772175536881,86,225,54,25,6,100,p_msp,279,31,3,within_source_permutation,4
4,contract_logistic,0.4074074074074074,0.4066066066066066,86,225,54,25,6,100,p_msp,279,31,3,within_source_permutation,4
4,nearest_centroid,0.42592592592592593,0.42554319024907256,86,225,54,25,6,100,p_msp,279,31,3,within_source_permutation,4
5,contract_logistic,0.3888888888888889,0.3917300463327214,86,225,54,25,6,100,p_msp,279,31,3,within_source_permutation,4
5,nearest_centroid,0.37037037037037035,0.37545891196145864,86,225,54,25,6,100,p_msp,279,31,3,within_source_permutation,4
1,contract_logistic,0.30158730158730157,0.30064350064350065,222,216,63,24,7,100,ck4p_msp,279,31,3,within_source_permutation,4
1,nearest_centroid,0.3968253968253968,0.3969874582466755,222,216,63,24,7,100,ck4p_msp,279,31,3,within_source_permutation,4
2,contract_logistic,0.42592592592592593,0.41190476190476194,222,225,54,25,6,100,ck4p_msp,279,31,3,within_source_permutation,4
2,nearest_centroid,0.46296296296296297,0.45238095238095233,222,225,54,25,6,100,ck4p_msp,279,31,3,within_source_permutation,4
3,contract_logistic,0.2962962962962963,0.29601611524136634,222,225,54,25,6,100,ck4p_msp,279,31,3,within_source_permutation,4
3,nearest_centroid,0.3333333333333333,0.3288142981691369,222,225,54,25,6,100,ck4p_msp,279,31,3,within_source_permutation,4
4,contract_logistic,0.3888888888888889,0.3750445632798574,222,225,54,25,6,100,ck4p_msp,279,31,3,within_source_permutation,4
4,nearest_centroid,0.37037037037037035,0.35374887082204154,222,225,54,25,6,100,ck4p_msp,279,31,3,within_source_permutation,4
5,contract_logistic,0.2962962962962963,0.25950683303624483,222,225,54,25,6,100,ck4p_msp,279,31,3,within_source_permutation,4
5,nearest_centroid,0.2962962962962963,0.26014957264957267,222,225,54,25,6,100,ck4p_msp,279,31,3,within_source_permutation,4
1,contract_logistic,0.4444444444444444,0.4449275362318841,136,216,63,24,7,150,ck4,279,31,3,within_source_permutation,0
1,nearest_centroid,0.4126984126984127,0.41176046176046177,136,216,63,24,7,150,ck4,279,31,3,within_source_permutation,0
2,contract_logistic,0.48148148148148145,0.47763347763347763,136,225,54,25,6,150,ck4,279,31,3,within_source_permutation,0
2,nearest_centroid,0.4074074074074074,0.4060775060775061,136,225,54,25,6,150,ck4,279,31,3,within_source_permutation,0
3,contract_logistic,0.3148148148148148,0.30041040086017595,136,225,54,25,6,150,ck4,279,31,3,within_source_permutation,0
3,nearest_centroid,0.37037037037037035,0.36190476190476195,136,225,54,25,6,150,ck4,279,31,3,within_source_permutation,0
4,contract_logistic,0.2962962962962963,0.30245568148793955,136,225,54,25,6,150,ck4,279,31,3,within_source_permutation,0
4,nearest_centroid,0.35185185185185186,0.3453429645290111,136,225,54,25,6,150,ck4,279,31,3,within_source_permutation,0
5,contract_logistic,0.37037037037037035,0.36079628015111886,136,225,54,25,6,150,ck4,279,31,3,within_source_permutation,0
5,nearest_centroid,0.3888888888888889,0.38823529411764707,136,225,54,25,6,150,ck4,279,31,3,within_source_permutation,0
1,contract_logistic,0.49206349206349204,0.48558284728497497,504,216,63,24,7,150,ckmer5_count_l2,279,31,3,within_source_permutation,0
1,nearest_centroid,0.4126984126984127,0.40755379885814663,504,216,63,24,7,150,ckmer5_count_l2,279,31,3,within_source_permutation,0
2,contract_logistic,0.42592592592592593,0.4259259259259259,504,225,54,25,6,150,ckmer5_count_l2,279,31,3,within_source_permutation,0
2,nearest_centroid,0.4444444444444444,0.44360902255639095,504,225,54,25,6,150,ckmer5_count_l2,279,31,3,within_source_permutation,0
3,contract_logistic,0.35185185185185186,0.33845595901899445,504,225,54,25,6,150,ckmer5_count_l2,279,31,3,within_source_permutation,0
3,nearest_centroid,0.3333333333333333,0.3096678641205017,504,225,54,25,6,150,ckmer5_count_l2,279,31,3,within_source_permutation,0
4,contract_logistic,0.3333333333333333,0.33307247510977783,504,225,54,25,6,150,ckmer5_count_l2,279,31,3,within_source_permutation,0
4,nearest_centroid,0.25925925925925924,0.23345511569324193,504,225,54,25,6,150,ckmer5_count_l2,279,31,3,within_source_permutation,0
5,contract_logistic,0.35185185185185186,0.3545454545454545,504,225,54,25,6,150,ckmer5_count_l2,279,31,3,within_source_permutation,0
5,nearest_centroid,0.37037037037037035,0.3723665223665223,504,225,54,25,6,150,ckmer5_count_l2,279,31,3,within_source_permutation,0
1,contract_logistic,0.3968253968253968,0.39616171671920797,11,216,63,24,7,150,p,279,31,3,within_source_permutation,0
1,nearest_centroid,0.3968253968253968,0.3957097341243683,11,216,63,24,7,150,p,279,31,3,within_source_permutation,0
2,contract_logistic,0.42592592592592593,0.41111111111111115,11,225,54,25,6,150,p,279,31,3,within_source_permutation,0
2,nearest_centroid,0.4444444444444444,0.43329520323343246,11,225,54,25,6,150,p,279,31,3,within_source_permutation,0
3,contract_logistic,0.3333333333333333,0.26613572258171564,11,225,54,25,6,150,p,279,31,3,within_source_permutation,0
3,nearest_centroid,0.3333333333333333,0.28888888888888886,11,225,54,25,6,150,p,279,31,3,within_source_permutation,0
4,contract_logistic,0.3888888888888889,0.3850043591979076,11,225,54,25,6,150,p,279,31,3,within_source_permutation,0
4,nearest_centroid,0.37037037037037035,0.3625730994152046,11,225,54,25,6,150,p,279,31,3,within_source_permutation,0
5,contract_logistic,0.37037037037037035,0.3167636960740409,11,225,54,25,6,150,p,279,31,3,within_source_permutation,0
5,nearest_centroid,0.42592592592592593,0.39575060954371294,11,225,54,25,6,150,p,279,31,3,within_source_permutation,0
1,contract_logistic,0.4603174603174603,0.4343434343434343,75,216,63,24,7,150,msp,279,31,3,within_source_permutation,0
1,nearest_centroid,0.47619047619047616,0.45542483660130717,75,216,63,24,7,150,msp,279,31,3,within_source_permutation,0
2,contract_logistic,0.3888888888888889,0.37736815156169995,75,225,54,25,6,150,msp,279,31,3,within_source_permutation,0
2,nearest_centroid,0.37037037037037035,0.362006387921022,75,225,54,25,6,150,msp,279,31,3,within_source_permutation,0
3,contract_logistic,0.35185185185185186,0.3374887082204155,75,225,54,25,6,150,msp,279,31,3,within_source_permutation,0
3,nearest_centroid,0.35185185185185186,0.3374887082204155,75,225,54,25,6,150,msp,279,31,3,within_source_permutation,0
4,contract_logistic,0.2777777777777778,0.27669172932330827,75,225,54,25,6,150,msp,279,31,3,within_source_permutation,0
4,nearest_centroid,0.3148148148148148,0.3148148148148148,75,225,54,25,6,150,msp,279,31,3,within_source_permutation,0
5,contract_logistic,0.35185185185185186,0.3428571428571428,75,225,54,25,6,150,msp,279,31,3,within_source_permutation,0
5,nearest_centroid,0.37037037037037035,0.3613564784296492,75,225,54,25,6,150,msp,279,31,3,within_source_permutation,0
1,contract_logistic,0.4603174603174603,0.4560954816709293,86,216,63,24,7,150,p_msp,279,31,3,within_source_permutation,0
1,nearest_centroid,0.47619047619047616,0.46853937792611133,86,216,63,24,7,150,p_msp,279,31,3,within_source_permutation,0
2,contract_logistic,0.35185185185185186,0.3457653457653458,86,225,54,25,6,150,p_msp,279,31,3,within_source_permutation,0
2,nearest_centroid,0.3333333333333333,0.3292670661091714,86,225,54,25,6,150,p_msp,279,31,3,within_source_permutation,0
3,contract_logistic,0.3148148148148148,0.3116121426466254,86,225,54,25,6,150,p_msp,279,31,3,within_source_permutation,0
3,nearest_centroid,0.3148148148148148,0.3116959064327485,86,225,54,25,6,150,p_msp,279,31,3,within_source_permutation,0
4,contract_logistic,0.2777777777777778,0.27344992050874406,86,225,54,25,6,150,p_msp,279,31,3,within_source_permutation,0
4,nearest_centroid,0.2777777777777778,0.27344992050874406,86,225,54,25,6,150,p_msp,279,31,3,within_source_permutation,0
5,contract_logistic,0.4074074074074074,0.3952380952380952,86,225,54,25,6,150,p_msp,279,31,3,within_source_permutation,0
5,nearest_centroid,0.42592592592592593,0.4118629908103592,86,225,54,25,6,150,p_msp,279,31,3,within_source_permutation,0
1,contract_logistic,0.47619047619047616,0.4738564758148602,222,216,63,24,7,150,ck4p_msp,279,31,3,within_source_permutation,0
1,nearest_centroid,0.42857142857142855,0.4265364265364265,222,216,63,24,7,150,ck4p_msp,279,31,3,within_source_permutation,0
2,contract_logistic,0.46296296296296297,0.46147268959320603,222,225,54,25,6,150,ck4p_msp,279,31,3,within_source_permutation,0
2,nearest_centroid,0.3888888888888889,0.38888888888888884,222,225,54,25,6,150,ck4p_msp,279,31,3,within_source_permutation,0
3,contract_logistic,0.35185185185185186,0.33829365079365087,222,225,54,25,6,150,ck4p_msp,279,31,3,within_source_permutation,0
3,nearest_centroid,0.37037037037037035,0.36253354804079446,222,225,54,25,6,150,ck4p_msp,279,31,3,within_source_permutation,0
4,contract_logistic,0.3333333333333333,0.3367673893989684,222,225,54,25,6,150,ck4p_msp,279,31,3,within_source_permutation,0
4,nearest_centroid,0.3333333333333333,0.3304154995331466,222,225,54,25,6,150,ck4p_msp,279,31,3,within_source_permutation,0
5,contract_logistic,0.37037037037037035,0.36330561330561334,222,225,54,25,6,150,ck4p_msp,279,31,3,within_source_permutation,0
5,nearest_centroid,0.37037037037037035,0.3686274509803922,222,225,54,25,6,150,ck4p_msp,279,31,3,within_source_permutation,0
1,contract_logistic,0.3492063492063492,0.3473176941262048,136,216,63,24,7,150,ck4,279,31,3,within_source_permutation,1
1,nearest_centroid,0.3492063492063492,0.34939737265318654,136,216,63,24,7,150,ck4,279,31,3,within_source_permutation,1
2,contract_logistic,0.35185185185185186,0.3545546348272892,136,225,54,25,6,150,ck4,279,31,3,within_source_permutation,1
2,nearest_centroid,0.2962962962962963,0.2903508771929824,136,225,54,25,6,150,ck4,279,31,3,within_source_permutation,1
3,contract_logistic,0.3333333333333333,0.33198304963010844,136,225,54,25,6,150,ck4,279,31,3,within_source_permutation,1
3,nearest_centroid,0.3148148148148148,0.3121973648289438,136,225,54,25,6,150,ck4,279,31,3,within_source_permutation,1
4,contract_logistic,0.5185185185185185,0.5143719026071968,136,225,54,25,6,150,ck4,279,31,3,within_source_permutation,1
4,nearest_centroid,0.4444444444444444,0.43456790123456784,136,225,54,25,6,150,ck4,279,31,3,within_source_permutation,1
5,contract_logistic,0.35185185185185186,0.34685417124441514,136,225,54,25,6,150,ck4,279,31,3,within_source_permutation,1
5,nearest_centroid,0.3888888888888889,0.3857563306815864,136,225,54,25,6,150,ck4,279,31,3,within_source_permutation,1
1,contract_logistic,0.36507936507936506,0.3606068074153181,504,216,63,24,7,150,ckmer5_count_l2,279,31,3,within_source_permutation,1
1,nearest_centroid,0.3333333333333333,0.33055708769994485,504,216,63,24,7,150,ckmer5_count_l2,279,31,3,within_source_permutation,1
2,contract_logistic,0.3888888888888889,0.3864197530864198,504,225,54,25,6,150,ckmer5_count_l2,279,31,3,within_source_permutation,1
2,nearest_centroid,0.5,0.5035236081747709,504,225,54,25,6,150,ckmer5_count_l2,279,31,3,within_source_permutation,1
3,contract_logistic,0.2777777777777778,0.2763157894736842,504,225,54,25,6,150,ckmer5_count_l2,279,31,3,within_source_permutation,1
3,nearest_centroid,0.2962962962962963,0.27994227994227994,504,225,54,25,6,150,ckmer5_count_l2,279,31,3,within_source_permutation,1
4,contract_logistic,0.46296296296296297,0.4530919661733615,504,225,54,25,6,150,ckmer5_count_l2,279,31,3,within_source_permutation,1
4,nearest_centroid,0.4444444444444444,0.41630591630591623,504,225,54,25,6,150,ckmer5_count_l2,279,31,3,within_source_permutation,1
5,contract_logistic,0.35185185185185186,0.3550893550893551,504,225,54,25,6,150,ckmer5_count_l2,279,31,3,within_source_permutation,1
5,nearest_centroid,0.37037037037037035,0.36936701509872244,504,225,54,25,6,150,ckmer5_count_l2,279,31,3,within_source_permutation,1
1,contract_logistic,0.31746031746031744,0.2742295317212076,11,216,63,24,7,150,p,279,31,3,within_source_permutation,1
1,nearest_centroid,0.30158730158730157,0.27790849673202617,11,216,63,24,7,150,p,279,31,3,within_source_permutation,1
2,contract_logistic,0.3333333333333333,0.3075142700758464,11,225,54,25,6,150,p,279,31,3,within_source_permutation,1
2,nearest_centroid,0.3333333333333333,0.3075142700758464,11,225,54,25,6,150,p,279,31,3,within_source_permutation,1
3,contract_logistic,0.35185185185185186,0.28611111111111115,11,225,54,25,6,150,p,279,31,3,within_source_permutation,1
3,nearest_centroid,0.37037037037037035,0.32127594627594624,11,225,54,25,6,150,p,279,31,3,within_source_permutation,1
4,contract_logistic,0.2962962962962963,0.29448538605239544,11,225,54,25,6,150,p,279,31,3,within_source_permutation,1
4,nearest_centroid,0.2962962962962963,0.29482846902201737,11,225,54,25,6,150,p,279,31,3,within_source_permutation,1
5,contract_logistic,0.3888888888888889,0.37230544391669707,11,225,54,25,6,150,p,279,31,3,within_source_permutation,1
5,nearest_centroid,0.3888888888888889,0.37230544391669707,11,225,54,25,6,150,p,279,31,3,within_source_permutation,1
1,contract_logistic,0.38095238095238093,0.3580562659846547,75,216,63,24,7,150,msp,279,31,3,within_source_permutation,1
1,nearest_centroid,0.38095238095238093,0.36952422594485285,75,216,63,24,7,150,msp,279,31,3,within_source_permutation,1
2,contract_logistic,0.4074074074074074,0.3849675869259713,75,225,54,25,6,150,msp,279,31,3,within_source_permutation,1
2,nearest_centroid,0.4074074074074074,0.3849675869259713,75,225,54,25,6,150,msp,279,31,3,within_source_permutation,1
3,contract_logistic,0.37037037037037035,0.33286821705426356,75,225,54,25,6,150,msp,279,31,3,within_source_permutation,1
3,nearest_centroid,0.37037037037037035,0.3321254355400696,75,225,54,25,6,150,msp,279,31,3,within_source_permutation,1
4,contract_logistic,0.42592592592592593,0.41440657060351455,75,225,54,25,6,150,msp,279,31,3,within_source_permutation,1
4,nearest_centroid,0.4444444444444444,0.43634499884499883,75,225,54,25,6,150,msp,279,31,3,within_source_permutation,1
5,contract_logistic,0.3333333333333333,0.3280084727064119,75,225,54,25,6,150,msp,279,31,3,within_source_permutation,1
5,nearest_centroid,0.3333333333333333,0.3333333333333333,75,225,54,25,6,150,msp,279,31,3,within_source_permutation,1
1,contract_logistic,0.36507936507936506,0.3526570048309179,86,216,63,24,7,150,p_msp,279,31,3,within_source_permutation,1
1,nearest_centroid,0.38095238095238093,0.38137472283813745,86,216,63,24,7,150,p_msp,279,31,3,within_source_permutation,1
2,contract_logistic,0.4444444444444444,0.4287798921945263,86,225,54,25,6,150,p_msp,279,31,3,within_source_permutation,1
2,nearest_centroid,0.4444444444444444,0.4287798921945263,86,225,54,25,6,150,p_msp,279,31,3,within_source_permutation,1
3,contract_logistic,0.37037037037037035,0.3435431235431236,86,225,54,25,6,150,p_msp,279,31,3,within_source_permutation,1
3,nearest_centroid,0.37037037037037035,0.3435431235431236,86,225,54,25,6,150,p_msp,279,31,3,within_source_permutation,1
4,contract_logistic,0.4444444444444444,0.426937441643324,86,225,54,25,6,150,p_msp,279,31,3,within_source_permutation,1
4,nearest_centroid,0.4074074074074074,0.39901960784313734,86,225,54,25,6,150,p_msp,279,31,3,within_source_permutation,1
5,contract_logistic,0.3333333333333333,0.3338345864661654,86,225,54,25,6,150,p_msp,279,31,3,within_source_permutation,1
5,nearest_centroid,0.35185185185185186,0.36024486024486024,86,225,54,25,6,150,p_msp,279,31,3,within_source_permutation,1
1,contract_logistic,0.42857142857142855,0.42872297021623823,222,216,63,24,7,150,ck4p_msp,279,31,3,within_source_permutation,1
1,nearest_centroid,0.36507936507936506,0.3658567658567659,222,216,63,24,7,150,ck4p_msp,279,31,3,within_source_permutation,1
2,contract_logistic,0.37037037037037035,0.3748068924539513,222,225,54,25,6,150,ck4p_msp,279,31,3,within_source_permutation,1
2,nearest_centroid,0.3148148148148148,0.3083477566236187,222,225,54,25,6,150,ck4p_msp,279,31,3,within_source_permutation,1
3,contract_logistic,0.2962962962962963,0.2957393483709273,222,225,54,25,6,150,ck4p_msp,279,31,3,within_source_permutation,1
3,nearest_centroid,0.3148148148148148,0.3121973648289438,222,225,54,25,6,150,ck4p_msp,279,31,3,within_source_permutation,1
4,contract_logistic,0.5185185185185185,0.5104617604617604,222,225,54,25,6,150,ck4p_msp,279,31,3,within_source_permutation,1
4,nearest_centroid,0.42592592592592593,0.4096712096712097,222,225,54,25,6,150,ck4p_msp,279,31,3,within_source_permutation,1
5,contract_logistic,0.4074074074074074,0.4030223772159256,222,225,54,25,6,150,ck4p_msp,279,31,3,within_source_permutation,1
5,nearest_centroid,0.3888888888888889,0.3857563306815864,222,225,54,25,6,150,ck4p_msp,279,31,3,within_source_permutation,1
1,contract_logistic,0.3492063492063492,0.3317733317733318,136,216,63,24,7,150,ck4,279,31,3,within_source_permutation,2
1,nearest_centroid,0.31746031746031744,0.30982905982905984,136,216,63,24,7,150,ck4,279,31,3,within_source_permutation,2
2,contract_logistic,0.25925925925925924,0.24447474288407478,136,225,54,25,6,150,ck4,279,31,3,within_source_permutation,2
2,nearest_centroid,0.2777777777777778,0.2458937198067633,136,225,54,25,6,150,ck4,279,31,3,within_source_permutation,2
3,contract_logistic,0.3333333333333333,0.326984126984127,136,225,54,25,6,150,ck4,279,31,3,within_source_permutation,2
3,nearest_centroid,0.3888888888888889,0.37640670974004314,136,225,54,25,6,150,ck4,279,31,3,within_source_permutation,2
4,contract_logistic,0.4444444444444444,0.4397927366104182,136,225,54,25,6,150,ck4,279,31,3,within_source_permutation,2
4,nearest_centroid,0.35185185185185186,0.33392033542976945,136,225,54,25,6,150,ck4,279,31,3,within_source_permutation,2
5,contract_logistic,0.37037037037037035,0.34405486332464025,136,225,54,25,6,150,ck4,279,31,3,within_source_permutation,2
5,nearest_centroid,0.37037037037037035,0.35374887082204154,136,225,54,25,6,150,ck4,279,31,3,within_source_permutation,2
1,contract_logistic,0.3333333333333333,0.328765227021041,504,216,63,24,7,150,ckmer5_count_l2,279,31,3,within_source_permutation,2
1,nearest_centroid,0.3492063492063492,0.33895230772263957,504,216,63,24,7,150,ckmer5_count_l2,279,31,3,within_source_permutation,2
2,contract_logistic,0.24074074074074073,0.23400975726557124,504,225,54,25,6,150,ckmer5_count_l2,279,31,3,within_source_permutation,2
2,nearest_centroid,0.2962962962962963,0.291090888664195,504,225,54,25,6,150,ckmer5_count_l2,279,31,3,within_source_permutation,2
3,contract_logistic,0.2962962962962963,0.2880498133474983,504,225,54,25,6,150,ckmer5_count_l2,279,31,3,within_source_permutation,2
3,nearest_centroid,0.2777777777777778,0.27037037037037037,504,225,54,25,6,150,ckmer5_count_l2,279,31,3,within_source_permutation,2
4,contract_logistic,0.37037037037037035,0.3686274509803922,504,225,54,25,6,150,ckmer5_count_l2,279,31,3,within_source_permutation,2
4,nearest_centroid,0.4074074074074074,0.39040060468631893,504,225,54,25,6,150,ckmer5_count_l2,279,31,3,within_source_permutation,2
5,contract_logistic,0.3888888888888889,0.3662923138191955,504,225,54,25,6,150,ckmer5_count_l2,279,31,3,within_source_permutation,2
5,nearest_centroid,0.37037037037037035,0.348063973063973,504,225,54,25,6,150,ckmer5_count_l2,279,31,3,within_source_permutation,2
1,contract_logistic,0.36507936507936506,0.3308884443636217,11,216,63,24,7,150,p,279,31,3,within_source_permutation,2
1,nearest_centroid,0.38095238095238093,0.34401709401709396,11,216,63,24,7,150,p,279,31,3,within_source_permutation,2
2,contract_logistic,0.35185185185185186,0.34461359745659087,11,225,54,25,6,150,p,279,31,3,within_source_permutation,2
2,nearest_centroid,0.35185185185185186,0.34461359745659087,11,225,54,25,6,150,p,279,31,3,within_source_permutation,2
3,contract_logistic,0.3148148148148148,0.2776207244292351,11,225,54,25,6,150,p,279,31,3,within_source_permutation,2
3,nearest_centroid,0.3333333333333333,0.30854700854700856,11,225,54,25,6,150,p,279,31,3,within_source_permutation,2
4,contract_logistic,0.37037037037037035,0.36169577548887893,11,225,54,25,6,150,p,279,31,3,within_source_permutation,2
4,nearest_centroid,0.3888888888888889,0.38109239953666574,11,225,54,25,6,150,p,279,31,3,within_source_permutation,2
5,contract_logistic,0.3333333333333333,0.28861369109047125,11,225,54,25,6,150,p,279,31,3,within_source_permutation,2
5,nearest_centroid,0.35185185185185186,0.3387161084529506,11,225,54,25,6,150,p,279,31,3,within_source_permutation,2
1,contract_logistic,0.3492063492063492,0.33969696969696966,75,216,63,24,7,150,msp,279,31,3,within_source_permutation,2
1,nearest_centroid,0.3492063492063492,0.33969696969696966,75,216,63,24,7,150,msp,279,31,3,within_source_permutation,2
2,contract_logistic,0.37037037037037035,0.35958421423537706,75,225,54,25,6,150,msp,279,31,3,within_source_permutation,2
2,nearest_centroid,0.35185185185185186,0.33901515151515155,75,225,54,25,6,150,msp,279,31,3,within_source_permutation,2
3,contract_logistic,0.37037037037037035,0.3674871043292096,75,225,54,25,6,150,msp,279,31,3,within_source_permutation,2
3,nearest_centroid,0.37037037037037035,0.3674871043292096,75,225,54,25,6,150,msp,279,31,3,within_source_permutation,2
4,contract_logistic,0.3888888888888889,0.38095238095238093,75,225,54,25,6,150,msp,279,31,3,within_source_permutation,2
4,nearest_centroid,0.3888888888888889,0.38095238095238093,75,225,54,25,6,150,msp,279,31,3,within_source_permutation,2
5,contract_logistic,0.2777777777777778,0.2807359307359307,75,225,54,25,6,150,msp,279,31,3,within_source_permutation,2
5,nearest_centroid,0.2777777777777778,0.2807359307359307,75,225,54,25,6,150,msp,279,31,3,within_source_permutation,2
1,contract_logistic,0.3968253968253968,0.36801346801346796,86,216,63,24,7,150,p_msp,279,31,3,within_source_permutation,2
1,nearest_centroid,0.3968253968253968,0.37052011580313465,86,216,63,24,7,150,p_msp,279,31,3,within_source_permutation,2
2,contract_logistic,0.35185185185185186,0.3453429645290111,86,225,54,25,6,150,p_msp,279,31,3,within_source_permutation,2
2,nearest_centroid,0.35185185185185186,0.3453429645290111,86,225,54,25,6,150,p_msp,279,31,3,within_source_permutation,2
3,contract_logistic,0.35185185185185186,0.350993850993851,86,225,54,25,6,150,p_msp,279,31,3,within_source_permutation,2
3,nearest_centroid,0.35185185185185186,0.3502914679385268,86,225,54,25,6,150,p_msp,279,31,3,within_source_permutation,2
4,contract_logistic,0.35185185185185186,0.345513963161022,86,225,54,25,6,150,p_msp,279,31,3,within_source_permutation,2
4,nearest_centroid,0.35185185185185186,0.3458840900701366,86,225,54,25,6,150,p_msp,279,31,3,within_source_permutation,2
5,contract_logistic,0.3148148148148148,0.31656536919694817,86,225,54,25,6,150,p_msp,279,31,3,within_source_permutation,2
5,nearest_centroid,0.3148148148148148,0.31656536919694817,86,225,54,25,6,150,p_msp,279,31,3,within_source_permutation,2
1,contract_logistic,0.31746031746031744,0.29176620480968307,222,216,63,24,7,150,ck4p_msp,279,31,3,within_source_permutation,2
1,nearest_centroid,0.31746031746031744,0.30982905982905984,222,216,63,24,7,150,ck4p_msp,279,31,3,within_source_permutation,2
2,contract_logistic,0.2222222222222222,0.20017450250008387,222,225,54,25,6,150,ck4p_msp,279,31,3,within_source_permutation,2
2,nearest_centroid,0.2962962962962963,0.26062964884968,222,225,54,25,6,150,ck4p_msp,279,31,3,within_source_permutation,2
3,contract_logistic,0.3333333333333333,0.32704625808074084,222,225,54,25,6,150,ck4p_msp,279,31,3,within_source_permutation,2
3,nearest_centroid,0.37037037037037035,0.3611073333635553,222,225,54,25,6,150,ck4p_msp,279,31,3,within_source_permutation,2
4,contract_logistic,0.4444444444444444,0.44029965306561053,222,225,54,25,6,150,ck4p_msp,279,31,3,within_source_permutation,2
4,nearest_centroid,0.35185185185185186,0.33392033542976945,222,225,54,25,6,150,ck4p_msp,279,31,3,within_source_permutation,2
5,contract_logistic,0.4074074074074074,0.38011526449660327,222,225,54,25,6,150,ck4p_msp,279,31,3,within_source_permutation,2
5,nearest_centroid,0.37037037037037035,0.35374887082204154,222,225,54,25,6,150,ck4p_msp,279,31,3,within_source_permutation,2
1,contract_logistic,0.4126984126984127,0.4086523498288204,136,216,63,24,7,150,ck4,279,31,3,within_source_permutation,3
1,nearest_centroid,0.4126984126984127,0.3904569892473118,136,216,63,24,7,150,ck4,279,31,3,within_source_permutation,3
2,contract_logistic,0.4074074074074074,0.3954212454212454,136,225,54,25,6,150,ck4,279,31,3,within_source_permutation,3
2,nearest_centroid,0.3888888888888889,0.389142501050679,136,225,54,25,6,150,ck4,279,31,3,within_source_permutation,3
3,contract_logistic,0.37037037037037035,0.36899438137828233,136,225,54,25,6,150,ck4,279,31,3,within_source_permutation,3
3,nearest_centroid,0.3888888888888889,0.3886022245155372,136,225,54,25,6,150,ck4,279,31,3,within_source_permutation,3
4,contract_logistic,0.3888888888888889,0.3668276972624798,136,225,54,25,6,150,ck4,279,31,3,within_source_permutation,3
4,nearest_centroid,0.37037037037037035,0.3556578578489959,136,225,54,25,6,150,ck4,279,31,3,within_source_permutation,3
5,contract_logistic,0.24074074074074073,0.1945210516639088,136,225,54,25,6,150,ck4,279,31,3,within_source_permutation,3
5,nearest_centroid,0.2962962962962963,0.26334776334776333,136,225,54,25,6,150,ck4,279,31,3,within_source_permutation,3
1,contract_logistic,0.31746031746031744,0.31558652729384434,504,216,63,24,7,150,ckmer5_count_l2,279,31,3,within_source_permutation,3
1,nearest_centroid,0.4444444444444444,0.4474215842636895,504,216,63,24,7,150,ckmer5_count_l2,279,31,3,within_source_permutation,3
2,contract_logistic,0.37037037037037035,0.36712962962962964,504,225,54,25,6,150,ckmer5_count_l2,279,31,3,within_source_permutation,3
2,nearest_centroid,0.3888888888888889,0.373015873015873,504,225,54,25,6,150,ckmer5_count_l2,279,31,3,within_source_permutation,3
3,contract_logistic,0.35185185185185186,0.3451009811276349,504,225,54,25,6,150,ckmer5_count_l2,279,31,3,within_source_permutation,3
3,nearest_centroid,0.4074074074074074,0.40151515151515155,504,225,54,25,6,150,ckmer5_count_l2,279,31,3,within_source_permutation,3
4,contract_logistic,0.35185185185185186,0.3363636363636364,504,225,54,25,6,150,ckmer5_count_l2,279,31,3,within_source_permutation,3
4,nearest_centroid,0.3888888888888889,0.37844611528822053,504,225,54,25,6,150,ckmer5_count_l2,279,31,3,within_source_permutation,3
5,contract_logistic,0.35185185185185186,0.3308332963505377,504,225,54,25,6,150,ckmer5_count_l2,279,31,3,within_source_permutation,3
5,nearest_centroid,0.3333333333333333,0.3308680197225089,504,225,54,25,6,150,ckmer5_count_l2,279,31,3,within_source_permutation,3
1,contract_logistic,0.31746031746031744,0.3010893246187364,11,216,63,24,7,150,p,279,31,3,within_source_permutation,3
1,nearest_centroid,0.30158730158730157,0.2885606060606061,11,216,63,24,7,150,p,279,31,3,within_source_permutation,3
2,contract_logistic,0.2777777777777778,0.26591540830891747,11,225,54,25,6,150,p,279,31,3,within_source_permutation,3
2,nearest_centroid,0.2777777777777778,0.26591540830891747,11,225,54,25,6,150,p,279,31,3,within_source_permutation,3
3,contract_logistic,0.3888888888888889,0.38773252890899945,11,225,54,25,6,150,p,279,31,3,within_source_permutation,3
3,nearest_centroid,0.3888888888888889,0.38773252890899945,11,225,54,25,6,150,p,279,31,3,within_source_permutation,3
4,contract_logistic,0.3333333333333333,0.3127973501957242,11,225,54,25,6,150,p,279,31,3,within_source_permutation,3
4,nearest_centroid,0.3333333333333333,0.3144524851841925,11,225,54,25,6,150,p,279,31,3,within_source_permutation,3
5,contract_logistic,0.35185185185185186,0.33296172426607207,11,225,54,25,6,150,p,279,31,3,within_source_permutation,3
5,nearest_centroid,0.3333333333333333,0.3063689776733255,11,225,54,25,6,150,p,279,31,3,within_source_permutation,3
1,contract_logistic,0.2698412698412698,0.2687719298245614,75,216,63,24,7,150,msp,279,31,3,within_source_permutation,3
1,nearest_centroid,0.2698412698412698,0.2688773215089004,75,216,63,24,7,150,msp,279,31,3,within_source_permutation,3
2,contract_logistic,0.2777777777777778,0.2642542875101015,75,225,54,25,6,150,msp,279,31,3,within_source_permutation,3
2,nearest_centroid,0.2962962962962963,0.28860376013543615,75,225,54,25,6,150,msp,279,31,3,within_source_permutation,3
3,contract_logistic,0.4074074074074074,0.400351172295752,75,225,54,25,6,150,msp,279,31,3,within_source_permutation,3
3,nearest_centroid,0.4074074074074074,0.3947003914483589,75,225,54,25,6,150,msp,279,31,3,within_source_permutation,3
4,contract_logistic,0.37037037037037035,0.3695123695123695,75,225,54,25,6,150,msp,279,31,3,within_source_permutation,3
4,nearest_centroid,0.35185185185185186,0.35137844611528823,75,225,54,25,6,150,msp,279,31,3,within_source_permutation,3
5,contract_logistic,0.2037037037037037,0.17373737373737375,75,225,54,25,6,150,msp,279,31,3,within_source_permutation,3
5,nearest_centroid,0.18518518518518517,0.15314102564102564,75,225,54,25,6,150,msp,279,31,3,within_source_permutation,3
1,contract_logistic,0.2698412698412698,0.2727422544495715,86,216,63,24,7,150,p_msp,279,31,3,within_source_permutation,3
1,nearest_centroid,0.2698412698412698,0.2725795704519109,86,216,63,24,7,150,p_msp,279,31,3,within_source_permutation,3
2,contract_logistic,0.25925925925925924,0.2520277752835893,86,225,54,25,6,150,p_msp,279,31,3,within_source_permutation,3
2,nearest_centroid,0.2777777777777778,0.2747820991723431,86,225,54,25,6,150,p_msp,279,31,3,within_source_permutation,3
3,contract_logistic,0.3888888888888889,0.3881578947368421,86,225,54,25,6,150,p_msp,279,31,3,within_source_permutation,3
3,nearest_centroid,0.3888888888888889,0.3881578947368421,86,225,54,25,6,150,p_msp,279,31,3,within_source_permutation,3
4,contract_logistic,0.35185185185185186,0.34987468671679195,86,225,54,25,6,150,p_msp,279,31,3,within_source_permutation,3
4,nearest_centroid,0.35185185185185186,0.34987468671679195,86,225,54,25,6,150,p_msp,279,31,3,within_source_permutation,3
5,contract_logistic,0.2222222222222222,0.17441569491016465,86,225,54,25,6,150,p_msp,279,31,3,within_source_permutation,3
5,nearest_centroid,0.2222222222222222,0.17441569491016465,86,225,54,25,6,150,p_msp,279,31,3,within_source_permutation,3
1,contract_logistic,0.4126984126984127,0.40344027441485064,222,216,63,24,7,150,ck4p_msp,279,31,3,within_source_permutation,3
1,nearest_centroid,0.42857142857142855,0.41077786057294247,222,216,63,24,7,150,ck4p_msp,279,31,3,within_source_permutation,3
2,contract_logistic,0.35185185185185186,0.3450292397660819,222,225,54,25,6,150,ck4p_msp,279,31,3,within_source_permutation,3
2,nearest_centroid,0.3888888888888889,0.389142501050679,222,225,54,25,6,150,ck4p_msp,279,31,3,within_source_permutation,3
3,contract_logistic,0.4074074074074074,0.4046879046879048,222,225,54,25,6,150,ck4p_msp,279,31,3,within_source_permutation,3
3,nearest_centroid,0.3888888888888889,0.3886022245155372,222,225,54,25,6,150,ck4p_msp,279,31,3,within_source_permutation,3
4,contract_logistic,0.35185185185185186,0.34383753501400555,222,225,54,25,6,150,ck4p_msp,279,31,3,within_source_permutation,3
4,nearest_centroid,0.37037037037037035,0.3556578578489959,222,225,54,25,6,150,ck4p_msp,279,31,3,within_source_permutation,3
5,contract_logistic,0.2962962962962963,0.262861169837914,222,225,54,25,6,150,ck4p_msp,279,31,3,within_source_permutation,3
5,nearest_centroid,0.2962962962962963,0.26334776334776333,222,225,54,25,6,150,ck4p_msp,279,31,3,within_source_permutation,3
1,contract_logistic,0.2698412698412698,0.25773348098929494,136,216,63,24,7,150,ck4,279,31,3,within_source_permutation,4
1,nearest_centroid,0.3492063492063492,0.3447265084895747,136,216,63,24,7,150,ck4,279,31,3,within_source_permutation,4
2,contract_logistic,0.24074074074074073,0.22008547008547008,136,225,54,25,6,150,ck4,279,31,3,within_source_permutation,4
2,nearest_centroid,0.2962962962962963,0.29482846902201737,136,225,54,25,6,150,ck4,279,31,3,within_source_permutation,4
3,contract_logistic,0.3333333333333333,0.3265993265993266,136,225,54,25,6,150,ck4,279,31,3,within_source_permutation,4
3,nearest_centroid,0.37037037037037035,0.3706385118149824,136,225,54,25,6,150,ck4,279,31,3,within_source_permutation,4
4,contract_logistic,0.3333333333333333,0.3080639167595689,136,225,54,25,6,150,ck4,279,31,3,within_source_permutation,4
4,nearest_centroid,0.3333333333333333,0.3053968253968254,136,225,54,25,6,150,ck4,279,31,3,within_source_permutation,4
5,contract_logistic,0.35185185185185186,0.3274725274725275,136,225,54,25,6,150,ck4,279,31,3,within_source_permutation,4
5,nearest_centroid,0.3148148148148148,0.2868480725623583,136,225,54,25,6,150,ck4,279,31,3,within_source_permutation,4
1,contract_logistic,0.3492063492063492,0.34935040380304133,504,216,63,24,7,150,ckmer5_count_l2,279,31,3,within_source_permutation,4
1,nearest_centroid,0.3492063492063492,0.34643456185683846,504,216,63,24,7,150,ckmer5_count_l2,279,31,3,within_source_permutation,4
2,contract_logistic,0.3148148148148148,0.2997469519208649,504,225,54,25,6,150,ckmer5_count_l2,279,31,3,within_source_permutation,4
2,nearest_centroid,0.2222222222222222,0.22004215754215753,504,225,54,25,6,150,ckmer5_count_l2,279,31,3,within_source_permutation,4
3,contract_logistic,0.4074074074074074,0.40151515151515155,504,225,54,25,6,150,ckmer5_count_l2,279,31,3,within_source_permutation,4
3,nearest_centroid,0.35185185185185186,0.3282445046672689,504,225,54,25,6,150,ckmer5_count_l2,279,31,3,within_source_permutation,4
4,contract_logistic,0.3888888888888889,0.3697802197802198,504,225,54,25,6,150,ckmer5_count_l2,279,31,3,within_source_permutation,4
4,nearest_centroid,0.3333333333333333,0.29466829466829464,504,225,54,25,6,150,ckmer5_count_l2,279,31,3,within_source_permutation,4
5,contract_logistic,0.2962962962962963,0.28260516724949464,504,225,54,25,6,150,ckmer5_count_l2,279,31,3,within_source_permutation,4
5,nearest_centroid,0.24074074074074073,0.22751809593914854,504,225,54,25,6,150,ckmer5_count_l2,279,31,3,within_source_permutation,4
1,contract_logistic,0.38095238095238093,0.3434333475741343,11,216,63,24,7,150,p,279,31,3,within_source_permutation,4
1,nearest_centroid,0.38095238095238093,0.34413580246913583,11,216,63,24,7,150,p,279,31,3,within_source_permutation,4
2,contract_logistic,0.3333333333333333,0.33434343434343433,11,225,54,25,6,150,p,279,31,3,within_source_permutation,4
2,nearest_centroid,0.3148148148148148,0.3156862745098039,11,225,54,25,6,150,p,279,31,3,within_source_permutation,4
3,contract_logistic,0.3148148148148148,0.2747111044983385,11,225,54,25,6,150,p,279,31,3,within_source_permutation,4
3,nearest_centroid,0.3148148148148148,0.2914529914529915,11,225,54,25,6,150,p,279,31,3,within_source_permutation,4
4,contract_logistic,0.35185185185185186,0.30460686722029734,11,225,54,25,6,150,p,279,31,3,within_source_permutation,4
4,nearest_centroid,0.3333333333333333,0.2816764132553606,11,225,54,25,6,150,p,279,31,3,within_source_permutation,4
5,contract_logistic,0.35185185185185186,0.2801120448179271,11,225,54,25,6,150,p,279,31,3,within_source_permutation,4
5,nearest_centroid,0.3888888888888889,0.3516903616792629,11,225,54,25,6,150,p,279,31,3,within_source_permutation,4
1,contract_logistic,0.36507936507936506,0.3651145602365114,75,216,63,24,7,150,msp,279,31,3,within_source_permutation,4
1,nearest_centroid,0.38095238095238093,0.37994227994227997,75,216,63,24,7,150,msp,279,31,3,within_source_permutation,4
2,contract_logistic,0.35185185185185186,0.34260337363785637,75,225,54,25,6,150,msp,279,31,3,within_source_permutation,4
2,nearest_centroid,0.35185185185185186,0.34260337363785637,75,225,54,25,6,150,msp,279,31,3,within_source_permutation,4
3,contract_logistic,0.2962962962962963,0.29259259259259257,75,225,54,25,6,150,msp,279,31,3,within_source_permutation,4
3,nearest_centroid,0.2962962962962963,0.29259259259259257,75,225,54,25,6,150,msp,279,31,3,within_source_permutation,4
4,contract_logistic,0.4074074074074074,0.4046296296296296,75,225,54,25,6,150,msp,279,31,3,within_source_permutation,4
4,nearest_centroid,0.4074074074074074,0.4046879046879048,75,225,54,25,6,150,msp,279,31,3,within_source_permutation,4
5,contract_logistic,0.3148148148148148,0.3074406945463439,75,225,54,25,6,150,msp,279,31,3,within_source_permutation,4
5,nearest_centroid,0.3148148148148148,0.30611966743900776,75,225,54,25,6,150,msp,279,31,3,within_source_permutation,4
1,contract_logistic,0.3492063492063492,0.3365285508142651,86,216,63,24,7,150,p_msp,279,31,3,within_source_permutation,4
1,nearest_centroid,0.3492063492063492,0.3365285508142651,86,216,63,24,7,150,p_msp,279,31,3,within_source_permutation,4
2,contract_logistic,0.35185185185185186,0.3492049482958975,86,225,54,25,6,150,p_msp,279,31,3,within_source_permutation,4
2,nearest_centroid,0.3333333333333333,0.32720561092654116,86,225,54,25,6,150,p_msp,279,31,3,within_source_permutation,4
3,contract_logistic,0.3148148148148148,0.30367585630743527,86,225,54,25,6,150,p_msp,279,31,3,within_source_permutation,4
3,nearest_centroid,0.3333333333333333,0.32704625808074084,86,225,54,25,6,150,p_msp,279,31,3,within_source_permutation,4
4,contract_logistic,0.4074074074074074,0.39975813736631993,86,225,54,25,6,150,p_msp,279,31,3,within_source_permutation,4
4,nearest_centroid,0.4074074074074074,0.39975813736631993,86,225,54,25,6,150,p_msp,279,31,3,within_source_permutation,4
5,contract_logistic,0.37037037037037035,0.36699392239364187,86,225,54,25,6,150,p_msp,279,31,3,within_source_permutation,4
5,nearest_centroid,0.37037037037037035,0.3665322580645161,86,225,54,25,6,150,p_msp,279,31,3,within_source_permutation,4
1,contract_logistic,0.31746031746031744,0.31089321028345424,222,216,63,24,7,150,ck4p_msp,279,31,3,within_source_permutation,4
1,nearest_centroid,0.3333333333333333,0.32749586321014895,222,216,63,24,7,150,ck4p_msp,279,31,3,within_source_permutation,4
2,contract_logistic,0.2777777777777778,0.26671476671476674,222,225,54,25,6,150,ck4p_msp,279,31,3,within_source_permutation,4
2,nearest_centroid,0.3148148148148148,0.31394061252440486,222,225,54,25,6,150,ck4p_msp,279,31,3,within_source_permutation,4
3,contract_logistic,0.3333333333333333,0.32528908999497236,222,225,54,25,6,150,ck4p_msp,279,31,3,within_source_permutation,4
3,nearest_centroid,0.37037037037037035,0.3706385118149824,222,225,54,25,6,150,ck4p_msp,279,31,3,within_source_permutation,4
4,contract_logistic,0.37037037037037035,0.34016586331694176,222,225,54,25,6,150,ck4p_msp,279,31,3,within_source_permutation,4
4,nearest_centroid,0.3333333333333333,0.3053968253968254,222,225,54,25,6,150,ck4p_msp,279,31,3,within_source_permutation,4
5,contract_logistic,0.37037037037037035,0.3417054263565891,222,225,54,25,6,150,ck4p_msp,279,31,3,within_source_permutation,4
5,nearest_centroid,0.2962962962962963,0.27314814814814814,222,225,54,25,6,150,ck4p_msp,279,31,3,within_source_permutation,4
