representation,classifier,n_samples,n_classes,n_features,accuracy,macro_f1,task,genus,length,condition,label_col
ckmer4_count_l2,nearest_centroid,116,4,136,0.22857142857142856,0.21666666666666667,within_genus_species,Acinetobacter,69,clean,label
ckmer4_count_l2,logistic,116,4,136,0.17142857142857143,0.16884889920880633,within_genus_species,Acinetobacter,69,clean,label
ckmer4_property_l2,nearest_centroid,116,4,147,0.22857142857142856,0.21666666666666667,within_genus_species,Acinetobacter,69,clean,label
ckmer4_property_l2,logistic,116,4,147,0.2,0.19407894736842105,within_genus_species,Acinetobacter,69,clean,label
ck4p_msp,nearest_centroid,116,4,222,0.22857142857142856,0.21666666666666667,within_genus_species,Acinetobacter,69,clean,label
ck4p_msp,logistic,116,4,222,0.2,0.19664867296446245,within_genus_species,Acinetobacter,69,clean,label
ckmer5_count_l2,nearest_centroid,116,4,511,0.2,0.18906641604010024,within_genus_species,Acinetobacter,69,clean,label
ckmer5_count_l2,logistic,116,4,511,0.14285714285714285,0.14478844169246646,within_genus_species,Acinetobacter,69,clean,label
cspaced_property_l2,nearest_centroid,116,4,147,0.22857142857142856,0.2270833333333333,within_genus_species,Acinetobacter,69,clean,label
cspaced_property_l2,logistic,116,4,147,0.2571428571428571,0.2437908496732026,within_genus_species,Acinetobacter,69,clean,label
ckmer4_count_l2,nearest_centroid,72,3,136,0.36363636363636365,0.3420479302832244,within_genus_species,Burkholderia,69,clean,label
ckmer4_count_l2,logistic,72,3,136,0.36363636363636365,0.34117647058823525,within_genus_species,Burkholderia,69,clean,label
ckmer4_property_l2,nearest_centroid,72,3,143,0.4090909090909091,0.407843137254902,within_genus_species,Burkholderia,69,clean,label
ckmer4_property_l2,logistic,72,3,143,0.45454545454545453,0.43973063973063975,within_genus_species,Burkholderia,69,clean,label
ck4p_msp,nearest_centroid,72,3,222,0.4090909090909091,0.407843137254902,within_genus_species,Burkholderia,69,clean,label
ck4p_msp,logistic,72,3,222,0.2727272727272727,0.26794871794871794,within_genus_species,Burkholderia,69,clean,label
ckmer5_count_l2,nearest_centroid,72,3,463,0.36363636363636365,0.3394249512670566,within_genus_species,Burkholderia,69,clean,label
ckmer5_count_l2,logistic,72,3,463,0.3181818181818182,0.2965034965034965,within_genus_species,Burkholderia,69,clean,label
cspaced_property_l2,nearest_centroid,72,3,142,0.36363636363636365,0.3544973544973545,within_genus_species,Burkholderia,69,clean,label
cspaced_property_l2,logistic,72,3,142,0.4090909090909091,0.41269841269841273,within_genus_species,Burkholderia,69,clean,label
ckmer4_count_l2,nearest_centroid,72,2,136,0.5,0.4989648033126294,target_background,Burkholderia,69,clean,target_binary
ckmer4_count_l2,logistic,72,2,136,0.6818181818181818,0.6178660049627791,target_background,Burkholderia,69,clean,target_binary
ckmer4_property_l2,nearest_centroid,72,2,144,0.45454545454545453,0.45,target_background,Burkholderia,69,clean,target_binary
ckmer4_property_l2,logistic,72,2,144,0.6363636363636364,0.5416666666666666,target_background,Burkholderia,69,clean,target_binary
ck4p_msp,nearest_centroid,72,2,222,0.5,0.4989648033126294,target_background,Burkholderia,69,clean,target_binary
ck4p_msp,logistic,72,2,222,0.6818181818181818,0.6178660049627791,target_background,Burkholderia,69,clean,target_binary
ckmer5_count_l2,nearest_centroid,72,2,463,0.5909090909090909,0.5448275862068965,target_background,Burkholderia,69,clean,target_binary
ckmer5_count_l2,logistic,72,2,463,0.6363636363636364,0.48235294117647054,target_background,Burkholderia,69,clean,target_binary
cspaced_property_l2,nearest_centroid,72,2,143,0.6363636363636364,0.6239316239316239,target_background,Burkholderia,69,clean,target_binary
cspaced_property_l2,logistic,72,2,143,0.6363636363636364,0.5416666666666666,target_background,Burkholderia,69,clean,target_binary
ckmer4_count_l2,nearest_centroid,119,4,136,0.2777777777777778,0.2877054295818598,within_genus_species,Candida,69,clean,label
ckmer4_count_l2,logistic,119,4,136,0.25,0.23827231121281464,within_genus_species,Candida,69,clean,label
ckmer4_property_l2,nearest_centroid,119,4,146,0.3055555555555556,0.30952380952380953,within_genus_species,Candida,69,clean,label
ckmer4_property_l2,logistic,119,4,146,0.3055555555555556,0.29038175148014966,within_genus_species,Candida,69,clean,label
ck4p_msp,nearest_centroid,119,4,222,0.2777777777777778,0.2877054295818598,within_genus_species,Candida,69,clean,label
ck4p_msp,logistic,119,4,222,0.3333333333333333,0.34963924963924964,within_genus_species,Candida,69,clean,label
ckmer5_count_l2,nearest_centroid,119,4,500,0.3611111111111111,0.3321821152703506,within_genus_species,Candida,69,clean,label
ckmer5_count_l2,logistic,119,4,500,0.25,0.21287593984962405,within_genus_species,Candida,69,clean,label
cspaced_property_l2,nearest_centroid,119,4,147,0.3333333333333333,0.27406162464985995,within_genus_species,Candida,69,clean,label
cspaced_property_l2,logistic,119,4,147,0.2777777777777778,0.22709551656920077,within_genus_species,Candida,69,clean,label
ckmer4_count_l2,nearest_centroid,93,2,136,0.5714285714285714,0.5508021390374331,target_background,Candida,69,clean,target_binary
ckmer4_count_l2,logistic,93,2,136,0.6428571428571429,0.6111111111111112,target_background,Candida,69,clean,target_binary
ckmer4_property_l2,nearest_centroid,93,2,147,0.5357142857142857,0.5204216073781291,target_background,Candida,69,clean,target_binary
ckmer4_property_l2,logistic,93,2,147,0.6071428571428571,0.5942028985507246,target_background,Candida,69,clean,target_binary
ck4p_msp,nearest_centroid,93,2,222,0.5714285714285714,0.5508021390374331,target_background,Candida,69,clean,target_binary
ck4p_msp,logistic,93,2,222,0.5357142857142857,0.5047619047619047,target_background,Candida,69,clean,target_binary
ckmer5_count_l2,nearest_centroid,93,2,500,0.5714285714285714,0.5508021390374331,target_background,Candida,69,clean,target_binary
ckmer5_count_l2,logistic,93,2,500,0.7142857142857143,0.6190476190476191,target_background,Candida,69,clean,target_binary
cspaced_property_l2,nearest_centroid,93,2,147,0.4642857142857143,0.42857142857142855,target_background,Candida,69,clean,target_binary
cspaced_property_l2,logistic,93,2,147,0.6071428571428571,0.561877667140825,target_background,Candida,69,clean,target_binary
ckmer4_count_l2,nearest_centroid,147,5,135,0.26666666666666666,0.26333333333333336,within_genus_species,Enterobacter,69,clean,label
ckmer4_count_l2,logistic,147,5,135,0.3333333333333333,0.2924289332958064,within_genus_species,Enterobacter,69,clean,label
ckmer4_property_l2,nearest_centroid,147,5,146,0.26666666666666666,0.26333333333333336,within_genus_species,Enterobacter,69,clean,label
ckmer4_property_l2,logistic,147,5,146,0.3111111111111111,0.2650975264247576,within_genus_species,Enterobacter,69,clean,label
ck4p_msp,nearest_centroid,147,5,222,0.26666666666666666,0.26333333333333336,within_genus_species,Enterobacter,69,clean,label
ck4p_msp,logistic,147,5,222,0.26666666666666666,0.22695652173913042,within_genus_species,Enterobacter,69,clean,label
ckmer5_count_l2,nearest_centroid,147,5,507,0.4222222222222222,0.3933880154932786,within_genus_species,Enterobacter,69,clean,label
ckmer5_count_l2,logistic,147,5,507,0.24444444444444444,0.2178104575163399,within_genus_species,Enterobacter,69,clean,label
cspaced_property_l2,nearest_centroid,147,5,147,0.2222222222222222,0.22421052631578947,within_genus_species,Enterobacter,69,clean,label
cspaced_property_l2,logistic,147,5,147,0.15555555555555556,0.15692564745196325,within_genus_species,Enterobacter,69,clean,label
ckmer4_count_l2,nearest_centroid,90,2,135,0.4444444444444444,0.4413793103448276,target_background,Enterobacter,69,clean,target_binary
ckmer4_count_l2,logistic,90,2,135,0.5555555555555556,0.55,target_background,Enterobacter,69,clean,target_binary
ckmer4_property_l2,nearest_centroid,90,2,146,0.4444444444444444,0.4413793103448276,target_background,Enterobacter,69,clean,target_binary
ckmer4_property_l2,logistic,90,2,146,0.5185185185185185,0.5158620689655172,target_background,Enterobacter,69,clean,target_binary
ck4p_msp,nearest_centroid,90,2,222,0.4444444444444444,0.4413793103448276,target_background,Enterobacter,69,clean,target_binary
ck4p_msp,logistic,90,2,222,0.48148148148148145,0.4630681818181818,target_background,Enterobacter,69,clean,target_binary
ckmer5_count_l2,nearest_centroid,90,2,503,0.48148148148148145,0.4807692307692308,target_background,Enterobacter,69,clean,target_binary
ckmer5_count_l2,logistic,90,2,503,0.6666666666666666,0.6136724960254372,target_background,Enterobacter,69,clean,target_binary
cspaced_property_l2,nearest_centroid,90,2,147,0.37037037037037035,0.33766233766233766,target_background,Enterobacter,69,clean,target_binary
cspaced_property_l2,logistic,90,2,147,0.2962962962962963,0.2597402597402597,target_background,Enterobacter,69,clean,target_binary
ckmer4_count_l2,nearest_centroid,59,2,136,0.5,0.4857142857142857,within_genus_species,Escherichia,69,clean,label
ckmer4_count_l2,logistic,59,2,136,0.5555555555555556,0.55,within_genus_species,Escherichia,69,clean,label
ckmer4_property_l2,nearest_centroid,59,2,147,0.5555555555555556,0.55,within_genus_species,Escherichia,69,clean,label
ckmer4_property_l2,logistic,59,2,147,0.6111111111111112,0.609907120743034,within_genus_species,Escherichia,69,clean,label
ck4p_msp,nearest_centroid,59,2,222,0.5555555555555556,0.55,within_genus_species,Escherichia,69,clean,label
ck4p_msp,logistic,59,2,222,0.2777777777777778,0.27554179566563464,within_genus_species,Escherichia,69,clean,label
ckmer5_count_l2,nearest_centroid,59,2,506,0.5555555555555556,0.5324675324675324,within_genus_species,Escherichia,69,clean,label
ckmer5_count_l2,logistic,59,2,506,0.6111111111111112,0.5418181818181818,within_genus_species,Escherichia,69,clean,label
cspaced_property_l2,nearest_centroid,59,2,147,0.6666666666666666,0.6625,within_genus_species,Escherichia,69,clean,label
cspaced_property_l2,logistic,59,2,147,0.6111111111111112,0.609907120743034,within_genus_species,Escherichia,69,clean,label
ckmer4_count_l2,nearest_centroid,59,2,136,0.5,0.4857142857142857,target_background,Escherichia,69,clean,target_binary
ckmer4_count_l2,logistic,59,2,136,0.5555555555555556,0.55,target_background,Escherichia,69,clean,target_binary
ckmer4_property_l2,nearest_centroid,59,2,147,0.5555555555555556,0.55,target_background,Escherichia,69,clean,target_binary
ckmer4_property_l2,logistic,59,2,147,0.6111111111111112,0.609907120743034,target_background,Escherichia,69,clean,target_binary
ck4p_msp,nearest_centroid,59,2,222,0.5555555555555556,0.55,target_background,Escherichia,69,clean,target_binary
ck4p_msp,logistic,59,2,222,0.2777777777777778,0.27554179566563464,target_background,Escherichia,69,clean,target_binary
ckmer5_count_l2,nearest_centroid,59,2,506,0.5555555555555556,0.5324675324675324,target_background,Escherichia,69,clean,target_binary
ckmer5_count_l2,logistic,59,2,506,0.6111111111111112,0.5418181818181818,target_background,Escherichia,69,clean,target_binary
cspaced_property_l2,nearest_centroid,59,2,147,0.6666666666666666,0.6625,target_background,Escherichia,69,clean,target_binary
cspaced_property_l2,logistic,59,2,147,0.6111111111111112,0.609907120743034,target_background,Escherichia,69,clean,target_binary
ckmer4_count_l2,nearest_centroid,87,3,135,0.4074074074074074,0.3633735545500252,within_genus_species,Klebsiella,69,clean,label
ckmer4_count_l2,logistic,87,3,135,0.4074074074074074,0.34920634920634913,within_genus_species,Klebsiella,69,clean,label
ckmer4_property_l2,nearest_centroid,87,3,146,0.4444444444444444,0.4146825396825397,within_genus_species,Klebsiella,69,clean,label
ckmer4_property_l2,logistic,87,3,146,0.37037037037037035,0.2921331542021197,within_genus_species,Klebsiella,69,clean,label
ck4p_msp,nearest_centroid,87,3,222,0.4074074074074074,0.3633735545500252,within_genus_species,Klebsiella,69,clean,label
ck4p_msp,logistic,87,3,222,0.4444444444444444,0.34761904761904766,within_genus_species,Klebsiella,69,clean,label
ckmer5_count_l2,nearest_centroid,87,3,506,0.4444444444444444,0.4222222222222222,within_genus_species,Klebsiella,69,clean,label
ckmer5_count_l2,logistic,87,3,506,0.4444444444444444,0.42192375525708864,within_genus_species,Klebsiella,69,clean,label
cspaced_property_l2,nearest_centroid,87,3,147,0.3333333333333333,0.31481481481481477,within_genus_species,Klebsiella,69,clean,label
cspaced_property_l2,logistic,87,3,147,0.2962962962962963,0.24444444444444446,within_genus_species,Klebsiella,69,clean,label
ckmer4_count_l2,nearest_centroid,87,2,135,0.4444444444444444,0.4319775596072931,target_background,Klebsiella,69,clean,target_binary
ckmer4_count_l2,logistic,87,2,135,0.37037037037037035,0.30977443609022554,target_background,Klebsiella,69,clean,target_binary
ckmer4_property_l2,nearest_centroid,87,2,146,0.4444444444444444,0.4319775596072931,target_background,Klebsiella,69,clean,target_binary
ckmer4_property_l2,logistic,87,2,146,0.37037037037037035,0.30977443609022554,target_background,Klebsiella,69,clean,target_binary
ck4p_msp,nearest_centroid,87,2,222,0.4444444444444444,0.4319775596072931,target_background,Klebsiella,69,clean,target_binary
ck4p_msp,logistic,87,2,222,0.5555555555555556,0.5397727272727273,target_background,Klebsiella,69,clean,target_binary
ckmer5_count_l2,nearest_centroid,87,2,506,0.5185185185185185,0.5158620689655172,target_background,Klebsiella,69,clean,target_binary
ckmer5_count_l2,logistic,87,2,506,0.48148148148148145,0.4166666666666667,target_background,Klebsiella,69,clean,target_binary
cspaced_property_l2,nearest_centroid,87,2,147,0.48148148148148145,0.4630681818181818,target_background,Klebsiella,69,clean,target_binary
cspaced_property_l2,logistic,87,2,147,0.5185185185185185,0.5077138849929874,target_background,Klebsiella,69,clean,target_binary
ckmer4_count_l2,nearest_centroid,116,4,136,0.22857142857142856,0.22373737373737373,within_genus_species,Acinetobacter,69,substitution_1pct,label
ckmer4_count_l2,logistic,116,4,136,0.17142857142857143,0.16948529411764707,within_genus_species,Acinetobacter,69,substitution_1pct,label
ckmer4_property_l2,nearest_centroid,116,4,147,0.2571428571428571,0.2511904761904762,within_genus_species,Acinetobacter,69,substitution_1pct,label
ckmer4_property_l2,logistic,116,4,147,0.2571428571428571,0.25816993464052285,within_genus_species,Acinetobacter,69,substitution_1pct,label
ck4p_msp,nearest_centroid,116,4,222,0.22857142857142856,0.22373737373737373,within_genus_species,Acinetobacter,69,substitution_1pct,label
ck4p_msp,logistic,116,4,222,0.2571428571428571,0.2554502063983488,within_genus_species,Acinetobacter,69,substitution_1pct,label
ckmer5_count_l2,nearest_centroid,116,4,511,0.17142857142857143,0.16575292397660818,within_genus_species,Acinetobacter,69,substitution_1pct,label
ckmer5_count_l2,logistic,116,4,511,0.14285714285714285,0.14136904761904762,within_genus_species,Acinetobacter,69,substitution_1pct,label
cspaced_property_l2,nearest_centroid,116,4,147,0.22857142857142856,0.23154477101845522,within_genus_species,Acinetobacter,69,substitution_1pct,label
cspaced_property_l2,logistic,116,4,147,0.22857142857142856,0.21879084967320261,within_genus_species,Acinetobacter,69,substitution_1pct,label
ckmer4_count_l2,nearest_centroid,72,3,136,0.3181818181818182,0.3028322440087146,within_genus_species,Burkholderia,69,substitution_1pct,label
ckmer4_count_l2,logistic,72,3,136,0.45454545454545453,0.4139433551198257,within_genus_species,Burkholderia,69,substitution_1pct,label
ckmer4_property_l2,nearest_centroid,72,3,145,0.3181818181818182,0.3028322440087146,within_genus_species,Burkholderia,69,substitution_1pct,label
ckmer4_property_l2,logistic,72,3,145,0.45454545454545453,0.4139433551198257,within_genus_species,Burkholderia,69,substitution_1pct,label
ck4p_msp,nearest_centroid,72,3,222,0.3181818181818182,0.3028322440087146,within_genus_species,Burkholderia,69,substitution_1pct,label
ck4p_msp,logistic,72,3,222,0.18181818181818182,0.1692307692307692,within_genus_species,Burkholderia,69,substitution_1pct,label
ckmer5_count_l2,nearest_centroid,72,3,469,0.3181818181818182,0.25833333333333336,within_genus_species,Burkholderia,69,substitution_1pct,label
ckmer5_count_l2,logistic,72,3,469,0.2727272727272727,0.24475524475524477,within_genus_species,Burkholderia,69,substitution_1pct,label
cspaced_property_l2,nearest_centroid,72,3,144,0.2727272727272727,0.26209150326797387,within_genus_species,Burkholderia,69,substitution_1pct,label
cspaced_property_l2,logistic,72,3,144,0.4090909090909091,0.40317460317460313,within_genus_species,Burkholderia,69,substitution_1pct,label
ckmer4_count_l2,nearest_centroid,72,2,136,0.5,0.4989648033126294,target_background,Burkholderia,69,substitution_1pct,target_binary
ckmer4_count_l2,logistic,72,2,136,0.5909090909090909,0.4545454545454546,target_background,Burkholderia,69,substitution_1pct,target_binary
ckmer4_property_l2,nearest_centroid,72,2,144,0.5,0.4989648033126294,target_background,Burkholderia,69,substitution_1pct,target_binary
ckmer4_property_l2,logistic,72,2,144,0.5909090909090909,0.4545454545454546,target_background,Burkholderia,69,substitution_1pct,target_binary
ck4p_msp,nearest_centroid,72,2,222,0.5,0.4989648033126294,target_background,Burkholderia,69,substitution_1pct,target_binary
ck4p_msp,logistic,72,2,222,0.6818181818181818,0.5757575757575757,target_background,Burkholderia,69,substitution_1pct,target_binary
ckmer5_count_l2,nearest_centroid,72,2,469,0.5454545454545454,0.5089285714285714,target_background,Burkholderia,69,substitution_1pct,target_binary
ckmer5_count_l2,logistic,72,2,469,0.5909090909090909,0.4545454545454546,target_background,Burkholderia,69,substitution_1pct,target_binary
cspaced_property_l2,nearest_centroid,72,2,145,0.5909090909090909,0.5686274509803921,target_background,Burkholderia,69,substitution_1pct,target_binary
cspaced_property_l2,logistic,72,2,145,0.5909090909090909,0.4545454545454546,target_background,Burkholderia,69,substitution_1pct,target_binary
ckmer4_count_l2,nearest_centroid,119,4,136,0.3333333333333333,0.3279938977879481,within_genus_species,Candida,69,substitution_1pct,label
ckmer4_count_l2,logistic,119,4,136,0.3055555555555556,0.30952380952380953,within_genus_species,Candida,69,substitution_1pct,label
ckmer4_property_l2,nearest_centroid,119,4,146,0.3888888888888889,0.37944408532643825,within_genus_species,Candida,69,substitution_1pct,label
ckmer4_property_l2,logistic,119,4,146,0.3888888888888889,0.3819444444444444,within_genus_species,Candida,69,substitution_1pct,label
ck4p_msp,nearest_centroid,119,4,222,0.3333333333333333,0.3265319094838545,within_genus_species,Candida,69,substitution_1pct,label
ck4p_msp,logistic,119,4,222,0.3611111111111111,0.3718766613503456,within_genus_species,Candida,69,substitution_1pct,label
ckmer5_count_l2,nearest_centroid,119,4,503,0.3888888888888889,0.36155545222041385,within_genus_species,Candida,69,substitution_1pct,label
ckmer5_count_l2,logistic,119,4,503,0.2777777777777778,0.23550724637681159,within_genus_species,Candida,69,substitution_1pct,label
cspaced_property_l2,nearest_centroid,119,4,147,0.3055555555555556,0.27708333333333335,within_genus_species,Candida,69,substitution_1pct,label
cspaced_property_l2,logistic,119,4,147,0.2222222222222222,0.18831168831168832,within_genus_species,Candida,69,substitution_1pct,label
ckmer4_count_l2,nearest_centroid,93,2,136,0.5,0.48958333333333337,target_background,Candida,69,substitution_1pct,target_binary
ckmer4_count_l2,logistic,93,2,136,0.6071428571428571,0.5809523809523809,target_background,Candida,69,substitution_1pct,target_binary
ckmer4_property_l2,nearest_centroid,93,2,147,0.5,0.48958333333333337,target_background,Candida,69,substitution_1pct,target_binary
ckmer4_property_l2,logistic,93,2,147,0.5714285714285714,0.5333333333333333,target_background,Candida,69,substitution_1pct,target_binary
ck4p_msp,nearest_centroid,93,2,222,0.5,0.48958333333333337,target_background,Candida,69,substitution_1pct,target_binary
ck4p_msp,logistic,93,2,222,0.5357142857142857,0.5047619047619047,target_background,Candida,69,substitution_1pct,target_binary
ckmer5_count_l2,nearest_centroid,93,2,501,0.6071428571428571,0.561877667140825,target_background,Candida,69,substitution_1pct,target_binary
ckmer5_count_l2,logistic,93,2,501,0.6428571428571429,0.5238095238095237,target_background,Candida,69,substitution_1pct,target_binary
cspaced_property_l2,nearest_centroid,93,2,147,0.5,0.47593582887700536,target_background,Candida,69,substitution_1pct,target_binary
cspaced_property_l2,logistic,93,2,147,0.6071428571428571,0.561877667140825,target_background,Candida,69,substitution_1pct,target_binary
ckmer4_count_l2,nearest_centroid,147,5,135,0.28888888888888886,0.2704329004329004,within_genus_species,Enterobacter,69,substitution_1pct,label
ckmer4_count_l2,logistic,147,5,135,0.24444444444444444,0.20071146245059288,within_genus_species,Enterobacter,69,substitution_1pct,label
ckmer4_property_l2,nearest_centroid,147,5,146,0.24444444444444444,0.22738095238095238,within_genus_species,Enterobacter,69,substitution_1pct,label
ckmer4_property_l2,logistic,147,5,146,0.26666666666666666,0.21863354037267077,within_genus_species,Enterobacter,69,substitution_1pct,label
ck4p_msp,nearest_centroid,147,5,222,0.26666666666666666,0.2420995670995671,within_genus_species,Enterobacter,69,substitution_1pct,label
ck4p_msp,logistic,147,5,222,0.2222222222222222,0.1994486215538847,within_genus_species,Enterobacter,69,substitution_1pct,label
ckmer5_count_l2,nearest_centroid,147,5,507,0.35555555555555557,0.33207469654528476,within_genus_species,Enterobacter,69,substitution_1pct,label
ckmer5_count_l2,logistic,147,5,507,0.26666666666666666,0.2561613876319758,within_genus_species,Enterobacter,69,substitution_1pct,label
cspaced_property_l2,nearest_centroid,147,5,147,0.17777777777777778,0.17517476555839723,within_genus_species,Enterobacter,69,substitution_1pct,label
cspaced_property_l2,logistic,147,5,147,0.13333333333333333,0.1353827573392791,within_genus_species,Enterobacter,69,substitution_1pct,label
ckmer4_count_l2,nearest_centroid,90,2,135,0.4444444444444444,0.4413793103448276,target_background,Enterobacter,69,substitution_1pct,target_binary
ckmer4_count_l2,logistic,90,2,135,0.6296296296296297,0.6164772727272727,target_background,Enterobacter,69,substitution_1pct,target_binary
ckmer4_property_l2,nearest_centroid,90,2,146,0.4444444444444444,0.4413793103448276,target_background,Enterobacter,69,substitution_1pct,target_binary
ckmer4_property_l2,logistic,90,2,146,0.6296296296296297,0.6029411764705883,target_background,Enterobacter,69,substitution_1pct,target_binary
ck4p_msp,nearest_centroid,90,2,222,0.48148148148148145,0.475,target_background,Enterobacter,69,substitution_1pct,target_binary
ck4p_msp,logistic,90,2,222,0.5925925925925926,0.5533834586466165,target_background,Enterobacter,69,substitution_1pct,target_binary
ckmer5_count_l2,nearest_centroid,90,2,502,0.4444444444444444,0.4413793103448276,target_background,Enterobacter,69,substitution_1pct,target_binary
ckmer5_count_l2,logistic,90,2,502,0.7037037037037037,0.6666666666666667,target_background,Enterobacter,69,substitution_1pct,target_binary
cspaced_property_l2,nearest_centroid,90,2,147,0.5185185185185185,0.4935064935064935,target_background,Enterobacter,69,substitution_1pct,target_binary
cspaced_property_l2,logistic,90,2,147,0.4074074074074074,0.4,target_background,Enterobacter,69,substitution_1pct,target_binary
ckmer4_count_l2,nearest_centroid,59,2,136,0.5,0.4984520123839009,within_genus_species,Escherichia,69,substitution_1pct,label
ckmer4_count_l2,logistic,59,2,136,0.5,0.4984520123839009,within_genus_species,Escherichia,69,substitution_1pct,label
ckmer4_property_l2,nearest_centroid,59,2,147,0.5,0.4984520123839009,within_genus_species,Escherichia,69,substitution_1pct,label
ckmer4_property_l2,logistic,59,2,147,0.5,0.4984520123839009,within_genus_species,Escherichia,69,substitution_1pct,label
ck4p_msp,nearest_centroid,59,2,222,0.5555555555555556,0.5555555555555556,within_genus_species,Escherichia,69,substitution_1pct,label
ck4p_msp,logistic,59,2,222,0.3888888888888889,0.38699690402476783,within_genus_species,Escherichia,69,substitution_1pct,label
ckmer5_count_l2,nearest_centroid,59,2,507,0.5555555555555556,0.5324675324675324,within_genus_species,Escherichia,69,substitution_1pct,label
ckmer5_count_l2,logistic,59,2,507,0.5,0.4109090909090909,within_genus_species,Escherichia,69,substitution_1pct,label
cspaced_property_l2,nearest_centroid,59,2,147,0.6666666666666666,0.6625,within_genus_species,Escherichia,69,substitution_1pct,label
cspaced_property_l2,logistic,59,2,147,0.6111111111111112,0.609907120743034,within_genus_species,Escherichia,69,substitution_1pct,label
ckmer4_count_l2,nearest_centroid,59,2,136,0.5,0.4984520123839009,target_background,Escherichia,69,substitution_1pct,target_binary
ckmer4_count_l2,logistic,59,2,136,0.5,0.4984520123839009,target_background,Escherichia,69,substitution_1pct,target_binary
ckmer4_property_l2,nearest_centroid,59,2,147,0.5,0.4984520123839009,target_background,Escherichia,69,substitution_1pct,target_binary
ckmer4_property_l2,logistic,59,2,147,0.5,0.4984520123839009,target_background,Escherichia,69,substitution_1pct,target_binary
ck4p_msp,nearest_centroid,59,2,222,0.5555555555555556,0.5555555555555556,target_background,Escherichia,69,substitution_1pct,target_binary
ck4p_msp,logistic,59,2,222,0.3888888888888889,0.38699690402476783,target_background,Escherichia,69,substitution_1pct,target_binary
ckmer5_count_l2,nearest_centroid,59,2,507,0.5555555555555556,0.5324675324675324,target_background,Escherichia,69,substitution_1pct,target_binary
ckmer5_count_l2,logistic,59,2,507,0.5,0.4109090909090909,target_background,Escherichia,69,substitution_1pct,target_binary
cspaced_property_l2,nearest_centroid,59,2,147,0.6666666666666666,0.6625,target_background,Escherichia,69,substitution_1pct,target_binary
cspaced_property_l2,logistic,59,2,147,0.6111111111111112,0.609907120743034,target_background,Escherichia,69,substitution_1pct,target_binary
ckmer4_count_l2,nearest_centroid,87,3,135,0.48148148148148145,0.45499939106077214,within_genus_species,Klebsiella,69,substitution_1pct,label
ckmer4_count_l2,logistic,87,3,135,0.48148148148148145,0.4468864468864469,within_genus_species,Klebsiella,69,substitution_1pct,label
ckmer4_property_l2,nearest_centroid,87,3,146,0.5185185185185185,0.481649069884364,within_genus_species,Klebsiella,69,substitution_1pct,label
ckmer4_property_l2,logistic,87,3,146,0.48148148148148145,0.44661511328177994,within_genus_species,Klebsiella,69,substitution_1pct,label
ck4p_msp,nearest_centroid,87,3,222,0.5185185185185185,0.481649069884364,within_genus_species,Klebsiella,69,substitution_1pct,label
ck4p_msp,logistic,87,3,222,0.5555555555555556,0.5111111111111111,within_genus_species,Klebsiella,69,substitution_1pct,label
ckmer5_count_l2,nearest_centroid,87,3,508,0.4444444444444444,0.4182607515940849,within_genus_species,Klebsiella,69,substitution_1pct,label
ckmer5_count_l2,logistic,87,3,508,0.37037037037037035,0.36209150326797385,within_genus_species,Klebsiella,69,substitution_1pct,label
cspaced_property_l2,nearest_centroid,87,3,147,0.2962962962962963,0.28538647342995166,within_genus_species,Klebsiella,69,substitution_1pct,label
cspaced_property_l2,logistic,87,3,147,0.3333333333333333,0.30505050505050507,within_genus_species,Klebsiella,69,substitution_1pct,label
ckmer4_count_l2,nearest_centroid,87,2,135,0.48148148148148145,0.475,target_background,Klebsiella,69,substitution_1pct,target_binary
ckmer4_count_l2,logistic,87,2,135,0.37037037037037035,0.35624123422159887,target_background,Klebsiella,69,substitution_1pct,target_binary
ckmer4_property_l2,nearest_centroid,87,2,146,0.4444444444444444,0.4319775596072931,target_background,Klebsiella,69,substitution_1pct,target_binary
ckmer4_property_l2,logistic,87,2,146,0.4074074074074074,0.38636363636363635,target_background,Klebsiella,69,substitution_1pct,target_binary
ck4p_msp,nearest_centroid,87,2,222,0.48148148148148145,0.475,target_background,Klebsiella,69,substitution_1pct,target_binary
ck4p_msp,logistic,87,2,222,0.5185185185185185,0.4935064935064935,target_background,Klebsiella,69,substitution_1pct,target_binary
ckmer5_count_l2,nearest_centroid,87,2,508,0.5185185185185185,0.5158620689655172,target_background,Klebsiella,69,substitution_1pct,target_binary
ckmer5_count_l2,logistic,87,2,508,0.5185185185185185,0.47218045112781953,target_background,Klebsiella,69,substitution_1pct,target_binary
cspaced_property_l2,nearest_centroid,87,2,147,0.48148148148148145,0.475,target_background,Klebsiella,69,substitution_1pct,target_binary
cspaced_property_l2,logistic,87,2,147,0.6666666666666666,0.6591865357643759,target_background,Klebsiella,69,substitution_1pct,target_binary
ckmer4_count_l2,nearest_centroid,116,4,136,0.2571428571428571,0.24859022556390978,within_genus_species,Acinetobacter,69,N_3pct,label
ckmer4_count_l2,logistic,116,4,136,0.22857142857142856,0.23442460317460317,within_genus_species,Acinetobacter,69,N_3pct,label
ckmer4_property_l2,nearest_centroid,116,4,147,0.2571428571428571,0.24859022556390978,within_genus_species,Acinetobacter,69,N_3pct,label
ckmer4_property_l2,logistic,116,4,147,0.2571428571428571,0.2581140350877193,within_genus_species,Acinetobacter,69,N_3pct,label
ck4p_msp,nearest_centroid,116,4,222,0.2571428571428571,0.24859022556390978,within_genus_species,Acinetobacter,69,N_3pct,label
ck4p_msp,logistic,116,4,222,0.22857142857142856,0.22782446311858076,within_genus_species,Acinetobacter,69,N_3pct,label
ckmer5_count_l2,nearest_centroid,116,4,511,0.22857142857142856,0.21524064171122995,within_genus_species,Acinetobacter,69,N_3pct,label
ckmer5_count_l2,logistic,116,4,511,0.17142857142857143,0.1736111111111111,within_genus_species,Acinetobacter,69,N_3pct,label
cspaced_property_l2,nearest_centroid,116,4,147,0.17142857142857143,0.15414673046251992,within_genus_species,Acinetobacter,69,N_3pct,label
cspaced_property_l2,logistic,116,4,147,0.22857142857142856,0.22663398692810457,within_genus_species,Acinetobacter,69,N_3pct,label
ckmer4_count_l2,nearest_centroid,72,3,135,0.4090909090909091,0.3790849673202614,within_genus_species,Burkholderia,69,N_3pct,label
ckmer4_count_l2,logistic,72,3,135,0.36363636363636365,0.3638591800356507,within_genus_species,Burkholderia,69,N_3pct,label
ckmer4_property_l2,nearest_centroid,72,3,142,0.4090909090909091,0.3790849673202614,within_genus_species,Burkholderia,69,N_3pct,label
ckmer4_property_l2,logistic,72,3,142,0.4090909090909091,0.3810916179337232,within_genus_species,Burkholderia,69,N_3pct,label
ck4p_msp,nearest_centroid,72,3,222,0.4090909090909091,0.3790849673202614,within_genus_species,Burkholderia,69,N_3pct,label
ck4p_msp,logistic,72,3,222,0.22727272727272727,0.19444444444444442,within_genus_species,Burkholderia,69,N_3pct,label
ckmer5_count_l2,nearest_centroid,72,3,454,0.36363636363636365,0.3413312693498452,within_genus_species,Burkholderia,69,N_3pct,label
ckmer5_count_l2,logistic,72,3,454,0.36363636363636365,0.3428571428571428,within_genus_species,Burkholderia,69,N_3pct,label
cspaced_property_l2,nearest_centroid,72,3,142,0.4090909090909091,0.3957264957264957,within_genus_species,Burkholderia,69,N_3pct,label
cspaced_property_l2,logistic,72,3,142,0.5454545454545454,0.5399572649572649,within_genus_species,Burkholderia,69,N_3pct,label
ckmer4_count_l2,nearest_centroid,72,2,135,0.4090909090909091,0.4078674948240165,target_background,Burkholderia,69,N_3pct,target_binary
ckmer4_count_l2,logistic,72,2,135,0.6363636363636364,0.5809523809523809,target_background,Burkholderia,69,N_3pct,target_binary
ckmer4_property_l2,nearest_centroid,72,2,144,0.4090909090909091,0.4078674948240165,target_background,Burkholderia,69,N_3pct,target_binary
ckmer4_property_l2,logistic,72,2,144,0.5909090909090909,0.5086848635235732,target_background,Burkholderia,69,N_3pct,target_binary
ck4p_msp,nearest_centroid,72,2,222,0.4090909090909091,0.4078674948240165,target_background,Burkholderia,69,N_3pct,target_binary
ck4p_msp,logistic,72,2,222,0.5909090909090909,0.4545454545454546,target_background,Burkholderia,69,N_3pct,target_binary
ckmer5_count_l2,nearest_centroid,72,2,454,0.5454545454545454,0.5089285714285714,target_background,Burkholderia,69,N_3pct,target_binary
ckmer5_count_l2,logistic,72,2,454,0.6363636363636364,0.5416666666666666,target_background,Burkholderia,69,N_3pct,target_binary
cspaced_property_l2,nearest_centroid,72,2,143,0.6818181818181818,0.6644880174291938,target_background,Burkholderia,69,N_3pct,target_binary
cspaced_property_l2,logistic,72,2,143,0.6818181818181818,0.6178660049627791,target_background,Burkholderia,69,N_3pct,target_binary
ckmer4_count_l2,nearest_centroid,119,4,136,0.3611111111111111,0.3375324675324676,within_genus_species,Candida,69,N_3pct,label
ckmer4_count_l2,logistic,119,4,136,0.3055555555555556,0.2988636363636364,within_genus_species,Candida,69,N_3pct,label
ckmer4_property_l2,nearest_centroid,119,4,145,0.3888888888888889,0.3591352117667907,within_genus_species,Candida,69,N_3pct,label
ckmer4_property_l2,logistic,119,4,145,0.3333333333333333,0.31666666666666665,within_genus_species,Candida,69,N_3pct,label
ck4p_msp,nearest_centroid,119,4,222,0.3611111111111111,0.33724608724608723,within_genus_species,Candida,69,N_3pct,label
ck4p_msp,logistic,119,4,222,0.2222222222222222,0.21805555555555556,within_genus_species,Candida,69,N_3pct,label
ckmer5_count_l2,nearest_centroid,119,4,492,0.3333333333333333,0.30244565217391306,within_genus_species,Candida,69,N_3pct,label
ckmer5_count_l2,logistic,119,4,492,0.2777777777777778,0.22981366459627328,within_genus_species,Candida,69,N_3pct,label
cspaced_property_l2,nearest_centroid,119,4,147,0.3611111111111111,0.32795454545454544,within_genus_species,Candida,69,N_3pct,label
cspaced_property_l2,logistic,119,4,147,0.2222222222222222,0.17708333333333331,within_genus_species,Candida,69,N_3pct,label
ckmer4_count_l2,nearest_centroid,93,2,136,0.42857142857142855,0.42857142857142855,target_background,Candida,69,N_3pct,target_binary
ckmer4_count_l2,logistic,93,2,136,0.6785714285714286,0.6679841897233202,target_background,Candida,69,N_3pct,target_binary
ckmer4_property_l2,nearest_centroid,93,2,147,0.42857142857142855,0.42857142857142855,target_background,Candida,69,N_3pct,target_binary
ckmer4_property_l2,logistic,93,2,147,0.6428571428571429,0.6354166666666667,target_background,Candida,69,N_3pct,target_binary
ck4p_msp,nearest_centroid,93,2,222,0.42857142857142855,0.42857142857142855,target_background,Candida,69,N_3pct,target_binary
ck4p_msp,logistic,93,2,222,0.5714285714285714,0.5625,target_background,Candida,69,N_3pct,target_binary
ckmer5_count_l2,nearest_centroid,93,2,491,0.5357142857142857,0.5047619047619047,target_background,Candida,69,N_3pct,target_binary
ckmer5_count_l2,logistic,93,2,491,0.75,0.7211948790896159,target_background,Candida,69,N_3pct,target_binary
cspaced_property_l2,nearest_centroid,93,2,147,0.42857142857142855,0.40106951871657753,target_background,Candida,69,N_3pct,target_binary
cspaced_property_l2,logistic,93,2,147,0.42857142857142855,0.37777777777777777,target_background,Candida,69,N_3pct,target_binary
ckmer4_count_l2,nearest_centroid,147,5,135,0.28888888888888886,0.2753963339721853,within_genus_species,Enterobacter,69,N_3pct,label
ckmer4_count_l2,logistic,147,5,135,0.24444444444444444,0.23670465757153059,within_genus_species,Enterobacter,69,N_3pct,label
ckmer4_property_l2,nearest_centroid,147,5,146,0.26666666666666666,0.2555882352941176,within_genus_species,Enterobacter,69,N_3pct,label
ckmer4_property_l2,logistic,147,5,146,0.26666666666666666,0.2505916305916306,within_genus_species,Enterobacter,69,N_3pct,label
ck4p_msp,nearest_centroid,147,5,222,0.28888888888888886,0.27249299719887954,within_genus_species,Enterobacter,69,N_3pct,label
ck4p_msp,logistic,147,5,222,0.28888888888888886,0.2795186495650892,within_genus_species,Enterobacter,69,N_3pct,label
ckmer5_count_l2,nearest_centroid,147,5,506,0.35555555555555557,0.3467844075429215,within_genus_species,Enterobacter,69,N_3pct,label
ckmer5_count_l2,logistic,147,5,506,0.24444444444444444,0.22450980392156863,within_genus_species,Enterobacter,69,N_3pct,label
cspaced_property_l2,nearest_centroid,147,5,147,0.2222222222222222,0.22526315789473683,within_genus_species,Enterobacter,69,N_3pct,label
cspaced_property_l2,logistic,147,5,147,0.3111111111111111,0.3177777777777777,within_genus_species,Enterobacter,69,N_3pct,label
ckmer4_count_l2,nearest_centroid,90,2,135,0.48148148148148145,0.4807692307692308,target_background,Enterobacter,69,N_3pct,target_binary
ckmer4_count_l2,logistic,90,2,135,0.5555555555555556,0.55,target_background,Enterobacter,69,N_3pct,target_binary
ckmer4_property_l2,nearest_centroid,90,2,146,0.4444444444444444,0.4444444444444444,target_background,Enterobacter,69,N_3pct,target_binary
ckmer4_property_l2,logistic,90,2,146,0.5555555555555556,0.55,target_background,Enterobacter,69,N_3pct,target_binary
ck4p_msp,nearest_centroid,90,2,222,0.48148148148148145,0.4807692307692308,target_background,Enterobacter,69,N_3pct,target_binary
ck4p_msp,logistic,90,2,222,0.5555555555555556,0.5235294117647059,target_background,Enterobacter,69,N_3pct,target_binary
ckmer5_count_l2,nearest_centroid,90,2,501,0.5185185185185185,0.5077138849929874,target_background,Enterobacter,69,N_3pct,target_binary
ckmer5_count_l2,logistic,90,2,501,0.6296296296296297,0.6029411764705883,target_background,Enterobacter,69,N_3pct,target_binary
cspaced_property_l2,nearest_centroid,90,2,147,0.4444444444444444,0.41558441558441556,target_background,Enterobacter,69,N_3pct,target_binary
cspaced_property_l2,logistic,90,2,147,0.4444444444444444,0.4319775596072931,target_background,Enterobacter,69,N_3pct,target_binary
ckmer4_count_l2,nearest_centroid,59,2,136,0.5555555555555556,0.5324675324675324,within_genus_species,Escherichia,69,N_3pct,label
ckmer4_count_l2,logistic,59,2,136,0.6666666666666666,0.6666666666666666,within_genus_species,Escherichia,69,N_3pct,label
ckmer4_property_l2,nearest_centroid,59,2,147,0.6111111111111112,0.6,within_genus_species,Escherichia,69,N_3pct,label
ckmer4_property_l2,logistic,59,2,147,0.7222222222222222,0.7213622291021672,within_genus_species,Escherichia,69,N_3pct,label
ck4p_msp,nearest_centroid,59,2,222,0.6111111111111112,0.6,within_genus_species,Escherichia,69,N_3pct,label
ck4p_msp,logistic,59,2,222,0.5,0.4984520123839009,within_genus_species,Escherichia,69,N_3pct,label
ckmer5_count_l2,nearest_centroid,59,2,506,0.7222222222222222,0.6989966555183946,within_genus_species,Escherichia,69,N_3pct,label
ckmer5_count_l2,logistic,59,2,506,0.6666666666666666,0.625,within_genus_species,Escherichia,69,N_3pct,label
cspaced_property_l2,nearest_centroid,59,2,147,0.6111111111111112,0.609907120743034,within_genus_species,Escherichia,69,N_3pct,label
cspaced_property_l2,logistic,59,2,147,0.6666666666666666,0.6625,within_genus_species,Escherichia,69,N_3pct,label
ckmer4_count_l2,nearest_centroid,59,2,136,0.5555555555555556,0.5324675324675324,target_background,Escherichia,69,N_3pct,target_binary
ckmer4_count_l2,logistic,59,2,136,0.6666666666666666,0.6666666666666666,target_background,Escherichia,69,N_3pct,target_binary
ckmer4_property_l2,nearest_centroid,59,2,147,0.6111111111111112,0.6,target_background,Escherichia,69,N_3pct,target_binary
ckmer4_property_l2,logistic,59,2,147,0.7222222222222222,0.7213622291021672,target_background,Escherichia,69,N_3pct,target_binary
ck4p_msp,nearest_centroid,59,2,222,0.6111111111111112,0.6,target_background,Escherichia,69,N_3pct,target_binary
ck4p_msp,logistic,59,2,222,0.5,0.4984520123839009,target_background,Escherichia,69,N_3pct,target_binary
ckmer5_count_l2,nearest_centroid,59,2,506,0.7222222222222222,0.6989966555183946,target_background,Escherichia,69,N_3pct,target_binary
ckmer5_count_l2,logistic,59,2,506,0.6666666666666666,0.625,target_background,Escherichia,69,N_3pct,target_binary
cspaced_property_l2,nearest_centroid,59,2,147,0.6111111111111112,0.609907120743034,target_background,Escherichia,69,N_3pct,target_binary
cspaced_property_l2,logistic,59,2,147,0.6666666666666666,0.6625,target_background,Escherichia,69,N_3pct,target_binary
ckmer4_count_l2,nearest_centroid,87,3,135,0.4074074074074074,0.37481146304675717,within_genus_species,Klebsiella,69,N_3pct,label
ckmer4_count_l2,logistic,87,3,135,0.3333333333333333,0.2698412698412698,within_genus_species,Klebsiella,69,N_3pct,label
ckmer4_property_l2,nearest_centroid,87,3,146,0.4074074074074074,0.37481146304675717,within_genus_species,Klebsiella,69,N_3pct,label
ckmer4_property_l2,logistic,87,3,146,0.37037037037037035,0.29074565281461834,within_genus_species,Klebsiella,69,N_3pct,label
ck4p_msp,nearest_centroid,87,3,222,0.4074074074074074,0.37481146304675717,within_genus_species,Klebsiella,69,N_3pct,label
ck4p_msp,logistic,87,3,222,0.4444444444444444,0.36616161616161613,within_genus_species,Klebsiella,69,N_3pct,label
ckmer5_count_l2,nearest_centroid,87,3,501,0.4444444444444444,0.42948717948717946,within_genus_species,Klebsiella,69,N_3pct,label
ckmer5_count_l2,logistic,87,3,501,0.3333333333333333,0.27171717171717175,within_genus_species,Klebsiella,69,N_3pct,label
cspaced_property_l2,nearest_centroid,87,3,147,0.37037037037037035,0.36209150326797385,within_genus_species,Klebsiella,69,N_3pct,label
cspaced_property_l2,logistic,87,3,147,0.4444444444444444,0.4336842105263157,within_genus_species,Klebsiella,69,N_3pct,label
ckmer4_count_l2,nearest_centroid,87,2,135,0.48148148148148145,0.4807692307692308,target_background,Klebsiella,69,N_3pct,target_binary
ckmer4_count_l2,logistic,87,2,135,0.48148148148148145,0.4630681818181818,target_background,Klebsiella,69,N_3pct,target_binary
ckmer4_property_l2,nearest_centroid,87,2,146,0.48148148148148145,0.4807692307692308,target_background,Klebsiella,69,N_3pct,target_binary
ckmer4_property_l2,logistic,87,2,146,0.48148148148148145,0.4630681818181818,target_background,Klebsiella,69,N_3pct,target_binary
ck4p_msp,nearest_centroid,87,2,222,0.48148148148148145,0.4807692307692308,target_background,Klebsiella,69,N_3pct,target_binary
ck4p_msp,logistic,87,2,222,0.5185185185185185,0.4935064935064935,target_background,Klebsiella,69,N_3pct,target_binary
ckmer5_count_l2,nearest_centroid,87,2,501,0.5185185185185185,0.5158620689655172,target_background,Klebsiella,69,N_3pct,target_binary
ckmer5_count_l2,logistic,87,2,501,0.4444444444444444,0.41558441558441556,target_background,Klebsiella,69,N_3pct,target_binary
cspaced_property_l2,nearest_centroid,87,2,147,0.48148148148148145,0.4807692307692308,target_background,Klebsiella,69,N_3pct,target_binary
cspaced_property_l2,logistic,87,2,147,0.5925925925925926,0.5903448275862069,target_background,Klebsiella,69,N_3pct,target_binary
ckmer4_count_l2,nearest_centroid,116,4,136,0.22857142857142856,0.22083333333333333,within_genus_species,Acinetobacter,69,trim_5bp,label
ckmer4_count_l2,logistic,116,4,136,0.2,0.20009889920880633,within_genus_species,Acinetobacter,69,trim_5bp,label
ckmer4_property_l2,nearest_centroid,116,4,147,0.22857142857142856,0.21853070175438596,within_genus_species,Acinetobacter,69,trim_5bp,label
ckmer4_property_l2,logistic,116,4,147,0.2571428571428571,0.2591266769865841,within_genus_species,Acinetobacter,69,trim_5bp,label
ck4p_msp,nearest_centroid,116,4,222,0.22857142857142856,0.22083333333333333,within_genus_species,Acinetobacter,69,trim_5bp,label
ck4p_msp,logistic,116,4,222,0.2857142857142857,0.2874493927125506,within_genus_species,Acinetobacter,69,trim_5bp,label
ckmer5_count_l2,nearest_centroid,116,4,511,0.17142857142857143,0.16575292397660818,within_genus_species,Acinetobacter,69,trim_5bp,label
ckmer5_count_l2,logistic,116,4,511,0.11428571428571428,0.10555555555555556,within_genus_species,Acinetobacter,69,trim_5bp,label
cspaced_property_l2,nearest_centroid,116,4,147,0.2,0.19659442724458204,within_genus_species,Acinetobacter,69,trim_5bp,label
cspaced_property_l2,logistic,116,4,147,0.2857142857142857,0.2650584795321637,within_genus_species,Acinetobacter,69,trim_5bp,label
ckmer4_count_l2,nearest_centroid,72,3,136,0.4090909090909091,0.407843137254902,within_genus_species,Burkholderia,69,trim_5bp,label
ckmer4_count_l2,logistic,72,3,136,0.3181818181818182,0.30325311942959005,within_genus_species,Burkholderia,69,trim_5bp,label
ckmer4_property_l2,nearest_centroid,72,3,143,0.4090909090909091,0.407843137254902,within_genus_species,Burkholderia,69,trim_5bp,label
ckmer4_property_l2,logistic,72,3,143,0.4090909090909091,0.3814814814814815,within_genus_species,Burkholderia,69,trim_5bp,label
ck4p_msp,nearest_centroid,72,3,222,0.4090909090909091,0.407843137254902,within_genus_species,Burkholderia,69,trim_5bp,label
ck4p_msp,logistic,72,3,222,0.18181818181818182,0.1608187134502924,within_genus_species,Burkholderia,69,trim_5bp,label
ckmer5_count_l2,nearest_centroid,72,3,457,0.5,0.5137254901960784,within_genus_species,Burkholderia,69,trim_5bp,label
ckmer5_count_l2,logistic,72,3,457,0.36363636363636365,0.35425685425685427,within_genus_species,Burkholderia,69,trim_5bp,label
cspaced_property_l2,nearest_centroid,72,3,142,0.2727272727272727,0.26416720534367594,within_genus_species,Burkholderia,69,trim_5bp,label
cspaced_property_l2,logistic,72,3,142,0.45454545454545453,0.4566239316239316,within_genus_species,Burkholderia,69,trim_5bp,label
ckmer4_count_l2,nearest_centroid,72,2,136,0.5,0.4989648033126294,target_background,Burkholderia,69,trim_5bp,target_binary
ckmer4_count_l2,logistic,72,2,136,0.5909090909090909,0.5448275862068965,target_background,Burkholderia,69,trim_5bp,target_binary
ckmer4_property_l2,nearest_centroid,72,2,144,0.5,0.4989648033126294,target_background,Burkholderia,69,trim_5bp,target_binary
ckmer4_property_l2,logistic,72,2,144,0.5909090909090909,0.5448275862068965,target_background,Burkholderia,69,trim_5bp,target_binary
ck4p_msp,nearest_centroid,72,2,222,0.5,0.4989648033126294,target_background,Burkholderia,69,trim_5bp,target_binary
ck4p_msp,logistic,72,2,222,0.5454545454545454,0.47619047619047616,target_background,Burkholderia,69,trim_5bp,target_binary
ckmer5_count_l2,nearest_centroid,72,2,457,0.5909090909090909,0.5448275862068965,target_background,Burkholderia,69,trim_5bp,target_binary
ckmer5_count_l2,logistic,72,2,457,0.6363636363636364,0.48235294117647054,target_background,Burkholderia,69,trim_5bp,target_binary
cspaced_property_l2,nearest_centroid,72,2,143,0.6818181818181818,0.6644880174291938,target_background,Burkholderia,69,trim_5bp,target_binary
cspaced_property_l2,logistic,72,2,143,0.5909090909090909,0.5448275862068965,target_background,Burkholderia,69,trim_5bp,target_binary
ckmer4_count_l2,nearest_centroid,119,4,136,0.3055555555555556,0.3051378446115288,within_genus_species,Candida,69,trim_5bp,label
ckmer4_count_l2,logistic,119,4,136,0.25,0.25984848484848483,within_genus_species,Candida,69,trim_5bp,label
ckmer4_property_l2,nearest_centroid,119,4,146,0.3055555555555556,0.30432330827067666,within_genus_species,Candida,69,trim_5bp,label
ckmer4_property_l2,logistic,119,4,146,0.25,0.26785714285714285,within_genus_species,Candida,69,trim_5bp,label
ck4p_msp,nearest_centroid,119,4,222,0.2777777777777778,0.27849927849927847,within_genus_species,Candida,69,trim_5bp,label
ck4p_msp,logistic,119,4,222,0.2777777777777778,0.28305364861428933,within_genus_species,Candida,69,trim_5bp,label
ckmer5_count_l2,nearest_centroid,119,4,499,0.3611111111111111,0.3392045454545455,within_genus_species,Candida,69,trim_5bp,label
ckmer5_count_l2,logistic,119,4,499,0.25,0.21602564102564104,within_genus_species,Candida,69,trim_5bp,label
cspaced_property_l2,nearest_centroid,119,4,147,0.4166666666666667,0.3836363636363636,within_genus_species,Candida,69,trim_5bp,label
cspaced_property_l2,logistic,119,4,147,0.2777777777777778,0.23841991341991342,within_genus_species,Candida,69,trim_5bp,label
ckmer4_count_l2,nearest_centroid,93,2,136,0.5,0.49743589743589745,target_background,Candida,69,trim_5bp,target_binary
ckmer4_count_l2,logistic,93,2,136,0.6071428571428571,0.561877667140825,target_background,Candida,69,trim_5bp,target_binary
ckmer4_property_l2,nearest_centroid,93,2,147,0.5,0.49743589743589745,target_background,Candida,69,trim_5bp,target_binary
ckmer4_property_l2,logistic,93,2,147,0.6071428571428571,0.5809523809523809,target_background,Candida,69,trim_5bp,target_binary
ck4p_msp,nearest_centroid,93,2,222,0.5,0.49743589743589745,target_background,Candida,69,trim_5bp,target_binary
ck4p_msp,logistic,93,2,222,0.5714285714285714,0.5333333333333333,target_background,Candida,69,trim_5bp,target_binary
ckmer5_count_l2,nearest_centroid,93,2,499,0.6428571428571429,0.6111111111111112,target_background,Candida,69,trim_5bp,target_binary
ckmer5_count_l2,logistic,93,2,499,0.7142857142857143,0.65,target_background,Candida,69,trim_5bp,target_binary
cspaced_property_l2,nearest_centroid,93,2,147,0.42857142857142855,0.41666666666666663,target_background,Candida,69,trim_5bp,target_binary
cspaced_property_l2,logistic,93,2,147,0.5714285714285714,0.5508021390374331,target_background,Candida,69,trim_5bp,target_binary
ckmer4_count_l2,nearest_centroid,147,5,135,0.35555555555555557,0.33657004830917875,within_genus_species,Enterobacter,69,trim_5bp,label
ckmer4_count_l2,logistic,147,5,135,0.3333333333333333,0.30144592249855406,within_genus_species,Enterobacter,69,trim_5bp,label
ckmer4_property_l2,nearest_centroid,147,5,146,0.35555555555555557,0.33657004830917875,within_genus_species,Enterobacter,69,trim_5bp,label
ckmer4_property_l2,logistic,147,5,146,0.35555555555555557,0.32634920634920633,within_genus_species,Enterobacter,69,trim_5bp,label
ck4p_msp,nearest_centroid,147,5,222,0.35555555555555557,0.33657004830917875,within_genus_species,Enterobacter,69,trim_5bp,label
ck4p_msp,logistic,147,5,222,0.3333333333333333,0.3045024325519681,within_genus_species,Enterobacter,69,trim_5bp,label
ckmer5_count_l2,nearest_centroid,147,5,507,0.3111111111111111,0.293598166539343,within_genus_species,Enterobacter,69,trim_5bp,label
ckmer5_count_l2,logistic,147,5,507,0.24444444444444444,0.2333333333333333,within_genus_species,Enterobacter,69,trim_5bp,label
cspaced_property_l2,nearest_centroid,147,5,147,0.15555555555555556,0.15555555555555553,within_genus_species,Enterobacter,69,trim_5bp,label
cspaced_property_l2,logistic,147,5,147,0.17777777777777778,0.17591036414565825,within_genus_species,Enterobacter,69,trim_5bp,label
ckmer4_count_l2,nearest_centroid,90,2,135,0.4444444444444444,0.4444444444444444,target_background,Enterobacter,69,trim_5bp,target_binary
ckmer4_count_l2,logistic,90,2,135,0.37037037037037035,0.37037037037037035,target_background,Enterobacter,69,trim_5bp,target_binary
ckmer4_property_l2,nearest_centroid,90,2,146,0.4444444444444444,0.4444444444444444,target_background,Enterobacter,69,trim_5bp,target_binary
ckmer4_property_l2,logistic,90,2,146,0.37037037037037035,0.37037037037037035,target_background,Enterobacter,69,trim_5bp,target_binary
ck4p_msp,nearest_centroid,90,2,222,0.4444444444444444,0.4444444444444444,target_background,Enterobacter,69,trim_5bp,target_binary
ck4p_msp,logistic,90,2,222,0.48148148148148145,0.4807692307692308,target_background,Enterobacter,69,trim_5bp,target_binary
ckmer5_count_l2,nearest_centroid,90,2,501,0.4074074074074074,0.4065934065934066,target_background,Enterobacter,69,trim_5bp,target_binary
ckmer5_count_l2,logistic,90,2,501,0.48148148148148145,0.4630681818181818,target_background,Enterobacter,69,trim_5bp,target_binary
cspaced_property_l2,nearest_centroid,90,2,147,0.4074074074074074,0.38636363636363635,target_background,Enterobacter,69,trim_5bp,target_binary
cspaced_property_l2,logistic,90,2,147,0.37037037037037035,0.33766233766233766,target_background,Enterobacter,69,trim_5bp,target_binary
ckmer4_count_l2,nearest_centroid,59,2,136,0.5555555555555556,0.55,within_genus_species,Escherichia,69,trim_5bp,label
ckmer4_count_l2,logistic,59,2,136,0.5,0.4984520123839009,within_genus_species,Escherichia,69,trim_5bp,label
ckmer4_property_l2,nearest_centroid,59,2,147,0.5555555555555556,0.55,within_genus_species,Escherichia,69,trim_5bp,label
ckmer4_property_l2,logistic,59,2,147,0.5,0.4984520123839009,within_genus_species,Escherichia,69,trim_5bp,label
ck4p_msp,nearest_centroid,59,2,222,0.5,0.4857142857142857,within_genus_species,Escherichia,69,trim_5bp,label
ck4p_msp,logistic,59,2,222,0.4444444444444444,0.4444444444444444,within_genus_species,Escherichia,69,trim_5bp,label
ckmer5_count_l2,nearest_centroid,59,2,506,0.5,0.4857142857142857,within_genus_species,Escherichia,69,trim_5bp,label
ckmer5_count_l2,logistic,59,2,506,0.5,0.4581939799331104,within_genus_species,Escherichia,69,trim_5bp,label
cspaced_property_l2,nearest_centroid,59,2,147,0.7222222222222222,0.7142857142857142,within_genus_species,Escherichia,69,trim_5bp,label
cspaced_property_l2,logistic,59,2,147,0.6666666666666666,0.6625,within_genus_species,Escherichia,69,trim_5bp,label
ckmer4_count_l2,nearest_centroid,59,2,136,0.5555555555555556,0.55,target_background,Escherichia,69,trim_5bp,target_binary
ckmer4_count_l2,logistic,59,2,136,0.5,0.4984520123839009,target_background,Escherichia,69,trim_5bp,target_binary
ckmer4_property_l2,nearest_centroid,59,2,147,0.5555555555555556,0.55,target_background,Escherichia,69,trim_5bp,target_binary
ckmer4_property_l2,logistic,59,2,147,0.5,0.4984520123839009,target_background,Escherichia,69,trim_5bp,target_binary
ck4p_msp,nearest_centroid,59,2,222,0.5,0.4857142857142857,target_background,Escherichia,69,trim_5bp,target_binary
ck4p_msp,logistic,59,2,222,0.4444444444444444,0.4444444444444444,target_background,Escherichia,69,trim_5bp,target_binary
ckmer5_count_l2,nearest_centroid,59,2,506,0.5,0.4857142857142857,target_background,Escherichia,69,trim_5bp,target_binary
ckmer5_count_l2,logistic,59,2,506,0.5,0.4581939799331104,target_background,Escherichia,69,trim_5bp,target_binary
cspaced_property_l2,nearest_centroid,59,2,147,0.7222222222222222,0.7142857142857142,target_background,Escherichia,69,trim_5bp,target_binary
cspaced_property_l2,logistic,59,2,147,0.6666666666666666,0.6625,target_background,Escherichia,69,trim_5bp,target_binary
ckmer4_count_l2,nearest_centroid,87,3,135,0.37037037037037035,0.3212820512820513,within_genus_species,Klebsiella,69,trim_5bp,label
ckmer4_count_l2,logistic,87,3,135,0.4074074074074074,0.34920634920634913,within_genus_species,Klebsiella,69,trim_5bp,label
ckmer4_property_l2,nearest_centroid,87,3,146,0.37037037037037035,0.3212820512820513,within_genus_species,Klebsiella,69,trim_5bp,label
ckmer4_property_l2,logistic,87,3,146,0.48148148148148145,0.4194139194139194,within_genus_species,Klebsiella,69,trim_5bp,label
ck4p_msp,nearest_centroid,87,3,222,0.37037037037037035,0.3212820512820513,within_genus_species,Klebsiella,69,trim_5bp,label
ck4p_msp,logistic,87,3,222,0.2962962962962963,0.21220159151193632,within_genus_species,Klebsiella,69,trim_5bp,label
ckmer5_count_l2,nearest_centroid,87,3,504,0.4074074074074074,0.38780193236714977,within_genus_species,Klebsiella,69,trim_5bp,label
ckmer5_count_l2,logistic,87,3,504,0.4074074074074074,0.3463012083701739,within_genus_species,Klebsiella,69,trim_5bp,label
cspaced_property_l2,nearest_centroid,87,3,147,0.37037037037037035,0.3344017094017094,within_genus_species,Klebsiella,69,trim_5bp,label
cspaced_property_l2,logistic,87,3,147,0.3333333333333333,0.26666666666666666,within_genus_species,Klebsiella,69,trim_5bp,label
ckmer4_count_l2,nearest_centroid,87,2,135,0.4444444444444444,0.4413793103448276,target_background,Klebsiella,69,trim_5bp,target_binary
ckmer4_count_l2,logistic,87,2,135,0.3333333333333333,0.2852941176470588,target_background,Klebsiella,69,trim_5bp,target_binary
ckmer4_property_l2,nearest_centroid,87,2,146,0.4444444444444444,0.4413793103448276,target_background,Klebsiella,69,trim_5bp,target_binary
ckmer4_property_l2,logistic,87,2,146,0.37037037037037035,0.33766233766233766,target_background,Klebsiella,69,trim_5bp,target_binary
ck4p_msp,nearest_centroid,87,2,222,0.4444444444444444,0.4413793103448276,target_background,Klebsiella,69,trim_5bp,target_binary
ck4p_msp,logistic,87,2,222,0.5185185185185185,0.47218045112781953,target_background,Klebsiella,69,trim_5bp,target_binary
ckmer5_count_l2,nearest_centroid,87,2,504,0.5925925925925926,0.5834502103786816,target_background,Klebsiella,69,trim_5bp,target_binary
ckmer5_count_l2,logistic,87,2,504,0.5185185185185185,0.47218045112781953,target_background,Klebsiella,69,trim_5bp,target_binary
cspaced_property_l2,nearest_centroid,87,2,147,0.5185185185185185,0.5077138849929874,target_background,Klebsiella,69,trim_5bp,target_binary
cspaced_property_l2,logistic,87,2,147,0.6296296296296297,0.625,target_background,Klebsiella,69,trim_5bp,target_binary
ckmer4_count_l2,nearest_centroid,116,4,136,0.34285714285714286,0.33611111111111114,within_genus_species,Acinetobacter,69,substitution_1pct_N_3pct,label
ckmer4_count_l2,logistic,116,4,136,0.2571428571428571,0.2378623188405797,within_genus_species,Acinetobacter,69,substitution_1pct_N_3pct,label
ckmer4_property_l2,nearest_centroid,116,4,147,0.3142857142857143,0.30919946926138875,within_genus_species,Acinetobacter,69,substitution_1pct_N_3pct,label
ckmer4_property_l2,logistic,116,4,147,0.2571428571428571,0.2341858482523444,within_genus_species,Acinetobacter,69,substitution_1pct_N_3pct,label
ck4p_msp,nearest_centroid,116,4,222,0.3142857142857143,0.30109649122807014,within_genus_species,Acinetobacter,69,substitution_1pct_N_3pct,label
ck4p_msp,logistic,116,4,222,0.22857142857142856,0.21875,within_genus_species,Acinetobacter,69,substitution_1pct_N_3pct,label
ckmer5_count_l2,nearest_centroid,116,4,512,0.17142857142857143,0.170859133126935,within_genus_species,Acinetobacter,69,substitution_1pct_N_3pct,label
ckmer5_count_l2,logistic,116,4,512,0.05714285714285714,0.050505050505050504,within_genus_species,Acinetobacter,69,substitution_1pct_N_3pct,label
cspaced_property_l2,nearest_centroid,116,4,147,0.22857142857142856,0.22406015037593985,within_genus_species,Acinetobacter,69,substitution_1pct_N_3pct,label
cspaced_property_l2,logistic,116,4,147,0.2,0.1955102495543672,within_genus_species,Acinetobacter,69,substitution_1pct_N_3pct,label
ckmer4_count_l2,nearest_centroid,72,3,136,0.2727272727272727,0.23093681917211328,within_genus_species,Burkholderia,69,substitution_1pct_N_3pct,label
ckmer4_count_l2,logistic,72,3,136,0.2727272727272727,0.26403743315508027,within_genus_species,Burkholderia,69,substitution_1pct_N_3pct,label
ckmer4_property_l2,nearest_centroid,72,3,144,0.2727272727272727,0.23093681917211328,within_genus_species,Burkholderia,69,substitution_1pct_N_3pct,label
ckmer4_property_l2,logistic,72,3,144,0.2727272727272727,0.23093681917211328,within_genus_species,Burkholderia,69,substitution_1pct_N_3pct,label
ck4p_msp,nearest_centroid,72,3,222,0.2727272727272727,0.23093681917211328,within_genus_species,Burkholderia,69,substitution_1pct_N_3pct,label
ck4p_msp,logistic,72,3,222,0.3181818181818182,0.27619047619047615,within_genus_species,Burkholderia,69,substitution_1pct_N_3pct,label
ckmer5_count_l2,nearest_centroid,72,3,456,0.22727272727272727,0.1820175438596491,within_genus_species,Burkholderia,69,substitution_1pct_N_3pct,label
ckmer5_count_l2,logistic,72,3,456,0.3181818181818182,0.27777777777777773,within_genus_species,Burkholderia,69,substitution_1pct_N_3pct,label
cspaced_property_l2,nearest_centroid,72,3,143,0.3181818181818182,0.30505050505050507,within_genus_species,Burkholderia,69,substitution_1pct_N_3pct,label
cspaced_property_l2,logistic,72,3,143,0.5454545454545454,0.5495726495726495,within_genus_species,Burkholderia,69,substitution_1pct_N_3pct,label
ckmer4_count_l2,nearest_centroid,72,2,136,0.5909090909090909,0.5686274509803921,target_background,Burkholderia,69,substitution_1pct_N_3pct,target_binary
ckmer4_count_l2,logistic,72,2,136,0.6363636363636364,0.5416666666666666,target_background,Burkholderia,69,substitution_1pct_N_3pct,target_binary
ckmer4_property_l2,nearest_centroid,72,2,143,0.5909090909090909,0.5686274509803921,target_background,Burkholderia,69,substitution_1pct_N_3pct,target_binary
ckmer4_property_l2,logistic,72,2,143,0.6363636363636364,0.5416666666666666,target_background,Burkholderia,69,substitution_1pct_N_3pct,target_binary
ck4p_msp,nearest_centroid,72,2,222,0.5909090909090909,0.5686274509803921,target_background,Burkholderia,69,substitution_1pct_N_3pct,target_binary
ck4p_msp,logistic,72,2,222,0.5909090909090909,0.5086848635235732,target_background,Burkholderia,69,substitution_1pct_N_3pct,target_binary
ckmer5_count_l2,nearest_centroid,72,2,456,0.5,0.44367816091954027,target_background,Burkholderia,69,substitution_1pct_N_3pct,target_binary
ckmer5_count_l2,logistic,72,2,456,0.7272727272727273,0.611764705882353,target_background,Burkholderia,69,substitution_1pct_N_3pct,target_binary
cspaced_property_l2,nearest_centroid,72,2,143,0.5909090909090909,0.5448275862068965,target_background,Burkholderia,69,substitution_1pct_N_3pct,target_binary
cspaced_property_l2,logistic,72,2,143,0.5454545454545454,0.5089285714285714,target_background,Burkholderia,69,substitution_1pct_N_3pct,target_binary
ckmer4_count_l2,nearest_centroid,119,4,136,0.25,0.21855775803144223,within_genus_species,Candida,69,substitution_1pct_N_3pct,label
ckmer4_count_l2,logistic,119,4,136,0.19444444444444445,0.20133560670645068,within_genus_species,Candida,69,substitution_1pct_N_3pct,label
ckmer4_property_l2,nearest_centroid,119,4,146,0.2777777777777778,0.2683982683982684,within_genus_species,Candida,69,substitution_1pct_N_3pct,label
ckmer4_property_l2,logistic,119,4,146,0.25,0.24081795397584868,within_genus_species,Candida,69,substitution_1pct_N_3pct,label
ck4p_msp,nearest_centroid,119,4,222,0.25,0.21855775803144223,within_genus_species,Candida,69,substitution_1pct_N_3pct,label
ck4p_msp,logistic,119,4,222,0.3333333333333333,0.27830445679415927,within_genus_species,Candida,69,substitution_1pct_N_3pct,label
ckmer5_count_l2,nearest_centroid,119,4,500,0.1111111111111111,0.09557985873775347,within_genus_species,Candida,69,substitution_1pct_N_3pct,label
ckmer5_count_l2,logistic,119,4,500,0.1111111111111111,0.12085137085137085,within_genus_species,Candida,69,substitution_1pct_N_3pct,label
cspaced_property_l2,nearest_centroid,119,4,147,0.25,0.22294372294372294,within_genus_species,Candida,69,substitution_1pct_N_3pct,label
cspaced_property_l2,logistic,119,4,147,0.2222222222222222,0.18107769423558898,within_genus_species,Candida,69,substitution_1pct_N_3pct,label
ckmer4_count_l2,nearest_centroid,93,2,136,0.5357142857142857,0.5204216073781291,target_background,Candida,69,substitution_1pct_N_3pct,target_binary
ckmer4_count_l2,logistic,93,2,136,0.6428571428571429,0.5906432748538011,target_background,Candida,69,substitution_1pct_N_3pct,target_binary
ckmer4_property_l2,nearest_centroid,93,2,147,0.5357142857142857,0.5204216073781291,target_background,Candida,69,substitution_1pct_N_3pct,target_binary
ckmer4_property_l2,logistic,93,2,147,0.5714285714285714,0.5087719298245614,target_background,Candida,69,substitution_1pct_N_3pct,target_binary
ck4p_msp,nearest_centroid,93,2,222,0.5357142857142857,0.5204216073781291,target_background,Candida,69,substitution_1pct_N_3pct,target_binary
ck4p_msp,logistic,93,2,222,0.6071428571428571,0.561877667140825,target_background,Candida,69,substitution_1pct_N_3pct,target_binary
ckmer5_count_l2,nearest_centroid,93,2,498,0.6071428571428571,0.5354449472096531,target_background,Candida,69,substitution_1pct_N_3pct,target_binary
ckmer5_count_l2,logistic,93,2,498,0.6785714285714286,0.5491949910554561,target_background,Candida,69,substitution_1pct_N_3pct,target_binary
cspaced_property_l2,nearest_centroid,93,2,147,0.39285714285714285,0.3728590250329381,target_background,Candida,69,substitution_1pct_N_3pct,target_binary
cspaced_property_l2,logistic,93,2,147,0.39285714285714285,0.35238095238095235,target_background,Candida,69,substitution_1pct_N_3pct,target_binary
ckmer4_count_l2,nearest_centroid,147,5,136,0.3111111111111111,0.28984126984126984,within_genus_species,Enterobacter,69,substitution_1pct_N_3pct,label
ckmer4_count_l2,logistic,147,5,136,0.26666666666666666,0.2298452012383901,within_genus_species,Enterobacter,69,substitution_1pct_N_3pct,label
ckmer4_property_l2,nearest_centroid,147,5,147,0.3333333333333333,0.3072833599149389,within_genus_species,Enterobacter,69,substitution_1pct_N_3pct,label
ckmer4_property_l2,logistic,147,5,147,0.26666666666666666,0.23058823529411762,within_genus_species,Enterobacter,69,substitution_1pct_N_3pct,label
ck4p_msp,nearest_centroid,147,5,222,0.3111111111111111,0.28335991493886226,within_genus_species,Enterobacter,69,substitution_1pct_N_3pct,label
ck4p_msp,logistic,147,5,222,0.17777777777777778,0.1647451963241437,within_genus_species,Enterobacter,69,substitution_1pct_N_3pct,label
ckmer5_count_l2,nearest_centroid,147,5,509,0.28888888888888886,0.2646026831785345,within_genus_species,Enterobacter,69,substitution_1pct_N_3pct,label
ckmer5_count_l2,logistic,147,5,509,0.2222222222222222,0.18458204334365327,within_genus_species,Enterobacter,69,substitution_1pct_N_3pct,label
cspaced_property_l2,nearest_centroid,147,5,147,0.13333333333333333,0.1349157206742346,within_genus_species,Enterobacter,69,substitution_1pct_N_3pct,label
cspaced_property_l2,logistic,147,5,147,0.2222222222222222,0.21188881294144452,within_genus_species,Enterobacter,69,substitution_1pct_N_3pct,label
ckmer4_count_l2,nearest_centroid,90,2,136,0.48148148148148145,0.4807692307692308,target_background,Enterobacter,69,substitution_1pct_N_3pct,target_binary
ckmer4_count_l2,logistic,90,2,136,0.5185185185185185,0.5077138849929874,target_background,Enterobacter,69,substitution_1pct_N_3pct,target_binary
ckmer4_property_l2,nearest_centroid,90,2,147,0.48148148148148145,0.4807692307692308,target_background,Enterobacter,69,substitution_1pct_N_3pct,target_binary
ckmer4_property_l2,logistic,90,2,147,0.4074074074074074,0.4065934065934066,target_background,Enterobacter,69,substitution_1pct_N_3pct,target_binary
ck4p_msp,nearest_centroid,90,2,222,0.48148148148148145,0.4807692307692308,target_background,Enterobacter,69,substitution_1pct_N_3pct,target_binary
ck4p_msp,logistic,90,2,222,0.4444444444444444,0.4319775596072931,target_background,Enterobacter,69,substitution_1pct_N_3pct,target_binary
ckmer5_count_l2,nearest_centroid,90,2,506,0.4444444444444444,0.41558441558441556,target_background,Enterobacter,69,substitution_1pct_N_3pct,target_binary
ckmer5_count_l2,logistic,90,2,506,0.5555555555555556,0.5235294117647059,target_background,Enterobacter,69,substitution_1pct_N_3pct,target_binary
cspaced_property_l2,nearest_centroid,90,2,147,0.5555555555555556,0.5397727272727273,target_background,Enterobacter,69,substitution_1pct_N_3pct,target_binary
cspaced_property_l2,logistic,90,2,147,0.5185185185185185,0.4935064935064935,target_background,Enterobacter,69,substitution_1pct_N_3pct,target_binary
ckmer4_count_l2,nearest_centroid,59,2,136,0.4444444444444444,0.4375,within_genus_species,Escherichia,69,substitution_1pct_N_3pct,label
ckmer4_count_l2,logistic,59,2,136,0.5,0.4984520123839009,within_genus_species,Escherichia,69,substitution_1pct_N_3pct,label
ckmer4_property_l2,nearest_centroid,59,2,147,0.4444444444444444,0.4375,within_genus_species,Escherichia,69,substitution_1pct_N_3pct,label
ckmer4_property_l2,logistic,59,2,147,0.5555555555555556,0.55,within_genus_species,Escherichia,69,substitution_1pct_N_3pct,label
ck4p_msp,nearest_centroid,59,2,222,0.4444444444444444,0.4375,within_genus_species,Escherichia,69,substitution_1pct_N_3pct,label
ck4p_msp,logistic,59,2,222,0.4444444444444444,0.4375,within_genus_species,Escherichia,69,substitution_1pct_N_3pct,label
ckmer5_count_l2,nearest_centroid,59,2,504,0.5555555555555556,0.5324675324675324,within_genus_species,Escherichia,69,substitution_1pct_N_3pct,label
ckmer5_count_l2,logistic,59,2,504,0.4444444444444444,0.41558441558441556,within_genus_species,Escherichia,69,substitution_1pct_N_3pct,label
cspaced_property_l2,nearest_centroid,59,2,147,0.5555555555555556,0.55,within_genus_species,Escherichia,69,substitution_1pct_N_3pct,label
cspaced_property_l2,logistic,59,2,147,0.6111111111111112,0.609907120743034,within_genus_species,Escherichia,69,substitution_1pct_N_3pct,label
ckmer4_count_l2,nearest_centroid,59,2,136,0.4444444444444444,0.4375,target_background,Escherichia,69,substitution_1pct_N_3pct,target_binary
ckmer4_count_l2,logistic,59,2,136,0.5,0.4984520123839009,target_background,Escherichia,69,substitution_1pct_N_3pct,target_binary
ckmer4_property_l2,nearest_centroid,59,2,147,0.4444444444444444,0.4375,target_background,Escherichia,69,substitution_1pct_N_3pct,target_binary
ckmer4_property_l2,logistic,59,2,147,0.5555555555555556,0.55,target_background,Escherichia,69,substitution_1pct_N_3pct,target_binary
ck4p_msp,nearest_centroid,59,2,222,0.4444444444444444,0.4375,target_background,Escherichia,69,substitution_1pct_N_3pct,target_binary
ck4p_msp,logistic,59,2,222,0.4444444444444444,0.4375,target_background,Escherichia,69,substitution_1pct_N_3pct,target_binary
ckmer5_count_l2,nearest_centroid,59,2,504,0.5555555555555556,0.5324675324675324,target_background,Escherichia,69,substitution_1pct_N_3pct,target_binary
ckmer5_count_l2,logistic,59,2,504,0.4444444444444444,0.41558441558441556,target_background,Escherichia,69,substitution_1pct_N_3pct,target_binary
cspaced_property_l2,nearest_centroid,59,2,147,0.5555555555555556,0.55,target_background,Escherichia,69,substitution_1pct_N_3pct,target_binary
cspaced_property_l2,logistic,59,2,147,0.6111111111111112,0.609907120743034,target_background,Escherichia,69,substitution_1pct_N_3pct,target_binary
ckmer4_count_l2,nearest_centroid,87,3,135,0.48148148148148145,0.45656565656565656,within_genus_species,Klebsiella,69,substitution_1pct_N_3pct,label
ckmer4_count_l2,logistic,87,3,135,0.4074074074074074,0.3598692810457516,within_genus_species,Klebsiella,69,substitution_1pct_N_3pct,label
ckmer4_property_l2,nearest_centroid,87,3,146,0.48148148148148145,0.4550361918782972,within_genus_species,Klebsiella,69,substitution_1pct_N_3pct,label
ckmer4_property_l2,logistic,87,3,146,0.4074074074074074,0.3583838383838384,within_genus_species,Klebsiella,69,substitution_1pct_N_3pct,label
ck4p_msp,nearest_centroid,87,3,222,0.4074074074074074,0.3929292929292929,within_genus_species,Klebsiella,69,substitution_1pct_N_3pct,label
ck4p_msp,logistic,87,3,222,0.4444444444444444,0.39746031746031746,within_genus_species,Klebsiella,69,substitution_1pct_N_3pct,label
ckmer5_count_l2,nearest_centroid,87,3,503,0.37037037037037035,0.319359652692986,within_genus_species,Klebsiella,69,substitution_1pct_N_3pct,label
ckmer5_count_l2,logistic,87,3,503,0.37037037037037035,0.3425925925925926,within_genus_species,Klebsiella,69,substitution_1pct_N_3pct,label
cspaced_property_l2,nearest_centroid,87,3,147,0.2962962962962963,0.27777777777777773,within_genus_species,Klebsiella,69,substitution_1pct_N_3pct,label
cspaced_property_l2,logistic,87,3,147,0.3333333333333333,0.26495726495726496,within_genus_species,Klebsiella,69,substitution_1pct_N_3pct,label
ckmer4_count_l2,nearest_centroid,87,2,135,0.4074074074074074,0.4,target_background,Klebsiella,69,substitution_1pct_N_3pct,target_binary
ckmer4_count_l2,logistic,87,2,135,0.37037037037037035,0.33766233766233766,target_background,Klebsiella,69,substitution_1pct_N_3pct,target_binary
ckmer4_property_l2,nearest_centroid,87,2,146,0.37037037037037035,0.35624123422159887,target_background,Klebsiella,69,substitution_1pct_N_3pct,target_binary
ckmer4_property_l2,logistic,87,2,146,0.4444444444444444,0.41558441558441556,target_background,Klebsiella,69,substitution_1pct_N_3pct,target_binary
ck4p_msp,nearest_centroid,87,2,222,0.4444444444444444,0.4319775596072931,target_background,Klebsiella,69,substitution_1pct_N_3pct,target_binary
ck4p_msp,logistic,87,2,222,0.37037037037037035,0.30977443609022554,target_background,Klebsiella,69,substitution_1pct_N_3pct,target_binary
ckmer5_count_l2,nearest_centroid,87,2,503,0.5555555555555556,0.55,target_background,Klebsiella,69,substitution_1pct_N_3pct,target_binary
ckmer5_count_l2,logistic,87,2,503,0.5925925925925926,0.5714285714285714,target_background,Klebsiella,69,substitution_1pct_N_3pct,target_binary
cspaced_property_l2,nearest_centroid,87,2,147,0.5555555555555556,0.5397727272727273,target_background,Klebsiella,69,substitution_1pct_N_3pct,target_binary
cspaced_property_l2,logistic,87,2,147,0.5185185185185185,0.5077138849929874,target_background,Klebsiella,69,substitution_1pct_N_3pct,target_binary
ckmer4_count_l2,nearest_centroid,120,4,136,0.3055555555555556,0.2668253968253968,within_genus_species,Acinetobacter,75,clean,label
ckmer4_count_l2,logistic,120,4,136,0.2777777777777778,0.2682065217391304,within_genus_species,Acinetobacter,75,clean,label
ckmer4_property_l2,nearest_centroid,120,4,147,0.3055555555555556,0.2668253968253968,within_genus_species,Acinetobacter,75,clean,label
ckmer4_property_l2,logistic,120,4,147,0.2777777777777778,0.2677731259968102,within_genus_species,Acinetobacter,75,clean,label
ck4p_msp,nearest_centroid,120,4,222,0.3055555555555556,0.2668253968253968,within_genus_species,Acinetobacter,75,clean,label
ck4p_msp,logistic,120,4,222,0.3055555555555556,0.30549719887955185,within_genus_species,Acinetobacter,75,clean,label
ckmer5_count_l2,nearest_centroid,120,4,509,0.19444444444444445,0.1702777777777778,within_genus_species,Acinetobacter,75,clean,label
ckmer5_count_l2,logistic,120,4,509,0.1111111111111111,0.08710407239819004,within_genus_species,Acinetobacter,75,clean,label
cspaced_property_l2,nearest_centroid,120,4,147,0.25,0.23977591036414564,within_genus_species,Acinetobacter,75,clean,label
cspaced_property_l2,logistic,120,4,147,0.2777777777777778,0.28040935672514616,within_genus_species,Acinetobacter,75,clean,label
ckmer4_count_l2,nearest_centroid,79,3,136,0.4583333333333333,0.4565826330532213,within_genus_species,Burkholderia,75,clean,label
ckmer4_count_l2,logistic,79,3,136,0.375,0.3449197860962567,within_genus_species,Burkholderia,75,clean,label
ckmer4_property_l2,nearest_centroid,79,3,146,0.4583333333333333,0.4565826330532213,within_genus_species,Burkholderia,75,clean,label
ckmer4_property_l2,logistic,79,3,146,0.3333333333333333,0.31206804891015416,within_genus_species,Burkholderia,75,clean,label
ck4p_msp,nearest_centroid,79,3,222,0.4583333333333333,0.4565826330532213,within_genus_species,Burkholderia,75,clean,label
ck4p_msp,logistic,79,3,222,0.375,0.3491050859471912,within_genus_species,Burkholderia,75,clean,label
ckmer5_count_l2,nearest_centroid,79,3,474,0.3333333333333333,0.317948717948718,within_genus_species,Burkholderia,75,clean,label
ckmer5_count_l2,logistic,79,3,474,0.3333333333333333,0.31267056530214427,within_genus_species,Burkholderia,75,clean,label
cspaced_property_l2,nearest_centroid,79,3,146,0.2916666666666667,0.2638888888888889,within_genus_species,Burkholderia,75,clean,label
cspaced_property_l2,logistic,79,3,146,0.2916666666666667,0.2512820512820513,within_genus_species,Burkholderia,75,clean,label
ckmer4_count_l2,nearest_centroid,79,2,136,0.5,0.4666666666666667,target_background,Burkholderia,75,clean,target_binary
ckmer4_count_l2,logistic,79,2,136,0.5833333333333334,0.3684210526315789,target_background,Burkholderia,75,clean,target_binary
ckmer4_property_l2,nearest_centroid,79,2,147,0.5416666666666666,0.5208711433756805,target_background,Burkholderia,75,clean,target_binary
ckmer4_property_l2,logistic,79,2,147,0.5833333333333334,0.4444444444444444,target_background,Burkholderia,75,clean,target_binary
ck4p_msp,nearest_centroid,79,2,222,0.5,0.4666666666666667,target_background,Burkholderia,75,clean,target_binary
ck4p_msp,logistic,79,2,222,0.5833333333333334,0.53125,target_background,Burkholderia,75,clean,target_binary
ckmer5_count_l2,nearest_centroid,79,2,474,0.5,0.4375,target_background,Burkholderia,75,clean,target_binary
ckmer5_count_l2,logistic,79,2,474,0.5833333333333334,0.4957983193277311,target_background,Burkholderia,75,clean,target_binary
cspaced_property_l2,nearest_centroid,79,2,147,0.5833333333333334,0.4957983193277311,target_background,Burkholderia,75,clean,target_binary
cspaced_property_l2,logistic,79,2,147,0.7083333333333334,0.6606060606060606,target_background,Burkholderia,75,clean,target_binary
ckmer4_count_l2,nearest_centroid,119,4,136,0.3611111111111111,0.350297619047619,within_genus_species,Candida,75,clean,label
ckmer4_count_l2,logistic,119,4,136,0.3611111111111111,0.36174242424242425,within_genus_species,Candida,75,clean,label
ckmer4_property_l2,nearest_centroid,119,4,147,0.3888888888888889,0.3773809523809524,within_genus_species,Candida,75,clean,label
ckmer4_property_l2,logistic,119,4,147,0.3888888888888889,0.3886482510624387,within_genus_species,Candida,75,clean,label
ck4p_msp,nearest_centroid,119,4,222,0.3611111111111111,0.350297619047619,within_genus_species,Candida,75,clean,label
ck4p_msp,logistic,119,4,222,0.3333333333333333,0.2972921434019832,within_genus_species,Candida,75,clean,label
ckmer5_count_l2,nearest_centroid,119,4,508,0.2777777777777778,0.2949663561076604,within_genus_species,Candida,75,clean,label
ckmer5_count_l2,logistic,119,4,508,0.3333333333333333,0.32253711201079627,within_genus_species,Candida,75,clean,label
cspaced_property_l2,nearest_centroid,119,4,147,0.2777777777777778,0.2537445533769063,within_genus_species,Candida,75,clean,label
cspaced_property_l2,logistic,119,4,147,0.3333333333333333,0.32179487179487176,within_genus_species,Candida,75,clean,label
ckmer4_count_l2,nearest_centroid,94,2,136,0.5862068965517241,0.5421052631578948,target_background,Candida,75,clean,target_binary
ckmer4_count_l2,logistic,94,2,136,0.5862068965517241,0.5421052631578948,target_background,Candida,75,clean,target_binary
ckmer4_property_l2,nearest_centroid,94,2,147,0.5517241379310345,0.49122807017543857,target_background,Candida,75,clean,target_binary
ckmer4_property_l2,logistic,94,2,147,0.5862068965517241,0.5421052631578948,target_background,Candida,75,clean,target_binary
ck4p_msp,nearest_centroid,94,2,222,0.5862068965517241,0.5421052631578948,target_background,Candida,75,clean,target_binary
ck4p_msp,logistic,94,2,222,0.6206896551724138,0.5695006747638327,target_background,Candida,75,clean,target_binary
ckmer5_count_l2,nearest_centroid,94,2,505,0.6206896551724138,0.5695006747638327,target_background,Candida,75,clean,target_binary
ckmer5_count_l2,logistic,94,2,505,0.5517241379310345,0.5148005148005148,target_background,Candida,75,clean,target_binary
cspaced_property_l2,nearest_centroid,94,2,147,0.4482758620689655,0.41414141414141414,target_background,Candida,75,clean,target_binary
cspaced_property_l2,logistic,94,2,147,0.5172413793103449,0.46578947368421053,target_background,Candida,75,clean,target_binary
ckmer4_count_l2,nearest_centroid,133,5,136,0.2,0.2052798663324979,within_genus_species,Enterobacter,75,clean,label
ckmer4_count_l2,logistic,133,5,136,0.15,0.15821955821955824,within_genus_species,Enterobacter,75,clean,label
ckmer4_property_l2,nearest_centroid,133,5,147,0.175,0.17591478696741852,within_genus_species,Enterobacter,75,clean,label
ckmer4_property_l2,logistic,133,5,147,0.2,0.20124643158698885,within_genus_species,Enterobacter,75,clean,label
ck4p_msp,nearest_centroid,133,5,222,0.175,0.17591478696741852,within_genus_species,Enterobacter,75,clean,label
ck4p_msp,logistic,133,5,222,0.2,0.21914786967418548,within_genus_species,Enterobacter,75,clean,label
ckmer5_count_l2,nearest_centroid,133,5,510,0.075,0.06797385620915034,within_genus_species,Enterobacter,75,clean,label
ckmer5_count_l2,logistic,133,5,510,0.05,0.044848484848484846,within_genus_species,Enterobacter,75,clean,label
cspaced_property_l2,nearest_centroid,133,5,147,0.225,0.21705882352941175,within_genus_species,Enterobacter,75,clean,label
cspaced_property_l2,logistic,133,5,147,0.175,0.15439775910364145,within_genus_species,Enterobacter,75,clean,label
ckmer4_count_l2,nearest_centroid,91,2,136,0.42857142857142855,0.40106951871657753,target_background,Enterobacter,75,clean,target_binary
ckmer4_count_l2,logistic,91,2,136,0.5,0.4269005847953216,target_background,Enterobacter,75,clean,target_binary
ckmer4_property_l2,nearest_centroid,91,2,147,0.4642857142857143,0.42857142857142855,target_background,Enterobacter,75,clean,target_binary
ckmer4_property_l2,logistic,91,2,147,0.5357142857142857,0.4509803921568627,target_background,Enterobacter,75,clean,target_binary
ck4p_msp,nearest_centroid,91,2,222,0.42857142857142855,0.40106951871657753,target_background,Enterobacter,75,clean,target_binary
ck4p_msp,logistic,91,2,222,0.6071428571428571,0.5354449472096531,target_background,Enterobacter,75,clean,target_binary
ckmer5_count_l2,nearest_centroid,91,2,507,0.4642857142857143,0.42857142857142855,target_background,Enterobacter,75,clean,target_binary
ckmer5_count_l2,logistic,91,2,507,0.4642857142857143,0.40256045519203415,target_background,Enterobacter,75,clean,target_binary
cspaced_property_l2,nearest_centroid,91,2,147,0.5714285714285714,0.5508021390374331,target_background,Enterobacter,75,clean,target_binary
cspaced_property_l2,logistic,91,2,147,0.5,0.4555555555555556,target_background,Enterobacter,75,clean,target_binary
ckmer4_count_l2,nearest_centroid,52,2,135,0.4375,0.30434782608695654,within_genus_species,Escherichia,75,clean,label
ckmer4_count_l2,logistic,52,2,135,0.4375,0.30434782608695654,within_genus_species,Escherichia,75,clean,label
ckmer4_property_l2,nearest_centroid,52,2,146,0.4375,0.30434782608695654,within_genus_species,Escherichia,75,clean,label
ckmer4_property_l2,logistic,52,2,146,0.4375,0.30434782608695654,within_genus_species,Escherichia,75,clean,label
ck4p_msp,nearest_centroid,52,2,222,0.4375,0.30434782608695654,within_genus_species,Escherichia,75,clean,label
ck4p_msp,logistic,52,2,222,0.4375,0.30434782608695654,within_genus_species,Escherichia,75,clean,label
ckmer5_count_l2,nearest_centroid,52,2,502,0.5,0.4181818181818182,within_genus_species,Escherichia,75,clean,label
ckmer5_count_l2,logistic,52,2,502,0.375,0.2727272727272727,within_genus_species,Escherichia,75,clean,label
cspaced_property_l2,nearest_centroid,52,2,147,0.75,0.75,within_genus_species,Escherichia,75,clean,label
cspaced_property_l2,logistic,52,2,147,0.6875,0.6761133603238867,within_genus_species,Escherichia,75,clean,label
ckmer4_count_l2,nearest_centroid,52,2,135,0.4375,0.30434782608695654,target_background,Escherichia,75,clean,target_binary
ckmer4_count_l2,logistic,52,2,135,0.4375,0.30434782608695654,target_background,Escherichia,75,clean,target_binary
ckmer4_property_l2,nearest_centroid,52,2,146,0.4375,0.30434782608695654,target_background,Escherichia,75,clean,target_binary
ckmer4_property_l2,logistic,52,2,146,0.4375,0.30434782608695654,target_background,Escherichia,75,clean,target_binary
ck4p_msp,nearest_centroid,52,2,222,0.4375,0.30434782608695654,target_background,Escherichia,75,clean,target_binary
ck4p_msp,logistic,52,2,222,0.4375,0.30434782608695654,target_background,Escherichia,75,clean,target_binary
ckmer5_count_l2,nearest_centroid,52,2,502,0.5,0.4181818181818182,target_background,Escherichia,75,clean,target_binary
ckmer5_count_l2,logistic,52,2,502,0.375,0.2727272727272727,target_background,Escherichia,75,clean,target_binary
cspaced_property_l2,nearest_centroid,52,2,147,0.75,0.75,target_background,Escherichia,75,clean,target_binary
cspaced_property_l2,logistic,52,2,147,0.6875,0.6761133603238867,target_background,Escherichia,75,clean,target_binary
ckmer4_count_l2,nearest_centroid,97,3,136,0.43333333333333335,0.4358178053830228,within_genus_species,Klebsiella,75,clean,label
ckmer4_count_l2,logistic,97,3,136,0.43333333333333335,0.37637721755368814,within_genus_species,Klebsiella,75,clean,label
ckmer4_property_l2,nearest_centroid,97,3,147,0.43333333333333335,0.4358178053830228,within_genus_species,Klebsiella,75,clean,label
ckmer4_property_l2,logistic,97,3,147,0.4666666666666667,0.4226190476190476,within_genus_species,Klebsiella,75,clean,label
ck4p_msp,nearest_centroid,97,3,222,0.43333333333333335,0.4358178053830228,within_genus_species,Klebsiella,75,clean,label
ck4p_msp,logistic,97,3,222,0.3,0.27619047619047615,within_genus_species,Klebsiella,75,clean,label
ckmer5_count_l2,nearest_centroid,97,3,508,0.4,0.3962684489000278,within_genus_species,Klebsiella,75,clean,label
ckmer5_count_l2,logistic,97,3,508,0.4,0.35634920634920636,within_genus_species,Klebsiella,75,clean,label
cspaced_property_l2,nearest_centroid,97,3,147,0.26666666666666666,0.24880174291938997,within_genus_species,Klebsiella,75,clean,label
cspaced_property_l2,logistic,97,3,147,0.3333333333333333,0.30732069862504646,within_genus_species,Klebsiella,75,clean,label
ckmer4_count_l2,nearest_centroid,88,2,136,0.5925925925925926,0.49230769230769234,target_background,Klebsiella,75,clean,target_binary
ckmer4_count_l2,logistic,88,2,136,0.6296296296296297,0.5178571428571428,target_background,Klebsiella,75,clean,target_binary
ckmer4_property_l2,nearest_centroid,88,2,147,0.5925925925925926,0.49230769230769234,target_background,Klebsiella,75,clean,target_binary
ckmer4_property_l2,logistic,88,2,147,0.6666666666666666,0.5440900562851783,target_background,Klebsiella,75,clean,target_binary
ck4p_msp,nearest_centroid,88,2,222,0.5925925925925926,0.49230769230769234,target_background,Klebsiella,75,clean,target_binary
ck4p_msp,logistic,88,2,222,0.6666666666666666,0.5846153846153846,target_background,Klebsiella,75,clean,target_binary
ckmer5_count_l2,nearest_centroid,88,2,508,0.5925925925925926,0.37209302325581395,target_background,Klebsiella,75,clean,target_binary
ckmer5_count_l2,logistic,88,2,508,0.6296296296296297,0.38636363636363635,target_background,Klebsiella,75,clean,target_binary
cspaced_property_l2,nearest_centroid,88,2,147,0.5925925925925926,0.5533834586466165,target_background,Klebsiella,75,clean,target_binary
cspaced_property_l2,logistic,88,2,147,0.5555555555555556,0.35714285714285715,target_background,Klebsiella,75,clean,target_binary
ckmer4_count_l2,nearest_centroid,120,4,136,0.3333333333333333,0.3190546218487395,within_genus_species,Acinetobacter,75,substitution_1pct,label
ckmer4_count_l2,logistic,120,4,136,0.2777777777777778,0.26799242424242425,within_genus_species,Acinetobacter,75,substitution_1pct,label
ckmer4_property_l2,nearest_centroid,120,4,147,0.3055555555555556,0.285158371040724,within_genus_species,Acinetobacter,75,substitution_1pct,label
ckmer4_property_l2,logistic,120,4,147,0.25,0.24021464646464646,within_genus_species,Acinetobacter,75,substitution_1pct,label
ck4p_msp,nearest_centroid,120,4,222,0.3333333333333333,0.3190546218487395,within_genus_species,Acinetobacter,75,substitution_1pct,label
ck4p_msp,logistic,120,4,222,0.3333333333333333,0.32987967914438504,within_genus_species,Acinetobacter,75,substitution_1pct,label
ckmer5_count_l2,nearest_centroid,120,4,510,0.19444444444444445,0.1833133971291866,within_genus_species,Acinetobacter,75,substitution_1pct,label
ckmer5_count_l2,logistic,120,4,510,0.1388888888888889,0.13042186571598335,within_genus_species,Acinetobacter,75,substitution_1pct,label
cspaced_property_l2,nearest_centroid,120,4,147,0.3333333333333333,0.3262172609998697,within_genus_species,Acinetobacter,75,substitution_1pct,label
cspaced_property_l2,logistic,120,4,147,0.2222222222222222,0.21807359307359309,within_genus_species,Acinetobacter,75,substitution_1pct,label
ckmer4_count_l2,nearest_centroid,79,3,136,0.4166666666666667,0.40832473340213277,within_genus_species,Burkholderia,75,substitution_1pct,label
ckmer4_count_l2,logistic,79,3,136,0.2916666666666667,0.25146198830409355,within_genus_species,Burkholderia,75,substitution_1pct,label
ckmer4_property_l2,nearest_centroid,79,3,146,0.4166666666666667,0.40832473340213277,within_genus_species,Burkholderia,75,substitution_1pct,label
ckmer4_property_l2,logistic,79,3,146,0.375,0.30701754385964913,within_genus_species,Burkholderia,75,substitution_1pct,label
ck4p_msp,nearest_centroid,79,3,222,0.4166666666666667,0.40832473340213277,within_genus_species,Burkholderia,75,substitution_1pct,label
ck4p_msp,logistic,79,3,222,0.4166666666666667,0.38518518518518513,within_genus_species,Burkholderia,75,substitution_1pct,label
ckmer5_count_l2,nearest_centroid,79,3,480,0.375,0.37606837606837606,within_genus_species,Burkholderia,75,substitution_1pct,label
ckmer5_count_l2,logistic,79,3,480,0.4166666666666667,0.38245197068726483,within_genus_species,Burkholderia,75,substitution_1pct,label
cspaced_property_l2,nearest_centroid,79,3,146,0.3333333333333333,0.29274891774891776,within_genus_species,Burkholderia,75,substitution_1pct,label
cspaced_property_l2,logistic,79,3,146,0.4166666666666667,0.39036325992847737,within_genus_species,Burkholderia,75,substitution_1pct,label
ckmer4_count_l2,nearest_centroid,79,2,136,0.4166666666666667,0.37777777777777777,target_background,Burkholderia,75,substitution_1pct,target_binary
ckmer4_count_l2,logistic,79,2,136,0.5416666666666666,0.35135135135135137,target_background,Burkholderia,75,substitution_1pct,target_binary
ckmer4_property_l2,nearest_centroid,79,2,147,0.4166666666666667,0.37777777777777777,target_background,Burkholderia,75,substitution_1pct,target_binary
ckmer4_property_l2,logistic,79,2,147,0.5,0.39495798319327735,target_background,Burkholderia,75,substitution_1pct,target_binary
ck4p_msp,nearest_centroid,79,2,222,0.4166666666666667,0.37777777777777777,target_background,Burkholderia,75,substitution_1pct,target_binary
ck4p_msp,logistic,79,2,222,0.625,0.5636363636363637,target_background,Burkholderia,75,substitution_1pct,target_binary
ckmer5_count_l2,nearest_centroid,79,2,480,0.4166666666666667,0.34375,target_background,Burkholderia,75,substitution_1pct,target_binary
ckmer5_count_l2,logistic,79,2,480,0.5416666666666666,0.4197802197802198,target_background,Burkholderia,75,substitution_1pct,target_binary
cspaced_property_l2,nearest_centroid,79,2,147,0.5833333333333334,0.53125,target_background,Burkholderia,75,substitution_1pct,target_binary
cspaced_property_l2,logistic,79,2,147,0.625,0.5636363636363637,target_background,Burkholderia,75,substitution_1pct,target_binary
ckmer4_count_l2,nearest_centroid,119,4,136,0.3333333333333333,0.32001185948554367,within_genus_species,Candida,75,substitution_1pct,label
ckmer4_count_l2,logistic,119,4,136,0.3333333333333333,0.31433985317415125,within_genus_species,Candida,75,substitution_1pct,label
ckmer4_property_l2,nearest_centroid,119,4,147,0.3333333333333333,0.32001185948554367,within_genus_species,Candida,75,substitution_1pct,label
ckmer4_property_l2,logistic,119,4,147,0.3611111111111111,0.3447420634920635,within_genus_species,Candida,75,substitution_1pct,label
ck4p_msp,nearest_centroid,119,4,222,0.3333333333333333,0.32001185948554367,within_genus_species,Candida,75,substitution_1pct,label
ck4p_msp,logistic,119,4,222,0.3888888888888889,0.35662525879917184,within_genus_species,Candida,75,substitution_1pct,label
ckmer5_count_l2,nearest_centroid,119,4,509,0.3333333333333333,0.32454004329004327,within_genus_species,Candida,75,substitution_1pct,label
ckmer5_count_l2,logistic,119,4,509,0.3055555555555556,0.3062547673531655,within_genus_species,Candida,75,substitution_1pct,label
cspaced_property_l2,nearest_centroid,119,4,147,0.25,0.22561813186813184,within_genus_species,Candida,75,substitution_1pct,label
cspaced_property_l2,logistic,119,4,147,0.3055555555555556,0.2967018361755204,within_genus_species,Candida,75,substitution_1pct,label
ckmer4_count_l2,nearest_centroid,94,2,136,0.4827586206896552,0.44015444015444016,target_background,Candida,75,substitution_1pct,target_binary
ckmer4_count_l2,logistic,94,2,136,0.6206896551724138,0.5695006747638327,target_background,Candida,75,substitution_1pct,target_binary
ckmer4_property_l2,nearest_centroid,94,2,147,0.4482758620689655,0.3894736842105263,target_background,Candida,75,substitution_1pct,target_binary
ckmer4_property_l2,logistic,94,2,147,0.5862068965517241,0.5421052631578948,target_background,Candida,75,substitution_1pct,target_binary
ck4p_msp,nearest_centroid,94,2,222,0.4827586206896552,0.44015444015444016,target_background,Candida,75,substitution_1pct,target_binary
ck4p_msp,logistic,94,2,222,0.5862068965517241,0.5166666666666666,target_background,Candida,75,substitution_1pct,target_binary
ckmer5_count_l2,nearest_centroid,94,2,505,0.5862068965517241,0.5421052631578948,target_background,Candida,75,substitution_1pct,target_binary
ckmer5_count_l2,logistic,94,2,505,0.5862068965517241,0.5421052631578948,target_background,Candida,75,substitution_1pct,target_binary
cspaced_property_l2,nearest_centroid,94,2,147,0.4827586206896552,0.44015444015444016,target_background,Candida,75,substitution_1pct,target_binary
cspaced_property_l2,logistic,94,2,147,0.4482758620689655,0.43137254901960786,target_background,Candida,75,substitution_1pct,target_binary
ckmer4_count_l2,nearest_centroid,133,5,136,0.175,0.17711843711843714,within_genus_species,Enterobacter,75,substitution_1pct,label
ckmer4_count_l2,logistic,133,5,136,0.15,0.15727400050929463,within_genus_species,Enterobacter,75,substitution_1pct,label
ckmer4_property_l2,nearest_centroid,133,5,147,0.15,0.1552510234863176,within_genus_species,Enterobacter,75,substitution_1pct,label
ckmer4_property_l2,logistic,133,5,147,0.175,0.1761437908496732,within_genus_species,Enterobacter,75,substitution_1pct,label
ck4p_msp,nearest_centroid,133,5,222,0.175,0.17711843711843714,within_genus_species,Enterobacter,75,substitution_1pct,label
ck4p_msp,logistic,133,5,222,0.225,0.23550505050505052,within_genus_species,Enterobacter,75,substitution_1pct,label
ckmer5_count_l2,nearest_centroid,133,5,512,0.05,0.05333333333333333,within_genus_species,Enterobacter,75,substitution_1pct,label
ckmer5_count_l2,logistic,133,5,512,0.075,0.07238095238095238,within_genus_species,Enterobacter,75,substitution_1pct,label
cspaced_property_l2,nearest_centroid,133,5,147,0.25,0.24397435897435896,within_genus_species,Enterobacter,75,substitution_1pct,label
cspaced_property_l2,logistic,133,5,147,0.25,0.23247730530339225,within_genus_species,Enterobacter,75,substitution_1pct,label
ckmer4_count_l2,nearest_centroid,91,2,136,0.35714285714285715,0.3262032085561497,target_background,Enterobacter,75,substitution_1pct,target_binary
ckmer4_count_l2,logistic,91,2,136,0.4642857142857143,0.40256045519203415,target_background,Enterobacter,75,substitution_1pct,target_binary
ckmer4_property_l2,nearest_centroid,91,2,147,0.39285714285714285,0.3728590250329381,target_background,Enterobacter,75,substitution_1pct,target_binary
ckmer4_property_l2,logistic,91,2,147,0.4642857142857143,0.40256045519203415,target_background,Enterobacter,75,substitution_1pct,target_binary
ck4p_msp,nearest_centroid,91,2,222,0.35714285714285715,0.3262032085561497,target_background,Enterobacter,75,substitution_1pct,target_binary
ck4p_msp,logistic,91,2,222,0.6071428571428571,0.49918699186991866,target_background,Enterobacter,75,substitution_1pct,target_binary
ckmer5_count_l2,nearest_centroid,91,2,510,0.42857142857142855,0.40106951871657753,target_background,Enterobacter,75,substitution_1pct,target_binary
ckmer5_count_l2,logistic,91,2,510,0.39285714285714285,0.28205128205128205,target_background,Enterobacter,75,substitution_1pct,target_binary
cspaced_property_l2,nearest_centroid,91,2,147,0.5357142857142857,0.5047619047619047,target_background,Enterobacter,75,substitution_1pct,target_binary
cspaced_property_l2,logistic,91,2,147,0.5,0.47593582887700536,target_background,Enterobacter,75,substitution_1pct,target_binary
ckmer4_count_l2,nearest_centroid,52,2,135,0.4375,0.30434782608695654,within_genus_species,Escherichia,75,substitution_1pct,label
ckmer4_count_l2,logistic,52,2,135,0.4375,0.30434782608695654,within_genus_species,Escherichia,75,substitution_1pct,label
ckmer4_property_l2,nearest_centroid,52,2,146,0.4375,0.30434782608695654,within_genus_species,Escherichia,75,substitution_1pct,label
ckmer4_property_l2,logistic,52,2,146,0.4375,0.30434782608695654,within_genus_species,Escherichia,75,substitution_1pct,label
ck4p_msp,nearest_centroid,52,2,222,0.4375,0.30434782608695654,within_genus_species,Escherichia,75,substitution_1pct,label
ck4p_msp,logistic,52,2,222,0.5,0.4181818181818182,within_genus_species,Escherichia,75,substitution_1pct,label
ckmer5_count_l2,nearest_centroid,52,2,501,0.5,0.4181818181818182,within_genus_species,Escherichia,75,substitution_1pct,label
ckmer5_count_l2,logistic,52,2,501,0.4375,0.30434782608695654,within_genus_species,Escherichia,75,substitution_1pct,label
cspaced_property_l2,nearest_centroid,52,2,147,0.75,0.75,within_genus_species,Escherichia,75,substitution_1pct,label
cspaced_property_l2,logistic,52,2,147,0.6875,0.6761133603238867,within_genus_species,Escherichia,75,substitution_1pct,label
ckmer4_count_l2,nearest_centroid,52,2,135,0.4375,0.30434782608695654,target_background,Escherichia,75,substitution_1pct,target_binary
ckmer4_count_l2,logistic,52,2,135,0.4375,0.30434782608695654,target_background,Escherichia,75,substitution_1pct,target_binary
ckmer4_property_l2,nearest_centroid,52,2,146,0.4375,0.30434782608695654,target_background,Escherichia,75,substitution_1pct,target_binary
ckmer4_property_l2,logistic,52,2,146,0.4375,0.30434782608695654,target_background,Escherichia,75,substitution_1pct,target_binary
ck4p_msp,nearest_centroid,52,2,222,0.4375,0.30434782608695654,target_background,Escherichia,75,substitution_1pct,target_binary
ck4p_msp,logistic,52,2,222,0.5,0.4181818181818182,target_background,Escherichia,75,substitution_1pct,target_binary
ckmer5_count_l2,nearest_centroid,52,2,501,0.5,0.4181818181818182,target_background,Escherichia,75,substitution_1pct,target_binary
ckmer5_count_l2,logistic,52,2,501,0.4375,0.30434782608695654,target_background,Escherichia,75,substitution_1pct,target_binary
cspaced_property_l2,nearest_centroid,52,2,147,0.75,0.75,target_background,Escherichia,75,substitution_1pct,target_binary
cspaced_property_l2,logistic,52,2,147,0.6875,0.6761133603238867,target_background,Escherichia,75,substitution_1pct,target_binary
ckmer4_count_l2,nearest_centroid,97,3,136,0.43333333333333335,0.4358178053830228,within_genus_species,Klebsiella,75,substitution_1pct,label
ckmer4_count_l2,logistic,97,3,136,0.3333333333333333,0.29426129426129427,within_genus_species,Klebsiella,75,substitution_1pct,label
ckmer4_property_l2,nearest_centroid,97,3,147,0.43333333333333335,0.4358178053830228,within_genus_species,Klebsiella,75,substitution_1pct,label
ckmer4_property_l2,logistic,97,3,147,0.3,0.29813664596273287,within_genus_species,Klebsiella,75,substitution_1pct,label
ck4p_msp,nearest_centroid,97,3,222,0.43333333333333335,0.4358178053830228,within_genus_species,Klebsiella,75,substitution_1pct,label
ck4p_msp,logistic,97,3,222,0.26666666666666666,0.25055741360089184,within_genus_species,Klebsiella,75,substitution_1pct,label
ckmer5_count_l2,nearest_centroid,97,3,510,0.4,0.38299595141700404,within_genus_species,Klebsiella,75,substitution_1pct,label
ckmer5_count_l2,logistic,97,3,510,0.3,0.2723848159953637,within_genus_species,Klebsiella,75,substitution_1pct,label
cspaced_property_l2,nearest_centroid,97,3,147,0.2,0.18541451668386652,within_genus_species,Klebsiella,75,substitution_1pct,label
cspaced_property_l2,logistic,97,3,147,0.23333333333333334,0.21855477855477856,within_genus_species,Klebsiella,75,substitution_1pct,label
ckmer4_count_l2,nearest_centroid,88,2,136,0.5925925925925926,0.49230769230769234,target_background,Klebsiella,75,substitution_1pct,target_binary
ckmer4_count_l2,logistic,88,2,136,0.5925925925925926,0.4427767354596623,target_background,Klebsiella,75,substitution_1pct,target_binary
ckmer4_property_l2,nearest_centroid,88,2,147,0.5925925925925926,0.49230769230769234,target_background,Klebsiella,75,substitution_1pct,target_binary
ckmer4_property_l2,logistic,88,2,147,0.6296296296296297,0.5178571428571428,target_background,Klebsiella,75,substitution_1pct,target_binary
ck4p_msp,nearest_centroid,88,2,222,0.5925925925925926,0.49230769230769234,target_background,Klebsiella,75,substitution_1pct,target_binary
ck4p_msp,logistic,88,2,222,0.6296296296296297,0.555921052631579,target_background,Klebsiella,75,substitution_1pct,target_binary
ckmer5_count_l2,nearest_centroid,88,2,509,0.5925925925925926,0.4427767354596623,target_background,Klebsiella,75,substitution_1pct,target_binary
ckmer5_count_l2,logistic,88,2,509,0.6296296296296297,0.38636363636363635,target_background,Klebsiella,75,substitution_1pct,target_binary
cspaced_property_l2,nearest_centroid,88,2,147,0.6666666666666666,0.6136724960254372,target_background,Klebsiella,75,substitution_1pct,target_binary
cspaced_property_l2,logistic,88,2,147,0.6296296296296297,0.5178571428571428,target_background,Klebsiella,75,substitution_1pct,target_binary
ckmer4_count_l2,nearest_centroid,120,4,136,0.25,0.21458333333333335,within_genus_species,Acinetobacter,75,N_3pct,label
ckmer4_count_l2,logistic,120,4,136,0.2222222222222222,0.21781015037593984,within_genus_species,Acinetobacter,75,N_3pct,label
ckmer4_property_l2,nearest_centroid,120,4,147,0.2222222222222222,0.18823529411764706,within_genus_species,Acinetobacter,75,N_3pct,label
ckmer4_property_l2,logistic,120,4,147,0.2222222222222222,0.2181818181818182,within_genus_species,Acinetobacter,75,N_3pct,label
ck4p_msp,nearest_centroid,120,4,222,0.25,0.21458333333333335,within_genus_species,Acinetobacter,75,N_3pct,label
ck4p_msp,logistic,120,4,222,0.19444444444444445,0.19478844169246645,within_genus_species,Acinetobacter,75,N_3pct,label
ckmer5_count_l2,nearest_centroid,120,4,508,0.19444444444444445,0.18882850241545895,within_genus_species,Acinetobacter,75,N_3pct,label
ckmer5_count_l2,logistic,120,4,508,0.16666666666666666,0.144318597004019,within_genus_species,Acinetobacter,75,N_3pct,label
cspaced_property_l2,nearest_centroid,120,4,147,0.2777777777777778,0.2657142857142857,within_genus_species,Acinetobacter,75,N_3pct,label
cspaced_property_l2,logistic,120,4,147,0.25,0.24441391941391938,within_genus_species,Acinetobacter,75,N_3pct,label
ckmer4_count_l2,nearest_centroid,79,3,136,0.4166666666666667,0.38055555555555554,within_genus_species,Burkholderia,75,N_3pct,label
ckmer4_count_l2,logistic,79,3,136,0.3333333333333333,0.2838468720821662,within_genus_species,Burkholderia,75,N_3pct,label
ckmer4_property_l2,nearest_centroid,79,3,146,0.4166666666666667,0.38055555555555554,within_genus_species,Burkholderia,75,N_3pct,label
ckmer4_property_l2,logistic,79,3,146,0.4166666666666667,0.4074074074074074,within_genus_species,Burkholderia,75,N_3pct,label
ck4p_msp,nearest_centroid,79,3,222,0.4166666666666667,0.38055555555555554,within_genus_species,Burkholderia,75,N_3pct,label
ck4p_msp,logistic,79,3,222,0.375,0.36835930953578017,within_genus_species,Burkholderia,75,N_3pct,label
ckmer5_count_l2,nearest_centroid,79,3,470,0.4166666666666667,0.425,within_genus_species,Burkholderia,75,N_3pct,label
ckmer5_count_l2,logistic,79,3,470,0.375,0.3356777493606138,within_genus_species,Burkholderia,75,N_3pct,label
cspaced_property_l2,nearest_centroid,79,3,145,0.3333333333333333,0.2807506503158677,within_genus_species,Burkholderia,75,N_3pct,label
cspaced_property_l2,logistic,79,3,145,0.3333333333333333,0.2760683760683761,within_genus_species,Burkholderia,75,N_3pct,label
ckmer4_count_l2,nearest_centroid,79,2,136,0.5,0.4666666666666667,target_background,Burkholderia,75,N_3pct,target_binary
ckmer4_count_l2,logistic,79,2,136,0.5,0.3333333333333333,target_background,Burkholderia,75,N_3pct,target_binary
ckmer4_property_l2,nearest_centroid,79,2,147,0.5416666666666666,0.5208711433756805,target_background,Burkholderia,75,N_3pct,target_binary
ckmer4_property_l2,logistic,79,2,147,0.5416666666666666,0.4197802197802198,target_background,Burkholderia,75,N_3pct,target_binary
ck4p_msp,nearest_centroid,79,2,222,0.5,0.4666666666666667,target_background,Burkholderia,75,N_3pct,target_binary
ck4p_msp,logistic,79,2,222,0.625,0.5636363636363637,target_background,Burkholderia,75,N_3pct,target_binary
ckmer5_count_l2,nearest_centroid,79,2,470,0.625,0.5901328273244781,target_background,Burkholderia,75,N_3pct,target_binary
ckmer5_count_l2,logistic,79,2,470,0.5416666666666666,0.4197802197802198,target_background,Burkholderia,75,N_3pct,target_binary
cspaced_property_l2,nearest_centroid,79,2,147,0.75,0.71875,target_background,Burkholderia,75,N_3pct,target_binary
cspaced_property_l2,logistic,79,2,147,0.8333333333333334,0.8125,target_background,Burkholderia,75,N_3pct,target_binary
ckmer4_count_l2,nearest_centroid,119,4,136,0.3888888888888889,0.3773809523809524,within_genus_species,Candida,75,N_3pct,label
ckmer4_count_l2,logistic,119,4,136,0.4166666666666667,0.42410714285714285,within_genus_species,Candida,75,N_3pct,label
ckmer4_property_l2,nearest_centroid,119,4,147,0.3888888888888889,0.3773809523809524,within_genus_species,Candida,75,N_3pct,label
ckmer4_property_l2,logistic,119,4,147,0.3611111111111111,0.36170814479638014,within_genus_species,Candida,75,N_3pct,label
ck4p_msp,nearest_centroid,119,4,222,0.3888888888888889,0.3773809523809524,within_genus_species,Candida,75,N_3pct,label
ck4p_msp,logistic,119,4,222,0.3888888888888889,0.38993316624895574,within_genus_species,Candida,75,N_3pct,label
ckmer5_count_l2,nearest_centroid,119,4,506,0.4722222222222222,0.4761904761904762,within_genus_species,Candida,75,N_3pct,label
ckmer5_count_l2,logistic,119,4,506,0.3333333333333333,0.3394209956709957,within_genus_species,Candida,75,N_3pct,label
cspaced_property_l2,nearest_centroid,119,4,147,0.3333333333333333,0.30635683760683763,within_genus_species,Candida,75,N_3pct,label
cspaced_property_l2,logistic,119,4,147,0.19444444444444445,0.20233766233766234,within_genus_species,Candida,75,N_3pct,label
ckmer4_count_l2,nearest_centroid,94,2,136,0.6206896551724138,0.5695006747638327,target_background,Candida,75,N_3pct,target_binary
ckmer4_count_l2,logistic,94,2,136,0.5172413793103449,0.4873737373737374,target_background,Candida,75,N_3pct,target_binary
ckmer4_property_l2,nearest_centroid,94,2,147,0.5862068965517241,0.5606060606060606,target_background,Candida,75,N_3pct,target_binary
ckmer4_property_l2,logistic,94,2,147,0.6206896551724138,0.5894465894465895,target_background,Candida,75,N_3pct,target_binary
ck4p_msp,nearest_centroid,94,2,222,0.5862068965517241,0.5421052631578948,target_background,Candida,75,N_3pct,target_binary
ck4p_msp,logistic,94,2,222,0.6551724137931034,0.5972222222222222,target_background,Candida,75,N_3pct,target_binary
ckmer5_count_l2,nearest_centroid,94,2,504,0.6206896551724138,0.5695006747638327,target_background,Candida,75,N_3pct,target_binary
ckmer5_count_l2,logistic,94,2,504,0.5862068965517241,0.5606060606060606,target_background,Candida,75,N_3pct,target_binary
cspaced_property_l2,nearest_centroid,94,2,147,0.4482758620689655,0.3894736842105263,target_background,Candida,75,N_3pct,target_binary
cspaced_property_l2,logistic,94,2,147,0.4827586206896552,0.44015444015444016,target_background,Candida,75,N_3pct,target_binary
ckmer4_count_l2,nearest_centroid,133,5,136,0.225,0.2304655870445344,within_genus_species,Enterobacter,75,N_3pct,label
ckmer4_count_l2,logistic,133,5,136,0.2,0.19578783789310106,within_genus_species,Enterobacter,75,N_3pct,label
ckmer4_property_l2,nearest_centroid,133,5,147,0.225,0.2304655870445344,within_genus_species,Enterobacter,75,N_3pct,label
ckmer4_property_l2,logistic,133,5,147,0.2,0.19578783789310106,within_genus_species,Enterobacter,75,N_3pct,label
ck4p_msp,nearest_centroid,133,5,222,0.225,0.2304655870445344,within_genus_species,Enterobacter,75,N_3pct,label
ck4p_msp,logistic,133,5,222,0.2,0.20575163398692808,within_genus_species,Enterobacter,75,N_3pct,label
ckmer5_count_l2,nearest_centroid,133,5,510,0.1,0.09318181818181819,within_genus_species,Enterobacter,75,N_3pct,label
ckmer5_count_l2,logistic,133,5,510,0.1,0.09575163398692811,within_genus_species,Enterobacter,75,N_3pct,label
cspaced_property_l2,nearest_centroid,133,5,147,0.175,0.1605012531328321,within_genus_species,Enterobacter,75,N_3pct,label
cspaced_property_l2,logistic,133,5,147,0.175,0.16716791979949872,within_genus_species,Enterobacter,75,N_3pct,label
ckmer4_count_l2,nearest_centroid,91,2,136,0.4642857142857143,0.42857142857142855,target_background,Enterobacter,75,N_3pct,target_binary
ckmer4_count_l2,logistic,91,2,136,0.5714285714285714,0.475,target_background,Enterobacter,75,N_3pct,target_binary
ckmer4_property_l2,nearest_centroid,91,2,147,0.42857142857142855,0.40106951871657753,target_background,Enterobacter,75,N_3pct,target_binary
ckmer4_property_l2,logistic,91,2,147,0.5714285714285714,0.475,target_background,Enterobacter,75,N_3pct,target_binary
ck4p_msp,nearest_centroid,91,2,222,0.4642857142857143,0.42857142857142855,target_background,Enterobacter,75,N_3pct,target_binary
ck4p_msp,logistic,91,2,222,0.6071428571428571,0.49918699186991866,target_background,Enterobacter,75,N_3pct,target_binary
ckmer5_count_l2,nearest_centroid,91,2,505,0.5,0.47593582887700536,target_background,Enterobacter,75,N_3pct,target_binary
ckmer5_count_l2,logistic,91,2,505,0.5,0.3875,target_background,Enterobacter,75,N_3pct,target_binary
cspaced_property_l2,nearest_centroid,91,2,147,0.6071428571428571,0.6025806451612903,target_background,Enterobacter,75,N_3pct,target_binary
cspaced_property_l2,logistic,91,2,147,0.5,0.47593582887700536,target_background,Enterobacter,75,N_3pct,target_binary
ckmer4_count_l2,nearest_centroid,52,2,135,0.4375,0.30434782608695654,within_genus_species,Escherichia,75,N_3pct,label
ckmer4_count_l2,logistic,52,2,135,0.3125,0.23809523809523808,within_genus_species,Escherichia,75,N_3pct,label
ckmer4_property_l2,nearest_centroid,52,2,146,0.5,0.4181818181818182,within_genus_species,Escherichia,75,N_3pct,label
ckmer4_property_l2,logistic,52,2,146,0.375,0.2727272727272727,within_genus_species,Escherichia,75,N_3pct,label
ck4p_msp,nearest_centroid,52,2,222,0.5,0.4181818181818182,within_genus_species,Escherichia,75,N_3pct,label
ck4p_msp,logistic,52,2,222,0.4375,0.30434782608695654,within_genus_species,Escherichia,75,N_3pct,label
ckmer5_count_l2,nearest_centroid,52,2,499,0.375,0.2727272727272727,within_genus_species,Escherichia,75,N_3pct,label
ckmer5_count_l2,logistic,52,2,499,0.4375,0.30434782608695654,within_genus_species,Escherichia,75,N_3pct,label
cspaced_property_l2,nearest_centroid,52,2,147,0.625,0.625,within_genus_species,Escherichia,75,N_3pct,label
cspaced_property_l2,logistic,52,2,147,0.6875,0.6761133603238867,within_genus_species,Escherichia,75,N_3pct,label
ckmer4_count_l2,nearest_centroid,52,2,135,0.4375,0.30434782608695654,target_background,Escherichia,75,N_3pct,target_binary
ckmer4_count_l2,logistic,52,2,135,0.3125,0.23809523809523808,target_background,Escherichia,75,N_3pct,target_binary
ckmer4_property_l2,nearest_centroid,52,2,146,0.5,0.4181818181818182,target_background,Escherichia,75,N_3pct,target_binary
ckmer4_property_l2,logistic,52,2,146,0.375,0.2727272727272727,target_background,Escherichia,75,N_3pct,target_binary
ck4p_msp,nearest_centroid,52,2,222,0.5,0.4181818181818182,target_background,Escherichia,75,N_3pct,target_binary
ck4p_msp,logistic,52,2,222,0.4375,0.30434782608695654,target_background,Escherichia,75,N_3pct,target_binary
ckmer5_count_l2,nearest_centroid,52,2,499,0.375,0.2727272727272727,target_background,Escherichia,75,N_3pct,target_binary
ckmer5_count_l2,logistic,52,2,499,0.4375,0.30434782608695654,target_background,Escherichia,75,N_3pct,target_binary
cspaced_property_l2,nearest_centroid,52,2,147,0.625,0.625,target_background,Escherichia,75,N_3pct,target_binary
cspaced_property_l2,logistic,52,2,147,0.6875,0.6761133603238867,target_background,Escherichia,75,N_3pct,target_binary
ckmer4_count_l2,nearest_centroid,97,3,136,0.26666666666666666,0.272688060731539,within_genus_species,Klebsiella,75,N_3pct,label
ckmer4_count_l2,logistic,97,3,136,0.5,0.46428571428571425,within_genus_species,Klebsiella,75,N_3pct,label
ckmer4_property_l2,nearest_centroid,97,3,147,0.3,0.3068181818181818,within_genus_species,Klebsiella,75,N_3pct,label
ckmer4_property_l2,logistic,97,3,147,0.36666666666666664,0.34799820062977965,within_genus_species,Klebsiella,75,N_3pct,label
ck4p_msp,nearest_centroid,97,3,222,0.26666666666666666,0.272688060731539,within_genus_species,Klebsiella,75,N_3pct,label
ck4p_msp,logistic,97,3,222,0.23333333333333334,0.23427552839317545,within_genus_species,Klebsiella,75,N_3pct,label
ckmer5_count_l2,nearest_centroid,97,3,508,0.3333333333333333,0.3340213278293773,within_genus_species,Klebsiella,75,N_3pct,label
ckmer5_count_l2,logistic,97,3,508,0.3333333333333333,0.2869699603979523,within_genus_species,Klebsiella,75,N_3pct,label
cspaced_property_l2,nearest_centroid,97,3,147,0.26666666666666666,0.26156299840510366,within_genus_species,Klebsiella,75,N_3pct,label
cspaced_property_l2,logistic,97,3,147,0.3,0.29555555555555557,within_genus_species,Klebsiella,75,N_3pct,label
ckmer4_count_l2,nearest_centroid,88,2,136,0.6296296296296297,0.5178571428571428,target_background,Klebsiella,75,N_3pct,target_binary
ckmer4_count_l2,logistic,88,2,136,0.5925925925925926,0.5278219395866455,target_background,Klebsiella,75,N_3pct,target_binary
ckmer4_property_l2,nearest_centroid,88,2,147,0.6296296296296297,0.5178571428571428,target_background,Klebsiella,75,N_3pct,target_binary
ckmer4_property_l2,logistic,88,2,147,0.5925925925925926,0.5278219395866455,target_background,Klebsiella,75,N_3pct,target_binary
ck4p_msp,nearest_centroid,88,2,222,0.6296296296296297,0.5178571428571428,target_background,Klebsiella,75,N_3pct,target_binary
ck4p_msp,logistic,88,2,222,0.5555555555555556,0.46710526315789475,target_background,Klebsiella,75,N_3pct,target_binary
ckmer5_count_l2,nearest_centroid,88,2,508,0.5925925925925926,0.37209302325581395,target_background,Klebsiella,75,N_3pct,target_binary
ckmer5_count_l2,logistic,88,2,508,0.5925925925925926,0.37209302325581395,target_background,Klebsiella,75,N_3pct,target_binary
cspaced_property_l2,nearest_centroid,88,2,147,0.5925925925925926,0.5714285714285714,target_background,Klebsiella,75,N_3pct,target_binary
cspaced_property_l2,logistic,88,2,147,0.5925925925925926,0.37209302325581395,target_background,Klebsiella,75,N_3pct,target_binary
ckmer4_count_l2,nearest_centroid,120,4,136,0.2777777777777778,0.2604658957600134,within_genus_species,Acinetobacter,75,trim_5bp,label
ckmer4_count_l2,logistic,120,4,136,0.19444444444444445,0.1514285714285714,within_genus_species,Acinetobacter,75,trim_5bp,label
ckmer4_property_l2,nearest_centroid,120,4,147,0.25,0.22740384615384618,within_genus_species,Acinetobacter,75,trim_5bp,label
ckmer4_property_l2,logistic,120,4,147,0.19444444444444445,0.16666666666666669,within_genus_species,Acinetobacter,75,trim_5bp,label
ck4p_msp,nearest_centroid,120,4,222,0.2777777777777778,0.26127989657401424,within_genus_species,Acinetobacter,75,trim_5bp,label
ck4p_msp,logistic,120,4,222,0.1111111111111111,0.10049019607843138,within_genus_species,Acinetobacter,75,trim_5bp,label
ckmer5_count_l2,nearest_centroid,120,4,507,0.1388888888888889,0.12844558113100313,within_genus_species,Acinetobacter,75,trim_5bp,label
ckmer5_count_l2,logistic,120,4,507,0.16666666666666666,0.1571590174531351,within_genus_species,Acinetobacter,75,trim_5bp,label
cspaced_property_l2,nearest_centroid,120,4,147,0.19444444444444445,0.19600279106858054,within_genus_species,Acinetobacter,75,trim_5bp,label
cspaced_property_l2,logistic,120,4,147,0.25,0.25465401471593424,within_genus_species,Acinetobacter,75,trim_5bp,label
ckmer4_count_l2,nearest_centroid,79,3,136,0.4583333333333333,0.4358974358974359,within_genus_species,Burkholderia,75,trim_5bp,label
ckmer4_count_l2,logistic,79,3,136,0.4166666666666667,0.41111111111111115,within_genus_species,Burkholderia,75,trim_5bp,label
ckmer4_property_l2,nearest_centroid,79,3,146,0.5,0.4871794871794872,within_genus_species,Burkholderia,75,trim_5bp,label
ckmer4_property_l2,logistic,79,3,146,0.4583333333333333,0.4518518518518519,within_genus_species,Burkholderia,75,trim_5bp,label
ck4p_msp,nearest_centroid,79,3,222,0.4583333333333333,0.4358974358974359,within_genus_species,Burkholderia,75,trim_5bp,label
ck4p_msp,logistic,79,3,222,0.5,0.5054302422723475,within_genus_species,Burkholderia,75,trim_5bp,label
ckmer5_count_l2,nearest_centroid,79,3,473,0.375,0.38544891640866874,within_genus_species,Burkholderia,75,trim_5bp,label
ckmer5_count_l2,logistic,79,3,473,0.4166666666666667,0.4097105508870215,within_genus_species,Burkholderia,75,trim_5bp,label
cspaced_property_l2,nearest_centroid,79,3,146,0.3333333333333333,0.2821381517033691,within_genus_species,Burkholderia,75,trim_5bp,label
cspaced_property_l2,logistic,79,3,146,0.375,0.3586027499070977,within_genus_species,Burkholderia,75,trim_5bp,label
ckmer4_count_l2,nearest_centroid,79,2,136,0.5416666666666666,0.4990512333965844,target_background,Burkholderia,75,trim_5bp,target_binary
ckmer4_count_l2,logistic,79,2,136,0.5,0.3333333333333333,target_background,Burkholderia,75,trim_5bp,target_binary
ckmer4_property_l2,nearest_centroid,79,2,147,0.5416666666666666,0.4990512333965844,target_background,Burkholderia,75,trim_5bp,target_binary
ckmer4_property_l2,logistic,79,2,147,0.5416666666666666,0.35135135135135137,target_background,Burkholderia,75,trim_5bp,target_binary
ck4p_msp,nearest_centroid,79,2,222,0.5,0.4666666666666667,target_background,Burkholderia,75,trim_5bp,target_binary
ck4p_msp,logistic,79,2,222,0.5833333333333334,0.4957983193277311,target_background,Burkholderia,75,trim_5bp,target_binary
ckmer5_count_l2,nearest_centroid,79,2,473,0.5833333333333334,0.4444444444444444,target_background,Burkholderia,75,trim_5bp,target_binary
ckmer5_count_l2,logistic,79,2,473,0.5833333333333334,0.4957983193277311,target_background,Burkholderia,75,trim_5bp,target_binary
cspaced_property_l2,nearest_centroid,79,2,147,0.5833333333333334,0.4957983193277311,target_background,Burkholderia,75,trim_5bp,target_binary
cspaced_property_l2,logistic,79,2,147,0.5416666666666666,0.4666666666666667,target_background,Burkholderia,75,trim_5bp,target_binary
ckmer4_count_l2,nearest_centroid,119,4,136,0.2777777777777778,0.24667919799498744,within_genus_species,Candida,75,trim_5bp,label
ckmer4_count_l2,logistic,119,4,136,0.2222222222222222,0.2072829131652661,within_genus_species,Candida,75,trim_5bp,label
ckmer4_property_l2,nearest_centroid,119,4,147,0.3055555555555556,0.2636363636363636,within_genus_species,Candida,75,trim_5bp,label
ckmer4_property_l2,logistic,119,4,147,0.2777777777777778,0.2682065217391304,within_genus_species,Candida,75,trim_5bp,label
ck4p_msp,nearest_centroid,119,4,222,0.3055555555555556,0.2636363636363636,within_genus_species,Candida,75,trim_5bp,label
ck4p_msp,logistic,119,4,222,0.25,0.22295548654244307,within_genus_species,Candida,75,trim_5bp,label
ckmer5_count_l2,nearest_centroid,119,4,507,0.2222222222222222,0.2085631759544803,within_genus_species,Candida,75,trim_5bp,label
ckmer5_count_l2,logistic,119,4,507,0.2777777777777778,0.2825576168682576,within_genus_species,Candida,75,trim_5bp,label
cspaced_property_l2,nearest_centroid,119,4,147,0.2777777777777778,0.27375,within_genus_species,Candida,75,trim_5bp,label
cspaced_property_l2,logistic,119,4,147,0.3611111111111111,0.3436202686202686,within_genus_species,Candida,75,trim_5bp,label
ckmer4_count_l2,nearest_centroid,94,2,136,0.6551724137931034,0.5972222222222222,target_background,Candida,75,trim_5bp,target_binary
ckmer4_count_l2,logistic,94,2,136,0.5862068965517241,0.5166666666666666,target_background,Candida,75,trim_5bp,target_binary
ckmer4_property_l2,nearest_centroid,94,2,147,0.6206896551724138,0.5695006747638327,target_background,Candida,75,trim_5bp,target_binary
ckmer4_property_l2,logistic,94,2,147,0.6206896551724138,0.5695006747638327,target_background,Candida,75,trim_5bp,target_binary
ck4p_msp,nearest_centroid,94,2,222,0.6551724137931034,0.5972222222222222,target_background,Candida,75,trim_5bp,target_binary
ck4p_msp,logistic,94,2,222,0.6206896551724138,0.5894465894465895,target_background,Candida,75,trim_5bp,target_binary
ckmer5_count_l2,nearest_centroid,94,2,503,0.6206896551724138,0.5695006747638327,target_background,Candida,75,trim_5bp,target_binary
ckmer5_count_l2,logistic,94,2,503,0.5517241379310345,0.49122807017543857,target_background,Candida,75,trim_5bp,target_binary
cspaced_property_l2,nearest_centroid,94,2,147,0.4482758620689655,0.43137254901960786,target_background,Candida,75,trim_5bp,target_binary
cspaced_property_l2,logistic,94,2,147,0.5517241379310345,0.49122807017543857,target_background,Candida,75,trim_5bp,target_binary
ckmer4_count_l2,nearest_centroid,133,5,136,0.175,0.16460381723539616,within_genus_species,Enterobacter,75,trim_5bp,label
ckmer4_count_l2,logistic,133,5,136,0.125,0.11871345029239766,within_genus_species,Enterobacter,75,trim_5bp,label
ckmer4_property_l2,nearest_centroid,133,5,147,0.175,0.16600732600732598,within_genus_species,Enterobacter,75,trim_5bp,label
ckmer4_property_l2,logistic,133,5,147,0.125,0.11287449392712552,within_genus_species,Enterobacter,75,trim_5bp,label
ck4p_msp,nearest_centroid,133,5,222,0.175,0.16460381723539616,within_genus_species,Enterobacter,75,trim_5bp,label
ck4p_msp,logistic,133,5,222,0.125,0.13025898078529657,within_genus_species,Enterobacter,75,trim_5bp,label
ckmer5_count_l2,nearest_centroid,133,5,510,0.075,0.06222222222222222,within_genus_species,Enterobacter,75,trim_5bp,label
ckmer5_count_l2,logistic,133,5,510,0.1,0.09705882352941178,within_genus_species,Enterobacter,75,trim_5bp,label
cspaced_property_l2,nearest_centroid,133,5,147,0.175,0.170359231411863,within_genus_species,Enterobacter,75,trim_5bp,label
cspaced_property_l2,logistic,133,5,147,0.175,0.1736185383244207,within_genus_species,Enterobacter,75,trim_5bp,label
ckmer4_count_l2,nearest_centroid,91,2,136,0.42857142857142855,0.40106951871657753,target_background,Enterobacter,75,trim_5bp,target_binary
ckmer4_count_l2,logistic,91,2,136,0.6071428571428571,0.49918699186991866,target_background,Enterobacter,75,trim_5bp,target_binary
ckmer4_property_l2,nearest_centroid,91,2,147,0.42857142857142855,0.40106951871657753,target_background,Enterobacter,75,trim_5bp,target_binary
ckmer4_property_l2,logistic,91,2,147,0.5,0.4269005847953216,target_background,Enterobacter,75,trim_5bp,target_binary
ck4p_msp,nearest_centroid,91,2,222,0.42857142857142855,0.40106951871657753,target_background,Enterobacter,75,trim_5bp,target_binary
ck4p_msp,logistic,91,2,222,0.5,0.4269005847953216,target_background,Enterobacter,75,trim_5bp,target_binary
ckmer5_count_l2,nearest_centroid,91,2,507,0.4642857142857143,0.42857142857142855,target_background,Enterobacter,75,trim_5bp,target_binary
ckmer5_count_l2,logistic,91,2,507,0.5357142857142857,0.4509803921568627,target_background,Enterobacter,75,trim_5bp,target_binary
cspaced_property_l2,nearest_centroid,91,2,147,0.5357142857142857,0.5047619047619047,target_background,Enterobacter,75,trim_5bp,target_binary
cspaced_property_l2,logistic,91,2,147,0.5357142857142857,0.4509803921568627,target_background,Enterobacter,75,trim_5bp,target_binary
ckmer4_count_l2,nearest_centroid,52,2,135,0.4375,0.30434782608695654,within_genus_species,Escherichia,75,trim_5bp,label
ckmer4_count_l2,logistic,52,2,135,0.5,0.3333333333333333,within_genus_species,Escherichia,75,trim_5bp,label
ckmer4_property_l2,nearest_centroid,52,2,146,0.4375,0.30434782608695654,within_genus_species,Escherichia,75,trim_5bp,label
ckmer4_property_l2,logistic,52,2,146,0.4375,0.30434782608695654,within_genus_species,Escherichia,75,trim_5bp,label
ck4p_msp,nearest_centroid,52,2,222,0.4375,0.30434782608695654,within_genus_species,Escherichia,75,trim_5bp,label
ck4p_msp,logistic,52,2,222,0.4375,0.30434782608695654,within_genus_species,Escherichia,75,trim_5bp,label
ckmer5_count_l2,nearest_centroid,52,2,501,0.5,0.4181818181818182,within_genus_species,Escherichia,75,trim_5bp,label
ckmer5_count_l2,logistic,52,2,501,0.4375,0.30434782608695654,within_genus_species,Escherichia,75,trim_5bp,label
cspaced_property_l2,nearest_centroid,52,2,147,0.6875,0.6862745098039216,within_genus_species,Escherichia,75,trim_5bp,label
cspaced_property_l2,logistic,52,2,147,0.5625,0.5607843137254902,within_genus_species,Escherichia,75,trim_5bp,label
ckmer4_count_l2,nearest_centroid,52,2,135,0.4375,0.30434782608695654,target_background,Escherichia,75,trim_5bp,target_binary
ckmer4_count_l2,logistic,52,2,135,0.5,0.3333333333333333,target_background,Escherichia,75,trim_5bp,target_binary
ckmer4_property_l2,nearest_centroid,52,2,146,0.4375,0.30434782608695654,target_background,Escherichia,75,trim_5bp,target_binary
ckmer4_property_l2,logistic,52,2,146,0.4375,0.30434782608695654,target_background,Escherichia,75,trim_5bp,target_binary
ck4p_msp,nearest_centroid,52,2,222,0.4375,0.30434782608695654,target_background,Escherichia,75,trim_5bp,target_binary
ck4p_msp,logistic,52,2,222,0.4375,0.30434782608695654,target_background,Escherichia,75,trim_5bp,target_binary
ckmer5_count_l2,nearest_centroid,52,2,501,0.5,0.4181818181818182,target_background,Escherichia,75,trim_5bp,target_binary
ckmer5_count_l2,logistic,52,2,501,0.4375,0.30434782608695654,target_background,Escherichia,75,trim_5bp,target_binary
cspaced_property_l2,nearest_centroid,52,2,147,0.6875,0.6862745098039216,target_background,Escherichia,75,trim_5bp,target_binary
cspaced_property_l2,logistic,52,2,147,0.5625,0.5607843137254902,target_background,Escherichia,75,trim_5bp,target_binary
ckmer4_count_l2,nearest_centroid,97,3,136,0.3333333333333333,0.3361801242236025,within_genus_species,Klebsiella,75,trim_5bp,label
ckmer4_count_l2,logistic,97,3,136,0.5,0.465266106442577,within_genus_species,Klebsiella,75,trim_5bp,label
ckmer4_property_l2,nearest_centroid,97,3,147,0.3333333333333333,0.3335890878090367,within_genus_species,Klebsiella,75,trim_5bp,label
ckmer4_property_l2,logistic,97,3,147,0.4666666666666667,0.4419753086419753,within_genus_species,Klebsiella,75,trim_5bp,label
ck4p_msp,nearest_centroid,97,3,222,0.3333333333333333,0.3361801242236025,within_genus_species,Klebsiella,75,trim_5bp,label
ck4p_msp,logistic,97,3,222,0.3333333333333333,0.3238095238095238,within_genus_species,Klebsiella,75,trim_5bp,label
ckmer5_count_l2,nearest_centroid,97,3,508,0.43333333333333335,0.4000000000000001,within_genus_species,Klebsiella,75,trim_5bp,label
ckmer5_count_l2,logistic,97,3,508,0.43333333333333335,0.4022408963585434,within_genus_species,Klebsiella,75,trim_5bp,label
cspaced_property_l2,nearest_centroid,97,3,147,0.3,0.29722857869310954,within_genus_species,Klebsiella,75,trim_5bp,label
cspaced_property_l2,logistic,97,3,147,0.3333333333333333,0.3280706221882692,within_genus_species,Klebsiella,75,trim_5bp,label
ckmer4_count_l2,nearest_centroid,88,2,136,0.5925925925925926,0.49230769230769234,target_background,Klebsiella,75,trim_5bp,target_binary
ckmer4_count_l2,logistic,88,2,136,0.6296296296296297,0.555921052631579,target_background,Klebsiella,75,trim_5bp,target_binary
ckmer4_property_l2,nearest_centroid,88,2,147,0.5925925925925926,0.49230769230769234,target_background,Klebsiella,75,trim_5bp,target_binary
ckmer4_property_l2,logistic,88,2,147,0.6296296296296297,0.555921052631579,target_background,Klebsiella,75,trim_5bp,target_binary
ck4p_msp,nearest_centroid,88,2,222,0.5925925925925926,0.49230769230769234,target_background,Klebsiella,75,trim_5bp,target_binary
ck4p_msp,logistic,88,2,222,0.6296296296296297,0.555921052631579,target_background,Klebsiella,75,trim_5bp,target_binary
ckmer5_count_l2,nearest_centroid,88,2,508,0.5925925925925926,0.37209302325581395,target_background,Klebsiella,75,trim_5bp,target_binary
ckmer5_count_l2,logistic,88,2,508,0.5925925925925926,0.37209302325581395,target_background,Klebsiella,75,trim_5bp,target_binary
cspaced_property_l2,nearest_centroid,88,2,147,0.6296296296296297,0.6029411764705883,target_background,Klebsiella,75,trim_5bp,target_binary
cspaced_property_l2,logistic,88,2,147,0.48148148148148145,0.325,target_background,Klebsiella,75,trim_5bp,target_binary
ckmer4_count_l2,nearest_centroid,120,4,136,0.25,0.2413893188854489,within_genus_species,Acinetobacter,75,substitution_1pct_N_3pct,label
ckmer4_count_l2,logistic,120,4,136,0.3055555555555556,0.2919451871657754,within_genus_species,Acinetobacter,75,substitution_1pct_N_3pct,label
ckmer4_property_l2,nearest_centroid,120,4,147,0.25,0.23958333333333331,within_genus_species,Acinetobacter,75,substitution_1pct_N_3pct,label
ckmer4_property_l2,logistic,120,4,147,0.3055555555555556,0.29551820728291317,within_genus_species,Acinetobacter,75,substitution_1pct_N_3pct,label
ck4p_msp,nearest_centroid,120,4,222,0.25,0.2413893188854489,within_genus_species,Acinetobacter,75,substitution_1pct_N_3pct,label
ck4p_msp,logistic,120,4,222,0.25,0.25205108359133127,within_genus_species,Acinetobacter,75,substitution_1pct_N_3pct,label
ckmer5_count_l2,nearest_centroid,120,4,510,0.3055555555555556,0.3096168730650155,within_genus_species,Acinetobacter,75,substitution_1pct_N_3pct,label
ckmer5_count_l2,logistic,120,4,510,0.16666666666666666,0.17345864661654134,within_genus_species,Acinetobacter,75,substitution_1pct_N_3pct,label
cspaced_property_l2,nearest_centroid,120,4,147,0.2222222222222222,0.21729323308270676,within_genus_species,Acinetobacter,75,substitution_1pct_N_3pct,label
cspaced_property_l2,logistic,120,4,147,0.3333333333333333,0.3186868686868687,within_genus_species,Acinetobacter,75,substitution_1pct_N_3pct,label
ckmer4_count_l2,nearest_centroid,79,3,136,0.25,0.24177109440267333,within_genus_species,Burkholderia,75,substitution_1pct_N_3pct,label
ckmer4_count_l2,logistic,79,3,136,0.2916666666666667,0.24206349206349206,within_genus_species,Burkholderia,75,substitution_1pct_N_3pct,label
ckmer4_property_l2,nearest_centroid,79,3,147,0.2916666666666667,0.2815452091767881,within_genus_species,Burkholderia,75,substitution_1pct_N_3pct,label
ckmer4_property_l2,logistic,79,3,147,0.375,0.3083778966131907,within_genus_species,Burkholderia,75,substitution_1pct_N_3pct,label
ck4p_msp,nearest_centroid,79,3,222,0.25,0.24177109440267333,within_genus_species,Burkholderia,75,substitution_1pct_N_3pct,label
ck4p_msp,logistic,79,3,222,0.375,0.37267410951621477,within_genus_species,Burkholderia,75,substitution_1pct_N_3pct,label
ckmer5_count_l2,nearest_centroid,79,3,472,0.375,0.38462823725981615,within_genus_species,Burkholderia,75,substitution_1pct_N_3pct,label
ckmer5_count_l2,logistic,79,3,472,0.375,0.3294685990338164,within_genus_species,Burkholderia,75,substitution_1pct_N_3pct,label
cspaced_property_l2,nearest_centroid,79,3,146,0.2916666666666667,0.27685881370091897,within_genus_species,Burkholderia,75,substitution_1pct_N_3pct,label
cspaced_property_l2,logistic,79,3,146,0.3333333333333333,0.30317460317460315,within_genus_species,Burkholderia,75,substitution_1pct_N_3pct,label
ckmer4_count_l2,nearest_centroid,79,2,136,0.5833333333333334,0.53125,target_background,Burkholderia,75,substitution_1pct_N_3pct,target_binary
ckmer4_count_l2,logistic,79,2,136,0.5,0.3333333333333333,target_background,Burkholderia,75,substitution_1pct_N_3pct,target_binary
ckmer4_property_l2,nearest_centroid,79,2,147,0.5833333333333334,0.53125,target_background,Burkholderia,75,substitution_1pct_N_3pct,target_binary
ckmer4_property_l2,logistic,79,2,147,0.5416666666666666,0.4197802197802198,target_background,Burkholderia,75,substitution_1pct_N_3pct,target_binary
ck4p_msp,nearest_centroid,79,2,222,0.5416666666666666,0.4666666666666667,target_background,Burkholderia,75,substitution_1pct_N_3pct,target_binary
ck4p_msp,logistic,79,2,222,0.625,0.5636363636363637,target_background,Burkholderia,75,substitution_1pct_N_3pct,target_binary
ckmer5_count_l2,nearest_centroid,79,2,472,0.5416666666666666,0.4666666666666667,target_background,Burkholderia,75,substitution_1pct_N_3pct,target_binary
ckmer5_count_l2,logistic,79,2,472,0.5833333333333334,0.4957983193277311,target_background,Burkholderia,75,substitution_1pct_N_3pct,target_binary
cspaced_property_l2,nearest_centroid,79,2,147,0.5833333333333334,0.5555555555555556,target_background,Burkholderia,75,substitution_1pct_N_3pct,target_binary
cspaced_property_l2,logistic,79,2,147,0.6666666666666666,0.6444444444444444,target_background,Burkholderia,75,substitution_1pct_N_3pct,target_binary
ckmer4_count_l2,nearest_centroid,119,4,136,0.3333333333333333,0.32740675217455406,within_genus_species,Candida,75,substitution_1pct_N_3pct,label
ckmer4_count_l2,logistic,119,4,136,0.3888888888888889,0.3736424394319131,within_genus_species,Candida,75,substitution_1pct_N_3pct,label
ckmer4_property_l2,nearest_centroid,119,4,147,0.3333333333333333,0.3288690476190476,within_genus_species,Candida,75,substitution_1pct_N_3pct,label
ckmer4_property_l2,logistic,119,4,147,0.3611111111111111,0.3310924369747899,within_genus_species,Candida,75,substitution_1pct_N_3pct,label
ck4p_msp,nearest_centroid,119,4,222,0.3333333333333333,0.32740675217455406,within_genus_species,Candida,75,substitution_1pct_N_3pct,label
ck4p_msp,logistic,119,4,222,0.3333333333333333,0.31934523809523807,within_genus_species,Candida,75,substitution_1pct_N_3pct,label
ckmer5_count_l2,nearest_centroid,119,4,505,0.2222222222222222,0.1973776223776224,within_genus_species,Candida,75,substitution_1pct_N_3pct,label
ckmer5_count_l2,logistic,119,4,505,0.4444444444444444,0.40442962610145267,within_genus_species,Candida,75,substitution_1pct_N_3pct,label
cspaced_property_l2,nearest_centroid,119,4,147,0.3055555555555556,0.27708333333333335,within_genus_species,Candida,75,substitution_1pct_N_3pct,label
cspaced_property_l2,logistic,119,4,147,0.3055555555555556,0.2854575163398693,within_genus_species,Candida,75,substitution_1pct_N_3pct,label
ckmer4_count_l2,nearest_centroid,94,2,136,0.5517241379310345,0.5148005148005148,target_background,Candida,75,substitution_1pct_N_3pct,target_binary
ckmer4_count_l2,logistic,94,2,136,0.41379310344827586,0.3655083655083655,target_background,Candida,75,substitution_1pct_N_3pct,target_binary
ckmer4_property_l2,nearest_centroid,94,2,147,0.5172413793103449,0.4873737373737374,target_background,Candida,75,substitution_1pct_N_3pct,target_binary
ckmer4_property_l2,logistic,94,2,147,0.4827586206896552,0.45962732919254656,target_background,Candida,75,substitution_1pct_N_3pct,target_binary
ck4p_msp,nearest_centroid,94,2,222,0.5517241379310345,0.5148005148005148,target_background,Candida,75,substitution_1pct_N_3pct,target_binary
ck4p_msp,logistic,94,2,222,0.5172413793103449,0.4873737373737374,target_background,Candida,75,substitution_1pct_N_3pct,target_binary
ckmer5_count_l2,nearest_centroid,94,2,501,0.6206896551724138,0.5695006747638327,target_background,Candida,75,substitution_1pct_N_3pct,target_binary
ckmer5_count_l2,logistic,94,2,501,0.4482758620689655,0.3555555555555555,target_background,Candida,75,substitution_1pct_N_3pct,target_binary
cspaced_property_l2,nearest_centroid,94,2,147,0.3448275862068966,0.315527950310559,target_background,Candida,75,substitution_1pct_N_3pct,target_binary
cspaced_property_l2,logistic,94,2,147,0.4482758620689655,0.3555555555555555,target_background,Candida,75,substitution_1pct_N_3pct,target_binary
ckmer4_count_l2,nearest_centroid,133,5,135,0.2,0.2103921568627451,within_genus_species,Enterobacter,75,substitution_1pct_N_3pct,label
ckmer4_count_l2,logistic,133,5,135,0.15,0.14076923076923076,within_genus_species,Enterobacter,75,substitution_1pct_N_3pct,label
ckmer4_property_l2,nearest_centroid,133,5,146,0.2,0.2103921568627451,within_genus_species,Enterobacter,75,substitution_1pct_N_3pct,label
ckmer4_property_l2,logistic,133,5,146,0.175,0.17704032809295966,within_genus_species,Enterobacter,75,substitution_1pct_N_3pct,label
ck4p_msp,nearest_centroid,133,5,222,0.2,0.2103921568627451,within_genus_species,Enterobacter,75,substitution_1pct_N_3pct,label
ck4p_msp,logistic,133,5,222,0.225,0.22633280032660838,within_genus_species,Enterobacter,75,substitution_1pct_N_3pct,label
ckmer5_count_l2,nearest_centroid,133,5,507,0.175,0.17944444444444443,within_genus_species,Enterobacter,75,substitution_1pct_N_3pct,label
ckmer5_count_l2,logistic,133,5,507,0.175,0.16136363636363638,within_genus_species,Enterobacter,75,substitution_1pct_N_3pct,label
cspaced_property_l2,nearest_centroid,133,5,147,0.175,0.17205882352941176,within_genus_species,Enterobacter,75,substitution_1pct_N_3pct,label
cspaced_property_l2,logistic,133,5,147,0.175,0.16482456140350876,within_genus_species,Enterobacter,75,substitution_1pct_N_3pct,label
ckmer4_count_l2,nearest_centroid,91,2,135,0.5714285714285714,0.475,target_background,Enterobacter,75,substitution_1pct_N_3pct,target_binary
ckmer4_count_l2,logistic,91,2,135,0.5714285714285714,0.475,target_background,Enterobacter,75,substitution_1pct_N_3pct,target_binary
ckmer4_property_l2,nearest_centroid,91,2,146,0.5357142857142857,0.4509803921568627,target_background,Enterobacter,75,substitution_1pct_N_3pct,target_binary
ckmer4_property_l2,logistic,91,2,146,0.5357142857142857,0.4509803921568627,target_background,Enterobacter,75,substitution_1pct_N_3pct,target_binary
ck4p_msp,nearest_centroid,91,2,222,0.5714285714285714,0.475,target_background,Enterobacter,75,substitution_1pct_N_3pct,target_binary
ck4p_msp,logistic,91,2,222,0.5714285714285714,0.475,target_background,Enterobacter,75,substitution_1pct_N_3pct,target_binary
ckmer5_count_l2,nearest_centroid,91,2,505,0.5714285714285714,0.5087719298245614,target_background,Enterobacter,75,substitution_1pct_N_3pct,target_binary
ckmer5_count_l2,logistic,91,2,505,0.5357142857142857,0.408130081300813,target_background,Enterobacter,75,substitution_1pct_N_3pct,target_binary
cspaced_property_l2,nearest_centroid,91,2,147,0.4642857142857143,0.45806451612903226,target_background,Enterobacter,75,substitution_1pct_N_3pct,target_binary
cspaced_property_l2,logistic,91,2,147,0.5714285714285714,0.5508021390374331,target_background,Enterobacter,75,substitution_1pct_N_3pct,target_binary
ckmer4_count_l2,nearest_centroid,52,2,135,0.4375,0.30434782608695654,within_genus_species,Escherichia,75,substitution_1pct_N_3pct,label
ckmer4_count_l2,logistic,52,2,135,0.4375,0.30434782608695654,within_genus_species,Escherichia,75,substitution_1pct_N_3pct,label
ckmer4_property_l2,nearest_centroid,52,2,146,0.4375,0.30434782608695654,within_genus_species,Escherichia,75,substitution_1pct_N_3pct,label
ckmer4_property_l2,logistic,52,2,146,0.5,0.3333333333333333,within_genus_species,Escherichia,75,substitution_1pct_N_3pct,label
ck4p_msp,nearest_centroid,52,2,222,0.4375,0.30434782608695654,within_genus_species,Escherichia,75,substitution_1pct_N_3pct,label
ck4p_msp,logistic,52,2,222,0.5625,0.5465587044534412,within_genus_species,Escherichia,75,substitution_1pct_N_3pct,label
ckmer5_count_l2,nearest_centroid,52,2,501,0.5625,0.5465587044534412,within_genus_species,Escherichia,75,substitution_1pct_N_3pct,label
ckmer5_count_l2,logistic,52,2,501,0.4375,0.30434782608695654,within_genus_species,Escherichia,75,substitution_1pct_N_3pct,label
cspaced_property_l2,nearest_centroid,52,2,147,0.6875,0.6862745098039216,within_genus_species,Escherichia,75,substitution_1pct_N_3pct,label
cspaced_property_l2,logistic,52,2,147,0.5625,0.5465587044534412,within_genus_species,Escherichia,75,substitution_1pct_N_3pct,label
ckmer4_count_l2,nearest_centroid,52,2,135,0.4375,0.30434782608695654,target_background,Escherichia,75,substitution_1pct_N_3pct,target_binary
ckmer4_count_l2,logistic,52,2,135,0.4375,0.30434782608695654,target_background,Escherichia,75,substitution_1pct_N_3pct,target_binary
ckmer4_property_l2,nearest_centroid,52,2,146,0.4375,0.30434782608695654,target_background,Escherichia,75,substitution_1pct_N_3pct,target_binary
ckmer4_property_l2,logistic,52,2,146,0.5,0.3333333333333333,target_background,Escherichia,75,substitution_1pct_N_3pct,target_binary
ck4p_msp,nearest_centroid,52,2,222,0.4375,0.30434782608695654,target_background,Escherichia,75,substitution_1pct_N_3pct,target_binary
ck4p_msp,logistic,52,2,222,0.5625,0.5465587044534412,target_background,Escherichia,75,substitution_1pct_N_3pct,target_binary
ckmer5_count_l2,nearest_centroid,52,2,501,0.5625,0.5465587044534412,target_background,Escherichia,75,substitution_1pct_N_3pct,target_binary
ckmer5_count_l2,logistic,52,2,501,0.4375,0.30434782608695654,target_background,Escherichia,75,substitution_1pct_N_3pct,target_binary
cspaced_property_l2,nearest_centroid,52,2,147,0.6875,0.6862745098039216,target_background,Escherichia,75,substitution_1pct_N_3pct,target_binary
cspaced_property_l2,logistic,52,2,147,0.5625,0.5465587044534412,target_background,Escherichia,75,substitution_1pct_N_3pct,target_binary
ckmer4_count_l2,nearest_centroid,97,3,136,0.23333333333333334,0.23205456095481672,within_genus_species,Klebsiella,75,substitution_1pct_N_3pct,label
ckmer4_count_l2,logistic,97,3,136,0.3333333333333333,0.32621408593948636,within_genus_species,Klebsiella,75,substitution_1pct_N_3pct,label
ckmer4_property_l2,nearest_centroid,97,3,147,0.2,0.20033416875522136,within_genus_species,Klebsiella,75,substitution_1pct_N_3pct,label
ckmer4_property_l2,logistic,97,3,147,0.3,0.2888888888888889,within_genus_species,Klebsiella,75,substitution_1pct_N_3pct,label
ck4p_msp,nearest_centroid,97,3,222,0.3,0.2945134575569358,within_genus_species,Klebsiella,75,substitution_1pct_N_3pct,label
ck4p_msp,logistic,97,3,222,0.23333333333333334,0.21684981684981686,within_genus_species,Klebsiella,75,substitution_1pct_N_3pct,label
ckmer5_count_l2,nearest_centroid,97,3,508,0.36666666666666664,0.3546218487394958,within_genus_species,Klebsiella,75,substitution_1pct_N_3pct,label
ckmer5_count_l2,logistic,97,3,508,0.36666666666666664,0.3361180729601782,within_genus_species,Klebsiella,75,substitution_1pct_N_3pct,label
cspaced_property_l2,nearest_centroid,97,3,147,0.4,0.3971291866028708,within_genus_species,Klebsiella,75,substitution_1pct_N_3pct,label
cspaced_property_l2,logistic,97,3,147,0.3,0.2972739820565908,within_genus_species,Klebsiella,75,substitution_1pct_N_3pct,label
ckmer4_count_l2,nearest_centroid,88,2,136,0.5925925925925926,0.5533834586466165,target_background,Klebsiella,75,substitution_1pct_N_3pct,target_binary
ckmer4_count_l2,logistic,88,2,136,0.5185185185185185,0.39999999999999997,target_background,Klebsiella,75,substitution_1pct_N_3pct,target_binary
ckmer4_property_l2,nearest_centroid,88,2,147,0.5925925925925926,0.5533834586466165,target_background,Klebsiella,75,substitution_1pct_N_3pct,target_binary
ckmer4_property_l2,logistic,88,2,147,0.5555555555555556,0.4214285714285714,target_background,Klebsiella,75,substitution_1pct_N_3pct,target_binary
ck4p_msp,nearest_centroid,88,2,222,0.5555555555555556,0.5,target_background,Klebsiella,75,substitution_1pct_N_3pct,target_binary
ck4p_msp,logistic,88,2,222,0.6666666666666666,0.5846153846153846,target_background,Klebsiella,75,substitution_1pct_N_3pct,target_binary
ckmer5_count_l2,nearest_centroid,88,2,506,0.5185185185185185,0.34146341463414637,target_background,Klebsiella,75,substitution_1pct_N_3pct,target_binary
ckmer5_count_l2,logistic,88,2,506,0.5555555555555556,0.35714285714285715,target_background,Klebsiella,75,substitution_1pct_N_3pct,target_binary
cspaced_property_l2,nearest_centroid,88,2,147,0.6666666666666666,0.6136724960254372,target_background,Klebsiella,75,substitution_1pct_N_3pct,target_binary
cspaced_property_l2,logistic,88,2,147,0.6296296296296297,0.38636363636363635,target_background,Klebsiella,75,substitution_1pct_N_3pct,target_binary
ckmer4_count_l2,nearest_centroid,123,4,136,0.2702702702702703,0.2517094017094017,within_genus_species,Acinetobacter,100,clean,label
ckmer4_count_l2,logistic,123,4,136,0.32432432432432434,0.29639589169000935,within_genus_species,Acinetobacter,100,clean,label
ckmer4_property_l2,nearest_centroid,123,4,147,0.2972972972972973,0.27748216695585115,within_genus_species,Acinetobacter,100,clean,label
ckmer4_property_l2,logistic,123,4,147,0.35135135135135137,0.32680555555555557,within_genus_species,Acinetobacter,100,clean,label
ck4p_msp,nearest_centroid,123,4,222,0.2702702702702703,0.2517094017094017,within_genus_species,Acinetobacter,100,clean,label
ck4p_msp,logistic,123,4,222,0.32432432432432434,0.30212418300653593,within_genus_species,Acinetobacter,100,clean,label
ckmer5_count_l2,nearest_centroid,123,4,512,0.2972972972972973,0.26885100682741336,within_genus_species,Acinetobacter,100,clean,label
ckmer5_count_l2,logistic,123,4,512,0.2972972972972973,0.2781746031746032,within_genus_species,Acinetobacter,100,clean,label
cspaced_property_l2,nearest_centroid,123,4,147,0.32432432432432434,0.3198067632850241,within_genus_species,Acinetobacter,100,clean,label
cspaced_property_l2,logistic,123,4,147,0.3783783783783784,0.3654817404817405,within_genus_species,Acinetobacter,100,clean,label
ckmer4_count_l2,nearest_centroid,77,3,135,0.5,0.4985883681535855,within_genus_species,Burkholderia,100,clean,label
ckmer4_count_l2,logistic,77,3,135,0.2916666666666667,0.27433780529755764,within_genus_species,Burkholderia,100,clean,label
ckmer4_property_l2,nearest_centroid,77,3,146,0.5,0.4985883681535855,within_genus_species,Burkholderia,100,clean,label
ckmer4_property_l2,logistic,77,3,146,0.2916666666666667,0.27433780529755764,within_genus_species,Burkholderia,100,clean,label
ck4p_msp,nearest_centroid,77,3,222,0.5,0.4985883681535855,within_genus_species,Burkholderia,100,clean,label
ck4p_msp,logistic,77,3,222,0.4166666666666667,0.40300269905533065,within_genus_species,Burkholderia,100,clean,label
ckmer5_count_l2,nearest_centroid,77,3,482,0.4166666666666667,0.40552584670231734,within_genus_species,Burkholderia,100,clean,label
ckmer5_count_l2,logistic,77,3,482,0.2916666666666667,0.2028985507246377,within_genus_species,Burkholderia,100,clean,label
cspaced_property_l2,nearest_centroid,77,3,147,0.2916666666666667,0.3148148148148148,within_genus_species,Burkholderia,100,clean,label
cspaced_property_l2,logistic,77,3,147,0.3333333333333333,0.33431372549019606,within_genus_species,Burkholderia,100,clean,label
ckmer4_count_l2,nearest_centroid,77,2,135,0.5416666666666666,0.4666666666666667,target_background,Burkholderia,100,clean,target_binary
ckmer4_count_l2,logistic,77,2,135,0.4583333333333333,0.3696969696969697,target_background,Burkholderia,100,clean,target_binary
ckmer4_property_l2,nearest_centroid,77,2,145,0.5,0.4375,target_background,Burkholderia,100,clean,target_binary
ckmer4_property_l2,logistic,77,2,145,0.4583333333333333,0.3696969696969697,target_background,Burkholderia,100,clean,target_binary
ck4p_msp,nearest_centroid,77,2,222,0.5416666666666666,0.4666666666666667,target_background,Burkholderia,100,clean,target_binary
ck4p_msp,logistic,77,2,222,0.5416666666666666,0.4666666666666667,target_background,Burkholderia,100,clean,target_binary
ckmer5_count_l2,nearest_centroid,77,2,482,0.5416666666666666,0.4197802197802198,target_background,Burkholderia,100,clean,target_binary
ckmer5_count_l2,logistic,77,2,482,0.5416666666666666,0.4197802197802198,target_background,Burkholderia,100,clean,target_binary
cspaced_property_l2,nearest_centroid,77,2,146,0.6666666666666666,0.5966386554621849,target_background,Burkholderia,100,clean,target_binary
cspaced_property_l2,logistic,77,2,146,0.75,0.71875,target_background,Burkholderia,100,clean,target_binary
ckmer4_count_l2,nearest_centroid,119,4,136,0.4166666666666667,0.4111443381180223,within_genus_species,Candida,100,clean,label
ckmer4_count_l2,logistic,119,4,136,0.3055555555555556,0.2889952153110048,within_genus_species,Candida,100,clean,label
ckmer4_property_l2,nearest_centroid,119,4,147,0.4166666666666667,0.4111443381180223,within_genus_species,Candida,100,clean,label
ckmer4_property_l2,logistic,119,4,147,0.3888888888888889,0.367509683299157,within_genus_species,Candida,100,clean,label
ck4p_msp,nearest_centroid,119,4,222,0.4166666666666667,0.4111443381180223,within_genus_species,Candida,100,clean,label
ck4p_msp,logistic,119,4,222,0.3055555555555556,0.30054195591279986,within_genus_species,Candida,100,clean,label
ckmer5_count_l2,nearest_centroid,119,4,512,0.4166666666666667,0.41547619047619044,within_genus_species,Candida,100,clean,label
ckmer5_count_l2,logistic,119,4,512,0.4722222222222222,0.4687101275917065,within_genus_species,Candida,100,clean,label
cspaced_property_l2,nearest_centroid,119,4,147,0.4444444444444444,0.4350877192982456,within_genus_species,Candida,100,clean,label
cspaced_property_l2,logistic,119,4,147,0.3333333333333333,0.32748538011695905,within_genus_species,Candida,100,clean,label
ckmer4_count_l2,nearest_centroid,89,2,136,0.5925925925925926,0.49230769230769234,target_background,Candida,100,clean,target_binary
ckmer4_count_l2,logistic,89,2,136,0.5555555555555556,0.46710526315789475,target_background,Candida,100,clean,target_binary
ckmer4_property_l2,nearest_centroid,89,2,147,0.5925925925925926,0.49230769230769234,target_background,Candida,100,clean,target_binary
ckmer4_property_l2,logistic,89,2,147,0.5555555555555556,0.46710526315789475,target_background,Candida,100,clean,target_binary
ck4p_msp,nearest_centroid,89,2,222,0.5925925925925926,0.49230769230769234,target_background,Candida,100,clean,target_binary
ck4p_msp,logistic,89,2,222,0.48148148148148145,0.325,target_background,Candida,100,clean,target_binary
ckmer5_count_l2,nearest_centroid,89,2,510,0.5185185185185185,0.34146341463414637,target_background,Candida,100,clean,target_binary
ckmer5_count_l2,logistic,89,2,510,0.7037037037037037,0.6447368421052632,target_background,Candida,100,clean,target_binary
cspaced_property_l2,nearest_centroid,89,2,147,0.5555555555555556,0.5,target_background,Candida,100,clean,target_binary
cspaced_property_l2,logistic,89,2,147,0.5185185185185185,0.39999999999999997,target_background,Candida,100,clean,target_binary
ckmer4_count_l2,nearest_centroid,138,5,136,0.19047619047619047,0.17015873015873012,within_genus_species,Enterobacter,100,clean,label
ckmer4_count_l2,logistic,138,5,136,0.21428571428571427,0.17744360902255638,within_genus_species,Enterobacter,100,clean,label
ckmer4_property_l2,nearest_centroid,138,5,146,0.21428571428571427,0.18781954887218047,within_genus_species,Enterobacter,100,clean,label
ckmer4_property_l2,logistic,138,5,146,0.21428571428571427,0.18227654698242932,within_genus_species,Enterobacter,100,clean,label
ck4p_msp,nearest_centroid,138,5,222,0.19047619047619047,0.16924369747899157,within_genus_species,Enterobacter,100,clean,label
ck4p_msp,logistic,138,5,222,0.21428571428571427,0.18529079616036137,within_genus_species,Enterobacter,100,clean,label
ckmer5_count_l2,nearest_centroid,138,5,511,0.16666666666666666,0.12476767676767678,within_genus_species,Enterobacter,100,clean,label
ckmer5_count_l2,logistic,138,5,511,0.21428571428571427,0.16331738437001592,within_genus_species,Enterobacter,100,clean,label
cspaced_property_l2,nearest_centroid,138,5,147,0.16666666666666666,0.15014354066985647,within_genus_species,Enterobacter,100,clean,label
cspaced_property_l2,logistic,138,5,147,0.21428571428571427,0.1752136752136752,within_genus_species,Enterobacter,100,clean,label
ckmer4_count_l2,nearest_centroid,89,2,136,0.5925925925925926,0.5533834586466165,target_background,Enterobacter,100,clean,target_binary
ckmer4_count_l2,logistic,89,2,136,0.48148148148148145,0.4441176470588235,target_background,Enterobacter,100,clean,target_binary
ckmer4_property_l2,nearest_centroid,89,2,147,0.6296296296296297,0.5833333333333333,target_background,Enterobacter,100,clean,target_binary
ckmer4_property_l2,logistic,89,2,147,0.5185185185185185,0.47218045112781953,target_background,Enterobacter,100,clean,target_binary
ck4p_msp,nearest_centroid,89,2,222,0.6296296296296297,0.5833333333333333,target_background,Enterobacter,100,clean,target_binary
ck4p_msp,logistic,89,2,222,0.6666666666666666,0.6345864661654135,target_background,Enterobacter,100,clean,target_binary
ckmer5_count_l2,nearest_centroid,89,2,511,0.6296296296296297,0.555921052631579,target_background,Enterobacter,100,clean,target_binary
ckmer5_count_l2,logistic,89,2,511,0.5555555555555556,0.4214285714285714,target_background,Enterobacter,100,clean,target_binary
cspaced_property_l2,nearest_centroid,89,2,147,0.5925925925925926,0.5278219395866455,target_background,Enterobacter,100,clean,target_binary
cspaced_property_l2,logistic,89,2,147,0.7407407407407407,0.676923076923077,target_background,Enterobacter,100,clean,target_binary
ckmer4_count_l2,nearest_centroid,69,2,136,0.6190476190476191,0.6111111111111112,within_genus_species,Escherichia,100,clean,label
ckmer4_count_l2,logistic,69,2,136,0.5714285714285714,0.5675057208237986,within_genus_species,Escherichia,100,clean,label
ckmer4_property_l2,nearest_centroid,69,2,147,0.6190476190476191,0.6111111111111112,within_genus_species,Escherichia,100,clean,label
ckmer4_property_l2,logistic,69,2,147,0.5238095238095238,0.5227272727272727,within_genus_species,Escherichia,100,clean,label
ck4p_msp,nearest_centroid,69,2,222,0.6190476190476191,0.6111111111111112,within_genus_species,Escherichia,100,clean,label
ck4p_msp,logistic,69,2,222,0.5238095238095238,0.5138888888888888,within_genus_species,Escherichia,100,clean,label
ckmer5_count_l2,nearest_centroid,69,2,510,0.5714285714285714,0.5675057208237986,within_genus_species,Escherichia,100,clean,label
ckmer5_count_l2,logistic,69,2,510,0.5714285714285714,0.5675057208237986,within_genus_species,Escherichia,100,clean,label
cspaced_property_l2,nearest_centroid,69,2,147,0.42857142857142855,0.41666666666666663,within_genus_species,Escherichia,100,clean,label
cspaced_property_l2,logistic,69,2,147,0.38095238095238093,0.38095238095238093,within_genus_species,Escherichia,100,clean,label
ckmer4_count_l2,nearest_centroid,69,2,136,0.6190476190476191,0.6111111111111112,target_background,Escherichia,100,clean,target_binary
ckmer4_count_l2,logistic,69,2,136,0.5714285714285714,0.5675057208237986,target_background,Escherichia,100,clean,target_binary
ckmer4_property_l2,nearest_centroid,69,2,147,0.6190476190476191,0.6111111111111112,target_background,Escherichia,100,clean,target_binary
ckmer4_property_l2,logistic,69,2,147,0.5238095238095238,0.5227272727272727,target_background,Escherichia,100,clean,target_binary
ck4p_msp,nearest_centroid,69,2,222,0.6190476190476191,0.6111111111111112,target_background,Escherichia,100,clean,target_binary
ck4p_msp,logistic,69,2,222,0.5238095238095238,0.5138888888888888,target_background,Escherichia,100,clean,target_binary
ckmer5_count_l2,nearest_centroid,69,2,510,0.5714285714285714,0.5675057208237986,target_background,Escherichia,100,clean,target_binary
ckmer5_count_l2,logistic,69,2,510,0.5714285714285714,0.5675057208237986,target_background,Escherichia,100,clean,target_binary
cspaced_property_l2,nearest_centroid,69,2,147,0.42857142857142855,0.41666666666666663,target_background,Escherichia,100,clean,target_binary
cspaced_property_l2,logistic,69,2,147,0.38095238095238093,0.38095238095238093,target_background,Escherichia,100,clean,target_binary
ckmer4_count_l2,nearest_centroid,74,3,136,0.21739130434782608,0.21616161616161614,within_genus_species,Klebsiella,100,clean,label
ckmer4_count_l2,logistic,74,3,136,0.17391304347826086,0.1693121693121693,within_genus_species,Klebsiella,100,clean,label
ckmer4_property_l2,nearest_centroid,74,3,147,0.17391304347826086,0.1692307692307692,within_genus_species,Klebsiella,100,clean,label
ckmer4_property_l2,logistic,74,3,147,0.17391304347826086,0.1698005698005698,within_genus_species,Klebsiella,100,clean,label
ck4p_msp,nearest_centroid,74,3,222,0.21739130434782608,0.21616161616161614,within_genus_species,Klebsiella,100,clean,label
ck4p_msp,logistic,74,3,222,0.13043478260869565,0.13276353276353275,within_genus_species,Klebsiella,100,clean,label
ckmer5_count_l2,nearest_centroid,74,3,509,0.08695652173913043,0.08270676691729323,within_genus_species,Klebsiella,100,clean,label
ckmer5_count_l2,logistic,74,3,509,0.17391304347826086,0.1726190476190476,within_genus_species,Klebsiella,100,clean,label
cspaced_property_l2,nearest_centroid,74,3,147,0.34782608695652173,0.35642135642135636,within_genus_species,Klebsiella,100,clean,label
cspaced_property_l2,logistic,74,3,147,0.34782608695652173,0.37136066547831253,within_genus_species,Klebsiella,100,clean,label
ckmer4_count_l2,nearest_centroid,74,2,136,0.6086956521739131,0.5548387096774194,target_background,Klebsiella,100,clean,target_binary
ckmer4_count_l2,logistic,74,2,136,0.5217391304347826,0.486815415821501,target_background,Klebsiella,100,clean,target_binary
ckmer4_property_l2,nearest_centroid,74,2,147,0.5652173913043478,0.48660714285714285,target_background,Klebsiella,100,clean,target_binary
ckmer4_property_l2,logistic,74,2,147,0.4782608695652174,0.45238095238095233,target_background,Klebsiella,100,clean,target_binary
ck4p_msp,nearest_centroid,74,2,222,0.5652173913043478,0.48660714285714285,target_background,Klebsiella,100,clean,target_binary
ck4p_msp,logistic,74,2,222,0.5652173913043478,0.5208333333333333,target_background,Klebsiella,100,clean,target_binary
ckmer5_count_l2,nearest_centroid,74,2,509,0.5652173913043478,0.5208333333333333,target_background,Klebsiella,100,clean,target_binary
ckmer5_count_l2,logistic,74,2,509,0.7391304347826086,0.6617647058823529,target_background,Klebsiella,100,clean,target_binary
cspaced_property_l2,nearest_centroid,74,2,147,0.6086956521739131,0.5174825174825175,target_background,Klebsiella,100,clean,target_binary
cspaced_property_l2,logistic,74,2,147,0.6521739130434783,0.5490196078431372,target_background,Klebsiella,100,clean,target_binary
ckmer4_count_l2,nearest_centroid,123,4,136,0.21621621621621623,0.2101182864450128,within_genus_species,Acinetobacter,100,substitution_1pct,label
ckmer4_count_l2,logistic,123,4,136,0.24324324324324326,0.23134920634920633,within_genus_species,Acinetobacter,100,substitution_1pct,label
ckmer4_property_l2,nearest_centroid,123,4,147,0.21621621621621623,0.21101667211507028,within_genus_species,Acinetobacter,100,substitution_1pct,label
ckmer4_property_l2,logistic,123,4,147,0.24324324324324326,0.22499999999999998,within_genus_species,Acinetobacter,100,substitution_1pct,label
ck4p_msp,nearest_centroid,123,4,222,0.2702702702702703,0.2727804359383307,within_genus_species,Acinetobacter,100,substitution_1pct,label
ck4p_msp,logistic,123,4,222,0.32432432432432434,0.28863636363636364,within_genus_species,Acinetobacter,100,substitution_1pct,label
ckmer5_count_l2,nearest_centroid,123,4,512,0.32432432432432434,0.3166751012145749,within_genus_species,Acinetobacter,100,substitution_1pct,label
ckmer5_count_l2,logistic,123,4,512,0.2702702702702703,0.252262443438914,within_genus_species,Acinetobacter,100,substitution_1pct,label
cspaced_property_l2,nearest_centroid,123,4,147,0.1891891891891892,0.17317193675889328,within_genus_species,Acinetobacter,100,substitution_1pct,label
cspaced_property_l2,logistic,123,4,147,0.3783783783783784,0.36013986013986016,within_genus_species,Acinetobacter,100,substitution_1pct,label
ckmer4_count_l2,nearest_centroid,77,3,136,0.4166666666666667,0.40792540792540793,within_genus_species,Burkholderia,100,substitution_1pct,label
ckmer4_count_l2,logistic,77,3,136,0.375,0.36631016042780756,within_genus_species,Burkholderia,100,substitution_1pct,label
ckmer4_property_l2,nearest_centroid,77,3,147,0.4166666666666667,0.40792540792540793,within_genus_species,Burkholderia,100,substitution_1pct,label
ckmer4_property_l2,logistic,77,3,147,0.3333333333333333,0.3194444444444444,within_genus_species,Burkholderia,100,substitution_1pct,label
ck4p_msp,nearest_centroid,77,3,222,0.4583333333333333,0.4689754689754689,within_genus_species,Burkholderia,100,substitution_1pct,label
ck4p_msp,logistic,77,3,222,0.3333333333333333,0.3185185185185185,within_genus_species,Burkholderia,100,substitution_1pct,label
ckmer5_count_l2,nearest_centroid,77,3,483,0.3333333333333333,0.3316239316239316,within_genus_species,Burkholderia,100,substitution_1pct,label
ckmer5_count_l2,logistic,77,3,483,0.375,0.3533549783549783,within_genus_species,Burkholderia,100,substitution_1pct,label
cspaced_property_l2,nearest_centroid,77,3,147,0.375,0.38544891640866874,within_genus_species,Burkholderia,100,substitution_1pct,label
cspaced_property_l2,logistic,77,3,147,0.3333333333333333,0.2814814814814815,within_genus_species,Burkholderia,100,substitution_1pct,label
ckmer4_count_l2,nearest_centroid,77,2,136,0.5416666666666666,0.4666666666666667,target_background,Burkholderia,100,substitution_1pct,target_binary
ckmer4_count_l2,logistic,77,2,136,0.4583333333333333,0.3696969696969697,target_background,Burkholderia,100,substitution_1pct,target_binary
ckmer4_property_l2,nearest_centroid,77,2,144,0.5416666666666666,0.4666666666666667,target_background,Burkholderia,100,substitution_1pct,target_binary
ckmer4_property_l2,logistic,77,2,144,0.4166666666666667,0.34375,target_background,Burkholderia,100,substitution_1pct,target_binary
ck4p_msp,nearest_centroid,77,2,222,0.5416666666666666,0.4666666666666667,target_background,Burkholderia,100,substitution_1pct,target_binary
ck4p_msp,logistic,77,2,222,0.5,0.4375,target_background,Burkholderia,100,substitution_1pct,target_binary
ckmer5_count_l2,nearest_centroid,77,2,483,0.5833333333333334,0.4444444444444444,target_background,Burkholderia,100,substitution_1pct,target_binary
ckmer5_count_l2,logistic,77,2,483,0.5,0.3333333333333333,target_background,Burkholderia,100,substitution_1pct,target_binary
cspaced_property_l2,nearest_centroid,77,2,146,0.6666666666666666,0.6444444444444444,target_background,Burkholderia,100,substitution_1pct,target_binary
cspaced_property_l2,logistic,77,2,146,0.75,0.71875,target_background,Burkholderia,100,substitution_1pct,target_binary
ckmer4_count_l2,nearest_centroid,119,4,136,0.4166666666666667,0.4151069518716578,within_genus_species,Candida,100,substitution_1pct,label
ckmer4_count_l2,logistic,119,4,136,0.2777777777777778,0.2755952380952381,within_genus_species,Candida,100,substitution_1pct,label
ckmer4_property_l2,nearest_centroid,119,4,147,0.4166666666666667,0.4151069518716578,within_genus_species,Candida,100,substitution_1pct,label
ckmer4_property_l2,logistic,119,4,147,0.3055555555555556,0.29693979266347686,within_genus_species,Candida,100,substitution_1pct,label
ck4p_msp,nearest_centroid,119,4,222,0.4166666666666667,0.4151069518716578,within_genus_species,Candida,100,substitution_1pct,label
ck4p_msp,logistic,119,4,222,0.2777777777777778,0.26734867860187556,within_genus_species,Candida,100,substitution_1pct,label
ckmer5_count_l2,nearest_centroid,119,4,512,0.3888888888888889,0.3883345004668534,within_genus_species,Candida,100,substitution_1pct,label
ckmer5_count_l2,logistic,119,4,512,0.4166666666666667,0.4184995737425405,within_genus_species,Candida,100,substitution_1pct,label
cspaced_property_l2,nearest_centroid,119,4,147,0.4444444444444444,0.42701171377641967,within_genus_species,Candida,100,substitution_1pct,label
cspaced_property_l2,logistic,119,4,147,0.3055555555555556,0.2877612583494936,within_genus_species,Candida,100,substitution_1pct,label
ckmer4_count_l2,nearest_centroid,89,2,136,0.5925925925925926,0.49230769230769234,target_background,Candida,100,substitution_1pct,target_binary
ckmer4_count_l2,logistic,89,2,136,0.6296296296296297,0.5833333333333333,target_background,Candida,100,substitution_1pct,target_binary
ckmer4_property_l2,nearest_centroid,89,2,147,0.5925925925925926,0.49230769230769234,target_background,Candida,100,substitution_1pct,target_binary
ckmer4_property_l2,logistic,89,2,147,0.5185185185185185,0.4419713831478538,target_background,Candida,100,substitution_1pct,target_binary
ck4p_msp,nearest_centroid,89,2,222,0.5925925925925926,0.49230769230769234,target_background,Candida,100,substitution_1pct,target_binary
ck4p_msp,logistic,89,2,222,0.48148148148148145,0.325,target_background,Candida,100,substitution_1pct,target_binary
ckmer5_count_l2,nearest_centroid,89,2,511,0.5925925925925926,0.4427767354596623,target_background,Candida,100,substitution_1pct,target_binary
ckmer5_count_l2,logistic,89,2,511,0.6666666666666666,0.5846153846153846,target_background,Candida,100,substitution_1pct,target_binary
cspaced_property_l2,nearest_centroid,89,2,147,0.5555555555555556,0.5,target_background,Candida,100,substitution_1pct,target_binary
cspaced_property_l2,logistic,89,2,147,0.5925925925925926,0.4427767354596623,target_background,Candida,100,substitution_1pct,target_binary
ckmer4_count_l2,nearest_centroid,138,5,136,0.21428571428571427,0.17482837528604117,within_genus_species,Enterobacter,100,substitution_1pct,label
ckmer4_count_l2,logistic,138,5,136,0.23809523809523808,0.1837860962566845,within_genus_species,Enterobacter,100,substitution_1pct,label
ckmer4_property_l2,nearest_centroid,138,5,147,0.21428571428571427,0.176231884057971,within_genus_species,Enterobacter,100,substitution_1pct,label
ckmer4_property_l2,logistic,138,5,147,0.21428571428571427,0.16879795396419436,within_genus_species,Enterobacter,100,substitution_1pct,label
ck4p_msp,nearest_centroid,138,5,222,0.21428571428571427,0.17482837528604117,within_genus_species,Enterobacter,100,substitution_1pct,label
ck4p_msp,logistic,138,5,222,0.2857142857142857,0.24214779372674106,within_genus_species,Enterobacter,100,substitution_1pct,label
ckmer5_count_l2,nearest_centroid,138,5,512,0.2619047619047619,0.21853754940711462,within_genus_species,Enterobacter,100,substitution_1pct,label
ckmer5_count_l2,logistic,138,5,512,0.2619047619047619,0.21361523466786628,within_genus_species,Enterobacter,100,substitution_1pct,label
cspaced_property_l2,nearest_centroid,138,5,147,0.14285714285714285,0.12161616161616162,within_genus_species,Enterobacter,100,substitution_1pct,label
cspaced_property_l2,logistic,138,5,147,0.2857142857142857,0.20592592592592593,within_genus_species,Enterobacter,100,substitution_1pct,label
ckmer4_count_l2,nearest_centroid,89,2,136,0.6666666666666666,0.6345864661654135,target_background,Enterobacter,100,substitution_1pct,target_binary
ckmer4_count_l2,logistic,89,2,136,0.48148148148148145,0.4441176470588235,target_background,Enterobacter,100,substitution_1pct,target_binary
ckmer4_property_l2,nearest_centroid,89,2,147,0.6666666666666666,0.6345864661654135,target_background,Enterobacter,100,substitution_1pct,target_binary
ckmer4_property_l2,logistic,89,2,147,0.5185185185185185,0.4935064935064935,target_background,Enterobacter,100,substitution_1pct,target_binary
ck4p_msp,nearest_centroid,89,2,222,0.6666666666666666,0.6345864661654135,target_background,Enterobacter,100,substitution_1pct,target_binary
ck4p_msp,logistic,89,2,222,0.6666666666666666,0.6493506493506493,target_background,Enterobacter,100,substitution_1pct,target_binary
ckmer5_count_l2,nearest_centroid,89,2,512,0.6296296296296297,0.555921052631579,target_background,Enterobacter,100,substitution_1pct,target_binary
ckmer5_count_l2,logistic,89,2,512,0.5555555555555556,0.4214285714285714,target_background,Enterobacter,100,substitution_1pct,target_binary
cspaced_property_l2,nearest_centroid,89,2,147,0.7037037037037037,0.6447368421052632,target_background,Enterobacter,100,substitution_1pct,target_binary
cspaced_property_l2,logistic,89,2,147,0.7777777777777778,0.7335526315789473,target_background,Enterobacter,100,substitution_1pct,target_binary
ckmer4_count_l2,nearest_centroid,69,2,136,0.5714285714285714,0.5675057208237986,within_genus_species,Escherichia,100,substitution_1pct,label
ckmer4_count_l2,logistic,69,2,136,0.5714285714285714,0.5714285714285714,within_genus_species,Escherichia,100,substitution_1pct,label
ckmer4_property_l2,nearest_centroid,69,2,147,0.5714285714285714,0.5675057208237986,within_genus_species,Escherichia,100,substitution_1pct,label
ckmer4_property_l2,logistic,69,2,147,0.5714285714285714,0.5714285714285714,within_genus_species,Escherichia,100,substitution_1pct,label
ck4p_msp,nearest_centroid,69,2,222,0.5714285714285714,0.5675057208237986,within_genus_species,Escherichia,100,substitution_1pct,label
ck4p_msp,logistic,69,2,222,0.6190476190476191,0.6181818181818182,within_genus_species,Escherichia,100,substitution_1pct,label
ckmer5_count_l2,nearest_centroid,69,2,510,0.6666666666666666,0.6666666666666666,within_genus_species,Escherichia,100,substitution_1pct,label
ckmer5_count_l2,logistic,69,2,510,0.5238095238095238,0.5138888888888888,within_genus_species,Escherichia,100,substitution_1pct,label
cspaced_property_l2,nearest_centroid,69,2,147,0.42857142857142855,0.41666666666666663,within_genus_species,Escherichia,100,substitution_1pct,label
cspaced_property_l2,logistic,69,2,147,0.47619047619047616,0.47619047619047616,within_genus_species,Escherichia,100,substitution_1pct,label
ckmer4_count_l2,nearest_centroid,69,2,136,0.5714285714285714,0.5675057208237986,target_background,Escherichia,100,substitution_1pct,target_binary
ckmer4_count_l2,logistic,69,2,136,0.5714285714285714,0.5714285714285714,target_background,Escherichia,100,substitution_1pct,target_binary
ckmer4_property_l2,nearest_centroid,69,2,147,0.5714285714285714,0.5675057208237986,target_background,Escherichia,100,substitution_1pct,target_binary
ckmer4_property_l2,logistic,69,2,147,0.5714285714285714,0.5714285714285714,target_background,Escherichia,100,substitution_1pct,target_binary
ck4p_msp,nearest_centroid,69,2,222,0.5714285714285714,0.5675057208237986,target_background,Escherichia,100,substitution_1pct,target_binary
ck4p_msp,logistic,69,2,222,0.6190476190476191,0.6181818181818182,target_background,Escherichia,100,substitution_1pct,target_binary
ckmer5_count_l2,nearest_centroid,69,2,510,0.6666666666666666,0.6666666666666666,target_background,Escherichia,100,substitution_1pct,target_binary
ckmer5_count_l2,logistic,69,2,510,0.5238095238095238,0.5138888888888888,target_background,Escherichia,100,substitution_1pct,target_binary
cspaced_property_l2,nearest_centroid,69,2,147,0.42857142857142855,0.41666666666666663,target_background,Escherichia,100,substitution_1pct,target_binary
cspaced_property_l2,logistic,69,2,147,0.47619047619047616,0.47619047619047616,target_background,Escherichia,100,substitution_1pct,target_binary
ckmer4_count_l2,nearest_centroid,74,3,136,0.2608695652173913,0.25384615384615383,within_genus_species,Klebsiella,100,substitution_1pct,label
ckmer4_count_l2,logistic,74,3,136,0.30434782608695654,0.2698412698412698,within_genus_species,Klebsiella,100,substitution_1pct,label
ckmer4_property_l2,nearest_centroid,74,3,147,0.21739130434782608,0.20279720279720279,within_genus_species,Klebsiella,100,substitution_1pct,label
ckmer4_property_l2,logistic,74,3,147,0.30434782608695654,0.27433969539232694,within_genus_species,Klebsiella,100,substitution_1pct,label
ck4p_msp,nearest_centroid,74,3,222,0.21739130434782608,0.20207570207570205,within_genus_species,Klebsiella,100,substitution_1pct,label
ck4p_msp,logistic,74,3,222,0.34782608695652173,0.31684981684981683,within_genus_species,Klebsiella,100,substitution_1pct,label
ckmer5_count_l2,nearest_centroid,74,3,510,0.13043478260869565,0.11428571428571428,within_genus_species,Klebsiella,100,substitution_1pct,label
ckmer5_count_l2,logistic,74,3,510,0.21739130434782608,0.2203585887796414,within_genus_species,Klebsiella,100,substitution_1pct,label
cspaced_property_l2,nearest_centroid,74,3,147,0.30434782608695654,0.28083028083028083,within_genus_species,Klebsiella,100,substitution_1pct,label
cspaced_property_l2,logistic,74,3,147,0.391304347826087,0.3988095238095238,within_genus_species,Klebsiella,100,substitution_1pct,label
ckmer4_count_l2,nearest_centroid,74,2,136,0.5652173913043478,0.48660714285714285,target_background,Klebsiella,100,substitution_1pct,target_binary
ckmer4_count_l2,logistic,74,2,136,0.4782608695652174,0.45238095238095233,target_background,Klebsiella,100,substitution_1pct,target_binary
ckmer4_property_l2,nearest_centroid,74,2,147,0.5652173913043478,0.48660714285714285,target_background,Klebsiella,100,substitution_1pct,target_binary
ckmer4_property_l2,logistic,74,2,147,0.4782608695652174,0.45238095238095233,target_background,Klebsiella,100,substitution_1pct,target_binary
ck4p_msp,nearest_centroid,74,2,222,0.5652173913043478,0.48660714285714285,target_background,Klebsiella,100,substitution_1pct,target_binary
ck4p_msp,logistic,74,2,222,0.4782608695652174,0.45238095238095233,target_background,Klebsiella,100,substitution_1pct,target_binary
ckmer5_count_l2,nearest_centroid,74,2,510,0.6086956521739131,0.5174825174825175,target_background,Klebsiella,100,substitution_1pct,target_binary
ckmer5_count_l2,logistic,74,2,510,0.6956521739130435,0.6247086247086246,target_background,Klebsiella,100,substitution_1pct,target_binary
cspaced_property_l2,nearest_centroid,74,2,147,0.5217391304347826,0.4559139784946237,target_background,Klebsiella,100,substitution_1pct,target_binary
cspaced_property_l2,logistic,74,2,147,0.6086956521739131,0.5174825174825175,target_background,Klebsiella,100,substitution_1pct,target_binary
ckmer4_count_l2,nearest_centroid,123,4,136,0.2702702702702703,0.24666666666666665,within_genus_species,Acinetobacter,100,N_3pct,label
ckmer4_count_l2,logistic,123,4,136,0.3783783783783784,0.33571428571428574,within_genus_species,Acinetobacter,100,N_3pct,label
ckmer4_property_l2,nearest_centroid,123,4,147,0.32432432432432434,0.2932867132867133,within_genus_species,Acinetobacter,100,N_3pct,label
ckmer4_property_l2,logistic,123,4,147,0.35135135135135137,0.30049019607843136,within_genus_species,Acinetobacter,100,N_3pct,label
ck4p_msp,nearest_centroid,123,4,222,0.2702702702702703,0.24666666666666665,within_genus_species,Acinetobacter,100,N_3pct,label
ck4p_msp,logistic,123,4,222,0.2702702702702703,0.2285200179937022,within_genus_species,Acinetobacter,100,N_3pct,label
ckmer5_count_l2,nearest_centroid,123,4,512,0.2702702702702703,0.22647467475053681,within_genus_species,Acinetobacter,100,N_3pct,label
ckmer5_count_l2,logistic,123,4,512,0.35135135135135137,0.3183845029239766,within_genus_species,Acinetobacter,100,N_3pct,label
cspaced_property_l2,nearest_centroid,123,4,147,0.2702702702702703,0.2590909090909091,within_genus_species,Acinetobacter,100,N_3pct,label
cspaced_property_l2,logistic,123,4,147,0.2702702702702703,0.24630713489409142,within_genus_species,Acinetobacter,100,N_3pct,label
ckmer4_count_l2,nearest_centroid,77,3,135,0.5,0.5,within_genus_species,Burkholderia,100,N_3pct,label
ckmer4_count_l2,logistic,77,3,135,0.3333333333333333,0.28213815170336914,within_genus_species,Burkholderia,100,N_3pct,label
ckmer4_property_l2,nearest_centroid,77,3,146,0.4583333333333333,0.4666666666666666,within_genus_species,Burkholderia,100,N_3pct,label
ckmer4_property_l2,logistic,77,3,146,0.375,0.3405483405483405,within_genus_species,Burkholderia,100,N_3pct,label
ck4p_msp,nearest_centroid,77,3,222,0.4583333333333333,0.4447415329768271,within_genus_species,Burkholderia,100,N_3pct,label
ck4p_msp,logistic,77,3,222,0.4166666666666667,0.38827838827838823,within_genus_species,Burkholderia,100,N_3pct,label
ckmer5_count_l2,nearest_centroid,77,3,478,0.4166666666666667,0.40494227994227994,within_genus_species,Burkholderia,100,N_3pct,label
ckmer5_count_l2,logistic,77,3,478,0.4166666666666667,0.33411033411033414,within_genus_species,Burkholderia,100,N_3pct,label
cspaced_property_l2,nearest_centroid,77,3,146,0.4166666666666667,0.43279857397504456,within_genus_species,Burkholderia,100,N_3pct,label
cspaced_property_l2,logistic,77,3,146,0.375,0.35829959514170034,within_genus_species,Burkholderia,100,N_3pct,label
ckmer4_count_l2,nearest_centroid,77,2,135,0.5,0.4666666666666667,target_background,Burkholderia,100,N_3pct,target_binary
ckmer4_count_l2,logistic,77,2,135,0.5416666666666666,0.4990512333965844,target_background,Burkholderia,100,N_3pct,target_binary
ckmer4_property_l2,nearest_centroid,77,2,145,0.5,0.4666666666666667,target_background,Burkholderia,100,N_3pct,target_binary
ckmer4_property_l2,logistic,77,2,145,0.5416666666666666,0.4990512333965844,target_background,Burkholderia,100,N_3pct,target_binary
ck4p_msp,nearest_centroid,77,2,222,0.5,0.4666666666666667,target_background,Burkholderia,100,N_3pct,target_binary
ck4p_msp,logistic,77,2,222,0.5,0.4375,target_background,Burkholderia,100,N_3pct,target_binary
ckmer5_count_l2,nearest_centroid,77,2,478,0.5416666666666666,0.4666666666666667,target_background,Burkholderia,100,N_3pct,target_binary
ckmer5_count_l2,logistic,77,2,478,0.5,0.4375,target_background,Burkholderia,100,N_3pct,target_binary
cspaced_property_l2,nearest_centroid,77,2,146,0.75,0.6974789915966386,target_background,Burkholderia,100,N_3pct,target_binary
cspaced_property_l2,logistic,77,2,146,0.6666666666666666,0.625,target_background,Burkholderia,100,N_3pct,target_binary
ckmer4_count_l2,nearest_centroid,119,4,136,0.3611111111111111,0.36185116539134576,within_genus_species,Candida,100,N_3pct,label
ckmer4_count_l2,logistic,119,4,136,0.3611111111111111,0.3599567099567099,within_genus_species,Candida,100,N_3pct,label
ckmer4_property_l2,nearest_centroid,119,4,147,0.3333333333333333,0.3302175942840905,within_genus_species,Candida,100,N_3pct,label
ckmer4_property_l2,logistic,119,4,147,0.2777777777777778,0.26458810068649885,within_genus_species,Candida,100,N_3pct,label
ck4p_msp,nearest_centroid,119,4,222,0.3333333333333333,0.33393036701860235,within_genus_species,Candida,100,N_3pct,label
ck4p_msp,logistic,119,4,222,0.3055555555555556,0.30846638655462183,within_genus_species,Candida,100,N_3pct,label
ckmer5_count_l2,nearest_centroid,119,4,511,0.4166666666666667,0.41904761904761906,within_genus_species,Candida,100,N_3pct,label
ckmer5_count_l2,logistic,119,4,511,0.3611111111111111,0.37285714285714283,within_genus_species,Candida,100,N_3pct,label
cspaced_property_l2,nearest_centroid,119,4,147,0.3611111111111111,0.33684210526315794,within_genus_species,Candida,100,N_3pct,label
cspaced_property_l2,logistic,119,4,147,0.3055555555555556,0.28712154718346666,within_genus_species,Candida,100,N_3pct,label
ckmer4_count_l2,nearest_centroid,89,2,136,0.5555555555555556,0.4214285714285714,target_background,Candida,100,N_3pct,target_binary
ckmer4_count_l2,logistic,89,2,136,0.5925925925925926,0.4427767354596623,target_background,Candida,100,N_3pct,target_binary
ckmer4_property_l2,nearest_centroid,89,2,147,0.5925925925925926,0.4427767354596623,target_background,Candida,100,N_3pct,target_binary
ckmer4_property_l2,logistic,89,2,147,0.5925925925925926,0.4427767354596623,target_background,Candida,100,N_3pct,target_binary
ck4p_msp,nearest_centroid,89,2,222,0.5555555555555556,0.4214285714285714,target_background,Candida,100,N_3pct,target_binary
ck4p_msp,logistic,89,2,222,0.5555555555555556,0.35714285714285715,target_background,Candida,100,N_3pct,target_binary
ckmer5_count_l2,nearest_centroid,89,2,509,0.6296296296296297,0.46428571428571425,target_background,Candida,100,N_3pct,target_binary
ckmer5_count_l2,logistic,89,2,509,0.6296296296296297,0.5178571428571428,target_background,Candida,100,N_3pct,target_binary
cspaced_property_l2,nearest_centroid,89,2,147,0.5925925925925926,0.5278219395866455,target_background,Candida,100,N_3pct,target_binary
cspaced_property_l2,logistic,89,2,147,0.5185185185185185,0.39999999999999997,target_background,Candida,100,N_3pct,target_binary
ckmer4_count_l2,nearest_centroid,138,5,136,0.14285714285714285,0.11819548872180449,within_genus_species,Enterobacter,100,N_3pct,label
ckmer4_count_l2,logistic,138,5,136,0.2619047619047619,0.22199847444698703,within_genus_species,Enterobacter,100,N_3pct,label
ckmer4_property_l2,nearest_centroid,138,5,146,0.11904761904761904,0.10020050125313282,within_genus_species,Enterobacter,100,N_3pct,label
ckmer4_property_l2,logistic,138,5,146,0.2619047619047619,0.22169772256728776,within_genus_species,Enterobacter,100,N_3pct,label
ck4p_msp,nearest_centroid,138,5,222,0.14285714285714285,0.11819548872180449,within_genus_species,Enterobacter,100,N_3pct,label
ck4p_msp,logistic,138,5,222,0.14285714285714285,0.10989304812834225,within_genus_species,Enterobacter,100,N_3pct,label
ckmer5_count_l2,nearest_centroid,138,5,510,0.14285714285714285,0.10434782608695652,within_genus_species,Enterobacter,100,N_3pct,label
ckmer5_count_l2,logistic,138,5,510,0.21428571428571427,0.15478260869565216,within_genus_species,Enterobacter,100,N_3pct,label
cspaced_property_l2,nearest_centroid,138,5,147,0.19047619047619047,0.14724310776942356,within_genus_species,Enterobacter,100,N_3pct,label
cspaced_property_l2,logistic,138,5,147,0.21428571428571427,0.16352941176470587,within_genus_species,Enterobacter,100,N_3pct,label
ckmer4_count_l2,nearest_centroid,89,2,136,0.5185185185185185,0.47218045112781953,target_background,Enterobacter,100,N_3pct,target_binary
ckmer4_count_l2,logistic,89,2,136,0.6296296296296297,0.5833333333333333,target_background,Enterobacter,100,N_3pct,target_binary
ckmer4_property_l2,nearest_centroid,89,2,147,0.5185185185185185,0.47218045112781953,target_background,Enterobacter,100,N_3pct,target_binary
ckmer4_property_l2,logistic,89,2,147,0.5925925925925926,0.5278219395866455,target_background,Enterobacter,100,N_3pct,target_binary
ck4p_msp,nearest_centroid,89,2,222,0.5185185185185185,0.47218045112781953,target_background,Enterobacter,100,N_3pct,target_binary
ck4p_msp,logistic,89,2,222,0.7037037037037037,0.6666666666666667,target_background,Enterobacter,100,N_3pct,target_binary
ckmer5_count_l2,nearest_centroid,89,2,509,0.6296296296296297,0.555921052631579,target_background,Enterobacter,100,N_3pct,target_binary
ckmer5_count_l2,logistic,89,2,509,0.5925925925925926,0.49230769230769234,target_background,Enterobacter,100,N_3pct,target_binary
cspaced_property_l2,nearest_centroid,89,2,147,0.5925925925925926,0.5278219395866455,target_background,Enterobacter,100,N_3pct,target_binary
cspaced_property_l2,logistic,89,2,147,0.6296296296296297,0.555921052631579,target_background,Enterobacter,100,N_3pct,target_binary
ckmer4_count_l2,nearest_centroid,69,2,136,0.6190476190476191,0.6111111111111112,within_genus_species,Escherichia,100,N_3pct,label
ckmer4_count_l2,logistic,69,2,136,0.6190476190476191,0.6181818181818182,within_genus_species,Escherichia,100,N_3pct,label
ckmer4_property_l2,nearest_centroid,69,2,147,0.6190476190476191,0.6111111111111112,within_genus_species,Escherichia,100,N_3pct,label
ckmer4_property_l2,logistic,69,2,147,0.5714285714285714,0.5714285714285714,within_genus_species,Escherichia,100,N_3pct,label
ck4p_msp,nearest_centroid,69,2,222,0.6190476190476191,0.6111111111111112,within_genus_species,Escherichia,100,N_3pct,label
ck4p_msp,logistic,69,2,222,0.5714285714285714,0.5675057208237986,within_genus_species,Escherichia,100,N_3pct,label
ckmer5_count_l2,nearest_centroid,69,2,509,0.5238095238095238,0.5227272727272727,within_genus_species,Escherichia,100,N_3pct,label
ckmer5_count_l2,logistic,69,2,509,0.6666666666666666,0.6666666666666666,within_genus_species,Escherichia,100,N_3pct,label
cspaced_property_l2,nearest_centroid,69,2,147,0.42857142857142855,0.41666666666666663,within_genus_species,Escherichia,100,N_3pct,label
cspaced_property_l2,logistic,69,2,147,0.5238095238095238,0.5227272727272727,within_genus_species,Escherichia,100,N_3pct,label
ckmer4_count_l2,nearest_centroid,69,2,136,0.6190476190476191,0.6111111111111112,target_background,Escherichia,100,N_3pct,target_binary
ckmer4_count_l2,logistic,69,2,136,0.6190476190476191,0.6181818181818182,target_background,Escherichia,100,N_3pct,target_binary
ckmer4_property_l2,nearest_centroid,69,2,147,0.6190476190476191,0.6111111111111112,target_background,Escherichia,100,N_3pct,target_binary
ckmer4_property_l2,logistic,69,2,147,0.5714285714285714,0.5714285714285714,target_background,Escherichia,100,N_3pct,target_binary
ck4p_msp,nearest_centroid,69,2,222,0.6190476190476191,0.6111111111111112,target_background,Escherichia,100,N_3pct,target_binary
ck4p_msp,logistic,69,2,222,0.5714285714285714,0.5675057208237986,target_background,Escherichia,100,N_3pct,target_binary
ckmer5_count_l2,nearest_centroid,69,2,509,0.5238095238095238,0.5227272727272727,target_background,Escherichia,100,N_3pct,target_binary
ckmer5_count_l2,logistic,69,2,509,0.6666666666666666,0.6666666666666666,target_background,Escherichia,100,N_3pct,target_binary
cspaced_property_l2,nearest_centroid,69,2,147,0.42857142857142855,0.41666666666666663,target_background,Escherichia,100,N_3pct,target_binary
cspaced_property_l2,logistic,69,2,147,0.5238095238095238,0.5227272727272727,target_background,Escherichia,100,N_3pct,target_binary
ckmer4_count_l2,nearest_centroid,74,3,136,0.21739130434782608,0.21411483253588517,within_genus_species,Klebsiella,100,N_3pct,label
ckmer4_count_l2,logistic,74,3,136,0.13043478260869565,0.1369047619047619,within_genus_species,Klebsiella,100,N_3pct,label
ckmer4_property_l2,nearest_centroid,74,3,147,0.21739130434782608,0.21616161616161614,within_genus_species,Klebsiella,100,N_3pct,label
ckmer4_property_l2,logistic,74,3,147,0.17391304347826086,0.1726190476190476,within_genus_species,Klebsiella,100,N_3pct,label
ck4p_msp,nearest_centroid,74,3,222,0.21739130434782608,0.21411483253588517,within_genus_species,Klebsiella,100,N_3pct,label
ck4p_msp,logistic,74,3,222,0.21739130434782608,0.2181139122315593,within_genus_species,Klebsiella,100,N_3pct,label
ckmer5_count_l2,nearest_centroid,74,3,505,0.17391304347826086,0.1503267973856209,within_genus_species,Klebsiella,100,N_3pct,label
ckmer5_count_l2,logistic,74,3,505,0.30434782608695654,0.30277777777777776,within_genus_species,Klebsiella,100,N_3pct,label
cspaced_property_l2,nearest_centroid,74,3,147,0.391304347826087,0.395906432748538,within_genus_species,Klebsiella,100,N_3pct,label
cspaced_property_l2,logistic,74,3,147,0.34782608695652173,0.35624355005159963,within_genus_species,Klebsiella,100,N_3pct,label
ckmer4_count_l2,nearest_centroid,74,2,136,0.5652173913043478,0.48660714285714285,target_background,Klebsiella,100,N_3pct,target_binary
ckmer4_count_l2,logistic,74,2,136,0.5652173913043478,0.5208333333333333,target_background,Klebsiella,100,N_3pct,target_binary
ckmer4_property_l2,nearest_centroid,74,2,147,0.5652173913043478,0.48660714285714285,target_background,Klebsiella,100,N_3pct,target_binary
ckmer4_property_l2,logistic,74,2,147,0.5217391304347826,0.4559139784946237,target_background,Klebsiella,100,N_3pct,target_binary
ck4p_msp,nearest_centroid,74,2,222,0.5652173913043478,0.48660714285714285,target_background,Klebsiella,100,N_3pct,target_binary
ck4p_msp,logistic,74,2,222,0.5217391304347826,0.4559139784946237,target_background,Klebsiella,100,N_3pct,target_binary
ckmer5_count_l2,nearest_centroid,74,2,505,0.6521739130434783,0.5892857142857143,target_background,Klebsiella,100,N_3pct,target_binary
ckmer5_count_l2,logistic,74,2,505,0.6521739130434783,0.5892857142857143,target_background,Klebsiella,100,N_3pct,target_binary
cspaced_property_l2,nearest_centroid,74,2,147,0.6521739130434783,0.5490196078431372,target_background,Klebsiella,100,N_3pct,target_binary
cspaced_property_l2,logistic,74,2,147,0.6086956521739131,0.4623376623376624,target_background,Klebsiella,100,N_3pct,target_binary
ckmer4_count_l2,nearest_centroid,123,4,136,0.32432432432432434,0.32433104820875713,within_genus_species,Acinetobacter,100,trim_5bp,label
ckmer4_count_l2,logistic,123,4,136,0.2972972972972973,0.27385620915032677,within_genus_species,Acinetobacter,100,trim_5bp,label
ckmer4_property_l2,nearest_centroid,123,4,147,0.32432432432432434,0.32324660633484165,within_genus_species,Acinetobacter,100,trim_5bp,label
ckmer4_property_l2,logistic,123,4,147,0.2972972972972973,0.28095238095238095,within_genus_species,Acinetobacter,100,trim_5bp,label
ck4p_msp,nearest_centroid,123,4,222,0.32432432432432434,0.32433104820875713,within_genus_species,Acinetobacter,100,trim_5bp,label
ck4p_msp,logistic,123,4,222,0.32432432432432434,0.3033748114630468,within_genus_species,Acinetobacter,100,trim_5bp,label
ckmer5_count_l2,nearest_centroid,123,4,512,0.2702702702702703,0.23995888678051866,within_genus_species,Acinetobacter,100,trim_5bp,label
ckmer5_count_l2,logistic,123,4,512,0.2972972972972973,0.27801120448179273,within_genus_species,Acinetobacter,100,trim_5bp,label
cspaced_property_l2,nearest_centroid,123,4,147,0.3783783783783784,0.37056636155606404,within_genus_species,Acinetobacter,100,trim_5bp,label
cspaced_property_l2,logistic,123,4,147,0.43243243243243246,0.4212454212454213,within_genus_species,Acinetobacter,100,trim_5bp,label
ckmer4_count_l2,nearest_centroid,77,3,135,0.5,0.5051282051282051,within_genus_species,Burkholderia,100,trim_5bp,label
ckmer4_count_l2,logistic,77,3,135,0.25,0.23055555555555554,within_genus_species,Burkholderia,100,trim_5bp,label
ckmer4_property_l2,nearest_centroid,77,3,146,0.4583333333333333,0.4590964590964591,within_genus_species,Burkholderia,100,trim_5bp,label
ckmer4_property_l2,logistic,77,3,146,0.25,0.23055555555555554,within_genus_species,Burkholderia,100,trim_5bp,label
ck4p_msp,nearest_centroid,77,3,222,0.5,0.5051282051282051,within_genus_species,Burkholderia,100,trim_5bp,label
ck4p_msp,logistic,77,3,222,0.4166666666666667,0.40419676642586855,within_genus_species,Burkholderia,100,trim_5bp,label
ckmer5_count_l2,nearest_centroid,77,3,482,0.4166666666666667,0.40419676642586855,within_genus_species,Burkholderia,100,trim_5bp,label
ckmer5_count_l2,logistic,77,3,482,0.2916666666666667,0.2028985507246377,within_genus_species,Burkholderia,100,trim_5bp,label
cspaced_property_l2,nearest_centroid,77,3,147,0.375,0.3627401837928153,within_genus_species,Burkholderia,100,trim_5bp,label
cspaced_property_l2,logistic,77,3,147,0.4166666666666667,0.4151960784313726,within_genus_species,Burkholderia,100,trim_5bp,label
ckmer4_count_l2,nearest_centroid,77,2,135,0.5,0.4375,target_background,Burkholderia,100,trim_5bp,target_binary
ckmer4_count_l2,logistic,77,2,135,0.4166666666666667,0.34375,target_background,Burkholderia,100,trim_5bp,target_binary
ckmer4_property_l2,nearest_centroid,77,2,145,0.5,0.4375,target_background,Burkholderia,100,trim_5bp,target_binary
ckmer4_property_l2,logistic,77,2,145,0.4166666666666667,0.29411764705882354,target_background,Burkholderia,100,trim_5bp,target_binary
ck4p_msp,nearest_centroid,77,2,222,0.5,0.4375,target_background,Burkholderia,100,trim_5bp,target_binary
ck4p_msp,logistic,77,2,222,0.4583333333333333,0.3696969696969697,target_background,Burkholderia,100,trim_5bp,target_binary
ckmer5_count_l2,nearest_centroid,77,2,482,0.625,0.5252747252747253,target_background,Burkholderia,100,trim_5bp,target_binary
ckmer5_count_l2,logistic,77,2,482,0.5833333333333334,0.4957983193277311,target_background,Burkholderia,100,trim_5bp,target_binary
cspaced_property_l2,nearest_centroid,77,2,146,0.7083333333333334,0.6812144212523719,target_background,Burkholderia,100,trim_5bp,target_binary
cspaced_property_l2,logistic,77,2,146,0.75,0.71875,target_background,Burkholderia,100,trim_5bp,target_binary
ckmer4_count_l2,nearest_centroid,119,4,136,0.4166666666666667,0.4119532428355958,within_genus_species,Candida,100,trim_5bp,label
ckmer4_count_l2,logistic,119,4,136,0.3333333333333333,0.3386112339672711,within_genus_species,Candida,100,trim_5bp,label
ckmer4_property_l2,nearest_centroid,119,4,147,0.4166666666666667,0.4231601731601731,within_genus_species,Candida,100,trim_5bp,label
ckmer4_property_l2,logistic,119,4,147,0.4166666666666667,0.42525135384201207,within_genus_species,Candida,100,trim_5bp,label
ck4p_msp,nearest_centroid,119,4,222,0.4166666666666667,0.4119532428355958,within_genus_species,Candida,100,trim_5bp,label
ck4p_msp,logistic,119,4,222,0.3333333333333333,0.31607142857142856,within_genus_species,Candida,100,trim_5bp,label
ckmer5_count_l2,nearest_centroid,119,4,511,0.3333333333333333,0.3373949579831933,within_genus_species,Candida,100,trim_5bp,label
ckmer5_count_l2,logistic,119,4,511,0.3055555555555556,0.31359649122807015,within_genus_species,Candida,100,trim_5bp,label
cspaced_property_l2,nearest_centroid,119,4,147,0.4444444444444444,0.4238721804511278,within_genus_species,Candida,100,trim_5bp,label
cspaced_property_l2,logistic,119,4,147,0.3611111111111111,0.3482975357975358,within_genus_species,Candida,100,trim_5bp,label
ckmer4_count_l2,nearest_centroid,89,2,136,0.5925925925925926,0.49230769230769234,target_background,Candida,100,trim_5bp,target_binary
ckmer4_count_l2,logistic,89,2,136,0.5185185185185185,0.4419713831478538,target_background,Candida,100,trim_5bp,target_binary
ckmer4_property_l2,nearest_centroid,89,2,147,0.5925925925925926,0.49230769230769234,target_background,Candida,100,trim_5bp,target_binary
ckmer4_property_l2,logistic,89,2,147,0.4444444444444444,0.35612082670906203,target_background,Candida,100,trim_5bp,target_binary
ck4p_msp,nearest_centroid,89,2,222,0.5925925925925926,0.49230769230769234,target_background,Candida,100,trim_5bp,target_binary
ck4p_msp,logistic,89,2,222,0.4444444444444444,0.3076923076923077,target_background,Candida,100,trim_5bp,target_binary
ckmer5_count_l2,nearest_centroid,89,2,509,0.5925925925925926,0.37209302325581395,target_background,Candida,100,trim_5bp,target_binary
ckmer5_count_l2,logistic,89,2,509,0.6296296296296297,0.555921052631579,target_background,Candida,100,trim_5bp,target_binary
cspaced_property_l2,nearest_centroid,89,2,147,0.5925925925925926,0.5278219395866455,target_background,Candida,100,trim_5bp,target_binary
cspaced_property_l2,logistic,89,2,147,0.6296296296296297,0.46428571428571425,target_background,Candida,100,trim_5bp,target_binary
ckmer4_count_l2,nearest_centroid,138,5,136,0.16666666666666666,0.1528548644338118,within_genus_species,Enterobacter,100,trim_5bp,label
ckmer4_count_l2,logistic,138,5,136,0.19047619047619047,0.17787723785166237,within_genus_species,Enterobacter,100,trim_5bp,label
ckmer4_property_l2,nearest_centroid,138,5,146,0.16666666666666666,0.15276828434723172,within_genus_species,Enterobacter,100,trim_5bp,label
ckmer4_property_l2,logistic,138,5,146,0.19047619047619047,0.17511671335200746,within_genus_species,Enterobacter,100,trim_5bp,label
ck4p_msp,nearest_centroid,138,5,222,0.16666666666666666,0.15363408521303257,within_genus_species,Enterobacter,100,trim_5bp,label
ck4p_msp,logistic,138,5,222,0.16666666666666666,0.12771929824561404,within_genus_species,Enterobacter,100,trim_5bp,label
ckmer5_count_l2,nearest_centroid,138,5,511,0.23809523809523808,0.2272362064581744,within_genus_species,Enterobacter,100,trim_5bp,label
ckmer5_count_l2,logistic,138,5,511,0.21428571428571427,0.15676767676767675,within_genus_species,Enterobacter,100,trim_5bp,label
cspaced_property_l2,nearest_centroid,138,5,147,0.11904761904761904,0.10105263157894737,within_genus_species,Enterobacter,100,trim_5bp,label
cspaced_property_l2,logistic,138,5,147,0.21428571428571427,0.17751651856915016,within_genus_species,Enterobacter,100,trim_5bp,label
ckmer4_count_l2,nearest_centroid,89,2,136,0.6666666666666666,0.6345864661654135,target_background,Enterobacter,100,trim_5bp,target_binary
ckmer4_count_l2,logistic,89,2,136,0.5185185185185185,0.4935064935064935,target_background,Enterobacter,100,trim_5bp,target_binary
ckmer4_property_l2,nearest_centroid,89,2,147,0.6296296296296297,0.5833333333333333,target_background,Enterobacter,100,trim_5bp,target_binary
ckmer4_property_l2,logistic,89,2,147,0.5555555555555556,0.5235294117647059,target_background,Enterobacter,100,trim_5bp,target_binary
ck4p_msp,nearest_centroid,89,2,222,0.6666666666666666,0.6345864661654135,target_background,Enterobacter,100,trim_5bp,target_binary
ck4p_msp,logistic,89,2,222,0.5185185185185185,0.4935064935064935,target_background,Enterobacter,100,trim_5bp,target_binary
ckmer5_count_l2,nearest_centroid,89,2,511,0.6296296296296297,0.5833333333333333,target_background,Enterobacter,100,trim_5bp,target_binary
ckmer5_count_l2,logistic,89,2,511,0.5185185185185185,0.39999999999999997,target_background,Enterobacter,100,trim_5bp,target_binary
cspaced_property_l2,nearest_centroid,89,2,147,0.5555555555555556,0.46710526315789475,target_background,Enterobacter,100,trim_5bp,target_binary
cspaced_property_l2,logistic,89,2,147,0.7037037037037037,0.6142857142857143,target_background,Enterobacter,100,trim_5bp,target_binary
ckmer4_count_l2,nearest_centroid,69,2,136,0.5714285714285714,0.5552941176470588,within_genus_species,Escherichia,100,trim_5bp,label
ckmer4_count_l2,logistic,69,2,136,0.5714285714285714,0.5552941176470588,within_genus_species,Escherichia,100,trim_5bp,label
ckmer4_property_l2,nearest_centroid,69,2,147,0.5714285714285714,0.5552941176470588,within_genus_species,Escherichia,100,trim_5bp,label
ckmer4_property_l2,logistic,69,2,147,0.5238095238095238,0.5138888888888888,within_genus_species,Escherichia,100,trim_5bp,label
ck4p_msp,nearest_centroid,69,2,222,0.5714285714285714,0.5552941176470588,within_genus_species,Escherichia,100,trim_5bp,label
ck4p_msp,logistic,69,2,222,0.5714285714285714,0.5675057208237986,within_genus_species,Escherichia,100,trim_5bp,label
ckmer5_count_l2,nearest_centroid,69,2,509,0.5238095238095238,0.5138888888888888,within_genus_species,Escherichia,100,trim_5bp,label
ckmer5_count_l2,logistic,69,2,509,0.6190476190476191,0.6111111111111112,within_genus_species,Escherichia,100,trim_5bp,label
cspaced_property_l2,nearest_centroid,69,2,147,0.42857142857142855,0.42727272727272725,within_genus_species,Escherichia,100,trim_5bp,label
cspaced_property_l2,logistic,69,2,147,0.42857142857142855,0.42727272727272725,within_genus_species,Escherichia,100,trim_5bp,label
ckmer4_count_l2,nearest_centroid,69,2,136,0.5714285714285714,0.5552941176470588,target_background,Escherichia,100,trim_5bp,target_binary
ckmer4_count_l2,logistic,69,2,136,0.5714285714285714,0.5552941176470588,target_background,Escherichia,100,trim_5bp,target_binary
ckmer4_property_l2,nearest_centroid,69,2,147,0.5714285714285714,0.5552941176470588,target_background,Escherichia,100,trim_5bp,target_binary
ckmer4_property_l2,logistic,69,2,147,0.5238095238095238,0.5138888888888888,target_background,Escherichia,100,trim_5bp,target_binary
ck4p_msp,nearest_centroid,69,2,222,0.5714285714285714,0.5552941176470588,target_background,Escherichia,100,trim_5bp,target_binary
ck4p_msp,logistic,69,2,222,0.5714285714285714,0.5675057208237986,target_background,Escherichia,100,trim_5bp,target_binary
ckmer5_count_l2,nearest_centroid,69,2,509,0.5238095238095238,0.5138888888888888,target_background,Escherichia,100,trim_5bp,target_binary
ckmer5_count_l2,logistic,69,2,509,0.6190476190476191,0.6111111111111112,target_background,Escherichia,100,trim_5bp,target_binary
cspaced_property_l2,nearest_centroid,69,2,147,0.42857142857142855,0.42727272727272725,target_background,Escherichia,100,trim_5bp,target_binary
cspaced_property_l2,logistic,69,2,147,0.42857142857142855,0.42727272727272725,target_background,Escherichia,100,trim_5bp,target_binary
ckmer4_count_l2,nearest_centroid,74,3,136,0.2608695652173913,0.2576312576312576,within_genus_species,Klebsiella,100,trim_5bp,label
ckmer4_count_l2,logistic,74,3,136,0.17391304347826086,0.1726190476190476,within_genus_species,Klebsiella,100,trim_5bp,label
ckmer4_property_l2,nearest_centroid,74,3,147,0.2608695652173913,0.2576312576312576,within_genus_species,Klebsiella,100,trim_5bp,label
ckmer4_property_l2,logistic,74,3,147,0.17391304347826086,0.17499999999999996,within_genus_species,Klebsiella,100,trim_5bp,label
ck4p_msp,nearest_centroid,74,3,222,0.2608695652173913,0.2576312576312576,within_genus_species,Klebsiella,100,trim_5bp,label
ck4p_msp,logistic,74,3,222,0.08695652173913043,0.08636977058029689,within_genus_species,Klebsiella,100,trim_5bp,label
ckmer5_count_l2,nearest_centroid,74,3,509,0.13043478260869565,0.11794871794871796,within_genus_species,Klebsiella,100,trim_5bp,label
ckmer5_count_l2,logistic,74,3,509,0.2608695652173913,0.26111111111111107,within_genus_species,Klebsiella,100,trim_5bp,label
cspaced_property_l2,nearest_centroid,74,3,147,0.34782608695652173,0.34761904761904755,within_genus_species,Klebsiella,100,trim_5bp,label
cspaced_property_l2,logistic,74,3,147,0.43478260869565216,0.43622782446311853,within_genus_species,Klebsiella,100,trim_5bp,label
ckmer4_count_l2,nearest_centroid,74,2,136,0.5652173913043478,0.48660714285714285,target_background,Klebsiella,100,trim_5bp,target_binary
ckmer4_count_l2,logistic,74,2,136,0.5652173913043478,0.5208333333333333,target_background,Klebsiella,100,trim_5bp,target_binary
ckmer4_property_l2,nearest_centroid,74,2,147,0.5652173913043478,0.48660714285714285,target_background,Klebsiella,100,trim_5bp,target_binary
ckmer4_property_l2,logistic,74,2,147,0.5652173913043478,0.5208333333333333,target_background,Klebsiella,100,trim_5bp,target_binary
ck4p_msp,nearest_centroid,74,2,222,0.5652173913043478,0.48660714285714285,target_background,Klebsiella,100,trim_5bp,target_binary
ck4p_msp,logistic,74,2,222,0.5652173913043478,0.5208333333333333,target_background,Klebsiella,100,trim_5bp,target_binary
ckmer5_count_l2,nearest_centroid,74,2,509,0.6521739130434783,0.5892857142857143,target_background,Klebsiella,100,trim_5bp,target_binary
ckmer5_count_l2,logistic,74,2,509,0.6521739130434783,0.5892857142857143,target_background,Klebsiella,100,trim_5bp,target_binary
cspaced_property_l2,nearest_centroid,74,2,147,0.6086956521739131,0.5174825174825175,target_background,Klebsiella,100,trim_5bp,target_binary
cspaced_property_l2,logistic,74,2,147,0.6956521739130435,0.5818181818181818,target_background,Klebsiella,100,trim_5bp,target_binary
ckmer4_count_l2,nearest_centroid,123,4,136,0.2702702702702703,0.2658119658119658,within_genus_species,Acinetobacter,100,substitution_1pct_N_3pct,label
ckmer4_count_l2,logistic,123,4,136,0.2972972972972973,0.2621134992458522,within_genus_species,Acinetobacter,100,substitution_1pct_N_3pct,label
ckmer4_property_l2,nearest_centroid,123,4,147,0.2972972972972973,0.2915847310584153,within_genus_species,Acinetobacter,100,substitution_1pct_N_3pct,label
ckmer4_property_l2,logistic,123,4,147,0.2702702702702703,0.21582181259600614,within_genus_species,Acinetobacter,100,substitution_1pct_N_3pct,label
ck4p_msp,nearest_centroid,123,4,222,0.2972972972972973,0.2915847310584153,within_genus_species,Acinetobacter,100,substitution_1pct_N_3pct,label
ck4p_msp,logistic,123,4,222,0.2702702702702703,0.23985042735042736,within_genus_species,Acinetobacter,100,substitution_1pct_N_3pct,label
ckmer5_count_l2,nearest_centroid,123,4,511,0.2972972972972973,0.2662087912087912,within_genus_species,Acinetobacter,100,substitution_1pct_N_3pct,label
ckmer5_count_l2,logistic,123,4,511,0.32432432432432434,0.2722169512966477,within_genus_species,Acinetobacter,100,substitution_1pct_N_3pct,label
cspaced_property_l2,nearest_centroid,123,4,147,0.2702702702702703,0.2601877289377289,within_genus_species,Acinetobacter,100,substitution_1pct_N_3pct,label
cspaced_property_l2,logistic,123,4,147,0.40540540540540543,0.40640096618357485,within_genus_species,Acinetobacter,100,substitution_1pct_N_3pct,label
ckmer4_count_l2,nearest_centroid,77,3,135,0.4583333333333333,0.47651515151515156,within_genus_species,Burkholderia,100,substitution_1pct_N_3pct,label
ckmer4_count_l2,logistic,77,3,135,0.3333333333333333,0.31129785247432307,within_genus_species,Burkholderia,100,substitution_1pct_N_3pct,label
ckmer4_property_l2,nearest_centroid,77,3,146,0.4583333333333333,0.47826086956521746,within_genus_species,Burkholderia,100,substitution_1pct_N_3pct,label
ckmer4_property_l2,logistic,77,3,146,0.3333333333333333,0.31216931216931215,within_genus_species,Burkholderia,100,substitution_1pct_N_3pct,label
ck4p_msp,nearest_centroid,77,3,222,0.4583333333333333,0.47651515151515156,within_genus_species,Burkholderia,100,substitution_1pct_N_3pct,label
ck4p_msp,logistic,77,3,222,0.5833333333333334,0.579479000531632,within_genus_species,Burkholderia,100,substitution_1pct_N_3pct,label
ckmer5_count_l2,nearest_centroid,77,3,479,0.5416666666666666,0.5362318840579711,within_genus_species,Burkholderia,100,substitution_1pct_N_3pct,label
ckmer5_count_l2,logistic,77,3,479,0.3333333333333333,0.2450980392156863,within_genus_species,Burkholderia,100,substitution_1pct_N_3pct,label
cspaced_property_l2,nearest_centroid,77,3,147,0.375,0.3804256745433216,within_genus_species,Burkholderia,100,substitution_1pct_N_3pct,label
cspaced_property_l2,logistic,77,3,147,0.4166666666666667,0.397827903091061,within_genus_species,Burkholderia,100,substitution_1pct_N_3pct,label
ckmer4_count_l2,nearest_centroid,77,2,135,0.375,0.31688804554079697,target_background,Burkholderia,100,substitution_1pct_N_3pct,target_binary
ckmer4_count_l2,logistic,77,2,135,0.5,0.4375,target_background,Burkholderia,100,substitution_1pct_N_3pct,target_binary
ckmer4_property_l2,nearest_centroid,77,2,145,0.375,0.31688804554079697,target_background,Burkholderia,100,substitution_1pct_N_3pct,target_binary
ckmer4_property_l2,logistic,77,2,145,0.5833333333333334,0.4957983193277311,target_background,Burkholderia,100,substitution_1pct_N_3pct,target_binary
ck4p_msp,nearest_centroid,77,2,222,0.375,0.31688804554079697,target_background,Burkholderia,100,substitution_1pct_N_3pct,target_binary
ck4p_msp,logistic,77,2,222,0.5833333333333334,0.4957983193277311,target_background,Burkholderia,100,substitution_1pct_N_3pct,target_binary
ckmer5_count_l2,nearest_centroid,77,2,479,0.5416666666666666,0.4197802197802198,target_background,Burkholderia,100,substitution_1pct_N_3pct,target_binary
ckmer5_count_l2,logistic,77,2,479,0.5,0.3333333333333333,target_background,Burkholderia,100,substitution_1pct_N_3pct,target_binary
cspaced_property_l2,nearest_centroid,77,2,146,0.7916666666666666,0.7575757575757576,target_background,Burkholderia,100,substitution_1pct_N_3pct,target_binary
cspaced_property_l2,logistic,77,2,146,0.5833333333333334,0.4957983193277311,target_background,Burkholderia,100,substitution_1pct_N_3pct,target_binary
ckmer4_count_l2,nearest_centroid,119,4,136,0.3888888888888889,0.37920168067226895,within_genus_species,Candida,100,substitution_1pct_N_3pct,label
ckmer4_count_l2,logistic,119,4,136,0.3888888888888889,0.3803030303030303,within_genus_species,Candida,100,substitution_1pct_N_3pct,label
ckmer4_property_l2,nearest_centroid,119,4,147,0.3888888888888889,0.37852049910873437,within_genus_species,Candida,100,substitution_1pct_N_3pct,label
ckmer4_property_l2,logistic,119,4,147,0.3333333333333333,0.31487810435178853,within_genus_species,Candida,100,substitution_1pct_N_3pct,label
ck4p_msp,nearest_centroid,119,4,222,0.3888888888888889,0.37920168067226895,within_genus_species,Candida,100,substitution_1pct_N_3pct,label
ck4p_msp,logistic,119,4,222,0.2777777777777778,0.28068500127323653,within_genus_species,Candida,100,substitution_1pct_N_3pct,label
ckmer5_count_l2,nearest_centroid,119,4,512,0.4166666666666667,0.40759318081299506,within_genus_species,Candida,100,substitution_1pct_N_3pct,label
ckmer5_count_l2,logistic,119,4,512,0.3333333333333333,0.3248376623376623,within_genus_species,Candida,100,substitution_1pct_N_3pct,label
cspaced_property_l2,nearest_centroid,119,4,146,0.4722222222222222,0.44956196581196584,within_genus_species,Candida,100,substitution_1pct_N_3pct,label
cspaced_property_l2,logistic,119,4,146,0.3611111111111111,0.3491516223714366,within_genus_species,Candida,100,substitution_1pct_N_3pct,label
ckmer4_count_l2,nearest_centroid,89,2,136,0.6296296296296297,0.5178571428571428,target_background,Candida,100,substitution_1pct_N_3pct,target_binary
ckmer4_count_l2,logistic,89,2,136,0.6296296296296297,0.6029411764705883,target_background,Candida,100,substitution_1pct_N_3pct,target_binary
ckmer4_property_l2,nearest_centroid,89,2,147,0.6296296296296297,0.5178571428571428,target_background,Candida,100,substitution_1pct_N_3pct,target_binary
ckmer4_property_l2,logistic,89,2,147,0.5185185185185185,0.4419713831478538,target_background,Candida,100,substitution_1pct_N_3pct,target_binary
ck4p_msp,nearest_centroid,89,2,222,0.6296296296296297,0.5178571428571428,target_background,Candida,100,substitution_1pct_N_3pct,target_binary
ck4p_msp,logistic,89,2,222,0.48148148148148145,0.3782894736842105,target_background,Candida,100,substitution_1pct_N_3pct,target_binary
ckmer5_count_l2,nearest_centroid,89,2,510,0.6296296296296297,0.38636363636363635,target_background,Candida,100,substitution_1pct_N_3pct,target_binary
ckmer5_count_l2,logistic,89,2,510,0.6666666666666666,0.5846153846153846,target_background,Candida,100,substitution_1pct_N_3pct,target_binary
cspaced_property_l2,nearest_centroid,89,2,147,0.5925925925925926,0.5278219395866455,target_background,Candida,100,substitution_1pct_N_3pct,target_binary
cspaced_property_l2,logistic,89,2,147,0.6666666666666666,0.4862579281183932,target_background,Candida,100,substitution_1pct_N_3pct,target_binary
ckmer4_count_l2,nearest_centroid,138,5,136,0.19047619047619047,0.15636363636363634,within_genus_species,Enterobacter,100,substitution_1pct_N_3pct,label
ckmer4_count_l2,logistic,138,5,136,0.19047619047619047,0.15372549019607842,within_genus_species,Enterobacter,100,substitution_1pct_N_3pct,label
ckmer4_property_l2,nearest_centroid,138,5,146,0.21428571428571427,0.18713286713286711,within_genus_species,Enterobacter,100,substitution_1pct_N_3pct,label
ckmer4_property_l2,logistic,138,5,146,0.19047619047619047,0.16544478844169247,within_genus_species,Enterobacter,100,substitution_1pct_N_3pct,label
ck4p_msp,nearest_centroid,138,5,222,0.19047619047619047,0.15636363636363634,within_genus_species,Enterobacter,100,substitution_1pct_N_3pct,label
ck4p_msp,logistic,138,5,222,0.21428571428571427,0.1918803418803419,within_genus_species,Enterobacter,100,substitution_1pct_N_3pct,label
ckmer5_count_l2,nearest_centroid,138,5,511,0.19047619047619047,0.14500381388253242,within_genus_species,Enterobacter,100,substitution_1pct_N_3pct,label
ckmer5_count_l2,logistic,138,5,511,0.14285714285714285,0.11533180778032034,within_genus_species,Enterobacter,100,substitution_1pct_N_3pct,label
cspaced_property_l2,nearest_centroid,138,5,147,0.23809523809523808,0.1986813186813187,within_genus_species,Enterobacter,100,substitution_1pct_N_3pct,label
cspaced_property_l2,logistic,138,5,147,0.21428571428571427,0.16935767410412442,within_genus_species,Enterobacter,100,substitution_1pct_N_3pct,label
ckmer4_count_l2,nearest_centroid,89,2,136,0.6296296296296297,0.5833333333333333,target_background,Enterobacter,100,substitution_1pct_N_3pct,target_binary
ckmer4_count_l2,logistic,89,2,136,0.7037037037037037,0.6666666666666667,target_background,Enterobacter,100,substitution_1pct_N_3pct,target_binary
ckmer4_property_l2,nearest_centroid,89,2,147,0.6296296296296297,0.5833333333333333,target_background,Enterobacter,100,substitution_1pct_N_3pct,target_binary
ckmer4_property_l2,logistic,89,2,147,0.7407407407407407,0.7157894736842105,target_background,Enterobacter,100,substitution_1pct_N_3pct,target_binary
ck4p_msp,nearest_centroid,89,2,222,0.6296296296296297,0.5833333333333333,target_background,Enterobacter,100,substitution_1pct_N_3pct,target_binary
ck4p_msp,logistic,89,2,222,0.7037037037037037,0.6823529411764706,target_background,Enterobacter,100,substitution_1pct_N_3pct,target_binary
ckmer5_count_l2,nearest_centroid,89,2,511,0.5925925925925926,0.49230769230769234,target_background,Enterobacter,100,substitution_1pct_N_3pct,target_binary
ckmer5_count_l2,logistic,89,2,511,0.5185185185185185,0.39999999999999997,target_background,Enterobacter,100,substitution_1pct_N_3pct,target_binary
cspaced_property_l2,nearest_centroid,89,2,147,0.5925925925925926,0.5533834586466165,target_background,Enterobacter,100,substitution_1pct_N_3pct,target_binary
cspaced_property_l2,logistic,89,2,147,0.6296296296296297,0.5833333333333333,target_background,Enterobacter,100,substitution_1pct_N_3pct,target_binary
ckmer4_count_l2,nearest_centroid,69,2,136,0.5238095238095238,0.5227272727272727,within_genus_species,Escherichia,100,substitution_1pct_N_3pct,label
ckmer4_count_l2,logistic,69,2,136,0.5238095238095238,0.5227272727272727,within_genus_species,Escherichia,100,substitution_1pct_N_3pct,label
ckmer4_property_l2,nearest_centroid,69,2,147,0.5238095238095238,0.5227272727272727,within_genus_species,Escherichia,100,substitution_1pct_N_3pct,label
ckmer4_property_l2,logistic,69,2,147,0.5238095238095238,0.5227272727272727,within_genus_species,Escherichia,100,substitution_1pct_N_3pct,label
ck4p_msp,nearest_centroid,69,2,222,0.5238095238095238,0.5227272727272727,within_genus_species,Escherichia,100,substitution_1pct_N_3pct,label
ck4p_msp,logistic,69,2,222,0.5714285714285714,0.5675057208237986,within_genus_species,Escherichia,100,substitution_1pct_N_3pct,label
ckmer5_count_l2,nearest_centroid,69,2,509,0.5714285714285714,0.5675057208237986,within_genus_species,Escherichia,100,substitution_1pct_N_3pct,label
ckmer5_count_l2,logistic,69,2,509,0.42857142857142855,0.42727272727272725,within_genus_species,Escherichia,100,substitution_1pct_N_3pct,label
cspaced_property_l2,nearest_centroid,69,2,147,0.42857142857142855,0.42727272727272725,within_genus_species,Escherichia,100,substitution_1pct_N_3pct,label
cspaced_property_l2,logistic,69,2,147,0.3333333333333333,0.3194444444444444,within_genus_species,Escherichia,100,substitution_1pct_N_3pct,label
ckmer4_count_l2,nearest_centroid,69,2,136,0.5238095238095238,0.5227272727272727,target_background,Escherichia,100,substitution_1pct_N_3pct,target_binary
ckmer4_count_l2,logistic,69,2,136,0.5238095238095238,0.5227272727272727,target_background,Escherichia,100,substitution_1pct_N_3pct,target_binary
ckmer4_property_l2,nearest_centroid,69,2,147,0.5238095238095238,0.5227272727272727,target_background,Escherichia,100,substitution_1pct_N_3pct,target_binary
ckmer4_property_l2,logistic,69,2,147,0.5238095238095238,0.5227272727272727,target_background,Escherichia,100,substitution_1pct_N_3pct,target_binary
ck4p_msp,nearest_centroid,69,2,222,0.5238095238095238,0.5227272727272727,target_background,Escherichia,100,substitution_1pct_N_3pct,target_binary
ck4p_msp,logistic,69,2,222,0.5714285714285714,0.5675057208237986,target_background,Escherichia,100,substitution_1pct_N_3pct,target_binary
ckmer5_count_l2,nearest_centroid,69,2,509,0.5714285714285714,0.5675057208237986,target_background,Escherichia,100,substitution_1pct_N_3pct,target_binary
ckmer5_count_l2,logistic,69,2,509,0.42857142857142855,0.42727272727272725,target_background,Escherichia,100,substitution_1pct_N_3pct,target_binary
cspaced_property_l2,nearest_centroid,69,2,147,0.42857142857142855,0.42727272727272725,target_background,Escherichia,100,substitution_1pct_N_3pct,target_binary
cspaced_property_l2,logistic,69,2,147,0.3333333333333333,0.3194444444444444,target_background,Escherichia,100,substitution_1pct_N_3pct,target_binary
ckmer4_count_l2,nearest_centroid,74,3,136,0.17391304347826086,0.1703296703296703,within_genus_species,Klebsiella,100,substitution_1pct_N_3pct,label
ckmer4_count_l2,logistic,74,3,136,0.21739130434782608,0.2149393090569561,within_genus_species,Klebsiella,100,substitution_1pct_N_3pct,label
ckmer4_property_l2,nearest_centroid,74,3,147,0.17391304347826086,0.1703296703296703,within_genus_species,Klebsiella,100,substitution_1pct_N_3pct,label
ckmer4_property_l2,logistic,74,3,147,0.2608695652173913,0.2497076023391813,within_genus_species,Klebsiella,100,substitution_1pct_N_3pct,label
ck4p_msp,nearest_centroid,74,3,222,0.17391304347826086,0.1703296703296703,within_genus_species,Klebsiella,100,substitution_1pct_N_3pct,label
ck4p_msp,logistic,74,3,222,0.2608695652173913,0.25178330441488334,within_genus_species,Klebsiella,100,substitution_1pct_N_3pct,label
ckmer5_count_l2,nearest_centroid,74,3,509,0.13043478260869565,0.13398881819934452,within_genus_species,Klebsiella,100,substitution_1pct_N_3pct,label
ckmer5_count_l2,logistic,74,3,509,0.17391304347826086,0.16176470588235295,within_genus_species,Klebsiella,100,substitution_1pct_N_3pct,label
cspaced_property_l2,nearest_centroid,74,3,147,0.34782608695652173,0.34547908232118757,within_genus_species,Klebsiella,100,substitution_1pct_N_3pct,label
cspaced_property_l2,logistic,74,3,147,0.30434782608695654,0.3131598793363499,within_genus_species,Klebsiella,100,substitution_1pct_N_3pct,label
ckmer4_count_l2,nearest_centroid,74,2,136,0.6086956521739131,0.5548387096774194,target_background,Klebsiella,100,substitution_1pct_N_3pct,target_binary
ckmer4_count_l2,logistic,74,2,136,0.5652173913043478,0.5208333333333333,target_background,Klebsiella,100,substitution_1pct_N_3pct,target_binary
ckmer4_property_l2,nearest_centroid,74,2,147,0.6086956521739131,0.5548387096774194,target_background,Klebsiella,100,substitution_1pct_N_3pct,target_binary
ckmer4_property_l2,logistic,74,2,147,0.5652173913043478,0.48660714285714285,target_background,Klebsiella,100,substitution_1pct_N_3pct,target_binary
ck4p_msp,nearest_centroid,74,2,222,0.6086956521739131,0.5548387096774194,target_background,Klebsiella,100,substitution_1pct_N_3pct,target_binary
ck4p_msp,logistic,74,2,222,0.4782608695652174,0.46923076923076923,target_background,Klebsiella,100,substitution_1pct_N_3pct,target_binary
ckmer5_count_l2,nearest_centroid,74,2,509,0.6086956521739131,0.5174825174825175,target_background,Klebsiella,100,substitution_1pct_N_3pct,target_binary
ckmer5_count_l2,logistic,74,2,509,0.6521739130434783,0.5490196078431372,target_background,Klebsiella,100,substitution_1pct_N_3pct,target_binary
cspaced_property_l2,nearest_centroid,74,2,147,0.6086956521739131,0.5174825174825175,target_background,Klebsiella,100,substitution_1pct_N_3pct,target_binary
cspaced_property_l2,logistic,74,2,147,0.6521739130434783,0.5490196078431372,target_background,Klebsiella,100,substitution_1pct_N_3pct,target_binary
ckmer4_count_l2,nearest_centroid,114,4,136,0.37142857142857144,0.3648809523809524,within_genus_species,Acinetobacter,150,clean,label
ckmer4_count_l2,logistic,114,4,136,0.4,0.36540920716112535,within_genus_species,Acinetobacter,150,clean,label
ckmer4_property_l2,nearest_centroid,114,4,147,0.45714285714285713,0.44567736185383244,within_genus_species,Acinetobacter,150,clean,label
ckmer4_property_l2,logistic,114,4,147,0.4,0.36586134453781516,within_genus_species,Acinetobacter,150,clean,label
ck4p_msp,nearest_centroid,114,4,222,0.37142857142857144,0.3648809523809524,within_genus_species,Acinetobacter,150,clean,label
ck4p_msp,logistic,114,4,222,0.4,0.3562271062271062,within_genus_species,Acinetobacter,150,clean,label
ckmer5_count_l2,nearest_centroid,114,4,512,0.37142857142857144,0.3709150326797385,within_genus_species,Acinetobacter,150,clean,label
ckmer5_count_l2,logistic,114,4,512,0.3142857142857143,0.30370989304812834,within_genus_species,Acinetobacter,150,clean,label
cspaced_property_l2,nearest_centroid,114,4,147,0.34285714285714286,0.3517740429505135,within_genus_species,Acinetobacter,150,clean,label
cspaced_property_l2,logistic,114,4,147,0.2571428571428571,0.27385620915032677,within_genus_species,Acinetobacter,150,clean,label
ckmer4_count_l2,nearest_centroid,89,3,136,0.4444444444444444,0.44171122994652406,within_genus_species,Burkholderia,150,clean,label
ckmer4_count_l2,logistic,89,3,136,0.5925925925925926,0.6018518518518519,within_genus_species,Burkholderia,150,clean,label
ckmer4_property_l2,nearest_centroid,89,3,146,0.4444444444444444,0.44171122994652406,within_genus_species,Burkholderia,150,clean,label
ckmer4_property_l2,logistic,89,3,146,0.5185185185185185,0.5216931216931217,within_genus_species,Burkholderia,150,clean,label
ck4p_msp,nearest_centroid,89,3,222,0.4444444444444444,0.44171122994652406,within_genus_species,Burkholderia,150,clean,label
ck4p_msp,logistic,89,3,222,0.4444444444444444,0.47142857142857136,within_genus_species,Burkholderia,150,clean,label
ckmer5_count_l2,nearest_centroid,89,3,502,0.37037037037037035,0.35984848484848486,within_genus_species,Burkholderia,150,clean,label
ckmer5_count_l2,logistic,89,3,502,0.4074074074074074,0.395906432748538,within_genus_species,Burkholderia,150,clean,label
cspaced_property_l2,nearest_centroid,89,3,147,0.07407407407407407,0.07196969696969698,within_genus_species,Burkholderia,150,clean,label
cspaced_property_l2,logistic,89,3,147,0.18518518518518517,0.1894179894179894,within_genus_species,Burkholderia,150,clean,label
ckmer4_count_l2,nearest_centroid,89,2,136,0.4074074074074074,0.4065934065934066,target_background,Burkholderia,150,clean,target_binary
ckmer4_count_l2,logistic,89,2,136,0.5925925925925926,0.5278219395866455,target_background,Burkholderia,150,clean,target_binary
ckmer4_property_l2,nearest_centroid,89,2,147,0.4074074074074074,0.4065934065934066,target_background,Burkholderia,150,clean,target_binary
ckmer4_property_l2,logistic,89,2,147,0.6296296296296297,0.555921052631579,target_background,Burkholderia,150,clean,target_binary
ck4p_msp,nearest_centroid,89,2,222,0.4074074074074074,0.4065934065934066,target_background,Burkholderia,150,clean,target_binary
ck4p_msp,logistic,89,2,222,0.5925925925925926,0.49230769230769234,target_background,Burkholderia,150,clean,target_binary
ckmer5_count_l2,nearest_centroid,89,2,502,0.48148148148148145,0.4630681818181818,target_background,Burkholderia,150,clean,target_binary
ckmer5_count_l2,logistic,89,2,502,0.5925925925925926,0.5533834586466165,target_background,Burkholderia,150,clean,target_binary
cspaced_property_l2,nearest_centroid,89,2,147,0.2962962962962963,0.2924137931034483,target_background,Burkholderia,150,clean,target_binary
cspaced_property_l2,logistic,89,2,147,0.48148148148148145,0.4630681818181818,target_background,Burkholderia,150,clean,target_binary
ckmer4_count_l2,nearest_centroid,113,4,136,0.38235294117647056,0.3590686274509804,within_genus_species,Candida,150,clean,label
ckmer4_count_l2,logistic,113,4,136,0.29411764705882354,0.29518259518259515,within_genus_species,Candida,150,clean,label
ckmer4_property_l2,nearest_centroid,113,4,147,0.35294117647058826,0.31875,within_genus_species,Candida,150,clean,label
ckmer4_property_l2,logistic,113,4,147,0.20588235294117646,0.21755368814192344,within_genus_species,Candida,150,clean,label
ck4p_msp,nearest_centroid,113,4,222,0.38235294117647056,0.3590686274509804,within_genus_species,Candida,150,clean,label
ck4p_msp,logistic,113,4,222,0.35294117647058826,0.35407268170426065,within_genus_species,Candida,150,clean,label
ckmer5_count_l2,nearest_centroid,113,4,509,0.38235294117647056,0.3491666666666666,within_genus_species,Candida,150,clean,label
ckmer5_count_l2,logistic,113,4,509,0.3235294117647059,0.3124777183600713,within_genus_species,Candida,150,clean,label
cspaced_property_l2,nearest_centroid,113,4,147,0.29411764705882354,0.2673992673992674,within_genus_species,Candida,150,clean,label
cspaced_property_l2,logistic,113,4,147,0.20588235294117646,0.20476190476190476,within_genus_species,Candida,150,clean,label
ckmer4_count_l2,nearest_centroid,92,2,136,0.5357142857142857,0.5204216073781291,target_background,Candida,150,clean,target_binary
ckmer4_count_l2,logistic,92,2,136,0.5357142857142857,0.5047619047619047,target_background,Candida,150,clean,target_binary
ckmer4_property_l2,nearest_centroid,92,2,147,0.5,0.47593582887700536,target_background,Candida,150,clean,target_binary
ckmer4_property_l2,logistic,92,2,147,0.5357142857142857,0.5047619047619047,target_background,Candida,150,clean,target_binary
ck4p_msp,nearest_centroid,92,2,222,0.5357142857142857,0.5204216073781291,target_background,Candida,150,clean,target_binary
ck4p_msp,logistic,92,2,222,0.6428571428571429,0.6111111111111112,target_background,Candida,150,clean,target_binary
ckmer5_count_l2,nearest_centroid,92,2,509,0.6071428571428571,0.5809523809523809,target_background,Candida,150,clean,target_binary
ckmer5_count_l2,logistic,92,2,509,0.4642857142857143,0.42857142857142855,target_background,Candida,150,clean,target_binary
cspaced_property_l2,nearest_centroid,92,2,147,0.5357142857142857,0.5204216073781291,target_background,Candida,150,clean,target_binary
cspaced_property_l2,logistic,92,2,147,0.5357142857142857,0.5047619047619047,target_background,Candida,150,clean,target_binary
ckmer4_count_l2,nearest_centroid,147,5,136,0.24444444444444444,0.24476217281170842,within_genus_species,Enterobacter,150,clean,label
ckmer4_count_l2,logistic,147,5,136,0.2222222222222222,0.21681286549707607,within_genus_species,Enterobacter,150,clean,label
ckmer4_property_l2,nearest_centroid,147,5,147,0.24444444444444444,0.24916926898351047,within_genus_species,Enterobacter,150,clean,label
ckmer4_property_l2,logistic,147,5,147,0.2222222222222222,0.21947712418300655,within_genus_species,Enterobacter,150,clean,label
ck4p_msp,nearest_centroid,147,5,222,0.24444444444444444,0.24476217281170842,within_genus_species,Enterobacter,150,clean,label
ck4p_msp,logistic,147,5,222,0.17777777777777778,0.17402648778809768,within_genus_species,Enterobacter,150,clean,label
ckmer5_count_l2,nearest_centroid,147,5,510,0.24444444444444444,0.2505277230509429,within_genus_species,Enterobacter,150,clean,label
ckmer5_count_l2,logistic,147,5,510,0.17777777777777778,0.18197454420364637,within_genus_species,Enterobacter,150,clean,label
cspaced_property_l2,nearest_centroid,147,5,147,0.17777777777777778,0.17626050420168066,within_genus_species,Enterobacter,150,clean,label
cspaced_property_l2,logistic,147,5,147,0.17777777777777778,0.1878805748774789,within_genus_species,Enterobacter,150,clean,label
ckmer4_count_l2,nearest_centroid,89,2,136,0.5555555555555556,0.5,target_background,Enterobacter,150,clean,target_binary
ckmer4_count_l2,logistic,89,2,136,0.4444444444444444,0.41558441558441556,target_background,Enterobacter,150,clean,target_binary
ckmer4_property_l2,nearest_centroid,89,2,147,0.5555555555555556,0.5,target_background,Enterobacter,150,clean,target_binary
ckmer4_property_l2,logistic,89,2,147,0.5925925925925926,0.5278219395866455,target_background,Enterobacter,150,clean,target_binary
ck4p_msp,nearest_centroid,89,2,222,0.5555555555555556,0.5,target_background,Enterobacter,150,clean,target_binary
ck4p_msp,logistic,89,2,222,0.6666666666666666,0.5846153846153846,target_background,Enterobacter,150,clean,target_binary
ckmer5_count_l2,nearest_centroid,89,2,510,0.5555555555555556,0.5,target_background,Enterobacter,150,clean,target_binary
ckmer5_count_l2,logistic,89,2,510,0.5925925925925926,0.4427767354596623,target_background,Enterobacter,150,clean,target_binary
cspaced_property_l2,nearest_centroid,89,2,147,0.5555555555555556,0.5235294117647059,target_background,Enterobacter,150,clean,target_binary
cspaced_property_l2,logistic,89,2,147,0.5555555555555556,0.5235294117647059,target_background,Enterobacter,150,clean,target_binary
ckmer4_count_l2,nearest_centroid,59,2,135,0.5555555555555556,0.55,within_genus_species,Escherichia,150,clean,label
ckmer4_count_l2,logistic,59,2,135,0.5555555555555556,0.5324675324675324,within_genus_species,Escherichia,150,clean,label
ckmer4_property_l2,nearest_centroid,59,2,146,0.5555555555555556,0.55,within_genus_species,Escherichia,150,clean,label
ckmer4_property_l2,logistic,59,2,146,0.5555555555555556,0.5324675324675324,within_genus_species,Escherichia,150,clean,label
ck4p_msp,nearest_centroid,59,2,222,0.5555555555555556,0.55,within_genus_species,Escherichia,150,clean,label
ck4p_msp,logistic,59,2,222,0.5555555555555556,0.5324675324675324,within_genus_species,Escherichia,150,clean,label
ckmer5_count_l2,nearest_centroid,59,2,508,0.6111111111111112,0.6,within_genus_species,Escherichia,150,clean,label
ckmer5_count_l2,logistic,59,2,508,0.5,0.4581939799331104,within_genus_species,Escherichia,150,clean,label
cspaced_property_l2,nearest_centroid,59,2,147,0.4444444444444444,0.41558441558441556,within_genus_species,Escherichia,150,clean,label
cspaced_property_l2,logistic,59,2,147,0.4444444444444444,0.41558441558441556,within_genus_species,Escherichia,150,clean,label
ckmer4_count_l2,nearest_centroid,59,2,135,0.5555555555555556,0.55,target_background,Escherichia,150,clean,target_binary
ckmer4_count_l2,logistic,59,2,135,0.5555555555555556,0.5324675324675324,target_background,Escherichia,150,clean,target_binary
ckmer4_property_l2,nearest_centroid,59,2,146,0.5555555555555556,0.55,target_background,Escherichia,150,clean,target_binary
ckmer4_property_l2,logistic,59,2,146,0.5555555555555556,0.5324675324675324,target_background,Escherichia,150,clean,target_binary
ck4p_msp,nearest_centroid,59,2,222,0.5555555555555556,0.55,target_background,Escherichia,150,clean,target_binary
ck4p_msp,logistic,59,2,222,0.5555555555555556,0.5324675324675324,target_background,Escherichia,150,clean,target_binary
ckmer5_count_l2,nearest_centroid,59,2,508,0.6111111111111112,0.6,target_background,Escherichia,150,clean,target_binary
ckmer5_count_l2,logistic,59,2,508,0.5,0.4581939799331104,target_background,Escherichia,150,clean,target_binary
cspaced_property_l2,nearest_centroid,59,2,147,0.4444444444444444,0.41558441558441556,target_background,Escherichia,150,clean,target_binary
cspaced_property_l2,logistic,59,2,147,0.4444444444444444,0.41558441558441556,target_background,Escherichia,150,clean,target_binary
ckmer4_count_l2,nearest_centroid,78,3,136,0.2916666666666667,0.2846153846153846,within_genus_species,Klebsiella,150,clean,label
ckmer4_count_l2,logistic,78,3,136,0.4166666666666667,0.4047619047619048,within_genus_species,Klebsiella,150,clean,label
ckmer4_property_l2,nearest_centroid,78,3,147,0.2916666666666667,0.28055555555555556,within_genus_species,Klebsiella,150,clean,label
ckmer4_property_l2,logistic,78,3,147,0.4166666666666667,0.40277777777777773,within_genus_species,Klebsiella,150,clean,label
ck4p_msp,nearest_centroid,78,3,222,0.2916666666666667,0.28055555555555556,within_genus_species,Klebsiella,150,clean,label
ck4p_msp,logistic,78,3,222,0.375,0.36923076923076925,within_genus_species,Klebsiella,150,clean,label
ckmer5_count_l2,nearest_centroid,78,3,510,0.25,0.22857142857142856,within_genus_species,Klebsiella,150,clean,label
ckmer5_count_l2,logistic,78,3,510,0.375,0.3024691358024691,within_genus_species,Klebsiella,150,clean,label
cspaced_property_l2,nearest_centroid,78,3,147,0.25,0.21645021645021645,within_genus_species,Klebsiella,150,clean,label
cspaced_property_l2,logistic,78,3,147,0.3333333333333333,0.2782608695652174,within_genus_species,Klebsiella,150,clean,label
ckmer4_count_l2,nearest_centroid,78,2,136,0.5833333333333334,0.5555555555555556,target_background,Klebsiella,150,clean,target_binary
ckmer4_count_l2,logistic,78,2,136,0.5,0.39495798319327735,target_background,Klebsiella,150,clean,target_binary
ckmer4_property_l2,nearest_centroid,78,2,147,0.5833333333333334,0.5555555555555556,target_background,Klebsiella,150,clean,target_binary
ckmer4_property_l2,logistic,78,2,147,0.5,0.3333333333333333,target_background,Klebsiella,150,clean,target_binary
ck4p_msp,nearest_centroid,78,2,222,0.5833333333333334,0.5555555555555556,target_background,Klebsiella,150,clean,target_binary
ck4p_msp,logistic,78,2,222,0.625,0.46928746928746934,target_background,Klebsiella,150,clean,target_binary
ckmer5_count_l2,nearest_centroid,78,2,510,0.625,0.5252747252747253,target_background,Klebsiella,150,clean,target_binary
ckmer5_count_l2,logistic,78,2,510,0.7083333333333334,0.5213675213675213,target_background,Klebsiella,150,clean,target_binary
cspaced_property_l2,nearest_centroid,78,2,147,0.5416666666666666,0.4990512333965844,target_background,Klebsiella,150,clean,target_binary
cspaced_property_l2,logistic,78,2,147,0.5833333333333334,0.53125,target_background,Klebsiella,150,clean,target_binary
ckmer4_count_l2,nearest_centroid,114,4,136,0.34285714285714286,0.3178030303030303,within_genus_species,Acinetobacter,150,substitution_1pct,label
ckmer4_count_l2,logistic,114,4,136,0.45714285714285713,0.4198448610213316,within_genus_species,Acinetobacter,150,substitution_1pct,label
ckmer4_property_l2,nearest_centroid,114,4,147,0.2857142857142857,0.2501430205949657,within_genus_species,Acinetobacter,150,substitution_1pct,label
ckmer4_property_l2,logistic,114,4,147,0.42857142857142855,0.3875025437525438,within_genus_species,Acinetobacter,150,substitution_1pct,label
ck4p_msp,nearest_centroid,114,4,222,0.34285714285714286,0.31812547673531655,within_genus_species,Acinetobacter,150,substitution_1pct,label
ck4p_msp,logistic,114,4,222,0.37142857142857144,0.3334935897435897,within_genus_species,Acinetobacter,150,substitution_1pct,label
ckmer5_count_l2,nearest_centroid,114,4,512,0.2857142857142857,0.287828947368421,within_genus_species,Acinetobacter,150,substitution_1pct,label
ckmer5_count_l2,logistic,114,4,512,0.2,0.1919642857142857,within_genus_species,Acinetobacter,150,substitution_1pct,label
cspaced_property_l2,nearest_centroid,114,4,147,0.2857142857142857,0.28075396825396826,within_genus_species,Acinetobacter,150,substitution_1pct,label
cspaced_property_l2,logistic,114,4,147,0.22857142857142856,0.24047619047619045,within_genus_species,Acinetobacter,150,substitution_1pct,label
ckmer4_count_l2,nearest_centroid,89,3,136,0.5555555555555556,0.5467617349970291,within_genus_species,Burkholderia,150,substitution_1pct,label
ckmer4_count_l2,logistic,89,3,136,0.4074074074074074,0.4004830917874396,within_genus_species,Burkholderia,150,substitution_1pct,label
ckmer4_property_l2,nearest_centroid,89,3,147,0.5555555555555556,0.5467617349970291,within_genus_species,Burkholderia,150,substitution_1pct,label
ckmer4_property_l2,logistic,89,3,147,0.37037037037037035,0.3645983645983646,within_genus_species,Burkholderia,150,substitution_1pct,label
ck4p_msp,nearest_centroid,89,3,222,0.5555555555555556,0.5467617349970291,within_genus_species,Burkholderia,150,substitution_1pct,label
ck4p_msp,logistic,89,3,222,0.3333333333333333,0.34795321637426896,within_genus_species,Burkholderia,150,substitution_1pct,label
ckmer5_count_l2,nearest_centroid,89,3,505,0.37037037037037035,0.3686274509803922,within_genus_species,Burkholderia,150,substitution_1pct,label
ckmer5_count_l2,logistic,89,3,505,0.48148148148148145,0.4723389355742296,within_genus_species,Burkholderia,150,substitution_1pct,label
cspaced_property_l2,nearest_centroid,89,3,147,0.1111111111111111,0.09718670076726343,within_genus_species,Burkholderia,150,substitution_1pct,label
cspaced_property_l2,logistic,89,3,147,0.2222222222222222,0.22573099415204678,within_genus_species,Burkholderia,150,substitution_1pct,label
ckmer4_count_l2,nearest_centroid,89,2,136,0.3333333333333333,0.33241758241758246,target_background,Burkholderia,150,substitution_1pct,target_binary
ckmer4_count_l2,logistic,89,2,136,0.6666666666666666,0.6136724960254372,target_background,Burkholderia,150,substitution_1pct,target_binary
ckmer4_property_l2,nearest_centroid,89,2,147,0.3333333333333333,0.33241758241758246,target_background,Burkholderia,150,substitution_1pct,target_binary
ckmer4_property_l2,logistic,89,2,147,0.7037037037037037,0.6666666666666667,target_background,Burkholderia,150,substitution_1pct,target_binary
ck4p_msp,nearest_centroid,89,2,222,0.3333333333333333,0.33241758241758246,target_background,Burkholderia,150,substitution_1pct,target_binary
ck4p_msp,logistic,89,2,222,0.6296296296296297,0.555921052631579,target_background,Burkholderia,150,substitution_1pct,target_binary
ckmer5_count_l2,nearest_centroid,89,2,505,0.4444444444444444,0.4319775596072931,target_background,Burkholderia,150,substitution_1pct,target_binary
ckmer5_count_l2,logistic,89,2,505,0.5555555555555556,0.5235294117647059,target_background,Burkholderia,150,substitution_1pct,target_binary
cspaced_property_l2,nearest_centroid,89,2,147,0.25925925925925924,0.2582417582417582,target_background,Burkholderia,150,substitution_1pct,target_binary
cspaced_property_l2,logistic,89,2,147,0.4074074074074074,0.38636363636363635,target_background,Burkholderia,150,substitution_1pct,target_binary
ckmer4_count_l2,nearest_centroid,113,4,136,0.4117647058823529,0.3918067226890757,within_genus_species,Candida,150,substitution_1pct,label
ckmer4_count_l2,logistic,113,4,136,0.20588235294117646,0.21988795518207283,within_genus_species,Candida,150,substitution_1pct,label
ckmer4_property_l2,nearest_centroid,113,4,146,0.35294117647058826,0.32965686274509803,within_genus_species,Candida,150,substitution_1pct,label
ckmer4_property_l2,logistic,113,4,146,0.20588235294117646,0.21189039718451486,within_genus_species,Candida,150,substitution_1pct,label
ck4p_msp,nearest_centroid,113,4,222,0.38235294117647056,0.358695652173913,within_genus_species,Candida,150,substitution_1pct,label
ck4p_msp,logistic,113,4,222,0.29411764705882354,0.30058198380566803,within_genus_species,Candida,150,substitution_1pct,label
ckmer5_count_l2,nearest_centroid,113,4,509,0.35294117647058826,0.31825447570332477,within_genus_species,Candida,150,substitution_1pct,label
ckmer5_count_l2,logistic,113,4,509,0.3235294117647059,0.3075187969924812,within_genus_species,Candida,150,substitution_1pct,label
cspaced_property_l2,nearest_centroid,113,4,147,0.29411764705882354,0.2733516483516484,within_genus_species,Candida,150,substitution_1pct,label
cspaced_property_l2,logistic,113,4,147,0.2647058823529412,0.27736006683375103,within_genus_species,Candida,150,substitution_1pct,label
ckmer4_count_l2,nearest_centroid,92,2,136,0.5357142857142857,0.5047619047619047,target_background,Candida,150,substitution_1pct,target_binary
ckmer4_count_l2,logistic,92,2,136,0.6071428571428571,0.561877667140825,target_background,Candida,150,substitution_1pct,target_binary
ckmer4_property_l2,nearest_centroid,92,2,147,0.5,0.47593582887700536,target_background,Candida,150,substitution_1pct,target_binary
ckmer4_property_l2,logistic,92,2,147,0.5357142857142857,0.4822190611664296,target_background,Candida,150,substitution_1pct,target_binary
ck4p_msp,nearest_centroid,92,2,222,0.5357142857142857,0.5047619047619047,target_background,Candida,150,substitution_1pct,target_binary
ck4p_msp,logistic,92,2,222,0.6071428571428571,0.5354449472096531,target_background,Candida,150,substitution_1pct,target_binary
ckmer5_count_l2,nearest_centroid,92,2,509,0.5714285714285714,0.5333333333333333,target_background,Candida,150,substitution_1pct,target_binary
ckmer5_count_l2,logistic,92,2,509,0.5357142857142857,0.4509803921568627,target_background,Candida,150,substitution_1pct,target_binary
cspaced_property_l2,nearest_centroid,92,2,147,0.5714285714285714,0.5508021390374331,target_background,Candida,150,substitution_1pct,target_binary
cspaced_property_l2,logistic,92,2,147,0.5357142857142857,0.4822190611664296,target_background,Candida,150,substitution_1pct,target_binary
ckmer4_count_l2,nearest_centroid,147,5,136,0.24444444444444444,0.243513782324524,within_genus_species,Enterobacter,150,substitution_1pct,label
ckmer4_count_l2,logistic,147,5,136,0.24444444444444444,0.2392432060543516,within_genus_species,Enterobacter,150,substitution_1pct,label
ckmer4_property_l2,nearest_centroid,147,5,147,0.24444444444444444,0.24721288515406165,within_genus_species,Enterobacter,150,substitution_1pct,label
ckmer4_property_l2,logistic,147,5,147,0.2222222222222222,0.2109941520467836,within_genus_species,Enterobacter,150,substitution_1pct,label
ck4p_msp,nearest_centroid,147,5,222,0.2222222222222222,0.2180065359477124,within_genus_species,Enterobacter,150,substitution_1pct,label
ck4p_msp,logistic,147,5,222,0.2,0.18932357632048033,within_genus_species,Enterobacter,150,substitution_1pct,label
ckmer5_count_l2,nearest_centroid,147,5,511,0.24444444444444444,0.24130718954248365,within_genus_species,Enterobacter,150,substitution_1pct,label
ckmer5_count_l2,logistic,147,5,511,0.2222222222222222,0.21571379428964566,within_genus_species,Enterobacter,150,substitution_1pct,label
cspaced_property_l2,nearest_centroid,147,5,147,0.17777777777777778,0.16883016364440512,within_genus_species,Enterobacter,150,substitution_1pct,label
cspaced_property_l2,logistic,147,5,147,0.13333333333333333,0.13210526315789473,within_genus_species,Enterobacter,150,substitution_1pct,label
ckmer4_count_l2,nearest_centroid,89,2,136,0.5185185185185185,0.4419713831478538,target_background,Enterobacter,150,substitution_1pct,target_binary
ckmer4_count_l2,logistic,89,2,136,0.4074074074074074,0.38636363636363635,target_background,Enterobacter,150,substitution_1pct,target_binary
ckmer4_property_l2,nearest_centroid,89,2,147,0.5555555555555556,0.46710526315789475,target_background,Enterobacter,150,substitution_1pct,target_binary
ckmer4_property_l2,logistic,89,2,147,0.5185185185185185,0.47218045112781953,target_background,Enterobacter,150,substitution_1pct,target_binary
ck4p_msp,nearest_centroid,89,2,222,0.5555555555555556,0.46710526315789475,target_background,Enterobacter,150,substitution_1pct,target_binary
ck4p_msp,logistic,89,2,222,0.5555555555555556,0.46710526315789475,target_background,Enterobacter,150,substitution_1pct,target_binary
ckmer5_count_l2,nearest_centroid,89,2,510,0.5555555555555556,0.46710526315789475,target_background,Enterobacter,150,substitution_1pct,target_binary
ckmer5_count_l2,logistic,89,2,510,0.4444444444444444,0.35612082670906203,target_background,Enterobacter,150,substitution_1pct,target_binary
cspaced_property_l2,nearest_centroid,89,2,147,0.5555555555555556,0.5235294117647059,target_background,Enterobacter,150,substitution_1pct,target_binary
cspaced_property_l2,logistic,89,2,147,0.5555555555555556,0.5,target_background,Enterobacter,150,substitution_1pct,target_binary
ckmer4_count_l2,nearest_centroid,59,2,136,0.5555555555555556,0.55,within_genus_species,Escherichia,150,substitution_1pct,label
ckmer4_count_l2,logistic,59,2,136,0.5555555555555556,0.5324675324675324,within_genus_species,Escherichia,150,substitution_1pct,label
ckmer4_property_l2,nearest_centroid,59,2,147,0.6111111111111112,0.6,within_genus_species,Escherichia,150,substitution_1pct,label
ckmer4_property_l2,logistic,59,2,147,0.6111111111111112,0.6,within_genus_species,Escherichia,150,substitution_1pct,label
ck4p_msp,nearest_centroid,59,2,222,0.5555555555555556,0.55,within_genus_species,Escherichia,150,substitution_1pct,label
ck4p_msp,logistic,59,2,222,0.6111111111111112,0.6,within_genus_species,Escherichia,150,substitution_1pct,label
ckmer5_count_l2,nearest_centroid,59,2,511,0.5,0.4857142857142857,within_genus_species,Escherichia,150,substitution_1pct,label
ckmer5_count_l2,logistic,59,2,511,0.6111111111111112,0.6,within_genus_species,Escherichia,150,substitution_1pct,label
cspaced_property_l2,nearest_centroid,59,2,147,0.4444444444444444,0.41558441558441556,within_genus_species,Escherichia,150,substitution_1pct,label
cspaced_property_l2,logistic,59,2,147,0.4444444444444444,0.41558441558441556,within_genus_species,Escherichia,150,substitution_1pct,label
ckmer4_count_l2,nearest_centroid,59,2,136,0.5555555555555556,0.55,target_background,Escherichia,150,substitution_1pct,target_binary
ckmer4_count_l2,logistic,59,2,136,0.5555555555555556,0.5324675324675324,target_background,Escherichia,150,substitution_1pct,target_binary
ckmer4_property_l2,nearest_centroid,59,2,147,0.6111111111111112,0.6,target_background,Escherichia,150,substitution_1pct,target_binary
ckmer4_property_l2,logistic,59,2,147,0.6111111111111112,0.6,target_background,Escherichia,150,substitution_1pct,target_binary
ck4p_msp,nearest_centroid,59,2,222,0.5555555555555556,0.55,target_background,Escherichia,150,substitution_1pct,target_binary
ck4p_msp,logistic,59,2,222,0.6111111111111112,0.6,target_background,Escherichia,150,substitution_1pct,target_binary
ckmer5_count_l2,nearest_centroid,59,2,511,0.5,0.4857142857142857,target_background,Escherichia,150,substitution_1pct,target_binary
ckmer5_count_l2,logistic,59,2,511,0.6111111111111112,0.6,target_background,Escherichia,150,substitution_1pct,target_binary
cspaced_property_l2,nearest_centroid,59,2,147,0.4444444444444444,0.41558441558441556,target_background,Escherichia,150,substitution_1pct,target_binary
cspaced_property_l2,logistic,59,2,147,0.4444444444444444,0.41558441558441556,target_background,Escherichia,150,substitution_1pct,target_binary
ckmer4_count_l2,nearest_centroid,78,3,136,0.2916666666666667,0.2846153846153846,within_genus_species,Klebsiella,150,substitution_1pct,label
ckmer4_count_l2,logistic,78,3,136,0.3333333333333333,0.3052503052503052,within_genus_species,Klebsiella,150,substitution_1pct,label
ckmer4_property_l2,nearest_centroid,78,3,147,0.2916666666666667,0.28055555555555556,within_genus_species,Klebsiella,150,substitution_1pct,label
ckmer4_property_l2,logistic,78,3,147,0.3333333333333333,0.30317460317460315,within_genus_species,Klebsiella,150,substitution_1pct,label
ck4p_msp,nearest_centroid,78,3,222,0.2916666666666667,0.28055555555555556,within_genus_species,Klebsiella,150,substitution_1pct,label
ck4p_msp,logistic,78,3,222,0.3333333333333333,0.3138888888888889,within_genus_species,Klebsiella,150,substitution_1pct,label
ckmer5_count_l2,nearest_centroid,78,3,512,0.20833333333333334,0.17676767676767677,within_genus_species,Klebsiella,150,substitution_1pct,label
ckmer5_count_l2,logistic,78,3,512,0.3333333333333333,0.27616161616161616,within_genus_species,Klebsiella,150,substitution_1pct,label
cspaced_property_l2,nearest_centroid,78,3,147,0.3333333333333333,0.317948717948718,within_genus_species,Klebsiella,150,substitution_1pct,label
cspaced_property_l2,logistic,78,3,147,0.4166666666666667,0.37936507936507935,within_genus_species,Klebsiella,150,substitution_1pct,label
ckmer4_count_l2,nearest_centroid,78,2,136,0.5416666666666666,0.5208711433756805,target_background,Klebsiella,150,substitution_1pct,target_binary
ckmer4_count_l2,logistic,78,2,136,0.4583333333333333,0.3142857142857143,target_background,Klebsiella,150,substitution_1pct,target_binary
ckmer4_property_l2,nearest_centroid,78,2,147,0.5833333333333334,0.5555555555555556,target_background,Klebsiella,150,substitution_1pct,target_binary
ckmer4_property_l2,logistic,78,2,147,0.5,0.3333333333333333,target_background,Klebsiella,150,substitution_1pct,target_binary
ck4p_msp,nearest_centroid,78,2,222,0.5833333333333334,0.5555555555555556,target_background,Klebsiella,150,substitution_1pct,target_binary
ck4p_msp,logistic,78,2,222,0.7083333333333334,0.5213675213675213,target_background,Klebsiella,150,substitution_1pct,target_binary
ckmer5_count_l2,nearest_centroid,78,2,512,0.625,0.5252747252747253,target_background,Klebsiella,150,substitution_1pct,target_binary
ckmer5_count_l2,logistic,78,2,512,0.625,0.38461538461538464,target_background,Klebsiella,150,substitution_1pct,target_binary
cspaced_property_l2,nearest_centroid,78,2,147,0.5833333333333334,0.53125,target_background,Klebsiella,150,substitution_1pct,target_binary
cspaced_property_l2,logistic,78,2,147,0.5833333333333334,0.4957983193277311,target_background,Klebsiella,150,substitution_1pct,target_binary
ckmer4_count_l2,nearest_centroid,114,4,136,0.37142857142857144,0.35768398268398266,within_genus_species,Acinetobacter,150,N_3pct,label
ckmer4_count_l2,logistic,114,4,136,0.4,0.36950757575757576,within_genus_species,Acinetobacter,150,N_3pct,label
ckmer4_property_l2,nearest_centroid,114,4,147,0.42857142857142855,0.4184149184149184,within_genus_species,Acinetobacter,150,N_3pct,label
ckmer4_property_l2,logistic,114,4,147,0.4,0.37543290043290045,within_genus_species,Acinetobacter,150,N_3pct,label
ck4p_msp,nearest_centroid,114,4,222,0.4,0.3879471405787195,within_genus_species,Acinetobacter,150,N_3pct,label
ck4p_msp,logistic,114,4,222,0.3142857142857143,0.2857536818635217,within_genus_species,Acinetobacter,150,N_3pct,label
ckmer5_count_l2,nearest_centroid,114,4,511,0.4,0.387531328320802,within_genus_species,Acinetobacter,150,N_3pct,label
ckmer5_count_l2,logistic,114,4,511,0.3142857142857143,0.2650462962962963,within_genus_species,Acinetobacter,150,N_3pct,label
cspaced_property_l2,nearest_centroid,114,4,147,0.3142857142857143,0.32323232323232326,within_genus_species,Acinetobacter,150,N_3pct,label
cspaced_property_l2,logistic,114,4,147,0.3142857142857143,0.3299803617099013,within_genus_species,Acinetobacter,150,N_3pct,label
ckmer4_count_l2,nearest_centroid,89,3,136,0.48148148148148145,0.4731481481481481,within_genus_species,Burkholderia,150,N_3pct,label
ckmer4_count_l2,logistic,89,3,136,0.25925925925925924,0.24963924963924963,within_genus_species,Burkholderia,150,N_3pct,label
ckmer4_property_l2,nearest_centroid,89,3,146,0.4074074074074074,0.40277777777777773,within_genus_species,Burkholderia,150,N_3pct,label
ckmer4_property_l2,logistic,89,3,146,0.2962962962962963,0.27833519137866963,within_genus_species,Burkholderia,150,N_3pct,label
ck4p_msp,nearest_centroid,89,3,222,0.48148148148148145,0.4731481481481481,within_genus_species,Burkholderia,150,N_3pct,label
ck4p_msp,logistic,89,3,222,0.4074074074074074,0.395959595959596,within_genus_species,Burkholderia,150,N_3pct,label
ckmer5_count_l2,nearest_centroid,89,3,500,0.3333333333333333,0.3314814814814815,within_genus_species,Burkholderia,150,N_3pct,label
ckmer5_count_l2,logistic,89,3,500,0.4074074074074074,0.4083247334021327,within_genus_species,Burkholderia,150,N_3pct,label
cspaced_property_l2,nearest_centroid,89,3,147,0.2222222222222222,0.21710526315789472,within_genus_species,Burkholderia,150,N_3pct,label
cspaced_property_l2,logistic,89,3,147,0.25925925925925924,0.2537037037037037,within_genus_species,Burkholderia,150,N_3pct,label
ckmer4_count_l2,nearest_centroid,89,2,136,0.4444444444444444,0.4413793103448276,target_background,Burkholderia,150,N_3pct,target_binary
ckmer4_count_l2,logistic,89,2,136,0.6296296296296297,0.5833333333333333,target_background,Burkholderia,150,N_3pct,target_binary
ckmer4_property_l2,nearest_centroid,89,2,147,0.37037037037037035,0.37037037037037035,target_background,Burkholderia,150,N_3pct,target_binary
ckmer4_property_l2,logistic,89,2,147,0.7037037037037037,0.6447368421052632,target_background,Burkholderia,150,N_3pct,target_binary
ck4p_msp,nearest_centroid,89,2,222,0.48148148148148145,0.475,target_background,Burkholderia,150,N_3pct,target_binary
ck4p_msp,logistic,89,2,222,0.6296296296296297,0.6029411764705883,target_background,Burkholderia,150,N_3pct,target_binary
ckmer5_count_l2,nearest_centroid,89,2,500,0.5555555555555556,0.5397727272727273,target_background,Burkholderia,150,N_3pct,target_binary
ckmer5_count_l2,logistic,89,2,500,0.7037037037037037,0.6666666666666667,target_background,Burkholderia,150,N_3pct,target_binary
cspaced_property_l2,nearest_centroid,89,2,147,0.3333333333333333,0.33241758241758246,target_background,Burkholderia,150,N_3pct,target_binary
cspaced_property_l2,logistic,89,2,147,0.5185185185185185,0.4935064935064935,target_background,Burkholderia,150,N_3pct,target_binary
ckmer4_count_l2,nearest_centroid,113,4,136,0.35294117647058826,0.3272893772893773,within_genus_species,Candida,150,N_3pct,label
ckmer4_count_l2,logistic,113,4,136,0.38235294117647056,0.38912198912198914,within_genus_species,Candida,150,N_3pct,label
ckmer4_property_l2,nearest_centroid,113,4,147,0.3235294117647059,0.3185170807453416,within_genus_species,Candida,150,N_3pct,label
ckmer4_property_l2,logistic,113,4,147,0.3235294117647059,0.3279159437054174,within_genus_species,Candida,150,N_3pct,label
ck4p_msp,nearest_centroid,113,4,222,0.3235294117647059,0.3098214285714286,within_genus_species,Candida,150,N_3pct,label
ck4p_msp,logistic,113,4,222,0.38235294117647056,0.36640990588359007,within_genus_species,Candida,150,N_3pct,label
ckmer5_count_l2,nearest_centroid,113,4,509,0.38235294117647056,0.34550831202046034,within_genus_species,Candida,150,N_3pct,label
ckmer5_count_l2,logistic,113,4,509,0.23529411764705882,0.2408668730650155,within_genus_species,Candida,150,N_3pct,label
cspaced_property_l2,nearest_centroid,113,4,147,0.23529411764705882,0.19798136645962733,within_genus_species,Candida,150,N_3pct,label
cspaced_property_l2,logistic,113,4,147,0.29411764705882354,0.27538515406162467,within_genus_species,Candida,150,N_3pct,label
ckmer4_count_l2,nearest_centroid,92,2,136,0.5357142857142857,0.5047619047619047,target_background,Candida,150,N_3pct,target_binary
ckmer4_count_l2,logistic,92,2,136,0.5,0.47593582887700536,target_background,Candida,150,N_3pct,target_binary
ckmer4_property_l2,nearest_centroid,92,2,147,0.5357142857142857,0.5047619047619047,target_background,Candida,150,N_3pct,target_binary
ckmer4_property_l2,logistic,92,2,147,0.5,0.47593582887700536,target_background,Candida,150,N_3pct,target_binary
ck4p_msp,nearest_centroid,92,2,222,0.5357142857142857,0.5047619047619047,target_background,Candida,150,N_3pct,target_binary
ck4p_msp,logistic,92,2,222,0.5714285714285714,0.5508021390374331,target_background,Candida,150,N_3pct,target_binary
ckmer5_count_l2,nearest_centroid,92,2,509,0.5357142857142857,0.5047619047619047,target_background,Candida,150,N_3pct,target_binary
ckmer5_count_l2,logistic,92,2,509,0.5,0.4269005847953216,target_background,Candida,150,N_3pct,target_binary
cspaced_property_l2,nearest_centroid,92,2,147,0.5,0.47593582887700536,target_background,Candida,150,N_3pct,target_binary
cspaced_property_l2,logistic,92,2,147,0.5357142857142857,0.4822190611664296,target_background,Candida,150,N_3pct,target_binary
ckmer4_count_l2,nearest_centroid,147,5,136,0.24444444444444444,0.24083075335397316,within_genus_species,Enterobacter,150,N_3pct,label
ckmer4_count_l2,logistic,147,5,136,0.17777777777777778,0.16579416455577448,within_genus_species,Enterobacter,150,N_3pct,label
ckmer4_property_l2,nearest_centroid,147,5,147,0.24444444444444444,0.23900560224089634,within_genus_species,Enterobacter,150,N_3pct,label
ckmer4_property_l2,logistic,147,5,147,0.15555555555555556,0.14761234637395626,within_genus_species,Enterobacter,150,N_3pct,label
ck4p_msp,nearest_centroid,147,5,222,0.26666666666666666,0.26436016511867905,within_genus_species,Enterobacter,150,N_3pct,label
ck4p_msp,logistic,147,5,222,0.2,0.19345422379478108,within_genus_species,Enterobacter,150,N_3pct,label
ckmer5_count_l2,nearest_centroid,147,5,510,0.13333333333333333,0.13220551378446116,within_genus_species,Enterobacter,150,N_3pct,label
ckmer5_count_l2,logistic,147,5,510,0.1111111111111111,0.11055088702147527,within_genus_species,Enterobacter,150,N_3pct,label
cspaced_property_l2,nearest_centroid,147,5,147,0.13333333333333333,0.13374613003095975,within_genus_species,Enterobacter,150,N_3pct,label
cspaced_property_l2,logistic,147,5,147,0.15555555555555556,0.149953314659197,within_genus_species,Enterobacter,150,N_3pct,label
ckmer4_count_l2,nearest_centroid,89,2,135,0.6296296296296297,0.555921052631579,target_background,Enterobacter,150,N_3pct,target_binary
ckmer4_count_l2,logistic,89,2,135,0.4444444444444444,0.39097744360902253,target_background,Enterobacter,150,N_3pct,target_binary
ckmer4_property_l2,nearest_centroid,89,2,146,0.6296296296296297,0.555921052631579,target_background,Enterobacter,150,N_3pct,target_binary
ckmer4_property_l2,logistic,89,2,146,0.5555555555555556,0.5,target_background,Enterobacter,150,N_3pct,target_binary
ck4p_msp,nearest_centroid,89,2,222,0.6296296296296297,0.555921052631579,target_background,Enterobacter,150,N_3pct,target_binary
ck4p_msp,logistic,89,2,222,0.5925925925925926,0.5278219395866455,target_background,Enterobacter,150,N_3pct,target_binary
ckmer5_count_l2,nearest_centroid,89,2,507,0.5555555555555556,0.46710526315789475,target_background,Enterobacter,150,N_3pct,target_binary
ckmer5_count_l2,logistic,89,2,507,0.5555555555555556,0.35714285714285715,target_background,Enterobacter,150,N_3pct,target_binary
cspaced_property_l2,nearest_centroid,89,2,147,0.48148148148148145,0.3782894736842105,target_background,Enterobacter,150,N_3pct,target_binary
cspaced_property_l2,logistic,89,2,147,0.48148148148148145,0.4166666666666667,target_background,Enterobacter,150,N_3pct,target_binary
ckmer4_count_l2,nearest_centroid,59,2,135,0.4444444444444444,0.41558441558441556,within_genus_species,Escherichia,150,N_3pct,label
ckmer4_count_l2,logistic,59,2,135,0.4444444444444444,0.41558441558441556,within_genus_species,Escherichia,150,N_3pct,label
ckmer4_property_l2,nearest_centroid,59,2,146,0.5,0.4857142857142857,within_genus_species,Escherichia,150,N_3pct,label
ckmer4_property_l2,logistic,59,2,146,0.4444444444444444,0.41558441558441556,within_genus_species,Escherichia,150,N_3pct,label
ck4p_msp,nearest_centroid,59,2,222,0.5,0.4857142857142857,within_genus_species,Escherichia,150,N_3pct,label
ck4p_msp,logistic,59,2,222,0.5,0.4857142857142857,within_genus_species,Escherichia,150,N_3pct,label
ckmer5_count_l2,nearest_centroid,59,2,508,0.5,0.4581939799331104,within_genus_species,Escherichia,150,N_3pct,label
ckmer5_count_l2,logistic,59,2,508,0.3888888888888889,0.3377926421404682,within_genus_species,Escherichia,150,N_3pct,label
cspaced_property_l2,nearest_centroid,59,2,147,0.5,0.4857142857142857,within_genus_species,Escherichia,150,N_3pct,label
cspaced_property_l2,logistic,59,2,147,0.5,0.4857142857142857,within_genus_species,Escherichia,150,N_3pct,label
ckmer4_count_l2,nearest_centroid,59,2,135,0.4444444444444444,0.41558441558441556,target_background,Escherichia,150,N_3pct,target_binary
ckmer4_count_l2,logistic,59,2,135,0.4444444444444444,0.41558441558441556,target_background,Escherichia,150,N_3pct,target_binary
ckmer4_property_l2,nearest_centroid,59,2,146,0.5,0.4857142857142857,target_background,Escherichia,150,N_3pct,target_binary
ckmer4_property_l2,logistic,59,2,146,0.4444444444444444,0.41558441558441556,target_background,Escherichia,150,N_3pct,target_binary
ck4p_msp,nearest_centroid,59,2,222,0.5,0.4857142857142857,target_background,Escherichia,150,N_3pct,target_binary
ck4p_msp,logistic,59,2,222,0.5,0.4857142857142857,target_background,Escherichia,150,N_3pct,target_binary
ckmer5_count_l2,nearest_centroid,59,2,508,0.5,0.4581939799331104,target_background,Escherichia,150,N_3pct,target_binary
ckmer5_count_l2,logistic,59,2,508,0.3888888888888889,0.3377926421404682,target_background,Escherichia,150,N_3pct,target_binary
cspaced_property_l2,nearest_centroid,59,2,147,0.5,0.4857142857142857,target_background,Escherichia,150,N_3pct,target_binary
cspaced_property_l2,logistic,59,2,147,0.5,0.4857142857142857,target_background,Escherichia,150,N_3pct,target_binary
ckmer4_count_l2,nearest_centroid,78,3,136,0.3333333333333333,0.31129785247432307,within_genus_species,Klebsiella,150,N_3pct,label
ckmer4_count_l2,logistic,78,3,136,0.4166666666666667,0.40552584670231734,within_genus_species,Klebsiella,150,N_3pct,label
ckmer4_property_l2,nearest_centroid,78,3,147,0.3333333333333333,0.3125901875901876,within_genus_species,Klebsiella,150,N_3pct,label
ckmer4_property_l2,logistic,78,3,147,0.3333333333333333,0.3247863247863248,within_genus_species,Klebsiella,150,N_3pct,label
ck4p_msp,nearest_centroid,78,3,222,0.3333333333333333,0.31129785247432307,within_genus_species,Klebsiella,150,N_3pct,label
ck4p_msp,logistic,78,3,222,0.3333333333333333,0.32698412698412693,within_genus_species,Klebsiella,150,N_3pct,label
ckmer5_count_l2,nearest_centroid,78,3,510,0.2916666666666667,0.2587991718426501,within_genus_species,Klebsiella,150,N_3pct,label
ckmer5_count_l2,logistic,78,3,510,0.3333333333333333,0.23950617283950618,within_genus_species,Klebsiella,150,N_3pct,label
cspaced_property_l2,nearest_centroid,78,3,147,0.25,0.2472222222222222,within_genus_species,Klebsiella,150,N_3pct,label
cspaced_property_l2,logistic,78,3,147,0.375,0.3297571993224167,within_genus_species,Klebsiella,150,N_3pct,label
ckmer4_count_l2,nearest_centroid,78,2,136,0.5416666666666666,0.4990512333965844,target_background,Klebsiella,150,N_3pct,target_binary
ckmer4_count_l2,logistic,78,2,136,0.4583333333333333,0.3142857142857143,target_background,Klebsiella,150,N_3pct,target_binary
ckmer4_property_l2,nearest_centroid,78,2,147,0.5416666666666666,0.4990512333965844,target_background,Klebsiella,150,N_3pct,target_binary
ckmer4_property_l2,logistic,78,2,147,0.4583333333333333,0.3142857142857143,target_background,Klebsiella,150,N_3pct,target_binary
ck4p_msp,nearest_centroid,78,2,222,0.5416666666666666,0.4990512333965844,target_background,Klebsiella,150,N_3pct,target_binary
ck4p_msp,logistic,78,2,222,0.625,0.46928746928746934,target_background,Klebsiella,150,N_3pct,target_binary
ckmer5_count_l2,nearest_centroid,78,2,510,0.625,0.5252747252747253,target_background,Klebsiella,150,N_3pct,target_binary
ckmer5_count_l2,logistic,78,2,510,0.7083333333333334,0.5213675213675213,target_background,Klebsiella,150,N_3pct,target_binary
cspaced_property_l2,nearest_centroid,78,2,147,0.625,0.5636363636363637,target_background,Klebsiella,150,N_3pct,target_binary
cspaced_property_l2,logistic,78,2,147,0.5833333333333334,0.53125,target_background,Klebsiella,150,N_3pct,target_binary
ckmer4_count_l2,nearest_centroid,114,4,136,0.4,0.4016148969709341,within_genus_species,Acinetobacter,150,trim_5bp,label
ckmer4_count_l2,logistic,114,4,136,0.37142857142857144,0.3245989304812834,within_genus_species,Acinetobacter,150,trim_5bp,label
ckmer4_property_l2,nearest_centroid,114,4,147,0.34285714285714286,0.33030303030303027,within_genus_species,Acinetobacter,150,trim_5bp,label
ckmer4_property_l2,logistic,114,4,147,0.37142857142857144,0.3314151747655584,within_genus_species,Acinetobacter,150,trim_5bp,label
ck4p_msp,nearest_centroid,114,4,222,0.37142857142857144,0.3666125541125541,within_genus_species,Acinetobacter,150,trim_5bp,label
ck4p_msp,logistic,114,4,222,0.42857142857142855,0.39576719576719577,within_genus_species,Acinetobacter,150,trim_5bp,label
ckmer5_count_l2,nearest_centroid,114,4,512,0.3142857142857143,0.3084733893557423,within_genus_species,Acinetobacter,150,trim_5bp,label
ckmer5_count_l2,logistic,114,4,512,0.2857142857142857,0.27653985507246376,within_genus_species,Acinetobacter,150,trim_5bp,label
cspaced_property_l2,nearest_centroid,114,4,147,0.3142857142857143,0.3173611111111111,within_genus_species,Acinetobacter,150,trim_5bp,label
cspaced_property_l2,logistic,114,4,147,0.22857142857142856,0.23519736842105263,within_genus_species,Acinetobacter,150,trim_5bp,label
ckmer4_count_l2,nearest_centroid,89,3,136,0.5185185185185185,0.5137254901960784,within_genus_species,Burkholderia,150,trim_5bp,label
ckmer4_count_l2,logistic,89,3,136,0.5555555555555556,0.5574795574795575,within_genus_species,Burkholderia,150,trim_5bp,label
ckmer4_property_l2,nearest_centroid,89,3,146,0.48148148148148145,0.4723389355742296,within_genus_species,Burkholderia,150,trim_5bp,label
ckmer4_property_l2,logistic,89,3,146,0.5185185185185185,0.5246449456975771,within_genus_species,Burkholderia,150,trim_5bp,label
ck4p_msp,nearest_centroid,89,3,222,0.48148148148148145,0.4723389355742296,within_genus_species,Burkholderia,150,trim_5bp,label
ck4p_msp,logistic,89,3,222,0.3333333333333333,0.3240641711229946,within_genus_species,Burkholderia,150,trim_5bp,label
ckmer5_count_l2,nearest_centroid,89,3,501,0.3333333333333333,0.31957671957671957,within_genus_species,Burkholderia,150,trim_5bp,label
ckmer5_count_l2,logistic,89,3,501,0.4444444444444444,0.42751322751322746,within_genus_species,Burkholderia,150,trim_5bp,label
cspaced_property_l2,nearest_centroid,89,3,147,0.18518518518518517,0.17028985507246377,within_genus_species,Burkholderia,150,trim_5bp,label
cspaced_property_l2,logistic,89,3,147,0.18518518518518517,0.18871063576945932,within_genus_species,Burkholderia,150,trim_5bp,label
ckmer4_count_l2,nearest_centroid,89,2,136,0.3333333333333333,0.33241758241758246,target_background,Burkholderia,150,trim_5bp,target_binary
ckmer4_count_l2,logistic,89,2,136,0.5925925925925926,0.5278219395866455,target_background,Burkholderia,150,trim_5bp,target_binary
ckmer4_property_l2,nearest_centroid,89,2,147,0.37037037037037035,0.37037037037037035,target_background,Burkholderia,150,trim_5bp,target_binary
ckmer4_property_l2,logistic,89,2,147,0.6296296296296297,0.5833333333333333,target_background,Burkholderia,150,trim_5bp,target_binary
ck4p_msp,nearest_centroid,89,2,222,0.3333333333333333,0.33241758241758246,target_background,Burkholderia,150,trim_5bp,target_binary
ck4p_msp,logistic,89,2,222,0.6666666666666666,0.5846153846153846,target_background,Burkholderia,150,trim_5bp,target_binary
ckmer5_count_l2,nearest_centroid,89,2,501,0.5185185185185185,0.4935064935064935,target_background,Burkholderia,150,trim_5bp,target_binary
ckmer5_count_l2,logistic,89,2,501,0.6296296296296297,0.5833333333333333,target_background,Burkholderia,150,trim_5bp,target_binary
cspaced_property_l2,nearest_centroid,89,2,147,0.3333333333333333,0.33241758241758246,target_background,Burkholderia,150,trim_5bp,target_binary
cspaced_property_l2,logistic,89,2,147,0.48148148148148145,0.4630681818181818,target_background,Burkholderia,150,trim_5bp,target_binary
ckmer4_count_l2,nearest_centroid,113,4,136,0.38235294117647056,0.3341346153846154,within_genus_species,Candida,150,trim_5bp,label
ckmer4_count_l2,logistic,113,4,136,0.2647058823529412,0.27363996297819826,within_genus_species,Candida,150,trim_5bp,label
ckmer4_property_l2,nearest_centroid,113,4,147,0.38235294117647056,0.3341346153846154,within_genus_species,Candida,150,trim_5bp,label
ckmer4_property_l2,logistic,113,4,147,0.23529411764705882,0.2436974789915966,within_genus_species,Candida,150,trim_5bp,label
ck4p_msp,nearest_centroid,113,4,222,0.38235294117647056,0.3341346153846154,within_genus_species,Candida,150,trim_5bp,label
ck4p_msp,logistic,113,4,222,0.3235294117647059,0.3277777777777777,within_genus_species,Candida,150,trim_5bp,label
ckmer5_count_l2,nearest_centroid,113,4,509,0.4117647058823529,0.4035440263061746,within_genus_species,Candida,150,trim_5bp,label
ckmer5_count_l2,logistic,113,4,509,0.29411764705882354,0.29680451127819546,within_genus_species,Candida,150,trim_5bp,label
cspaced_property_l2,nearest_centroid,113,4,147,0.29411764705882354,0.25946969696969696,within_genus_species,Candida,150,trim_5bp,label
cspaced_property_l2,logistic,113,4,147,0.20588235294117646,0.18975044563279858,within_genus_species,Candida,150,trim_5bp,label
ckmer4_count_l2,nearest_centroid,92,2,136,0.5,0.47593582887700536,target_background,Candida,150,trim_5bp,target_binary
ckmer4_count_l2,logistic,92,2,136,0.4642857142857143,0.44664031620553357,target_background,Candida,150,trim_5bp,target_binary
ckmer4_property_l2,nearest_centroid,92,2,147,0.5,0.47593582887700536,target_background,Candida,150,trim_5bp,target_binary
ckmer4_property_l2,logistic,92,2,147,0.5,0.47593582887700536,target_background,Candida,150,trim_5bp,target_binary
ck4p_msp,nearest_centroid,92,2,222,0.5,0.47593582887700536,target_background,Candida,150,trim_5bp,target_binary
ck4p_msp,logistic,92,2,222,0.6428571428571429,0.625668449197861,target_background,Candida,150,trim_5bp,target_binary
ckmer5_count_l2,nearest_centroid,92,2,509,0.4642857142857143,0.44664031620553357,target_background,Candida,150,trim_5bp,target_binary
ckmer5_count_l2,logistic,92,2,509,0.39285714285714285,0.35238095238095235,target_background,Candida,150,trim_5bp,target_binary
cspaced_property_l2,nearest_centroid,92,2,147,0.5357142857142857,0.5204216073781291,target_background,Candida,150,trim_5bp,target_binary
cspaced_property_l2,logistic,92,2,147,0.6071428571428571,0.5354449472096531,target_background,Candida,150,trim_5bp,target_binary
ckmer4_count_l2,nearest_centroid,147,5,136,0.26666666666666666,0.26498599439775916,within_genus_species,Enterobacter,150,trim_5bp,label
ckmer4_count_l2,logistic,147,5,136,0.26666666666666666,0.2547979797979798,within_genus_species,Enterobacter,150,trim_5bp,label
ckmer4_property_l2,nearest_centroid,147,5,147,0.24444444444444444,0.24730134158926725,within_genus_species,Enterobacter,150,trim_5bp,label
ckmer4_property_l2,logistic,147,5,147,0.28888888888888886,0.27485129937142316,within_genus_species,Enterobacter,150,trim_5bp,label
ck4p_msp,nearest_centroid,147,5,222,0.26666666666666666,0.26680035650623884,within_genus_species,Enterobacter,150,trim_5bp,label
ck4p_msp,logistic,147,5,222,0.2222222222222222,0.19912594786198232,within_genus_species,Enterobacter,150,trim_5bp,label
ckmer5_count_l2,nearest_centroid,147,5,510,0.2,0.20150769079561645,within_genus_species,Enterobacter,150,trim_5bp,label
ckmer5_count_l2,logistic,147,5,510,0.17777777777777778,0.17795093795093794,within_genus_species,Enterobacter,150,trim_5bp,label
cspaced_property_l2,nearest_centroid,147,5,147,0.2,0.20613175094599243,within_genus_species,Enterobacter,150,trim_5bp,label
cspaced_property_l2,logistic,147,5,147,0.17777777777777778,0.19278195488721805,within_genus_species,Enterobacter,150,trim_5bp,label
ckmer4_count_l2,nearest_centroid,89,2,136,0.5555555555555556,0.5,target_background,Enterobacter,150,trim_5bp,target_binary
ckmer4_count_l2,logistic,89,2,136,0.5185185185185185,0.47218045112781953,target_background,Enterobacter,150,trim_5bp,target_binary
ckmer4_property_l2,nearest_centroid,89,2,147,0.5555555555555556,0.5,target_background,Enterobacter,150,trim_5bp,target_binary
ckmer4_property_l2,logistic,89,2,147,0.6296296296296297,0.555921052631579,target_background,Enterobacter,150,trim_5bp,target_binary
ck4p_msp,nearest_centroid,89,2,222,0.5555555555555556,0.5,target_background,Enterobacter,150,trim_5bp,target_binary
ck4p_msp,logistic,89,2,222,0.6296296296296297,0.555921052631579,target_background,Enterobacter,150,trim_5bp,target_binary
ckmer5_count_l2,nearest_centroid,89,2,510,0.5185185185185185,0.47218045112781953,target_background,Enterobacter,150,trim_5bp,target_binary
ckmer5_count_l2,logistic,89,2,510,0.6296296296296297,0.5178571428571428,target_background,Enterobacter,150,trim_5bp,target_binary
cspaced_property_l2,nearest_centroid,89,2,147,0.5555555555555556,0.5397727272727273,target_background,Enterobacter,150,trim_5bp,target_binary
cspaced_property_l2,logistic,89,2,147,0.4444444444444444,0.4319775596072931,target_background,Enterobacter,150,trim_5bp,target_binary
ckmer4_count_l2,nearest_centroid,59,2,135,0.5555555555555556,0.55,within_genus_species,Escherichia,150,trim_5bp,label
ckmer4_count_l2,logistic,59,2,135,0.5555555555555556,0.5324675324675324,within_genus_species,Escherichia,150,trim_5bp,label
ckmer4_property_l2,nearest_centroid,59,2,146,0.5555555555555556,0.55,within_genus_species,Escherichia,150,trim_5bp,label
ckmer4_property_l2,logistic,59,2,146,0.5,0.4857142857142857,within_genus_species,Escherichia,150,trim_5bp,label
ck4p_msp,nearest_centroid,59,2,222,0.5555555555555556,0.55,within_genus_species,Escherichia,150,trim_5bp,label
ck4p_msp,logistic,59,2,222,0.5,0.4581939799331104,within_genus_species,Escherichia,150,trim_5bp,label
ckmer5_count_l2,nearest_centroid,59,2,508,0.5555555555555556,0.5324675324675324,within_genus_species,Escherichia,150,trim_5bp,label
ckmer5_count_l2,logistic,59,2,508,0.5,0.4581939799331104,within_genus_species,Escherichia,150,trim_5bp,label
cspaced_property_l2,nearest_centroid,59,2,147,0.5,0.4857142857142857,within_genus_species,Escherichia,150,trim_5bp,label
cspaced_property_l2,logistic,59,2,147,0.4444444444444444,0.41558441558441556,within_genus_species,Escherichia,150,trim_5bp,label
ckmer4_count_l2,nearest_centroid,59,2,135,0.5555555555555556,0.55,target_background,Escherichia,150,trim_5bp,target_binary
ckmer4_count_l2,logistic,59,2,135,0.5555555555555556,0.5324675324675324,target_background,Escherichia,150,trim_5bp,target_binary
ckmer4_property_l2,nearest_centroid,59,2,146,0.5555555555555556,0.55,target_background,Escherichia,150,trim_5bp,target_binary
ckmer4_property_l2,logistic,59,2,146,0.5,0.4857142857142857,target_background,Escherichia,150,trim_5bp,target_binary
ck4p_msp,nearest_centroid,59,2,222,0.5555555555555556,0.55,target_background,Escherichia,150,trim_5bp,target_binary
ck4p_msp,logistic,59,2,222,0.5,0.4581939799331104,target_background,Escherichia,150,trim_5bp,target_binary
ckmer5_count_l2,nearest_centroid,59,2,508,0.5555555555555556,0.5324675324675324,target_background,Escherichia,150,trim_5bp,target_binary
ckmer5_count_l2,logistic,59,2,508,0.5,0.4581939799331104,target_background,Escherichia,150,trim_5bp,target_binary
cspaced_property_l2,nearest_centroid,59,2,147,0.5,0.4857142857142857,target_background,Escherichia,150,trim_5bp,target_binary
cspaced_property_l2,logistic,59,2,147,0.4444444444444444,0.41558441558441556,target_background,Escherichia,150,trim_5bp,target_binary
ckmer4_count_l2,nearest_centroid,78,3,136,0.3333333333333333,0.31587301587301586,within_genus_species,Klebsiella,150,trim_5bp,label
ckmer4_count_l2,logistic,78,3,136,0.4166666666666667,0.39206349206349206,within_genus_species,Klebsiella,150,trim_5bp,label
ckmer4_property_l2,nearest_centroid,78,3,147,0.3333333333333333,0.31587301587301586,within_genus_species,Klebsiella,150,trim_5bp,label
ckmer4_property_l2,logistic,78,3,147,0.375,0.34545454545454546,within_genus_species,Klebsiella,150,trim_5bp,label
ck4p_msp,nearest_centroid,78,3,222,0.3333333333333333,0.31587301587301586,within_genus_species,Klebsiella,150,trim_5bp,label
ck4p_msp,logistic,78,3,222,0.4166666666666667,0.41336675020885544,within_genus_species,Klebsiella,150,trim_5bp,label
ckmer5_count_l2,nearest_centroid,78,3,510,0.3333333333333333,0.29877369007803795,within_genus_species,Klebsiella,150,trim_5bp,label
ckmer5_count_l2,logistic,78,3,510,0.16666666666666666,0.14393939393939395,within_genus_species,Klebsiella,150,trim_5bp,label
cspaced_property_l2,nearest_centroid,78,3,147,0.2916666666666667,0.2545454545454546,within_genus_species,Klebsiella,150,trim_5bp,label
cspaced_property_l2,logistic,78,3,147,0.5416666666666666,0.48712121212121207,within_genus_species,Klebsiella,150,trim_5bp,label
ckmer4_count_l2,nearest_centroid,78,2,136,0.5833333333333334,0.5714285714285714,target_background,Klebsiella,150,trim_5bp,target_binary
ckmer4_count_l2,logistic,78,2,136,0.5416666666666666,0.4197802197802198,target_background,Klebsiella,150,trim_5bp,target_binary
ckmer4_property_l2,nearest_centroid,78,2,147,0.5833333333333334,0.5714285714285714,target_background,Klebsiella,150,trim_5bp,target_binary
ckmer4_property_l2,logistic,78,2,147,0.5,0.3333333333333333,target_background,Klebsiella,150,trim_5bp,target_binary
ck4p_msp,nearest_centroid,78,2,222,0.5833333333333334,0.5714285714285714,target_background,Klebsiella,150,trim_5bp,target_binary
ck4p_msp,logistic,78,2,222,0.625,0.38461538461538464,target_background,Klebsiella,150,trim_5bp,target_binary
ckmer5_count_l2,nearest_centroid,78,2,510,0.5833333333333334,0.4957983193277311,target_background,Klebsiella,150,trim_5bp,target_binary
ckmer5_count_l2,logistic,78,2,510,0.7083333333333334,0.5213675213675213,target_background,Klebsiella,150,trim_5bp,target_binary
cspaced_property_l2,nearest_centroid,78,2,147,0.5416666666666666,0.4990512333965844,target_background,Klebsiella,150,trim_5bp,target_binary
cspaced_property_l2,logistic,78,2,147,0.625,0.5636363636363637,target_background,Klebsiella,150,trim_5bp,target_binary
ckmer4_count_l2,nearest_centroid,114,4,136,0.37142857142857144,0.3649270234409553,within_genus_species,Acinetobacter,150,substitution_1pct_N_3pct,label
ckmer4_count_l2,logistic,114,4,136,0.37142857142857144,0.3342401960784314,within_genus_species,Acinetobacter,150,substitution_1pct_N_3pct,label
ckmer4_property_l2,nearest_centroid,114,4,147,0.34285714285714286,0.3399270234409554,within_genus_species,Acinetobacter,150,substitution_1pct_N_3pct,label
ckmer4_property_l2,logistic,114,4,147,0.4857142857142857,0.46188186813186816,within_genus_species,Acinetobacter,150,substitution_1pct_N_3pct,label
ck4p_msp,nearest_centroid,114,4,222,0.37142857142857144,0.3649270234409553,within_genus_species,Acinetobacter,150,substitution_1pct_N_3pct,label
ck4p_msp,logistic,114,4,222,0.42857142857142855,0.3933333333333333,within_genus_species,Acinetobacter,150,substitution_1pct_N_3pct,label
ckmer5_count_l2,nearest_centroid,114,4,512,0.37142857142857144,0.36879084967320264,within_genus_species,Acinetobacter,150,substitution_1pct_N_3pct,label
ckmer5_count_l2,logistic,114,4,512,0.3142857142857143,0.2789473684210526,within_genus_species,Acinetobacter,150,substitution_1pct_N_3pct,label
cspaced_property_l2,nearest_centroid,114,4,147,0.2571428571428571,0.26074660633484165,within_genus_species,Acinetobacter,150,substitution_1pct_N_3pct,label
cspaced_property_l2,logistic,114,4,147,0.3142857142857143,0.3268115942028985,within_genus_species,Acinetobacter,150,substitution_1pct_N_3pct,label
ckmer4_count_l2,nearest_centroid,89,3,136,0.48148148148148145,0.45634920634920634,within_genus_species,Burkholderia,150,substitution_1pct_N_3pct,label
ckmer4_count_l2,logistic,89,3,136,0.5185185185185185,0.5185185185185185,within_genus_species,Burkholderia,150,substitution_1pct_N_3pct,label
ckmer4_property_l2,nearest_centroid,89,3,146,0.48148148148148145,0.45634920634920634,within_genus_species,Burkholderia,150,substitution_1pct_N_3pct,label
ckmer4_property_l2,logistic,89,3,146,0.4444444444444444,0.44059290382819793,within_genus_species,Burkholderia,150,substitution_1pct_N_3pct,label
ck4p_msp,nearest_centroid,89,3,222,0.48148148148148145,0.45634920634920634,within_genus_species,Burkholderia,150,substitution_1pct_N_3pct,label
ck4p_msp,logistic,89,3,222,0.4074074074074074,0.39892623716153125,within_genus_species,Burkholderia,150,substitution_1pct_N_3pct,label
ckmer5_count_l2,nearest_centroid,89,3,501,0.2962962962962963,0.29067767457860333,within_genus_species,Burkholderia,150,substitution_1pct_N_3pct,label
ckmer5_count_l2,logistic,89,3,501,0.4444444444444444,0.4505135387488329,within_genus_species,Burkholderia,150,substitution_1pct_N_3pct,label
cspaced_property_l2,nearest_centroid,89,3,147,0.25925925925925924,0.25740740740740736,within_genus_species,Burkholderia,150,substitution_1pct_N_3pct,label
cspaced_property_l2,logistic,89,3,147,0.2222222222222222,0.2185529182433207,within_genus_species,Burkholderia,150,substitution_1pct_N_3pct,label
ckmer4_count_l2,nearest_centroid,89,2,136,0.37037037037037035,0.36689655172413793,target_background,Burkholderia,150,substitution_1pct_N_3pct,target_binary
ckmer4_count_l2,logistic,89,2,136,0.5185185185185185,0.47218045112781953,target_background,Burkholderia,150,substitution_1pct_N_3pct,target_binary
ckmer4_property_l2,nearest_centroid,89,2,147,0.3333333333333333,0.33241758241758246,target_background,Burkholderia,150,substitution_1pct_N_3pct,target_binary
ckmer4_property_l2,logistic,89,2,147,0.5925925925925926,0.5533834586466165,target_background,Burkholderia,150,substitution_1pct_N_3pct,target_binary
ck4p_msp,nearest_centroid,89,2,222,0.37037037037037035,0.36689655172413793,target_background,Burkholderia,150,substitution_1pct_N_3pct,target_binary
ck4p_msp,logistic,89,2,222,0.5185185185185185,0.4419713831478538,target_background,Burkholderia,150,substitution_1pct_N_3pct,target_binary
ckmer5_count_l2,nearest_centroid,89,2,501,0.5185185185185185,0.5077138849929874,target_background,Burkholderia,150,substitution_1pct_N_3pct,target_binary
ckmer5_count_l2,logistic,89,2,501,0.5555555555555556,0.4214285714285714,target_background,Burkholderia,150,substitution_1pct_N_3pct,target_binary
cspaced_property_l2,nearest_centroid,89,2,147,0.48148148148148145,0.475,target_background,Burkholderia,150,substitution_1pct_N_3pct,target_binary
cspaced_property_l2,logistic,89,2,147,0.5925925925925926,0.5714285714285714,target_background,Burkholderia,150,substitution_1pct_N_3pct,target_binary
ckmer4_count_l2,nearest_centroid,113,4,136,0.38235294117647056,0.33830128205128207,within_genus_species,Candida,150,substitution_1pct_N_3pct,label
ckmer4_count_l2,logistic,113,4,136,0.23529411764705882,0.23411261940673705,within_genus_species,Candida,150,substitution_1pct_N_3pct,label
ckmer4_property_l2,nearest_centroid,113,4,147,0.35294117647058826,0.2981577246283129,within_genus_species,Candida,150,substitution_1pct_N_3pct,label
ckmer4_property_l2,logistic,113,4,147,0.2647058823529412,0.26189039718451484,within_genus_species,Candida,150,substitution_1pct_N_3pct,label
ck4p_msp,nearest_centroid,113,4,222,0.38235294117647056,0.33830128205128207,within_genus_species,Candida,150,substitution_1pct_N_3pct,label
ck4p_msp,logistic,113,4,222,0.2647058823529412,0.27172619047619045,within_genus_species,Candida,150,substitution_1pct_N_3pct,label
ckmer5_count_l2,nearest_centroid,113,4,509,0.3235294117647059,0.28751420992800303,within_genus_species,Candida,150,substitution_1pct_N_3pct,label
ckmer5_count_l2,logistic,113,4,509,0.2647058823529412,0.24525027402265254,within_genus_species,Candida,150,substitution_1pct_N_3pct,label
cspaced_property_l2,nearest_centroid,113,4,147,0.2647058823529412,0.2318840579710145,within_genus_species,Candida,150,substitution_1pct_N_3pct,label
cspaced_property_l2,logistic,113,4,147,0.20588235294117646,0.17565993788819875,within_genus_species,Candida,150,substitution_1pct_N_3pct,label
ckmer4_count_l2,nearest_centroid,92,2,136,0.6428571428571429,0.6354166666666667,target_background,Candida,150,substitution_1pct_N_3pct,target_binary
ckmer4_count_l2,logistic,92,2,136,0.39285714285714285,0.3728590250329381,target_background,Candida,150,substitution_1pct_N_3pct,target_binary
ckmer4_property_l2,nearest_centroid,92,2,147,0.5714285714285714,0.5508021390374331,target_background,Candida,150,substitution_1pct_N_3pct,target_binary
ckmer4_property_l2,logistic,92,2,147,0.4642857142857143,0.44664031620553357,target_background,Candida,150,substitution_1pct_N_3pct,target_binary
ck4p_msp,nearest_centroid,92,2,222,0.6428571428571429,0.6354166666666667,target_background,Candida,150,substitution_1pct_N_3pct,target_binary
ck4p_msp,logistic,92,2,222,0.5714285714285714,0.5087719298245614,target_background,Candida,150,substitution_1pct_N_3pct,target_binary
ckmer5_count_l2,nearest_centroid,92,2,509,0.5357142857142857,0.5047619047619047,target_background,Candida,150,substitution_1pct_N_3pct,target_binary
ckmer5_count_l2,logistic,92,2,509,0.5,0.4269005847953216,target_background,Candida,150,substitution_1pct_N_3pct,target_binary
cspaced_property_l2,nearest_centroid,92,2,147,0.5357142857142857,0.5047619047619047,target_background,Candida,150,substitution_1pct_N_3pct,target_binary
cspaced_property_l2,logistic,92,2,147,0.6785714285714286,0.5902439024390245,target_background,Candida,150,substitution_1pct_N_3pct,target_binary
ckmer4_count_l2,nearest_centroid,147,5,136,0.2,0.19416433239962652,within_genus_species,Enterobacter,150,substitution_1pct_N_3pct,label
ckmer4_count_l2,logistic,147,5,136,0.15555555555555556,0.13559808612440188,within_genus_species,Enterobacter,150,substitution_1pct_N_3pct,label
ckmer4_property_l2,nearest_centroid,147,5,147,0.2222222222222222,0.21638655462184872,within_genus_species,Enterobacter,150,substitution_1pct_N_3pct,label
ckmer4_property_l2,logistic,147,5,147,0.2222222222222222,0.2063865546218487,within_genus_species,Enterobacter,150,substitution_1pct_N_3pct,label
ck4p_msp,nearest_centroid,147,5,222,0.2,0.19416433239962652,within_genus_species,Enterobacter,150,substitution_1pct_N_3pct,label
ck4p_msp,logistic,147,5,222,0.15555555555555556,0.14474153297682707,within_genus_species,Enterobacter,150,substitution_1pct_N_3pct,label
ckmer5_count_l2,nearest_centroid,147,5,510,0.15555555555555556,0.16166666666666668,within_genus_species,Enterobacter,150,substitution_1pct_N_3pct,label
ckmer5_count_l2,logistic,147,5,510,0.15555555555555556,0.153271137710497,within_genus_species,Enterobacter,150,substitution_1pct_N_3pct,label
cspaced_property_l2,nearest_centroid,147,5,147,0.17777777777777778,0.17347093223254212,within_genus_species,Enterobacter,150,substitution_1pct_N_3pct,label
cspaced_property_l2,logistic,147,5,147,0.15555555555555556,0.16139573070607552,within_genus_species,Enterobacter,150,substitution_1pct_N_3pct,label
ckmer4_count_l2,nearest_centroid,89,2,136,0.5185185185185185,0.47218045112781953,target_background,Enterobacter,150,substitution_1pct_N_3pct,target_binary
ckmer4_count_l2,logistic,89,2,136,0.5185185185185185,0.47218045112781953,target_background,Enterobacter,150,substitution_1pct_N_3pct,target_binary
ckmer4_property_l2,nearest_centroid,89,2,147,0.5925925925925926,0.5278219395866455,target_background,Enterobacter,150,substitution_1pct_N_3pct,target_binary
ckmer4_property_l2,logistic,89,2,147,0.5925925925925926,0.5278219395866455,target_background,Enterobacter,150,substitution_1pct_N_3pct,target_binary
ck4p_msp,nearest_centroid,89,2,222,0.5555555555555556,0.5,target_background,Enterobacter,150,substitution_1pct_N_3pct,target_binary
ck4p_msp,logistic,89,2,222,0.5925925925925926,0.5278219395866455,target_background,Enterobacter,150,substitution_1pct_N_3pct,target_binary
ckmer5_count_l2,nearest_centroid,89,2,510,0.5185185185185185,0.4419713831478538,target_background,Enterobacter,150,substitution_1pct_N_3pct,target_binary
ckmer5_count_l2,logistic,89,2,510,0.5555555555555556,0.46710526315789475,target_background,Enterobacter,150,substitution_1pct_N_3pct,target_binary
cspaced_property_l2,nearest_centroid,89,2,147,0.7037037037037037,0.6823529411764706,target_background,Enterobacter,150,substitution_1pct_N_3pct,target_binary
cspaced_property_l2,logistic,89,2,147,0.7037037037037037,0.6931818181818181,target_background,Enterobacter,150,substitution_1pct_N_3pct,target_binary
ckmer4_count_l2,nearest_centroid,59,2,135,0.5555555555555556,0.55,within_genus_species,Escherichia,150,substitution_1pct_N_3pct,label
ckmer4_count_l2,logistic,59,2,135,0.6111111111111112,0.6,within_genus_species,Escherichia,150,substitution_1pct_N_3pct,label
ckmer4_property_l2,nearest_centroid,59,2,146,0.5555555555555556,0.55,within_genus_species,Escherichia,150,substitution_1pct_N_3pct,label
ckmer4_property_l2,logistic,59,2,146,0.6666666666666666,0.6493506493506493,within_genus_species,Escherichia,150,substitution_1pct_N_3pct,label
ck4p_msp,nearest_centroid,59,2,222,0.5555555555555556,0.55,within_genus_species,Escherichia,150,substitution_1pct_N_3pct,label
ck4p_msp,logistic,59,2,222,0.6666666666666666,0.6625,within_genus_species,Escherichia,150,substitution_1pct_N_3pct,label
ckmer5_count_l2,nearest_centroid,59,2,508,0.6111111111111112,0.6,within_genus_species,Escherichia,150,substitution_1pct_N_3pct,label
ckmer5_count_l2,logistic,59,2,508,0.5,0.4857142857142857,within_genus_species,Escherichia,150,substitution_1pct_N_3pct,label
cspaced_property_l2,nearest_centroid,59,2,147,0.4444444444444444,0.41558441558441556,within_genus_species,Escherichia,150,substitution_1pct_N_3pct,label
cspaced_property_l2,logistic,59,2,147,0.3888888888888889,0.37142857142857144,within_genus_species,Escherichia,150,substitution_1pct_N_3pct,label
ckmer4_count_l2,nearest_centroid,59,2,135,0.5555555555555556,0.55,target_background,Escherichia,150,substitution_1pct_N_3pct,target_binary
ckmer4_count_l2,logistic,59,2,135,0.6111111111111112,0.6,target_background,Escherichia,150,substitution_1pct_N_3pct,target_binary
ckmer4_property_l2,nearest_centroid,59,2,146,0.5555555555555556,0.55,target_background,Escherichia,150,substitution_1pct_N_3pct,target_binary
ckmer4_property_l2,logistic,59,2,146,0.6666666666666666,0.6493506493506493,target_background,Escherichia,150,substitution_1pct_N_3pct,target_binary
ck4p_msp,nearest_centroid,59,2,222,0.5555555555555556,0.55,target_background,Escherichia,150,substitution_1pct_N_3pct,target_binary
ck4p_msp,logistic,59,2,222,0.6666666666666666,0.6625,target_background,Escherichia,150,substitution_1pct_N_3pct,target_binary
ckmer5_count_l2,nearest_centroid,59,2,508,0.6111111111111112,0.6,target_background,Escherichia,150,substitution_1pct_N_3pct,target_binary
ckmer5_count_l2,logistic,59,2,508,0.5,0.4857142857142857,target_background,Escherichia,150,substitution_1pct_N_3pct,target_binary
cspaced_property_l2,nearest_centroid,59,2,147,0.4444444444444444,0.41558441558441556,target_background,Escherichia,150,substitution_1pct_N_3pct,target_binary
cspaced_property_l2,logistic,59,2,147,0.3888888888888889,0.37142857142857144,target_background,Escherichia,150,substitution_1pct_N_3pct,target_binary
ckmer4_count_l2,nearest_centroid,78,3,136,0.3333333333333333,0.317948717948718,within_genus_species,Klebsiella,150,substitution_1pct_N_3pct,label
ckmer4_count_l2,logistic,78,3,136,0.25,0.22698412698412695,within_genus_species,Klebsiella,150,substitution_1pct_N_3pct,label
ckmer4_property_l2,nearest_centroid,78,3,147,0.2916666666666667,0.2815452091767881,within_genus_species,Klebsiella,150,substitution_1pct_N_3pct,label
ckmer4_property_l2,logistic,78,3,147,0.375,0.35653235653235654,within_genus_species,Klebsiella,150,substitution_1pct_N_3pct,label
ck4p_msp,nearest_centroid,78,3,222,0.3333333333333333,0.317948717948718,within_genus_species,Klebsiella,150,substitution_1pct_N_3pct,label
ck4p_msp,logistic,78,3,222,0.3333333333333333,0.30077169207603993,within_genus_species,Klebsiella,150,substitution_1pct_N_3pct,label
ckmer5_count_l2,nearest_centroid,78,3,509,0.2916666666666667,0.2893901420217209,within_genus_species,Klebsiella,150,substitution_1pct_N_3pct,label
ckmer5_count_l2,logistic,78,3,509,0.3333333333333333,0.3198412698412698,within_genus_species,Klebsiella,150,substitution_1pct_N_3pct,label
cspaced_property_l2,nearest_centroid,78,3,147,0.25,0.2472222222222222,within_genus_species,Klebsiella,150,substitution_1pct_N_3pct,label
cspaced_property_l2,logistic,78,3,147,0.3333333333333333,0.30317460317460315,within_genus_species,Klebsiella,150,substitution_1pct_N_3pct,label
ckmer4_count_l2,nearest_centroid,78,2,136,0.5,0.39495798319327735,target_background,Klebsiella,150,substitution_1pct_N_3pct,target_binary
ckmer4_count_l2,logistic,78,2,136,0.4583333333333333,0.3142857142857143,target_background,Klebsiella,150,substitution_1pct_N_3pct,target_binary
ckmer4_property_l2,nearest_centroid,78,2,147,0.4583333333333333,0.3696969696969697,target_background,Klebsiella,150,substitution_1pct_N_3pct,target_binary
ckmer4_property_l2,logistic,78,2,147,0.4166666666666667,0.29411764705882354,target_background,Klebsiella,150,substitution_1pct_N_3pct,target_binary
ck4p_msp,nearest_centroid,78,2,222,0.5,0.39495798319327735,target_background,Klebsiella,150,substitution_1pct_N_3pct,target_binary
ck4p_msp,logistic,78,2,222,0.5,0.39495798319327735,target_background,Klebsiella,150,substitution_1pct_N_3pct,target_binary
ckmer5_count_l2,nearest_centroid,78,2,509,0.5,0.39495798319327735,target_background,Klebsiella,150,substitution_1pct_N_3pct,target_binary
ckmer5_count_l2,logistic,78,2,509,0.6666666666666666,0.49473684210526314,target_background,Klebsiella,150,substitution_1pct_N_3pct,target_binary
cspaced_property_l2,nearest_centroid,78,2,147,0.6666666666666666,0.625,target_background,Klebsiella,150,substitution_1pct_N_3pct,target_binary
cspaced_property_l2,logistic,78,2,147,0.6666666666666666,0.5966386554621849,target_background,Klebsiella,150,substitution_1pct_N_3pct,target_binary
