split,classifier,accuracy,macro_f1,length,local_mode,representation,representation_label,n_triplets,n_features,accuracy_std,macro_f1_std
holdout,logistic,0.975,0.9749843652282677,50,center,ck4,CK4,180,136,,
5fold_grouped_cv,logistic,0.9555555555555555,0.9554003157099131,50,center,ck4,CK4,180,136,0.022222222222222233,0.022440219176947777
holdout,logistic,0.5916666666666667,0.5893567986591242,50,center,p,P,180,11,,
5fold_grouped_cv,logistic,0.5916666666666666,0.5894740269011766,50,center,p,P,180,11,0.046976484792466015,0.048588943494196186
holdout,logistic,0.9833333333333333,0.9833287024173382,50,center,msp,MSP,180,75,,
5fold_grouped_cv,logistic,0.9777777777777779,0.9777541690754283,50,center,msp,MSP,180,75,0.01416394309331329,0.014186894319585907
holdout,logistic,0.9833333333333333,0.9833287024173382,50,center,ck4_p,CK4+P,180,147,,
5fold_grouped_cv,logistic,0.9555555555555557,0.9554631474036018,50,center,ck4_p,CK4+P,180,147,0.01619708859679253,0.0162467433411861
holdout,logistic,0.9833333333333333,0.9833287024173382,50,center,ck4_msp,CK4+MSP,180,211,,
5fold_grouped_cv,logistic,0.9833333333333334,0.9833236814444609,50,center,ck4_msp,CK4+MSP,180,211,0.010393492741038736,0.010402379395098641
holdout,logistic,0.975,0.9749843652282677,50,center,p_msp,P+MSP,180,86,,
5fold_grouped_cv,logistic,0.975,0.9749694066723149,50,center,p_msp,P+MSP,180,86,0.013608276348795441,0.013642463420249237
holdout,logistic,0.9833333333333333,0.9833287024173382,50,center,ck4_p_msp,CK4P-MSP,180,222,,
5fold_grouped_cv,logistic,0.9833333333333334,0.9833236814444609,50,center,ck4_p_msp,CK4P-MSP,180,222,0.010393492741038736,0.010402379395098641
holdout,logistic,0.925,0.9248695652173913,50,jittered,ck4,CK4,180,136,,
5fold_grouped_cv,logistic,0.9416666666666667,0.9414915622359423,50,jittered,ck4,CK4,180,136,0.01842569327975222,0.018593693278916905
holdout,logistic,0.675,0.6738903212319699,50,jittered,p,P,180,11,,
5fold_grouped_cv,logistic,0.6166666666666667,0.6163403652099304,50,jittered,p,P,180,11,0.033564016593318244,0.03360922568990346
holdout,logistic,0.9,0.899972214504029,50,jittered,msp,MSP,180,75,,
5fold_grouped_cv,logistic,0.925,0.9248143402655427,50,jittered,msp,MSP,180,75,0.01416394309331329,0.01428083114363623
holdout,logistic,0.9166666666666666,0.9164578111946533,50,jittered,ck4_p,CK4+P,180,147,,
5fold_grouped_cv,logistic,0.9388888888888889,0.9387218533937893,50,jittered,ck4_p,CK4+P,180,147,0.025760051376376984,0.025864858005292587
holdout,logistic,0.975,0.9749843652282677,50,jittered,ck4_msp,CK4+MSP,180,211,,
5fold_grouped_cv,logistic,0.9833333333333332,0.9833204633204634,50,jittered,ck4_msp,CK4+MSP,180,211,0.013608276348795441,0.013618784670300312
holdout,logistic,0.9083333333333333,0.9082760058369814,50,jittered,p_msp,P+MSP,180,86,,
5fold_grouped_cv,logistic,0.9333333333333333,0.9332238025768784,50,jittered,p_msp,P+MSP,180,86,0.02389534796400729,0.023927448167248656
holdout,logistic,0.975,0.9749843652282677,50,jittered,ck4_p_msp,CK4P-MSP,180,222,,
5fold_grouped_cv,logistic,0.9833333333333332,0.9833204633204634,50,jittered,ck4_p_msp,CK4P-MSP,180,222,0.013608276348795441,0.013618784670300312
holdout,logistic,0.875,0.8747826086956522,50,left,ck4,CK4,180,136,,
5fold_grouped_cv,logistic,0.9083333333333332,0.9081248158657946,50,left,ck4,CK4,180,136,0.022566773346211016,0.022477632771420366
holdout,logistic,0.6916666666666667,0.6853518531641982,50,left,p,P,180,11,,
5fold_grouped_cv,logistic,0.5944444444444443,0.5912037647645372,50,left,p,P,180,11,0.05853140973807078,0.057653786653530714
holdout,logistic,0.9833333333333333,0.9833287024173382,50,left,msp,MSP,180,75,,
5fold_grouped_cv,logistic,0.986111111111111,0.9861052132863826,50,left,msp,MSP,180,75,0.008784104611578835,0.008790888587498949
holdout,logistic,0.875,0.8745732004738346,50,left,ck4_p,CK4+P,180,147,,
5fold_grouped_cv,logistic,0.9222222222222222,0.9219877126345162,50,left,ck4_p,CK4+P,180,147,0.028598972613852785,0.028766702863833413
holdout,logistic,0.9916666666666667,0.9916660879227724,50,left,ck4_msp,CK4+MSP,180,211,,
5fold_grouped_cv,logistic,0.9944444444444445,0.994443372564152,50,left,ck4_msp,CK4+MSP,180,211,0.006804138174397694,0.0068054509542886
holdout,logistic,0.975,0.9749843652282677,50,left,p_msp,P+MSP,180,86,,
5fold_grouped_cv,logistic,0.9888888888888889,0.9888867451283041,50,left,p_msp,P+MSP,180,86,0.005555555555555536,0.005556627435847972
holdout,logistic,0.9916666666666667,0.9916660879227724,50,left,ck4_p_msp,CK4P-MSP,180,222,,
5fold_grouped_cv,logistic,0.9944444444444445,0.994443372564152,50,left,ck4_p_msp,CK4P-MSP,180,222,0.006804138174397694,0.0068054509542886
holdout,logistic,0.9416666666666667,0.9414674935544561,50,right,ck4,CK4,180,136,,
5fold_grouped_cv,logistic,0.961111111111111,0.9610767686927204,50,right,ck4,CK4,180,136,0.01619708859679249,0.016237056170124418
holdout,logistic,0.5916666666666667,0.5916383082158483,50,right,p,P,180,11,,
5fold_grouped_cv,logistic,0.6638888888888889,0.6630043513890947,50,right,p,P,180,11,0.01842569327975222,0.01725657108930246
holdout,logistic,0.9916666666666667,0.9916660879227724,50,right,msp,MSP,180,75,,
5fold_grouped_cv,logistic,0.986111111111111,0.9861019951623848,50,right,msp,MSP,180,75,0.012422599874998838,0.012432193032727345
holdout,logistic,0.9416666666666667,0.9414674935544561,50,right,ck4_p,CK4+P,180,147,,
5fold_grouped_cv,logistic,0.9638888888888889,0.9638108609479422,50,right,ck4_p,CK4+P,180,147,0.0188398055086813,0.018955026263710782
holdout,logistic,0.9916666666666667,0.9916660879227724,50,right,ck4_msp,CK4+MSP,180,211,,
5fold_grouped_cv,logistic,0.9916666666666668,0.991665058846228,50,right,ck4_msp,CK4+MSP,180,211,0.006804138174397693,0.0068054509542886
holdout,logistic,0.9916666666666667,0.9916660879227724,50,right,p_msp,P+MSP,180,86,,
5fold_grouped_cv,logistic,0.9916666666666666,0.9916618407222305,50,right,p_msp,P+MSP,180,86,0.01111111111111111,0.011118887025293532
holdout,logistic,0.9916666666666667,0.9916660879227724,50,right,ck4_p_msp,CK4P-MSP,180,222,,
5fold_grouped_cv,logistic,0.9916666666666668,0.991665058846228,50,right,ck4_p_msp,CK4P-MSP,180,222,0.006804138174397693,0.0068054509542886
holdout,logistic,0.8833333333333333,0.8832035595105673,51,center,ck4,CK4,180,136,,
5fold_grouped_cv,logistic,0.9416666666666668,0.9415404121912273,51,center,ck4,CK4,180,136,0.016197088596792523,0.01627089121980104
holdout,logistic,0.5583333333333333,0.5575652173913044,51,center,p,P,180,11,,
5fold_grouped_cv,logistic,0.5888888888888889,0.5864701583927449,51,center,p,P,180,11,0.06724288020505671,0.06866387124301446
holdout,logistic,0.9583333333333334,0.9582608695652174,51,center,msp,MSP,180,75,,
5fold_grouped_cv,logistic,0.9805555555555555,0.9805453677265369,51,center,msp,MSP,180,75,0.0068041381743977475,0.006813333716011712
holdout,logistic,0.9,0.8995535714285714,51,center,ck4_p,CK4+P,180,147,,
5fold_grouped_cv,logistic,0.9444444444444444,0.9443110877770773,51,center,ck4_p,CK4+P,180,147,0.008784104611578835,0.008867922304136806
holdout,logistic,0.9833333333333333,0.9833287024173382,51,center,ck4_msp,CK4+MSP,180,211,,
5fold_grouped_cv,logistic,0.9805555555555555,0.9805357009173499,51,center,ck4_msp,CK4+MSP,180,211,0.01416394309331329,0.014188789501230384
holdout,logistic,0.9666666666666667,0.9666295884315907,51,center,p_msp,P+MSP,180,86,,
5fold_grouped_cv,logistic,0.9777777777777779,0.9777638358846155,51,center,p_msp,P+MSP,180,86,0.0068041381743977475,0.006813333716011712
holdout,logistic,0.9833333333333333,0.9833287024173382,51,center,ck4_p_msp,CK4P-MSP,180,222,,
5fold_grouped_cv,logistic,0.9833333333333334,0.9833236814444609,51,center,ck4_p_msp,CK4P-MSP,180,222,0.010393492741038736,0.010402379395098641
holdout,logistic,0.9083333333333333,0.9080203470141454,51,jittered,ck4,CK4,180,136,,
5fold_grouped_cv,logistic,0.9194444444444445,0.9193127379764153,51,jittered,ck4,CK4,180,136,0.013608276348795441,0.01357790595602763
holdout,logistic,0.6083333333333333,0.6069960281513483,51,jittered,p,P,180,11,,
5fold_grouped_cv,logistic,0.6027777777777777,0.600775252012153,51,jittered,p,P,180,11,0.04444444444444443,0.04257620967647246
holdout,logistic,0.9,0.899972214504029,51,jittered,msp,MSP,180,75,,
5fold_grouped_cv,logistic,0.8861111111111111,0.8851623132600853,51,jittered,msp,MSP,180,75,0.030932024237944538,0.03199021710425622
holdout,logistic,0.9166666666666666,0.9164578111946533,51,jittered,ck4_p,CK4+P,180,147,,
5fold_grouped_cv,logistic,0.9277777777777777,0.9276088493998941,51,jittered,ck4_p,CK4+P,180,147,0.020412414523193163,0.020413242764931942
holdout,logistic,0.9583333333333334,0.9582608695652174,51,jittered,ck4_msp,CK4+MSP,180,211,,
5fold_grouped_cv,logistic,0.9527777777777778,0.9527289002196669,51,jittered,ck4_msp,CK4+MSP,180,211,0.01111111111111112,0.011135188438457233
holdout,logistic,0.9333333333333333,0.9333148096693527,51,jittered,p_msp,P+MSP,180,86,,
5fold_grouped_cv,logistic,0.9166666666666667,0.9161926739803473,51,jittered,p_msp,P+MSP,180,86,0.03167153958608714,0.03222594412929304
holdout,logistic,0.9583333333333334,0.9582608695652174,51,jittered,ck4_p_msp,CK4P-MSP,180,222,,
5fold_grouped_cv,logistic,0.9555555555555555,0.9555093601812962,51,jittered,ck4_p_msp,CK4P-MSP,180,222,0.010393492741038736,0.01043868327420116
holdout,logistic,0.9333333333333333,0.9331662489557226,51,left,ck4,CK4,180,136,,
5fold_grouped_cv,logistic,0.9333333333333332,0.9332020828905968,51,left,ck4,CK4,180,136,0.02389534796400729,0.024027900532394075
holdout,logistic,0.6666666666666666,0.666574048346763,51,left,p,P,180,11,,
5fold_grouped_cv,logistic,0.6694444444444445,0.6688900988799855,51,left,p,P,180,11,0.05918687709072918,0.05911681284068242
holdout,logistic,0.9916666666666667,0.9916660879227724,51,left,msp,MSP,180,75,,
5fold_grouped_cv,logistic,0.9916666666666668,0.9916618407222305,51,left,msp,MSP,180,75,0.01111111111111111,0.011118887025293534
holdout,logistic,0.9333333333333333,0.9332591768631813,51,left,ck4_p,CK4+P,180,147,,
5fold_grouped_cv,logistic,0.9361111111111111,0.9360095620855045,51,left,ck4_p,CK4+P,180,147,0.02078698548207746,0.020834398081773085
holdout,logistic,0.9916666666666667,0.9916660879227724,51,left,ck4_msp,CK4+MSP,180,211,,
5fold_grouped_cv,logistic,0.986111111111111,0.9861052132863826,51,left,ck4_msp,CK4+MSP,180,211,0.008784104611578835,0.008790888587498949
holdout,logistic,0.9916666666666667,0.9916660879227724,51,left,p_msp,P+MSP,180,86,,
5fold_grouped_cv,logistic,0.9944444444444445,0.9944401544401543,51,left,p_msp,P+MSP,180,86,0.011111111111111117,0.011119691119691133
holdout,logistic,0.9916666666666667,0.9916660879227724,51,left,ck4_p_msp,CK4P-MSP,180,222,,
5fold_grouped_cv,logistic,0.9888888888888889,0.9888835270043064,51,left,ck4_p_msp,CK4P-MSP,180,222,0.010393492741038726,0.010400659235583804
holdout,logistic,0.8833333333333333,0.8832035595105673,51,right,ck4,CK4,180,136,,
5fold_grouped_cv,logistic,0.925,0.9247127807887233,51,right,ck4,CK4,180,136,0.03685138655950442,0.03717604554096261
holdout,logistic,0.6,0.5998888580161156,51,right,p,P,180,11,,
5fold_grouped_cv,logistic,0.6222222222222222,0.6214271920902692,51,right,p,P,180,11,0.05786851848888793,0.05805579065477648
holdout,logistic,1.0,1.0,51,right,msp,MSP,180,75,,
5fold_grouped_cv,logistic,0.9833333333333334,0.9833236814444609,51,right,msp,MSP,180,75,0.010393492741038736,0.010402379395098641
holdout,logistic,0.875,0.8749218261413383,51,right,ck4_p,CK4+P,180,147,,
5fold_grouped_cv,logistic,0.9416666666666668,0.9415909373572824,51,right,ck4_p,CK4+P,180,147,0.018425693279752225,0.018487743034133173
holdout,logistic,1.0,1.0,51,right,ck4_msp,CK4+MSP,180,211,,
5fold_grouped_cv,logistic,0.9944444444444445,0.9944401544401543,51,right,ck4_msp,CK4+MSP,180,211,0.011111111111111117,0.011119691119691133
holdout,logistic,1.0,1.0,51,right,p_msp,P+MSP,180,86,,
5fold_grouped_cv,logistic,0.9888888888888889,0.9888835270043064,51,right,p_msp,P+MSP,180,86,0.010393492741038726,0.010400659235583804
holdout,logistic,1.0,1.0,51,right,ck4_p_msp,CK4P-MSP,180,222,,
5fold_grouped_cv,logistic,0.9944444444444445,0.9944401544401543,51,right,ck4_p_msp,CK4P-MSP,180,222,0.011111111111111117,0.011119691119691133
holdout,logistic,0.9416666666666667,0.9416301855326246,52,center,ck4,CK4,180,136,,
5fold_grouped_cv,logistic,0.9444444444444444,0.9443271908342595,52,center,ck4,CK4,180,136,0.029133579115837544,0.029179446720534637
holdout,logistic,0.6583333333333333,0.6571667479618145,52,center,p,P,180,11,,
5fold_grouped_cv,logistic,0.6277777777777778,0.6265355716729556,52,center,p,P,180,11,0.013608276348795387,0.01279581204944483
holdout,logistic,0.9833333333333333,0.9833287024173382,52,center,msp,MSP,180,75,,
5fold_grouped_cv,logistic,0.9777777777777779,0.9777380161683933,52,center,msp,MSP,180,75,0.018839805508681317,0.01890147664197955
holdout,logistic,0.9666666666666667,0.9666574048346763,52,center,ck4_p,CK4+P,180,147,,
5fold_grouped_cv,logistic,0.9583333333333334,0.9582801982101531,52,center,ck4_p,CK4+P,180,147,0.029133579115837544,0.02919551180399899
holdout,logistic,0.9916666666666667,0.9916660879227724,52,center,ck4_msp,CK4+MSP,180,211,,
5fold_grouped_cv,logistic,0.9888888888888889,0.9888803088803089,52,center,ck4_msp,CK4+MSP,180,211,0.013608276348795441,0.01361878467030031
holdout,logistic,0.975,0.9749843652282677,52,center,p_msp,P+MSP,180,86,,
5fold_grouped_cv,logistic,0.9777777777777779,0.9777412342923908,52,center,p_msp,P+MSP,180,86,0.016666666666666698,0.016734394235978646
holdout,logistic,0.9916666666666667,0.9916660879227724,52,center,ck4_p_msp,CK4P-MSP,180,222,,
5fold_grouped_cv,logistic,0.986111111111111,0.9861019951623848,52,center,ck4_p_msp,CK4P-MSP,180,222,0.012422599874998837,0.012432193032727345
holdout,logistic,0.9333333333333333,0.9331662489557226,52,jittered,ck4,CK4,180,136,,
5fold_grouped_cv,logistic,0.9111111111111111,0.910920321524219,52,jittered,ck4,CK4,180,136,0.025760051376376984,0.025905674930503414
holdout,logistic,0.5666666666666667,0.5655806182121972,52,jittered,p,P,180,11,,
5fold_grouped_cv,logistic,0.6472222222222224,0.6454761786050438,52,jittered,p,P,180,11,0.11131924949729934,0.11297031103700392
holdout,logistic,0.9166666666666666,0.9162946428571428,52,jittered,msp,MSP,180,75,,
5fold_grouped_cv,logistic,0.9111111111111111,0.9106833539839261,52,jittered,msp,MSP,180,75,0.03239417719358501,0.0326017167970163
holdout,logistic,0.925,0.9249530956848031,52,jittered,ck4_p,CK4+P,180,147,,
5fold_grouped_cv,logistic,0.913888888888889,0.9136609529146842,52,jittered,ck4_p,CK4+P,180,147,0.01842569327975222,0.018489792057580917
holdout,logistic,0.9833333333333333,0.9833333333333333,52,jittered,ck4_msp,CK4+MSP,180,211,,
5fold_grouped_cv,logistic,0.961111111111111,0.9610896486524669,52,jittered,ck4_msp,CK4+MSP,180,211,0.01619708859679249,0.01620170786854816
holdout,logistic,0.9416666666666667,0.9414674935544561,52,jittered,p_msp,P+MSP,180,86,,
5fold_grouped_cv,logistic,0.9277777777777778,0.927612127610239,52,jittered,p_msp,P+MSP,180,86,0.016197088596792492,0.016312226590689347
holdout,logistic,0.9916666666666667,0.9916660879227724,52,jittered,ck4_p_msp,CK4P-MSP,180,222,,
5fold_grouped_cv,logistic,0.9694444444444444,0.9693805232722497,52,jittered,ck4_p_msp,CK4P-MSP,180,222,0.020412414523193156,0.020469900909452436
holdout,logistic,0.9333333333333333,0.9330357142857143,52,left,ck4,CK4,180,136,,
5fold_grouped_cv,logistic,0.9388888888888889,0.9386275739158062,52,left,ck4,CK4,180,136,0.02256677334621099,0.022842281535129086
holdout,logistic,0.5833333333333334,0.5832175604334537,52,left,p,P,180,11,,
5fold_grouped_cv,logistic,0.6527777777777778,0.646518491149014,52,left,p,P,180,11,0.03513641844631531,0.0319278766499485
holdout,logistic,0.9833333333333333,0.9833287024173382,52,left,msp,MSP,180,75,,
5fold_grouped_cv,logistic,0.9833333333333334,0.9833236814444609,52,left,msp,MSP,180,75,0.010393492741038736,0.010402379395098641
holdout,logistic,0.9333333333333333,0.9331662489557226,52,left,ck4_p,CK4+P,180,147,,
5fold_grouped_cv,logistic,0.9472222222222223,0.9470029008946274,52,left,ck4_p,CK4+P,180,147,0.032155102507750666,0.032429409509219825
holdout,logistic,1.0,1.0,52,left,ck4_msp,CK4+MSP,180,211,,
5fold_grouped_cv,logistic,0.9833333333333334,0.9833236814444609,52,left,ck4_msp,CK4+MSP,180,211,0.010393492741038736,0.010402379395098641
holdout,logistic,0.9916666666666667,0.9916660879227724,52,left,p_msp,P+MSP,180,86,,
5fold_grouped_cv,logistic,0.9833333333333334,0.9833236814444609,52,left,p_msp,P+MSP,180,86,0.010393492741038736,0.010402379395098641
holdout,logistic,1.0,1.0,52,left,ck4_p_msp,CK4P-MSP,180,222,,
5fold_grouped_cv,logistic,0.9888888888888889,0.9888835270043064,52,left,ck4_p_msp,CK4P-MSP,180,222,0.010393492741038724,0.010400659235583804
holdout,logistic,0.9333333333333333,0.9333148096693527,52,right,ck4,CK4,180,136,,
5fold_grouped_cv,logistic,0.9361111111111111,0.9359567831065666,52,right,ck4,CK4,180,136,0.02576005137637696,0.025856054739719175
holdout,logistic,0.5416666666666666,0.5408695652173914,52,right,p,P,180,11,,
5fold_grouped_cv,logistic,0.5722222222222222,0.5698289785220066,52,right,p,P,180,11,0.06419011115717413,0.06381335456164451
holdout,logistic,0.9833333333333333,0.9833287024173382,52,right,msp,MSP,180,75,,
5fold_grouped_cv,logistic,0.9888888888888889,0.9888835270043064,52,right,msp,MSP,180,75,0.010393492741038726,0.010400659235583804
holdout,logistic,0.95,0.9499861072520144,52,right,ck4_p,CK4+P,180,147,,
5fold_grouped_cv,logistic,0.9444444444444443,0.9442473142068828,52,right,ck4_p,CK4+P,180,147,0.02913357911583757,0.029300860575334958
holdout,logistic,0.975,0.9749843652282677,52,right,ck4_msp,CK4+MSP,180,211,,
5fold_grouped_cv,logistic,0.9805555555555557,0.9805453677265369,52,right,ck4_msp,CK4+MSP,180,211,0.006804138174397747,0.006813333716011713
holdout,logistic,0.9916666666666667,0.9916660879227724,52,right,p_msp,P+MSP,180,86,,
5fold_grouped_cv,logistic,0.9916666666666668,0.9916618407222305,52,right,p_msp,P+MSP,180,86,0.01111111111111111,0.011118887025293532
holdout,logistic,0.975,0.9749843652282677,52,right,ck4_p_msp,CK4P-MSP,180,222,,
5fold_grouped_cv,logistic,0.986111111111111,0.9861052132863826,52,right,ck4_p_msp,CK4P-MSP,180,222,0.008784104611578835,0.008790888587498949
holdout,logistic,0.9333333333333333,0.9333333333333333,53,center,ck4,CK4,180,136,,
5fold_grouped_cv,logistic,0.9388888888888889,0.9386415731153802,53,center,ck4,CK4,180,136,0.02078698548207746,0.0211072128034103
holdout,logistic,0.65,0.65,53,center,p,P,180,11,,
5fold_grouped_cv,logistic,0.6444444444444445,0.6427575460216992,53,center,p,P,180,11,0.02991758226185836,0.03032396305893954
holdout,logistic,0.975,0.9749843652282677,53,center,msp,MSP,180,75,,
5fold_grouped_cv,logistic,0.975,0.9749661885483174,53,center,msp,MSP,180,75,0.016197088596792496,0.016227286797398356
holdout,logistic,0.95,0.949944382647386,53,center,ck4_p,CK4+P,180,147,,
5fold_grouped_cv,logistic,0.9388888888888889,0.9385939510939512,53,center,ck4_p,CK4+P,180,147,0.03239417719358502,0.03281451700264459
holdout,logistic,0.975,0.9749843652282677,53,center,ck4_msp,CK4+MSP,180,211,,
5fold_grouped_cv,logistic,0.9805555555555557,0.9805357009173499,53,center,ck4_msp,CK4+MSP,180,211,0.01416394309331329,0.014188789501230384
holdout,logistic,0.9833333333333333,0.9833287024173382,53,center,p_msp,P+MSP,180,86,,
5fold_grouped_cv,logistic,0.9833333333333334,0.9833172327592715,53,center,p_msp,P+MSP,180,86,0.013608276348795427,0.013634576847489801
holdout,logistic,0.9916666666666667,0.9916660879227724,53,center,ck4_p_msp,CK4P-MSP,180,222,,
5fold_grouped_cv,logistic,0.9805555555555557,0.9805357009173499,53,center,ck4_p_msp,CK4P-MSP,180,222,0.01416394309331329,0.014188789501230384
holdout,logistic,0.9166666666666666,0.9166435120866907,53,jittered,ck4,CK4,180,136,,
5fold_grouped_cv,logistic,0.9361111111111111,0.9359395106625751,53,jittered,ck4,CK4,180,136,0.036851386559504457,0.03705796959881119
holdout,logistic,0.5833333333333334,0.5833333333333334,53,jittered,p,P,180,11,,
5fold_grouped_cv,logistic,0.6472222222222223,0.6449205437008585,53,jittered,p,P,180,11,0.05665577237325316,0.056946447358282304
holdout,logistic,0.875,0.8745732004738346,53,jittered,msp,MSP,180,75,,
5fold_grouped_cv,logistic,0.9083333333333334,0.9078463715263265,53,jittered,msp,MSP,180,75,0.05457467417885695,0.055148250327265495
holdout,logistic,0.95,0.949944382647386,53,jittered,ck4_p,CK4+P,180,147,,
5fold_grouped_cv,logistic,0.9500000000000002,0.9498512611725204,53,jittered,ck4_p,CK4+P,180,147,0.022566773346211034,0.02273735396688131
holdout,logistic,0.9416666666666667,0.9416301855326246,53,jittered,ck4_msp,CK4+MSP,180,211,,
5fold_grouped_cv,logistic,0.9666666666666666,0.9666602329017918,53,jittered,ck4_msp,CK4+MSP,180,211,0.0285989726138528,0.028598244486909112
holdout,logistic,0.8916666666666667,0.89129677374399,53,jittered,p_msp,P+MSP,180,86,,
5fold_grouped_cv,logistic,0.9111111111111111,0.9108428117123768,53,jittered,p_msp,P+MSP,180,86,0.0435677420593281,0.043788583599816785
holdout,logistic,0.95,0.9499861072520144,53,jittered,ck4_p_msp,CK4P-MSP,180,222,,
5fold_grouped_cv,logistic,0.9583333333333334,0.9583199273803171,53,jittered,ck4_p_msp,CK4P-MSP,180,222,0.03928371006591933,0.03928485141497268
holdout,logistic,0.9583333333333334,0.9583072753804461,53,left,ck4,CK4,180,136,,
5fold_grouped_cv,logistic,0.9444444444444443,0.9443369552657479,53,left,ck4,CK4,180,136,0.024845199749997673,0.02495584235772847
holdout,logistic,0.7416666666666667,0.7402053216006704,53,left,p,P,180,11,,
5fold_grouped_cv,logistic,0.6805555555555556,0.6798198024797039,53,left,p,P,180,11,0.019641855032959663,0.018966936444253474
holdout,logistic,0.9916666666666667,0.9916660879227724,53,left,msp,MSP,180,75,,
5fold_grouped_cv,logistic,0.9833333333333334,0.9832978617282387,53,left,msp,MSP,180,75,0.020412414523193163,0.02047781500234627
holdout,logistic,0.9583333333333334,0.9583072753804461,53,left,ck4_p,CK4+P,180,147,,
5fold_grouped_cv,logistic,0.9333333333333332,0.9330724476281276,53,left,ck4_p,CK4+P,180,147,0.03447131568330794,0.03474605083026426
holdout,logistic,1.0,1.0,53,left,ck4_msp,CK4+MSP,180,211,,
5fold_grouped_cv,logistic,0.986111111111111,0.9861019951623848,53,left,ck4_msp,CK4+MSP,180,211,0.012422599874998838,0.012432193032727346
holdout,logistic,1.0,1.0,53,left,p_msp,P+MSP,180,86,,
5fold_grouped_cv,logistic,0.9777777777777779,0.9777380161683931,53,left,p_msp,P+MSP,180,86,0.018839805508681317,0.01890147664197955
holdout,logistic,0.9916666666666667,0.9916660879227724,53,left,ck4_p_msp,CK4P-MSP,180,222,,
5fold_grouped_cv,logistic,0.986111111111111,0.9861019951623848,53,left,ck4_p_msp,CK4P-MSP,180,222,0.012422599874998838,0.012432193032727346
holdout,logistic,0.9583333333333334,0.9582608695652174,53,right,ck4,CK4,180,136,,
5fold_grouped_cv,logistic,0.961111111111111,0.9610692605644328,53,right,ck4,CK4,180,136,0.02693155476342406,0.02696909087620989
holdout,logistic,0.6,0.5907928388746804,53,right,p,P,180,11,,
5fold_grouped_cv,logistic,0.6166666666666666,0.6149359350967408,53,right,p,P,180,11,0.035789163129791995,0.035682326058238976
holdout,logistic,0.975,0.9749843652282677,53,right,msp,MSP,180,75,,
5fold_grouped_cv,logistic,0.986111111111111,0.9861052132863826,53,right,msp,MSP,180,75,0.008784104611578835,0.008790888587498947
holdout,logistic,0.9416666666666667,0.9414674935544561,53,right,ck4_p,CK4+P,180,147,,
5fold_grouped_cv,logistic,0.961111111111111,0.9610002912658009,53,right,ck4_p,CK4+P,180,147,0.02693155476342406,0.027034130093480234
holdout,logistic,0.975,0.9749843652282677,53,right,ck4_msp,CK4+MSP,180,211,,
5fold_grouped_cv,logistic,0.9888888888888889,0.9888867451283041,53,right,ck4_msp,CK4+MSP,180,211,0.005555555555555536,0.005556627435847972
holdout,logistic,0.975,0.9749843652282677,53,right,p_msp,P+MSP,180,86,,
5fold_grouped_cv,logistic,0.986111111111111,0.9861052132863826,53,right,p_msp,P+MSP,180,86,0.008784104611578835,0.008790888587498947
holdout,logistic,0.975,0.9749843652282677,53,right,ck4_p_msp,CK4P-MSP,180,222,,
5fold_grouped_cv,logistic,0.9888888888888889,0.9888867451283041,53,right,ck4_p_msp,CK4P-MSP,180,222,0.005555555555555536,0.005556627435847972
holdout,logistic,0.9666666666666667,0.9666295884315907,54,center,ck4,CK4,180,136,,
5fold_grouped_cv,logistic,0.9638888888888889,0.9638626004858084,54,center,ck4,CK4,180,136,0.0188398055086813,0.018844407916196487
holdout,logistic,0.6583333333333333,0.6581196581196581,54,center,p,P,180,11,,
5fold_grouped_cv,logistic,0.6277777777777778,0.6263942187831827,54,center,p,P,180,11,0.06655082528172744,0.06770608981584872
holdout,logistic,0.9833333333333333,0.9833287024173382,54,center,msp,MSP,180,75,,
5fold_grouped_cv,logistic,0.9777777777777779,0.9777541690754283,54,center,msp,MSP,180,75,0.01416394309331329,0.014186894319585907
holdout,logistic,0.9666666666666667,0.9666295884315907,54,center,ck4_p,CK4+P,180,147,,
5fold_grouped_cv,logistic,0.961111111111111,0.9610735455952847,54,center,ck4_p,CK4+P,180,147,0.010393492741038726,0.010392108947127568
holdout,logistic,0.975,0.9749843652282677,54,center,ck4_msp,CK4+MSP,180,211,,
5fold_grouped_cv,logistic,0.9833333333333334,0.9833236814444609,54,center,ck4_msp,CK4+MSP,180,211,0.010393492741038736,0.010402379395098641
holdout,logistic,0.975,0.9749843652282677,54,center,p_msp,P+MSP,180,86,,
5fold_grouped_cv,logistic,0.9833333333333334,0.9833236814444609,54,center,p_msp,P+MSP,180,86,0.010393492741038736,0.010402379395098641
holdout,logistic,0.9833333333333333,0.9833287024173382,54,center,ck4_p_msp,CK4P-MSP,180,222,,
5fold_grouped_cv,logistic,0.9833333333333334,0.9833236814444609,54,center,ck4_p_msp,CK4P-MSP,180,222,0.010393492741038736,0.010402379395098641
holdout,logistic,0.95,0.949874686716792,54,jittered,ck4,CK4,180,136,,
5fold_grouped_cv,logistic,0.9583333333333334,0.9582715708420381,54,jittered,ck4,CK4,180,136,0.012422599874998838,0.012465926149078781
holdout,logistic,0.5583333333333333,0.5568253083408822,54,jittered,p,P,180,11,,
5fold_grouped_cv,logistic,0.611111111111111,0.6092193448443448,54,jittered,p,P,180,11,0.0464811125852264,0.04851134402688946
holdout,logistic,0.8416666666666667,0.8397863818424566,54,jittered,msp,MSP,180,75,,
5fold_grouped_cv,logistic,0.8833333333333332,0.8829547711877911,54,jittered,msp,MSP,180,75,0.045304184528611346,0.045463951905818575
holdout,logistic,0.9416666666666667,0.9415652173913043,54,jittered,ck4_p,CK4+P,180,147,,
5fold_grouped_cv,logistic,0.9555555555555555,0.9555125783052937,54,jittered,ck4_p,CK4+P,180,147,0.016197088596792492,0.01622024600338891
holdout,logistic,0.9666666666666667,0.9666295884315907,54,jittered,ck4_msp,CK4+MSP,180,211,,
5fold_grouped_cv,logistic,0.9777777777777779,0.9777573871994261,54,jittered,ck4_msp,CK4+MSP,180,211,0.01111111111111112,0.011137414317014526
holdout,logistic,0.85,0.8493303571428572,54,jittered,p_msp,P+MSP,180,86,,
5fold_grouped_cv,logistic,0.8777777777777779,0.8776028202115158,54,jittered,p_msp,P+MSP,180,86,0.045133546692422005,0.04515189072140511
holdout,logistic,0.9666666666666667,0.9666295884315907,54,jittered,ck4_p_msp,CK4P-MSP,180,222,,
5fold_grouped_cv,logistic,0.975,0.9749758553575043,54,jittered,ck4_p_msp,CK4P-MSP,180,222,0.010393492741038736,0.010417882915794707
holdout,logistic,0.925,0.9247439202843007,54,left,ck4,CK4,180,136,,
5fold_grouped_cv,logistic,0.9638888888888889,0.963840011330778,54,left,ck4,CK4,180,136,0.02078698548207746,0.020825958917337097
holdout,logistic,0.6083333333333333,0.6080883885761934,54,left,p,P,180,11,,
5fold_grouped_cv,logistic,0.6194444444444444,0.6171094241239169,54,left,p,P,180,11,0.050154083570188294,0.04882283907213333
holdout,logistic,0.9916666666666667,0.9916660879227724,54,left,msp,MSP,180,75,,
5fold_grouped_cv,logistic,0.9888888888888889,0.9888835270043064,54,left,msp,MSP,180,75,0.010393492741038724,0.010400659235583804
holdout,logistic,0.925,0.9247439202843007,54,left,ck4_p,CK4+P,180,147,,
5fold_grouped_cv,logistic,0.9555555555555555,0.9554662529849832,54,left,ck4_p,CK4+P,180,147,0.013608276348795427,0.013723150368683596
holdout,logistic,0.9916666666666667,0.9916660879227724,54,left,ck4_msp,CK4+MSP,180,211,,
5fold_grouped_cv,logistic,0.9944444444444445,0.994443372564152,54,left,ck4_msp,CK4+MSP,180,211,0.006804138174397693,0.0068054509542886
holdout,logistic,0.9916666666666667,0.9916660879227724,54,left,p_msp,P+MSP,180,86,,
5fold_grouped_cv,logistic,0.986111111111111,0.9860955464771954,54,left,p_msp,P+MSP,180,86,0.0152145154862546,0.01524097914422085
holdout,logistic,0.9916666666666667,0.9916660879227724,54,left,ck4_p_msp,CK4P-MSP,180,222,,
5fold_grouped_cv,logistic,0.9916666666666668,0.991665058846228,54,left,ck4_p_msp,CK4P-MSP,180,222,0.006804138174397693,0.0068054509542886
holdout,logistic,0.9333333333333333,0.9331662489557226,54,right,ck4,CK4,180,136,,
5fold_grouped_cv,logistic,0.9555555555555555,0.9554502126205641,54,right,ck4,CK4,180,136,0.038689967436622584,0.03881788370125052
holdout,logistic,0.65,0.65,54,right,p,P,180,11,,
5fold_grouped_cv,logistic,0.6166666666666666,0.6132457588720579,54,right,p,P,180,11,0.05386310952684811,0.05239983674539375
holdout,logistic,0.9666666666666667,0.9666295884315907,54,right,msp,MSP,180,75,,
5fold_grouped_cv,logistic,0.986111111111111,0.9860923283531978,54,right,msp,MSP,180,75,0.017568209223157653,0.01759451859249831
holdout,logistic,0.925,0.9247439202843007,54,right,ck4_p,CK4+P,180,147,,
5fold_grouped_cv,logistic,0.961111111111111,0.9610100831053362,54,right,ck4_p,CK4+P,180,147,0.029658550700086998,0.02975612054111451
holdout,logistic,0.975,0.9749843652282677,54,right,ck4_msp,CK4+MSP,180,211,,
5fold_grouped_cv,logistic,0.986111111111111,0.9861019951623848,54,right,ck4_msp,CK4+MSP,180,211,0.012422599874998837,0.012432193032727345
holdout,logistic,0.975,0.9749843652282677,54,right,p_msp,P+MSP,180,86,,
5fold_grouped_cv,logistic,0.9888888888888889,0.9888803088803089,54,right,p_msp,P+MSP,180,86,0.013608276348795441,0.01361878467030031
holdout,logistic,0.975,0.9749843652282677,54,right,ck4_p_msp,CK4P-MSP,180,222,,
5fold_grouped_cv,logistic,0.986111111111111,0.9861019951623848,54,right,ck4_p_msp,CK4P-MSP,180,222,0.012422599874998837,0.012432193032727345
holdout,logistic,0.9583333333333334,0.9583072753804461,55,center,ck4,CK4,180,136,,
5fold_grouped_cv,logistic,0.9444444444444443,0.9443563661420218,55,center,ck4,CK4,180,136,0.02635231383473653,0.026411865769551547
holdout,logistic,0.6666666666666666,0.660633484162896,55,center,p,P,180,11,,
5fold_grouped_cv,logistic,0.5694444444444445,0.5632092842892095,55,center,p,P,180,11,0.07453559924999298,0.0764057084502413
holdout,logistic,0.9916666666666667,0.9916660879227724,55,center,msp,MSP,180,75,,
5fold_grouped_cv,logistic,0.9916666666666668,0.9916618407222305,55,center,msp,MSP,180,75,0.01111111111111111,0.011118887025293532
holdout,logistic,0.9666666666666667,0.9666295884315907,55,center,ck4_p,CK4+P,180,147,,
5fold_grouped_cv,logistic,0.95,0.949936672074363,55,center,ck4_p,CK4+P,180,147,0.01111111111111112,0.011134763944585247
holdout,logistic,0.9916666666666667,0.9916660879227724,55,center,ck4_msp,CK4+MSP,180,211,,
5fold_grouped_cv,logistic,0.9944444444444445,0.994443372564152,55,center,ck4_msp,CK4+MSP,180,211,0.006804138174397694,0.0068054509542886
holdout,logistic,0.9833333333333333,0.9833287024173382,55,center,p_msp,P+MSP,180,86,,
5fold_grouped_cv,logistic,0.9888888888888889,0.9888835270043064,55,center,p_msp,P+MSP,180,86,0.010393492741038724,0.010400659235583804
holdout,logistic,0.9916666666666667,0.9916660879227724,55,center,ck4_p_msp,CK4P-MSP,180,222,,
5fold_grouped_cv,logistic,0.9944444444444445,0.994443372564152,55,center,ck4_p_msp,CK4P-MSP,180,222,0.006804138174397694,0.0068054509542886
holdout,logistic,0.9416666666666667,0.9416301855326246,55,jittered,ck4,CK4,180,136,,
5fold_grouped_cv,logistic,0.9416666666666667,0.9413647225251731,55,jittered,ck4,CK4,180,136,0.03447131568330794,0.034915950008270254
holdout,logistic,0.6083333333333333,0.6076521739130435,55,jittered,p,P,180,11,,
5fold_grouped_cv,logistic,0.6222222222222222,0.6202939740901099,55,jittered,p,P,180,11,0.03868996743662254,0.04079669027321424
holdout,logistic,0.9333333333333333,0.9333148096693527,55,jittered,msp,MSP,180,75,,
5fold_grouped_cv,logistic,0.9111111111111111,0.9108804802243521,55,jittered,msp,MSP,180,75,0.03356401659331827,0.03371639808259176
holdout,logistic,0.9333333333333333,0.9332591768631813,55,jittered,ck4_p,CK4+P,180,147,,
5fold_grouped_cv,logistic,0.9416666666666667,0.9413808380195494,55,jittered,ck4_p,CK4+P,180,147,0.03557291243018249,0.03601316760148035
holdout,logistic,0.9583333333333334,0.9582608695652174,55,jittered,ck4_msp,CK4+MSP,180,211,,
5fold_grouped_cv,logistic,0.9722222222222221,0.9721781706085476,55,jittered,ck4_msp,CK4+MSP,180,211,0.023240556292613235,0.023291324402424065
holdout,logistic,0.95,0.95,55,jittered,p_msp,P+MSP,180,86,,
5fold_grouped_cv,logistic,0.913888888888889,0.9137011305021439,55,jittered,p_msp,P+MSP,180,86,0.02389534796400729,0.024075821950196464
holdout,logistic,0.9666666666666667,0.9666295884315907,55,jittered,ck4_p_msp,CK4P-MSP,180,222,,
5fold_grouped_cv,logistic,0.9777777777777779,0.9777638358846155,55,jittered,ck4_p_msp,CK4P-MSP,180,222,0.01883980550868132,0.018855777438734435
holdout,logistic,0.9333333333333333,0.9330357142857143,55,left,ck4,CK4,180,136,,
5fold_grouped_cv,logistic,0.9444444444444444,0.9442981529940397,55,left,ck4,CK4,180,136,0.008784104611578835,0.00888813000375502
holdout,logistic,0.5916666666666667,0.5868175110673881,55,left,p,P,180,11,,
5fold_grouped_cv,logistic,0.6388888888888888,0.6366177723462625,55,left,p,P,180,11,0.05826715823167509,0.05943529796736701
holdout,logistic,0.975,0.9749843652282677,55,left,msp,MSP,180,75,,
5fold_grouped_cv,logistic,0.986111111111111,0.9861052132863826,55,left,msp,MSP,180,75,0.008784104611578835,0.008790888587498947
holdout,logistic,0.9416666666666667,0.9414674935544561,55,left,ck4_p,CK4+P,180,147,,
5fold_grouped_cv,logistic,0.9416666666666667,0.9414993937583749,55,left,ck4_p,CK4+P,180,147,0.02389534796400729,0.024045897665339395
holdout,logistic,0.975,0.9749843652282677,55,left,ck4_msp,CK4+MSP,180,211,,
5fold_grouped_cv,logistic,0.9833333333333334,0.983314014635274,55,left,ck4_msp,CK4+MSP,180,211,0.016197088596792496,0.016222313124866064
holdout,logistic,0.975,0.9749843652282677,55,left,p_msp,P+MSP,180,86,,
5fold_grouped_cv,logistic,0.986111111111111,0.9861052132863826,55,left,p_msp,P+MSP,180,86,0.008784104611578835,0.008790888587498947
holdout,logistic,0.9666666666666667,0.9666295884315907,55,left,ck4_p_msp,CK4P-MSP,180,222,,
5fold_grouped_cv,logistic,0.986111111111111,0.9860923283531978,55,left,ck4_p_msp,CK4P-MSP,180,222,0.017568209223157653,0.01759451859249831
holdout,logistic,0.9666666666666667,0.9666574048346763,55,right,ck4,CK4,180,136,,
5fold_grouped_cv,logistic,0.9666666666666666,0.9665633549496441,55,right,ck4,CK4,180,136,0.02421610524189265,0.02434676276644276
holdout,logistic,0.6083333333333333,0.6069960281513483,55,right,p,P,180,11,,
5fold_grouped_cv,logistic,0.5944444444444443,0.5936228815655393,55,right,p,P,180,11,0.046811943184313115,0.04755613623196773
holdout,logistic,0.9916666666666667,0.9916660879227724,55,right,msp,MSP,180,75,,
5fold_grouped_cv,logistic,0.9833333333333334,0.983314014635274,55,right,msp,MSP,180,75,0.016197088596792496,0.016222313124866064
holdout,logistic,0.9666666666666667,0.9666574048346763,55,right,ck4_p,CK4+P,180,147,,
5fold_grouped_cv,logistic,0.9722222222222221,0.9721490202257119,55,right,ck4_p,CK4+P,180,147,0.02151657414559677,0.021645885736566506
holdout,logistic,1.0,1.0,55,right,ck4_msp,CK4+MSP,180,211,,
5fold_grouped_cv,logistic,0.9805555555555555,0.9805324827933524,55,right,ck4_msp,CK4+MSP,180,211,0.01666666666666666,0.016690284664815674
holdout,logistic,0.9916666666666667,0.9916660879227724,55,right,p_msp,P+MSP,180,86,,
5fold_grouped_cv,logistic,0.986111111111111,0.9860923283531978,55,right,p_msp,P+MSP,180,86,0.017568209223157653,0.01759451859249831
holdout,logistic,1.0,1.0,55,right,ck4_p_msp,CK4P-MSP,180,222,,
5fold_grouped_cv,logistic,0.986111111111111,0.9861019951623848,55,right,ck4_p_msp,CK4P-MSP,180,222,0.012422599874998838,0.012432193032727345
holdout,logistic,0.975,0.9749843652282677,56,center,ck4,CK4,180,136,,
5fold_grouped_cv,logistic,0.9416666666666667,0.9414193472242351,56,center,ck4,CK4,180,136,0.029658550700086998,0.029875584439016785
holdout,logistic,0.5666666666666667,0.5647321428571428,56,center,p,P,180,11,,
5fold_grouped_cv,logistic,0.55,0.5392504376848332,56,center,p,P,180,11,0.033564016593318285,0.038793339122235995
holdout,logistic,0.9666666666666667,0.9666295884315907,56,center,msp,MSP,180,75,,
5fold_grouped_cv,logistic,0.9777777777777779,0.9777541690754283,56,center,msp,MSP,180,75,0.01416394309331329,0.014186894319585907
holdout,logistic,0.975,0.9749843652282677,56,center,ck4_p,CK4+P,180,147,,
5fold_grouped_cv,logistic,0.9416666666666667,0.9413519593427665,56,center,ck4_p,CK4+P,180,147,0.03447131568330794,0.03478385085626649
holdout,logistic,0.975,0.9749843652282677,56,center,ck4_msp,CK4+MSP,180,211,,
5fold_grouped_cv,logistic,0.986111111111111,0.9860955464771954,56,center,ck4_msp,CK4+MSP,180,211,0.0152145154862546,0.01524097914422085
holdout,logistic,0.9416666666666667,0.9414674935544561,56,center,p_msp,P+MSP,180,86,,
5fold_grouped_cv,logistic,0.975,0.9749661885483174,56,center,p_msp,P+MSP,180,86,0.016197088596792492,0.016227286797398356
holdout,logistic,0.975,0.9749843652282677,56,center,ck4_p_msp,CK4P-MSP,180,222,,
5fold_grouped_cv,logistic,0.986111111111111,0.9860955464771954,56,center,ck4_p_msp,CK4P-MSP,180,222,0.0152145154862546,0.01524097914422085
holdout,logistic,0.9416666666666667,0.9416626154594069,56,jittered,ck4,CK4,180,136,,
5fold_grouped_cv,logistic,0.9361111111111111,0.9359101063448889,56,jittered,ck4,CK4,180,136,0.027216552697590875,0.027480430509979614
holdout,logistic,0.5833333333333334,0.5804195804195804,56,jittered,p,P,180,11,,
5fold_grouped_cv,logistic,0.6361111111111111,0.633724634112018,56,jittered,p,P,180,11,0.04681194318431309,0.04800521744199593
holdout,logistic,0.85,0.8499583217560434,56,jittered,msp,MSP,180,75,,
5fold_grouped_cv,logistic,0.8722222222222221,0.8714689519072328,56,jittered,msp,MSP,180,75,0.05371966557170477,0.054737739499801076
holdout,logistic,0.95,0.949944382647386,56,jittered,ck4_p,CK4+P,180,147,,
5fold_grouped_cv,logistic,0.9305555555555557,0.9303828958377547,56,jittered,ck4_p,CK4+P,180,147,0.023240556292613207,0.02338423388636226
holdout,logistic,0.9583333333333334,0.9583304396138621,56,jittered,ck4_msp,CK4+MSP,180,211,,
5fold_grouped_cv,logistic,0.9694444444444444,0.969412779236467,56,jittered,ck4_msp,CK4+MSP,180,211,0.013608276348795441,0.013631963214440861
holdout,logistic,0.875,0.8749218261413383,56,jittered,p_msp,P+MSP,180,86,,
5fold_grouped_cv,logistic,0.888888888888889,0.8881870512882635,56,jittered,p_msp,P+MSP,180,86,0.03828902431136172,0.038945439241943686
holdout,logistic,0.975,0.9749982637683172,56,jittered,ck4_p_msp,CK4P-MSP,180,222,,
5fold_grouped_cv,logistic,0.9777777777777779,0.9777584590797183,56,jittered,ck4_p_msp,CK4P-MSP,180,222,0.01416394309331329,0.014185217511861189
holdout,logistic,0.925,0.9247439202843007,56,left,ck4,CK4,180,136,,
5fold_grouped_cv,logistic,0.9472222222222223,0.9471464954536938,56,left,ck4,CK4,180,136,0.016197088596792492,0.016220770303103316
holdout,logistic,0.575,0.5725958516656191,56,left,p,P,180,11,,
5fold_grouped_cv,logistic,0.5611111111111111,0.5604245474610199,56,left,p,P,180,11,0.04530418452861136,0.04513868054454465
holdout,logistic,0.9833333333333333,0.9833287024173382,56,left,msp,MSP,180,75,,
5fold_grouped_cv,logistic,0.986111111111111,0.9861019951623848,56,left,msp,MSP,180,75,0.012422599874998837,0.012432193032727346
holdout,logistic,0.9333333333333333,0.9330357142857143,56,left,ck4_p,CK4+P,180,147,,
5fold_grouped_cv,logistic,0.9416666666666668,0.9415554707833614,56,left,ck4_p,CK4+P,180,147,0.022222222222222213,0.022271798215125854
holdout,logistic,0.9833333333333333,0.9833287024173382,56,left,ck4_msp,CK4+MSP,180,211,,
5fold_grouped_cv,logistic,0.9833333333333334,0.9833236814444609,56,left,ck4_msp,CK4+MSP,180,211,0.010393492741038736,0.010402379395098641
holdout,logistic,0.9916666666666667,0.9916660879227724,56,left,p_msp,P+MSP,180,86,,
5fold_grouped_cv,logistic,0.9833333333333334,0.9833236814444609,56,left,p_msp,P+MSP,180,86,0.010393492741038736,0.010402379395098641
holdout,logistic,0.9916666666666667,0.9916660879227724,56,left,ck4_p_msp,CK4P-MSP,180,222,,
5fold_grouped_cv,logistic,0.9833333333333334,0.9833236814444609,56,left,ck4_p_msp,CK4P-MSP,180,222,0.010393492741038736,0.010402379395098641
holdout,logistic,0.95,0.949944382647386,56,right,ck4,CK4,180,136,,
5fold_grouped_cv,logistic,0.9583333333333334,0.958238130454912,56,right,ck4,CK4,180,136,0.019641855032959663,0.019739454894509297
holdout,logistic,0.6583333333333333,0.6564005866331448,56,right,p,P,180,11,,
5fold_grouped_cv,logistic,0.6555555555555556,0.6547292272244583,56,right,p,P,180,11,0.05076574134026963,0.05163821527842836
holdout,logistic,0.9833333333333333,0.9833287024173382,56,right,msp,MSP,180,75,,
5fold_grouped_cv,logistic,0.9833333333333334,0.9833236814444609,56,right,msp,MSP,180,75,0.010393492741038736,0.010402379395098641
holdout,logistic,0.95,0.9499861072520144,56,right,ck4_p,CK4+P,180,147,,
5fold_grouped_cv,logistic,0.9638888888888889,0.9638367932067805,56,right,ck4_p,CK4+P,180,147,0.01666666666666669,0.01671185652326516
holdout,logistic,0.975,0.9749843652282677,56,right,ck4_msp,CK4+MSP,180,211,,
5fold_grouped_cv,logistic,0.9833333333333334,0.9833236814444609,56,right,ck4_msp,CK4+MSP,180,211,0.010393492741038736,0.010402379395098641
holdout,logistic,0.9916666666666667,0.9916660879227724,56,right,p_msp,P+MSP,180,86,,
5fold_grouped_cv,logistic,0.9833333333333334,0.9833236814444609,56,right,p_msp,P+MSP,180,86,0.010393492741038736,0.010402379395098641
holdout,logistic,0.9666666666666667,0.9666295884315907,56,right,ck4_p_msp,CK4P-MSP,180,222,,
5fold_grouped_cv,logistic,0.986111111111111,0.9861019951623848,56,right,ck4_p_msp,CK4P-MSP,180,222,0.012422599874998837,0.012432193032727346
holdout,logistic,0.9833333333333333,0.9833287024173382,57,center,ck4,CK4,180,136,,
5fold_grouped_cv,logistic,0.9638888888888889,0.9637915273295683,57,center,ck4,CK4,180,136,0.020786985482077462,0.020901564667290533
holdout,logistic,0.65,0.6499027507641011,57,center,p,P,180,11,,
5fold_grouped_cv,logistic,0.6416666666666667,0.6401352966252926,57,center,p,P,180,11,0.03093202423794454,0.03065202518944194
holdout,logistic,0.9833333333333333,0.9833287024173382,57,center,msp,MSP,180,75,,
5fold_grouped_cv,logistic,0.9916666666666668,0.991665058846228,57,center,msp,MSP,180,75,0.006804138174397693,0.0068054509542886
holdout,logistic,0.975,0.9749843652282677,57,center,ck4_p,CK4+P,180,147,,
5fold_grouped_cv,logistic,0.9638888888888889,0.9638022660190476,57,center,ck4_p,CK4+P,180,147,0.0188398055086813,0.018960675535042215
holdout,logistic,0.9916666666666667,0.9916660879227724,57,center,ck4_msp,CK4+MSP,180,211,,
5fold_grouped_cv,logistic,0.9916666666666668,0.9916618407222305,57,center,ck4_msp,CK4+MSP,180,211,0.01111111111111111,0.011118887025293534
holdout,logistic,0.975,0.9749843652282677,57,center,p_msp,P+MSP,180,86,,
5fold_grouped_cv,logistic,0.986111111111111,0.9861084314103801,57,center,p_msp,P+MSP,180,86,1.1102230246251565e-16,0.0
holdout,logistic,0.9916666666666667,0.9916660879227724,57,center,ck4_p_msp,CK4P-MSP,180,222,,
5fold_grouped_cv,logistic,0.9916666666666668,0.9916618407222305,57,center,ck4_p_msp,CK4P-MSP,180,222,0.01111111111111111,0.011118887025293534
holdout,logistic,0.9666666666666667,0.9666295884315907,57,jittered,ck4,CK4,180,136,,
5fold_grouped_cv,logistic,0.9694444444444444,0.9693934082054343,57,jittered,ck4,CK4,180,136,0.020412414523193156,0.020462916589252696
holdout,logistic,0.7,0.6999166435120867,57,jittered,p,P,180,11,,
5fold_grouped_cv,logistic,0.625,0.6210943492429765,57,jittered,p,P,180,11,0.05555555555555554,0.055923817664626084
holdout,logistic,0.9333333333333333,0.9330357142857143,57,jittered,msp,MSP,180,75,,
5fold_grouped_cv,logistic,0.9111111111111111,0.9107269565935588,57,jittered,msp,MSP,180,75,0.028598972613852778,0.028914687970245687
holdout,logistic,0.975,0.9749843652282677,57,jittered,ck4_p,CK4+P,180,147,,
5fold_grouped_cv,logistic,0.9777777777777779,0.9777541690754283,57,jittered,ck4_p,CK4+P,180,147,0.01416394309331329,0.014186894319585907
holdout,logistic,0.95,0.949874686716792,57,jittered,ck4_msp,CK4+MSP,180,211,,
5fold_grouped_cv,logistic,0.9555555555555555,0.9555212230840413,57,jittered,ck4_msp,CK4+MSP,180,211,0.016197088596792492,0.016195810409835816
holdout,logistic,0.925,0.9247439202843007,57,jittered,p_msp,P+MSP,180,86,,
5fold_grouped_cv,logistic,0.9166666666666666,0.9163600607176118,57,jittered,p_msp,P+MSP,180,86,0.012422599874998838,0.012707183023535854
holdout,logistic,0.95,0.949874686716792,57,jittered,ck4_p_msp,CK4P-MSP,180,222,,
5fold_grouped_cv,logistic,0.9583333333333334,0.958302754925963,57,jittered,ck4_p_msp,CK4P-MSP,180,222,0.019641855032959663,0.01964793491275876
holdout,logistic,0.9583333333333334,0.9582608695652174,57,left,ck4,CK4,180,136,,
5fold_grouped_cv,logistic,0.9555555555555555,0.9554631848162606,57,left,ck4,CK4,180,136,0.005555555555555581,0.005595369497913572
holdout,logistic,0.5666666666666667,0.5647321428571428,57,left,p,P,180,11,,
5fold_grouped_cv,logistic,0.6194444444444445,0.6159119885391158,57,left,p,P,180,11,0.03239417719358499,0.0350333388872676
holdout,logistic,1.0,1.0,57,left,msp,MSP,180,75,,
5fold_grouped_cv,logistic,0.9944444444444445,0.994443372564152,57,left,msp,MSP,180,75,0.006804138174397694,0.0068054509542886
holdout,logistic,0.9666666666666667,0.9666295884315907,57,left,ck4_p,CK4+P,180,147,,
5fold_grouped_cv,logistic,0.9583333333333334,0.9582220149605357,57,left,ck4_p,CK4+P,180,147,0.01756820922315767,0.017673843131106655
holdout,logistic,1.0,1.0,57,left,ck4_msp,CK4+MSP,180,211,,
5fold_grouped_cv,logistic,0.9944444444444445,0.994443372564152,57,left,ck4_msp,CK4+MSP,180,211,0.006804138174397694,0.0068054509542886
holdout,logistic,1.0,1.0,57,left,p_msp,P+MSP,180,86,,
5fold_grouped_cv,logistic,0.9916666666666668,0.9916618407222305,57,left,p_msp,P+MSP,180,86,0.01111111111111111,0.011118887025293532
holdout,logistic,0.9916666666666667,0.9916660879227724,57,left,ck4_p_msp,CK4P-MSP,180,222,,
5fold_grouped_cv,logistic,0.9944444444444445,0.994443372564152,57,left,ck4_p_msp,CK4P-MSP,180,222,0.006804138174397694,0.0068054509542886
holdout,logistic,0.9333333333333333,0.9333148096693527,57,right,ck4,CK4,180,136,,
5fold_grouped_cv,logistic,0.95,0.949962449404488,57,right,ck4,CK4,180,136,0.018839805508681317,0.018857998630215655
holdout,logistic,0.6666666666666666,0.6662958843159066,57,right,p,P,180,11,,
5fold_grouped_cv,logistic,0.6166666666666666,0.6152864596247907,57,right,p,P,180,11,0.048591265790377494,0.04855584434134059
holdout,logistic,1.0,1.0,57,right,msp,MSP,180,75,,
5fold_grouped_cv,logistic,0.986111111111111,0.9860955464771954,57,right,msp,MSP,180,75,0.0152145154862546,0.01524097914422085
holdout,logistic,0.9166666666666666,0.9165739710789766,57,right,ck4_p,CK4+P,180,147,,
5fold_grouped_cv,logistic,0.9527777777777778,0.9527214344774763,57,right,ck4_p,CK4+P,180,147,0.018839805508681317,0.018870680425254575
holdout,logistic,0.9916666666666667,0.9916660879227724,57,right,ck4_msp,CK4+MSP,180,211,,
5fold_grouped_cv,logistic,0.9888888888888889,0.9888803088803089,57,right,ck4_msp,CK4+MSP,180,211,0.01360827634879544,0.01361878467030031
holdout,logistic,1.0,1.0,57,right,p_msp,P+MSP,180,86,,
5fold_grouped_cv,logistic,0.9888888888888889,0.9888738601951195,57,right,p_msp,P+MSP,180,86,0.016197088596792485,0.01622452312114707
holdout,logistic,0.9916666666666667,0.9916660879227724,57,right,ck4_p_msp,CK4P-MSP,180,222,,
5fold_grouped_cv,logistic,0.9916666666666668,0.9916618407222305,57,right,ck4_p_msp,CK4P-MSP,180,222,0.01111111111111111,0.011118887025293532
holdout,logistic,0.975,0.9749843652282677,58,center,ck4,CK4,180,136,,
5fold_grouped_cv,logistic,0.975,0.9749629205744668,58,center,ck4,CK4,180,136,0.020412414523193163,0.020464681872511437
holdout,logistic,0.5833333333333334,0.5833333333333334,58,center,p,P,180,11,,
5fold_grouped_cv,logistic,0.5972222222222221,0.5947931807328034,58,center,p,P,180,11,0.06573421981221794,0.06696546469290321
holdout,logistic,0.9916666666666667,0.9916660879227724,58,center,msp,MSP,180,75,,
5fold_grouped_cv,logistic,0.986111111111111,0.9861019951623848,58,center,msp,MSP,180,75,0.012422599874998838,0.012432193032727346
holdout,logistic,0.9666666666666667,0.9666295884315907,58,center,ck4_p,CK4+P,180,147,,
5fold_grouped_cv,logistic,0.9694444444444444,0.9693685602640827,58,center,ck4_p,CK4+P,180,147,0.022222222222222213,0.022339009324186483
holdout,logistic,0.9916666666666667,0.9916660879227724,58,center,ck4_msp,CK4+MSP,180,211,,
5fold_grouped_cv,logistic,0.9916666666666668,0.9916618407222305,58,center,ck4_msp,CK4+MSP,180,211,0.01111111111111111,0.011118887025293534
holdout,logistic,0.9916666666666667,0.9916660879227724,58,center,p_msp,P+MSP,180,86,,
5fold_grouped_cv,logistic,0.9805555555555555,0.980526034108163,58,center,p_msp,P+MSP,180,86,0.018839805508681286,0.01887383881991974
holdout,logistic,0.9916666666666667,0.9916660879227724,58,center,ck4_p_msp,CK4P-MSP,180,222,,
5fold_grouped_cv,logistic,0.9888888888888889,0.9888835270043064,58,center,ck4_p_msp,CK4P-MSP,180,222,0.010393492741038724,0.010400659235583804
holdout,logistic,0.9666666666666667,0.9666295884315907,58,jittered,ck4,CK4,180,136,,
5fold_grouped_cv,logistic,0.9694444444444447,0.9693998943032824,58,jittered,ck4,CK4,180,136,0.013608276348795441,0.013642463420249237
holdout,logistic,0.625,0.6249739565247587,58,jittered,p,P,180,11,,
5fold_grouped_cv,logistic,0.6222222222222221,0.6202951276822143,58,jittered,p,P,180,11,0.06297657804863685,0.06362877214692564
holdout,logistic,0.9666666666666667,0.9666666666666667,58,jittered,msp,MSP,180,75,,
5fold_grouped_cv,logistic,0.913888888888889,0.9137540319630635,58,jittered,msp,MSP,180,75,0.020412414523193156,0.020429891649207912
holdout,logistic,0.9666666666666667,0.9666295884315907,58,jittered,ck4_p,CK4+P,180,147,,
5fold_grouped_cv,logistic,0.9638888888888889,0.9638335626455886,58,jittered,ck4_p,CK4+P,180,147,0.014163943093313307,0.014214170357569465
holdout,logistic,0.9833333333333333,0.9833287024173382,58,jittered,ck4_msp,CK4+MSP,180,211,,
5fold_grouped_cv,logistic,0.9944444444444445,0.994443372564152,58,jittered,ck4_msp,CK4+MSP,180,211,0.006804138174397694,0.0068054509542886
holdout,logistic,0.9833333333333333,0.9833333333333333,58,jittered,p_msp,P+MSP,180,86,,
5fold_grouped_cv,logistic,0.9444444444444444,0.9443143433137337,58,jittered,p_msp,P+MSP,180,86,0.030429030972509232,0.03051255378741027
holdout,logistic,0.9833333333333333,0.9833287024173382,58,jittered,ck4_p_msp,CK4P-MSP,180,222,,
5fold_grouped_cv,logistic,0.9888888888888889,0.9888835270043064,58,jittered,ck4_p_msp,CK4P-MSP,180,222,0.010393492741038726,0.010400659235583804
holdout,logistic,0.975,0.9749843652282677,58,left,ck4,CK4,180,136,,
5fold_grouped_cv,logistic,0.9777777777777779,0.9777541690754283,58,left,ck4,CK4,180,136,0.01416394309331329,0.014186894319585907
holdout,logistic,0.5333333333333333,0.5332036676854682,58,left,p,P,180,11,,
5fold_grouped_cv,logistic,0.5944444444444444,0.5910460657352868,58,left,p,P,180,11,0.07973722274670733,0.08061575204211056
holdout,logistic,0.9833333333333333,0.9833287024173382,58,left,msp,MSP,180,75,,
5fold_grouped_cv,logistic,0.9944444444444445,0.994443372564152,58,left,msp,MSP,180,75,0.006804138174397694,0.0068054509542886
holdout,logistic,0.975,0.9749843652282677,58,left,ck4_p,CK4+P,180,147,,
5fold_grouped_cv,logistic,0.9777777777777779,0.9777541690754283,58,left,ck4_p,CK4+P,180,147,0.01416394309331329,0.014186894319585907
holdout,logistic,0.9916666666666667,0.9916660879227724,58,left,ck4_msp,CK4+MSP,180,211,,
5fold_grouped_cv,logistic,0.9972222222222221,0.997221686282076,58,left,ck4_msp,CK4+MSP,180,211,0.005555555555555536,0.005556627435847972
holdout,logistic,1.0,1.0,58,left,p_msp,P+MSP,180,86,,
5fold_grouped_cv,logistic,0.9916666666666668,0.991665058846228,58,left,p_msp,P+MSP,180,86,0.006804138174397694,0.0068054509542886
holdout,logistic,0.9916666666666667,0.9916660879227724,58,left,ck4_p_msp,CK4P-MSP,180,222,,
5fold_grouped_cv,logistic,0.9972222222222221,0.997221686282076,58,left,ck4_p_msp,CK4P-MSP,180,222,0.005555555555555536,0.005556627435847972
holdout,logistic,0.9833333333333333,0.9833287024173382,58,right,ck4,CK4,180,136,,
5fold_grouped_cv,logistic,0.9527777777777778,0.9525874897245711,58,right,ck4,CK4,180,136,0.025760051376376974,0.02597735725752439
holdout,logistic,0.5833333333333334,0.5804195804195804,58,right,p,P,180,11,,
5fold_grouped_cv,logistic,0.6666666666666666,0.6662842786516072,58,right,p,P,180,11,0.008784104611578835,0.008636487277946272
holdout,logistic,0.9916666666666667,0.9916660879227724,58,right,msp,MSP,180,75,,
5fold_grouped_cv,logistic,0.9888888888888889,0.9888738601951195,58,right,msp,MSP,180,75,0.016197088596792485,0.016224523121147066
holdout,logistic,0.9833333333333333,0.9833287024173382,58,right,ck4_p,CK4+P,180,147,,
5fold_grouped_cv,logistic,0.975,0.9749176671344488,58,right,ck4_p,CK4+P,180,147,0.026931554763424043,0.027051420281043202
holdout,logistic,0.9916666666666667,0.9916660879227724,58,right,ck4_msp,CK4+MSP,180,211,,
5fold_grouped_cv,logistic,0.9944444444444445,0.994443372564152,58,right,ck4_msp,CK4+MSP,180,211,0.006804138174397694,0.0068054509542886
holdout,logistic,0.9916666666666667,0.9916660879227724,58,right,p_msp,P+MSP,180,86,,
5fold_grouped_cv,logistic,0.9888888888888889,0.9888738601951195,58,right,p_msp,P+MSP,180,86,0.016197088596792485,0.016224523121147066
holdout,logistic,0.9916666666666667,0.9916660879227724,58,right,ck4_p_msp,CK4P-MSP,180,222,,
5fold_grouped_cv,logistic,0.9944444444444445,0.994443372564152,58,right,ck4_p_msp,CK4P-MSP,180,222,0.006804138174397694,0.0068054509542886
holdout,logistic,0.9583333333333334,0.9582608695652174,59,center,ck4,CK4,180,136,,
5fold_grouped_cv,logistic,0.9666666666666668,0.9666118763635125,59,center,ck4,CK4,180,136,0.0188398055086813,0.01888628852694933
holdout,logistic,0.5916666666666667,0.5916383082158483,59,center,p,P,180,11,,
5fold_grouped_cv,logistic,0.5722222222222222,0.5700084751662775,59,center,p,P,180,11,0.060476502936325664,0.060973944485672144
holdout,logistic,0.9916666666666667,0.9916660879227724,59,center,msp,MSP,180,75,,
5fold_grouped_cv,logistic,0.9777777777777779,0.9777541690754283,59,center,msp,MSP,180,75,0.01416394309331329,0.014186894319585907
holdout,logistic,0.9666666666666667,0.9666295884315907,59,center,ck4_p,CK4+P,180,147,,
5fold_grouped_cv,logistic,0.9638888888888889,0.9638238958364017,59,center,ck4_p,CK4+P,180,147,0.0188398055086813,0.018884379006912443
holdout,logistic,0.9833333333333333,0.9833287024173382,59,center,ck4_msp,CK4+MSP,180,211,,
5fold_grouped_cv,logistic,0.9888888888888889,0.9888835270043064,59,center,ck4_msp,CK4+MSP,180,211,0.010393492741038724,0.010400659235583802
holdout,logistic,1.0,1.0,59,center,p_msp,P+MSP,180,86,,
5fold_grouped_cv,logistic,0.9833333333333334,0.9833236814444609,59,center,p_msp,P+MSP,180,86,0.010393492741038736,0.010402379395098641
holdout,logistic,0.9916666666666667,0.9916660879227724,59,center,ck4_p_msp,CK4P-MSP,180,222,,
5fold_grouped_cv,logistic,0.9888888888888889,0.9888835270043064,59,center,ck4_p_msp,CK4P-MSP,180,222,0.010393492741038724,0.010400659235583802
holdout,logistic,0.975,0.9749843652282677,59,jittered,ck4,CK4,180,136,,
5fold_grouped_cv,logistic,0.975,0.9749908840512738,59,jittered,ck4,CK4,180,136,0.005555555555555581,0.005558781956613961
holdout,logistic,0.625,0.6247654784240151,59,jittered,p,P,180,11,,
5fold_grouped_cv,logistic,0.6555555555555556,0.6549668288367979,59,jittered,p,P,180,11,0.06712803318663649,0.06721844420895669
holdout,logistic,0.9333333333333333,0.9331662489557226,59,jittered,msp,MSP,180,75,,
5fold_grouped_cv,logistic,0.9416666666666668,0.9414593336797719,59,jittered,msp,MSP,180,75,0.026931554763424084,0.027088085554883033
holdout,logistic,0.9666666666666667,0.9666295884315907,59,jittered,ck4_p,CK4+P,180,147,,
5fold_grouped_cv,logistic,0.9666666666666666,0.9666419860840249,59,jittered,ck4_p,CK4+P,180,147,0.006804138174397694,0.006816886665028167
holdout,logistic,0.975,0.9749843652282677,59,jittered,ck4_msp,CK4+MSP,180,211,,
5fold_grouped_cv,logistic,0.9694444444444444,0.9694009287709161,59,jittered,ck4_msp,CK4+MSP,180,211,0.013608276348795453,0.013669083678448907
holdout,logistic,0.9416666666666667,0.9414674935544561,59,jittered,p_msp,P+MSP,180,86,,
5fold_grouped_cv,logistic,0.9361111111111112,0.9359696180160647,59,jittered,p_msp,P+MSP,180,86,0.0188398055086813,0.01898664496555128
holdout,logistic,0.975,0.9749843652282677,59,jittered,ck4_p_msp,CK4P-MSP,180,222,,
5fold_grouped_cv,logistic,0.9722222222222221,0.9722050622050622,59,jittered,ck4_p_msp,CK4P-MSP,180,222,1.1102230246251565e-16,8.580008580016952e-06
holdout,logistic,0.975,0.9749843652282677,59,left,ck4,CK4,180,136,,
5fold_grouped_cv,logistic,0.975,0.9749241158196382,59,left,ck4,CK4,180,136,0.025458753860865768,0.025577245410715897
holdout,logistic,0.5666666666666667,0.5666666666666667,59,left,p,P,180,11,,
5fold_grouped_cv,logistic,0.5777777777777777,0.5756635093838094,59,left,p,P,180,11,0.0898386757155346,0.09031988786838646
holdout,logistic,0.9833333333333333,0.9833287024173382,59,left,msp,MSP,180,75,,
5fold_grouped_cv,logistic,0.9777777777777779,0.9777541690754283,59,left,msp,MSP,180,75,0.01416394309331329,0.014186894319585907
holdout,logistic,0.975,0.9749843652282677,59,left,ck4_p,CK4+P,180,147,,
5fold_grouped_cv,logistic,0.9722222222222221,0.9721393534165248,59,left,ck4_p,CK4+P,180,147,0.024845199749997663,0.024965621737234205
holdout,logistic,0.9916666666666667,0.9916660879227724,59,left,ck4_msp,CK4+MSP,180,211,,
5fold_grouped_cv,logistic,0.9805555555555555,0.9804839613794837,59,left,ck4_msp,CK4+MSP,180,211,0.02721655269759086,0.027341548484728393
holdout,logistic,0.9833333333333333,0.9833287024173382,59,left,p_msp,P+MSP,180,86,,
5fold_grouped_cv,logistic,0.9777777777777779,0.9777541690754283,59,left,p_msp,P+MSP,180,86,0.01416394309331329,0.014186894319585907
holdout,logistic,0.9916666666666667,0.9916660879227724,59,left,ck4_p_msp,CK4P-MSP,180,222,,
5fold_grouped_cv,logistic,0.9805555555555555,0.9805163298863171,59,left,ck4_p_msp,CK4P-MSP,180,222,0.020786985482077462,0.02084833822373336
holdout,logistic,0.9666666666666667,0.9666574048346763,59,right,ck4,CK4,180,136,,
5fold_grouped_cv,logistic,0.961111111111111,0.9609970306324109,59,right,ck4,CK4,180,136,0.030932024237944576,0.031108636249726082
holdout,logistic,0.6833333333333333,0.6811188811188811,59,right,p,P,180,11,,
5fold_grouped_cv,logistic,0.6527777777777779,0.6504428021966016,59,right,p,P,180,11,0.039283710065919325,0.03937375422660174
holdout,logistic,0.9833333333333333,0.9833287024173382,59,right,msp,MSP,180,75,,
5fold_grouped_cv,logistic,0.9916666666666668,0.991665058846228,59,right,msp,MSP,180,75,0.006804138174397694,0.0068054509542886
holdout,logistic,0.975,0.9749982637683172,59,right,ck4_p,CK4+P,180,147,,
5fold_grouped_cv,logistic,0.9666666666666668,0.966606504532054,59,right,ck4_p,CK4+P,180,147,0.02421610524189265,0.02428241792465326
holdout,logistic,0.9916666666666667,0.9916660879227724,59,right,ck4_msp,CK4+MSP,180,211,,
5fold_grouped_cv,logistic,0.9916666666666668,0.991665058846228,59,right,ck4_msp,CK4+MSP,180,211,0.006804138174397694,0.0068054509542886
holdout,logistic,0.975,0.9749843652282677,59,right,p_msp,P+MSP,180,86,,
5fold_grouped_cv,logistic,0.986111111111111,0.9861052132863826,59,right,p_msp,P+MSP,180,86,0.008784104611578835,0.008790888587498949
holdout,logistic,0.9916666666666667,0.9916660879227724,59,right,ck4_p_msp,CK4P-MSP,180,222,,
5fold_grouped_cv,logistic,0.9916666666666668,0.991665058846228,59,right,ck4_p_msp,CK4P-MSP,180,222,0.006804138174397694,0.0068054509542886
holdout,logistic,0.975,0.9749982637683172,60,center,ck4,CK4,180,136,,
5fold_grouped_cv,logistic,0.9833333333333334,0.9833268995684584,60,center,ck4,CK4,180,136,0.005555555555555581,0.005563063683843161
holdout,logistic,0.5,0.49310053506054635,60,center,p,P,180,11,,
5fold_grouped_cv,logistic,0.5972222222222222,0.5944143523065508,60,center,p,P,180,11,0.0674719877860618,0.06709535215340717
holdout,logistic,0.975,0.9749843652282677,60,center,msp,MSP,180,75,,
5fold_grouped_cv,logistic,0.9833333333333334,0.9833236814444609,60,center,msp,MSP,180,75,0.010393492741038736,0.010402379395098641
holdout,logistic,0.975,0.9749982637683172,60,center,ck4_p,CK4+P,180,147,,
5fold_grouped_cv,logistic,0.986111111111111,0.9861052132863826,60,center,ck4_p,CK4+P,180,147,0.008784104611578835,0.008790888587498947
holdout,logistic,1.0,1.0,60,center,ck4_msp,CK4+MSP,180,211,,
5fold_grouped_cv,logistic,0.9944444444444445,0.994443372564152,60,center,ck4_msp,CK4+MSP,180,211,0.006804138174397694,0.0068054509542886
holdout,logistic,0.9833333333333333,0.9833287024173382,60,center,p_msp,P+MSP,180,86,,
5fold_grouped_cv,logistic,0.986111111111111,0.9861052132863826,60,center,p_msp,P+MSP,180,86,0.008784104611578835,0.008790888587498947
holdout,logistic,1.0,1.0,60,center,ck4_p_msp,CK4P-MSP,180,222,,
5fold_grouped_cv,logistic,0.9944444444444445,0.994443372564152,60,center,ck4_p_msp,CK4P-MSP,180,222,0.006804138174397694,0.0068054509542886
holdout,logistic,0.975,0.9749843652282677,60,jittered,ck4,CK4,180,136,,
5fold_grouped_cv,logistic,0.9722222222222223,0.9721943235155827,60,jittered,ck4,CK4,180,136,0.019641855032959663,0.01966386429325812
holdout,logistic,0.6166666666666667,0.6165601555987774,60,jittered,p,P,180,11,,
5fold_grouped_cv,logistic,0.6333333333333333,0.626081054148818,60,jittered,p,P,180,11,0.06549903401417556,0.06886430094703401
holdout,logistic,0.9,0.899888765294772,60,jittered,msp,MSP,180,75,,
5fold_grouped_cv,logistic,0.9,0.8998291928425427,60,jittered,msp,MSP,180,75,0.026931554763424036,0.026936154075090108
holdout,logistic,0.9583333333333334,0.9583072753804461,60,jittered,ck4_p,CK4+P,180,147,,
5fold_grouped_cv,logistic,0.9777777777777779,0.9777541690754283,60,jittered,ck4_p,CK4+P,180,147,0.01416394309331329,0.014186894319585907
holdout,logistic,0.9666666666666667,0.9666295884315907,60,jittered,ck4_msp,CK4+MSP,180,211,,
5fold_grouped_cv,logistic,0.9805555555555557,0.9805357009173499,60,jittered,ck4_msp,CK4+MSP,180,211,0.01416394309331329,0.014188789501230384
holdout,logistic,0.925,0.9248695652173913,60,jittered,p_msp,P+MSP,180,86,,
5fold_grouped_cv,logistic,0.9305555555555556,0.9304388403686371,60,jittered,p_msp,P+MSP,180,86,0.0152145154862546,0.015182603171172553
holdout,logistic,0.9666666666666667,0.9666295884315907,60,jittered,ck4_p_msp,CK4P-MSP,180,222,,
5fold_grouped_cv,logistic,0.986111111111111,0.9861019951623848,60,jittered,ck4_p_msp,CK4P-MSP,180,222,0.012422599874998837,0.012432193032727345
holdout,logistic,0.9916666666666667,0.9916660879227724,60,left,ck4,CK4,180,136,,
5fold_grouped_cv,logistic,0.9777777777777779,0.9777638358846155,60,left,ck4,CK4,180,136,0.0068041381743977475,0.006813333716011712
holdout,logistic,0.7166666666666667,0.7127569698676429,60,left,p,P,180,11,,
5fold_grouped_cv,logistic,0.6666666666666666,0.6658856862189955,60,left,p,P,180,11,0.023240556292613207,0.022988049394159313
holdout,logistic,0.9916666666666667,0.9916660879227724,60,left,msp,MSP,180,75,,
5fold_grouped_cv,logistic,0.9916666666666668,0.991665058846228,60,left,msp,MSP,180,75,0.006804138174397694,0.0068054509542886
holdout,logistic,0.9916666666666667,0.9916660879227724,60,left,ck4_p,CK4+P,180,147,,
5fold_grouped_cv,logistic,0.986111111111111,0.9861052132863826,60,left,ck4_p,CK4+P,180,147,0.008784104611578835,0.008790888587498947
holdout,logistic,0.9916666666666667,0.9916660879227724,60,left,ck4_msp,CK4+MSP,180,211,,
5fold_grouped_cv,logistic,0.9888888888888889,0.9888867451283041,60,left,ck4_msp,CK4+MSP,180,211,0.005555555555555536,0.005556627435847972
holdout,logistic,0.9916666666666667,0.9916660879227724,60,left,p_msp,P+MSP,180,86,,
5fold_grouped_cv,logistic,0.9916666666666668,0.9916618407222305,60,left,p_msp,P+MSP,180,86,0.01111111111111111,0.011118887025293534
holdout,logistic,0.9916666666666667,0.9916660879227724,60,left,ck4_p_msp,CK4P-MSP,180,222,,
5fold_grouped_cv,logistic,0.9888888888888889,0.9888835270043064,60,left,ck4_p_msp,CK4P-MSP,180,222,0.010393492741038726,0.010400659235583804
holdout,logistic,0.9666666666666667,0.9666574048346763,60,right,ck4,CK4,180,136,,
5fold_grouped_cv,logistic,0.9694444444444444,0.9694063429884718,60,right,ck4,CK4,180,136,0.020412414523193156,0.020438271526829373
holdout,logistic,0.575,0.5725958516656191,60,right,p,P,180,11,,
5fold_grouped_cv,logistic,0.6055555555555555,0.6052805171381023,60,right,p,P,180,11,0.061864048475889104,0.061716763917044636
holdout,logistic,0.975,0.9749843652282677,60,right,msp,MSP,180,75,,
5fold_grouped_cv,logistic,0.986111111111111,0.9860955464771954,60,right,msp,MSP,180,75,0.0152145154862546,0.01524097914422085
holdout,logistic,0.975,0.9749982637683172,60,right,ck4_p,CK4+P,180,147,,
5fold_grouped_cv,logistic,0.9694444444444444,0.9693934082054343,60,right,ck4_p,CK4+P,180,147,0.020412414523193156,0.020462916589252696
holdout,logistic,0.9833333333333333,0.9833287024173382,60,right,ck4_msp,CK4+MSP,180,211,,
5fold_grouped_cv,logistic,0.9944444444444445,0.9944401544401543,60,right,ck4_msp,CK4+MSP,180,211,0.011111111111111117,0.011119691119691133
holdout,logistic,0.9833333333333333,0.9833287024173382,60,right,p_msp,P+MSP,180,86,,
5fold_grouped_cv,logistic,0.9888888888888889,0.9888867451283041,60,right,p_msp,P+MSP,180,86,0.005555555555555536,0.005556627435847972
holdout,logistic,0.9833333333333333,0.9833287024173382,60,right,ck4_p_msp,CK4P-MSP,180,222,,
5fold_grouped_cv,logistic,0.9944444444444445,0.9944401544401543,60,right,ck4_p_msp,CK4P-MSP,180,222,0.011111111111111117,0.011119691119691133
holdout,logistic,0.9416666666666667,0.9414674935544561,61,center,ck4,CK4,180,136,,
5fold_grouped_cv,logistic,0.9583333333333334,0.9582457511258158,61,center,ck4,CK4,180,136,0.012422599874998837,0.012494727755283208
holdout,logistic,0.6,0.5998888580161156,61,center,p,P,180,11,,
5fold_grouped_cv,logistic,0.625,0.6183546058738486,61,center,p,P,180,11,0.0421270858002864,0.04442118328400093
holdout,logistic,0.9666666666666667,0.9666295884315907,61,center,msp,MSP,180,75,,
5fold_grouped_cv,logistic,0.9722222222222221,0.9721943235155827,61,center,msp,MSP,180,75,0.008784104611578835,0.008806175813048878
holdout,logistic,0.9666666666666667,0.9666295884315907,61,center,ck4_p,CK4+P,180,147,,
5fold_grouped_cv,logistic,0.9694444444444444,0.9693966761792849,61,center,ck4_p,CK4+P,180,147,0.016197088596792485,0.016226182238659827
holdout,logistic,0.9833333333333333,0.9833287024173382,61,center,ck4_msp,CK4+MSP,180,211,,
5fold_grouped_cv,logistic,0.986111111111111,0.9861052132863826,61,center,ck4_msp,CK4+MSP,180,211,0.008784104611578835,0.008790888587498949
holdout,logistic,0.975,0.9749843652282677,61,center,p_msp,P+MSP,180,86,,
5fold_grouped_cv,logistic,0.975,0.9749823040426937,61,center,p_msp,P+MSP,180,86,0.005555555555555581,0.005563063683843162
holdout,logistic,0.9833333333333333,0.9833287024173382,61,center,ck4_p_msp,CK4P-MSP,180,222,,
5fold_grouped_cv,logistic,0.986111111111111,0.9861052132863826,61,center,ck4_p_msp,CK4P-MSP,180,222,0.008784104611578835,0.008790888587498949
holdout,logistic,0.9833333333333333,0.9833287024173382,61,jittered,ck4,CK4,180,136,,
5fold_grouped_cv,logistic,0.9638888888888889,0.9638174346634798,61,jittered,ck4,CK4,180,136,0.025760051376376984,0.02585545947443161
holdout,logistic,0.6583333333333333,0.6577391304347826,61,jittered,p,P,180,11,,
5fold_grouped_cv,logistic,0.6222222222222222,0.6207288828903048,61,jittered,p,P,180,11,0.0433902759772592,0.0438714530658095
holdout,logistic,0.875,0.8747826086956522,61,jittered,msp,MSP,180,75,,
5fold_grouped_cv,logistic,0.9166666666666666,0.916406877475171,61,jittered,msp,MSP,180,75,0.03402069087198857,0.03433102474382279
holdout,logistic,0.9833333333333333,0.9833287024173382,61,jittered,ck4_p,CK4+P,180,147,,
5fold_grouped_cv,logistic,0.9583333333333334,0.958238130454912,61,jittered,ck4_p,CK4+P,180,147,0.019641855032959663,0.019739454894509297
holdout,logistic,0.9916666666666667,0.9916660879227724,61,jittered,ck4_msp,CK4+MSP,180,211,,
5fold_grouped_cv,logistic,0.986111111111111,0.9861019951623848,61,jittered,ck4_msp,CK4+MSP,180,211,0.012422599874998838,0.012432193032727346
holdout,logistic,0.8916666666666667,0.8910538445422167,61,jittered,p_msp,P+MSP,180,86,,
5fold_grouped_cv,logistic,0.9305555555555556,0.9303355185886403,61,jittered,p_msp,P+MSP,180,86,0.039283710065919325,0.039401015093741894
holdout,logistic,0.9833333333333333,0.9833287024173382,61,jittered,ck4_p_msp,CK4P-MSP,180,222,,
5fold_grouped_cv,logistic,0.986111111111111,0.9861019951623848,61,jittered,ck4_p_msp,CK4P-MSP,180,222,0.012422599874998838,0.012432193032727346
holdout,logistic,0.9416666666666667,0.9414674935544561,61,left,ck4,CK4,180,136,,
5fold_grouped_cv,logistic,0.9694444444444444,0.9693848182499778,61,left,ck4,CK4,180,136,0.02693155476342406,0.026997719730976335
holdout,logistic,0.625,0.6228786926461345,61,left,p,P,180,11,,
5fold_grouped_cv,logistic,0.6388888888888888,0.6357610008669274,61,left,p,P,180,11,0.04392052305789415,0.04400293580832322
holdout,logistic,1.0,1.0,61,left,msp,MSP,180,75,,
5fold_grouped_cv,logistic,0.9944444444444445,0.994443372564152,61,left,msp,MSP,180,75,0.006804138174397694,0.0068054509542886
holdout,logistic,0.95,0.949874686716792,61,left,ck4_p,CK4+P,180,147,,
5fold_grouped_cv,logistic,0.9722222222222223,0.9721856787368353,61,left,ck4_p,CK4+P,180,147,0.019641855032959663,0.019691316234607424
holdout,logistic,1.0,1.0,61,left,ck4_msp,CK4+MSP,180,211,,
5fold_grouped_cv,logistic,0.9972222222222221,0.997221686282076,61,left,ck4_msp,CK4+MSP,180,211,0.005555555555555537,0.005556627435847972
holdout,logistic,1.0,1.0,61,left,p_msp,P+MSP,180,86,,
5fold_grouped_cv,logistic,0.9944444444444445,0.994443372564152,61,left,p_msp,P+MSP,180,86,0.006804138174397694,0.0068054509542886
holdout,logistic,1.0,1.0,61,left,ck4_p_msp,CK4P-MSP,180,222,,
5fold_grouped_cv,logistic,0.9972222222222221,0.997221686282076,61,left,ck4_p_msp,CK4P-MSP,180,222,0.005555555555555537,0.005556627435847972
holdout,logistic,0.95,0.949874686716792,61,right,ck4,CK4,180,136,,
5fold_grouped_cv,logistic,0.9611111111111112,0.9610391458704826,61,right,ck4,CK4,180,136,0.020412414523193156,0.02045149288519478
holdout,logistic,0.6083333333333333,0.6083061323703034,61,right,p,P,180,11,,
5fold_grouped_cv,logistic,0.6638888888888889,0.6629640695124343,61,right,p,P,180,11,0.07317744373510826,0.0741408405345664
holdout,logistic,0.9916666666666667,0.9916660879227724,61,right,msp,MSP,180,75,,
5fold_grouped_cv,logistic,0.9916666666666668,0.991665058846228,61,right,msp,MSP,180,75,0.006804138174397694,0.0068054509542886
holdout,logistic,0.9583333333333334,0.9582608695652174,61,right,ck4_p,CK4+P,180,147,,
5fold_grouped_cv,logistic,0.9638888888888889,0.963820677712404,61,right,ck4_p,CK4+P,180,147,0.014163943093313305,0.014219185995723693
holdout,logistic,1.0,1.0,61,right,ck4_msp,CK4+MSP,180,211,,
5fold_grouped_cv,logistic,0.9972222222222221,0.997221686282076,61,right,ck4_msp,CK4+MSP,180,211,0.005555555555555537,0.005556627435847972
holdout,logistic,0.9916666666666667,0.9916660879227724,61,right,p_msp,P+MSP,180,86,,
5fold_grouped_cv,logistic,0.9972222222222221,0.997221686282076,61,right,p_msp,P+MSP,180,86,0.005555555555555537,0.005556627435847972
holdout,logistic,1.0,1.0,61,right,ck4_p_msp,CK4P-MSP,180,222,,
5fold_grouped_cv,logistic,0.9972222222222221,0.997221686282076,61,right,ck4_p_msp,CK4P-MSP,180,222,0.005555555555555537,0.005556627435847972
holdout,logistic,0.9583333333333334,0.9582608695652174,62,center,ck4,CK4,180,136,,
5fold_grouped_cv,logistic,0.975,0.9749758553575043,62,center,ck4,CK4,180,136,0.010393492741038736,0.010417882915794707
holdout,logistic,0.6583333333333333,0.6564005866331448,62,center,p,P,180,11,,
5fold_grouped_cv,logistic,0.6416666666666667,0.6410057639611011,62,center,p,P,180,11,0.02693155476342404,0.026383338305816198
holdout,logistic,0.9833333333333333,0.9833287024173382,62,center,msp,MSP,180,75,,
5fold_grouped_cv,logistic,0.9777777777777779,0.9777541690754283,62,center,msp,MSP,180,75,0.01416394309331329,0.014186894319585907
holdout,logistic,0.975,0.9749843652282677,62,center,ck4_p,CK4+P,180,147,,
5fold_grouped_cv,logistic,0.9805555555555557,0.9805399909216399,62,center,ck4_p,CK4+P,180,147,0.01416394309331329,0.0141862717923657
holdout,logistic,1.0,1.0,62,center,ck4_msp,CK4+MSP,180,211,,
5fold_grouped_cv,logistic,0.9777777777777779,0.9777541690754283,62,center,ck4_msp,CK4+MSP,180,211,0.01416394309331329,0.014186894319585907
holdout,logistic,0.9916666666666667,0.9916660879227724,62,center,p_msp,P+MSP,180,86,,
5fold_grouped_cv,logistic,0.9833333333333334,0.9833236814444609,62,center,p_msp,P+MSP,180,86,0.010393492741038736,0.010402379395098641
holdout,logistic,1.0,1.0,62,center,ck4_p_msp,CK4P-MSP,180,222,,
5fold_grouped_cv,logistic,0.986111111111111,0.9861019951623848,62,center,ck4_p_msp,CK4P-MSP,180,222,0.012422599874998837,0.012432193032727345
holdout,logistic,0.9583333333333334,0.9582608695652174,62,jittered,ck4,CK4,180,136,,
5fold_grouped_cv,logistic,0.9805555555555555,0.9805324827933524,62,jittered,ck4,CK4,180,136,0.01666666666666666,0.016690284664815674
holdout,logistic,0.6583333333333333,0.6571667479618145,62,jittered,p,P,180,11,,
5fold_grouped_cv,logistic,0.6277777777777778,0.6255683177270891,62,jittered,p,P,180,11,0.07264831572567788,0.07563226917461788
holdout,logistic,0.9,0.899972214504029,62,jittered,msp,MSP,180,75,,
5fold_grouped_cv,logistic,0.9194444444444445,0.9192524784657785,62,jittered,msp,MSP,180,75,0.04063538566202165,0.04070113563719504
holdout,logistic,0.9583333333333334,0.9582608695652174,62,jittered,ck4_p,CK4+P,180,147,,
5fold_grouped_cv,logistic,0.9722222222222221,0.9721685037993606,62,jittered,ck4_p,CK4+P,180,147,0.019641855032959663,0.01970039159291396
holdout,logistic,0.975,0.9749843652282677,62,jittered,ck4_msp,CK4+MSP,180,211,,
5fold_grouped_cv,logistic,0.9888888888888889,0.9888835270043064,62,jittered,ck4_msp,CK4+MSP,180,211,0.010393492741038726,0.010400659235583804
holdout,logistic,0.9333333333333333,0.9332591768631813,62,jittered,p_msp,P+MSP,180,86,,
5fold_grouped_cv,logistic,0.9333333333333332,0.9332203272180459,62,jittered,p_msp,P+MSP,180,86,0.033333333333333354,0.03341182657732628
holdout,logistic,0.9833333333333333,0.9833287024173382,62,jittered,ck4_p_msp,CK4P-MSP,180,222,,
5fold_grouped_cv,logistic,0.9916666666666668,0.9916618407222305,62,jittered,ck4_p_msp,CK4P-MSP,180,222,0.01111111111111111,0.011118887025293532
holdout,logistic,0.9666666666666667,0.9666574048346763,62,left,ck4,CK4,180,136,,
5fold_grouped_cv,logistic,0.9638888888888889,0.963808714704237,62,left,ck4,CK4,180,136,0.016666666666666653,0.016794842058459315
holdout,logistic,0.5583333333333333,0.5575652173913044,62,left,p,P,180,11,,
5fold_grouped_cv,logistic,0.5916666666666667,0.5897507416902711,62,left,p,P,180,11,0.0417591566065914,0.04280560365586358
holdout,logistic,1.0,1.0,62,left,msp,MSP,180,75,,
5fold_grouped_cv,logistic,0.9944444444444445,0.9944401544401543,62,left,msp,MSP,180,75,0.011111111111111117,0.011119691119691133
holdout,logistic,0.975,0.9749982637683172,62,left,ck4_p,CK4+P,180,147,,
5fold_grouped_cv,logistic,0.9666666666666668,0.9665859565418685,62,left,ck4_p,CK4+P,180,147,0.0188398055086813,0.01896448519806723
holdout,logistic,0.9916666666666667,0.9916660879227724,62,left,ck4_msp,CK4+MSP,180,211,,
5fold_grouped_cv,logistic,0.9944444444444445,0.994443372564152,62,left,ck4_msp,CK4+MSP,180,211,0.006804138174397694,0.0068054509542886
holdout,logistic,1.0,1.0,62,left,p_msp,P+MSP,180,86,,
5fold_grouped_cv,logistic,0.9916666666666668,0.9916618407222305,62,left,p_msp,P+MSP,180,86,0.01111111111111111,0.011118887025293534
holdout,logistic,0.9916666666666667,0.9916660879227724,62,left,ck4_p_msp,CK4P-MSP,180,222,,
5fold_grouped_cv,logistic,0.9944444444444445,0.994443372564152,62,left,ck4_p_msp,CK4P-MSP,180,222,0.006804138174397694,0.0068054509542886
holdout,logistic,0.9833333333333333,0.9833287024173382,62,right,ck4,CK4,180,136,,
5fold_grouped_cv,logistic,0.9638888888888889,0.9638314587879805,62,right,ck4,CK4,180,136,0.02256677334621099,0.022608006054531355
holdout,logistic,0.6166666666666667,0.6127946127946128,62,right,p,P,180,11,,
5fold_grouped_cv,logistic,0.6166666666666666,0.6118794239899075,62,right,p,P,180,11,0.04444444444444445,0.045786318509971315
holdout,logistic,1.0,1.0,62,right,msp,MSP,180,75,,
5fold_grouped_cv,logistic,0.9972222222222221,0.997221686282076,62,right,msp,MSP,180,75,0.005555555555555537,0.005556627435847972
holdout,logistic,0.9666666666666667,0.9666295884315907,62,right,ck4_p,CK4+P,180,147,,
5fold_grouped_cv,logistic,0.9666666666666668,0.9666280292705478,62,right,ck4_p,CK4+P,180,147,0.01666666666666669,0.016691359967121993
holdout,logistic,1.0,1.0,62,right,ck4_msp,CK4+MSP,180,211,,
5fold_grouped_cv,logistic,0.9944444444444445,0.994443372564152,62,right,ck4_msp,CK4+MSP,180,211,0.006804138174397693,0.0068054509542886
holdout,logistic,1.0,1.0,62,right,p_msp,P+MSP,180,86,,
5fold_grouped_cv,logistic,0.9972222222222221,0.997221686282076,62,right,p_msp,P+MSP,180,86,0.005555555555555537,0.005556627435847972
holdout,logistic,1.0,1.0,62,right,ck4_p_msp,CK4P-MSP,180,222,,
5fold_grouped_cv,logistic,0.9944444444444445,0.994443372564152,62,right,ck4_p_msp,CK4P-MSP,180,222,0.006804138174397693,0.0068054509542886
holdout,logistic,0.9583333333333334,0.9582608695652174,63,center,ck4,CK4,180,136,,
5fold_grouped_cv,logistic,0.9638888888888889,0.9638400113307781,63,center,ck4,CK4,180,136,0.01111111111111111,0.011162514874940499
holdout,logistic,0.625,0.6249739565247587,63,center,p,P,180,11,,
5fold_grouped_cv,logistic,0.6666666666666667,0.665400825243902,63,center,p,P,180,11,0.05485671571703193,0.05519449339532636
holdout,logistic,0.9833333333333333,0.9833287024173382,63,center,msp,MSP,180,75,,
5fold_grouped_cv,logistic,0.9833333333333334,0.983314014635274,63,center,msp,MSP,180,75,0.016197088596792492,0.016222313124866064
holdout,logistic,0.95,0.949874686716792,63,center,ck4_p,CK4+P,180,147,,
5fold_grouped_cv,logistic,0.9694444444444444,0.9694192279216564,63,center,ck4_p,CK4+P,180,147,0.010393492741038724,0.010407572398803404
holdout,logistic,0.9916666666666667,0.9916660879227724,63,center,ck4_msp,CK4+MSP,180,211,,
5fold_grouped_cv,logistic,0.9944444444444445,0.994443372564152,63,center,ck4_msp,CK4+MSP,180,211,0.006804138174397694,0.0068054509542886
holdout,logistic,0.9833333333333333,0.9833287024173382,63,center,p_msp,P+MSP,180,86,,
5fold_grouped_cv,logistic,0.9833333333333334,0.983314014635274,63,center,p_msp,P+MSP,180,86,0.016197088596792492,0.016222313124866064
holdout,logistic,0.9916666666666667,0.9916660879227724,63,center,ck4_p_msp,CK4P-MSP,180,222,,
5fold_grouped_cv,logistic,0.9944444444444445,0.994443372564152,63,center,ck4_p_msp,CK4P-MSP,180,222,0.006804138174397694,0.0068054509542886
holdout,logistic,0.9833333333333333,0.9833333333333333,63,jittered,ck4,CK4,180,136,,
5fold_grouped_cv,logistic,0.9666666666666666,0.9665795078566791,63,jittered,ck4,CK4,180,136,0.02078698548207746,0.020907606628231667
holdout,logistic,0.5583333333333333,0.555834904672114,63,jittered,p,P,180,11,,
5fold_grouped_cv,logistic,0.5527777777777778,0.5495608316071371,63,jittered,p,P,180,11,0.06770032003863304,0.06494410358427898
holdout,logistic,0.95,0.9499861072520144,63,jittered,msp,MSP,180,75,,
5fold_grouped_cv,logistic,0.9388888888888889,0.9387513298349213,63,jittered,msp,MSP,180,75,0.020786985482077462,0.020830765374492348
holdout,logistic,0.9833333333333333,0.9833333333333333,63,jittered,ck4_p,CK4+P,180,147,,
5fold_grouped_cv,logistic,0.9666666666666668,0.9666022095543256,63,jittered,ck4_p,CK4+P,180,147,0.01666666666666669,0.01672578629682007
holdout,logistic,0.9916666666666667,0.9916660879227724,63,jittered,ck4_msp,CK4+MSP,180,211,,
5fold_grouped_cv,logistic,0.9888888888888889,0.9888835270043064,63,jittered,ck4_msp,CK4+MSP,180,211,0.010393492741038724,0.010400659235583802
holdout,logistic,0.9416666666666667,0.9416626154594069,63,jittered,p_msp,P+MSP,180,86,,
5fold_grouped_cv,logistic,0.9444444444444444,0.9444015319643502,63,jittered,p_msp,P+MSP,180,86,0.019641855032959663,0.01964564910694394
holdout,logistic,1.0,1.0,63,jittered,ck4_p_msp,CK4P-MSP,180,222,,
5fold_grouped_cv,logistic,0.986111111111111,0.9861052132863826,63,jittered,ck4_p_msp,CK4P-MSP,180,222,0.008784104611578835,0.008790888587498949
holdout,logistic,0.975,0.9749843652282677,63,left,ck4,CK4,180,136,,
5fold_grouped_cv,logistic,0.9777777777777779,0.9777541690754283,63,left,ck4,CK4,180,136,0.01416394309331329,0.014186894319585907
holdout,logistic,0.5666666666666667,0.5622895622895623,63,left,p,P,180,11,,
5fold_grouped_cv,logistic,0.5722222222222222,0.5708128202597748,63,left,p,P,180,11,0.02965855070008698,0.030378895329488054
holdout,logistic,1.0,1.0,63,left,msp,MSP,180,75,,
5fold_grouped_cv,logistic,0.9972222222222221,0.997221686282076,63,left,msp,MSP,180,75,0.005555555555555537,0.005556627435847972
holdout,logistic,0.975,0.9749843652282677,63,left,ck4_p,CK4+P,180,147,,
5fold_grouped_cv,logistic,0.9694444444444444,0.9694030750146212,63,left,ck4_p,CK4+P,180,147,0.016197088596792523,0.01624949676111025
holdout,logistic,1.0,1.0,63,left,ck4_msp,CK4+MSP,180,211,,
5fold_grouped_cv,logistic,1.0,1.0,63,left,ck4_msp,CK4+MSP,180,211,0.0,0.0
holdout,logistic,1.0,1.0,63,left,p_msp,P+MSP,180,86,,
5fold_grouped_cv,logistic,0.9972222222222221,0.997221686282076,63,left,p_msp,P+MSP,180,86,0.005555555555555537,0.005556627435847972
holdout,logistic,1.0,1.0,63,left,ck4_p_msp,CK4P-MSP,180,222,,
5fold_grouped_cv,logistic,1.0,1.0,63,left,ck4_p_msp,CK4P-MSP,180,222,0.0,0.0
holdout,logistic,0.9916666666666667,0.9916660879227724,63,right,ck4,CK4,180,136,,
5fold_grouped_cv,logistic,0.9777777777777779,0.9777638358846155,63,right,ck4,CK4,180,136,0.01883980550868132,0.018855777438734435
holdout,logistic,0.6416666666666667,0.6414425682718365,63,right,p,P,180,11,,
5fold_grouped_cv,logistic,0.65,0.6490249941783124,63,right,p,P,180,11,0.07211530547637315,0.07222207666285856
holdout,logistic,0.9916666666666667,0.9916660879227724,63,right,msp,MSP,180,75,,
5fold_grouped_cv,logistic,0.9944444444444445,0.994443372564152,63,right,msp,MSP,180,75,0.006804138174397694,0.0068054509542886
holdout,logistic,0.975,0.9749982637683172,63,right,ck4_p,CK4+P,180,147,,
5fold_grouped_cv,logistic,0.986111111111111,0.9860923283531978,63,right,ck4_p,CK4+P,180,147,0.017568209223157653,0.01759451859249831
holdout,logistic,1.0,1.0,63,right,ck4_msp,CK4+MSP,180,211,,
5fold_grouped_cv,logistic,1.0,1.0,63,right,ck4_msp,CK4+MSP,180,211,0.0,0.0
holdout,logistic,1.0,1.0,63,right,p_msp,P+MSP,180,86,,
5fold_grouped_cv,logistic,0.9972222222222221,0.997221686282076,63,right,p_msp,P+MSP,180,86,0.005555555555555536,0.005556627435847972
holdout,logistic,1.0,1.0,63,right,ck4_p_msp,CK4P-MSP,180,222,,
5fold_grouped_cv,logistic,1.0,1.0,63,right,ck4_p_msp,CK4P-MSP,180,222,0.0,0.0
holdout,logistic,0.9833333333333333,0.9833287024173382,64,center,ck4,CK4,180,136,,
5fold_grouped_cv,logistic,0.9666666666666668,0.966582838523293,64,center,ck4,CK4,180,136,0.022566773346211016,0.022639425218867047
holdout,logistic,0.575,0.5747342088805503,64,center,p,P,180,11,,
5fold_grouped_cv,logistic,0.6166666666666666,0.6152875978323784,64,center,p,P,180,11,0.03239417719358501,0.03256642343864359
holdout,logistic,0.9666666666666667,0.9666295884315907,64,center,msp,MSP,180,75,,
5fold_grouped_cv,logistic,0.9833333333333332,0.9832654932214053,64,center,msp,MSP,180,75,0.02693155476342404,0.027063407808085718
holdout,logistic,0.975,0.9749843652282677,64,center,ck4_p,CK4+P,180,147,,
5fold_grouped_cv,logistic,0.9722222222222223,0.9721685037993606,64,center,ck4_p,CK4+P,180,147,0.019641855032959663,0.01970039159291396
holdout,logistic,0.9833333333333333,0.9833287024173382,64,center,ck4_msp,CK4+MSP,180,211,,
5fold_grouped_cv,logistic,0.9888888888888889,0.9888803088803089,64,center,ck4_msp,CK4+MSP,180,211,0.01360827634879544,0.01361878467030031
holdout,logistic,0.9666666666666667,0.9666295884315907,64,center,p_msp,P+MSP,180,86,,
5fold_grouped_cv,logistic,0.9777777777777779,0.9777056476615599,64,center,p_msp,P+MSP,180,86,0.02576005137637695,0.02588422350324117
holdout,logistic,0.9833333333333333,0.9833287024173382,64,center,ck4_p_msp,CK4P-MSP,180,222,,
5fold_grouped_cv,logistic,0.986111111111111,0.9861019951623848,64,center,ck4_p_msp,CK4P-MSP,180,222,0.012422599874998837,0.012432193032727346
holdout,logistic,0.975,0.9749843652282677,64,jittered,ck4,CK4,180,136,,
5fold_grouped_cv,logistic,0.9666666666666668,0.9666409142037324,64,jittered,ck4,CK4,180,136,0.01666666666666669,0.016684919569795946
holdout,logistic,0.6583333333333333,0.658309604833669,64,jittered,p,P,180,11,,
5fold_grouped_cv,logistic,0.6555555555555556,0.6535092904100475,64,jittered,p,P,180,11,0.05076574134026961,0.053226348050952096
holdout,logistic,0.9083333333333333,0.9082760058369814,64,jittered,msp,MSP,180,75,,
5fold_grouped_cv,logistic,0.9,0.8998231498231499,64,jittered,msp,MSP,180,75,0.05152010275275389,0.05154292699205184
holdout,logistic,0.9666666666666667,0.9666295884315907,64,jittered,ck4_p,CK4+P,180,147,,
5fold_grouped_cv,logistic,0.9694444444444444,0.9694235179259465,64,jittered,ck4_p,CK4+P,180,147,0.010393492741038724,0.010408722425286504
holdout,logistic,0.9666666666666667,0.9666295884315907,64,jittered,ck4_msp,CK4+MSP,180,211,,
5fold_grouped_cv,logistic,0.9694444444444444,0.9693901900814366,64,jittered,ck4_msp,CK4+MSP,180,211,0.016197088596792523,0.016258298865680934
holdout,logistic,0.9333333333333333,0.9332591768631813,64,jittered,p_msp,P+MSP,180,86,,
5fold_grouped_cv,logistic,0.9111111111111112,0.9108712860047194,64,jittered,p_msp,P+MSP,180,86,0.04530418452861135,0.04533224013263029
holdout,logistic,0.975,0.9749843652282677,64,jittered,ck4_p_msp,CK4P-MSP,180,222,,
5fold_grouped_cv,logistic,0.9611111111111112,0.9610099954876468,64,jittered,ck4_p_msp,CK4P-MSP,180,222,0.018425693279752225,0.018538412134367046
holdout,logistic,0.9833333333333333,0.9833287024173382,64,left,ck4,CK4,180,136,,
5fold_grouped_cv,logistic,0.9638888888888889,0.9638464974286263,64,left,ck4,CK4,180,136,0.014163943093313307,0.01418373919006466
holdout,logistic,0.5666666666666667,0.5655806182121972,64,left,p,P,180,11,,
5fold_grouped_cv,logistic,0.6083333333333333,0.6081397571326184,64,left,p,P,180,11,0.04999999999999998,0.0500020574890898
holdout,logistic,0.9666666666666667,0.9666295884315907,64,left,msp,MSP,180,75,,
5fold_grouped_cv,logistic,0.9833333333333334,0.983314014635274,64,left,msp,MSP,180,75,0.016197088596792492,0.016222313124866064
holdout,logistic,0.9833333333333333,0.9833287024173382,64,left,ck4_p,CK4+P,180,147,,
5fold_grouped_cv,logistic,0.9722222222222223,0.972191092954391,64,left,ck4_p,CK4+P,180,147,0.017568209223157653,0.017591988189787626
holdout,logistic,0.9833333333333333,0.9833287024173382,64,left,ck4_msp,CK4+MSP,180,211,,
5fold_grouped_cv,logistic,0.9944444444444445,0.994443372564152,64,left,ck4_msp,CK4+MSP,180,211,0.006804138174397694,0.0068054509542886
holdout,logistic,0.975,0.9749843652282677,64,left,p_msp,P+MSP,180,86,,
5fold_grouped_cv,logistic,0.986111111111111,0.9860955464771954,64,left,p_msp,P+MSP,180,86,0.0152145154862546,0.01524097914422085
holdout,logistic,0.9833333333333333,0.9833287024173382,64,left,ck4_p_msp,CK4P-MSP,180,222,,
5fold_grouped_cv,logistic,0.9972222222222221,0.997221686282076,64,left,ck4_p_msp,CK4P-MSP,180,222,0.005555555555555536,0.005556627435847972
holdout,logistic,0.9666666666666667,0.9666574048346763,64,right,ck4,CK4,180,136,,
5fold_grouped_cv,logistic,0.9638888888888889,0.9638411206237294,64,right,ck4,CK4,180,136,0.006804138174397694,0.006834387231082033
holdout,logistic,0.6083333333333333,0.6083061323703034,64,right,p,P,180,11,,
5fold_grouped_cv,logistic,0.5972222222222222,0.5957310517038779,64,right,p,P,180,11,0.04969039949999531,0.05126053078814964
holdout,logistic,0.9916666666666667,0.9916660879227724,64,right,msp,MSP,180,75,,
5fold_grouped_cv,logistic,0.9944444444444445,0.994443372564152,64,right,msp,MSP,180,75,0.006804138174397694,0.0068054509542886
holdout,logistic,0.9666666666666667,0.9666574048346763,64,right,ck4_p,CK4+P,180,147,,
5fold_grouped_cv,logistic,0.9694444444444444,0.9694170816779512,64,right,ck4_p,CK4+P,180,147,0.005555555555555536,0.005578112242648968
holdout,logistic,0.9916666666666667,0.9916660879227724,64,right,ck4_msp,CK4+MSP,180,211,,
5fold_grouped_cv,logistic,0.9944444444444445,0.994443372564152,64,right,ck4_msp,CK4+MSP,180,211,0.006804138174397694,0.0068054509542886
holdout,logistic,0.9916666666666667,0.9916660879227724,64,right,p_msp,P+MSP,180,86,,
5fold_grouped_cv,logistic,0.9916666666666668,0.9916618407222305,64,right,p_msp,P+MSP,180,86,0.01111111111111111,0.011118887025293532
holdout,logistic,1.0,1.0,64,right,ck4_p_msp,CK4P-MSP,180,222,,
5fold_grouped_cv,logistic,0.9916666666666668,0.9916618407222305,64,right,ck4_p_msp,CK4P-MSP,180,222,0.01111111111111111,0.011118887025293532
holdout,logistic,0.9833333333333333,0.9833287024173382,65,center,ck4,CK4,180,136,,
5fold_grouped_cv,logistic,0.9777777777777779,0.9777573871994261,65,center,ck4,CK4,180,136,0.011111111111111122,0.011137414317014526
holdout,logistic,0.65,0.6499027507641011,65,center,p,P,180,11,,
5fold_grouped_cv,logistic,0.6249999999999999,0.6207336436989426,65,center,p,P,180,11,0.04890782461571948,0.05195356297478041
holdout,logistic,0.9916666666666667,0.9916660879227724,65,center,msp,MSP,180,75,,
5fold_grouped_cv,logistic,0.975,0.9749597024504691,65,center,msp,MSP,180,75,0.01619708859679253,0.016261622845614346
holdout,logistic,0.975,0.9749843652282677,65,center,ck4_p,CK4+P,180,147,,
5fold_grouped_cv,logistic,0.9722222222222223,0.9721717219233582,65,center,ck4_p,CK4+P,180,147,0.017568209223157688,0.01763279350740634
holdout,logistic,0.9916666666666667,0.9916660879227724,65,center,ck4_msp,CK4+MSP,180,211,,
5fold_grouped_cv,logistic,0.9888888888888889,0.9888867451283041,65,center,ck4_msp,CK4+MSP,180,211,0.005555555555555536,0.005556627435847972
holdout,logistic,0.975,0.9749843652282677,65,center,p_msp,P+MSP,180,86,,
5fold_grouped_cv,logistic,0.975,0.9749758553575043,65,center,p_msp,P+MSP,180,86,0.010393492741038736,0.010417882915794707
holdout,logistic,0.9916666666666667,0.9916660879227724,65,center,ck4_p_msp,CK4P-MSP,180,222,,
5fold_grouped_cv,logistic,0.9888888888888889,0.9888867451283041,65,center,ck4_p_msp,CK4P-MSP,180,222,0.005555555555555536,0.005556627435847972
holdout,logistic,0.975,0.9749843652282677,65,jittered,ck4,CK4,180,136,,
5fold_grouped_cv,logistic,0.9694444444444444,0.9693934082054343,65,jittered,ck4,CK4,180,136,0.020412414523193156,0.020462916589252696
holdout,logistic,0.6333333333333333,0.6282737257110673,65,jittered,p,P,180,11,,
5fold_grouped_cv,logistic,0.6305555555555555,0.6297519498795578,65,jittered,p,P,180,11,0.02859897261385278,0.02880846304887761
holdout,logistic,0.9166666666666666,0.9166435120866907,65,jittered,msp,MSP,180,75,,
5fold_grouped_cv,logistic,0.9222222222222222,0.922055189210243,65,jittered,msp,MSP,180,75,0.018839805508681286,0.01883245330049888
holdout,logistic,0.975,0.9749843652282677,65,jittered,ck4_p,CK4+P,180,147,,
5fold_grouped_cv,logistic,0.9722222222222223,0.972191092954391,65,jittered,ck4_p,CK4+P,180,147,0.017568209223157653,0.017591988189787626
holdout,logistic,0.9833333333333333,0.9833287024173382,65,jittered,ck4_msp,CK4+MSP,180,211,,
5fold_grouped_cv,logistic,0.9805555555555555,0.9805399909216399,65,jittered,ck4_msp,CK4+MSP,180,211,0.01416394309331329,0.0141862717923657
holdout,logistic,0.9333333333333333,0.9333333333333333,65,jittered,p_msp,P+MSP,180,86,,
5fold_grouped_cv,logistic,0.9444444444444444,0.9443671123457953,65,jittered,p_msp,P+MSP,180,86,0.026352313834736508,0.026404996533158462
holdout,logistic,0.9833333333333333,0.9833287024173382,65,jittered,ck4_p_msp,CK4P-MSP,180,222,,
5fold_grouped_cv,logistic,0.9777777777777779,0.9777606053234236,65,jittered,ck4_p_msp,CK4P-MSP,180,222,0.01666666666666666,0.016684927858581687
holdout,logistic,0.975,0.9749982637683172,65,left,ck4,CK4,180,136,,
5fold_grouped_cv,logistic,0.9583333333333334,0.9581145120033397,65,left,ck4,CK4,180,136,0.03167153958608716,0.03199546688074874
holdout,logistic,0.6,0.595959595959596,65,left,p,P,180,11,,
5fold_grouped_cv,logistic,0.611111111111111,0.6091182232518243,65,left,p,P,180,11,0.04969039949999535,0.04832499999297725
holdout,logistic,1.0,1.0,65,left,msp,MSP,180,75,,
5fold_grouped_cv,logistic,0.9888888888888889,0.9888867451283041,65,left,msp,MSP,180,75,0.005555555555555536,0.005556627435847972
holdout,logistic,0.975,0.9749982637683172,65,left,ck4_p,CK4+P,180,147,,
5fold_grouped_cv,logistic,0.975,0.9749564843264714,65,left,ck4_p,CK4+P,180,147,0.01842569327975224,0.018483731867412718
holdout,logistic,0.9916666666666667,0.9916660879227724,65,left,ck4_msp,CK4+MSP,180,211,,
5fold_grouped_cv,logistic,0.9888888888888889,0.9888738601951195,65,left,ck4_msp,CK4+MSP,180,211,0.016197088596792485,0.01622452312114707
holdout,logistic,1.0,1.0,65,left,p_msp,P+MSP,180,86,,
5fold_grouped_cv,logistic,0.9916666666666668,0.991665058846228,65,left,p_msp,P+MSP,180,86,0.006804138174397694,0.0068054509542886
holdout,logistic,1.0,1.0,65,left,ck4_p_msp,CK4P-MSP,180,222,,
5fold_grouped_cv,logistic,0.9916666666666668,0.9916618407222305,65,left,ck4_p_msp,CK4P-MSP,180,222,0.01111111111111111,0.011118887025293532
holdout,logistic,0.975,0.9749982637683172,65,right,ck4,CK4,180,136,,
5fold_grouped_cv,logistic,0.9666666666666668,0.966608658239515,65,right,ck4,CK4,180,136,0.014163943093313307,0.014222352771659322
holdout,logistic,0.5416666666666666,0.5377827578962112,65,right,p,P,180,11,,
5fold_grouped_cv,logistic,0.5527777777777778,0.5510945814686604,65,right,p,P,180,11,0.016197088596792496,0.015274730746406345
holdout,logistic,1.0,1.0,65,right,msp,MSP,180,75,,
5fold_grouped_cv,logistic,1.0,1.0,65,right,msp,MSP,180,75,0.0,0.0
holdout,logistic,0.9666666666666667,0.9666574048346763,65,right,ck4_p,CK4+P,180,147,,
5fold_grouped_cv,logistic,0.9666666666666666,0.9666376960797347,65,right,ck4_p,CK4+P,180,147,0.006804138174397694,0.006813379407198885
holdout,logistic,0.9916666666666667,0.9916660879227724,65,right,ck4_msp,CK4+MSP,180,211,,
5fold_grouped_cv,logistic,1.0,1.0,65,right,ck4_msp,CK4+MSP,180,211,0.0,0.0
holdout,logistic,1.0,1.0,65,right,p_msp,P+MSP,180,86,,
5fold_grouped_cv,logistic,1.0,1.0,65,right,p_msp,P+MSP,180,86,0.0,0.0
holdout,logistic,1.0,1.0,65,right,ck4_p_msp,CK4P-MSP,180,222,,
5fold_grouped_cv,logistic,0.9944444444444445,0.9944401544401543,65,right,ck4_p_msp,CK4P-MSP,180,222,0.011111111111111117,0.011119691119691133
holdout,logistic,0.9666666666666667,0.9666295884315907,66,center,ck4,CK4,180,136,,
5fold_grouped_cv,logistic,0.9805555555555557,0.9805399909216399,66,center,ck4,CK4,180,136,0.01416394309331329,0.0141862717923657
holdout,logistic,0.6333333333333333,0.6332314531814394,66,center,p,P,180,11,,
5fold_grouped_cv,logistic,0.6722222222222223,0.6717003457700724,66,center,p,P,180,11,0.04859126579037751,0.04860619372994791
holdout,logistic,0.975,0.9749843652282677,66,center,msp,MSP,180,75,,
5fold_grouped_cv,logistic,0.9805555555555555,0.9805453677265369,66,center,msp,MSP,180,75,0.0068041381743977475,0.006813333716011712
holdout,logistic,0.975,0.9749843652282677,66,center,ck4_p,CK4+P,180,147,,
5fold_grouped_cv,logistic,0.986111111111111,0.9861052132863826,66,center,ck4_p,CK4+P,180,147,0.008784104611578835,0.008790888587498947
holdout,logistic,0.9833333333333333,0.9833287024173382,66,center,ck4_msp,CK4+MSP,180,211,,
5fold_grouped_cv,logistic,0.986111111111111,0.9860923283531978,66,center,ck4_msp,CK4+MSP,180,211,0.017568209223157653,0.01759451859249831
holdout,logistic,0.975,0.9749843652282677,66,center,p_msp,P+MSP,180,86,,
5fold_grouped_cv,logistic,0.9805555555555555,0.9805453677265369,66,center,p_msp,P+MSP,180,86,0.0068041381743977475,0.006813333716011713
holdout,logistic,0.9833333333333333,0.9833287024173382,66,center,ck4_p_msp,CK4P-MSP,180,222,,
5fold_grouped_cv,logistic,0.9916666666666668,0.9916618407222305,66,center,ck4_p_msp,CK4P-MSP,180,222,0.011111111111111112,0.011118887025293532
holdout,logistic,0.9583333333333334,0.9583072753804461,66,jittered,ck4,CK4,180,136,,
5fold_grouped_cv,logistic,0.9666666666666666,0.9666409142037324,66,jittered,ck4,CK4,180,136,0.01666666666666669,0.016684919569795946
holdout,logistic,0.55,0.5454545454545454,66,jittered,p,P,180,11,,
5fold_grouped_cv,logistic,0.5611111111111111,0.5562583303480277,66,jittered,p,P,180,11,0.08031573497111645,0.08639382039430717
holdout,logistic,0.9416666666666667,0.9416626154594069,66,jittered,msp,MSP,180,75,,
5fold_grouped_cv,logistic,0.9361111111111111,0.9360310694133662,66,jittered,msp,MSP,180,75,0.0285989726138528,0.028642323157125
holdout,logistic,0.9666666666666667,0.9666574048346763,66,jittered,ck4_p,CK4+P,180,147,,
5fold_grouped_cv,logistic,0.975,0.9749823040426937,66,jittered,ck4_p,CK4+P,180,147,0.01842569327975224,0.01844089217049542
holdout,logistic,0.9916666666666667,0.9916660879227724,66,jittered,ck4_msp,CK4+MSP,180,211,,
5fold_grouped_cv,logistic,0.9777777777777779,0.977767054008613,66,jittered,ck4_msp,CK4+MSP,180,211,0.01416394309331329,0.014169202334557863
holdout,logistic,0.975,0.9749982637683172,66,jittered,p_msp,P+MSP,180,86,,
5fold_grouped_cv,logistic,0.9472222222222223,0.947094738454657,66,jittered,p_msp,P+MSP,180,86,0.022222222222222227,0.0223341629424407
holdout,logistic,0.9916666666666667,0.9916660879227724,66,jittered,ck4_p_msp,CK4P-MSP,180,222,,
5fold_grouped_cv,logistic,0.9833333333333334,0.9833204633204634,66,jittered,ck4_p_msp,CK4P-MSP,180,222,0.013608276348795441,0.013618784670300312
holdout,logistic,0.9833333333333333,0.9833333333333333,66,left,ck4,CK4,180,136,,
5fold_grouped_cv,logistic,0.9777777777777779,0.9777283493592062,66,left,ck4,CK4,180,136,0.022566773346211006,0.022629886746692203
holdout,logistic,0.675,0.6731615336266499,66,left,p,P,180,11,,
5fold_grouped_cv,logistic,0.6583333333333334,0.657227063385132,66,left,p,P,180,11,0.05665577237325316,0.05511241952323749
holdout,logistic,0.975,0.9749843652282677,66,left,msp,MSP,180,75,,
5fold_grouped_cv,logistic,0.9888888888888889,0.9888835270043064,66,left,msp,MSP,180,75,0.010393492741038724,0.010400659235583802
holdout,logistic,0.9916666666666667,0.9916660879227724,66,left,ck4_p,CK4+P,180,147,,
5fold_grouped_cv,logistic,0.9888888888888889,0.9888835270043064,66,left,ck4_p,CK4+P,180,147,0.010393492741038724,0.010400659235583802
holdout,logistic,0.9833333333333333,0.9833287024173382,66,left,ck4_msp,CK4+MSP,180,211,,
5fold_grouped_cv,logistic,0.9972222222222221,0.997221686282076,66,left,ck4_msp,CK4+MSP,180,211,0.005555555555555537,0.005556627435847972
holdout,logistic,0.975,0.9749843652282677,66,left,p_msp,P+MSP,180,86,,
5fold_grouped_cv,logistic,0.9888888888888889,0.9888835270043064,66,left,p_msp,P+MSP,180,86,0.010393492741038724,0.010400659235583802
holdout,logistic,0.9916666666666667,0.9916660879227724,66,left,ck4_p_msp,CK4P-MSP,180,222,,
5fold_grouped_cv,logistic,1.0,1.0,66,left,ck4_p_msp,CK4P-MSP,180,222,0.0,0.0
holdout,logistic,0.9416666666666667,0.9416301855326246,66,right,ck4,CK4,180,136,,
5fold_grouped_cv,logistic,0.95,0.9498709333369227,66,right,ck4,CK4,180,136,0.01416394309331329,0.014258100375342753
holdout,logistic,0.6416666666666667,0.634327829352987,66,right,p,P,180,11,,
5fold_grouped_cv,logistic,0.6166666666666666,0.6146024249030949,66,right,p,P,180,11,0.05527707983925668,0.05418970481710352
holdout,logistic,1.0,1.0,66,right,msp,MSP,180,75,,
5fold_grouped_cv,logistic,0.9972222222222221,0.997221686282076,66,right,msp,MSP,180,75,0.005555555555555537,0.005556627435847972
holdout,logistic,0.9333333333333333,0.9332591768631813,66,right,ck4_p,CK4+P,180,147,,
5fold_grouped_cv,logistic,0.95,0.9498579985538853,66,right,ck4_p,CK4+P,180,147,0.01416394309331329,0.014275715956717222
holdout,logistic,0.9916666666666667,0.9916660879227724,66,right,ck4_msp,CK4+MSP,180,211,,
5fold_grouped_cv,logistic,0.9916666666666668,0.991665058846228,66,right,ck4_msp,CK4+MSP,180,211,0.006804138174397694,0.0068054509542886
holdout,logistic,0.9916666666666667,0.9916660879227724,66,right,p_msp,P+MSP,180,86,,
5fold_grouped_cv,logistic,0.9916666666666668,0.9916618407222305,66,right,p_msp,P+MSP,180,86,0.01111111111111111,0.011118887025293532
holdout,logistic,1.0,1.0,66,right,ck4_p_msp,CK4P-MSP,180,222,,
5fold_grouped_cv,logistic,0.9944444444444445,0.994443372564152,66,right,ck4_p_msp,CK4P-MSP,180,222,0.006804138174397694,0.0068054509542886
holdout,logistic,0.9416666666666667,0.9414674935544561,67,center,ck4,CK4,180,136,,
5fold_grouped_cv,logistic,0.961111111111111,0.9609709522922115,67,center,ck4,CK4,180,136,0.023895347964007316,0.02410933899851156
holdout,logistic,0.625,0.6243478260869566,67,center,p,P,180,11,,
5fold_grouped_cv,logistic,0.611111111111111,0.607535029094451,67,center,p,P,180,11,0.036217791140014714,0.03621241910342507
holdout,logistic,0.9833333333333333,0.9833287024173382,67,center,msp,MSP,180,75,,
5fold_grouped_cv,logistic,0.9888888888888889,0.9888544891640867,67,center,msp,MSP,180,75,0.022222222222222233,0.022291021671826616
holdout,logistic,0.9416666666666667,0.9414674935544561,67,center,ck4_p,CK4+P,180,147,,
5fold_grouped_cv,logistic,0.961111111111111,0.9610099954876468,67,center,ck4_p,CK4+P,180,147,0.01842569327975222,0.018538412134367046
holdout,logistic,1.0,1.0,67,center,ck4_msp,CK4+MSP,180,211,,
5fold_grouped_cv,logistic,0.9916666666666668,0.9916618407222305,67,center,ck4_msp,CK4+MSP,180,211,0.011111111111111112,0.011118887025293532
holdout,logistic,0.9916666666666667,0.9916660879227724,67,center,p_msp,P+MSP,180,86,,
5fold_grouped_cv,logistic,0.9888888888888889,0.9888544891640867,67,center,p_msp,P+MSP,180,86,0.022222222222222233,0.022291021671826616
holdout,logistic,1.0,1.0,67,center,ck4_p_msp,CK4P-MSP,180,222,,
5fold_grouped_cv,logistic,0.9916666666666668,0.9916618407222305,67,center,ck4_p_msp,CK4P-MSP,180,222,0.011111111111111112,0.011118887025293532
holdout,logistic,0.9833333333333333,0.9833287024173382,67,jittered,ck4,CK4,180,136,,
5fold_grouped_cv,logistic,0.9805555555555555,0.9805324827933524,67,jittered,ck4,CK4,180,136,0.01666666666666666,0.016690284664815674
holdout,logistic,0.625,0.6173198214159166,67,jittered,p,P,180,11,,
5fold_grouped_cv,logistic,0.6138888888888889,0.6119169434565861,67,jittered,p,P,180,11,0.050765741340269635,0.051274950050400996
holdout,logistic,0.925,0.9247439202843007,67,jittered,msp,MSP,180,75,,
5fold_grouped_cv,logistic,0.9111111111111111,0.9109763340633492,67,jittered,msp,MSP,180,75,0.06123724356957947,0.06123685213623573
holdout,logistic,0.9833333333333333,0.9833287024173382,67,jittered,ck4_p,CK4+P,180,147,,
5fold_grouped_cv,logistic,0.975,0.9749704835260455,67,jittered,ck4_p,CK4+P,180,147,0.023895347964007295,0.02394027743403678
holdout,logistic,0.9833333333333333,0.9833287024173382,67,jittered,ck4_msp,CK4+MSP,180,211,,
5fold_grouped_cv,logistic,0.9833333333333334,0.9833279714487511,67,jittered,ck4_msp,CK4+MSP,180,211,0.010393492741038736,0.010397794768092626
holdout,logistic,0.9583333333333334,0.9582608695652174,67,jittered,p_msp,P+MSP,180,86,,
5fold_grouped_cv,logistic,0.9277777777777778,0.9277391577850939,67,jittered,p_msp,P+MSP,180,86,0.05786851848888795,0.05787309147394597
holdout,logistic,0.9833333333333333,0.9833287024173382,67,jittered,ck4_p_msp,CK4P-MSP,180,222,,
5fold_grouped_cv,logistic,0.9833333333333334,0.983330117692456,67,jittered,ck4_p_msp,CK4P-MSP,180,222,0.013608276348795426,0.013610901908577198
holdout,logistic,0.9833333333333333,0.9833333333333333,67,left,ck4,CK4,180,136,,
5fold_grouped_cv,logistic,0.9777777777777779,0.9777541690754283,67,left,ck4,CK4,180,136,0.01416394309331329,0.014186894319585907
holdout,logistic,0.6833333333333333,0.6829810901001112,67,left,p,P,180,11,,
5fold_grouped_cv,logistic,0.5916666666666666,0.5896367987854713,67,left,p,P,180,11,0.06490734136415512,0.0655992673844514
holdout,logistic,0.9833333333333333,0.9833287024173382,67,left,msp,MSP,180,75,,
5fold_grouped_cv,logistic,0.9916666666666668,0.9916618407222305,67,left,msp,MSP,180,75,0.01111111111111111,0.011118887025293532
holdout,logistic,0.9916666666666667,0.9916660879227724,67,left,ck4_p,CK4+P,180,147,,
5fold_grouped_cv,logistic,0.9777777777777779,0.9777477203902389,67,left,ck4_p,CK4+P,180,147,0.01666666666666666,0.016699949913151792
holdout,logistic,0.9833333333333333,0.9833287024173382,67,left,ck4_msp,CK4+MSP,180,211,,
5fold_grouped_cv,logistic,0.9944444444444445,0.994443372564152,67,left,ck4_msp,CK4+MSP,180,211,0.006804138174397693,0.0068054509542886
holdout,logistic,0.9833333333333333,0.9833287024173382,67,left,p_msp,P+MSP,180,86,,
5fold_grouped_cv,logistic,0.9944444444444445,0.994443372564152,67,left,p_msp,P+MSP,180,86,0.006804138174397693,0.0068054509542886
holdout,logistic,0.9833333333333333,0.9833287024173382,67,left,ck4_p_msp,CK4P-MSP,180,222,,
5fold_grouped_cv,logistic,0.9972222222222221,0.997221686282076,67,left,ck4_p_msp,CK4P-MSP,180,222,0.005555555555555537,0.005556627435847972
holdout,logistic,0.975,0.9749843652282677,67,right,ck4,CK4,180,136,,
5fold_grouped_cv,logistic,0.975,0.9749726372335068,67,right,ck4,CK4,180,136,0.013608276348795427,0.013628659309878022
holdout,logistic,0.625,0.6237196014215037,67,right,p,P,180,11,,
5fold_grouped_cv,logistic,0.6305555555555555,0.6265431892160818,67,right,p,P,180,11,0.045304184528611374,0.048994367884209335
holdout,logistic,0.975,0.9749843652282677,67,right,msp,MSP,180,75,,
5fold_grouped_cv,logistic,0.9916666666666666,0.9916521739130435,67,right,msp,MSP,180,75,0.016666666666666653,0.016695652173913045
holdout,logistic,0.975,0.9749843652282677,67,right,ck4_p,CK4+P,180,147,,
5fold_grouped_cv,logistic,0.9833333333333334,0.9833236814444609,67,right,ck4_p,CK4+P,180,147,0.010393492741038736,0.010402379395098641
holdout,logistic,0.9833333333333333,0.9833287024173382,67,right,ck4_msp,CK4+MSP,180,211,,
5fold_grouped_cv,logistic,0.9916666666666668,0.991665058846228,67,right,ck4_msp,CK4+MSP,180,211,0.006804138174397693,0.0068054509542886
holdout,logistic,0.975,0.9749843652282677,67,right,p_msp,P+MSP,180,86,,
5fold_grouped_cv,logistic,0.9916666666666666,0.9916521739130435,67,right,p_msp,P+MSP,180,86,0.016666666666666653,0.016695652173913045
holdout,logistic,0.9833333333333333,0.9833287024173382,67,right,ck4_p_msp,CK4P-MSP,180,222,,
5fold_grouped_cv,logistic,0.9916666666666668,0.991665058846228,67,right,ck4_p_msp,CK4P-MSP,180,222,0.006804138174397693,0.0068054509542886
holdout,logistic,0.9833333333333333,0.9833333333333333,68,center,ck4,CK4,180,136,,
5fold_grouped_cv,logistic,0.9666666666666666,0.9666376960797347,68,center,ck4,CK4,180,136,0.006804138174397694,0.006813379407198885
holdout,logistic,0.5333333333333333,0.5332036676854682,68,center,p,P,180,11,,
5fold_grouped_cv,logistic,0.5722222222222222,0.5682473927310852,68,center,p,P,180,11,0.04513354669242202,0.0421649567529565
holdout,logistic,0.9666666666666667,0.9666295884315907,68,center,msp,MSP,180,75,,
5fold_grouped_cv,logistic,0.9888888888888889,0.9888835270043064,68,center,msp,MSP,180,75,0.010393492741038726,0.010400659235583802
holdout,logistic,0.975,0.9749982637683172,68,center,ck4_p,CK4+P,180,147,,
5fold_grouped_cv,logistic,0.9666666666666668,0.9666312473945453,68,center,ck4_p,CK4+P,180,147,0.01111111111111111,0.011130998263569655
holdout,logistic,0.9833333333333333,0.9833287024173382,68,center,ck4_msp,CK4+MSP,180,211,,
5fold_grouped_cv,logistic,0.9888888888888889,0.9888544891640867,68,center,ck4_msp,CK4+MSP,180,211,0.022222222222222233,0.022291021671826616
holdout,logistic,0.975,0.9749843652282677,68,center,p_msp,P+MSP,180,86,,
5fold_grouped_cv,logistic,0.9916666666666668,0.9916618407222305,68,center,p_msp,P+MSP,180,86,0.01111111111111111,0.011118887025293532
holdout,logistic,0.9833333333333333,0.9833287024173382,68,center,ck4_p_msp,CK4P-MSP,180,222,,
5fold_grouped_cv,logistic,0.9916666666666668,0.9916521739130435,68,center,ck4_p_msp,CK4P-MSP,180,222,0.016666666666666653,0.016695652173913045
holdout,logistic,0.9333333333333333,0.9333148096693527,68,jittered,ck4,CK4,180,136,,
5fold_grouped_cv,logistic,0.9527777777777777,0.9527074228407081,68,jittered,ck4,CK4,180,136,0.01416394309331329,0.014171238867075019
holdout,logistic,0.5833333333333334,0.5832175604334537,68,jittered,p,P,180,11,,
5fold_grouped_cv,logistic,0.6166666666666667,0.6125150300724244,68,jittered,p,P,180,11,0.04444444444444445,0.04305781057341125
holdout,logistic,0.9416666666666667,0.9416301855326246,68,jittered,msp,MSP,180,75,,
5fold_grouped_cv,logistic,0.9583333333333334,0.9582130316357598,68,jittered,msp,MSP,180,75,0.029133579115837565,0.02930223116240768
holdout,logistic,0.95,0.9499861072520144,68,jittered,ck4_p,CK4+P,180,147,,
5fold_grouped_cv,logistic,0.9611111111111112,0.9610391458704826,68,jittered,ck4_p,CK4+P,180,147,0.020412414523193156,0.02045149288519478
holdout,logistic,0.9583333333333334,0.9583304396138621,68,jittered,ck4_msp,CK4+MSP,180,211,,
5fold_grouped_cv,logistic,0.9722222222222221,0.9721964598124118,68,jittered,ck4_msp,CK4+MSP,180,211,0.02151657414559677,0.021562315310732175
holdout,logistic,0.9333333333333333,0.9332591768631813,68,jittered,p_msp,P+MSP,180,86,,
5fold_grouped_cv,logistic,0.9472222222222223,0.9471302275209222,68,jittered,p_msp,P+MSP,180,86,0.020412414523193163,0.020486354304624147
holdout,logistic,0.95,0.9499861072520144,68,jittered,ck4_p_msp,CK4P-MSP,180,222,,
5fold_grouped_cv,logistic,0.9694444444444444,0.96941921797478,68,jittered,ck4_p_msp,CK4P-MSP,180,222,0.020412414523193156,0.02045756367035331
holdout,logistic,0.975,0.9749843652282677,68,left,ck4,CK4,180,136,,
5fold_grouped_cv,logistic,0.9694444444444444,0.9693578215746033,68,left,ck4,CK4,180,136,0.02389534796400729,0.024010811643773455
holdout,logistic,0.5916666666666667,0.5882064570348065,68,left,p,P,180,11,,
5fold_grouped_cv,logistic,0.6277777777777779,0.6238293312621632,68,left,p,P,180,11,0.09018157267082183,0.09159126919005246
holdout,logistic,1.0,1.0,68,left,msp,MSP,180,75,,
5fold_grouped_cv,logistic,1.0,1.0,68,left,msp,MSP,180,75,0.0,0.0
holdout,logistic,0.975,0.9749843652282677,68,left,ck4_p,CK4+P,180,147,,
5fold_grouped_cv,logistic,0.9777777777777779,0.9777541690754283,68,left,ck4_p,CK4+P,180,147,0.01416394309331329,0.014186894319585907
holdout,logistic,0.9916666666666667,0.9916660879227724,68,left,ck4_msp,CK4+MSP,180,211,,
5fold_grouped_cv,logistic,0.9916666666666668,0.991665058846228,68,left,ck4_msp,CK4+MSP,180,211,0.006804138174397694,0.0068054509542886
holdout,logistic,1.0,1.0,68,left,p_msp,P+MSP,180,86,,
5fold_grouped_cv,logistic,1.0,1.0,68,left,p_msp,P+MSP,180,86,0.0,0.0
holdout,logistic,0.9916666666666667,0.9916660879227724,68,left,ck4_p_msp,CK4P-MSP,180,222,,
5fold_grouped_cv,logistic,0.9944444444444445,0.994443372564152,68,left,ck4_p_msp,CK4P-MSP,180,222,0.006804138174397694,0.0068054509542886
holdout,logistic,0.9833333333333333,0.9833287024173382,68,right,ck4,CK4,180,136,,
5fold_grouped_cv,logistic,0.9888888888888889,0.9888835270043064,68,right,ck4,CK4,180,136,0.010393492741038726,0.010400659235583804
holdout,logistic,0.5833333333333334,0.5828698553948832,68,right,p,P,180,11,,
5fold_grouped_cv,logistic,0.5722222222222222,0.5690274934135324,68,right,p,P,180,11,0.05583264233956051,0.05556017442198853
holdout,logistic,0.9916666666666667,0.9916660879227724,68,right,msp,MSP,180,75,,
5fold_grouped_cv,logistic,0.9916666666666666,0.9916618407222305,68,right,msp,MSP,180,75,0.01111111111111111,0.011118887025293532
holdout,logistic,0.9833333333333333,0.9833287024173382,68,right,ck4_p,CK4+P,180,147,,
5fold_grouped_cv,logistic,0.9888888888888889,0.9888835270043064,68,right,ck4_p,CK4+P,180,147,0.010393492741038726,0.010400659235583804
holdout,logistic,1.0,1.0,68,right,ck4_msp,CK4+MSP,180,211,,
5fold_grouped_cv,logistic,0.9972222222222221,0.997221686282076,68,right,ck4_msp,CK4+MSP,180,211,0.005555555555555536,0.005556627435847972
holdout,logistic,0.9916666666666667,0.9916660879227724,68,right,p_msp,P+MSP,180,86,,
5fold_grouped_cv,logistic,0.9916666666666666,0.9916618407222305,68,right,p_msp,P+MSP,180,86,0.01111111111111111,0.011118887025293532
holdout,logistic,1.0,1.0,68,right,ck4_p_msp,CK4P-MSP,180,222,,
5fold_grouped_cv,logistic,0.9972222222222221,0.997221686282076,68,right,ck4_p_msp,CK4P-MSP,180,222,0.005555555555555536,0.005556627435847972
holdout,logistic,0.9583333333333334,0.9582608695652174,69,center,ck4,CK4,180,136,,
5fold_grouped_cv,logistic,0.9777777777777779,0.9777573871994261,69,center,ck4,CK4,180,136,0.011111111111111122,0.011137414317014526
holdout,logistic,0.6916666666666667,0.689922480620155,69,center,p,P,180,11,,
5fold_grouped_cv,logistic,0.6499999999999999,0.6490868014087828,69,center,p,P,180,11,0.03767961101736258,0.038191116519634076
holdout,logistic,0.9833333333333333,0.9833287024173382,69,center,msp,MSP,180,75,,
5fold_grouped_cv,logistic,0.9805555555555555,0.9805453677265369,69,center,msp,MSP,180,75,0.0068041381743977475,0.006813333716011712
holdout,logistic,0.9583333333333334,0.9582608695652174,69,center,ck4_p,CK4+P,180,147,,
5fold_grouped_cv,logistic,0.9777777777777779,0.9777541690754283,69,center,ck4_p,CK4+P,180,147,0.01416394309331329,0.014186894319585907
holdout,logistic,0.9833333333333333,0.9833287024173382,69,center,ck4_msp,CK4+MSP,180,211,,
5fold_grouped_cv,logistic,0.986111111111111,0.9861052132863826,69,center,ck4_msp,CK4+MSP,180,211,0.008784104611578835,0.008790888587498949
holdout,logistic,0.9833333333333333,0.9833287024173382,69,center,p_msp,P+MSP,180,86,,
5fold_grouped_cv,logistic,0.9805555555555555,0.9805453677265369,69,center,p_msp,P+MSP,180,86,0.0068041381743977475,0.006813333716011712
holdout,logistic,0.9833333333333333,0.9833287024173382,69,center,ck4_p_msp,CK4P-MSP,180,222,,
5fold_grouped_cv,logistic,0.986111111111111,0.9861052132863826,69,center,ck4_p_msp,CK4P-MSP,180,222,0.008784104611578835,0.008790888587498949
holdout,logistic,0.975,0.9749843652282677,69,jittered,ck4,CK4,180,136,,
5fold_grouped_cv,logistic,0.9805555555555555,0.980526034108163,69,jittered,ck4,CK4,180,136,0.018839805508681286,0.01887383881991974
holdout,logistic,0.6166666666666667,0.6149553571428572,69,jittered,p,P,180,11,,
5fold_grouped_cv,logistic,0.65,0.6491461534939795,69,jittered,p,P,180,11,0.026931554763424032,0.02713647158078468
holdout,logistic,0.9416666666666667,0.9416626154594069,69,jittered,msp,MSP,180,75,,
5fold_grouped_cv,logistic,0.9361111111111111,0.9359966522273935,69,jittered,msp,MSP,180,75,0.027216552697590875,0.02732341118485923
holdout,logistic,0.975,0.9749843652282677,69,jittered,ck4_p,CK4+P,180,147,,
5fold_grouped_cv,logistic,0.9805555555555555,0.980526034108163,69,jittered,ck4_p,CK4+P,180,147,0.018839805508681286,0.01887383881991974
holdout,logistic,0.9916666666666667,0.9916660879227724,69,jittered,ck4_msp,CK4+MSP,180,211,,
5fold_grouped_cv,logistic,0.9916666666666668,0.991665058846228,69,jittered,ck4_msp,CK4+MSP,180,211,0.006804138174397694,0.0068054509542886
holdout,logistic,0.925,0.9249530956848031,69,jittered,p_msp,P+MSP,180,86,,
5fold_grouped_cv,logistic,0.9361111111111111,0.9360029759327727,69,jittered,p_msp,P+MSP,180,86,0.02256677334621099,0.022577214476538272
holdout,logistic,1.0,1.0,69,jittered,ck4_p_msp,CK4P-MSP,180,222,,
5fold_grouped_cv,logistic,0.9916666666666668,0.991665058846228,69,jittered,ck4_p_msp,CK4P-MSP,180,222,0.006804138174397694,0.0068054509542886
holdout,logistic,0.975,0.9749843652282677,69,left,ck4,CK4,180,136,,
5fold_grouped_cv,logistic,0.9555555555555555,0.9552380161683931,69,left,ck4,CK4,180,136,0.036641405439647036,0.03715476479302475
holdout,logistic,0.725,0.7248280175109443,69,left,p,P,180,11,,
5fold_grouped_cv,logistic,0.6944444444444444,0.6937790173766814,69,left,p,P,180,11,0.024845199749997687,0.02493127335174798
holdout,logistic,1.0,1.0,69,left,msp,MSP,180,75,,
5fold_grouped_cv,logistic,0.9944444444444445,0.9944401544401543,69,left,msp,MSP,180,75,0.011111111111111117,0.011119691119691133
holdout,logistic,0.975,0.9749982637683172,69,left,ck4_p,CK4+P,180,147,,
5fold_grouped_cv,logistic,0.961111111111111,0.960823681444461,69,left,ck4_p,CK4+P,180,147,0.03664140543964703,0.037185684908043776
holdout,logistic,0.9916666666666667,0.9916660879227724,69,left,ck4_msp,CK4+MSP,180,211,,
5fold_grouped_cv,logistic,0.9916666666666668,0.991665058846228,69,left,ck4_msp,CK4+MSP,180,211,0.006804138174397694,0.0068054509542886
holdout,logistic,1.0,1.0,69,left,p_msp,P+MSP,180,86,,
5fold_grouped_cv,logistic,0.9944444444444445,0.9944401544401543,69,left,p_msp,P+MSP,180,86,0.011111111111111117,0.011119691119691133
holdout,logistic,0.9916666666666667,0.9916660879227724,69,left,ck4_p_msp,CK4P-MSP,180,222,,
5fold_grouped_cv,logistic,0.9944444444444445,0.994443372564152,69,left,ck4_p_msp,CK4P-MSP,180,222,0.006804138174397694,0.0068054509542886
holdout,logistic,0.9833333333333333,0.9833287024173382,69,right,ck4,CK4,180,136,,
5fold_grouped_cv,logistic,0.9694444444444444,0.9693901900814366,69,right,ck4,CK4,180,136,0.016197088596792523,0.016258298865680934
holdout,logistic,0.6416666666666667,0.6386301561734016,69,right,p,P,180,11,,
5fold_grouped_cv,logistic,0.6166666666666666,0.6164316887918629,69,right,p,P,180,11,0.027216552697590875,0.027196427061243485
holdout,logistic,0.9666666666666667,0.9666295884315907,69,right,msp,MSP,180,75,,
5fold_grouped_cv,logistic,0.986111111111111,0.9861052132863826,69,right,msp,MSP,180,75,0.008784104611578835,0.008790888587498949
holdout,logistic,0.975,0.9749843652282677,69,right,ck4_p,CK4+P,180,147,,
5fold_grouped_cv,logistic,0.9777777777777779,0.9777638358846155,69,right,ck4_p,CK4+P,180,147,0.0068041381743977475,0.006813333716011712
holdout,logistic,1.0,1.0,69,right,ck4_msp,CK4+MSP,180,211,,
5fold_grouped_cv,logistic,1.0,1.0,69,right,ck4_msp,CK4+MSP,180,211,0.0,0.0
holdout,logistic,0.975,0.9749843652282677,69,right,p_msp,P+MSP,180,86,,
5fold_grouped_cv,logistic,0.9916666666666668,0.991665058846228,69,right,p_msp,P+MSP,180,86,0.006804138174397694,0.0068054509542886
holdout,logistic,1.0,1.0,69,right,ck4_p_msp,CK4P-MSP,180,222,,
5fold_grouped_cv,logistic,1.0,1.0,69,right,ck4_p_msp,CK4P-MSP,180,222,0.0,0.0
holdout,logistic,0.9833333333333333,0.9833287024173382,70,center,ck4,CK4,180,136,,
5fold_grouped_cv,logistic,0.9694444444444444,0.9693805232722497,70,center,ck4,CK4,180,136,0.020412414523193156,0.020469900909452436
holdout,logistic,0.6416666666666667,0.6410434782608696,70,center,p,P,180,11,,
5fold_grouped_cv,logistic,0.6138888888888888,0.6128184923138551,70,center,p,P,180,11,0.05786851848888794,0.05847500785855208
holdout,logistic,1.0,1.0,70,center,msp,MSP,180,75,,
5fold_grouped_cv,logistic,0.9833333333333334,0.9832946436042412,70,center,msp,MSP,180,75,0.022222222222222233,0.022284580765736996
holdout,logistic,0.975,0.9749843652282677,70,center,ck4_p,CK4+P,180,147,,
5fold_grouped_cv,logistic,0.9777777777777779,0.9777445022662412,70,center,ck4_p,CK4+P,180,147,0.018839805508681286,0.018870989312965446
holdout,logistic,1.0,1.0,70,center,ck4_msp,CK4+MSP,180,211,,
5fold_grouped_cv,logistic,0.9944444444444445,0.994443372564152,70,center,ck4_msp,CK4+MSP,180,211,0.006804138174397694,0.0068054509542886
holdout,logistic,1.0,1.0,70,center,p_msp,P+MSP,180,86,,
5fold_grouped_cv,logistic,0.9833333333333334,0.9832946436042412,70,center,p_msp,P+MSP,180,86,0.022222222222222233,0.022284580765736996
holdout,logistic,1.0,1.0,70,center,ck4_p_msp,CK4P-MSP,180,222,,
5fold_grouped_cv,logistic,0.9944444444444445,0.994443372564152,70,center,ck4_p_msp,CK4P-MSP,180,222,0.006804138174397694,0.0068054509542886
holdout,logistic,0.9833333333333333,0.9833287024173382,70,jittered,ck4,CK4,180,136,,
5fold_grouped_cv,logistic,0.9805555555555557,0.9805357009173499,70,jittered,ck4,CK4,180,136,0.01416394309331329,0.014188789501230384
holdout,logistic,0.625,0.6237196014215037,70,jittered,p,P,180,11,,
5fold_grouped_cv,logistic,0.6138888888888888,0.6119732089375133,70,jittered,p,P,180,11,0.07525676213413371,0.0755019120304157
holdout,logistic,0.8916666666666667,0.8914782608695653,70,jittered,msp,MSP,180,75,,
5fold_grouped_cv,logistic,0.9333333333333333,0.9332140335848649,70,jittered,msp,MSP,180,75,0.026931554763424084,0.02701612658758524
holdout,logistic,0.9916666666666667,0.9916660879227724,70,jittered,ck4_p,CK4+P,180,147,,
5fold_grouped_cv,logistic,0.9833333333333334,0.9833268995684584,70,jittered,ck4_p,CK4+P,180,147,0.005555555555555581,0.005563063683843162
holdout,logistic,0.9916666666666667,0.9916660879227724,70,jittered,ck4_msp,CK4+MSP,180,211,,
5fold_grouped_cv,logistic,0.9888888888888889,0.9888867451283041,70,jittered,ck4_msp,CK4+MSP,180,211,0.005555555555555536,0.005556627435847972
holdout,logistic,0.9083333333333333,0.9083269671504965,70,jittered,p_msp,P+MSP,180,86,,
5fold_grouped_cv,logistic,0.9416666666666667,0.9415737126276902,70,jittered,p_msp,P+MSP,180,86,0.01842569327975222,0.018430052428194274
holdout,logistic,0.9916666666666667,0.9916660879227724,70,jittered,ck4_p_msp,CK4P-MSP,180,222,,
5fold_grouped_cv,logistic,0.9916666666666668,0.991665058846228,70,jittered,ck4_p_msp,CK4P-MSP,180,222,0.006804138174397694,0.0068054509542886
holdout,logistic,0.9583333333333334,0.9582608695652174,70,left,ck4,CK4,180,136,,
5fold_grouped_cv,logistic,0.9805555555555557,0.9805389190413475,70,left,ck4,CK4,180,136,0.011111111111111117,0.011139024738065072
holdout,logistic,0.5916666666666667,0.590272454881193,70,left,p,P,180,11,,
5fold_grouped_cv,logistic,0.6166666666666667,0.6151429251059863,70,left,p,P,180,11,0.046976484792466,0.04719733214738763
holdout,logistic,0.9916666666666667,0.9916660879227724,70,left,msp,MSP,180,75,,
5fold_grouped_cv,logistic,0.9972222222222221,0.997221686282076,70,left,msp,MSP,180,75,0.005555555555555537,0.005556627435847972
holdout,logistic,0.975,0.9749843652282677,70,left,ck4_p,CK4+P,180,147,,
5fold_grouped_cv,logistic,0.9833333333333334,0.9833268995684584,70,left,ck4_p,CK4+P,180,147,0.005555555555555581,0.005563063683843162
holdout,logistic,0.975,0.9749843652282677,70,left,ck4_msp,CK4+MSP,180,211,,
5fold_grouped_cv,logistic,0.9972222222222221,0.997221686282076,70,left,ck4_msp,CK4+MSP,180,211,0.005555555555555537,0.005556627435847972
holdout,logistic,1.0,1.0,70,left,p_msp,P+MSP,180,86,,
5fold_grouped_cv,logistic,0.9972222222222221,0.997221686282076,70,left,p_msp,P+MSP,180,86,0.005555555555555537,0.005556627435847972
holdout,logistic,0.975,0.9749843652282677,70,left,ck4_p_msp,CK4P-MSP,180,222,,
5fold_grouped_cv,logistic,0.9972222222222221,0.997221686282076,70,left,ck4_p_msp,CK4P-MSP,180,222,0.005555555555555537,0.005556627435847972
holdout,logistic,0.9583333333333334,0.9582608695652174,70,right,ck4,CK4,180,136,,
5fold_grouped_cv,logistic,0.9777777777777779,0.9777088657855574,70,right,ck4,CK4,180,136,0.02421610524189263,0.024346814286377107
holdout,logistic,0.625,0.6228786926461345,70,right,p,P,180,11,,
5fold_grouped_cv,logistic,0.5611111111111111,0.5595057302519989,70,right,p,P,180,11,0.06248456599556662,0.06266020094431111
holdout,logistic,0.975,0.9749843652282677,70,right,msp,MSP,180,75,,
5fold_grouped_cv,logistic,0.9888888888888889,0.9888835270043064,70,right,msp,MSP,180,75,0.010393492741038724,0.010400659235583802
holdout,logistic,0.9583333333333334,0.9582608695652174,70,right,ck4_p,CK4+P,180,147,,
5fold_grouped_cv,logistic,0.9777777777777779,0.9777088657855574,70,right,ck4_p,CK4+P,180,147,0.02421610524189263,0.02434681428637711
holdout,logistic,1.0,1.0,70,right,ck4_msp,CK4+MSP,180,211,,
5fold_grouped_cv,logistic,0.9944444444444445,0.994443372564152,70,right,ck4_msp,CK4+MSP,180,211,0.006804138174397694,0.0068054509542886
holdout,logistic,0.9833333333333333,0.9833287024173382,70,right,p_msp,P+MSP,180,86,,
5fold_grouped_cv,logistic,0.9888888888888889,0.9888835270043064,70,right,p_msp,P+MSP,180,86,0.010393492741038724,0.010400659235583802
holdout,logistic,1.0,1.0,70,right,ck4_p_msp,CK4P-MSP,180,222,,
5fold_grouped_cv,logistic,0.9944444444444445,0.994443372564152,70,right,ck4_p_msp,CK4P-MSP,180,222,0.006804138174397694,0.0068054509542886
holdout,logistic,0.9916666666666667,0.9916660879227724,71,center,ck4,CK4,180,136,,
5fold_grouped_cv,logistic,0.9833333333333334,0.9833172327592715,71,center,ck4,CK4,180,136,0.013608276348795426,0.0136345768474898
holdout,logistic,0.5833333333333334,0.5828698553948832,71,center,p,P,180,11,,
5fold_grouped_cv,logistic,0.6222222222222223,0.6206847253258674,71,center,p,P,180,11,0.034471315683307927,0.03447946384435163
holdout,logistic,0.975,0.9749843652282677,71,center,msp,MSP,180,75,,
5fold_grouped_cv,logistic,0.986111111111111,0.9861052132863826,71,center,msp,MSP,180,75,0.008784104611578835,0.008790888587498949
holdout,logistic,0.9833333333333333,0.9833287024173382,71,center,ck4_p,CK4+P,180,147,,
5fold_grouped_cv,logistic,0.9833333333333334,0.9833172327592715,71,center,ck4_p,CK4+P,180,147,0.013608276348795426,0.0136345768474898
holdout,logistic,0.9916666666666667,0.9916660879227724,71,center,ck4_msp,CK4+MSP,180,211,,
5fold_grouped_cv,logistic,0.9972222222222221,0.997221686282076,71,center,ck4_msp,CK4+MSP,180,211,0.005555555555555537,0.005556627435847972
holdout,logistic,0.975,0.9749843652282677,71,center,p_msp,P+MSP,180,86,,
5fold_grouped_cv,logistic,0.986111111111111,0.9861052132863826,71,center,p_msp,P+MSP,180,86,0.008784104611578835,0.008790888587498949
holdout,logistic,0.9916666666666667,0.9916660879227724,71,center,ck4_p_msp,CK4P-MSP,180,222,,
5fold_grouped_cv,logistic,0.9972222222222221,0.997221686282076,71,center,ck4_p_msp,CK4P-MSP,180,222,0.005555555555555537,0.005556627435847972
holdout,logistic,0.9916666666666667,0.9916660879227724,71,jittered,ck4,CK4,180,136,,
5fold_grouped_cv,logistic,0.9972222222222221,0.997221686282076,71,jittered,ck4,CK4,180,136,0.005555555555555537,0.005556627435847972
holdout,logistic,0.65,0.649610678531702,71,jittered,p,P,180,11,,
5fold_grouped_cv,logistic,0.6361111111111111,0.6337569875776398,71,jittered,p,P,180,11,0.02389534796400729,0.02459854186811984
holdout,logistic,0.9,0.899888765294772,71,jittered,msp,MSP,180,75,,
5fold_grouped_cv,logistic,0.9222222222222222,0.9221135235146598,71,jittered,msp,MSP,180,75,0.032394177193585,0.03245022552960157
holdout,logistic,0.9916666666666667,0.9916660879227724,71,jittered,ck4_p,CK4+P,180,147,,
5fold_grouped_cv,logistic,0.9916666666666668,0.991665058846228,71,jittered,ck4_p,CK4+P,180,147,0.006804138174397694,0.0068054509542886
holdout,logistic,1.0,1.0,71,jittered,ck4_msp,CK4+MSP,180,211,,
5fold_grouped_cv,logistic,0.986111111111111,0.9861019951623848,71,jittered,ck4_msp,CK4+MSP,180,211,0.012422599874998838,0.012432193032727345
holdout,logistic,0.9166666666666666,0.9166435120866907,71,jittered,p_msp,P+MSP,180,86,,
5fold_grouped_cv,logistic,0.9305555555555556,0.9304713085751766,71,jittered,p_msp,P+MSP,180,86,0.029133579115837565,0.029177093231195363
holdout,logistic,1.0,1.0,71,jittered,ck4_p_msp,CK4P-MSP,180,222,,
5fold_grouped_cv,logistic,0.9888888888888889,0.9888835270043064,71,jittered,ck4_p_msp,CK4P-MSP,180,222,0.010393492741038726,0.010400659235583802
holdout,logistic,0.9833333333333333,0.9833287024173382,71,left,ck4,CK4,180,136,,
5fold_grouped_cv,logistic,0.9833333333333334,0.9833204633204634,71,left,ck4,CK4,180,136,0.013608276348795441,0.013618784670300312
holdout,logistic,0.5916666666666667,0.5916383082158483,71,left,p,P,180,11,,
5fold_grouped_cv,logistic,0.5944444444444446,0.5930845778611966,71,left,p,P,180,11,0.036641405439647,0.03624690001760057
holdout,logistic,1.0,1.0,71,left,msp,MSP,180,75,,
5fold_grouped_cv,logistic,0.9916666666666668,0.991665058846228,71,left,msp,MSP,180,75,0.006804138174397694,0.0068054509542886
holdout,logistic,0.9833333333333333,0.9833287024173382,71,left,ck4_p,CK4+P,180,147,,
5fold_grouped_cv,logistic,0.9777777777777779,0.9777541690754283,71,left,ck4_p,CK4+P,180,147,0.01416394309331329,0.014186894319585907
holdout,logistic,1.0,1.0,71,left,ck4_msp,CK4+MSP,180,211,,
5fold_grouped_cv,logistic,0.9972222222222221,0.997221686282076,71,left,ck4_msp,CK4+MSP,180,211,0.005555555555555537,0.005556627435847972
holdout,logistic,1.0,1.0,71,left,p_msp,P+MSP,180,86,,
5fold_grouped_cv,logistic,0.9944444444444445,0.994443372564152,71,left,p_msp,P+MSP,180,86,0.006804138174397694,0.0068054509542886
holdout,logistic,1.0,1.0,71,left,ck4_p_msp,CK4P-MSP,180,222,,
5fold_grouped_cv,logistic,0.9972222222222221,0.997221686282076,71,left,ck4_p_msp,CK4P-MSP,180,222,0.005555555555555537,0.005556627435847972
holdout,logistic,0.9916666666666667,0.9916660879227724,71,right,ck4,CK4,180,136,,
5fold_grouped_cv,logistic,0.9777777777777776,0.9777380161683933,71,right,ck4,CK4,180,136,0.01883980550868132,0.01890147664197955
holdout,logistic,0.6666666666666666,0.6666666666666666,71,right,p,P,180,11,,
5fold_grouped_cv,logistic,0.6555555555555556,0.6538675674863466,71,right,p,P,180,11,0.04249182927993988,0.043213234297561555
holdout,logistic,0.9833333333333333,0.9833287024173382,71,right,msp,MSP,180,75,,
5fold_grouped_cv,logistic,0.9972222222222221,0.997221686282076,71,right,msp,MSP,180,75,0.005555555555555536,0.005556627435847972
holdout,logistic,1.0,1.0,71,right,ck4_p,CK4+P,180,147,,
5fold_grouped_cv,logistic,0.9833333333333334,0.9833172327592715,71,right,ck4_p,CK4+P,180,147,0.013608276348795427,0.013634576847489801
holdout,logistic,1.0,1.0,71,right,ck4_msp,CK4+MSP,180,211,,
5fold_grouped_cv,logistic,1.0,1.0,71,right,ck4_msp,CK4+MSP,180,211,0.0,0.0
holdout,logistic,0.9916666666666667,0.9916660879227724,71,right,p_msp,P+MSP,180,86,,
5fold_grouped_cv,logistic,0.9944444444444445,0.994443372564152,71,right,p_msp,P+MSP,180,86,0.006804138174397694,0.0068054509542886
holdout,logistic,1.0,1.0,71,right,ck4_p_msp,CK4P-MSP,180,222,,
5fold_grouped_cv,logistic,1.0,1.0,71,right,ck4_p_msp,CK4P-MSP,180,222,0.0,0.0
holdout,logistic,1.0,1.0,72,center,ck4,CK4,180,136,,
5fold_grouped_cv,logistic,0.9944444444444445,0.994443372564152,72,center,ck4,CK4,180,136,0.006804138174397694,0.0068054509542886
holdout,logistic,0.6916666666666667,0.6867724867724868,72,center,p,P,180,11,,
5fold_grouped_cv,logistic,0.6277777777777777,0.6222418100769834,72,center,p,P,180,11,0.038689967436622535,0.03871282580399685
holdout,logistic,1.0,1.0,72,center,msp,MSP,180,75,,
5fold_grouped_cv,logistic,0.9916666666666666,0.9916618407222305,72,center,msp,MSP,180,75,0.01111111111111111,0.011118887025293532
holdout,logistic,0.9916666666666667,0.9916660879227724,72,center,ck4_p,CK4+P,180,147,,
5fold_grouped_cv,logistic,0.9916666666666668,0.991665058846228,72,center,ck4_p,CK4+P,180,147,0.006804138174397693,0.0068054509542886
holdout,logistic,1.0,1.0,72,center,ck4_msp,CK4+MSP,180,211,,
5fold_grouped_cv,logistic,1.0,1.0,72,center,ck4_msp,CK4+MSP,180,211,0.0,0.0
holdout,logistic,1.0,1.0,72,center,p_msp,P+MSP,180,86,,
5fold_grouped_cv,logistic,0.9916666666666666,0.9916618407222305,72,center,p_msp,P+MSP,180,86,0.01111111111111111,0.011118887025293532
holdout,logistic,1.0,1.0,72,center,ck4_p_msp,CK4P-MSP,180,222,,
5fold_grouped_cv,logistic,1.0,1.0,72,center,ck4_p_msp,CK4P-MSP,180,222,0.0,0.0
holdout,logistic,0.9583333333333334,0.9582608695652174,72,jittered,ck4,CK4,180,136,,
5fold_grouped_cv,logistic,0.9916666666666668,0.9916618407222305,72,jittered,ck4,CK4,180,136,0.01111111111111111,0.011118887025293532
holdout,logistic,0.6416666666666667,0.6414425682718365,72,jittered,p,P,180,11,,
5fold_grouped_cv,logistic,0.6166666666666666,0.6139402002621817,72,jittered,p,P,180,11,0.04356774205932811,0.04495407092412983
holdout,logistic,0.9416666666666667,0.9416301855326246,72,jittered,msp,MSP,180,75,,
5fold_grouped_cv,logistic,0.9527777777777777,0.9527590099401791,72,jittered,msp,MSP,180,75,0.020786985482077462,0.020804906851279996
holdout,logistic,0.9666666666666667,0.9666295884315907,72,jittered,ck4_p,CK4+P,180,147,,
5fold_grouped_cv,logistic,0.9916666666666668,0.9916618407222305,72,jittered,ck4_p,CK4+P,180,147,0.01111111111111111,0.011118887025293532
holdout,logistic,0.9666666666666667,0.9666295884315907,72,jittered,ck4_msp,CK4+MSP,180,211,,
5fold_grouped_cv,logistic,0.9944444444444445,0.994443372564152,72,jittered,ck4_msp,CK4+MSP,180,211,0.006804138174397694,0.0068054509542886
holdout,logistic,0.9583333333333334,0.9583072753804461,72,jittered,p_msp,P+MSP,180,86,,
5fold_grouped_cv,logistic,0.9555555555555555,0.9555405442652211,72,jittered,p_msp,P+MSP,180,86,0.018425693279752235,0.01843313359412695
holdout,logistic,0.975,0.9749843652282677,72,jittered,ck4_p_msp,CK4P-MSP,180,222,,
5fold_grouped_cv,logistic,0.9944444444444445,0.994443372564152,72,jittered,ck4_p_msp,CK4P-MSP,180,222,0.006804138174397694,0.0068054509542886
holdout,logistic,0.9833333333333333,0.9833287024173382,72,left,ck4,CK4,180,136,,
5fold_grouped_cv,logistic,0.9805555555555555,0.9805453677265369,72,left,ck4,CK4,180,136,0.0068041381743977475,0.006813333716011713
holdout,logistic,0.625,0.6247654784240151,72,left,p,P,180,11,,
5fold_grouped_cv,logistic,0.6666666666666667,0.6660005384304751,72,left,p,P,180,11,0.05892556509887896,0.05912696668021847
holdout,logistic,0.9916666666666667,0.9916660879227724,72,left,msp,MSP,180,75,,
5fold_grouped_cv,logistic,0.9916666666666668,0.991665058846228,72,left,msp,MSP,180,75,0.006804138174397694,0.0068054509542886
holdout,logistic,0.9916666666666667,0.9916660879227724,72,left,ck4_p,CK4+P,180,147,,
5fold_grouped_cv,logistic,0.9833333333333334,0.9833268995684584,72,left,ck4_p,CK4+P,180,147,0.005555555555555581,0.005563063683843162
holdout,logistic,1.0,1.0,72,left,ck4_msp,CK4+MSP,180,211,,
5fold_grouped_cv,logistic,1.0,1.0,72,left,ck4_msp,CK4+MSP,180,211,0.0,0.0
holdout,logistic,0.9916666666666667,0.9916660879227724,72,left,p_msp,P+MSP,180,86,,
5fold_grouped_cv,logistic,0.9916666666666668,0.991665058846228,72,left,p_msp,P+MSP,180,86,0.006804138174397694,0.0068054509542886
holdout,logistic,1.0,1.0,72,left,ck4_p_msp,CK4P-MSP,180,222,,
5fold_grouped_cv,logistic,1.0,1.0,72,left,ck4_p_msp,CK4P-MSP,180,222,0.0,0.0
holdout,logistic,0.975,0.9749843652282677,72,right,ck4,CK4,180,136,,
5fold_grouped_cv,logistic,0.9833333333333332,0.9833236814444609,72,right,ck4,CK4,180,136,0.010393492741038736,0.010402379395098641
holdout,logistic,0.675,0.6744347826086956,72,right,p,P,180,11,,
5fold_grouped_cv,logistic,0.6722222222222223,0.6714004843998354,72,right,p,P,180,11,0.09154031696268934,0.09133099305462815
holdout,logistic,0.9916666666666667,0.9916660879227724,72,right,msp,MSP,180,75,,
5fold_grouped_cv,logistic,0.9972222222222221,0.997221686282076,72,right,msp,MSP,180,75,0.005555555555555537,0.005556627435847972
holdout,logistic,0.9833333333333333,0.9833287024173382,72,right,ck4_p,CK4+P,180,147,,
5fold_grouped_cv,logistic,0.9833333333333334,0.9833236814444609,72,right,ck4_p,CK4+P,180,147,0.010393492741038736,0.010402379395098641
holdout,logistic,0.9916666666666667,0.9916660879227724,72,right,ck4_msp,CK4+MSP,180,211,,
5fold_grouped_cv,logistic,0.9972222222222221,0.997221686282076,72,right,ck4_msp,CK4+MSP,180,211,0.005555555555555537,0.005556627435847972
holdout,logistic,1.0,1.0,72,right,p_msp,P+MSP,180,86,,
5fold_grouped_cv,logistic,1.0,1.0,72,right,p_msp,P+MSP,180,86,0.0,0.0
holdout,logistic,0.9916666666666667,0.9916660879227724,72,right,ck4_p_msp,CK4P-MSP,180,222,,
5fold_grouped_cv,logistic,1.0,1.0,72,right,ck4_p_msp,CK4P-MSP,180,222,0.0,0.0
holdout,logistic,0.975,0.9749843652282677,73,center,ck4,CK4,180,136,,
5fold_grouped_cv,logistic,0.9777777777777779,0.9777541690754283,73,center,ck4,CK4,180,136,0.01416394309331329,0.014186894319585907
holdout,logistic,0.5583333333333333,0.5530883282973789,73,center,p,P,180,11,,
5fold_grouped_cv,logistic,0.5777777777777777,0.5735769133760769,73,center,p,P,180,11,0.047790695928014576,0.04855869889666328
holdout,logistic,0.9916666666666667,0.9916660879227724,73,center,msp,MSP,180,75,,
5fold_grouped_cv,logistic,0.9888888888888889,0.9888835270043064,73,center,msp,MSP,180,75,0.010393492741038724,0.010400659235583802
holdout,logistic,0.9666666666666667,0.9666295884315907,73,center,ck4_p,CK4+P,180,147,,
5fold_grouped_cv,logistic,0.9722222222222221,0.9721943235155827,73,center,ck4_p,CK4+P,180,147,0.008784104611578835,0.008806175813048878
holdout,logistic,1.0,1.0,73,center,ck4_msp,CK4+MSP,180,211,,
5fold_grouped_cv,logistic,0.9944444444444445,0.994443372564152,73,center,ck4_msp,CK4+MSP,180,211,0.006804138174397694,0.0068054509542886
holdout,logistic,0.9916666666666667,0.9916660879227724,73,center,p_msp,P+MSP,180,86,,
5fold_grouped_cv,logistic,0.986111111111111,0.9860955464771954,73,center,p_msp,P+MSP,180,86,0.0152145154862546,0.01524097914422085
holdout,logistic,1.0,1.0,73,center,ck4_p_msp,CK4P-MSP,180,222,,
5fold_grouped_cv,logistic,0.9944444444444445,0.994443372564152,73,center,ck4_p_msp,CK4P-MSP,180,222,0.006804138174397694,0.0068054509542886
holdout,logistic,0.975,0.9749843652282677,73,jittered,ck4,CK4,180,136,,
5fold_grouped_cv,logistic,0.9805555555555557,0.9805453677265369,73,jittered,ck4,CK4,180,136,0.0068041381743977475,0.006813333716011712
holdout,logistic,0.625,0.6249739565247587,73,jittered,p,P,180,11,,
5fold_grouped_cv,logistic,0.6555555555555557,0.6544656718464507,73,jittered,p,P,180,11,0.06883062051868816,0.07012358435933079
holdout,logistic,0.9583333333333334,0.9582608695652174,73,jittered,msp,MSP,180,75,,
5fold_grouped_cv,logistic,0.9388888888888889,0.9388147773973576,73,jittered,msp,MSP,180,75,0.027216552697590875,0.027255196585674386
holdout,logistic,0.975,0.9749843652282677,73,jittered,ck4_p,CK4+P,180,147,,
5fold_grouped_cv,logistic,0.986111111111111,0.9861062851666749,73,jittered,ck4_p,CK4+P,180,147,0.012422599874998837,0.012427398143105348
holdout,logistic,0.9916666666666667,0.9916660879227724,73,jittered,ck4_msp,CK4+MSP,180,211,,
5fold_grouped_cv,logistic,0.9944444444444445,0.9944401544401543,73,jittered,ck4_msp,CK4+MSP,180,211,0.011111111111111117,0.011119691119691133
holdout,logistic,0.9666666666666667,0.9666295884315907,73,jittered,p_msp,P+MSP,180,86,,
5fold_grouped_cv,logistic,0.9527777777777777,0.9527321183436644,73,jittered,p_msp,P+MSP,180,86,0.01666666666666666,0.016677547457620148
holdout,logistic,0.9916666666666667,0.9916660879227724,73,jittered,ck4_p_msp,CK4P-MSP,180,222,,
5fold_grouped_cv,logistic,0.9944444444444445,0.9944401544401543,73,jittered,ck4_p_msp,CK4P-MSP,180,222,0.011111111111111117,0.011119691119691133
holdout,logistic,0.975,0.9749843652282677,73,left,ck4,CK4,180,136,,
5fold_grouped_cv,logistic,0.9888888888888889,0.9888867451283041,73,left,ck4,CK4,180,136,0.005555555555555536,0.005556627435847972
holdout,logistic,0.6416666666666667,0.6410434782608696,73,left,p,P,180,11,,
5fold_grouped_cv,logistic,0.625,0.6241190672926701,73,left,p,P,180,11,0.030429030972509243,0.03036740277347725
holdout,logistic,1.0,1.0,73,left,msp,MSP,180,75,,
5fold_grouped_cv,logistic,0.9972222222222221,0.997221686282076,73,left,msp,MSP,180,75,0.005555555555555536,0.005556627435847972
holdout,logistic,0.975,0.9749843652282677,73,left,ck4_p,CK4+P,180,147,,
5fold_grouped_cv,logistic,0.986111111111111,0.9861052132863826,73,left,ck4_p,CK4+P,180,147,0.008784104611578835,0.008790888587498949
holdout,logistic,1.0,1.0,73,left,ck4_msp,CK4+MSP,180,211,,
5fold_grouped_cv,logistic,1.0,1.0,73,left,ck4_msp,CK4+MSP,180,211,0.0,0.0
holdout,logistic,1.0,1.0,73,left,p_msp,P+MSP,180,86,,
5fold_grouped_cv,logistic,0.9972222222222221,0.997221686282076,73,left,p_msp,P+MSP,180,86,0.005555555555555536,0.005556627435847972
holdout,logistic,1.0,1.0,73,left,ck4_p_msp,CK4P-MSP,180,222,,
5fold_grouped_cv,logistic,1.0,1.0,73,left,ck4_p_msp,CK4P-MSP,180,222,0.0,0.0
holdout,logistic,0.9666666666666667,0.9666295884315907,73,right,ck4,CK4,180,136,,
5fold_grouped_cv,logistic,0.9805555555555555,0.9805421496025393,73,right,ck4,CK4,180,136,0.01111111111111112,0.011120496087229157
holdout,logistic,0.6666666666666666,0.660633484162896,73,right,p,P,180,11,,
5fold_grouped_cv,logistic,0.6527777777777777,0.6498110990653299,73,right,p,P,180,11,0.03167153958608716,0.030985228373888986
holdout,logistic,0.9916666666666667,0.9916660879227724,73,right,msp,MSP,180,75,,
5fold_grouped_cv,logistic,0.9833333333333334,0.9833236814444609,73,right,msp,MSP,180,75,0.010393492741038736,0.010402379395098641
holdout,logistic,0.9666666666666667,0.9666295884315907,73,right,ck4_p,CK4+P,180,147,,
5fold_grouped_cv,logistic,0.975,0.9749823040426937,73,right,ck4_p,CK4+P,180,147,0.005555555555555581,0.005563063683843162
holdout,logistic,0.9916666666666667,0.9916660879227724,73,right,ck4_msp,CK4+MSP,180,211,,
5fold_grouped_cv,logistic,0.9944444444444445,0.994443372564152,73,right,ck4_msp,CK4+MSP,180,211,0.006804138174397694,0.0068054509542886
holdout,logistic,0.9916666666666667,0.9916660879227724,73,right,p_msp,P+MSP,180,86,,
5fold_grouped_cv,logistic,0.9916666666666668,0.991665058846228,73,right,p_msp,P+MSP,180,86,0.006804138174397693,0.0068054509542886
holdout,logistic,0.9916666666666667,0.9916660879227724,73,right,ck4_p_msp,CK4P-MSP,180,222,,
5fold_grouped_cv,logistic,0.9944444444444445,0.994443372564152,73,right,ck4_p_msp,CK4P-MSP,180,222,0.006804138174397694,0.0068054509542886
holdout,logistic,1.0,1.0,74,center,ck4,CK4,180,136,,
5fold_grouped_cv,logistic,0.9888888888888889,0.9888835270043064,74,center,ck4,CK4,180,136,0.010393492741038724,0.010400659235583804
holdout,logistic,0.65,0.6475524475524476,74,center,p,P,180,11,,
5fold_grouped_cv,logistic,0.6055555555555555,0.6039668350836965,74,center,p,P,180,11,0.039868611373353666,0.03976592559312576
holdout,logistic,0.9666666666666667,0.9666295884315907,74,center,msp,MSP,180,75,,
5fold_grouped_cv,logistic,0.9777777777777779,0.9777541690754283,74,center,msp,MSP,180,75,0.01416394309331329,0.014186894319585907
holdout,logistic,0.9916666666666667,0.9916660879227724,74,center,ck4_p,CK4+P,180,147,,
5fold_grouped_cv,logistic,0.9888888888888889,0.9888835270043064,74,center,ck4_p,CK4+P,180,147,0.010393492741038724,0.010400659235583804
holdout,logistic,0.9916666666666667,0.9916660879227724,74,center,ck4_msp,CK4+MSP,180,211,,
5fold_grouped_cv,logistic,1.0,1.0,74,center,ck4_msp,CK4+MSP,180,211,0.0,0.0
holdout,logistic,0.9583333333333334,0.9582608695652174,74,center,p_msp,P+MSP,180,86,,
5fold_grouped_cv,logistic,0.9833333333333334,0.9833236814444609,74,center,p_msp,P+MSP,180,86,0.010393492741038736,0.010402379395098641
holdout,logistic,0.9916666666666667,0.9916660879227724,74,center,ck4_p_msp,CK4P-MSP,180,222,,
5fold_grouped_cv,logistic,0.9972222222222221,0.997221686282076,74,center,ck4_p_msp,CK4P-MSP,180,222,0.005555555555555537,0.005556627435847972
holdout,logistic,1.0,1.0,74,jittered,ck4,CK4,180,136,,
5fold_grouped_cv,logistic,0.9888888888888889,0.9888867451283041,74,jittered,ck4,CK4,180,136,0.005555555555555536,0.005556627435847972
holdout,logistic,0.575,0.5749704840613932,74,jittered,p,P,180,11,,
5fold_grouped_cv,logistic,0.6333333333333333,0.6329690923785992,74,jittered,p,P,180,11,0.0683807423616176,0.06877488538782511
holdout,logistic,0.9166666666666666,0.9165739710789766,74,jittered,msp,MSP,180,75,,
5fold_grouped_cv,logistic,0.9361111111111111,0.9360138994493298,74,jittered,msp,MSP,180,75,0.0285989726138528,0.028670637932794948
holdout,logistic,1.0,1.0,74,jittered,ck4_p,CK4+P,180,147,,
5fold_grouped_cv,logistic,0.9916666666666668,0.991665058846228,74,jittered,ck4_p,CK4+P,180,147,0.006804138174397694,0.0068054509542886
holdout,logistic,0.9916666666666667,0.9916660879227724,74,jittered,ck4_msp,CK4+MSP,180,211,,
5fold_grouped_cv,logistic,0.9944444444444445,0.994443372564152,74,jittered,ck4_msp,CK4+MSP,180,211,0.006804138174397693,0.0068054509542886
holdout,logistic,0.9,0.8995535714285714,74,jittered,p_msp,P+MSP,180,86,,
5fold_grouped_cv,logistic,0.9527777777777778,0.9527407531755359,74,jittered,p_msp,P+MSP,180,86,0.01666666666666666,0.016698188172050897
holdout,logistic,0.9916666666666667,0.9916660879227724,74,jittered,ck4_p_msp,CK4P-MSP,180,222,,
5fold_grouped_cv,logistic,0.9944444444444445,0.994443372564152,74,jittered,ck4_p_msp,CK4P-MSP,180,222,0.006804138174397693,0.0068054509542886
holdout,logistic,0.975,0.9749843652282677,74,left,ck4,CK4,180,136,,
5fold_grouped_cv,logistic,0.9694444444444444,0.9693869719574391,74,left,ck4,CK4,180,136,0.01842569327975222,0.01847983769994706
holdout,logistic,0.725,0.7245217391304348,74,left,p,P,180,11,,
5fold_grouped_cv,logistic,0.6527777777777778,0.6501902508884158,74,left,p,P,180,11,0.008784104611578835,0.008873164940923056
holdout,logistic,0.9916666666666667,0.9916660879227724,74,left,msp,MSP,180,75,,
5fold_grouped_cv,logistic,0.9916666666666668,0.9916618407222305,74,left,msp,MSP,180,75,0.01111111111111111,0.011118887025293534
holdout,logistic,0.975,0.9749843652282677,74,left,ck4_p,CK4+P,180,147,,
5fold_grouped_cv,logistic,0.9722222222222221,0.9721846567063958,74,left,ck4_p,CK4+P,180,147,0.0152145154862546,0.015240981193250394
holdout,logistic,1.0,1.0,74,left,ck4_msp,CK4+MSP,180,211,,
5fold_grouped_cv,logistic,0.9944444444444445,0.994443372564152,74,left,ck4_msp,CK4+MSP,180,211,0.006804138174397694,0.0068054509542886
holdout,logistic,0.9916666666666667,0.9916660879227724,74,left,p_msp,P+MSP,180,86,,
5fold_grouped_cv,logistic,0.9916666666666668,0.9916618407222305,74,left,p_msp,P+MSP,180,86,0.01111111111111111,0.011118887025293534
holdout,logistic,1.0,1.0,74,left,ck4_p_msp,CK4P-MSP,180,222,,
5fold_grouped_cv,logistic,0.9944444444444445,0.994443372564152,74,left,ck4_p_msp,CK4P-MSP,180,222,0.006804138174397694,0.0068054509542886
holdout,logistic,0.9666666666666667,0.9666295884315907,74,right,ck4,CK4,180,136,,
5fold_grouped_cv,logistic,0.975,0.9749565217391304,74,right,ck4,CK4,180,136,0.02041241452319313,0.02044791437453784
holdout,logistic,0.5833333333333334,0.5832175604334537,74,right,p,P,180,11,,
5fold_grouped_cv,logistic,0.6527777777777779,0.6516369249372578,74,right,p,P,180,11,0.05760122598146589,0.058927712802209785
holdout,logistic,0.9916666666666667,0.9916660879227724,74,right,msp,MSP,180,75,,
5fold_grouped_cv,logistic,0.9972222222222221,0.997221686282076,74,right,msp,MSP,180,75,0.005555555555555537,0.005556627435847972
holdout,logistic,0.9666666666666667,0.9666295884315907,74,right,ck4_p,CK4+P,180,147,,
5fold_grouped_cv,logistic,0.9722222222222221,0.9721846567063958,74,right,ck4_p,CK4+P,180,147,0.023240556292613207,0.02326813989614032
holdout,logistic,1.0,1.0,74,right,ck4_msp,CK4+MSP,180,211,,
5fold_grouped_cv,logistic,0.9972222222222221,0.997221686282076,74,right,ck4_msp,CK4+MSP,180,211,0.005555555555555537,0.005556627435847972
holdout,logistic,0.9916666666666667,0.9916660879227724,74,right,p_msp,P+MSP,180,86,,
5fold_grouped_cv,logistic,0.9972222222222221,0.997221686282076,74,right,p_msp,P+MSP,180,86,0.005555555555555537,0.005556627435847972
holdout,logistic,1.0,1.0,74,right,ck4_p_msp,CK4P-MSP,180,222,,
5fold_grouped_cv,logistic,1.0,1.0,74,right,ck4_p_msp,CK4P-MSP,180,222,0.0,0.0
holdout,logistic,0.9833333333333333,0.9833287024173382,75,center,ck4,CK4,180,136,,
5fold_grouped_cv,logistic,0.986111111111111,0.9861084314103801,75,center,ck4,CK4,180,136,1.1102230246251565e-16,0.0
holdout,logistic,0.6333333333333333,0.6332314531814394,75,center,p,P,180,11,,
5fold_grouped_cv,logistic,0.6166666666666666,0.6145603976007237,75,center,p,P,180,11,0.06949997779553779,0.0703615757481413
holdout,logistic,0.9916666666666667,0.9916660879227724,75,center,msp,MSP,180,75,,
5fold_grouped_cv,logistic,0.9833333333333334,0.9833236814444609,75,center,msp,MSP,180,75,0.010393492741038736,0.010402379395098641
holdout,logistic,0.9916666666666667,0.9916660879227724,75,center,ck4_p,CK4+P,180,147,,
5fold_grouped_cv,logistic,0.986111111111111,0.9861052132863826,75,center,ck4_p,CK4+P,180,147,0.008784104611578835,0.008790888587498947
holdout,logistic,1.0,1.0,75,center,ck4_msp,CK4+MSP,180,211,,
5fold_grouped_cv,logistic,1.0,1.0,75,center,ck4_msp,CK4+MSP,180,211,0.0,0.0
holdout,logistic,0.9916666666666667,0.9916660879227724,75,center,p_msp,P+MSP,180,86,,
5fold_grouped_cv,logistic,0.9916666666666668,0.991665058846228,75,center,p_msp,P+MSP,180,86,0.006804138174397694,0.0068054509542886
holdout,logistic,1.0,1.0,75,center,ck4_p_msp,CK4P-MSP,180,222,,
5fold_grouped_cv,logistic,1.0,1.0,75,center,ck4_p_msp,CK4P-MSP,180,222,0.0,0.0
holdout,logistic,0.9916666666666667,0.9916660879227724,75,jittered,ck4,CK4,180,136,,
5fold_grouped_cv,logistic,0.9805555555555557,0.9805389190413475,75,jittered,ck4,CK4,180,136,0.011111111111111117,0.011139024738065072
holdout,logistic,0.6583333333333333,0.6571667479618145,75,jittered,p,P,180,11,,
5fold_grouped_cv,logistic,0.6361111111111111,0.6341312581290518,75,jittered,p,P,180,11,0.022222222222222233,0.025635157424742427
holdout,logistic,0.9083333333333333,0.9078147915357218,75,jittered,msp,MSP,180,75,,
5fold_grouped_cv,logistic,0.9083333333333334,0.9081962774179161,75,jittered,msp,MSP,180,75,0.03788383804718294,0.03788862847438337
holdout,logistic,0.9916666666666667,0.9916660879227724,75,jittered,ck4_p,CK4+P,180,147,,
5fold_grouped_cv,logistic,0.9722222222222223,0.972205049767868,75,jittered,ck4_p,CK4+P,180,147,0.012422599874998837,0.012439422111747723
holdout,logistic,0.9916666666666667,0.9916660879227724,75,jittered,ck4_msp,CK4+MSP,180,211,,
5fold_grouped_cv,logistic,0.9833333333333334,0.9833236814444609,75,jittered,ck4_msp,CK4+MSP,180,211,0.010393492741038736,0.010402379395098641
holdout,logistic,0.9333333333333333,0.9330357142857143,75,jittered,p_msp,P+MSP,180,86,,
5fold_grouped_cv,logistic,0.9166666666666666,0.9164579068124974,75,jittered,p_msp,P+MSP,180,86,0.03286710990610897,0.03293562083815404
holdout,logistic,0.9916666666666667,0.9916660879227724,75,jittered,ck4_p_msp,CK4P-MSP,180,222,,
5fold_grouped_cv,logistic,0.9833333333333334,0.9833236814444609,75,jittered,ck4_p_msp,CK4P-MSP,180,222,0.010393492741038736,0.010402379395098641
holdout,logistic,0.975,0.9749843652282677,75,left,ck4,CK4,180,136,,
5fold_grouped_cv,logistic,0.9833333333333334,0.983314014635274,75,left,ck4,CK4,180,136,0.016197088596792492,0.016222313124866064
holdout,logistic,0.625,0.6243478260869566,75,left,p,P,180,11,,
5fold_grouped_cv,logistic,0.5694444444444444,0.5687329235279162,75,left,p,P,180,11,0.05343162239353152,0.053503952988617695
holdout,logistic,0.9833333333333333,0.9833287024173382,75,left,msp,MSP,180,75,,
5fold_grouped_cv,logistic,0.986111111111111,0.9861052132863826,75,left,msp,MSP,180,75,0.008784104611578835,0.008790888587498949
holdout,logistic,0.9666666666666667,0.9666295884315907,75,left,ck4_p,CK4+P,180,147,,
5fold_grouped_cv,logistic,0.9833333333333334,0.983314014635274,75,left,ck4_p,CK4+P,180,147,0.016197088596792492,0.016222313124866064
holdout,logistic,0.9833333333333333,0.9833287024173382,75,left,ck4_msp,CK4+MSP,180,211,,
5fold_grouped_cv,logistic,0.9916666666666668,0.991665058846228,75,left,ck4_msp,CK4+MSP,180,211,0.006804138174397694,0.0068054509542886
holdout,logistic,0.9833333333333333,0.9833287024173382,75,left,p_msp,P+MSP,180,86,,
5fold_grouped_cv,logistic,0.986111111111111,0.9861084314103801,75,left,p_msp,P+MSP,180,86,1.1102230246251565e-16,0.0
holdout,logistic,0.9833333333333333,0.9833287024173382,75,left,ck4_p_msp,CK4P-MSP,180,222,,
5fold_grouped_cv,logistic,0.9916666666666668,0.991665058846228,75,left,ck4_p_msp,CK4P-MSP,180,222,0.006804138174397694,0.0068054509542886
holdout,logistic,0.9833333333333333,0.9833287024173382,75,right,ck4,CK4,180,136,,
5fold_grouped_cv,logistic,0.9777777777777779,0.9777423061726832,75,right,ck4,CK4,180,136,0.018839805508681317,0.018900221778145723
holdout,logistic,0.675,0.6747967479674797,75,right,p,P,180,11,,
5fold_grouped_cv,logistic,0.6083333333333333,0.6065432342211419,75,right,p,P,180,11,0.06478835438717002,0.06610494191050287
holdout,logistic,0.9916666666666667,0.9916660879227724,75,right,msp,MSP,180,75,,
5fold_grouped_cv,logistic,0.9972222222222221,0.997221686282076,75,right,msp,MSP,180,75,0.005555555555555537,0.005556627435847972
holdout,logistic,0.975,0.9749843652282677,75,right,ck4_p,CK4+P,180,147,,
5fold_grouped_cv,logistic,0.9777777777777779,0.9777380161683931,75,right,ck4_p,CK4+P,180,147,0.018839805508681317,0.01890147664197955
holdout,logistic,0.9916666666666667,0.9916660879227724,75,right,ck4_msp,CK4+MSP,180,211,,
5fold_grouped_cv,logistic,0.9972222222222221,0.997221686282076,75,right,ck4_msp,CK4+MSP,180,211,0.005555555555555537,0.005556627435847972
holdout,logistic,0.9916666666666667,0.9916660879227724,75,right,p_msp,P+MSP,180,86,,
5fold_grouped_cv,logistic,0.9972222222222221,0.997221686282076,75,right,p_msp,P+MSP,180,86,0.005555555555555537,0.005556627435847972
holdout,logistic,0.9916666666666667,0.9916660879227724,75,right,ck4_p_msp,CK4P-MSP,180,222,,
5fold_grouped_cv,logistic,0.9972222222222221,0.997221686282076,75,right,ck4_p_msp,CK4P-MSP,180,222,0.005555555555555537,0.005556627435847972
