retrieval_top1,paired_cosine_mean,paired_cosine_p05,l2_delta_mean,l2_delta_p95,mean_pair_margin,margin_positive_rate,length,condition,representation,representation_label,n_pairs,n_features
1.0,0.9733384481198889,0.8906771579674361,0.14247538767270804,0.4675956343847766,0.38261318110092474,1.0,50,substitution_1pct,ck4,CK4,420,136
0.638095238095238,0.9999790222324044,0.9999008107396982,0.0038023667399824513,0.014084662817433362,1.955469056994349e-05,0.6047619047619047,50,substitution_1pct,p,P,420,11
1.0,0.9998835378006279,0.9995130021818145,0.009351555889594614,0.03120884756411455,0.002160292256243213,1.0,50,substitution_1pct,msp,MSP,420,75
1.0,0.9866587351761466,0.9453073830891261,0.10078769914743374,0.33073437510251036,0.19208040564748974,1.0,50,substitution_1pct,ck4_p,CK4+P,420,147
1.0,0.9866109929602584,0.9451538951294558,0.10098597868449062,0.331198112414198,0.19523420567788674,1.0,50,substitution_1pct,ck4_msp,CK4+MSP,420,211
1.0,0.999931280016516,0.999718819272133,0.007171779567441719,0.023714104516198938,0.0012449773909239178,1.0,50,substitution_1pct,p_msp,P+MSP,420,86
1.0,0.9910670027176404,0.9634151328232425,0.08248918452498248,0.27049901259217396,0.13063462776239002,1.0,50,substitution_1pct,ck4_p_msp,CK4P-MSP,420,222
1.0,0.9452561168050533,0.9216688399728219,0.3267011130648127,0.3958058904229795,0.3633903317522691,1.0,50,N_3pct,ck4,CK4,420,136
0.030952380952380953,0.9964964938356405,0.9957741802472584,0.0836111996444018,0.09193279852632485,-0.0005770178775287253,0.030952380952380953,50,N_3pct,p,P,420,11
0.9047619047619048,0.9980102590112846,0.9958677967538795,0.06163975350555321,0.09090798083672452,0.0015372740862556254,0.9047619047619048,50,N_3pct,msp,MSP,420,75
1.0,0.970876305320347,0.9590329487233822,0.23872438100877735,0.28624133531005824,0.18262534186462256,1.0,50,N_3pct,ck4_p,CK4+P,420,147
1.0,0.971633187908169,0.9600582462456083,0.2354851404813391,0.28263662342962614,0.1856126970731817,1.0,50,N_3pct,ck4_msp,CK4+MSP,420,211
0.85,0.9972533764234627,0.9960841770264371,0.0738210092226734,0.08849658706545588,0.0007905804913144658,0.85,50,N_3pct,p_msp,P+MSP,420,86
1.0,0.9799209565506596,0.9722445032184373,0.19843117644954603,0.2356076941994758,0.12436175095767432,1.0,50,N_3pct,ck4_p_msp,CK4P-MSP,420,222
1.0,0.9634474401953953,0.9516619028617725,0.2684068559841499,0.3109279567302595,0.3761590050457518,1.0,50,trim_5bp,ck4,CK4,420,136
0.2119047619047619,0.9998866351954485,0.99973711470529,0.01441559165107905,0.022929638749928455,-2.0794353258759187e-05,0.20952380952380953,50,trim_5bp,p,P,420,11
0.5642857142857143,0.9977263631210269,0.9954706469726771,0.0655635818793161,0.09517723398232922,0.00031674806882905595,0.5642857142857143,50,trim_5bp,msp,MSP,420,75
1.0,0.9816670376954219,0.9757752435074588,0.19009850151306076,0.22011250017957296,0.18876916876529526,1.0,50,trim_5bp,ck4_p,CK4+P,420,147
1.0,0.980586901658211,0.9745472437678223,0.19577082118696845,0.22562241312568188,0.19106457808997537,1.0,50,trim_5bp,ck4_msp,CK4+MSP,420,211
0.65,0.9988064991582378,0.9976384631523574,0.047567854860693565,0.0687246220678599,0.00029913924910142533,0.65,50,trim_5bp,p_msp,P+MSP,420,86
1.0,0.9870201461706234,0.9829700970376276,0.16008658360066266,0.1845529527994083,0.12782373437237343,1.0,50,trim_5bp,ck4_p_msp,CK4P-MSP,420,222
1.0,0.9167542191327784,0.828601386868011,0.39395218982630337,0.5854884609064354,0.3348315387189438,1.0,50,substitution_1pct_N_3pct,ck4,CK4,420,136
0.04047619047619048,0.9964622222943577,0.995702522203126,0.08399764881313701,0.09270898112200032,-0.0006071390178285048,0.0380952380952381,50,substitution_1pct_N_3pct,p,P,420,11
0.9166666666666666,0.9979169183201783,0.9957340986380573,0.06303370308802536,0.0923674246625839,0.0015150865995449453,0.9166666666666666,50,substitution_1pct_N_3pct,msp,MSP,420,75
1.0,0.9566082207135679,0.912387597686596,0.2852956233158371,0.4185982964023079,0.16837843674501374,1.0,50,substitution_1pct_N_3pct,ck4_p,CK4+P,420,147
1.0,0.9573355687264782,0.9131762355423092,0.2825435135985599,0.4167101121313241,0.17129339604300456,1.0,50,substitution_1pct_N_3pct,ck4_msp,CK4+MSP,420,211
0.8166666666666667,0.9971895703072678,0.9960379861870721,0.07465051819320616,0.0890170061060891,0.0007567282432096299,0.8166666666666667,50,substitution_1pct_N_3pct,p_msp,P+MSP,420,86
1.0,0.9703777865824381,0.9409977133011104,0.23609036229987998,0.3435175722736085,0.11481647686921514,1.0,50,substitution_1pct_N_3pct,ck4_p_msp,CK4P-MSP,420,222
1.0,0.8733109595466314,0.8243962230020405,0.49919209026347594,0.5926276684213048,0.29609431749007004,1.0,50,local_mismatch_6bp,ck4,CK4,420,136
0.07142857142857142,0.9997523980572279,0.9992508125702343,0.01979885976927987,0.03870884674267869,-0.00020858019271919142,0.06904761904761905,50,local_mismatch_6bp,p,P,420,11
0.7595238095238095,0.9984271175834439,0.9958193059302206,0.051092015658301494,0.09144039248860093,0.0008724609786868091,0.7595238095238095,50,local_mismatch_6bp,msp,MSP,420,75
1.0,0.9365316788019297,0.9121450790774039,0.35333655089933175,0.4191775696085736,0.14859649842850842,1.0,50,local_mismatch_6bp,ck4_p,CK4+P,420,147
1.0,0.9358690385650378,0.9118779254393962,0.35519902625300515,0.4198141738550355,0.15130441860017377,1.0,50,local_mismatch_6bp,ck4_msp,CK4+MSP,420,211
0.7619047619047619,0.9990897578203357,0.9976489359738432,0.03891347771196618,0.06857166125105857,0.0004963524065665251,0.7619047619047619,50,local_mismatch_6bp,p_msp,P+MSP,420,86
1.0,0.9571634917291011,0.9412404677250792,0.29030500884600335,0.3428102929960085,0.10122359589567824,1.0,50,local_mismatch_6bp,ck4_p_msp,CK4P-MSP,420,222
1.0,0.9780448590282433,0.9158337910556108,0.13248214258641652,0.41028211449097973,0.386485922580288,1.0,50,short_indel,ck4,CK4,420,136
0.7452380952380953,0.9999917547377977,0.9999687468875118,0.002551322317559379,0.007906086911483666,3.172184877883627e-05,0.7119047619047619,50,short_indel,p,P,420,11
1.0,0.9998460410441652,0.9993850146132918,0.011053087435546486,0.03507085139882007,0.0021568893127878568,1.0,50,short_indel,msp,MSP,420,75
1.0,0.9890183068830204,0.9579045208753734,0.0936989248259436,0.29015591403867397,0.1939775644918211,1.0,50,short_indel,ck4_p,CK4+P,420,147
1.0,0.9889454500362044,0.9574194147317453,0.0940762175905297,0.2918233293829984,0.1970798054926503,1.0,50,short_indel,ck4_msp,CK4+MSP,420,211
1.0,0.9999188978909814,0.9996815761161519,0.008053503005658741,0.025235711137822907,0.0012500682143555498,1.0,50,short_indel,p_msp,P+MSP,420,86
1.0,0.9926275516034021,0.9716046933862094,0.07682904782348564,0.2383073695862323,0.13184882082615537,1.0,50,short_indel,ck4_p_msp,CK4P-MSP,420,222
1.0,0.9733730832504284,0.8888561538444548,0.1423861898099322,0.47147318571073993,0.37941302972945073,1.0,51,substitution_1pct,ck4,CK4,420,136
0.6333333333333333,0.9999797507196081,0.9999247664371781,0.0037316880634501058,0.012266453768134115,1.6530686078659805e-05,0.5761904761904761,51,substitution_1pct,p,P,420,11
1.0,0.999882118784285,0.9995756576283588,0.009417234098522081,0.029132192906345646,0.0021727401467861694,1.0,51,substitution_1pct,msp,MSP,420,75
1.0,0.9866764169850182,0.9444234216343076,0.1007438944433301,0.33339575503901014,0.190403618726779,1.0,51,substitution_1pct,ck4_p,CK4+P,420,147
1.0,0.9866276010173566,0.944285846610204,0.1009692064822031,0.3338081636858043,0.19352469003829006,1.0,51,substitution_1pct,ck4_msp,CK4+MSP,420,211
1.0,0.9999309347519465,0.999747032267837,0.007198725824301471,0.022492999239495583,0.0012490701617151243,1.0,51,substitution_1pct,p_msp,P+MSP,420,86
1.0,0.9910783175847739,0.9628541275481894,0.08247678147146027,0.27256452819362914,0.12947175601779334,1.0,51,substitution_1pct,ck4_p_msp,CK4P-MSP,420,222
1.0,0.9465720412002911,0.9249161317696055,0.3231168934798551,0.38751480786428577,0.3630304996946603,1.0,51,N_3pct,ck4,CK4,420,136
0.02142857142857143,0.9966122452475484,0.9958615623969561,0.0822097684848804,0.09097733298074963,-0.0005552791847372055,0.01904761904761905,51,N_3pct,p,P,420,11
0.9523809523809523,0.9981908933400362,0.9965825295308705,0.05879177008094725,0.08267363231419304,0.001671262899747742,0.9523809523809523,51,N_3pct,msp,MSP,420,75
1.0,0.9715921432239197,0.9608742703738108,0.23600986334371246,0.27973460516692356,0.1824430200459429,1.0,51,N_3pct,ck4_p,CK4+P,420,147
1.0,0.9723814672701636,0.9615503910349593,0.2325485980630898,0.2773070815772658,0.18548512643967055,1.0,51,N_3pct,ck4_msp,CK4+MSP,420,211
0.8785714285714286,0.9974015692937922,0.9965027470005994,0.07180994742227438,0.08363314195686722,0.0008606402750008406,0.8785714285714286,51,N_3pct,p_msp,P+MSP,420,86
1.0,0.9804583932626253,0.9733172284235293,0.19590099989641954,0.23100980635908142,0.12426355986471017,1.0,51,N_3pct,ck4_p_msp,CK4P-MSP,420,222
1.0,0.9646050531101502,0.954306387489224,0.26420802192301324,0.3023031830351186,0.3757459440015836,1.0,51,trim_5bp,ck4,CK4,420,136
0.2119047619047619,0.9998891219436018,0.9997448074985045,0.014188187583937481,0.022591701951663212,-2.0574719194067185e-05,0.20238095238095238,51,trim_5bp,p,P,420,11
0.5523809523809524,0.9977361459559602,0.9958364138961104,0.0655808240947899,0.09125334055610773,0.00030340160722223014,0.5523809523809524,51,trim_5bp,msp,MSP,420,75
1.0,0.9822470875268758,0.9770776255459289,0.18712663050045886,0.21411386479384298,0.1885479960064792,1.0,51,trim_5bp,ck4_p,CK4+P,420,147
1.0,0.9811705995330552,0.9754412186428353,0.1928258608710281,0.22162478864244084,0.19068912329031715,1.0,51,trim_5bp,ck4_msp,CK4+MSP,420,211
0.6738095238095239,0.998812633949781,0.9977989914593591,0.04754694718171936,0.06634768624814309,0.00028565537718869353,0.6738095238095239,51,trim_5bp,p_msp,P+MSP,420,86
1.0,0.9874101070032374,0.9835203787873601,0.15768002758776054,0.18154680424195604,0.1275637637139416,1.0,51,trim_5bp,ck4_p_msp,CK4P-MSP,420,222
1.0,0.921872449549594,0.8451887450652547,0.38169871226151686,0.5564185327468077,0.3401731520896588,1.0,51,substitution_1pct_N_3pct,ck4,CK4,420,136
0.030952380952380953,0.9965953593279124,0.9959240393508713,0.08241573938216866,0.09028799065992915,-0.0005695437101783266,0.030952380952380953,51,substitution_1pct_N_3pct,p,P,420,11
0.95,0.9980649634559942,0.9964077690920733,0.06105686858403917,0.08476108569147925,0.0015403302794459858,0.95,51,substitution_1pct_N_3pct,msp,MSP,420,75
1.0,0.9592339044387533,0.9211590365019601,0.2765484635808292,0.3970781863807072,0.1709917930679433,1.0,51,substitution_1pct_N_3pct,ck4_p,CK4+P,420,147
1.0,0.9599687065027941,0.9218894440713352,0.27369325744376277,0.39523472394896686,0.17388405075933006,1.0,51,substitution_1pct_N_3pct,ck4_msp,CK4+MSP,420,211
0.8785714285714286,0.9973301613919532,0.9964444128105809,0.07283040337450693,0.08432776936193476,0.0007938424495762808,0.8785714285714286,51,substitution_1pct_N_3pct,p_msp,P+MSP,420,86
1.0,0.9721775907778336,0.9468818446875845,0.22880323226710766,0.3259283755772597,0.11650986242773077,1.0,51,substitution_1pct_N_3pct,ck4_p_msp,CK4P-MSP,420,222
1.0,0.8781653110827718,0.8319791692177261,0.49011436147826504,0.5796907594762897,0.2948726661555338,1.0,51,local_mismatch_6bp,ck4,CK4,420,136
0.04047619047619048,0.999757398914441,0.9992795090791499,0.019753685141454806,0.03796026125658895,-0.00020621214391325148,0.0380952380952381,51,local_mismatch_6bp,p,P,420,11
0.7904761904761904,0.9985370053326993,0.996138371513943,0.049731610796259214,0.08788204502518569,0.000923305452934475,0.7904761904761904,51,local_mismatch_6bp,msp,MSP,420,75
1.0,0.9389613549986063,0.9159451584409138,0.3469231679066328,0.4100116332814397,0.1480297571684764,1.0,51,local_mismatch_6bp,ck4_p,CK4+P,420,147
1.0,0.9383511582077353,0.9153851038670425,0.34869548226057084,0.4113754313059197,0.1509189266699629,1.0,51,local_mismatch_6bp,ck4_msp,CK4+MSP,420,211
0.7880952380952381,0.9991472021235702,0.9977373340164156,0.03797717289080534,0.06727048514532778,0.0005156722830441749,0.7880952380952381,51,local_mismatch_6bp,p_msp,P+MSP,420,86
1.0,0.9588199051099707,0.9434247898107486,0.28499922759475166,0.33637837594970266,0.10100591925185459,1.0,51,local_mismatch_6bp,ck4_p_msp,CK4P-MSP,420,222
1.0,0.9826533109552256,0.9317989791138944,0.10940048998240223,0.36931414554259784,0.38896162139026874,1.0,51,short_indel,ck4,CK4,420,136
0.7690476190476191,0.9999931357222326,0.9999726280409515,0.0021341655193655696,0.007398912831753856,3.3340383569135935e-05,0.7142857142857143,51,short_indel,p,P,420,11
1.0,0.9998550840116579,0.9994179313263261,0.01012463083661554,0.034119451404335824,0.002149102592783699,1.0,51,short_indel,msp,MSP,420,75
1.0,0.9913232233387291,0.9658908722975277,0.07737596997594064,0.26117755539723814,0.19520530814592682,1.0,51,short_indel,ck4_p,CK4+P,420,147
1.0,0.9912541974834418,0.9656982962233583,0.07775759040632699,0.26191429235291674,0.19825511670548546,1.0,51,short_indel,ck4_msp,CK4+MSP,420,211
1.0,0.9999241098669454,0.99970008454313,0.007343137281552808,0.024491444129114547,0.001249123426250782,1.0,51,short_indel,p_msp,P+MSP,420,86
1.0,0.994167176896372,0.9771264526426261,0.06350347527086544,0.21387900404919133,0.13264212168515277,1.0,51,short_indel,ck4_p_msp,CK4P-MSP,420,222
1.0,0.9747963805114159,0.9043434161687424,0.14043098212848623,0.437392351753593,0.3799679965833209,1.0,52,substitution_1pct,ck4,CK4,420,136
0.6261904761904762,0.9999833099918116,0.9999350616387789,0.0035089520572658727,0.011396213570425794,2.3708483874601032e-05,0.5880952380952381,52,substitution_1pct,p,P,420,11
1.0,0.9998901937587279,0.9995937344936291,0.009155618201891593,0.02850491400187452,0.0021232029179483777,1.0,52,substitution_1pct,msp,MSP,420,75
1.0,0.9873898452516137,0.9521603157915065,0.09933552570207164,0.3093199334445125,0.19067267495006818,1.0,52,substitution_1pct,ck4_p,CK4+P,420,147
1.0,0.9873432871350717,0.9520592506765604,0.09952881120327972,0.30964624863411766,0.19361517724618604,1.0,52,substitution_1pct,ck4_msp,CK4+MSP,420,211
1.0,0.9999367518752696,0.9997695179398833,0.006968230269716385,0.02147006393132501,0.0012172046116302752,1.0,52,substitution_1pct,p_msp,P+MSP,420,86
1.0,0.9915566280873185,0.96803190558913,0.08129408529778952,0.25285514443065155,0.12952114516285823,1.0,52,substitution_1pct,ck4_p_msp,CK4P-MSP,420,222
1.0,0.9478093030005929,0.9249972215548826,0.3198547549660129,0.38730550846874773,0.36304295190043756,1.0,52,N_3pct,ck4,CK4,420,136
0.0380952380952381,0.9967490375262641,0.9961442159490782,0.08054516692706024,0.08781549238576349,-0.0005144561849956047,0.030952380952380953,52,N_3pct,p,P,420,11
0.9476190476190476,0.9982459971819767,0.9965737910634012,0.05799953000810451,0.08277932580518588,0.0016234477536941593,0.9476190476190476,52,N_3pct,msp,MSP,420,75
1.0,0.9722791702634285,0.9610084937147083,0.23343063127720964,0.2792543764544881,0.18244715543052115,1.0,52,N_3pct,ck4_p,CK4+P,420,147
1.0,0.9730276500912847,0.9619206092994046,0.23015701706436287,0.2759688051139039,0.1853833066031233,1.0,52,N_3pct,ck4_msp,CK4+MSP,420,211
0.8952380952380953,0.9974975173541204,0.996653620821816,0.07050388679075122,0.08180926462469354,0.0008553858748301536,0.8952380952380953,52,N_3pct,p_msp,P+MSP,420,86
1.0,0.9809347792362779,0.9736101424787114,0.19373498527612143,0.22973833785703376,0.12419443140266717,1.0,52,N_3pct,ck4_p_msp,CK4P-MSP,420,222
1.0,0.9655044952446896,0.9551338658818389,0.26077207713478034,0.29955344804612566,0.3752001531355999,1.0,52,trim_5bp,ck4,CK4,420,136
0.21428571428571427,0.9998891611877175,0.9997506418274874,0.014234720589951603,0.022331950427290394,-1.8889858678272378e-05,0.1976190476190476,52,trim_5bp,p,P,420,11
0.5714285714285714,0.9977232193714285,0.9959360134993048,0.06590219497228318,0.09015524840700506,0.0002685861751341926,0.5714285714285714,52,trim_5bp,msp,MSP,420,75
1.0,0.9826968282162037,0.9775231628139638,0.18470080856823298,0.21202281444354046,0.18826010307030175,1.0,52,trim_5bp,ck4_p,CK4+P,420,147
1.0,0.9816138573080591,0.9762285168754334,0.19050430567416635,0.21804348816568714,0.19030813066152552,1.0,52,trim_5bp,ck4_msp,CK4+MSP,420,211
0.6452380952380953,0.9988061902795731,0.997826707496139,0.0477741970866859,0.06592863068214795,0.00027811507228590236,0.6452380952380953,52,trim_5bp,p_msp,P+MSP,420,86
1.0,0.9877056252679453,0.9841376781522643,0.1557872594959103,0.17811411959426468,0.1272992072447579,1.0,52,trim_5bp,ck4_p_msp,CK4P-MSP,420,222
1.0,0.9238513178848398,0.8363664023200481,0.377713785248054,0.572071602528927,0.3425106783029157,1.0,52,substitution_1pct_N_3pct,ck4,CK4,420,136
0.02857142857142857,0.9966863308461519,0.9959452566410468,0.08129025048898073,0.09005263299381241,-0.0005750812422249695,0.02619047619047619,52,substitution_1pct_N_3pct,p,P,420,11
0.9047619047619048,0.9981394359490406,0.9962751399897166,0.05980640138327691,0.08631175690399491,0.0014740618466634592,0.9047619047619048,52,substitution_1pct_N_3pct,msp,MSP,420,75
1.0,0.9602688243654958,0.916388224645671,0.27362278064951984,0.408929069105608,0.172046419537913,1.0,52,substitution_1pct_N_3pct,ck4_p,CK4+P,420,147
1.0,0.9609953769169401,0.9173128520947109,0.27079593094515947,0.40666187078739796,0.174928597639798,1.0,52,substitution_1pct_N_3pct,ck4_msp,CK4+MSP,420,211
0.8452380952380952,0.9974128833975963,0.9964142847231391,0.0716691644133138,0.0846842817141715,0.0007448506929911992,0.8452380952380952,52,substitution_1pct_N_3pct,p_msp,P+MSP,420,86
1.0,0.9728923615600108,0.9436801967449538,0.22634957728350022,0.33561791406072705,0.11714213506663375,1.0,52,substitution_1pct_N_3pct,ck4_p_msp,CK4P-MSP,420,222
1.0,0.8811089251082387,0.8427292611727744,0.48451576423575554,0.5608399171096242,0.2993523657342361,1.0,52,local_mismatch_6bp,ck4,CK4,420,136
0.05952380952380952,0.9997812139176685,0.9992946496019219,0.018400138402207198,0.037559297066034975,-0.00017867804061366622,0.05714285714285714,52,local_mismatch_6bp,p,P,420,11
0.8261904761904761,0.9986181506067188,0.996307656344445,0.04784375292234371,0.08593420315147435,0.0009560355903074408,0.8261904761904761,52,local_mismatch_6bp,msp,MSP,420,75
1.0,0.9404450695129536,0.9213510450880688,0.3429343720854642,0.39660794723156134,0.15022177456277616,1.0,52,local_mismatch_6bp,ck4_p,CK4+P,420,147
1.0,0.9398635378574787,0.9204227425279431,0.3446275722004797,0.3989414933624479,0.15277772957794414,1.0,52,local_mismatch_6bp,ck4_msp,CK4+MSP,420,211
0.8261904761904761,0.9991996822621937,0.9977621673261515,0.03642416607491553,0.06690035873270461,0.0005326317028224368,0.8261904761904761,52,local_mismatch_6bp,p_msp,P+MSP,420,86
1.0,0.9598360965442085,0.9468986639206936,0.2816535985773498,0.32588729109172315,0.10221425155823034,1.0,52,local_mismatch_6bp,ck4_p_msp,CK4P-MSP,420,222
1.0,0.9826278116633256,0.9345468066483993,0.11044528438764083,0.36180987341841975,0.3882970356432335,1.0,52,short_indel,ck4,CK4,420,136
0.7642857142857142,0.9999927616112555,0.9999693390983934,0.0021916085240043844,0.007830811876085832,3.393028572010393e-05,0.7095238095238096,52,short_indel,p,P,420,11
1.0,0.9998667608091317,0.9994761454870418,0.00983023220742783,0.03236829159178715,0.002124532404373739,1.0,52,short_indel,msp,MSP,420,75
1.0,0.9913102866372905,0.9672686285318357,0.07811456328415287,0.2558568777616619,0.19484073771156715,1.0,52,short_indel,ck4_p,CK4+P,420,147
1.0,0.9912472862362287,0.9671932294454776,0.07849636412972195,0.2561513860446257,0.19773349342484092,1.0,52,short_indel,ck4_msp,CK4+MSP,420,211
1.0,0.9999297612101936,0.999713515136883,0.007150230646266529,0.023936772060632844,0.001227170510140541,1.0,52,short_indel,p_msp,P+MSP,420,86
1.0,0.9941624446945709,0.978125636435409,0.06410656505037188,0.20916195054098316,0.13227606173319664,1.0,52,short_indel,ck4_p_msp,CK4P-MSP,420,222
1.0,0.9733353273456848,0.9017517302963558,0.14768424973071725,0.44327818620046383,0.37765936098763636,1.0,53,substitution_1pct,ck4,CK4,420,136
0.5952380952380952,0.9999815638187685,0.9999289994047209,0.0036829504375182494,0.011916030005576745,2.155538821220242e-05,0.5476190476190477,53,substitution_1pct,p,P,420,11
1.0,0.9998834558046048,0.9995678212179459,0.009626278139672373,0.029399937510871103,0.002094753235091584,1.0,53,substitution_1pct,msp,MSP,420,75
1.0,0.9866584455822268,0.9508757412438992,0.1044663355215871,0.31344540691601863,0.18953576921090298,1.0,53,substitution_1pct,ck4_p,CK4+P,420,147
1.0,0.9866093915751448,0.9507284580010686,0.1046642716249573,0.31391484635379907,0.1925117136966388,1.0,53,substitution_1pct,ck4_msp,CK4+MSP,420,211
1.0,0.9999325098116867,0.9997372296338503,0.0073278616499063125,0.022924653194511403,0.001193231575455746,1.0,53,substitution_1pct,p_msp,P+MSP,420,86
1.0,0.9910667823230194,0.9671522227311931,0.08548879193512118,0.25631072120202886,0.12879915318894702,1.0,53,substitution_1pct,ck4_p_msp,CK4P-MSP,420,222
1.0,0.9496375837974964,0.9286701033841567,0.31382247458420687,0.3777033137684745,0.36433121469505797,1.0,53,N_3pct,ck4,CK4,420,136
0.030952380952380953,0.9968338413447655,0.9961867369034574,0.07947947890335605,0.08732997926014763,-0.0005164801436535875,0.030952380952380953,53,N_3pct,p,P,420,11
0.9404761904761905,0.9983492720237512,0.9968443982406981,0.0563450719129367,0.07944307582161665,0.0015701948296774546,0.9404761904761905,53,N_3pct,msp,MSP,420,75
1.0,0.9732357125711308,0.9628422454486023,0.22914087053868382,0.27260870036784957,0.18299846689022464,1.0,53,N_3pct,ck4_p,CK4+P,420,147
1.0,0.9739934279106237,0.9635061524037537,0.22573960268951948,0.2701623385659088,0.18584560769283437,1.0,53,N_3pct,ck4_msp,CK4+MSP,420,211
0.8690476190476191,0.9975915566842583,0.9968556571829559,0.06917618776322014,0.07930116016354372,0.0008112759177603354,0.8690476190476191,53,N_3pct,p_msp,P+MSP,420,86
1.0,0.9816068990553376,0.9746148420124782,0.1901051786220603,0.2253226899872052,0.12442052518918044,1.0,53,N_3pct,ck4_p_msp,CK4P-MSP,420,222
1.0,0.9662729863557756,0.9559252603882152,0.2578520661790123,0.29689977976342596,0.3750443605355126,1.0,53,trim_5bp,ck4,CK4,420,136
0.2261904761904762,0.9998925970230069,0.9997380927265189,0.013989230277583833,0.022886994333043684,-1.7587551429358914e-05,0.22142857142857142,53,trim_5bp,p,P,420,11
0.7428571428571429,0.9982775861060166,0.9964926454130304,0.05685703025220392,0.08375386065092709,0.0007397742681255455,0.7428571428571429,53,trim_5bp,msp,MSP,420,75
1.0,0.9830827916893913,0.9779411570823826,0.1826291856229989,0.2100421018191467,0.18819437240155804,1.0,53,trim_5bp,ck4_p,CK4+P,420,147
1.0,0.9822752862308961,0.9768992228687348,0.18698975641500848,0.21494546647665058,0.19050375584513732,1.0,53,trim_5bp,ck4_msp,CK4+MSP,420,211
0.7976190476190477,0.9990850915645118,0.9981311713277478,0.04151506982413922,0.061136353345457764,0.000513121352769721,0.7976190476190477,53,trim_5bp,p_msp,P+MSP,420,86
1.0,0.9881477231615996,0.9845749779993256,0.15291423835196208,0.1756417942003706,0.12742486955890128,1.0,53,trim_5bp,ck4_p_msp,CK4P-MSP,420,222
1.0,0.9226409346969682,0.8402182345198853,0.3812884174972502,0.565299093647993,0.33901710253085615,1.0,53,substitution_1pct_N_3pct,ck4,CK4,420,136
0.030952380952380953,0.996785304489876,0.9960704518127133,0.08005435483784505,0.08865148225890047,-0.0005563816841912594,0.030952380952380953,53,substitution_1pct_N_3pct,p,P,420,11
0.9166666666666666,0.9981428997763946,0.9962893709679032,0.05960689386573423,0.08614663204011343,0.0014283176834527078,0.9166666666666666,53,substitution_1pct_N_3pct,msp,MSP,420,75
1.0,0.9597131195934222,0.9184892085185491,0.27588038927219943,0.40375897203729966,0.17034379257500373,1.0,53,substitution_1pct_N_3pct,ck4_p,CK4+P,420,147
1.0,0.9603919172366814,0.9179887765617722,0.27324164630642966,0.4049968370201894,0.1730661868269727,1.0,53,substitution_1pct_N_3pct,ck4_msp,CK4+MSP,420,211
0.8404761904761905,0.9974641021331354,0.9964283035136933,0.07091885961852123,0.08451857671265386,0.0007189761764268813,0.8404761904761905,53,substitution_1pct_N_3pct,p_msp,P+MSP,420,86
1.0,0.9725230463210797,0.9441919282917615,0.22813037746343193,0.33409001827618556,0.11592224256354192,1.0,53,substitution_1pct_N_3pct,ck4_p_msp,CK4P-MSP,420,222
1.0,0.8853792696001167,0.8451542547285169,0.4756800087936203,0.5564993176482491,0.29905075809306303,1.0,53,local_mismatch_6bp,ck4,CK4,420,136
0.04523809523809524,0.9997616220289816,0.9993240560324416,0.01940286031457755,0.036767998998786265,-0.00020675761715912804,0.04523809523809524,53,local_mismatch_6bp,p,P,420,11
0.7857142857142857,0.99855590050318,0.9958077488863691,0.049099521367969516,0.09156692011440735,0.0008598018915770958,0.7857142857142857,53,local_mismatch_6bp,msp,MSP,420,75
1.0,0.9425704458145493,0.9225543775134064,0.3367189747787377,0.39356224654669286,0.15002396017092204,1.0,53,local_mismatch_6bp,ck4_p,CK4+P,420,147
1.0,0.9419675850516483,0.9220552413179821,0.33851042619343863,0.3948284590587688,0.1527028904348942,1.0,53,local_mismatch_6bp,ck4_msp,CK4+MSP,420,211
0.7595238095238095,0.9991587612660807,0.9975546522925391,0.037481156891326035,0.06993349952057519,0.00046901075621168123,0.7595238095238095,53,local_mismatch_6bp,p_msp,P+MSP,420,86
1.0,0.9612322640440927,0.9479685629855394,0.27668504984517134,0.3225877767430825,0.1021181130229911,1.0,53,local_mismatch_6bp,ck4_p_msp,CK4P-MSP,420,222
1.0,0.9819931914653762,0.9376632764795295,0.11698744297818882,0.35309110712618047,0.3847314701229588,1.0,53,short_indel,ck4,CK4,420,136
0.7476190476190476,0.9999925889482976,0.9999666460198259,0.0023175900336930453,0.008167482219373507,3.43303307790683e-05,0.7,53,short_indel,p,P,420,11
1.0,0.99984397207778,0.9993332217401564,0.010746507862091493,0.03651781759872807,0.002054233744637731,1.0,53,short_indel,msp,MSP,420,75
1.0,0.990992890206837,0.9688200080500486,0.08274107629242757,0.2497196898930114,0.1930529333391347,1.0,53,short_indel,ck4_p,CK4+P,420,147
1.0,0.9909185817715782,0.9686476930064544,0.08313625364844558,0.25040883242026,0.19596612652577428,1.0,53,short_indel,ck4_msp,CK4+MSP,420,211
1.0,0.9999182805130388,0.9996611221359974,0.007805167958052529,0.0260336888245663,0.0011859361950858674,1.0,53,short_indel,p_msp,P+MSP,420,86
1.0,0.9939432508304845,0.9790907085444923,0.06789543424813096,0.20449587185340012,0.13108954478541787,1.0,53,short_indel,ck4_p_msp,CK4P-MSP,420,222
1.0,0.9745649441474493,0.8991672880893161,0.14367909422304842,0.4490717191579838,0.37580599852437546,1.0,54,substitution_1pct,ck4,CK4,420,136
0.6047619047619047,0.9999813398027759,0.9999238136431305,0.0037428004772600484,0.012343760356838315,1.9522498367259753e-05,0.5857142857142857,54,substitution_1pct,p,P,420,11
1.0,0.9998903484442097,0.9996209929975695,0.009364073302852447,0.02753201857199518,0.002054139573006584,1.0,54,substitution_1pct,msp,MSP,420,75
1.0,0.9872731419751127,0.9495430454271523,0.10163732627861605,0.31766949044030773,0.1886033460738553,1.0,54,substitution_1pct,ck4_p,CK4+P,420,147
1.0,0.9872276462958296,0.9494631232153815,0.10183409494016236,0.3179209584079279,0.19151237939239432,1.0,54,substitution_1pct,ck4_msp,CK4+MSP,420,211
1.0,0.9999358441234928,0.9997692701935527,0.007164993475216543,0.02148161103671374,0.00117918394511183,1.0,54,substitution_1pct,p_msp,P+MSP,420,86
1.0,0.9914788774648116,0.9662816830652508,0.08318042340506708,0.2596856287206065,0.12812026146440322,1.0,54,substitution_1pct,ck4_p_msp,CK4P-MSP,420,222
1.0,0.9504507116989598,0.9238958811312586,0.31120093779458174,0.39013869400602474,0.3619476699224235,1.0,54,N_3pct,ck4,CK4,420,136
0.03333333333333333,0.996929728093025,0.9963579629200889,0.07825792651559055,0.08534667829519853,-0.000503759457512913,0.03333333333333333,54,N_3pct,p,P,420,11
0.9357142857142857,0.9983338727049049,0.996579931269575,0.05649107549112101,0.08270502187012367,0.0015572108802850144,0.9357142857142857,54,N_3pct,msp,MSP,420,75
1.0,0.9736902198959924,0.9605253110493905,0.22712641132685335,0.2809792428461985,0.18184221749999843,1.0,54,N_3pct,ck4_p,CK4+P,420,147
1.0,0.9743922922019324,0.9608852582576205,0.2239949998584454,0.2796953316904994,0.18466370091075432,1.0,54,N_3pct,ck4_msp,CK4+MSP,420,211
0.8785714285714286,0.997631800398965,0.9966680046276915,0.0685634332170186,0.08163326942731498,0.0008033125676780812,0.8785714285714286,54,N_3pct,p_msp,P+MSP,420,86
1.0,0.9819047708322964,0.9729493198579843,0.18854458484636666,0.23259697885187916,0.12367812068570842,1.0,54,N_3pct,ck4_p_msp,CK4P-MSP,420,222
1.0,0.9671421015844053,0.9568510249192933,0.25466966386439466,0.2937651004114931,0.37348558684118405,1.0,54,trim_5bp,ck4,CK4,420,136
0.25476190476190474,0.9999020668188415,0.9997677569082333,0.01344236494657869,0.02155194132911176,-1.5312961065313176e-05,0.24523809523809523,54,trim_5bp,p,P,420,11
0.5595238095238095,0.9977990895291488,0.9957494482147486,0.06442176009810706,0.09220142926848277,0.0002321797467894991,0.5595238095238095,54,trim_5bp,msp,MSP,420,75
1.0,0.9835220842016235,0.9784060938876583,0.1803554796897277,0.20781675257459098,0.18745157611607516,1.0,54,trim_5bp,ck4_p,CK4+P,420,147
1.0,0.982470595556777,0.9773680939917613,0.18610570410458815,0.21275293394460815,0.18951062708852423,1.0,54,trim_5bp,ck4_msp,CK4+MSP,420,211
0.6166666666666667,0.9988505781739951,0.9978237047723362,0.04662512042357852,0.06597416393046304,0.00025778281580601987,0.6166666666666667,54,trim_5bp,p_msp,P+MSP,420,86
1.0,0.9882810859774652,0.984899458762558,0.15217221511942444,0.17378458164530444,0.1267997667244531,1.0,54,trim_5bp,ck4_p_msp,CK4P-MSP,420,222
1.0,0.9280423480714625,0.8631440732485097,0.3693264571920131,0.5231747219451377,0.3426136104002264,1.0,54,substitution_1pct_N_3pct,ck4,CK4,420,136
0.02857142857142857,0.996894481626608,0.996203529309728,0.07870274144916052,0.08713747550505634,-0.0005333585107153987,0.02857142857142857,54,substitution_1pct_N_3pct,p,P,420,11
0.9023809523809524,0.9982661618203541,0.9966762026915389,0.05758380181913694,0.08153209606307948,0.0014557825033268868,0.9023809523809524,54,substitution_1pct_N_3pct,msp,MSP,420,75
1.0,0.9624684148490351,0.9299536207856448,0.2673533765271249,0.3742896695013227,0.17214985788262668,1.0,54,substitution_1pct_N_3pct,ck4_p,CK4+P,420,147
1.0,0.9631542549459085,0.9301063718385812,0.26456047157378404,0.37388131264252095,0.17492650712703375,1.0,54,substitution_1pct_N_3pct,ck4_msp,CK4+MSP,420,211
0.8476190476190476,0.9975803217234811,0.9966847234668952,0.06929164291039329,0.08142809810425321,0.0007402106353082411,0.8476190476190476,54,substitution_1pct_N_3pct,p_msp,P+MSP,420,86
1.0,0.9744009971728081,0.9524709879387198,0.22099902993928877,0.3083147846216802,0.11714932900816069,1.0,54,substitution_1pct_N_3pct,ck4_p_msp,CK4P-MSP,420,222
1.0,0.8865507360338664,0.8438075229975495,0.4727406793622609,0.5589139723218874,0.3005392262946143,1.0,54,local_mismatch_6bp,ck4,CK4,420,136
0.0761904761904762,0.9998031783950989,0.9994158632212808,0.01764477227002582,0.03418000076140391,-0.00015864459657123354,0.07142857142857142,54,local_mismatch_6bp,p,P,420,11
0.819047619047619,0.9987668501411235,0.9965800602090151,0.0452697421097193,0.08270347057800857,0.0009656916104441727,0.819047619047619,54,local_mismatch_6bp,msp,MSP,420,75
1.0,0.9431769572144826,0.921872026700901,0.33457644474382114,0.3952920715782585,0.1508625312883128,1.0,54,local_mismatch_6bp,ck4_p,CK4+P,420,147
1.0,0.9426587930874949,0.9215219225487367,0.33612200542245346,0.396176381154462,0.1533605087068118,1.0,54,local_mismatch_6bp,ck4_msp,CK4+MSP,420,211
0.819047619047619,0.9992850142681112,0.9980447016654562,0.03447808268700845,0.06253473282337627,0.0005432075471552455,0.819047619047619,54,local_mismatch_6bp,p_msp,P+MSP,420,86
1.0,0.9617069215233629,0.94760656368107,0.27468360826743565,0.32370763874790953,0.10261307186648344,1.0,54,local_mismatch_6bp,ck4_p_msp,CK4P-MSP,420,222
1.0,0.9795651139286832,0.9265628014592263,0.13336543188161462,0.3832419455698782,0.380168025266533,1.0,54,short_indel,ck4,CK4,420,136
0.7261904761904762,0.9999921238008288,0.9999694913143454,0.0025783130932913088,0.007811333263686736,3.008915886265961e-05,0.6952380952380952,54,short_indel,p,P,420,11
1.0,0.9998244698802937,0.9993186082413902,0.01223690451623629,0.03691588591581881,0.0019873042759400634,1.0,54,short_indel,msp,MSP,420,75
1.0,0.989778618864756,0.9632676723574688,0.094324386613015,0.2710436350725785,0.19076754275160324,1.0,54,short_indel,ck4_p,CK4+P,420,147
1.0,0.9896947919044885,0.963009458280676,0.09478105064446604,0.2719946308697849,0.1937088638597031,1.0,54,short_indel,ck4_msp,CK4+MSP,420,211
1.0,0.9999082968405612,0.999651691572767,0.008876962163500346,0.02639349095010307,0.0011495355878242454,1.0,54,short_indel,p_msp,P+MSP,420,86
1.0,0.9931272358699352,0.975330486605688,0.07740524755210587,0.22212389474027422,0.12957944230204496,1.0,54,short_indel,ck4_p_msp,CK4P-MSP,420,222
1.0,0.9721498250536672,0.8977310580745099,0.15482618816668267,0.45225864707154056,0.37074911151662154,1.0,55,substitution_1pct,ck4,CK4,420,136
0.6071428571428571,0.9999813333619191,0.9999259821780898,0.0037796437668011274,0.012166989331967366,1.995991643905171e-05,0.580952380952381,55,substitution_1pct,p,P,420,11
1.0,0.9998892906294424,0.9995885232840408,0.00963676079589005,0.02868716360516864,0.002023305348893134,1.0,55,substitution_1pct,msp,MSP,420,75
1.0,0.9860655792077931,0.9488636735543143,0.1095169579791474,0.31980095724056296,0.18598500948797433,1.0,55,substitution_1pct,ck4_p,CK4+P,420,147
1.0,0.9860195578415549,0.9487197235713141,0.10970278179383913,0.32025076393662655,0.1888207245974034,1.0,55,substitution_1pct,ck4_msp,CK4+MSP,420,211
1.0,0.9999353119956808,0.9997612435343266,0.007368347754837095,0.021852049581365416,0.001161639999377538,1.0,55,substitution_1pct,p_msp,P+MSP,420,86
1.0,0.9906734830150096,0.9658119120589157,0.08960314338456522,0.26148838150225245,0.12628026435650616,1.0,55,substitution_1pct,ck4_p_msp,CK4P-MSP,420,222
1.0,0.9529831542568824,0.9332565252573832,0.3034019646873045,0.3653586586974976,0.3612743769281107,1.0,55,N_3pct,ck4,CK4,420,136
0.05238095238095238,0.9970246050065877,0.996486457087187,0.07705175360099738,0.08382763930861606,-0.00048636932971954556,0.047619047619047616,55,N_3pct,p,P,420,11
0.919047619047619,0.9983417794505136,0.9965587230811499,0.05618556334649412,0.08296112784683389,0.0015236856444044542,0.919047619047619,55,N_3pct,msp,MSP,420,75
1.0,0.975003879631735,0.9652460006522391,0.22155596209447473,0.2636436829305798,0.18146067762811433,1.0,55,N_3pct,ck4_p,CK4+P,420,147
1.0,0.9756624668536981,0.9658497680966647,0.218517385742456,0.261343574129395,0.18419905803987155,1.0,55,N_3pct,ck4_msp,CK4+MSP,420,211
0.8690476190476191,0.9976831922285506,0.9966017330732503,0.0677857938150211,0.08244108970062858,0.0007872849789734484,0.8690476190476191,55,N_3pct,p_msp,P+MSP,420,86
1.0,0.9827831795713278,0.9763123953869318,0.1840294111762755,0.2176584649195096,0.12334262532719188,1.0,55,N_3pct,ck4_p_msp,CK4P-MSP,420,222
1.0,0.9678069928642613,0.9561170443467152,0.2517428445940136,0.2962530831825665,0.3726228786183777,1.0,55,trim_5bp,ck4,CK4,420,136
0.22857142857142856,0.999901561869633,0.9997791536338515,0.013490656462673235,0.021016483241666627,-1.3790977551908236e-05,0.21904761904761905,55,trim_5bp,p,P,420,11
0.6547619047619048,0.9981788040408536,0.996589481237111,0.05872163783416973,0.08258956899966433,0.0005165871817165202,0.6547619047619048,55,trim_5bp,msp,MSP,420,75
1.0,0.9838542773669471,0.978028680543974,0.17829141313602406,0.2096249239568228,0.18701028447881396,1.0,55,trim_5bp,ck4_p,CK4+P,420,147
1.0,0.9829928984525576,0.9771163548047559,0.18308544275024732,0.21393291035352624,0.18914540197332436,1.0,55,trim_5bp,ck4_msp,CK4+MSP,420,211
0.7380952380952381,0.9990401829552433,0.9982310069517077,0.04268944342180618,0.059480970510246006,0.000403175266373951,0.7380952380952381,55,trim_5bp,p_msp,P+MSP,420,86
1.0,0.9886291195915826,0.9846787833944451,0.14971164237542417,0.17504980188166097,0.1265505998248331,1.0,55,trim_5bp,ck4_p_msp,CK4P-MSP,420,222
1.0,0.9278298392095988,0.85142171597149,0.36668818838813777,0.5451205587646033,0.3396800593976542,1.0,55,substitution_1pct_N_3pct,ck4,CK4,420,136
0.0380952380952381,0.9970012285617831,0.9963341043333823,0.07732666409936628,0.08562578782259014,-0.0005109532377466015,0.0380952380952381,55,substitution_1pct_N_3pct,p,P,420,11
0.9404761904761905,0.9983555268091747,0.9966220245936376,0.05612349560861538,0.0821943601671057,0.0014960455234110197,0.9404761904761905,55,substitution_1pct_N_3pct,msp,MSP,420,75
1.0,0.9624155338856908,0.9242100981376045,0.2654061579460902,0.3893323421033927,0.17060095171417558,1.0,55,substitution_1pct_N_3pct,ck4_p,CK4+P,420,147
1.0,0.9630926830093867,0.9247446808815869,0.2626663578867853,0.38795695987055,0.1733456179354747,1.0,55,substitution_1pct_N_3pct,ck4_msp,CK4+MSP,420,211
0.8833333333333333,0.9976783776854788,0.9967563748276064,0.06787261100619167,0.0805434673803804,0.0007598843460863083,0.8833333333333333,55,substitution_1pct_N_3pct,p_msp,P+MSP,420,86
1.0,0.9743955315268522,0.9488217190333164,0.21937952186921267,0.3199319475458162,0.11605775919319128,1.0,55,substitution_1pct_N_3pct,ck4_p_msp,CK4P-MSP,420,222
1.0,0.8903445104097958,0.8488575881564999,0.4650064742958663,0.5498043336747217,0.2979404284464485,1.0,55,local_mismatch_6bp,ck4,CK4,420,136
0.06904761904761905,0.9998050058767239,0.9994349148094598,0.01753134854726725,0.03361797693321684,-0.00015802778931911325,0.06428571428571428,55,local_mismatch_6bp,p,P,420,11
0.819047619047619,0.9987567150039879,0.9966202518180567,0.04524095263548176,0.08221614730230124,0.000989259479535215,0.819047619047619,55,local_mismatch_6bp,msp,MSP,420,75
1.0,0.9450747581432599,0.924221496117704,0.32910931580744,0.3893032336932128,0.1494666260965718,1.0,55,local_mismatch_6bp,ck4_p,CK4+P,420,147
1.0,0.9445506127068918,0.9238891196740086,0.33069719020944494,0.3901560291609002,0.15201690140204735,1.0,55,local_mismatch_6bp,ck4_msp,CK4+MSP,420,211
0.8071428571428572,0.999280860440356,0.9980460383319276,0.03444330566620834,0.06251316563202301,0.0005567151684008131,0.8071428571428572,55,local_mismatch_6bp,p_msp,P+MSP,420,86
1.0,0.9629687437635025,0.9492141530004722,0.2702555242430658,0.3187030673970678,0.10165975558578055,1.0,55,local_mismatch_6bp,ck4_p_msp,CK4P-MSP,420,222
1.0,0.982426734757349,0.9301950174242064,0.11324399865862823,0.3736433945550489,0.38208016432041164,1.0,55,short_indel,ck4,CK4,420,136
0.7690476190476191,0.9999934666125531,0.9999730035134877,0.002173857457012718,0.007347983400932609,3.306006661328456e-05,0.7357142857142858,55,short_indel,p,P,420,11
1.0,0.9998634019154825,0.9993987070991308,0.0098223278205278,0.034678278657145546,0.0019634841715991955,1.0,55,short_indel,msp,MSP,420,75
1.0,0.9912101006849511,0.9650928978912487,0.08009278002645141,0.26422321894791595,0.1916764682700074,1.0,55,short_indel,ck4_p,CK4+P,420,147
1.0,0.9911450683364156,0.9650242604402478,0.08045165403468156,0.2644828473044559,0.19454619038464274,1.0,55,short_indel,ck4_msp,CK4+MSP,420,211
1.0,0.9999284342640178,0.9996937239972145,0.007145770033148006,0.024749774174475044,0.0011403465848244681,1.0,55,short_indel,p_msp,P+MSP,420,86
1.0,0.9940945344284615,0.976675671728251,0.06570240689213008,0.21598253421932512,0.1301003816351875,1.0,55,short_indel,ck4_p_msp,CK4P-MSP,420,222
1.0,0.9734544184517646,0.8989238470058084,0.14848864795649538,0.44961350515614235,0.36793256856134876,1.0,56,substitution_1pct,ck4,CK4,420,136
0.6095238095238096,0.9999831292822857,0.999933602795859,0.0035652266540586795,0.011523645615899155,2.146535099623751e-05,0.5738095238095238,56,substitution_1pct,p,P,420,11
1.0,0.9998914137472966,0.9995944284968322,0.009401006640046151,0.028480547958029526,0.001925626804764649,1.0,56,substitution_1pct,msp,MSP,420,75
1.0,0.9867187738670252,0.9494409360484191,0.10503194486230674,0.3179907662122544,0.18461623606518962,1.0,56,substitution_1pct,ck4_p,CK4+P,420,147
1.0,0.9866729160995307,0.9493268163485036,0.10522008777321308,0.3183494336407184,0.18741122972146756,1.0,56,substitution_1pct,ck4_msp,CK4+MSP,420,211
1.0,0.9999372715147912,0.9997798890672643,0.007150541591066336,0.02098144396641248,0.0011118211781823537,1.0,56,substitution_1pct,p_msp,P+MSP,420,86
1.0,0.9911096538271157,0.9662038859293455,0.0859400318057691,0.25998504832943226,0.12536719278850944,1.0,56,substitution_1pct,ck4_p_msp,CK4P-MSP,420,222
1.0,0.9527514988724111,0.9314042452845046,0.30400869520396395,0.3703936826445796,0.36204002938305185,1.0,56,N_3pct,ck4,CK4,420,136
0.030952380952380953,0.9971254066225164,0.9965953586463454,0.07574270733627159,0.08251837796662025,-0.00046357027229365475,0.030952380952380953,56,N_3pct,p,P,420,11
0.9523809523809523,0.9984822519302408,0.9968953626659559,0.05383191081374111,0.07879882595117935,0.0014727268245828542,0.9523809523809523,56,N_3pct,msp,MSP,420,75
1.0,0.9749384527474636,0.9641134161043872,0.22173962827500115,0.2679051465173706,0.18186851124366987,1.0,56,N_3pct,ck4_p,CK4+P,420,147
1.0,0.9756168754013261,0.9650880644164297,0.21855688215987545,0.2642420674960358,0.18451777113310064,1.0,56,N_3pct,ck4_msp,CK4+MSP,420,211
0.8809523809523809,0.9978038292763783,0.9968676411338891,0.06602737854926277,0.0791499697462598,0.0007657262208480614,0.8809523809523809,56,N_3pct,p_msp,P+MSP,420,86
1.0,0.9827863858083893,0.9757878708464035,0.18388085604261517,0.22005507073875272,0.12356587631099382,1.0,56,N_3pct,ck4_p_msp,CK4P-MSP,420,222
1.0,0.968856186146076,0.9572523150378109,0.24773238269832942,0.29239591297482076,0.3715279595660343,1.0,56,trim_5bp,ck4,CK4,420,136
0.24761904761904763,0.9999009464607014,0.9997870649214614,0.013509232392926741,0.020636541119626164,-1.570447502812581e-05,0.23809523809523808,56,trim_5bp,p,P,420,11
0.6642857142857143,0.9981652816734368,0.9967408127913538,0.05908069148343032,0.08073645035619396,0.0004899759655494086,0.6642857142857143,56,trim_5bp,msp,MSP,420,75
1.0,0.9843785663033887,0.9786037539065737,0.17546084152006716,0.20686346235402187,0.18640540958239996,1.0,56,trim_5bp,ck4_p,CK4+P,420,147
1.0,0.9835107339097563,0.9781224180790462,0.1803702296149116,0.20917723732197635,0.18851337266908497,1.0,56,trim_5bp,ck4_msp,CK4+MSP,420,211
0.7238095238095238,0.999033114067069,0.9982842623840633,0.042933399002194166,0.058578718355299125,0.0003726533565706923,0.7238095238095238,56,trim_5bp,p_msp,P+MSP,420,86
1.0,0.9889741380934048,0.9853727033966192,0.1474985630310941,0.17103967595430727,0.12609765537686354,1.0,56,trim_5bp,ck4_p_msp,CK4P-MSP,420,222
1.0,0.9245012306747978,0.8398781580102354,0.3752243228193584,0.5659006759897764,0.33356600968832445,1.0,56,substitution_1pct_N_3pct,ck4,CK4,420,136
0.03333333333333333,0.9970968222660341,0.9965061825480269,0.0760820351578293,0.08359203531589733,-0.0004892272056558054,0.03333333333333333,56,substitution_1pct_N_3pct,p,P,420,11
0.919047619047619,0.998372093050127,0.996895174904809,0.05586929812616901,0.07879997321423693,0.0014201313345323424,0.919047619047619,56,substitution_1pct_N_3pct,msp,MSP,420,75
1.0,0.9607990264704159,0.9182285430207706,0.27110014599311655,0.40440438355289776,0.1675960577215325,1.0,56,substitution_1pct_N_3pct,ck4_p,CK4+P,420,147
1.0,0.9614366618624623,0.9188631258911848,0.26854359819977197,0.40283167767526146,0.17030728868703515,1.0,56,substitution_1pct_N_3pct,ck4_msp,CK4+MSP,420,211
0.8666666666666667,0.9977344576580807,0.996794170165889,0.06704892534907604,0.08007281426363637,0.0007177083392703036,0.8666666666666667,56,substitution_1pct_N_3pct,p_msp,P+MSP,420,86
1.0,0.9733233819969863,0.9447683932712252,0.22391136891974275,0.3323598357922242,0.11406488054262455,1.0,56,substitution_1pct_N_3pct,ck4_p_msp,CK4P-MSP,420,222
1.0,0.892850441229193,0.8541579591945505,0.4596992492630757,0.5400778229375964,0.29798060045986563,1.0,56,local_mismatch_6bp,ck4,CK4,420,136
0.08571428571428572,0.9998039277729087,0.9993992116440136,0.01739659128720816,0.03466357547295066,-0.00015842357329578003,0.08095238095238096,56,local_mismatch_6bp,p,P,420,11
0.8119047619047619,0.9988179897819665,0.996832576186146,0.04416313679046656,0.07958982112962891,0.0009404658942639921,0.8119047619047619,56,local_mismatch_6bp,msp,MSP,420,75
1.0,0.9463271845010507,0.9270559283421015,0.32536278357801834,0.3819530469327395,0.14950169031257607,1.0,56,local_mismatch_6bp,ck4_p,CK4+P,420,147
1.0,0.9458342155055796,0.9267030670716846,0.32687340144845334,0.3828756470104085,0.15210016382777622,1.0,56,local_mismatch_6bp,ck4_msp,CK4+MSP,420,211
0.8095238095238095,0.9993109587774376,0.9981665932522354,0.03370562409201423,0.06055230119790545,0.000534957286809706,0.8095238095238095,56,local_mismatch_6bp,p_msp,P+MSP,420,86
1.0,0.9638241195946894,0.9511149188942253,0.26713865302868817,0.3126820174409512,0.10173172264313918,1.0,56,local_mismatch_6bp,ck4_p_msp,CK4P-MSP,420,222
1.0,0.981963305560747,0.9279730297681362,0.12005223925077123,0.3795443762121997,0.37791509534704765,1.0,56,short_indel,ck4,CK4,420,136
0.7333333333333333,0.9999927785936922,0.9999674969359967,0.0023430920949366247,0.008062634975856428,2.9687201994156257e-05,0.6928571428571428,56,short_indel,p,P,420,11
1.0,0.9998600525087478,0.9994419869068677,0.010557438493659735,0.033406964406586304,0.0019130465967652588,1.0,56,short_indel,msp,MSP,420,75
1.0,0.9909780420772196,0.9639732256970708,0.0849090468473235,0.26842791557564466,0.18958395689921917,1.0,56,short_indel,ck4_p,CK4+P,420,147
1.0,0.9909116790347472,0.9637697006211634,0.08533753610424262,0.2691849125442154,0.19242739891863628,1.0,56,short_indel,ck4_msp,CK4+MSP,420,211
1.0,0.99992641555122,0.9997125837840294,0.0076836648253676525,0.023975663315198983,0.0011085118050647893,1.0,56,short_indel,p_msp,P+MSP,420,86
1.0,0.9939387122210622,0.9758376076227773,0.0696934417082217,0.21982887164592127,0.12868354914493327,1.0,56,short_indel,ck4_p_msp,CK4P-MSP,420,222
1.0,0.9751066493783667,0.8993046786889725,0.13994542676721294,0.44876497213284483,0.36846735393245555,1.0,57,substitution_1pct,ck4,CK4,420,136
0.5976190476190476,0.9999836819596981,0.9999350885725214,0.0034444119962455675,0.011393857781877986,1.932217129705107e-05,0.5523809523809524,57,substitution_1pct,p,P,420,11
1.0,0.9999024446281674,0.9996401481139344,0.008627363570911414,0.026827289353134415,0.002008654350864942,1.0,57,substitution_1pct,msp,MSP,420,75
1.0,0.9875451656690324,0.949639059211213,0.09899042305357494,0.31736660835405206,0.1848367701479794,1.0,57,substitution_1pct,ck4_p,CK4+P,420,147
1.0,0.9875045470032671,0.9494109573897241,0.0991610068509082,0.31808460103126357,0.18769767346666236,1.0,57,substitution_1pct,ck4_msp,CK4+MSP,420,211
1.0,0.9999430632939328,0.9997740189507127,0.006599032028915847,0.021259392412567107,0.001154137614258464,1.0,57,substitution_1pct,p_msp,P+MSP,420,86
1.0,0.9916642586554109,0.9662651181709674,0.08099235397222337,0.25974908032306404,0.12550916941440982,1.0,57,substitution_1pct,ck4_p_msp,CK4P-MSP,420,222
1.0,0.9546365803780145,0.9366390945785431,0.2979802226679256,0.3559800233590093,0.3601427570792952,1.0,57,N_3pct,ck4,CK4,420,136
0.03571428571428571,0.997199523075307,0.9966594251804491,0.07474751293310165,0.08173829967807304,-0.0004615718487540589,0.03333333333333333,57,N_3pct,p,P,420,11
0.9666666666666667,0.9985081606185114,0.9971099044931604,0.05348922112963766,0.07602733853192911,0.0015174109717477056,0.9666666666666667,57,N_3pct,msp,MSP,420,75
1.0,0.9759180517266608,0.9669897944308468,0.21743668177127612,0.25694435812100563,0.18081394322522204,1.0,57,N_3pct,ck4_p,CK4+P,420,147
1.0,0.9765723704982628,0.9676595615917057,0.21435744986493488,0.25432418725171213,0.18368269248271374,1.0,57,N_3pct,ck4_msp,CK4+MSP,420,211
0.9023809523809524,0.9978538418469094,0.9970660156114338,0.06528582891614385,0.07660266557458692,0.0007791433805555341,0.9023809523809524,57,N_3pct,p_msp,P+MSP,420,86
1.0,0.9834480880239441,0.9775347023331775,0.18041148530150405,0.21196830473798098,0.12293927516084853,1.0,57,N_3pct,ck4_p_msp,CK4P-MSP,420,222
1.0,0.9699164071118684,0.9588623839681083,0.2435386192862998,0.28683658351158203,0.3704380835102799,1.0,57,trim_5bp,ck4,CK4,420,136
0.2357142857142857,0.9999025456826641,0.9997690597215265,0.013398837889356315,0.02149138972439761,-1.3681900479759321e-05,0.22142857142857142,57,trim_5bp,p,P,420,11
0.6619047619047619,0.9981698782820374,0.9964723688087628,0.058918305281710985,0.08399549341854634,0.00046607404762706014,0.6619047619047619,57,trim_5bp,msp,MSP,420,75
1.0,0.9849094763972662,0.9793710271970588,0.17249483079052214,0.20312051617314777,0.18581039032169638,1.0,57,trim_5bp,ck4_p,CK4+P,420,147
1.0,0.9840431426969529,0.978455008988206,0.17744454054184852,0.20758107925427863,0.18791042819796813,1.0,57,trim_5bp,ck4_msp,CK4+MSP,420,211
0.7261904761904762,0.9990362119823509,0.9981514484704257,0.04281551949304363,0.060803804813935956,0.0003588553268914261,0.7261904761904762,57,trim_5bp,p_msp,P+MSP,420,86
1.0,0.9893296103588567,0.985607786082281,0.14510945257780763,0.16965961508783242,0.12565924832329212,1.0,57,trim_5bp,ck4_p_msp,CK4P-MSP,420,222
1.0,0.9280015764383157,0.8520069842985383,0.36695542972865275,0.5440459807609069,0.3350558993188912,1.0,57,substitution_1pct_N_3pct,ck4,CK4,420,136
0.030952380952380953,0.9971732017047568,0.9965506279402829,0.07506582424896822,0.08305867713089936,-0.0004884735236150914,0.02857142857142857,57,substitution_1pct_N_3pct,p,P,420,11
0.9357142857142857,0.9984391309797589,0.9969554572171327,0.05467964102012269,0.07803259165108181,0.0014387918946767466,0.9357142857142857,57,substitution_1pct_N_3pct,msp,MSP,420,75
1.0,0.9625873890715363,0.9247114699500714,0.26522532184263686,0.3880425949735463,0.16838986317467464,1.0,57,substitution_1pct_N_3pct,ck4_p,CK4+P,420,147
1.0,0.9632203537090371,0.9249025231115998,0.2626199435178045,0.3875499369074531,0.17098639844548078,1.0,57,substitution_1pct_N_3pct,ck4_msp,CK4+MSP,420,211
0.861904761904762,0.9978061663422578,0.9969928042789094,0.06597550226327017,0.077552477761673,0.0007286248264090288,0.861904761904762,57,substitution_1pct_N_3pct,p_msp,P+MSP,420,86
1.0,0.9745379697076105,0.9490753930276011,0.21905144752338385,0.31913823604695984,0.1145510259833023,1.0,57,substitution_1pct_N_3pct,ck4_p_msp,CK4P-MSP,420,222
1.0,0.8923516566087987,0.8586881550926281,0.4611411114538282,0.5316236319408304,0.298177787761323,1.0,57,local_mismatch_6bp,ck4,CK4,420,136
0.05238095238095238,0.9998049731072499,0.9993807785827291,0.017522479005976817,0.03519151627813965,-0.0001623007325801401,0.05238095238095238,57,local_mismatch_6bp,p,P,420,11
0.7952380952380952,0.9987573476702638,0.9969094362474795,0.04563818176858669,0.07861956833789364,0.0009243306591456728,0.7952380952380952,57,local_mismatch_6bp,msp,MSP,420,75
1.0,0.9460783148580244,0.9291255947106529,0.32637873160527947,0.3764954285864189,0.14960145013791012,1.0,57,local_mismatch_6bp,ck4_p,CK4+P,420,147
1.0,0.9455545021395313,0.928071308838629,0.32797925615154333,0.3792853475325976,0.152125421901318,1.0,57,local_mismatch_6bp,ck4_msp,CK4+MSP,420,211
0.7952380952380952,0.9992811603887569,0.9981508463482424,0.03469774989545679,0.060813691599205986,0.000524630964484616,0.7952380952380952,57,local_mismatch_6bp,p_msp,P+MSP,420,86
1.0,0.9636379924621042,0.9519535988123814,0.2680386263426934,0.3099883824961525,0.10173667224948278,1.0,57,local_mismatch_6bp,ck4_p_msp,CK4P-MSP,420,222
1.0,0.9827989353038575,0.9301010025816945,0.1135688754478273,0.3738926070880547,0.3754496578436057,1.0,57,short_indel,ck4,CK4,420,136
0.7452380952380953,0.9999935620113182,0.9999740608437625,0.0021590670054875533,0.0072025837250797,2.9527859790223766e-05,0.6857142857142857,57,short_indel,p,P,420,11
1.0,0.9998816421555969,0.9995615806852547,0.009599621374426971,0.029611432542205367,0.0019872990212570795,1.0,57,short_indel,msp,MSP,420,75
1.0,0.9913962486575878,0.9650410776572291,0.08032329452349223,0.26441761656788215,0.1883667404716513,1.0,57,short_indel,ck4_p,CK4+P,420,147
1.0,0.9913402887297272,0.9648343926592355,0.08064964883090343,0.2651987066004049,0.19119069491515467,1.0,57,short_indel,ck4_msp,CK4+MSP,420,211
1.0,0.9999376020834575,0.9997740358650729,0.00698865341925393,0.021258518873165596,0.0011505176864735585,1.0,57,short_indel,p_msp,P+MSP,420,86
1.0,0.9942247131569242,0.9765499793504119,0.06586472274386247,0.21656283268292528,0.12786223632332608,1.0,57,short_indel,ck4_p_msp,CK4P-MSP,420,222
1.0,0.9753256335749914,0.9078490764450223,0.1443667787586701,0.42930207810815346,0.3667226344712282,1.0,58,substitution_1pct,ck4,CK4,420,136
0.6238095238095238,0.9999845796439426,0.9999360265858074,0.0035031886925686465,0.011311358249319274,1.9820365062772363e-05,0.5904761904761905,58,substitution_1pct,p,P,420,11
1.0,0.9999006553645636,0.9996129718311596,0.009064236848837308,0.027821785742222178,0.0019347193088001824,1.0,58,substitution_1pct,msp,MSP,420,75
1.0,0.987655106609467,0.9539152597486448,0.10212834794115527,0.30359297785465233,0.18394042658979398,1.0,58,substitution_1pct,ck4_p,CK4+P,420,147
1.0,0.9876131444697774,0.9536896463225728,0.10232107842612538,0.30433537744597705,0.1867346731532852,1.0,58,substitution_1pct,ck4_msp,CK4+MSP,420,211
1.0,0.9999426175042531,0.9997783443033991,0.0069007532862355786,0.021054418377177628,0.0011094306928067011,1.0,58,substitution_1pct,p_msp,P+MSP,420,86
1.0,0.9917369561944991,0.9691202452324705,0.08357466361043792,0.24851368960201606,0.12486836077879812,1.0,58,substitution_1pct,ck4_p_msp,CK4P-MSP,420,222
1.0,0.9544232964709696,0.9324535494714026,0.29867841900449527,0.36754884706192653,0.35998691585147247,1.0,58,N_3pct,ck4,CK4,420,136
0.04047619047619048,0.997285340615064,0.996755301495028,0.07359247597961907,0.08055679337817831,-0.0004477957886172689,0.0380952380952381,58,N_3pct,p,P,420,11
0.9547619047619048,0.9985932681749919,0.9971146065526393,0.05190807175462292,0.07596564051725886,0.0015702378537388476,0.9547619047619048,58,N_3pct,msp,MSP,420,75
1.0,0.9758543185430167,0.9649504812870303,0.21771058213911237,0.26476161962718764,0.1807690149798606,1.0,58,N_3pct,ck4_p,CK4+P,420,147
1.0,0.9765082823229807,0.9657645013299286,0.21460330922386708,0.2616691180990066,0.18348842151735495,1.0,58,N_3pct,ck4_msp,CK4+MSP,420,211
0.8952380952380953,0.9979393043950279,0.997181041698527,0.06396630488919548,0.0750860613087247,0.0008240523019676046,0.8952380952380953,58,N_3pct,p_msp,P+MSP,420,86
1.0,0.9834339684203417,0.976325471920838,0.18044646828360658,0.21759803214671386,0.12282601537764556,1.0,58,N_3pct,ck4_p_msp,CK4P-MSP,420,222
1.0,0.9708740670913395,0.9609069544270734,0.23964705628192448,0.279617758995837,0.36835638878325844,1.0,58,trim_5bp,ck4,CK4,420,136
0.23333333333333334,0.9999062641302825,0.9997937670456722,0.013200807537517479,0.020309246482013123,-1.1802102218909174e-05,0.22142857142857142,58,trim_5bp,p,P,420,11
0.6404761904761904,0.998168324040709,0.9965895270528524,0.05900426155679502,0.08258897163604048,0.0004435550972228282,0.6404761904761904,58,trim_5bp,msp,MSP,420,75
1.0,0.985390165610811,0.9804188772703897,0.16973820723107427,0.19789452982736738,0.18475900652298305,1.0,58,trim_5bp,ck4_p,CK4+P,420,147
1.0,0.9845211955660242,0.9796221399300242,0.17477415553679385,0.20188044723796333,0.18674872556435948,1.0,58,trim_5bp,ck4_msp,CK4+MSP,420,211
0.7119047619047619,0.9990372940854958,0.9982413247773018,0.04284138246279866,0.059306756169783585,0.0003399897797885764,0.7119047619047619,58,trim_5bp,p_msp,P+MSP,420,86
1.0,0.9896495517541103,0.9863837803500783,0.14292507160299628,0.16502252988589666,0.12486889455500236,1.0,58,trim_5bp,ck4_p_msp,CK4P-MSP,420,222
1.0,0.9333611468087671,0.8580331848525607,0.3539904029872719,0.5328541908966009,0.3378787689415648,1.0,58,substitution_1pct_N_3pct,ck4,CK4,420,136
0.04047619047619048,0.9972809510236779,0.9966895073004561,0.07363937733470055,0.08136941052495697,-0.00045444895786627375,0.0380952380952381,58,substitution_1pct_N_3pct,p,P,420,11
0.969047619047619,0.9985313149621424,0.9973056382361455,0.053190569246570785,0.07340792402470094,0.0015077186585890673,0.969047619047619,58,substitution_1pct_N_3pct,msp,MSP,420,75
1.0,0.9653210489162226,0.9277187182531947,0.2560177433595183,0.3802137852551605,0.16970783837087813,1.0,58,substitution_1pct_N_3pct,ck4_p,CK4+P,420,147
1.0,0.9659462308854548,0.92817235485761,0.25339245239465324,0.3790187767191681,0.17238998672499314,1.0,58,substitution_1pct_N_3pct,ck4_msp,CK4+MSP,420,211
0.8928571428571429,0.9979061329929102,0.9972684424465112,0.06450287006474735,0.07391279120910185,0.0007776910851272015,0.8928571428571429,58,substitution_1pct_N_3pct,p_msp,P+MSP,420,86
1.0,0.9763911375981958,0.9512496537896836,0.21148396728716506,0.3122509149911573,0.11543197034695324,1.0,58,substitution_1pct_N_3pct,ck4_p_msp,CK4P-MSP,420,222
1.0,0.896752340212839,0.859488091902708,0.45113891169135467,0.5301167908764458,0.30164674214983983,1.0,58,local_mismatch_6bp,ck4,CK4,420,136
0.0380952380952381,0.9998205127975415,0.9994734849083657,0.01685588711369206,0.03245042452557777,-0.0001513194978389357,0.0380952380952381,58,local_mismatch_6bp,p,P,420,11
0.8261904761904761,0.9988861165475008,0.9969310506224003,0.043093644706940985,0.07834280118112824,0.0009900580328017514,0.8261904761904761,58,local_mismatch_6bp,msp,MSP,420,75
1.0,0.9482864265051902,0.9296334301364787,0.31929164156752454,0.3751441278867883,0.15132415439983316,1.0,58,local_mismatch_6bp,ck4_p,CK4+P,420,147
1.0,0.94781922838017,0.9294777026557577,0.3207527067708193,0.3755585674002086,0.15379849932425796,1.0,58,local_mismatch_6bp,ck4_msp,CK4+MSP,420,211
0.8119047619047619,0.9993533146725213,0.9982344472083478,0.032840012635922,0.05942144529643407,0.0005570383840896124,0.8119047619047619,58,local_mismatch_6bp,p_msp,P+MSP,420,86
1.0,0.965152989852627,0.952725235574125,0.26212647103821646,0.30748892472619177,0.10285605482121764,1.0,58,local_mismatch_6bp,ck4_p_msp,CK4P-MSP,420,222
1.0,0.98141573918957,0.9324738103559636,0.12760676474312369,0.36749465909135526,0.372680931367961,1.0,58,short_indel,ck4,CK4,420,136
0.7333333333333333,0.9999929779300758,0.9999746523406287,0.002432799632978739,0.007120031146033717,2.8413389556089122e-05,0.6976190476190476,58,short_indel,p,P,420,11
1.0,0.9998608249658504,0.9995119916218346,0.01099406717345066,0.031241253825535272,0.001910318412852435,1.0,58,short_indel,msp,MSP,420,75
1.0,0.9907043585598228,0.9662211558233464,0.09025092357593685,0.25991856470765046,0.18695832347774938,1.0,58,short_indel,ck4_p,CK4+P,420,147
1.0,0.9906382820777101,0.9661910045764962,0.09062842639329369,0.2600343715684956,0.18976874030767327,1.0,58,short_indel,ck4_msp,CK4+MSP,420,211
1.0,0.9999269014479631,0.9997485438991197,0.007993892992535489,0.022425689453895593,0.0011030924014909182,1.0,58,short_indel,p_msp,P+MSP,420,86
1.0,0.9937565140284987,0.977450170147907,0.07401345421090756,0.21236661976077764,0.12690079030637277,1.0,58,short_indel,ck4_p_msp,CK4P-MSP,420,222
1.0,0.9738833013268973,0.900097731039926,0.14871071454200485,0.44699500601834413,0.36408614152897856,1.0,59,substitution_1pct,ck4,CK4,420,136
0.5904761904761905,0.9999833673628729,0.9999248881375863,0.003595048444438008,0.012256560705192777,1.680095977186187e-05,0.5642857142857143,59,substitution_1pct,p,P,420,11
1.0,0.9998980695504535,0.9996095822688273,0.009165355181994952,0.02794339210011867,0.0019136468714461227,1.0,59,substitution_1pct,msp,MSP,420,75
1.0,0.9869333343448852,0.9500121089663003,0.10519874712812972,0.3161894713466167,0.18266713434388843,1.0,59,substitution_1pct,ck4_p,CK4+P,420,147
1.0,0.9868906854386754,0.949955312972847,0.10538958853223852,0.3163690117632822,0.18550205333573222,1.0,59,substitution_1pct,ck4_msp,CK4+MSP,420,211
1.0,0.9999407184566632,0.9997586705487337,0.006997067717982887,0.021969456153800478,0.0010967292858195968,1.0,59,substitution_1pct,p_msp,P+MSP,420,86
1.0,0.9912549127467412,0.9666009411114183,0.08608014319862319,0.2584533002327634,0.12407129732373817,1.0,59,substitution_1pct,ck4_p_msp,CK4P-MSP,420,222
1.0,0.9563703910772345,0.9374362868335263,0.29211426897384307,0.35373355266629714,0.35694703482651874,1.0,59,N_3pct,ck4,CK4,420,136
0.030952380952380953,0.9973646307673034,0.9968352375224551,0.07251347271609548,0.07955830457014894,-0.00043449977133428965,0.030952380952380953,59,N_3pct,p,P,420,11
0.9809523809523809,0.9986548204433422,0.9974199164910097,0.05087850961449659,0.07183427275316835,0.0015707053036352154,0.9809523809523809,59,N_3pct,msp,MSP,420,75
1.0,0.9768675109222689,0.9675130721104895,0.21302120882680736,0.25489969596298606,0.17928173543420856,1.0,59,N_3pct,ck4_p,CK4+P,420,147
1.0,0.9775126057602885,0.9680897506309363,0.20991038003856524,0.2526271866865338,0.1818692741560292,1.0,59,N_3pct,ck4_msp,CK4+MSP,420,211
0.9261904761904762,0.9980097256053229,0.9974304545943633,0.0628941774298109,0.07168745197169883,0.0008147160124664284,0.9261904761904762,59,N_3pct,p_msp,P+MSP,420,86
1.0,0.9841299474292934,0.9778561979778173,0.17657405935394402,0.2104462022192569,0.1217607086391148,1.0,59,N_3pct,ck4_p_msp,CK4P-MSP,420,222
1.0,0.9714077260663032,0.9615088296963146,0.23748081878069058,0.2774569166688263,0.3652211040968795,1.0,59,trim_5bp,ck4,CK4,420,136
0.19285714285714287,0.9999080690289536,0.9998098227451244,0.013140142719143301,0.019502575229343275,-1.074361627545378e-05,0.1880952380952381,59,trim_5bp,p,P,420,11
0.7857142857142857,0.9985394755203395,0.9971286003398284,0.05243920834228993,0.07578123645785663,0.0006877772554886202,0.7857142857142857,59,trim_5bp,msp,MSP,420,75
1.0,0.9856578975476283,0.9806916470881596,0.16820414232447575,0.19651133742374868,0.1831964676779827,1.0,59,trim_5bp,ck4_p,CK4+P,420,147
1.0,0.9849736007933213,0.9800103056593079,0.17221726429979564,0.1999484157494934,0.18537938461684916,1.0,59,trim_5bp,ck4_msp,CK4+MSP,420,211
0.8523809523809524,0.9992237722746465,0.9984983467076721,0.03830608804976644,0.05480241658952464,0.00047336937146337483,0.8523809523809524,59,trim_5bp,p_msp,P+MSP,420,86
1.0,0.9899517568718655,0.9866414207020086,0.14083666449885215,0.1634538006026895,0.12396693999202295,1.0,59,trim_5bp,ck4_p_msp,CK4P-MSP,420,222
1.0,0.9307889697347118,0.8627919721751041,0.3605369041505788,0.5238464301510666,0.33389760476844493,1.0,59,substitution_1pct_N_3pct,ck4,CK4,420,136
0.0380952380952381,0.9973448913394287,0.9967392356829643,0.072762016624209,0.08075598123384836,-0.00045141945212725626,0.0380952380952381,59,substitution_1pct_N_3pct,p,P,420,11
0.9523809523809523,0.9985906795771594,0.997122611823377,0.0518891556505252,0.07586024195426838,0.0014131284000967013,0.9523809523809523,59,substitution_1pct_N_3pct,msp,MSP,420,75
1.0,0.9640669305370702,0.9301494608640228,0.26042148119724945,0.3737655108472478,0.16773380737942,1.0,59,substitution_1pct_N_3pct,ck4_p,CK4+P,420,147
1.0,0.9646898246559356,0.9306597752009369,0.25780056094377224,0.3723977512146061,0.17041463884478592,1.0,59,substitution_1pct_N_3pct,ck4_msp,CK4+MSP,420,211
0.8857142857142857,0.997967785458294,0.9971294455250248,0.063490826116604,0.07576987118366289,0.0007340829408708613,0.8857142857142857,59,substitution_1pct_N_3pct,p_msp,P+MSP,420,86
1.0,0.9755748468837667,0.9527995894079779,0.21491053964293722,0.3072469697101322,0.11412008914199452,1.0,59,substitution_1pct_N_3pct,ck4_p_msp,CK4P-MSP,420,222
1.0,0.9010797642952723,0.8680225823463374,0.4415902747645418,0.5137653504347349,0.30127629512035836,1.0,59,local_mismatch_6bp,ck4,CK4,420,136
0.06428571428571428,0.9998370949007784,0.999541096576318,0.016227027965448764,0.030295315016987477,-0.00012764644108661805,0.06428571428571428,59,local_mismatch_6bp,p,P,420,11
0.8714285714285714,0.9989744552448515,0.9972058683651149,0.04156259373861824,0.07475458847051344,0.00105665679348358,0.8714285714285714,59,local_mismatch_6bp,msp,MSP,420,75
1.0,0.9504584295980253,0.9339587461734077,0.3125203295212474,0.3634315713008314,0.15116555382438976,1.0,59,local_mismatch_6bp,ck4_p,CK4+P,420,147
1.0,0.9500271097700618,0.9336448369874315,0.3138997295196666,0.3642942837622616,0.1536832439602372,1.0,59,local_mismatch_6bp,ck4_msp,CK4+MSP,420,211
0.8666666666666667,0.9994057750728148,0.9984021637554922,0.03166657698502575,0.056530273197899064,0.0005940022052656836,0.8666666666666667,59,local_mismatch_6bp,p_msp,P+MSP,420,86
1.0,0.9666304381469675,0.9557344596313968,0.2565155412671411,0.2975417253630059,0.10277561506894517,1.0,59,local_mismatch_6bp,ck4_p_msp,CK4P-MSP,420,222
1.0,0.9823161843321722,0.926683457051962,0.12115846701133463,0.38292346388623977,0.37177751804758385,1.0,59,short_indel,ck4,CK4,420,136
0.7523809523809524,0.9999930928555416,0.9999725502963606,0.0023606593237436896,0.007409404008141009,2.6847694785661227e-05,0.7261904761904762,59,short_indel,p,P,420,11
1.0,0.9998695681437344,0.9995006598123182,0.010198722173063456,0.03160178237193494,0.001887961941487642,1.0,59,short_indel,msp,MSP,420,75
1.0,0.9911546385938569,0.963329549429345,0.08569126954309934,0.2708127982844073,0.1864706322926245,1.0,59,short_indel,ck4_p,CK4+P,420,147
1.0,0.9910928762379534,0.9630942894074216,0.0860459236246353,0.2716801748900372,0.18926351805943417,1.0,59,short_indel,ck4_msp,CK4+MSP,420,211
1.0,0.9999313304996381,0.9997373064966366,0.007439655813707143,0.022921314712168857,0.001089875210352625,1.0,59,short_indel,p_msp,P+MSP,420,86
1.0,0.9940596151104828,0.9753880735405244,0.07027184845812084,0.22186256860527623,0.12654693616809878,1.0,59,short_indel,ck4_p_msp,CK4P-MSP,420,222
1.0,0.9767178011176693,0.9101546466328371,0.13791941292178064,0.4238990176340401,0.36521250832041036,1.0,60,substitution_1pct,ck4,CK4,420,136
0.6214285714285714,0.99998478831614,0.9999422320793946,0.003370037602054877,0.010748487428788521,1.801541117003459e-05,0.5904761904761905,60,substitution_1pct,p,P,420,11
1.0,0.9999070388665813,0.9996454170066739,0.008697368465443629,0.026630130172815427,0.0019028609221274867,1.0,60,substitution_1pct,msp,MSP,420,75
1.0,0.9883512947169046,0.9550623255397949,0.09758588207064758,0.29979190672773315,0.18321038443625615,1.0,60,substitution_1pct,ck4_p,CK4+P,420,147
1.0,0.9883124199921252,0.9550113048894049,0.09779110293418314,0.2999619327688097,0.18601273328883008,1.0,60,substitution_1pct,ck4_msp,CK4+MSP,420,211
1.0,0.9999459135913605,0.9998001738006356,0.006630016682922648,0.019991057544548014,0.00108766532082519,1.0,60,substitution_1pct,p_msp,P+MSP,420,86
1.0,0.9922032094334635,0.9699975380751866,0.07987826543171439,0.2449587182323824,0.12439134848407857,1.0,60,substitution_1pct,ck4_p_msp,CK4P-MSP,420,222
1.0,0.9570636230357149,0.9386813112400091,0.2897877792907299,0.3501961865268465,0.3547485342616258,1.0,60,N_3pct,ck4,CK4,420,136
0.04523809523809524,0.9974511160885464,0.996968390486842,0.07131705690505123,0.0778666737752671,-0.0004132334446477394,0.04285714285714286,60,N_3pct,p,P,420,11
0.9642857142857143,0.9987150761266602,0.9974367370612776,0.049565105942256826,0.07159972321509332,0.0014970444707574598,0.9642857142857143,60,N_3pct,msp,MSP,420,75
1.0,0.9772573695621307,0.9680291456179695,0.21121621672895965,0.25286697614238024,0.17815458680539825,1.0,60,N_3pct,ck4_p,CK4+P,420,147
1.0,0.9778893495811876,0.9686929318514566,0.20813587501560413,0.2502281581215521,0.18071938075921176,1.0,60,N_3pct,ck4_msp,CK4+MSP,420,211
0.8976190476190476,0.9980830961076035,0.9974753866971074,0.06169544402492527,0.0710579099621463,0.0007858824688319858,0.8976190476190476,60,N_3pct,p_msp,P+MSP,420,86
1.0,0.9844099384169739,0.9782494602791879,0.17500106979464197,0.20856912352536777,0.12098408445399637,1.0,60,N_3pct,ck4_p_msp,CK4P-MSP,420,222
1.0,0.9719397498360709,0.9622434566084918,0.2353909034316343,0.274796346805781,0.36330645559411334,1.0,60,trim_5bp,ck4,CK4,420,136
0.2357142857142857,0.9999116888839069,0.9998229865948688,0.012843165283146838,0.018815582938423767,-7.218448681701686e-06,0.22857142857142856,60,trim_5bp,p,P,420,11
0.6,0.9980759139312314,0.9961486464014223,0.06013309346097654,0.08776491825785182,0.00026853333325311943,0.6,60,trim_5bp,msp,MSP,420,75
1.0,0.9859257193599889,0.9810947867113057,0.16671890616982693,0.19444894061774481,0.18223295261098332,1.0,60,trim_5bp,ck4_p,CK4+P,420,147
1.0,0.9850078318836512,0.9799994816350436,0.17212343059021362,0.2000025717535592,0.18415784851436434,1.0,60,trim_5bp,ck4_msp,CK4+MSP,420,211
0.6738095238095239,0.9989938014075692,0.9980178322083877,0.04355561026668023,0.06296295128495327,0.00025060732489009055,0.6738095238095239,60,trim_5bp,p_msp,P+MSP,420,86
1.0,0.9899757842170697,0.9866502406839471,0.1407520671676248,0.16339982788000998,0.12315371289790221,1.0,60,trim_5bp,ck4_p_msp,CK4P-MSP,420,222
1.0,0.934284882613545,0.8626025590114015,0.3502196180229852,0.5242071242331356,0.3336520178829335,1.0,60,substitution_1pct_N_3pct,ck4,CK4,420,136
0.023809523809523808,0.9974204231654399,0.9968833930306551,0.07171817504193632,0.0789507056860132,-0.000439736221391847,0.023809523809523808,60,substitution_1pct_N_3pct,p,P,420,11
0.9476190476190476,0.9986071569652759,0.9971172467376304,0.05160537762898948,0.07593093037730493,0.0014121972034160202,0.9476190476190476,60,substitution_1pct_N_3pct,msp,MSP,420,75
1.0,0.9658526528894924,0.9301979279830009,0.2531520598770551,0.3736338187728844,0.16758127488940466,1.0,60,substitution_1pct_N_3pct,ck4_p,CK4+P,420,147
1.0,0.9664460197894104,0.9304051083568987,0.2506261593328714,0.37308085319787954,0.17027117907905814,1.0,60,substitution_1pct_N_3pct,ck4_msp,CK4+MSP,420,211
0.8809523809523809,0.9980137900653578,0.9973010312777247,0.0627772415718682,0.07347041248603053,0.0007287951720317752,0.8809523809523809,60,substitution_1pct_N_3pct,p_msp,P+MSP,420,86
1.0,0.9767708209147536,0.9528698761211113,0.20906402043793637,0.30701703829851784,0.11400996567707009,1.0,60,substitution_1pct_N_3pct,ck4_p_msp,CK4P-MSP,420,222
1.0,0.9028454197956554,0.8715175063240859,0.4378113335455067,0.5069171405188707,0.302968321427753,1.0,60,local_mismatch_6bp,ck4,CK4,420,136
0.04047619047619048,0.9998214769916688,0.9994679316857298,0.017025895796764966,0.03262110229228469,-0.00014801937618560095,0.04047619047619048,60,local_mismatch_6bp,p,P,420,11
0.8047619047619048,0.9988597246228804,0.9972260963117934,0.04398086908413228,0.07448357988937684,0.0009398111057606689,0.8047619047619048,60,local_mismatch_6bp,msp,MSP,420,75
1.0,0.9513334483936621,0.9356735414232394,0.3098728915511182,0.3586821942195791,0.15201344385001034,1.0,60,local_mismatch_6bp,ck4_p,CK4+P,420,147
1.0,0.9508525722092678,0.9348069373741457,0.3114143923469479,0.36109018980807184,0.15445684720871591,1.0,60,local_mismatch_6bp,ck4_msp,CK4+MSP,420,211
0.7976190476190477,0.9993406008072747,0.9983884748801474,0.03345717233343238,0.056771567733952186,0.0005328652397578346,0.7976190476190477,60,local_mismatch_6bp,p_msp,P+MSP,420,86
1.0,0.9671755404700682,0.9565067191616924,0.25450605205522203,0.2949348384212842,0.10331127925555367,1.0,60,local_mismatch_6bp,ck4_p_msp,CK4P-MSP,420,222
1.0,0.9816730703993141,0.9317992065529601,0.12673668268620597,0.36932468554559744,0.3699343862570642,1.0,60,short_indel,ck4,CK4,420,136
0.7214285714285714,0.9999933472712917,0.9999752999596812,0.002373473975364823,0.007028460152825272,2.697728628535361e-05,0.6880952380952381,60,short_indel,p,P,420,11
1.0,0.9998476802270455,0.9994243432088376,0.011303807998810011,0.03393095587061305,0.0018317766054772194,1.0,60,short_indel,msp,MSP,420,75
1.0,0.9908332088353031,0.9658805094551435,0.08963479578004073,0.26122510482920225,0.18556315269189796,1.0,60,short_indel,ck4_p,CK4+P,420,147
1.0,0.9907603753131798,0.9656425769833108,0.09005384204307455,0.26213472259518583,0.18829454191047965,1.0,60,short_indel,ck4_msp,CK4+MSP,420,211
1.0,0.9999205137491687,0.9997053423422771,0.008206669386294819,0.024275799435172482,0.0010657317444025148,1.0,60,short_indel,p_msp,P+MSP,420,86
1.0,0.9938380326325504,0.9770840803102476,0.07354357167866152,0.21408336074113293,0.12589977346744716,1.0,60,short_indel,ck4_p_msp,CK4P-MSP,420,222
1.0,0.9734425633038848,0.9040744754472341,0.15569732969914654,0.43800613557752033,0.3610128254392195,1.0,61,substitution_1pct,ck4,CK4,420,136
0.5928571428571429,0.999983425014777,0.999929414260151,0.003728428709783744,0.0118815164779372,1.4061123133832628e-05,0.569047619047619,61,substitution_1pct,p,P,420,11
1.0,0.9998973874656507,0.9996586879222767,0.009541942986688546,0.02612670635491447,0.0018291629316519312,1.0,61,substitution_1pct,msp,MSP,420,75
1.0,0.986712994159331,0.9519918478518767,0.11013076401574279,0.3098636989277735,0.18110105970036672,1.0,61,substitution_1pct,ck4_p,CK4+P,420,147
1.0,0.9866699753847679,0.9518891682938416,0.11031719802027325,0.31019490814223505,0.18383924247258587,1.0,61,substitution_1pct,ck4_msp,CK4+MSP,420,211
1.0,0.999940406240214,0.9997823290608215,0.007278811614498153,0.020864755041597818,0.0010497691078260054,1.0,61,substitution_1pct,p_msp,P+MSP,420,86
1.0,0.9911077919281043,0.9678958522814015,0.09010303483910558,0.2533925860078081,0.12291824661829683,1.0,61,substitution_1pct,ck4_p_msp,CK4P-MSP,420,222
1.0,0.9581717764643112,0.9412308707084882,0.28625649498214967,0.34283844139176195,0.35336462080346115,1.0,61,N_3pct,ck4,CK4,420,136
0.03571428571428571,0.9975166911330178,0.9970655894833272,0.0703912635925393,0.07660818831396699,-0.00040748480393248596,0.03571428571428571,61,N_3pct,p,P,420,11
0.9785714285714285,0.9987500850500708,0.9975628347387061,0.049013413040054285,0.06981640557605202,0.0014737828137562949,0.9785714285714285,61,N_3pct,msp,MSP,420,75
1.0,0.9778442337986645,0.9693630084364073,0.2086490645180139,0.24753579387718908,0.17744898289271974,1.0,61,N_3pct,ck4_p,CK4+P,420,147
1.0,0.9784609307571911,0.9701718448657279,0.20559396225855903,0.2442462476441374,0.18017000340909403,1.0,61,N_3pct,ck4_msp,CK4+MSP,420,211
0.9071428571428571,0.9981333880915443,0.9975385020868082,0.06090554872288077,0.0701638904061908,0.0007631939899853848,0.9071428571428571,61,N_3pct,p_msp,P+MSP,420,86
1.0,0.9848128508824665,0.9791765598506103,0.17286215054929,0.20407550320024326,0.12060275871259972,1.0,61,N_3pct,ck4_p_msp,CK4P-MSP,420,222
1.0,0.9726249473789056,0.9637417630989344,0.23254169920760312,0.26928882970173623,0.3616102300797108,1.0,61,trim_5bp,ck4,CK4,420,136
0.2619047619047619,0.999913998861584,0.9998193457367431,0.012658157173074095,0.0190081159755404,-7.758249754482477e-06,0.2571428571428571,61,trim_5bp,p,P,420,11
0.7952380952380952,0.9985152286676843,0.997152698061506,0.05296189040897442,0.07546195135799316,0.000619673012978837,0.7952380952380952,61,trim_5bp,msp,MSP,420,75
1.0,0.9862694731202448,0.9818276818719914,0.16469940221599846,0.19064269239834375,0.18136226559097166,1.0,61,trim_5bp,ck4_p,CK4+P,420,147
1.0,0.9855700880232949,0.981002215123158,0.16890153436783473,0.19492439334798975,0.1834601593334968,1.0,61,trim_5bp,ck4_msp,CK4+MSP,420,211
0.8261904761904761,0.999214613764634,0.9985242004357272,0.03858901633652945,0.05432820148247178,0.0004260669099391413,0.8261904761904761,61,trim_5bp,p_msp,P+MSP,420,86
1.0,0.990351391636058,0.9872994879631174,0.13811924803959566,0.15937689913659675,0.12266961805176324,1.0,61,trim_5bp,ck4_p_msp,CK4P-MSP,420,222
1.0,0.9366124403412143,0.8692823253359308,0.3444713333925662,0.5113073983114962,0.33480083147135276,1.0,61,substitution_1pct_N_3pct,ck4,CK4,420,136
0.02857142857142857,0.9974977750585309,0.9969349013268273,0.07063958385547198,0.07829557649641153,-0.0004271066473052875,0.02857142857142857,61,substitution_1pct_N_3pct,p,P,420,11
0.9547619047619048,0.9986050014192693,0.9971654239001693,0.051641665908855265,0.07529377246926597,0.0013957325331975504,0.9547619047619048,61,substitution_1pct_N_3pct,msp,MSP,420,75
1.0,0.9670551076998726,0.9334337798901168,0.24899278869101582,0.36487294405259696,0.1681194109252961,1.0,61,substitution_1pct_N_3pct,ck4_p,CK4+P,420,147
1.0,0.9676087208802417,0.9330794970036329,0.24656818107661463,0.36584281231153576,0.1706780892479798,1.0,61,substitution_1pct_N_3pct,ck4_msp,CK4+MSP,420,211
0.8952380952380953,0.9980513882388999,0.9972643345365685,0.062185772298566956,0.07396843926891264,0.0007108785046589064,0.8952380952380953,61,substitution_1pct_N_3pct,p_msp,P+MSP,420,86
1.0,0.9775717389396714,0.9543760802069922,0.20567847556134508,0.3020725733666678,0.11424753750163208,1.0,61,substitution_1pct_N_3pct,ck4_p_msp,CK4P-MSP,420,222
1.0,0.9044785231935366,0.8707849337091137,0.434045828569896,0.5083602362949574,0.3006274323937794,1.0,61,local_mismatch_6bp,ck4,CK4,420,136
0.10714285714285714,0.9998416249608827,0.9995460663797651,0.015606420928227803,0.03013082961091693,-0.00012742100035545355,0.10476190476190476,61,local_mismatch_6bp,p,P,420,11
0.8523809523809524,0.9990108184250803,0.9974657990161963,0.04041994038580481,0.07119259426368248,0.0009852784173728472,0.8523809523809524,61,local_mismatch_6bp,msp,MSP,420,75
1.0,0.9521600740772098,0.935315572236273,0.30718037695122125,0.35967882231154547,0.15079305730943376,1.0,61,local_mismatch_6bp,ck4_p,CK4+P,420,147
1.0,0.9517446708093084,0.9351545878097802,0.3085376614394216,0.36012611301836706,0.15303751593767317,1.0,61,local_mismatch_6bp,ck4_msp,CK4+MSP,420,211
0.8333333333333334,0.9994262216929816,0.9984906560493481,0.030772581804909473,0.05494258014130026,0.0005577622447902241,0.8333333333333334,61,local_mismatch_6bp,p_msp,P+MSP,420,86
1.0,0.9677769888598333,0.9567441871517833,0.2521329877598939,0.29412857334203213,0.10233044032374881,1.0,61,local_mismatch_6bp,ck4_p_msp,CK4P-MSP,420,222
1.0,0.9844351647222511,0.9368940121865021,0.10993193739717796,0.3552632483483133,0.36975573054225414,1.0,61,short_indel,ck4,CK4,420,136
0.7690476190476191,0.9999942220194339,0.9999785536442821,0.002106096822021902,0.00654884452199683,2.4191536930003496e-05,0.7261904761904762,61,short_indel,p,P,420,11
0.9976190476190476,0.9998696210960513,0.999450379700092,0.009862857194151968,0.03315477110891738,0.0018210501785458411,0.9976190476190476,61,short_indel,msp,MSP,420,75
1.0,0.9922146933708424,0.9684320841825658,0.07774998387934899,0.2512684453555987,0.18548043899291855,1.0,61,short_indel,ck4_p,CK4+P,420,147
1.0,0.9921523929091511,0.9682545123533214,0.07811888515827044,0.2519741552696726,0.18818148861738523,1.0,61,short_indel,ck4_msp,CK4+MSP,420,211
0.9976190476190476,0.9999319215577427,0.9997181145173989,0.007160821958189713,0.02374378496394284,0.0010583062484726853,0.9976190476190476,61,short_indel,p_msp,P+MSP,420,86
1.0,0.9947663359459121,0.9788256027646028,0.06379705375636438,0.20578822720686893,0.12583532188887048,1.0,61,short_indel,ck4_p_msp,CK4P-MSP,420,222
1.0,0.9745219440232371,0.9090284285865239,0.15115123579861395,0.42654746237477736,0.3605360818327972,1.0,62,substitution_1pct,ck4,CK4,420,136
0.611904761904762,0.9999846299976584,0.9999393170023402,0.003565514123201633,0.011016605213995962,1.3775720609658714e-05,0.5833333333333334,62,substitution_1pct,p,P,420,11
1.0,0.9998993989874259,0.9996065088548475,0.009337172623510595,0.02805261492712724,0.0018329632177745221,1.0,62,substitution_1pct,msp,MSP,420,75
1.0,0.9872532870104478,0.9545062945608701,0.1069141448122223,0.30164085378266087,0.18089609750454264,1.0,62,substitution_1pct,ck4_p,CK4+P,420,147
1.0,0.9872106715053316,0.9544423341071119,0.10709695131868359,0.3018527975202337,0.18362152437445955,1.0,62,substitution_1pct,ck4_msp,CK4+MSP,420,211
1.0,0.9999420144925422,0.9997841483776755,0.007109904278704218,0.020777356497130625,0.0010600236624460095,1.0,62,substitution_1pct,p_msp,P+MSP,420,86
1.0,0.9914686576694404,0.9696229429164799,0.0874720522316698,0.24648319356158346,0.12280830825719535,1.0,62,substitution_1pct,ck4_p_msp,CK4P-MSP,420,222
1.0,0.9587578158074845,0.9419765572241433,0.2843537419368295,0.340655746436337,0.3518687746421791,1.0,62,N_3pct,ck4,CK4,420,136
0.04523809523809524,0.9976035492752704,0.9971676528555697,0.06915147079149771,0.07526412297888847,-0.00038304727685170277,0.04523809523809524,62,N_3pct,p,P,420,11
0.9642857142857143,0.9987788545185831,0.9972956426575025,0.04822219557399897,0.07354347089059311,0.0014935829620003806,0.9642857142857143,62,N_3pct,msp,MSP,420,75
1.0,0.9781806825413776,0.9696912665929708,0.20708428456359013,0.24620588616542485,0.17664673026394992,1.0,62,N_3pct,ck4_p,CK4+P,420,147
1.0,0.9787683351630339,0.9703338581554297,0.20418154339594727,0.24358202335238138,0.17933665912264823,1.0,62,N_3pct,ck4_msp,CK4+MSP,420,211
0.9071428571428571,0.9981912018969267,0.9974251700852731,0.05990641735120533,0.07176110286472169,0.00078829721669388,0.9071428571428571,62,N_3pct,p_msp,P+MSP,420,86
1.0,0.9850467398671128,0.9794621464716332,0.17154296082085627,0.20267133888120825,0.12002693049609989,1.0,62,N_3pct,ck4_p_msp,CK4P-MSP,420,222
1.0,0.9732060400938591,0.9647011362927354,0.23002953269637155,0.2657020572977812,0.36011356695283747,1.0,62,trim_5bp,ck4,CK4,420,136
0.28095238095238095,0.9999163395353099,0.9998069822910732,0.01247315416812813,0.019647742325186523,-5.739009149315804e-06,0.26904761904761904,62,trim_5bp,p,P,420,11
0.7452380952380953,0.9984847494807514,0.997047387507498,0.05345598520368501,0.07684519180931697,0.0005685835047771185,0.7452380952380953,62,trim_5bp,msp,MSP,420,75
1.0,0.9865611898145845,0.9821667188137766,0.16291728176502984,0.18885591342610397,0.1806412161954497,1.0,62,trim_5bp,ck4_p,CK4+P,420,147
1.0,0.9858453947873053,0.98150699307095,0.16725829641603351,0.19231740639276382,0.1827607545309347,1.0,62,trim_5bp,ck4_msp,CK4+MSP,420,211
0.7904761904761904,0.9992005445080306,0.9984545922230997,0.03889369837777085,0.055595037836761146,0.00040538281753478344,0.7904761904761904,62,trim_5bp,p_msp,P+MSP,420,86
1.0,0.990535709703307,0.9876539592424054,0.13677274707688605,0.1571370050933014,0.12222367214195966,1.0,62,trim_5bp,ck4_p_msp,CK4P-MSP,420,222
1.0,0.9351372839233556,0.8718571707091327,0.34880753168769635,0.5062464391404263,0.33100146618741944,1.0,62,substitution_1pct_N_3pct,ck4,CK4,420,136
0.023809523809523808,0.9975531184204898,0.9970223220684047,0.06983897365459822,0.07717095126551875,-0.0004318183821769012,0.023809523809523808,62,substitution_1pct_N_3pct,p,P,420,11
0.9595238095238096,0.9986982732296326,0.9973381742261523,0.04991761870020529,0.07296335753954482,0.0014293535611038797,0.9595238095238096,62,substitution_1pct_N_3pct,msp,MSP,420,75
1.0,0.9663452011719228,0.9347383565660905,0.25187131930092266,0.36127977376917564,0.16623101891140907,1.0,62,substitution_1pct_N_3pct,ck4_p,CK4+P,420,147
1.0,0.9669177785764941,0.9351762114292297,0.24941530942329462,0.3600660555079747,0.16885239713722025,1.0,62,substitution_1pct_N_3pct,ck4_msp,CK4+MSP,420,211
0.8904761904761904,0.9981256958250613,0.9974189453644681,0.0609861565406347,0.0718477967431161,0.0007402723554646085,0.8904761904761904,62,substitution_1pct_N_3pct,p_msp,P+MSP,420,86
1.0,0.9771295585244927,0.9559906550938359,0.20785593111249454,0.2966793649469611,0.11304467224482521,1.0,62,substitution_1pct_N_3pct,ck4_p_msp,CK4P-MSP,420,222
1.0,0.9071021269250308,0.8744428964769901,0.42784865945758244,0.5011128153208619,0.30204599510410735,1.0,62,local_mismatch_6bp,ck4,CK4,420,136
0.10476190476190476,0.9998438951756625,0.9995191464393339,0.015627402236933235,0.031011401501442805,-0.00012425973637705573,0.10238095238095238,62,local_mismatch_6bp,p,P,420,11
0.8404761904761905,0.9989881310541875,0.9972818405692878,0.04078517038383269,0.07373138567086,0.0009907626727763364,0.8404761904761905,62,local_mismatch_6bp,msp,MSP,420,75
1.0,0.9534730110503465,0.9370956499211561,0.3027957668976081,0.35469514630633725,0.15155450680993235,1.0,62,local_mismatch_6bp,ck4_p,CK4+P,420,147
1.0,0.9530451289896091,0.9363471708659938,0.3041952773914253,0.35679917462828076,0.15397524363849313,1.0,62,local_mismatch_6bp,ck4_msp,CK4+MSP,420,211
0.8428571428571429,0.9994160131149251,0.9984101018070554,0.031005647190363958,0.05638967288260527,0.0005691594030844793,0.8428571428571429,62,local_mismatch_6bp,p_msp,P+MSP,420,86
1.0,0.9686447177182936,0.95752353746744,0.2485854971566572,0.291466817969536,0.10299230113347885,1.0,62,local_mismatch_6bp,ck4_p_msp,CK4P-MSP,420,222
1.0,0.9811918447022092,0.9237374062877274,0.12763609183991392,0.3905446473401609,0.3653975732388244,1.0,62,short_indel,ck4,CK4,420,136
0.7666666666666667,0.9999934449153284,0.9999744489965895,0.0023115798650488305,0.0071484133600412695,2.3274257698140453e-05,0.7238095238095238,62,short_indel,p,P,420,11
1.0,0.9998863618023293,0.9995914819253764,0.009755544463758687,0.02858383785436956,0.0018152632944216734,1.0,62,short_indel,msp,MSP,420,75
1.0,0.9905926448087689,0.9618647826589216,0.09026943443224208,0.2761709622193591,0.18331944352587373,1.0,62,short_indel,ck4_p,CK4+P,420,147
1.0,0.9905391032522692,0.9617431970492581,0.09056555749694199,0.2766108989336006,0.18606687861529186,1.0,62,short_indel,ck4_msp,CK4+MSP,420,211
1.0,0.9999399033588288,0.9997897772324839,0.007124787092571592,0.020504764426150304,0.0010504795745994756,1.0,62,short_indel,p_msp,P+MSP,420,86
1.0,0.993690550473289,0.9744928510428766,0.07396034647809022,0.2258634239214319,0.12443390961778895,1.0,62,short_indel,ck4_p_msp,CK4P-MSP,420,222
1.0,0.9756854152974838,0.9107052515409321,0.14505995378309877,0.4225984355009192,0.35868508246354947,1.0,63,substitution_1pct,ck4,CK4,420,136
0.6404761904761904,0.999986255381258,0.9999528945741226,0.00333834394537119,0.009705775948822697,1.6531846435279328e-05,0.6166666666666667,63,substitution_1pct,p,P,420,11
1.0,0.9999108902717215,0.999663631247388,0.008654938509146917,0.0259371770332412,0.0017912627306365678,1.0,63,substitution_1pct,msp,MSP,420,75
1.0,0.9878358353393709,0.95534522887156,0.10261226553690073,0.2988469722453286,0.1799242621240053,1.0,63,substitution_1pct,ck4_p,CK4+P,420,147
1.0,0.9877981527846025,0.9551665802766369,0.10278732204750123,0.2994441721350206,0.1826004738982592,1.0,63,substitution_1pct,ck4_msp,CK4+MSP,420,211
1.0,0.9999485728264896,0.999818587326636,0.006582961573867966,0.01904797486951853,0.0010306493935386917,1.0,63,substitution_1pct,p_msp,P+MSP,420,86
1.0,0.9918608536501545,0.9701061222518206,0.08395152498503032,0.24451531130517434,0.12211016200103593,1.0,63,substitution_1pct,ck4_p_msp,CK4P-MSP,420,222
1.0,0.9605741222100354,0.9441477176415678,0.27793959434596743,0.33422228267696813,0.35218344205868535,1.0,63,N_3pct,ck4,CK4,420,136
0.0380952380952381,0.9976540423513811,0.9971610748029441,0.0684181688066773,0.0753515085358278,-0.0003899736418143401,0.0380952380952381,63,N_3pct,p,P,420,11
0.9642857142857143,0.9988022521518766,0.9975438026066106,0.04780990171658586,0.07008843140449253,0.0014057300738780196,0.9642857142857143,63,N_3pct,msp,MSP,420,75
1.0,0.9791140822807083,0.9708137687300363,0.20257543088033406,0.24160392923271004,0.1768150886917931,1.0,63,N_3pct,ck4_p,CK4+P,420,147
1.0,0.979688187180956,0.9713817203212733,0.19965387677269184,0.23924162742990748,0.17935869109085464,1.0,63,N_3pct,ck4_msp,CK4+MSP,420,211
0.9047619047619048,0.998228147251629,0.9974712282189229,0.05930150343013345,0.0711163217704321,0.0007353059041516547,0.9047619047619048,63,N_3pct,p_msp,P+MSP,420,86
1.0,0.9856768055710976,0.9801409255348443,0.16786349814410995,0.19929412604852473,0.12004810492997076,1.0,63,N_3pct,ck4_p_msp,CK4P-MSP,420,222
1.0,0.9740053881183098,0.9660559162201918,0.22664780978273172,0.2605535790573935,0.3591736470714126,1.0,63,trim_5bp,ck4,CK4,420,136
0.2523809523809524,0.999919273997858,0.9998430637980885,0.012310232569361349,0.017716335204745307,-3.265435686042978e-06,0.24285714285714285,63,trim_5bp,p,P,420,11
0.7523809523809524,0.9985321303040207,0.9971639597919773,0.052683088165002105,0.07531321056152558,0.0005947685686419793,0.7523809523809524,63,trim_5bp,msp,MSP,420,75
1.0,0.9869623310580838,0.9830055422501708,0.16052170474078528,0.184360829521675,0.18018437433378368,1.0,63,trim_5bp,ck4_p,CK4+P,420,147
1.0,0.9862687592111651,0.9823710604532745,0.1647996484900833,0.18777074179605976,0.18228712223028232,1.0,63,trim_5bp,ck4_msp,CK4+MSP,420,211
0.7952380952380952,0.9992257021509393,0.9985361859116598,0.038324635058939335,0.05410756113818798,0.00041988790497533856,0.7952380952380952,63,trim_5bp,p_msp,P+MSP,420,86
1.0,0.9908189308067294,0.9882233471352788,0.1347617196655582,0.1534708144969752,0.12190998344353533,1.0,63,trim_5bp,ck4_p_msp,CK4P-MSP,420,222
1.0,0.935947411795503,0.8719633841375558,0.3458890819864288,0.5060360148114238,0.3283944109815434,1.0,63,substitution_1pct_N_3pct,ck4,CK4,420,136
0.0380952380952381,0.9976214071342864,0.9970583018497698,0.06885498690469381,0.07670329834181891,-0.000419607968932408,0.03571428571428571,63,substitution_1pct_N_3pct,p,P,420,11
0.9595238095238096,0.9987324328165657,0.9974619605407176,0.049197458924865,0.07124659775180502,0.001355488674260627,0.9595238095238096,63,substitution_1pct_N_3pct,msp,MSP,420,75
1.0,0.9667844094648946,0.9346494685160324,0.249711527844556,0.3615254711449465,0.164955720026837,1.0,63,substitution_1pct_N_3pct,ck4_p,CK4+P,420,147
1.0,0.9673399223060343,0.935162731960935,0.2472874297578389,0.3601030500275981,0.16750750957492225,1.0,63,substitution_1pct_N_3pct,ck4_msp,CK4+MSP,420,211
0.888095238095238,0.9981769199754261,0.9974733894737943,0.06013680678681175,0.07108600361152792,0.0006909710940109671,0.888095238095238,63,substitution_1pct_N_3pct,p_msp,P+MSP,420,86
1.0,0.9774337505821185,0.9558870056054597,0.2060423388324897,0.2970282237645707,0.11216260476997487,1.0,63,substitution_1pct_N_3pct,ck4_p_msp,CK4P-MSP,420,222
1.0,0.90979493159731,0.8771450247156365,0.42179631283449975,0.49569138641772587,0.3011546860836958,1.0,63,local_mismatch_6bp,ck4,CK4,420,136
0.07142857142857142,0.99985617684978,0.9995767981086202,0.015263592708211864,0.029092996226635973,-0.00011677240969069821,0.07142857142857142,63,local_mismatch_6bp,p,P,420,11
0.8833333333333333,0.9990907700540921,0.997677111725494,0.03931274667529967,0.06815991750947412,0.0010093671240513106,0.8833333333333333,63,local_mismatch_6bp,msp,MSP,420,75
1.0,0.9548255542235449,0.9385650031400552,0.2985021004553088,0.35052816381978613,0.15110923488317904,1.0,63,local_mismatch_6bp,ck4_p,CK4+P,420,147
1.0,0.954442850825701,0.9381934698307675,0.2997895460751396,0.3515864757955302,0.15340552922336387,1.0,63,local_mismatch_6bp,ck4_msp,CK4+MSP,420,211
0.8666666666666667,0.9994734734519359,0.9986604115527697,0.02991138840285468,0.051760765458603725,0.0005688085447102529,0.8666666666666667,63,local_mismatch_6bp,p_msp,P+MSP,420,86
1.0,0.9695806261670606,0.9586791618014382,0.24497712196035165,0.287474652943663,0.10261791938589049,1.0,63,local_mismatch_6bp,ck4_p_msp,CK4P-MSP,420,222
1.0,0.9845626386514834,0.9411574539233482,0.11326535482441752,0.343050962973232,0.3655348962093519,1.0,63,short_indel,ck4,CK4,420,136
0.75,0.9999941527314732,0.9999770482297383,0.002173969169179356,0.006775205970114357,2.2409920922644446e-05,0.7214285714285714,63,short_indel,p,P,420,11
1.0,0.9998853946222311,0.9995704301858073,0.009853800916388518,0.029311083246108767,0.0017779226332567933,1.0,63,short_indel,msp,MSP,420,75
1.0,0.9922783956914781,0.9705787269616739,0.08010803960529629,0.24257366221094762,0.18339922943268658,1.0,63,short_indel,ck4_p,CK4+P,420,147
1.0,0.9922240166368572,0.9705139790260259,0.08045003273042359,0.24284061799068582,0.18607407044260862,1.0,63,short_indel,ck4_msp,CK4+MSP,420,211
1.0,0.9999397736768523,0.9997813542977013,0.007154819332665596,0.020911513472501475,0.0010277848136617449,1.0,63,short_indel,p_msp,P+MSP,420,86
1.0,0.9948140620017293,0.9803426526840177,0.0657012308558372,0.19827853429977102,0.12444702650715515,1.0,63,short_indel,ck4_p_msp,CK4P-MSP,420,222
1.0,0.9747046565419285,0.9100571042707063,0.15448279572039628,0.4241290732167187,0.35502197301693234,1.0,64,substitution_1pct,ck4,CK4,420,136
0.5976190476190476,0.9999844864159603,0.999939944383092,0.0036361556158897167,0.010959489582848111,1.4953811584006966e-05,0.5666666666666667,64,substitution_1pct,p,P,420,11
1.0,0.9999056854180719,0.9996876337596351,0.009242146194783668,0.024994642106089128,0.0018018920746673782,1.0,64,substitution_1pct,msp,MSP,420,75
1.0,0.9873445714789444,0.9550165313697182,0.10927065554302022,0.2999445961045969,0.17811242724631537,1.0,64,substitution_1pct,ck4_p,CK4+P,420,147
1.0,0.9873051709800004,0.9549196173713338,0.10944805234590166,0.3002675050913557,0.18078522462399624,1.0,64,substitution_1pct,ck4_msp,CK4+MSP,420,211
1.0,0.999945085917016,0.9998096088749568,0.007061653093648646,0.019513630709885106,0.001030209892282841,1.0,64,substitution_1pct,p_msp,P+MSP,420,86
1.0,0.9915316094586536,0.9699383977371329,0.0893923224657856,0.24520005244814808,0.12091032402440158,1.0,64,substitution_1pct,ck4_p_msp,CK4P-MSP,420,222
1.0,0.9607233484735254,0.9436148708801342,0.2775211255169465,0.33581283189115485,0.3486333354814617,1.0,64,N_3pct,ck4,CK4,420,136
0.03571428571428571,0.9977251632421065,0.9972781533804749,0.06737207734438866,0.07378133083936993,-0.00037245531952329947,0.03571428571428571,64,N_3pct,p,P,420,11
0.9642857142857143,0.9988434559426427,0.9976475926130302,0.0469639089548797,0.06859045633785765,0.0014548555937203532,0.9642857142857143,64,N_3pct,msp,MSP,420,75
1.0,0.9792242558578159,0.9707764318839135,0.20209755672297094,0.24175839103014166,0.17508650213642327,1.0,64,N_3pct,ck4_p,CK4+P,420,147
1.0,0.9797834022080839,0.971466503154481,0.19927290461851782,0.23888697805284442,0.17772352891712717,1.0,64,N_3pct,ck4_msp,CK4+MSP,420,211
0.919047619047619,0.9982843095923748,0.9976843659803711,0.05834843059597859,0.06805341791514001,0.0007683010168234491,0.919047619047619,64,N_3pct,p_msp,P+MSP,420,86
1.0,0.9857639892194248,0.9802903330655516,0.16740869899363922,0.198542966487689,0.11897981082058157,1.0,64,N_3pct,ck4_p_msp,CK4P-MSP,420,222
1.0,0.9746918743290349,0.9669865619770558,0.22369892839471317,0.25695695312864886,0.35856743986022593,1.0,64,trim_5bp,ck4,CK4,420,136
0.26666666666666666,0.9999187365057762,0.9998258782218777,0.012334057351944518,0.018661284806514876,-6.2495930838256715e-06,0.25952380952380955,64,trim_5bp,p,P,420,11
0.7428571428571429,0.9985232431714061,0.9971343826222453,0.052845560181498455,0.07570491011660202,0.0005765311979266562,0.7428571428571429,64,trim_5bp,msp,MSP,420,75
1.0,0.9873053054174057,0.9834422494402952,0.15844148114104123,0.18197664941207797,0.17985610866692867,1.0,64,trim_5bp,ck4_p,CK4+P,420,147
1.0,0.9866075587502204,0.9827327774065583,0.16281431380627592,0.1858342713793927,0.1819690865641005,1.0,64,trim_5bp,ck4_msp,CK4+MSP,420,211
0.7976190476190477,0.9992209898385911,0.9985156661815764,0.03844491325836344,0.054485417754450885,0.00040813643266468313,0.7976190476190477,64,trim_5bp,p_msp,P+MSP,420,86
1.0,0.9910446180020723,0.9884440346051578,0.13314427667683706,0.15202574683297987,0.12167132627755986,1.0,64,trim_5bp,ck4_p_msp,CK4P-MSP,420,222
1.0,0.9373259118704776,0.8705311050304922,0.34241546510518334,0.5088576773425917,0.32559363567787986,1.0,64,substitution_1pct_N_3pct,ck4,CK4,420,136
0.03333333333333333,0.997697219579132,0.9972349011282238,0.06776877133551748,0.07436529747915904,-0.0003993036284072012,0.03333333333333333,64,substitution_1pct_N_3pct,p,P,420,11
0.9642857142857143,0.9987481939557418,0.9974727298766835,0.048786226512116705,0.07109518765906332,0.0013345349588128692,0.9642857142857143,64,substitution_1pct_N_3pct,msp,MSP,420,75
1.0,0.9675115657248047,0.9339207820525244,0.24714198584195776,0.3635352948098004,0.1635306129894135,1.0,64,substitution_1pct_N_3pct,ck4_p,CK4+P,420,147
1.0,0.9680370529131097,0.9348428533272432,0.24483724473310534,0.3609895241382253,0.1659427362775972,1.0,64,substitution_1pct_N_3pct,ck4_msp,CK4+MSP,420,211
0.9023809523809524,0.9982227067674371,0.997544717340888,0.05936723159036047,0.07007526223251159,0.0006869980287271229,0.9023809523809524,64,substitution_1pct_N_3pct,p_msp,P+MSP,420,86
1.0,0.9779237751351172,0.9556653885763476,0.20394984588594803,0.29777316252786784,0.1110963318276661,1.0,64,substitution_1pct_N_3pct,ck4_p_msp,CK4P-MSP,420,222
1.0,0.9117704432814874,0.8823529411764706,0.41737924132764515,0.48507125007266594,0.301575084717071,1.0,64,local_mismatch_6bp,ck4,CK4,420,136
0.06666666666666667,0.9998549672031553,0.9995896943709384,0.015384734354041946,0.02864631118534968,-0.00011687872899382498,0.06666666666666667,64,local_mismatch_6bp,p,P,420,11
0.8738095238095238,0.9990906480213912,0.9976707799211149,0.03942179016381517,0.06825066636565383,0.0010259821121141731,0.8738095238095238,64,local_mismatch_6bp,msp,MSP,420,75
1.0,0.9558127052423212,0.9411121436645392,0.295383628670346,0.3431846543021459,0.15130034437983955,1.0,64,local_mismatch_6bp,ck4_p,CK4+P,420,147
1.0,0.9554305456514393,0.940560909050809,0.29668899934386567,0.34478715390742964,0.1536735787663616,1.0,64,local_mismatch_6bp,ck4_msp,CK4+MSP,420,211
0.8714285714285714,0.9994728076122732,0.9986085107416877,0.03001256662127084,0.052753436918992334,0.0005851957754323469,0.8714285714285714,64,local_mismatch_6bp,p_msp,P+MSP,420,86
1.0,0.9702386861686779,0.9603550476794727,0.242449331143869,0.281584629555151,0.1027738226472691,1.0,64,local_mismatch_6bp,ck4_p_msp,CK4P-MSP,420,222
1.0,0.982184389556511,0.9396376076166552,0.1264476387037382,0.3474546665627847,0.3616378272825905,1.0,64,short_indel,ck4,CK4,420,136
0.7333333333333333,0.9999933930350531,0.9999759583305574,0.002382279465444855,0.0069341808104446834,2.0553684539743545e-05,0.7047619047619048,64,short_indel,p,P,420,11
1.0,0.9998836048900553,0.9996255374376845,0.010214616914601194,0.027366418940735802,0.0017771187887645518,1.0,64,short_indel,msp,MSP,420,75
1.0,0.991088891295782,0.9698117401045331,0.08943061318362232,0.2457162979725207,0.18143199325065035,1.0,64,short_indel,ck4_p,CK4+P,420,147
1.0,0.9910339972232831,0.9696188922767376,0.08975439146187483,0.2464999224530154,0.18408504930982886,1.0,64,short_indel,ck4_msp,CK4+MSP,420,211
1.0,0.9999384989625542,0.9997986225616496,0.007441650872847693,0.020068685560907712,0.0010240829532905172,1.0,64,short_indel,p_msp,P+MSP,420,86
1.0,0.9940204624938731,0.9797412190486294,0.07329925824804477,0.2012897393449287,0.12311649480247962,1.0,64,short_indel,ck4_p_msp,CK4P-MSP,420,222
1.0,0.9787650085780486,0.923584221349362,0.13411490082220076,0.3909360824766479,0.35749908068596004,1.0,65,substitution_1pct,ck4,CK4,420,136
0.6476190476190476,0.999986654314866,0.9999469997650221,0.003243151071397033,0.010295646209872396,1.4241637802339007e-05,0.6428571428571429,65,substitution_1pct,p,P,420,11
1.0,0.9999119343088773,0.9996522931995723,0.008512419879405467,0.02637069584652553,0.0017477935450223446,1.0,65,substitution_1pct,msp,MSP,420,75
1.0,0.9893758314464574,0.961722214234771,0.09487413974693461,0.27668630878453004,0.17933745693571795,1.0,65,substitution_1pct,ck4_p,CK4+P,420,147
1.0,0.9893384714434629,0.9615919362120149,0.09505974090349162,0.2771568242166052,0.1819646899888486,1.0,65,substitution_1pct,ck4_msp,CK4+MSP,420,211
1.0,0.9999492943118717,0.9997991807246753,0.006468670664873237,0.020040901489501523,0.0010122779893966642,1.0,65,substitution_1pct,p_msp,P+MSP,420,86
1.0,0.9928878657339307,0.9743495945819037,0.07764304745870908,0.22649655734205673,0.12168754750707343,1.0,65,substitution_1pct,ck4_p_msp,CK4P-MSP,420,222
1.0,0.9620242651605617,0.9428605586909922,0.2725652615098747,0.33805145615774707,0.34876603535748907,1.0,65,N_3pct,ck4,CK4,420,136
0.02619047619047619,0.9977763674572346,0.9973426878593594,0.06661025033136314,0.07290146965402593,-0.00037063408876560923,0.02619047619047619,65,N_3pct,p,P,420,11
0.9571428571428572,0.9988994700932606,0.997865454243203,0.04596022695266693,0.06533586422744986,0.0014264619781313873,0.9571428571428572,65,N_3pct,msp,MSP,420,75
1.0,0.9799003163088983,0.9703575087922113,0.1985753474144084,0.24348496158124266,0.1751080444431036,1.0,65,N_3pct,ck4_p,CK4+P,420,147
1.0,0.9804618676269112,0.9708919970102864,0.1956670041587269,0.2412796933014716,0.17759108471874624,1.0,65,N_3pct,ck4_msp,CK4+MSP,420,211
0.919047619047619,0.9983379187752478,0.9977711514135341,0.05746214122352427,0.06676595206253245,0.0007516534337478469,0.919047619047619,65,N_3pct,p_msp,P+MSP,420,86
1.0,0.9862333675703523,0.9798809568397027,0.16445266705209693,0.2005941662829608,0.11886137855986638,1.0,65,N_3pct,ck4_p_msp,CK4P-MSP,420,222
1.0,0.9753989981160248,0.9682236432474084,0.2205283759400664,0.2520963450161052,0.3588129903408842,1.0,65,trim_5bp,ck4,CK4,420,136
0.28809523809523807,0.9999204331691534,0.9998348617475085,0.012235158052067532,0.01817350943788166,-4.771246098156907e-06,0.2833333333333333,65,trim_5bp,p,P,420,11
0.8238095238095238,0.9988593032003455,0.9977994738657601,0.04630369584022912,0.06634034903240255,0.0008376420413787201,0.8238095238095238,65,trim_5bp,msp,MSP,420,75
1.0,0.9876597156425891,0.9840585394935629,0.15619770997957214,0.17855774554951082,0.1799800054460883,1.0,65,trim_5bp,ck4_p,CK4+P,420,147
1.0,0.9871291506581852,0.9833285615354522,0.15957936427607333,0.1826003190078208,0.1821956070062379,1.0,65,trim_5bp,ck4_msp,CK4+MSP,420,211
0.861904761904762,0.9993898681847495,0.9988662066018786,0.03393656048445681,0.04761894951366581,0.000533704512362625,0.861904761904762,65,trim_5bp,p_msp,P+MSP,420,86
1.0,0.9913929114951746,0.9888711530274695,0.1305028395264924,0.14919012428663442,0.12183986716419466,1.0,65,trim_5bp,ck4_p_msp,CK4P-MSP,420,222
1.0,0.9414508336085363,0.8872965044615088,0.33191227138562757,0.47477028646298,0.3312484025588973,1.0,65,substitution_1pct_N_3pct,ck4,CK4,420,136
0.04285714285714286,0.997762695199914,0.9971961862079278,0.06678941364356429,0.07488408836404517,-0.00038749692144913355,0.04285714285714286,65,substitution_1pct_N_3pct,p,P,420,11
0.9571428571428572,0.9988057074907634,0.9977481836255774,0.04788451601949594,0.0671090767686131,0.001351881642270914,0.9571428571428572,65,substitution_1pct_N_3pct,msp,MSP,420,75
1.0,0.9696067644042253,0.9424991913633332,0.2397051812683733,0.3391186090556443,0.16634391259380255,1.0,65,substitution_1pct_N_3pct,ck4_p,CK4+P,420,147
1.0,0.9701282705496499,0.9429789904835576,0.23737569161512206,0.33770101703011307,0.16875060047777735,1.0,65,substitution_1pct_N_3pct,ck4_msp,CK4+MSP,420,211
0.8952380952380953,0.9982842013453388,0.9976372683923365,0.058368034762794625,0.06874199477091177,0.0007100758027599408,0.8952380952380953,65,substitution_1pct_N_3pct,p_msp,P+MSP,420,86
1.0,0.9793397454330713,0.9612719174531624,0.19784762566308262,0.2783092398091991,0.11298003802912897,1.0,65,substitution_1pct_N_3pct,ck4_p_msp,CK4P-MSP,420,222
1.0,0.913228296721048,0.881263025921224,0.4138849408100115,0.4873129870396418,0.29919665921034533,1.0,65,local_mismatch_6bp,ck4,CK4,420,136
0.09285714285714286,0.9998577916410042,0.9995761938642082,0.014939761772539702,0.029113772364094938,-0.0001103661902904869,0.0880952380952381,65,local_mismatch_6bp,p,P,420,11
0.8714285714285714,0.9990707444458544,0.9974879771206627,0.03893142966981758,0.07088050031144179,0.000985095135982151,0.8714285714285714,65,local_mismatch_6bp,msp,MSP,420,75
1.0,0.9565430441810261,0.9406006816604194,0.2929073433158647,0.34467177909023466,0.15017404084247601,1.0,65,local_mismatch_6bp,ck4_p,CK4+P,420,147
1.0,0.9561495205834513,0.9402392385514422,0.29425219608911957,0.34571884224973753,0.15249698057829653,1.0,65,local_mismatch_6bp,ck4_msp,CK4+MSP,420,211
0.861904761904762,0.9994642680434292,0.9985499069323506,0.029582746168273825,0.0538533190045734,0.0005528718258557959,0.861904761904762,65,local_mismatch_6bp,p_msp,P+MSP,420,86
1.0,0.9707189442693023,0.9601406080212568,0.24045519066022966,0.2823451466986353,0.10203143739375685,1.0,65,local_mismatch_6bp,ck4_p_msp,CK4P-MSP,420,222
1.0,0.983638093180189,0.932602767904591,0.11957052734073116,0.3671435128035976,0.36099061596778065,1.0,65,short_indel,ck4,CK4,420,136
0.7761904761904762,0.9999941657753993,0.9999794809612276,0.002226379253522982,0.0064060784342267075,2.117132847172494e-05,0.7595238095238095,65,short_indel,p,P,420,11
1.0,0.9998782093532392,0.9995444600951571,0.010218440221529795,0.030184098509717865,0.0017099622083007495,1.0,65,short_indel,msp,MSP,420,75
1.0,0.9918161294777942,0.9662895328167369,0.08456645173737438,0.25965531729031444,0.1810599771355872,1.0,65,short_indel,ck4_p,CK4+P,420,147
1.0,0.9917581512667141,0.9662822977351709,0.08492947718121592,0.2596831455151492,0.18365376396171823,1.0,65,short_indel,ck4_msp,CK4+MSP,420,211
1.0,0.9999361875643193,0.9997647728151676,0.007432256697042352,0.021689954707027857,0.0009830898449995362,1.0,65,short_indel,p_msp,P+MSP,420,86
1.0,0.9945034894362759,0.9775136310664082,0.06935866538585793,0.2120676631874682,0.12281011827129798,1.0,65,short_indel,ck4_p_msp,CK4P-MSP,420,222
1.0,0.9748333472599597,0.9085841408114786,0.15149046305678437,0.4275882550234423,0.35162399349580054,1.0,66,substitution_1pct,ck4,CK4,420,136
0.6166666666666667,0.9999845935021491,0.9999398869976567,0.003524254455711739,0.010964761535747124,9.672868261540695e-06,0.6071428571428571,66,substitution_1pct,p,P,420,11
1.0,0.9999056314731916,0.9996350761609937,0.009107263589821,0.027015664298337478,0.001725949809526406,1.0,66,substitution_1pct,msp,MSP,420,75
1.0,0.9874089703810545,0.9542538708617405,0.10717133240154998,0.3024768691328361,0.17637354227941845,1.0,66,substitution_1pct,ck4_p,CK4+P,420,147
1.0,0.9873694893665756,0.9541546675463981,0.10736661342179506,0.3028046587675981,0.17890693146638212,1.0,66,substitution_1pct,ck4_msp,CK4+MSP,420,211
1.0,0.9999451124876703,0.9997840446621235,0.006953138294830472,0.020782450428113542,0.000988975378184641,1.0,66,substitution_1pct,p_msp,P+MSP,420,86
1.0,0.9915745240784335,0.9694109786682659,0.08769511969966766,0.24734194876965096,0.11963128680304565,1.0,66,substitution_1pct,ck4_p_msp,CK4P-MSP,420,222
1.0,0.9630636404073839,0.9481287021694461,0.269088491458227,0.3220907992894724,0.34904238821164746,1.0,66,N_3pct,ck4,CK4,420,136
0.030952380952380953,0.9978272273472675,0.997416652629203,0.0658403808480836,0.0718797041117871,-0.0003714567791827727,0.030952380952380953,66,N_3pct,p,P,420,11
0.969047619047619,0.9989105559414638,0.9977905021320636,0.045678461477953104,0.06647547096946542,0.0013582867315335226,0.969047619047619,66,N_3pct,msp,MSP,420,75
1.0,0.9804454338773257,0.9730436766713904,0.19604356142093451,0.23219085910480133,0.17525516751767212,1.0,66,N_3pct,ck4_p,CK4+P,420,147
1.0,0.9809870981744239,0.9736190135862115,0.19320153187284875,0.22969951919296583,0.17764188826444233,1.0,66,N_3pct,ck4_msp,CK4+MSP,420,211
0.9095238095238095,0.9983688916443656,0.9977510230813604,0.05691202297974474,0.06706676350449774,0.0007137131525427951,0.9095238095238095,66,N_3pct,p_msp,P+MSP,420,86
1.0,0.9866004745653716,0.9817322261152526,0.1623800516929166,0.19114257384204006,0.11891613450486382,1.0,66,N_3pct,ck4_p_msp,CK4P-MSP,420,222
1.0,0.9760445518396653,0.9694116958983825,0.21759427110122623,0.24733905515149582,0.3575800821977383,1.0,66,trim_5bp,ck4,CK4,420,136
0.24523809523809523,0.9999244370605813,0.9998578503912832,0.011968972919109264,0.016861130494493476,-3.7587650480822945e-06,0.24285714285714285,66,trim_5bp,p,P,420,11
0.6928571428571428,0.9985183556014217,0.9970838572783423,0.052840620787418,0.07636940119601147,0.0005102727914369263,0.6928571428571428,66,trim_5bp,msp,MSP,420,75
1.0,0.9879844944501234,0.9846823693386079,0.15411316809700842,0.17502931555370288,0.17938414268902217,1.0,66,trim_5bp,ck4_p,CK4+P,420,147
1.0,0.9872814537205434,0.9837317794222359,0.15863072687166133,0.18037860349063978,0.18131611327086067,1.0,66,trim_5bp,ck4_msp,CK4+MSP,420,211
0.7571428571428571,0.9992213963310016,0.998498434422931,0.038377955304590414,0.054800754718106984,0.00037331875781945983,0.7571428571428571,66,trim_5bp,p_msp,P+MSP,420,86
1.0,0.9914957815005562,0.9891343391468962,0.12971896374563502,0.14741547260499382,0.12125590220782487,1.0,66,trim_5bp,ck4_p_msp,CK4P-MSP,420,222
1.0,0.9384742481318779,0.8766519828650875,0.33940509687607034,0.49668499943312655,0.32224136573721274,1.0,66,substitution_1pct_N_3pct,ck4,CK4,420,136
0.03571428571428571,0.9978092631524712,0.9972988153305028,0.06608178448853322,0.07350078398212036,-0.0003877473582351018,0.03571428571428571,66,substitution_1pct_N_3pct,p,P,420,11
0.9476190476190476,0.9988456290527535,0.997845374563224,0.04709292546627499,0.06564484701290405,0.0013120358989797136,0.9476190476190476,66,substitution_1pct_N_3pct,msp,MSP,420,75
1.0,0.9681417556421744,0.9372830639754872,0.24482295702744358,0.35416642672669046,0.16182725582054203,1.0,66,substitution_1pct_N_3pct,ck4_p,CK4+P,420,147
1.0,0.9686599385923157,0.9379367395885524,0.24254515321598236,0.3523156550976178,0.1640956592575719,1.0,66,substitution_1pct_N_3pct,ck4_msp,CK4+MSP,420,211
0.9047619047619048,0.9983274461026124,0.9977180057179706,0.05762273512615811,0.0675572850960776,0.0006816003772297625,0.9047619047619048,66,substitution_1pct_N_3pct,p_msp,P+MSP,420,86
1.0,0.9783763801123674,0.9579284270008898,0.20192458737630187,0.2900741700546139,0.109858882186914,1.0,66,substitution_1pct_N_3pct,ck4_p_msp,CK4P-MSP,420,222
1.0,0.9148916032594351,0.8841982662600146,0.409625733756258,0.48125189085140363,0.30037882052693615,1.0,66,local_mismatch_6bp,ck4,CK4,420,136
0.07380952380952381,0.9998658170975121,0.9995848968663058,0.014575334993022576,0.028813259819622926,-0.00011045792070311062,0.07142857142857142,66,local_mismatch_6bp,p,P,420,11
0.8809523809523809,0.9991632819286638,0.9976014606043337,0.03731700716306021,0.06926091720865366,0.0010002730521663165,0.8809523809523809,66,local_mismatch_6bp,msp,MSP,420,75
1.0,0.9573787101784735,0.9419848099962623,0.2898834175304942,0.3406322424242552,0.15065884615949254,1.0,66,local_mismatch_6bp,ck4_p,CK4+P,420,147
1.0,0.9570274425940495,0.9412964898210633,0.29109020601978947,0.34264706991791144,0.15292960760377589,1.0,66,local_mismatch_6bp,ck4_msp,CK4+MSP,420,211
0.8738095238095238,0.9995145495130879,0.9986310500208286,0.02841615806534603,0.0523249422696781,0.0005590842631547458,0.8738095238095238,66,local_mismatch_6bp,p_msp,P+MSP,420,86
1.0,0.9713069007618703,0.96079072858613,0.23786371538891932,0.2800331065352767,0.10225714837537499,1.0,66,local_mismatch_6bp,ck4_p_msp,CK4P-MSP,420,222
1.0,0.9820769053857915,0.9351998586592745,0.1261453591544639,0.36000036276205916,0.3570592364151541,1.0,66,short_indel,ck4,CK4,420,136
0.7666666666666667,0.9999936529874863,0.9999767068833831,0.002322407118494414,0.006825392308893653,1.9341916312717997e-05,0.7476190476190476,66,short_indel,p,P,420,11
1.0,0.9998641993662271,0.9995120394189304,0.010919003751821104,0.031239726450372488,0.0016671618531977131,1.0,66,short_indel,msp,MSP,420,75
1.0,0.991035279186639,0.9675949819735072,0.08921581078936705,0.25457812898943505,0.17910393345302997,1.0,66,short_indel,ck4_p,CK4+P,420,147
1.0,0.9909705523760093,0.9673875155511535,0.08960138479488444,0.2553917948723612,0.18161658359759134,1.0,66,short_indel,ck4_msp,CK4+MSP,420,211
1.0,0.9999289261768568,0.9997541367417538,0.007924570726738335,0.022174890471439675,0.0009632010144750289,1.0,66,short_indel,p_msp,P+MSP,420,86
1.0,0.9939782525798351,0.9782528707225008,0.07317346920085707,0.20855277160401128,0.12144626885418,1.0,66,short_indel,ck4_p_msp,CK4P-MSP,420,222
1.0,0.9750814808229309,0.9158810301992699,0.15544819571814414,0.410167884226825,0.34988079035632913,1.0,67,substitution_1pct,ck4,CK4,420,136
0.6,0.9999838742110424,0.9999374832266291,0.0037327991571408678,0.011181831858256996,9.695673426038256e-06,0.5642857142857143,67,substitution_1pct,p,P,420,11
1.0,0.9999053659096017,0.9996334604859858,0.009380953499841308,0.027075428163878357,0.0017071204609300761,1.0,67,substitution_1pct,msp,MSP,420,75
1.0,0.9875326775169867,0.9579241430651113,0.10995494369526947,0.2900889294007594,0.17549166877812575,1.0,67,substitution_1pct,ck4_p,CK4+P,420,147
1.0,0.9874934233662663,0.9578280273414543,0.11013400385930194,0.29041990988108357,0.17800505304335262,1.0,67,substitution_1pct,ck4_msp,CK4+MSP,420,211
1.0,0.999944620060322,0.9997987888989416,0.007173851971911535,0.02006014410696093,0.0009742207289567589,1.0,67,substitution_1pct,p_msp,P+MSP,420,86
1.0,0.9916569069811918,0.9718744368712868,0.08995373368826982,0.23717288092107863,0.11902034827521646,1.0,67,substitution_1pct,ck4_p_msp,CK4P-MSP,420,222
1.0,0.9633134710482063,0.9475436306898901,0.26838276530215704,0.32390103644692064,0.3473227251115264,1.0,67,N_3pct,ck4,CK4,420,136
0.04285714285714286,0.9979016863619636,0.9974770462361449,0.0646995753636673,0.07103455164437786,-0.00034655024802769885,0.04285714285714286,67,N_3pct,p,P,420,11
0.9666666666666667,0.9989744164604215,0.9979374647078202,0.04435369052477481,0.06422666102446664,0.001415493941221027,0.9666666666666667,67,N_3pct,msp,MSP,420,75
1.0,0.9806075787050851,0.9727974513017178,0.19535970337320804,0.23324814319799772,0.1743985485949879,1.0,67,N_3pct,ck4_p,CK4+P,420,147
1.0,0.981143943754314,0.9732923118094708,0.19252384409892373,0.23111626140302335,0.17676076783785685,1.0,67,N_3pct,ck4_msp,CK4+MSP,420,211
0.9119047619047619,0.9984380514111925,0.9979174181011998,0.05570851627828339,0.06453805713373867,0.000745403448943064,0.9119047619047619,67,N_3pct,p_msp,P+MSP,420,86
1.0,0.9867298579568639,0.9814175628206726,0.16168440708695175,0.1927813205554076,0.11833100184766505,1.0,67,N_3pct,ck4_p_msp,CK4P-MSP,420,222
1.0,0.9766087666903309,0.9697797702171032,0.21504077735893182,0.24584641263854248,0.35573779465759425,1.0,67,trim_5bp,ck4,CK4,420,136
0.2523809523809524,0.9999222144201192,0.9998395893257691,0.012140763857922314,0.017911448815864185,-7.291764946801679e-06,0.24047619047619048,67,trim_5bp,p,P,420,11
0.8047619047619048,0.998773436424784,0.9976908873187288,0.04821609443510352,0.067957437557577,0.0007206870226414427,0.8047619047619048,67,trim_5bp,msp,MSP,420,75
1.0,0.9882654905552251,0.9848583064107777,0.15231620845141752,0.17402122015610563,0.1784174068586139,1.0,67,trim_5bp,ck4_p,CK4+P,420,147
1.0,0.9876911015575575,0.9841687295480985,0.1560438388197728,0.17793970235394252,0.18050537861899307,1.0,67,trim_5bp,ck4_msp,CK4+MSP,420,211
0.861904761904762,0.9993478254224516,0.998806176180018,0.03522978269376796,0.04886352809163201,0.00047476678112282647,0.861904761904762,67,trim_5bp,p_msp,P+MSP,420,86
1.0,0.9917681391784113,0.9894197157318874,0.12761490923175764,0.14546672339021238,0.1206943937318851,1.0,67,trim_5bp,ck4_p_msp,CK4P-MSP,420,222
1.0,0.9417663002220179,0.8814777517860427,0.32953379310858816,0.4868721459500811,0.3237872629549336,1.0,67,substitution_1pct_N_3pct,ck4,CK4,420,136
0.0380952380952381,0.9978784154492985,0.9973607484384981,0.06504255731602168,0.0726533049121437,-0.0003663462080881263,0.03571428571428571,67,substitution_1pct_N_3pct,p,P,420,11
0.969047619047619,0.9988772725094315,0.9977928225519989,0.046345938351817564,0.06644045620546715,0.001353930434849708,0.969047619047619,67,substitution_1pct_N_3pct,msp,MSP,420,75
1.0,0.9698223578356582,0.9396596935488053,0.23784133188024043,0.3473911514908739,0.16256986415224386,1.0,67,substitution_1pct_N_3pct,ck4_p,CK4+P,420,147
1.0,0.9703217863657246,0.94012849969354,0.2355363914541675,0.34603901562726364,0.16491844611130266,1.0,67,substitution_1pct_N_3pct,ck4_msp,CK4+MSP,420,211
0.9166666666666666,0.998377843979365,0.9977621572776545,0.056744567090317555,0.06690055057322254,0.0007074603006012368,0.9166666666666666,67,substitution_1pct_N_3pct,p_msp,P+MSP,420,86
1.0,0.9795073293935826,0.9593500288256187,0.19620268047812459,0.2851314472487636,0.1103881189576842,1.0,67,substitution_1pct_N_3pct,ck4_p_msp,CK4P-MSP,420,222
1.0,0.9156152068834817,0.8808847116181163,0.4077591748781638,0.4880883254196434,0.29767428852311684,1.0,67,local_mismatch_6bp,ck4,CK4,420,136
0.08571428571428572,0.9998586161574081,0.9996091525348688,0.015123774994964189,0.027958758445619555,-0.0001148039764135012,0.08333333333333333,67,local_mismatch_6bp,p,P,420,11
0.8857142857142857,0.9991164303173714,0.9975741810936892,0.03855768043054614,0.06965342246195932,0.0009669139066673004,0.8857142857142857,67,local_mismatch_6bp,msp,MSP,420,75
1.0,0.9577369115204449,0.9403685993463865,0.28857935353391867,0.3453441909624617,0.14927437930369747,1.0,67,local_mismatch_6bp,ck4_p,CK4+P,420,147
1.0,0.9573658186004266,0.9397443468637391,0.2898621156523365,0.3471471883554827,0.15153659977258135,1.0,67,local_mismatch_6bp,ck4_msp,CK4+MSP,420,211
0.8595238095238096,0.9994875232373897,0.9986141866803913,0.02938120550896435,0.052646170500185635,0.0005431096371119578,0.8595238095238096,67,local_mismatch_6bp,p_msp,P+MSP,420,86
1.0,0.9715300844527538,0.9597641577308234,0.23687374098049985,0.28367517470280806,0.10132055933896075,1.0,67,local_mismatch_6bp,ck4_p_msp,CK4P-MSP,420,222
1.0,0.983836331921367,0.9364313598379569,0.1201390984695942,0.35656269025625464,0.3569791324036943,1.0,67,short_indel,ck4,CK4,420,136
0.7428571428571429,0.9999942574442127,0.999978939166494,0.00222168604799443,0.006490033716024402,1.9376645893325646e-05,0.7095238095238096,67,short_indel,p,P,420,11
1.0,0.9998982757258513,0.9995844817651252,0.009381119414834528,0.0288277031087069,0.0017088663407586319,1.0,67,short_indel,msp,MSP,420,75
1.0,0.9919152946827898,0.9681970803101029,0.08496842592182637,0.2522016484488601,0.17902360706691503,1.0,67,short_indel,ck4_p,CK4+P,420,147
1.0,0.991867303823609,0.9681238748125703,0.08527313282785708,0.2524916129276171,0.18148387804165578,1.0,67,short_indel,ck4_msp,CK4+MSP,420,211
1.0,0.9999462665850319,0.9997882464560225,0.006855699292181622,0.020579281941484683,0.0009816549775669206,1.0,67,short_indel,p_msp,P+MSP,420,86
1.0,0.9945762883638105,0.9787368501357964,0.0696392080891282,0.2062186692593662,0.12133389208970266,1.0,67,short_indel,ck4_p_msp,CK4P-MSP,420,222
1.0,0.9763672533227213,0.914172512143705,0.1460452937301078,0.41431261414983356,0.3496609949626894,1.0,68,substitution_1pct,ck4,CK4,420,136
0.6238095238095238,0.9999869928639731,0.9999451998465112,0.00325746827328027,0.010468415849135384,1.1912110156201786e-05,0.5833333333333334,68,substitution_1pct,p,P,420,11
1.0,0.9999135863860537,0.9996813163187223,0.008700920067292572,0.025246108480237887,0.0016832236267299492,1.0,68,substitution_1pct,msp,MSP,420,75
1.0,0.9881771230933472,0.9570803822642214,0.10330926691138484,0.2929833099445526,0.1754184180707425,1.0,68,substitution_1pct,ck4_p,CK4+P,420,147
1.0,0.9881404198543876,0.9569301446518942,0.1034856786494157,0.2934956623832339,0.17792770771041333,1.0,68,substitution_1pct,ck4_msp,CK4+MSP,420,211
1.0,0.9999502896250135,0.9998101430945048,0.006611384330537525,0.01948623021681853,0.000955731698603937,1.0,68,substitution_1pct,p_msp,P+MSP,420,86
1.0,0.9920892775242494,0.9712828472295088,0.0845218465699993,0.23965454609005996,0.11897888470848561,1.0,68,substitution_1pct,ck4_p_msp,CK4P-MSP,420,222
1.0,0.963895650565876,0.9464316501763435,0.2658249743293206,0.3273174272844884,0.34552105023663315,1.0,68,N_3pct,ck4,CK4,420,136
0.05476190476190476,0.9979452487879161,0.9974916097115137,0.06402338181633806,0.07082923530453161,-0.0003454740602816335,0.05238095238095238,68,N_3pct,p,P,420,11
0.9809523809523809,0.9989908240851894,0.997970780041345,0.044029097675331065,0.06370586836477928,0.0014011470336862735,0.9809523809523809,68,N_3pct,msp,MSP,420,75
1.0,0.9809204496768962,0.9722756405587515,0.19350679530774662,0.23547551419801288,0.1734468969449474,1.0,68,N_3pct,ck4_p,CK4+P,420,147
1.0,0.9814432373255327,0.9727951253763052,0.19071836740056042,0.2332589059665986,0.1757067236190707,1.0,68,N_3pct,ck4_msp,CK4+MSP,420,211
0.9238095238095239,0.9984680364365527,0.9979708591096913,0.05517180976037807,0.06370463042679744,0.000728214802535569,0.9238095238095239,68,N_3pct,p_msp,P+MSP,420,86
1.0,0.9869439078129939,0.9812208034666007,0.16017022383000915,0.19379983681477136,0.11756738369619281,1.0,68,N_3pct,ck4_p_msp,CK4P-MSP,420,222
1.0,0.9769641490382446,0.9708313062412431,0.21330257649446988,0.2415312967636157,0.35269675964713604,1.0,68,trim_5bp,ck4,CK4,420,136
0.28095238095238095,0.9999255538920402,0.9998479696493248,0.011877835171875815,0.017437336399385706,-5.054684053028875e-06,0.2785714285714286,68,trim_5bp,p,P,420,11
0.7952380952380952,0.998737068618561,0.9975828108861092,0.048913311406233465,0.0695296923500636,0.0006737412144638048,0.7952380952380952,68,trim_5bp,msp,MSP,420,75
1.0,0.9884448514651424,0.9853596887868213,0.15107749876642748,0.17111580256892428,0.17693625214137643,1.0,68,trim_5bp,ck4_p,CK4+P,420,147
1.0,0.9878506088284028,0.9844202297444957,0.15496239880056584,0.17652064412249152,0.1789836298941221,1.0,68,trim_5bp,ck4_msp,CK4+MSP,420,211
0.8261904761904761,0.9993313112553006,0.9987429857481922,0.0356678165694188,0.05014005735973614,0.00044901884218639785,0.8261904761904761,68,trim_5bp,p_msp,P+MSP,420,86
1.0,0.9918755905162819,0.9895807342685057,0.12672422086221344,0.14435556868142008,0.11968937570313226,1.0,68,trim_5bp,ck4_p_msp,CK4P-MSP,420,222
1.0,0.9412922111569225,0.8767345805832342,0.3303264237670788,0.49651643200622847,0.3252484702555379,1.0,68,substitution_1pct_N_3pct,ck4,CK4,420,136
0.04523809523809524,0.9979295530623001,0.9974603041796429,0.06424325955989407,0.07126984836471814,-0.00036318452230131435,0.04285714285714286,68,substitution_1pct_N_3pct,p,P,420,11
0.95,0.9989006346603284,0.997810526546429,0.04595210398718773,0.06617356913460887,0.0012797768197255334,0.95,68,substitution_1pct_N_3pct,msp,MSP,420,75
1.0,0.9696108821096112,0.9373364722303101,0.2382865654316167,0.3540141979168076,0.16329051039365766,1.0,68,substitution_1pct_N_3pct,ck4_p,CK4+P,420,147
1.0,0.9700964229086253,0.9379125319481278,0.2360479730616946,0.35238272465146253,0.16551760140008392,1.0,68,substitution_1pct_N_3pct,ck4_msp,CK4+MSP,420,211
0.9119047619047619,0.9984150938613143,0.9978262537314498,0.05609476991950352,0.06593536226237526,0.0006747209461794026,0.9119047619047619,68,substitution_1pct_N_3pct,p_msp,P+MSP,420,86
1.0,0.9793741329598504,0.9579211425912136,0.1965285820616509,0.29009810609738285,0.11078381396319324,1.0,68,substitution_1pct_N_3pct,ck4_p_msp,CK4P-MSP,420,222
1.0,0.9178519667598182,0.8878390613346807,0.4026730980365958,0.47362624710979884,0.30019532957532286,1.0,68,local_mismatch_6bp,ck4,CK4,420,136
0.09285714285714286,0.9998725633437048,0.999596644571877,0.014172409469912686,0.028402588972828113,-0.00010010313841013738,0.09047619047619047,68,local_mismatch_6bp,p,P,420,11
0.861904761904762,0.9991651779945804,0.9976779190004981,0.036903156954781316,0.06814807812352126,0.0010121595896593963,0.861904761904762,68,local_mismatch_6bp,msp,MSP,420,75
1.0,0.9588622650517615,0.9439100517829816,0.28496032508105124,0.33493260383458423,0.15058948439426845,1.0,68,local_mismatch_6bp,ck4_p,CK4+P,420,147
1.0,0.9585085723771994,0.9432185045167468,0.28619697442940484,0.3369910841546935,0.15273366153258636,1.0,68,local_mismatch_6bp,ck4_msp,CK4+MSP,420,211
0.8595238095238096,0.9995188706691426,0.9986361696780774,0.0280440027745226,0.052226839320583,0.0005690234734664616,0.8595238095238096,68,local_mismatch_6bp,p_msp,P+MSP,420,86
1.0,0.9722965693660346,0.9620983643545328,0.233862781196838,0.275323936454959,0.10213891434768656,1.0,68,local_mismatch_6bp,ck4_p_msp,CK4P-MSP,420,222
1.0,0.9852440277806418,0.9444616918229476,0.11299972412352967,0.3332815870382771,0.3570433141056253,1.0,68,short_indel,ck4,CK4,420,136
0.7428571428571429,0.9999942975183016,0.9999802607279934,0.002166053388068199,0.0062831840805333645,1.9692876212978883e-05,0.7119047619047619,68,short_indel,p,P,420,11
1.0,0.9998957287724348,0.9996042509302919,0.009447069182168274,0.02813352343277381,0.0016610032247673689,1.0,68,short_indel,msp,MSP,420,75
1.0,0.9926191626494718,0.9722250492452621,0.07991988894655513,0.23569026599046816,0.17907960164409725,1.0,68,short_indel,ck4_p,CK4+P,420,147
1.0,0.9925698782765383,0.972150728132825,0.08023113977995268,0.23600538794092385,0.18145519126110832,1.0,68,short_indel,ck4_msp,CK4+MSP,420,211
1.0,0.9999450131453683,0.9997967766146646,0.0068801579629049715,0.020160503683913988,0.0009525789140715343,1.0,68,short_indel,p_msp,P+MSP,420,86
1.0,0.9950446846904596,0.9814310739712436,0.0655222590157035,0.19271183565453548,0.12132570595253733,1.0,68,short_indel,ck4_p_msp,CK4P-MSP,420,222
1.0,0.9787174786513636,0.9237529647237865,0.14054656768563753,0.39050488295731717,0.3479483725476525,1.0,69,substitution_1pct,ck4,CK4,420,136
0.6047619047619047,0.9999870377242189,0.999948578007452,0.003315964222477772,0.010141198756234452,1.027085057235361e-05,0.5761904761904761,69,substitution_1pct,p,P,420,11
1.0,0.9999263650473186,0.9997390371832714,0.008169563257279725,0.022844649912577432,0.001683695183038978,1.0,69,substitution_1pct,msp,MSP,420,75
1.0,0.9893522581877913,0.9618485314848919,0.09942164920617425,0.27622985016774887,0.17449425624291742,1.0,69,substitution_1pct,ck4_p,CK4+P,420,147
1.0,0.989321921849341,0.961795237916012,0.0995815206669193,0.2764226894081369,0.17692217140434996,1.0,69,substitution_1pct,ck4_msp,CK4+MSP,420,211
1.0,0.9999567013857688,0.9998453591693601,0.006258970666056148,0.017586016926665855,0.0009642761571361826,1.0,69,substitution_1pct,p_msp,P+MSP,420,86
1.0,0.9928769604743003,0.9745126158485317,0.08133491458410666,0.2257758947464721,0.11827391307446833,1.0,69,substitution_1pct,ck4_p_msp,CK4P-MSP,420,222
1.0,0.9645974725971873,0.9499418827503919,0.26364124404140576,0.3164114720094387,0.3420572152802433,1.0,69,N_3pct,ck4,CK4,420,136
0.047619047619047616,0.9980013476173432,0.9975835162767996,0.06315161435624966,0.06951954640169086,-0.0003335487839609167,0.047619047619047616,69,N_3pct,p,P,420,11
0.9642857142857143,0.9989869054440259,0.9978883050032825,0.043950421886113554,0.0649876140873208,0.001358937511297393,0.9642857142857143,69,N_3pct,msp,MSP,420,75
1.0,0.9812994101072653,0.9739502596694163,0.19183227821588694,0.22825310656257755,0.1717386550122407,1.0,69,N_3pct,ck4_p,CK4+P,420,147
1.0,0.9817921890206067,0.9745043460777046,0.18919274541824557,0.2258124668849533,0.17407907816694032,1.0,69,N_3pct,ck4_msp,CK4+MSP,420,211
0.9166666666666666,0.9984941265306846,0.9978775213031665,0.05467977037505297,0.065153326020719,0.0007050876044241454,0.9166666666666666,69,N_3pct,p_msp,P+MSP,420,86
1.0,0.9871952418861856,0.9823165264049903,0.15882208276290186,0.1880610119893689,0.11651235048846541,1.0,69,N_3pct,ck4_p_msp,CK4P-MSP,420,222
1.0,0.9771415883735417,0.9698552808165075,0.2122452018257772,0.2455390544244462,0.3506972073576339,1.0,69,trim_5bp,ck4,CK4,420,136
0.28095238095238095,0.9999256834260053,0.9998574433957157,0.011883619277221502,0.016885171842922986,-7.2716605482176746e-06,0.2785714285714286,69,trim_5bp,p,P,420,11
0.7904761904761904,0.9987504603393723,0.9977881494006902,0.04879212703759868,0.06651081893539379,0.0006532092312007367,0.7904761904761904,69,trim_5bp,msp,MSP,420,75
1.0,0.9885336358997735,0.9848950224550981,0.15033043761815268,0.1738100813314928,0.1759393900150157,1.0,69,trim_5bp,ck4_p,CK4+P,420,147
1.0,0.9879460243564571,0.9842468788848268,0.15420656966940183,0.17749997662755343,0.17795882280989675,1.0,69,trim_5bp,ck4_msp,CK4+MSP,420,211
0.8380952380952381,0.9993380718826889,0.9988387011383887,0.035575567616145005,0.04819333598905241,0.0004333988282359964,0.8380952380952381,69,trim_5bp,p_msp,P+MSP,420,86
1.0,0.9919392440463065,0.9894797615607788,0.126107546228564,0.14505335797200847,0.11901407524839613,1.0,69,trim_5bp,ck4_p_msp,CK4P-MSP,420,222
1.0,0.942202029114751,0.8867058867836598,0.3286283300852086,0.4760122396853993,0.32109984346809095,1.0,69,substitution_1pct_N_3pct,ck4,CK4,420,136
0.04047619047619048,0.997981926271178,0.9975635548977754,0.06344337468817905,0.06980609002281891,-0.0003525781015126514,0.04047619047619048,69,substitution_1pct_N_3pct,p,P,420,11
0.9714285714285714,0.9989423950903675,0.9981472713958339,0.045154380585292316,0.060871932681220736,0.00134380315944674,0.9714285714285714,69,substitution_1pct_N_3pct,msp,MSP,420,75
1.0,0.9700919776929645,0.9423994264855984,0.23698928364630872,0.33941247732084906,0.16125181131510524,1.0,69,substitution_1pct_N_3pct,ck4_p,CK4+P,420,147
1.0,0.9705722121025593,0.9430147559136169,0.23479386784590858,0.3375945838529812,0.16352591119372473,1.0,69,substitution_1pct_N_3pct,ck4_msp,CK4+MSP,420,211
0.9119047619047619,0.9984621606807725,0.9980090914645663,0.05528979714856815,0.06310163607446774,0.0006876052681839315,0.9119047619047619,69,substitution_1pct_N_3pct,p_msp,P+MSP,420,86
1.0,0.9797087834920988,0.9613765979690962,0.1954248355810558,0.27793265984012633,0.10947122728163788,1.0,69,substitution_1pct_N_3pct,ck4_p_msp,CK4P-MSP,420,222
1.0,0.9204440717941139,0.8915044989056902,0.39594552064931693,0.46582291965977984,0.29963952381844283,1.0,69,local_mismatch_6bp,ck4,CK4,420,136
0.1,0.9998627124641355,0.9995606243442501,0.014716057173392949,0.029643729181496555,-0.00011139166443253397,0.1,69,local_mismatch_6bp,p,P,420,11
0.8523809523809524,0.9991244008660881,0.9975927842786763,0.038196648023343126,0.06938609664416313,0.0009242448515099831,0.8523809523809524,69,local_mismatch_6bp,msp,MSP,420,75
1.0,0.9601533921291248,0.9456992528261756,0.28022491376254055,0.32954738150019264,0.1503408409599783,1.0,69,local_mismatch_6bp,ck4_p,CK4+P,420,147
1.0,0.959784236330101,0.9454236111205359,0.281545677006823,0.3303826000546104,0.15246641542949838,1.0,69,local_mismatch_6bp,ck4_msp,CK4+MSP,420,211
0.8404761904761905,0.999493556665112,0.9985859375969443,0.029038652398159698,0.053179465954546895,0.0005161667942709191,0.8404761904761905,69,local_mismatch_6bp,p_msp,P+MSP,420,86
1.0,0.9731437283747794,0.9635839615202926,0.23008235993175505,0.26987405071660103,0.10197008120400194,1.0,69,local_mismatch_6bp,ck4_p_msp,CK4P-MSP,420,222
1.0,0.9834779203053686,0.9398565154093296,0.12080413547629898,0.34682411790677786,0.35359887903572323,1.0,69,short_indel,ck4,CK4,420,136
0.7738095238095238,0.9999946187121748,0.9999818921788809,0.002076329902172511,0.006017913804195002,1.8256719181582633e-05,0.7404761904761905,69,short_indel,p,P,420,11
1.0,0.9998959087671415,0.9996526656528776,0.009631866364957671,0.0263565657308616,0.001648256073800382,1.0,69,short_indel,msp,MSP,420,75
1.0,0.9917362695087715,0.9699055342080795,0.08543675911940771,0.24533432614105846,0.1773478574251262,1.0,69,short_indel,ck4_p,CK4+P,420,147
1.0,0.9916869145362549,0.9698369583516493,0.08572763258056626,0.24561368708093795,0.17981302215781977,1.0,69,short_indel,ck4_msp,CK4+MSP,420,211
1.0,0.9999452637396582,0.9998234608911684,0.006993774044065572,0.018790357966623563,0.0009496234094329867,1.0,69,short_indel,p_msp,P+MSP,420,86
1.0,0.9944561492615617,0.9798853496218337,0.07000876957326414,0.20057243218445334,0.12021906618253103,1.0,69,short_indel,ck4_p_msp,CK4P-MSP,420,222
1.0,0.9762934347434836,0.9176443739134807,0.15009510764883496,0.4058463350597531,0.3456368917802876,1.0,70,substitution_1pct,ck4,CK4,420,136
0.6523809523809524,0.9999880455759591,0.9999527152521764,0.0032147875286646917,0.00972464091796001,1.4864854851665263e-05,0.6285714285714286,70,substitution_1pct,p,P,420,11
0.9976190476190476,0.9999188505833984,0.9997256154845903,0.008674352545123708,0.023425803194102965,0.0016143753737720959,0.9976190476190476,70,substitution_1pct,msp,MSP,420,75
1.0,0.9881407401597214,0.9588116340229987,0.10617831366624415,0.28701346373162917,0.1733476646253814,1.0,70,substitution_1pct,ck4_p,CK4+P,420,147
1.0,0.9881061426634409,0.9587207703116504,0.10635683549827671,0.2873298513758081,0.17569862439717668,1.0,70,substitution_1pct,ck4_msp,CK4+MSP,420,211
0.9976190476190476,0.9999534480796789,0.9998413307504691,0.006582833890989903,0.017813996970418737,0.0009261207878278467,0.9976190476190476,70,substitution_1pct,p_msp,P+MSP,420,86
1.0,0.9920667769676137,0.9724734782519396,0.0868660668301802,0.23463382258850102,0.11746769439205854,1.0,70,substitution_1pct,ck4_p_msp,CK4P-MSP,420,222
1.0,0.9657871139485034,0.9535113060418889,0.25932416916948814,0.3049217612875747,0.34226943049645486,1.0,70,N_3pct,ck4,CK4,420,136
0.05,0.9980532179024991,0.9976469980245817,0.062325442365240465,0.06860031706360666,-0.000322984792059151,0.047619047619047616,70,N_3pct,p,P,420,11
0.9857142857142858,0.9990347576598517,0.9980927510526058,0.04309160306008814,0.06176161295029955,0.001337368454888679,0.9857142857142858,70,N_3pct,msp,MSP,420,75
1.0,0.9819201659255012,0.9757978962709641,0.18871517843105504,0.22000947023096573,0.17185316786983873,1.0,70,N_3pct,ck4_p,CK4+P,420,147
1.0,0.9824109358041775,0.9761251272718541,0.18605324113149466,0.218517145972077,0.17399183273045077,1.0,70,N_3pct,ck4_msp,CK4+MSP,420,211
0.9404761904761905,0.9985439877811753,0.9980683548484846,0.05379486809396881,0.062155335837806684,0.0007024534425358954,0.9404761904761905,70,N_3pct,p_msp,P+MSP,420,86
1.0,0.9876250298369514,0.9834612307954559,0.15620822724459435,0.18187229567858465,0.11645747928906842,1.0,70,N_3pct,ck4_p_msp,CK4P-MSP,420,222
1.0,0.9773474957009615,0.9691523825335787,0.21102612519933447,0.24838495112391676,0.34966099782599447,1.0,70,trim_5bp,ck4,CK4,420,136
0.2619047619047619,0.9999277067686272,0.9998595782652522,0.011758189109719454,0.016758374980757326,-6.091173799771797e-06,0.2619047619047619,70,trim_5bp,p,P,420,11
0.8095238095238095,0.9988064431515089,0.9979520408730289,0.04770289891443377,0.06399935806942068,0.0006453033956201089,0.8095238095238095,70,trim_5bp,msp,MSP,420,75
1.0,0.9886376012347945,0.9845500920144008,0.14946391854519755,0.17578321026250493,0.1753957070204039,1.0,70,trim_5bp,ck4_p,CK4+P,420,147
1.0,0.9880769694262354,0.9838500256032123,0.15318371692221705,0.17972184195169474,0.17734551202536977,1.0,70,trim_5bp,ck4_msp,CK4+MSP,420,211
0.8642857142857143,0.999367074960068,0.9989401997775227,0.03480396763978414,0.0460391184985966,0.00043186582864369026,0.8642857142857143,70,trim_5bp,p_msp,P+MSP,420,86
1.0,0.9920272152070325,0.9892050688910887,0.12526900226624824,0.1469348768752081,0.1185923183327935,1.0,70,trim_5bp,ck4_p_msp,CK4P-MSP,420,222
1.0,0.940596280623562,0.875273716968135,0.33208316766297763,0.49945215603821264,0.32052830376872976,1.0,70,substitution_1pct_N_3pct,ck4,CK4,420,136
0.02857142857142857,0.998014892352909,0.9975868125718226,0.0629102955730724,0.0694721145602018,-0.00035993007570014706,0.02619047619047619,70,substitution_1pct_N_3pct,p,P,420,11
0.9547619047619048,0.9989447659882436,0.998002350039431,0.04498897364414193,0.06320837688041146,0.0012197438502674787,0.9547619047619048,70,substitution_1pct_N_3pct,msp,MSP,420,75
1.0,0.9693055864882355,0.9367879105500053,0.23932083565147164,0.35556167649029635,0.1608704560075432,1.0,70,substitution_1pct_N_3pct,ck4_p,CK4+P,420,147
1.0,0.9697705233059029,0.9370089100728773,0.2371843439688895,0.35493968217241284,0.16308477225978493,1.0,70,substitution_1pct_N_3pct,ck4_msp,CK4+MSP,420,211
0.8928571428571429,0.9984798291705764,0.9979391550858111,0.05493120308317658,0.06420038761572766,0.000626064975232956,0.8928571428571429,70,substitution_1pct_N_3pct,p_msp,P+MSP,420,86
1.0,0.9791853129882381,0.9574399747592103,0.1972900961065037,0.2917533995798015,0.10909721732715386,1.0,70,substitution_1pct_N_3pct,ck4_p_msp,CK4P-MSP,420,222
1.0,0.922003019549821,0.8953666751612368,0.3920339601000485,0.4574566054282266,0.2987013990860268,1.0,70,local_mismatch_6bp,ck4,CK4,420,136
0.0761904761904762,0.9998771054743099,0.9996312480304596,0.013941257260868195,0.027156855935540944,-9.690766724123321e-05,0.07142857142857142,70,local_mismatch_6bp,p,P,420,11
0.888095238095238,0.999227958939253,0.9979584511960339,0.03605072410997537,0.06389892253903687,0.000957718084907442,0.888095238095238,70,local_mismatch_6bp,msp,MSP,420,75
1.0,0.9609400625120654,0.9476430579287565,0.2774368552516657,0.3235951813209147,0.14981074452714158,1.0,70,local_mismatch_6bp,ck4_p,CK4+P,420,147
1.0,0.9606154892445369,0.9472697784834504,0.2786157905924519,0.3247467151494137,0.15187561823895065,1.0,70,local_mismatch_6bp,ck4_msp,CK4+MSP,420,211
0.8857142857142857,0.9995525322067814,0.9988071729285768,0.02742397090814136,0.04884294258132258,0.0005447942625419025,0.8857142857142857,70,local_mismatch_6bp,p_msp,P+MSP,420,86
1.0,0.9737026946544612,0.9648371304141193,0.22767233858643093,0.26518997176410836,0.10154148572081202,1.0,70,local_mismatch_6bp,ck4_p_msp,CK4P-MSP,420,222
1.0,0.9825878892755436,0.9423912577619405,0.13146684457164426,0.33943528376473203,0.3502363758101211,1.0,70,short_indel,ck4,CK4,420,136
0.7380952380952381,0.9999937097519632,0.9999780463906589,0.0024571247759123385,0.0066261925699740475,1.870719270243901e-05,0.7071428571428572,70,short_indel,p,P,420,11
1.0,0.9998850745401078,0.999620124082351,0.010550050145148333,0.02756359470516426,0.001601753264910648,1.0,70,short_indel,msp,MSP,420,75
1.0,0.9912907995137532,0.9711918391284572,0.09297975422548099,0.24003276507380458,0.17565254646066064,1.0,70,short_indel,ck4_p,CK4+P,420,147
1.0,0.9912364819078258,0.9711065159746893,0.09331225407966563,0.24038801795276662,0.17800792653024175,1.0,70,short_indel,ck4_msp,CK4+MSP,420,211
1.0,0.9999393921460353,0.999795844807356,0.007687830260850086,0.020206691432958498,0.0009245936221040318,1.0,70,short_indel,p_msp,P+MSP,420,86
1.0,0.9941555578558715,0.9807351508147847,0.07620428081786865,0.196288854610698,0.119006870040674,1.0,70,short_indel,ck4_p_msp,CK4P-MSP,420,222
1.0,0.9774648690203183,0.9297009182233814,0.1499138829081839,0.3749641516210419,0.3435959287985927,1.0,71,substitution_1pct,ck4,CK4,420,136
0.611904761904762,0.9999873010813939,0.9999511921587955,0.003401694836611177,0.00988006487157058,1.2593318730779232e-05,0.5857142857142857,71,substitution_1pct,p,P,420,11
1.0,0.9999130300736806,0.999695276220084,0.009178355874237447,0.02468697825229864,0.0016248878648823261,1.0,71,substitution_1pct,msp,MSP,420,75
1.0,0.988726085050856,0.9648432852651024,0.10604599240561095,0.2651667409573558,0.1723503419784055,1.0,71,substitution_1pct,ck4_p,CK4+P,420,147
1.0,0.9886889495469995,0.9647726973630106,0.1062440675621592,0.26543278926172054,0.17466682636109987,1.0,71,substitution_1pct,ck4_msp,CK4+MSP,420,211
1.0,0.9999501655775372,0.9998325621068463,0.00695980381029154,0.018299511819823804,0.0009337439245171309,1.0,71,substitution_1pct,p_msp,P+MSP,420,86
1.0,0.9924550667251311,0.9765104788053453,0.08677552665584877,0.21674642317251422,0.11680348191656495,1.0,71,substitution_1pct,ck4_p_msp,CK4P-MSP,420,222
1.0,0.9663304096613604,0.9520653998654558,0.25698540029393985,0.30962748730960776,0.3417795832731161,1.0,71,N_3pct,ck4,CK4,420,136
0.05238095238095238,0.9981003229770157,0.9977018332336479,0.06156258225694707,0.06779626486006232,-0.0003184616799646492,0.05238095238095238,71,N_3pct,p,P,420,11
0.9857142857142858,0.9990991693171808,0.9982000417331762,0.04161908760652838,0.05999903311056143,0.0013478062478535693,0.9857142857142858,71,N_3pct,msp,MSP,420,75
1.0,0.9822153663191879,0.975082672059988,0.1869992071122004,0.22323676446811752,0.17161455773704445,1.0,71,N_3pct,ck4_p,CK4+P,420,147
1.0,0.9827147894892705,0.9757062544030154,0.184254645428865,0.22042568928893044,0.17382414961505835,1.0,71,N_3pct,ck4_msp,CK4+MSP,420,211
0.9428571428571428,0.9985997461470983,0.9981250255784249,0.052752946773516315,0.06123682194724869,0.000713637266968832,0.9428571428571428,71,N_3pct,p_msp,P+MSP,420,86
1.0,0.9878433006518523,0.9831342561114277,0.1546915079825845,0.18366133749720825,0.11633242972792299,1.0,71,N_3pct,ck4_p_msp,CK4P-MSP,420,222
1.0,0.9776878746107186,0.9683530628687724,0.20945645827090298,0.2515826665782501,0.34830503099783405,1.0,71,trim_5bp,ck4,CK4,420,136
0.27380952380952384,0.9999287511837976,0.9998643053540839,0.01167380497045529,0.01647389713222139,-6.70591825702753e-06,0.26904761904761904,71,trim_5bp,p,P,420,11
0.888095238095238,0.9990140924435225,0.9981090781736964,0.04310191194854201,0.061496442123877386,0.000808828227836247,0.888095238095238,71,trim_5bp,msp,MSP,420,75
1.0,0.9888083128972582,0.9841356213874973,0.14835195081629607,0.1781256314808779,0.17471915114630562,1.0,71,trim_5bp,ck4_p,CK4+P,420,147
1.0,0.9883509835271206,0.9837570483260623,0.1514250641108719,0.18023831746620317,0.1766935008312899,1.0,71,trim_5bp,ck4_msp,CK4+MSP,420,211
0.9095238095238095,0.9994714218136599,0.9990114916903433,0.03164286112445878,0.04446356613301614,0.0005148922162787411,0.9095238095238095,71,trim_5bp,p_msp,P+MSP,420,86
1.0,0.9922102394126796,0.9891443755954241,0.12383216682250736,0.1473472614479306,0.1181578867986961,1.0,71,trim_5bp,ck4_p_msp,CK4P-MSP,420,222
1.0,0.9460189145772121,0.8824187104101284,0.3169935799522523,0.48493559965755095,0.3220127216628262,1.0,71,substitution_1pct_N_3pct,ck4,CK4,420,136
0.04285714285714286,0.9980728443867495,0.997672280411535,0.06198353527438478,0.06823074061547584,-0.0003421380535836857,0.04285714285714286,71,substitution_1pct_N_3pct,p,P,420,11
0.9642857142857143,0.9989830863783786,0.9980435165201285,0.04401778717273897,0.06255371151821094,0.0012678452101002923,0.9642857142857143,71,substitution_1pct_N_3pct,msp,MSP,420,75
1.0,0.9720458794819806,0.9402938023696673,0.22871084951197246,0.34556093446984903,0.1616889825057271,1.0,71,substitution_1pct_N_3pct,ck4_p,CK4+P,420,147
1.0,0.9725010004777952,0.9404542666164458,0.22653140354155296,0.3450963136569622,0.16391763648267554,1.0,71,substitution_1pct_N_3pct,ck4_msp,CK4+MSP,420,211
0.9071428571428571,0.9985279653825642,0.9979794715815314,0.05402557337510282,0.06356925643877608,0.0006602311803090627,0.9071428571428571,71,substitution_1pct_N_3pct,p_msp,P+MSP,420,86
1.0,0.9810249484474467,0.9596584392130597,0.1886383584817296,0.2840477400119109,0.10970434039574735,1.0,71,substitution_1pct_N_3pct,ck4_p_msp,CK4P-MSP,420,222
1.0,0.9243568505098757,0.9008754791409717,0.3858239191115218,0.4452516377900774,0.30028993951297395,1.0,71,local_mismatch_6bp,ck4,CK4,420,136
0.12142857142857143,0.9998884888554661,0.999668300030934,0.013022711569899842,0.025756467158781656,-8.582554684300417e-05,0.12142857142857143,71,local_mismatch_6bp,p,P,420,11
0.8809523809523809,0.9992839184811474,0.9979398358256015,0.03376111102175038,0.0641897646622294,0.0010223130945840125,0.8809523809523809,71,local_mismatch_6bp,msp,MSP,420,75
1.0,0.9621226696826709,0.9503309335101964,0.2730268360299604,0.31517951141093464,0.15062052724305766,1.0,71,local_mismatch_6bp,ck4_p,CK4+P,420,147
1.0,0.9618203844955114,0.9498891464974525,0.2741411861066161,0.3165781214563419,0.15278322551025017,1.0,71,local_mismatch_6bp,ck4_msp,CK4+MSP,420,211
0.8785714285714286,0.9995862036683065,0.9988603098052419,0.025678283026783835,0.047742852959449585,0.0005760981975547824,0.8785714285714286,71,local_mismatch_6bp,p_msp,P+MSP,420,86
1.0,0.9745097526154963,0.9665249389345352,0.2240035082627818,0.25874721617818014,0.10216082732673595,1.0,71,local_mismatch_6bp,ck4_p_msp,CK4P-MSP,420,222
1.0,0.9819911820400934,0.9391121370972778,0.1350275557778692,0.3489631465694663,0.3475147353963479,1.0,71,short_indel,ck4,CK4,420,136
0.7047619047619048,0.9999937264600858,0.9999761738088913,0.0024796562529124607,0.006903052364801919,1.895938032109354e-05,0.6714285714285714,71,short_indel,p,P,420,11
1.0,0.9998857919516189,0.9995829147575508,0.010413488563405451,0.028881995679961317,0.0015914245875486375,1.0,71,short_indel,msp,MSP,420,75
1.0,0.9909924542500896,0.9695396095095234,0.09550528364973904,0.2468209055572435,0.17429753582453264,1.0,71,short_indel,ck4_p,CK4+P,420,147
1.0,0.9909384869958561,0.9694124096842459,0.0958695656444821,0.2473358274089575,0.17655790501916563,1.0,71,short_indel,ck4_msp,CK4+MSP,420,211
1.0,0.9999397592058524,0.9997852214765818,0.007607741250646645,0.02072574411327886,0.0009201157306962072,1.0,71,short_indel,p_msp,P+MSP,420,86
1.0,0.9939569001505993,0.9795973004300873,0.07829235842015576,0.20200318769980435,0.11804994195022168,1.0,71,short_indel,ck4_p_msp,CK4P-MSP,420,222
1.0,0.975963426603767,0.9259623963083047,0.15941585196696345,0.38480541322905404,0.3393197807481575,1.0,72,substitution_1pct,ck4,CK4,420,136
0.5714285714285714,0.9999859087450034,0.9999399871197785,0.003665931336008752,0.010955620547998776,1.030513502741716e-05,0.5523809523809524,72,substitution_1pct,p,P,420,11
1.0,0.9999114066904897,0.9996951209544188,0.009431893944255613,0.024692889605976338,0.0015764617455189995,1.0,72,substitution_1pct,msp,MSP,420,75
1.0,0.9879746676743852,0.9629463045018608,0.11276579944923286,0.27222672644653545,0.17020667173457257,1.0,72,substitution_1pct,ck4_p,CK4+P,420,147
1.0,0.9879374166471284,0.9628684266413059,0.1129538381619537,0.2725126502054822,0.17246273448207156,1.0,72,substitution_1pct,ck4_msp,CK4+MSP,420,211
1.0,0.9999486577177465,0.9998213473078923,0.00719041780024554,0.018902513427255605,0.0009014698485802116,1.0,72,substitution_1pct,p_msp,P+MSP,420,86
1.0,0.9919535806797534,0.9752223553260095,0.09225543508311633,0.222610170969514,0.11532054879605215,1.0,72,substitution_1pct,ck4_p_msp,CK4P-MSP,420,222
1.0,0.9675350052837219,0.9543512861012305,0.2523860726205433,0.30215464205265824,0.33900176285549094,1.0,72,N_3pct,ck4,CK4,420,136
0.03571428571428571,0.9981461692082436,0.9977757119531365,0.06081914120714343,0.06669761424575052,-0.00031009664446133526,0.03571428571428571,72,N_3pct,p,P,420,11
0.9809523809523809,0.9990876596987494,0.9981444939755172,0.041796085885946355,0.06091802596365807,0.0013021220191012798,0.9809523809523809,72,N_3pct,msp,MSP,420,75
1.0,0.9828405872459828,0.9762576709634178,0.183722403107985,0.217909745088809,0.17018432674618522,1.0,72,N_3pct,ck4_p,CK4+P,420,147
1.0,0.9833113324912358,0.9767590241392012,0.18109565055232468,0.21559623706756478,0.1722920627691428,1.0,72,N_3pct,ck4_msp,CK4+MSP,420,211
0.9333333333333333,0.9986169144534964,0.9981000225439668,0.052411311113981084,0.06164377347988322,0.0006899213128318789,0.9333333333333333,72,N_3pct,p_msp,P+MSP,420,86
1.0,0.9882562780635717,0.9837926706089895,0.15208451788171531,0.18004043354124621,0.11529383902043534,1.0,72,N_3pct,ck4_p_msp,CK4P-MSP,420,222
1.0,0.9784111057540485,0.9694716539565795,0.2062314270888207,0.24709643999362277,0.347893133248015,1.0,72,trim_5bp,ck4,CK4,420,136
0.28095238095238095,0.9999293313429873,0.9998700251075985,0.0116415329305344,0.016122948092990707,-6.733506749845826e-06,0.2785714285714286,72,trim_5bp,p,P,420,11
0.7357142857142858,0.9986809500344382,0.9974685489886226,0.04986017084809727,0.0711540626920253,0.0004711118983509674,0.7357142857142858,72,trim_5bp,msp,MSP,420,75
1.0,0.9891702185485178,0.9846724197447676,0.14607387720634515,0.17508612005313084,0.1745002004418963,1.0,72,trim_5bp,ck4_p,CK4+P,420,147
1.0,0.9885460278942434,0.9841254296391327,0.15030510068811156,0.17818268548486185,0.17625768565201783,1.0,72,trim_5bp,ck4_msp,CK4+MSP,420,211
0.7857142857142857,0.9993051406887129,0.9986945920766215,0.036268810738308475,0.05109613796562034,0.00034514914000193376,0.7857142857142857,72,trim_5bp,p_msp,P+MSP,420,86
1.0,0.992340462377158,0.9893947267283445,0.12291794450841295,0.14563826700932705,0.1178565668308828,1.0,72,trim_5bp,ck4_p_msp,CK4P-MSP,420,222
1.0,0.9439960206172431,0.8801124421270734,0.32301864766911353,0.4896678721833659,0.31782869483321385,1.0,72,substitution_1pct_N_3pct,ck4,CK4,420,136
0.0380952380952381,0.9981366285668226,0.9977235719682185,0.06095423948200562,0.06747485471752096,-0.0003197210350268376,0.0380952380952381,72,substitution_1pct_N_3pct,p,P,420,11
0.9595238095238096,0.9989972546395924,0.9979976918097507,0.043750831891608034,0.06328203173688124,0.0012153611819809063,0.9595238095238096,72,substitution_1pct_N_3pct,msp,MSP,420,75
1.0,0.9710663245920328,0.9391723796481733,0.23274677305006977,0.3487907513723548,0.15955327656311688,1.0,72,substitution_1pct_N_3pct,ck4_p,CK4+P,420,147
1.0,0.9714966376284178,0.9396142939295838,0.23071316770417408,0.34752106389788456,0.16168499558651053,1.0,72,substitution_1pct_N_3pct,ck4_msp,CK4+MSP,420,211
0.9023809523809524,0.9985669416032076,0.9980109011910817,0.053326701665820694,0.0630729309531155,0.0006416054283700607,0.9023809523809524,72,substitution_1pct_N_3pct,p_msp,P+MSP,420,86
1.0,0.980376634607886,0.9591355865879461,0.19187340216710744,0.2858819518063799,0.10819953775320489,1.0,72,substitution_1pct_N_3pct,ck4_p_msp,CK4P-MSP,420,222
1.0,0.9251150072901272,0.9004956598792124,0.38420637058127505,0.44610388709568455,0.2983851738069069,1.0,72,local_mismatch_6bp,ck4,CK4,420,136
0.07380952380952381,0.9998770269858397,0.9996380102204544,0.01389003287162719,0.026906868247964354,-9.964567365240111e-05,0.06190476190476191,72,local_mismatch_6bp,p,P,420,11
0.8642857142857143,0.9992298983908029,0.9978637176722422,0.03557423600038087,0.06536480459269242,0.0008944715649857075,0.8642857142857143,72,local_mismatch_6bp,msp,MSP,420,75
1.0,0.9624960171379834,0.9502235047091546,0.27190714797841664,0.3155201893101798,0.14966515928649557,1.0,72,local_mismatch_6bp,ck4_p,CK4+P,420,147
1.0,0.962172452840465,0.9499920216496148,0.27310139458756955,0.31625297346686654,0.15171723945189391,1.0,72,local_mismatch_6bp,ck4_msp,CK4+MSP,420,211
0.8547619047619047,0.9995534626883212,0.998762449288363,0.027094742094442337,0.049750390148510404,0.00050822006623317,0.8547619047619047,72,local_mismatch_6bp,p_msp,P+MSP,420,86
1.0,0.9747406442222566,0.9666434008020043,0.223174022608135,0.2582889549252682,0.1014470895478577,1.0,72,local_mismatch_6bp,ck4_p_msp,CK4P-MSP,420,222
1.0,0.9828848404527152,0.9392404962027039,0.1290075512436705,0.34859553683129907,0.34710714334209,1.0,72,short_indel,ck4,CK4,420,136
0.7333333333333333,0.9999939389423329,0.9999759686485388,0.002349481817319639,0.006932726635983097,1.843841282268634e-05,0.6928571428571428,72,short_indel,p,P,420,11
1.0,0.9998838548478086,0.9995644986823252,0.010310333364273835,0.029512714075054108,0.0015464456730165548,1.0,72,short_indel,msp,MSP,420,75
1.0,0.9914393896975241,0.9696140000258715,0.09123953808311121,0.246519617743914,0.17410029634165983,1.0,72,short_indel,ck4_p,CK4+P,420,147
1.0,0.9913843476502621,0.9694868791336861,0.09156973655291423,0.24703479454580146,0.17632595307456558,1.0,72,short_indel,ck4_msp,CK4+MSP,420,211
1.0,0.9999388968950709,0.9997710830505331,0.007519638117864224,0.02139705319881045,0.0008990971980631413,1.0,72,short_indel,p_msp,P+MSP,420,86
1.0,0.9942542114142856,0.9796537540388038,0.07478053154520194,0.20172371729760671,0.11788385618646316,1.0,72,short_indel,ck4_p_msp,CK4P-MSP,420,222
1.0,0.9759133139188021,0.9183610858361901,0.15354217692769678,0.4040762673189795,0.337457096603643,1.0,73,substitution_1pct,ck4,CK4,420,136
0.6333333333333333,0.9999872432940248,0.9999473403566885,0.0033398109736359283,0.01026249660397951,1.2859000823720971e-05,0.6190476190476191,73,substitution_1pct,p,P,420,11
1.0,0.9999183361063844,0.9997148712153285,0.008909334317829358,0.023880034727336276,0.0015468632211427353,1.0,73,substitution_1pct,msp,MSP,420,75
1.0,0.9879502786064136,0.9591713519147764,0.10861808411459237,0.28575723488492255,0.16928600647939654,1.0,73,substitution_1pct,ck4_p,CK4+P,420,147
1.0,0.9879158250125932,0.9589899363851492,0.1088011726986956,0.2863914748639302,0.17148570693223653,1.0,73,substitution_1pct,ck4_msp,CK4+MSP,420,211
1.0,0.9999527897002045,0.9998359816845684,0.00677719979458729,0.01811173619081935,0.0008887335507267912,1.0,73,substitution_1pct,p_msp,P+MSP,420,86
1.0,0.9919396311064037,0.9726538302545538,0.08886360508143985,0.2338638623146777,0.11468045777760705,1.0,73,substitution_1pct,ck4_p_msp,CK4P-MSP,420,222
1.0,0.9678042244393017,0.9544395260133796,0.251116751481268,0.3018610285127232,0.3370228085193672,1.0,73,N_3pct,ck4,CK4,420,136
0.05238095238095238,0.9981930197556713,0.9978138797087333,0.06004623167664082,0.0661228604619125,-0.0003019376595116051,0.05238095238095238,73,N_3pct,p,P,420,11
0.9785714285714285,0.9991392177543723,0.9982857016430048,0.04070551776046954,0.058553762941035724,0.001326349116691021,0.9785714285714285,73,N_3pct,msp,MSP,420,75
1.0,0.9829986220974865,0.976371572369391,0.18271646457648624,0.21738541283240842,0.16923125756330096,1.0,73,N_3pct,ck4_p,CK4+P,420,147
1.0,0.9834717210968369,0.976812875849878,0.18005419049720922,0.21534607199327893,0.17135952240269245,1.0,73,N_3pct,ck4_msp,CK4+MSP,420,211
0.9261904761904762,0.9986661187550221,0.9982646951499803,0.05149923567534369,0.058911880603238695,0.0006992663894568833,0.9261904761904762,73,N_3pct,p_msp,P+MSP,420,86
1.0,0.9883788206497819,0.9839764568083861,0.15115397019016194,0.17901639911246836,0.11470744498989287,1.0,73,N_3pct,ck4_p_msp,CK4P-MSP,420,222
1.0,0.9793113301254182,0.9714111469106993,0.20196543517707735,0.23911815160128033,0.3463244580618619,1.0,73,trim_5bp,ck4,CK4,420,136
0.2714285714285714,0.9999290463856434,0.9998631626953297,0.011645296564023447,0.01654309100713776,-7.041681893894483e-06,0.26904761904761904,73,trim_5bp,p,P,420,11
0.8595238095238096,0.9989678844491418,0.998030584360799,0.04410015892684928,0.06275978539349683,0.0007079331743492398,0.8595238095238096,73,trim_5bp,msp,MSP,420,75
1.0,0.9896201882555308,0.9856446240478471,0.14306340457834907,0.16944223064574115,0.1736913103865829,1.0,73,trim_5bp,ck4_p,CK4+P,420,147
1.0,0.98913960728728,0.985097888975935,0.14639793235958093,0.1726389924180612,0.1755356211637231,1.0,73,trim_5bp,ck4_msp,CK4+MSP,420,211
0.888095238095238,0.9994484654173927,0.9989543997532441,0.03232190602927712,0.04572914168472657,0.0004603249157577847,0.888095238095238,73,trim_5bp,p_msp,P+MSP,420,86
1.0,0.9927360869867343,0.990051145814067,0.11973366809404967,0.1410592348131624,0.11735220144628127,1.0,73,trim_5bp,ck4_p_msp,CK4P-MSP,420,222
1.0,0.9454513676151696,0.8774175478476764,0.3171961098738771,0.4951411869780907,0.3170070085530629,1.0,73,substitution_1pct_N_3pct,ck4,CK4,420,136
0.04523809523809524,0.998167251397914,0.9977638975341978,0.060449156392824235,0.0668745456883921,-0.0003248480154847339,0.04523809523809524,73,substitution_1pct_N_3pct,p,P,420,11
0.9666666666666667,0.9990465551897879,0.9981076097441285,0.04279529333587578,0.06152053211859064,0.0011945290703820066,0.9666666666666667,73,substitution_1pct_N_3pct,msp,MSP,420,75
1.0,0.9718093095065418,0.9378472534581072,0.2286761802275984,0.3525696325859093,0.15924969778456033,1.0,73,substitution_1pct_N_3pct,ck4_p,CK4+P,420,147
1.0,0.9722489614024789,0.9379489131039336,0.22652218120333883,0.35228137284699323,0.16123591307565444,1.0,73,substitution_1pct_N_3pct,ck4_msp,CK4+MSP,420,211
0.9095238095238095,0.998606903293851,0.9981264186692831,0.05260547901268329,0.06121406675529783,0.0006185502667430922,0.9095238095238095,73,substitution_1pct_N_3pct,p_msp,P+MSP,420,86
1.0,0.9808883914009572,0.957966630233189,0.18849008263987832,0.2899426271333812,0.10795089571563217,1.0,73,substitution_1pct_N_3pct,ck4_p_msp,CK4P-MSP,420,222
1.0,0.9260925565634064,0.9013878188659971,0.381973389982055,0.44409949591055076,0.2939445463314067,1.0,73,local_mismatch_6bp,ck4,CK4,420,136
0.1,0.999887915901942,0.9996623749163689,0.013241311082909383,0.025985530302001427,-8.733236049932909e-05,0.09761904761904762,73,local_mismatch_6bp,p,P,420,11
0.8642857142857143,0.9992764378981692,0.9979653068894788,0.034504770243217776,0.06379173837141638,0.0009367359307116772,0.8642857142857143,73,local_mismatch_6bp,msp,MSP,420,75
1.0,0.9629902362326741,0.9506559978339536,0.27030987987126875,0.31414646692901643,0.14746348675238782,1.0,73,local_mismatch_6bp,ck4_p,CK4+P,420,147
1.0,0.9626844972307879,0.950513891118574,0.27144821924995166,0.3145985016794506,0.14942679324254762,1.0,73,local_mismatch_6bp,ck4_msp,CK4+MSP,420,211
0.8666666666666667,0.9995821769000556,0.998857768222669,0.026207974553395037,0.04779595521048865,0.0005330612186954823,0.8666666666666667,73,local_mismatch_6bp,p_msp,P+MSP,420,86
1.0,0.9750856367878392,0.9669988058780015,0.22180946987231126,0.2569092979150781,0.09994399398990075,1.0,73,local_mismatch_6bp,ck4_p_msp,CK4P-MSP,420,222
1.0,0.9841120216644497,0.940271300381141,0.12068708590763458,0.34562609303501296,0.34548320517494746,1.0,73,short_indel,ck4,CK4,420,136
0.75,0.9999949950493543,0.999979326150074,0.0021146624656685708,0.00643021743626118,2.0247100489191e-05,0.7380952380952381,73,short_indel,p,P,420,11
1.0,0.9998937935556291,0.9995821699483586,0.009693844804772728,0.028907785879963937,0.001540087554177254,1.0,73,short_indel,msp,MSP,420,75
1.0,0.9920535083569021,0.9701356501905707,0.08535465681865817,0.24439455414007025,0.17325935372572177,1.0,73,short_indel,ck4_p,CK4+P,420,147
1.0,0.9920029076100393,0.9699041853101996,0.08567839321683625,0.24533982341550473,0.17545912138552103,1.0,73,short_indel,ck4_msp,CK4+MSP,420,211
1.0,0.9999443943024917,0.9997876452348003,0.0070600204750834615,0.02060847928841686,0.0008906632487147937,1.0,73,short_indel,p_msp,P+MSP,420,86
1.0,0.9946669367564777,0.9799361235401327,0.06996908490029412,0.2003191269841717,0.11730761277163837,1.0,73,short_indel,ck4_p_msp,CK4P-MSP,420,222
1.0,0.9790092476196796,0.9291881955394178,0.13963449673439746,0.37632742058640467,0.3393635478064685,1.0,74,substitution_1pct,ck4,CK4,420,136
0.6428571428571429,0.9999881651321543,0.9999512269295684,0.003088694027769025,0.009876218521077326,1.2201886013680986e-05,0.6333333333333333,74,substitution_1pct,p,P,420,11
1.0,0.9999290023342444,0.9997306241921983,0.00798371198806356,0.023211017706262178,0.0015533200247666256,1.0,74,substitution_1pct,msp,MSP,420,75
1.0,0.9894987063759169,0.9645824033841697,0.09877426031721191,0.26614764429168924,0.17019903928492153,1.0,74,substitution_1pct,ck4_p,CK4+P,420,147
1.0,0.9894691249769622,0.9644954456251537,0.09892702268836753,0.26647400875985006,0.17241808285629578,1.0,74,substitution_1pct,ck4_msp,CK4+MSP,420,211
1.0,0.9999585837331993,0.9998414286316515,0.0060914781250756235,0.017808472841966093,0.0008917252388152333,1.0,74,substitution_1pct,p_msp,P+MSP,420,86
1.0,0.9929754716953595,0.9763253062769578,0.08079873911899649,0.21759807076643833,0.11527486407024443,1.0,74,substitution_1pct,ck4_p_msp,CK4P-MSP,420,222
1.0,0.9684571266191053,0.953532109315715,0.24861544079026732,0.30485370327889794,0.33661441142779375,1.0,74,N_3pct,ck4,CK4,420,136
0.04047619047619048,0.9982419538435842,0.997899281757162,0.05922868144264756,0.06481848766681562,-0.00029090034725975114,0.04047619047619048,74,N_3pct,p,P,420,11
0.9809523809523809,0.9991513323850776,0.9983520443966514,0.04028454856905753,0.057409945440483376,0.0012807754484340044,0.9809523809523809,74,N_3pct,msp,MSP,420,75
1.0,0.9833495402313447,0.9759728708547635,0.18085279771185914,0.21921281140993995,0.16895340729419667,1.0,74,N_3pct,ck4_p,CK4+P,420,147
1.0,0.9838042295020915,0.9765052478192943,0.17825035163606218,0.2167706259300606,0.17111609963237126,1.0,74,N_3pct,ck4_msp,CK4+MSP,420,211
0.9619047619047619,0.9986966431143307,0.99824192515057,0.050881601490821,0.05929712914849734,0.0006795960747342696,0.9619047619047619,74,N_3pct,p_msp,P+MSP,420,86
1.0,0.9886168042825889,0.9837774335426677,0.14960646164647926,0.18012530595889642,0.11448776072916358,1.0,74,N_3pct,ck4_p_msp,CK4P-MSP,420,222
1.0,0.9798205711855688,0.9727963874945096,0.19947108799490137,0.23325355869803,0.3447036796608467,1.0,74,trim_5bp,ck4,CK4,420,136
0.3047619047619048,0.999931964125943,0.9998641040541837,0.0114121799924524,0.01648611100279847,-4.150342241545276e-06,0.3,74,trim_5bp,p,P,420,11
0.8690476190476191,0.9989701217011586,0.9978553214387109,0.044024113105623944,0.06549316028311634,0.0007091386832933326,0.8690476190476191,74,trim_5bp,msp,MSP,420,75
1.0,0.9898762676557558,0.9863753212789867,0.14129211944521522,0.16507378925178726,0.17288104501178328,1.0,74,trim_5bp,ck4_p,CK4+P,420,147
1.0,0.9893953464433637,0.9857889344314189,0.14466207861728111,0.16858864459199682,0.17473760979597783,1.0,74,trim_5bp,ck4_msp,CK4+MSP,420,211
0.8928571428571429,0.9994510429135508,0.9988951625041005,0.032228424725362824,0.0470071793767332,0.00046353356420461437,0.8928571428571429,74,trim_5bp,p_msp,P+MSP,420,86
1.0,0.9929075523375567,0.9905114420422724,0.1183103259041228,0.13775745276993906,0.11682103591928163,1.0,74,trim_5bp,ck4_p_msp,CK4P-MSP,420,222
1.0,0.9477265445518454,0.8868069513106731,0.3122153244549158,0.47580009009415325,0.3170375763186728,1.0,74,substitution_1pct_N_3pct,ck4,CK4,420,136
0.04285714285714286,0.9982196681245216,0.9978151651563615,0.059591101108430175,0.06610347707846882,-0.0003105148851919949,0.04285714285714286,74,substitution_1pct_N_3pct,p,P,420,11
0.9761904761904762,0.9990697290407516,0.9981963413560269,0.04216991530705864,0.06006094506264358,0.0012177309662819694,0.9761904761904762,74,substitution_1pct_N_3pct,msp,MSP,420,75
1.0,0.9729731063381833,0.9423675959914705,0.22503510377658964,0.3395065798316782,0.15915847985531903,1.0,74,substitution_1pct_N_3pct,ck4_p,CK4+P,420,147
1.0,0.9733981367962985,0.9428874498018999,0.2229673620802988,0.33797179744917216,0.1612272183396079,1.0,74,substitution_1pct_N_3pct,ck4_msp,CK4+MSP,420,211
0.9238095238095239,0.9986446985826365,0.9981926137491341,0.05187623854578093,0.06012297807473787,0.0006316876182254918,0.9238095238095239,74,substitution_1pct_N_3pct,p_msp,P+MSP,420,86
1.0,0.9816719805723728,0.9611966935862094,0.18549328119261652,0.27857956699044545,0.10789707509869331,1.0,74,substitution_1pct_N_3pct,ck4_p_msp,CK4P-MSP,420,222
1.0,0.9285012104466865,0.9018154543169228,0.3753971966456404,0.44313551836940707,0.29417535903717307,1.0,74,local_mismatch_6bp,ck4,CK4,420,136
0.11190476190476191,0.9998901812479496,0.9996695233769318,0.013112890600365612,0.02570895912008578,-8.627575678777737e-05,0.10476190476190476,74,local_mismatch_6bp,p,P,420,11
0.8976190476190476,0.9993059063803607,0.9980198213889041,0.03401107618477285,0.06293136786003213,0.0009674922896232885,0.8976190476190476,74,local_mismatch_6bp,msp,MSP,420,75
1.0,0.964195695847318,0.9508227763459489,0.2656566864879448,0.3136151216172929,0.14758819344141538,1.0,74,local_mismatch_6bp,ck4_p,CK4+P,420,147
1.0,0.9639035584135234,0.9505301376292178,0.2667610417286252,0.3145468178599183,0.14959758272463936,1.0,74,local_mismatch_6bp,ck4_msp,CK4+MSP,420,211
0.8904761904761904,0.9995980438141552,0.9988582743546375,0.025864894688931574,0.04778542875182662,0.0005534176493445379,0.8904761904761904,74,local_mismatch_6bp,p_msp,P+MSP,420,86
1.0,0.9758990993583322,0.9670048952170384,0.21797996499707895,0.2568855614335812,0.10004928831586125,1.0,74,local_mismatch_6bp,ck4_p_msp,CK4P-MSP,420,222
1.0,0.9838875995789315,0.942148760330579,0.12512385365050815,0.34015067152490375,0.34323326128890835,1.0,74,short_indel,ck4,CK4,420,136
0.7595238095238095,0.999994548654254,0.9999789675854377,0.0022551135064701796,0.006485740134000868,1.893440455827664e-05,0.75,74,short_indel,p,P,420,11
1.0,0.9999026582343303,0.9996665485843417,0.009641423774945078,0.025823951232006506,0.0015247355574850862,1.0,74,short_indel,msp,MSP,420,75
1.0,0.9919410741165928,0.9710703878009896,0.08849363842586368,0.2405394445751387,0.17214519669781408,1.0,74,short_indel,ck4_p,CK4+P,420,147
1.0,0.991895128906631,0.9709358302839749,0.0888021845056926,0.24109819100703297,0.1743252829529576,1.0,74,short_indel,ck4_msp,CK4+MSP,420,211
1.0,0.9999486034442923,0.9998299765197696,0.007030513245163118,0.018439670556870163,0.0008820066986845607,1.0,74,short_indel,p_msp,P+MSP,420,86
1.0,0.994594935489172,0.9806207689555776,0.07252103942303781,0.19687168658333828,0.11656025318761143,1.0,74,short_indel,ck4_p_msp,CK4P-MSP,420,222
1.0,0.9758057819382915,0.9211829701972837,0.15831369905934595,0.39703152322877994,0.33355989134328934,1.0,75,substitution_1pct,ck4,CK4,420,136
0.6,0.9999870274734007,0.9999489894208606,0.0034873519340342485,0.010100548813685786,8.916782870544928e-06,0.5857142857142857,75,substitution_1pct,p,P,420,11
1.0,0.9999203336222968,0.999704143998782,0.008936832935896005,0.024325130968058044,0.001548235872502957,1.0,75,substitution_1pct,msp,MSP,420,75
1.0,0.987896404705846,0.9605666521988586,0.111976886598132,0.2808321279083684,0.16726995864576055,1.0,75,substitution_1pct,ck4_p,CK4+P,420,147
1.0,0.9878630577802942,0.9604864739548976,0.11213690689514118,0.2811174693964798,0.16941464398112044,1.0,75,substitution_1pct,ck4_msp,CK4+MSP,420,211
1.0,0.9999536805478488,0.9998275471009352,0.006832136110066682,0.018571638776777054,0.000884828625593197,1.0,75,substitution_1pct,p_msp,P+MSP,420,86
1.0,0.9919043810113297,0.9736410940367431,0.09158561971764964,0.2296035729115022,0.11325614875921378,1.0,75,substitution_1pct,ck4_p_msp,CK4P-MSP,420,222
1.0,0.9696375977046439,0.9575862700156283,0.24425476153304926,0.2912515309273554,0.3364486555759282,1.0,75,N_3pct,ck4,CK4,420,136
0.05,0.9982802489096093,0.9979673319781595,0.0585841609900045,0.06375994990642467,-0.0002841670588570866,0.05,75,N_3pct,p,P,420,11
0.9785714285714285,0.9991435707682808,0.9982715406385246,0.040443857213135787,0.058795551196116146,0.001313920078137193,0.9785714285714285,75,N_3pct,msp,MSP,420,75
1.0,0.9839589233071265,0.9779195058290251,0.17773567880810856,0.2101450544025437,0.16885202034627722,1.0,75,N_3pct,ck4_p,CK4+P,420,147
1.0,0.9843905842364624,0.9783976104535906,0.1752542135404313,0.2078575692341472,0.17086403282107418,1.0,75,N_3pct,ck4_msp,CK4+MSP,420,211
0.9452380952380952,0.9987119098389452,0.9982975851331505,0.05057562598893883,0.05835091869106967,0.0006867628528436927,0.9452380952380952,75,N_3pct,p_msp,P+MSP,420,86
1.0,0.9890204724608447,0.9849908437870025,0.14712933482819673,0.17325791470274315,0.11431768748403043,1.0,75,N_3pct,ck4_p_msp,CK4P-MSP,420,222
1.0,0.9802122828220223,0.9741558354989897,0.1976109308479187,0.22735067407426043,0.3427616710704689,1.0,75,trim_5bp,ck4,CK4,420,136
0.319047619047619,0.9999346979956791,0.9998799983565381,0.011202046263218942,0.015492039305407804,-1.3930301778859138e-06,0.3119047619047619,75,trim_5bp,p,P,420,11
0.8452380952380952,0.9989697168385606,0.9980961087502835,0.04419710380850148,0.06170714641847627,0.0006801288807172335,0.8452380952380952,75,trim_5bp,msp,MSP,420,75
1.0,0.9900734904088508,0.9870579926665898,0.13996893692127407,0.16088509765541933,0.17191285787467844,1.0,75,trim_5bp,ck4_p,CK4+P,420,147
1.0,0.9895909998302914,0.9865397175338233,0.14339065314459395,0.16407474709333214,0.17370047087160476,1.0,75,trim_5bp,ck4_msp,CK4+MSP,420,211
0.8952380952380953,0.9994522074171197,0.999008588693188,0.032303450901000924,0.04452874056363754,0.0004450820811990764,0.8952380952380953,75,trim_5bp,p_msp,P+MSP,420,86
1.0,0.9930388992187541,0.9910069533828152,0.11726594339554285,0.13411209495505483,0.11612887561315323,1.0,75,trim_5bp,ck4_p_msp,CK4P-MSP,420,222
1.0,0.9459201321554281,0.8862909286841204,0.3164566647977056,0.4768812004363005,0.3118332513712252,1.0,75,substitution_1pct_N_3pct,ck4,CK4,420,136
0.03333333333333333,0.9982639354447773,0.9978984960156211,0.05883615789270042,0.0648306098114089,-0.00030081567129964474,0.03333333333333333,75,substitution_1pct_N_3pct,p,P,420,11
0.9880952380952381,0.9991068646423289,0.9983291594964537,0.04142497391563199,0.057807210916412125,0.001251606677195542,0.9880952380952381,75,substitution_1pct_N_3pct,msp,MSP,420,75
1.0,0.9720920338001027,0.9422037089782864,0.2279042005514301,0.3399876740939395,0.15655892452770967,1.0,75,substitution_1pct_N_3pct,ck4_p,CK4+P,420,147
1.0,0.9725134983988786,0.94218120144354,0.22586905556667833,0.340054503824555,0.1586077513398693,1.0,75,substitution_1pct_N_3pct,ck4_msp,CK4+MSP,420,211
0.9452380952380952,0.9986854000435532,0.9982809173031295,0.051102373717929334,0.058635861333388266,0.0006637417451963057,0.9452380952380952,75,substitution_1pct_N_3pct,p_msp,P+MSP,420,86
1.0,0.9810969774141782,0.9608262973865115,0.18775875562274055,0.27990562992599893,0.10614984273051097,1.0,75,substitution_1pct_N_3pct,ck4_p_msp,CK4P-MSP,420,222
1.0,0.9304046513436735,0.902388235798836,0.37036491088350176,0.4418410666834419,0.29621242335810516,1.0,75,local_mismatch_6bp,ck4,CK4,420,136
0.10476190476190476,0.9998888488769201,0.9996764075741216,0.013230802753046682,0.025439827951163802,-8.711864783690375e-05,0.10476190476190476,75,local_mismatch_6bp,p,P,420,11
0.8928571428571429,0.9992882545704512,0.9979916855828533,0.03411232869304675,0.0633768526565862,0.0009537758459028634,0.8928571428571429,75,local_mismatch_6bp,msp,MSP,420,75
1.0,0.9651467501102969,0.9511533488283628,0.262101395074624,0.31255927715876186,0.14859142989627477,1.0,75,local_mismatch_6bp,ck4_p,CK4+P,420,147
1.0,0.9648464529570623,0.9509977163522424,0.2632406369062168,0.3130567067159863,0.15050524383881161,1.0,75,local_mismatch_6bp,ck4_msp,CK4+MSP,420,211
0.8857142857142857,0.9995885517236855,0.9988799169448204,0.025940823651881887,0.04733035885562216,0.0005381745799690738,0.8857142857142857,75,local_mismatch_6bp,p_msp,P+MSP,420,86
1.0,0.9765272515970148,0.967278946608856,0.21510806093820115,0.25581646571927114,0.10063437734006496,1.0,75,local_mismatch_6bp,ck4_p_msp,CK4P-MSP,420,222
1.0,0.9835427746426538,0.9409695146110356,0.12527953447754986,0.3435996479356057,0.33943282012151477,1.0,75,short_indel,ck4,CK4,420,136
0.75,0.99999408455732,0.9999772146246728,0.002347343986027201,0.00675060345286944,1.62926062112019e-05,0.7285714285714285,75,short_indel,p,P,420,11
1.0,0.9999034074883996,0.9996774890631702,0.009674760752663538,0.0253972688642402,0.0015354736967884645,1.0,75,short_indel,msp,MSP,420,75
1.0,0.9917684295999869,0.9704704916829359,0.08860408783376944,0.2430203593466535,0.1702166511274949,1.0,75,short_indel,ck4_p,CK4+P,420,147
1.0,0.9917230910655267,0.9702805587734523,0.08889533807409124,0.24380075429922546,0.1723263568169722,1.0,75,short_indel,ck4_msp,CK4+MSP,420,211
1.0,0.9999487460228598,0.9998334507560122,0.007066094713555652,0.01825098134146881,0.000881815712269887,1.0,75,short_indel,p_msp,P+MSP,420,86
1.0,0.9944800888961243,0.9801775287672465,0.07259741383255863,0.1991102587150544,0.11520319927230134,1.0,75,short_indel,ck4_p_msp,CK4P-MSP,420,222
