length,local_mode,binset,bins,max_bin_count,gamma,n_triplets,noise_l2_mean,local_l2_mean,local_minus_noise_l2_mean,selective_sensitivity_ratio_mean,k_dim,p_dim,m_dim,total_dim,split,classifier,accuracy,macro_f1,accuracy_std,macro_f1_std
50,center,2,2,2,1.0,180,0.38084518843385384,0.2703270510330527,-0.11051813740080114,0.7172224854237707,136,11,10,157,holdout,logistic,0.975,0.9749843652282677,,
50,center,2,2,2,1.0,180,0.38084518843385384,0.2703270510330527,-0.11051813740080114,0.7172224854237707,136,11,10,157,5fold_grouped_cv,logistic,0.95,0.9499097505289456,0.027216552697590882,0.02724818155526856
50,center,2_3,2+3,3,1.0,180,0.3809607457388545,0.270565336135008,-0.11039540960384656,0.7176499443327696,136,11,25,172,holdout,logistic,0.9916666666666667,0.9916660879227724,,
50,center,2_3,2+3,3,1.0,180,0.3809607457388545,0.270565336135008,-0.11039540960384656,0.7176499443327696,136,11,25,172,5fold_grouped_cv,logistic,0.9888888888888889,0.9888835270043064,0.010393492741038726,0.010400659235583804
50,center,2_3_4,2+3+4,4,1.0,180,0.3810910463131649,0.27084824223486076,-0.11024280407830417,0.7181398502521947,136,11,45,192,holdout,logistic,0.9916666666666667,0.9916660879227724,,
50,center,2_3_4,2+3+4,4,1.0,180,0.3810910463131649,0.27084824223486076,-0.11024280407830417,0.7181398502521947,136,11,45,192,5fold_grouped_cv,logistic,0.9833333333333334,0.9833236814444609,0.010393492741038736,0.010402379395098641
50,center,2_3_4_6,2+3+4+6,6,1.0,180,0.3813162888095856,0.27130262058056354,-0.1100136682290221,0.7189020905501567,136,11,75,222,holdout,logistic,0.9833333333333333,0.9833287024173382,,
50,center,2_3_4_6,2+3+4+6,6,1.0,180,0.3813162888095856,0.27130262058056354,-0.1100136682290221,0.7189020905501567,136,11,75,222,5fold_grouped_cv,logistic,0.9833333333333334,0.9833236814444609,0.010393492741038736,0.010402379395098641
50,jittered,2,2,2,1.0,180,0.3785960694723398,0.2701490306862382,-0.10844703878610176,0.7223582487134504,136,11,10,157,holdout,logistic,0.925,0.9248695652173913,,
50,jittered,2,2,2,1.0,180,0.3785960694723398,0.2701490306862382,-0.10844703878610176,0.7223582487134504,136,11,10,157,5fold_grouped_cv,logistic,0.9472222222222222,0.9470922686357761,0.023895347964007323,0.024046230224317344
50,jittered,2_3,2+3,3,1.0,180,0.37870636827222526,0.27040878410526126,-0.10829758416696392,0.7228409130704356,136,11,25,172,holdout,logistic,0.9333333333333333,0.9332591768631813,,
50,jittered,2_3,2+3,3,1.0,180,0.37870636827222526,0.27040878410526126,-0.10829758416696392,0.7228409130704356,136,11,25,172,5fold_grouped_cv,logistic,0.9472222222222223,0.9471291655875061,0.016197088596792492,0.016260981649093825
50,jittered,2_3_4,2+3+4,4,1.0,180,0.3788375180276955,0.2707069448677722,-0.10813057315992332,0.7233816784112502,136,11,45,192,holdout,logistic,0.9583333333333334,0.9582608695652174,,
50,jittered,2_3_4,2+3+4,4,1.0,180,0.3788375180276955,0.2707069448677722,-0.10813057315992332,0.7233816784112502,136,11,45,192,5fold_grouped_cv,logistic,0.9666666666666668,0.9666022095543256,0.01666666666666669,0.01672578629682007
50,jittered,2_3_4_6,2+3+4+6,6,1.0,180,0.3790801285886476,0.27122390081127945,-0.10785622777736815,0.7242756689025505,136,11,75,222,holdout,logistic,0.975,0.9749843652282677,,
50,jittered,2_3_4_6,2+3+4+6,6,1.0,180,0.3790801285886476,0.27122390081127945,-0.10785622777736815,0.7242756689025505,136,11,75,222,5fold_grouped_cv,logistic,0.9833333333333332,0.9833204633204634,0.013608276348795441,0.013618784670300312
50,left,2,2,2,1.0,180,0.37222858707542783,0.26876704943192226,-0.10346153764350569,0.7328602491693077,136,11,10,157,holdout,logistic,0.9583333333333334,0.9582608695652174,,
50,left,2,2,2,1.0,180,0.37222858707542783,0.26876704943192226,-0.10346153764350569,0.7328602491693077,136,11,10,157,5fold_grouped_cv,logistic,0.9638888888888889,0.9638044122627528,0.020786985482077462,0.020898170860518393
50,left,2_3,2+3,3,1.0,180,0.3723491961855681,0.26904988961818566,-0.10329930656738252,0.733389912532396,136,11,25,172,holdout,logistic,0.975,0.9749843652282677,,
50,left,2_3,2+3,3,1.0,180,0.3723491961855681,0.26904988961818566,-0.10329930656738252,0.733389912532396,136,11,25,172,5fold_grouped_cv,logistic,0.975,0.9749564843264714,0.01842569327975224,0.018483731867412718
50,left,2_3_4,2+3+4,4,1.0,180,0.37248138950844545,0.2694912642484835,-0.10299012525996193,0.734270281791304,136,11,45,192,holdout,logistic,0.9666666666666667,0.9666295884315907,,
50,left,2_3_4,2+3+4,4,1.0,180,0.37248138950844545,0.2694912642484835,-0.10299012525996193,0.734270281791304,136,11,45,192,5fold_grouped_cv,logistic,0.975,0.9749564843264714,0.01842569327975224,0.018483731867412718
50,left,2_3_4_6,2+3+4+6,6,1.0,180,0.3727279683062901,0.26991123740764017,-0.10281673089864983,0.7349318830379832,136,11,75,222,holdout,logistic,0.9916666666666667,0.9916660879227724,,
50,left,2_3_4_6,2+3+4+6,6,1.0,180,0.3727279683062901,0.26991123740764017,-0.10281673089864983,0.7349318830379832,136,11,75,222,5fold_grouped_cv,logistic,0.9944444444444445,0.994443372564152,0.006804138174397694,0.0068054509542886
50,right,2,2,2,1.0,180,0.37628567548438535,0.27078555869747517,-0.10550011678691025,0.7246982417849753,136,11,10,157,holdout,logistic,0.9583333333333334,0.9582608695652174,,
50,right,2,2,2,1.0,180,0.37628567548438535,0.27078555869747517,-0.10550011678691025,0.7246982417849753,136,11,10,157,5fold_grouped_cv,logistic,0.9833333333333334,0.9833236814444609,0.010393492741038736,0.010402379395098641
50,right,2_3,2+3,3,1.0,180,0.3764109594958693,0.27103469955369514,-0.10537625994217414,0.7251151199746027,136,11,25,172,holdout,logistic,0.975,0.9749843652282677,,
50,right,2_3,2+3,3,1.0,180,0.3764109594958693,0.27103469955369514,-0.10537625994217414,0.7251151199746027,136,11,25,172,5fold_grouped_cv,logistic,0.986111111111111,0.9861052132863826,0.008784104611578835,0.008790888587498947
50,right,2_3_4,2+3+4,4,1.0,180,0.37653492942229405,0.27131430228858,-0.10522062713371402,0.7256193812776206,136,11,45,192,holdout,logistic,0.9666666666666667,0.9666295884315907,,
50,right,2_3_4,2+3+4,4,1.0,180,0.37653492942229405,0.27131430228858,-0.10522062713371402,0.7256193812776206,136,11,45,192,5fold_grouped_cv,logistic,0.9805555555555555,0.9805453677265369,0.0068041381743977475,0.006813333716011713
50,right,2_3_4_6,2+3+4+6,6,1.0,180,0.37678184202224163,0.27191235521622226,-0.10486948680601939,0.7267284177641499,136,11,75,222,holdout,logistic,0.9916666666666667,0.9916660879227724,,
50,right,2_3_4_6,2+3+4+6,6,1.0,180,0.37678184202224163,0.27191235521622226,-0.10486948680601939,0.7267284177641499,136,11,75,222,5fold_grouped_cv,logistic,0.9916666666666668,0.991665058846228,0.006804138174397693,0.0068054509542886
51,center,2,2,2,1.0,180,0.37691229925425945,0.26495550758913083,-0.11195679166512872,0.7093246163527113,136,11,10,157,holdout,logistic,0.8833333333333333,0.8830409356725146,,
51,center,2,2,2,1.0,180,0.37691229925425945,0.26495550758913083,-0.11195679166512872,0.7093246163527113,136,11,10,157,5fold_grouped_cv,logistic,0.9527777777777778,0.9527042047167106,0.0068041381743977475,0.006831960512187961
51,center,2_3,2+3,3,1.0,180,0.3770427443743311,0.2652202489692048,-0.11182249540512623,0.7097672674979443,136,11,25,172,holdout,logistic,0.9916666666666667,0.9916660879227724,,
51,center,2_3,2+3,3,1.0,180,0.3770427443743311,0.2652202489692048,-0.11182249540512623,0.7097672674979443,136,11,25,172,5fold_grouped_cv,logistic,0.986111111111111,0.9861052132863826,0.008784104611578835,0.008790888587498949
51,center,2_3_4,2+3+4,4,1.0,180,0.37716730067260534,0.26545358280492193,-0.11171371786768339,0.710145725094915,136,11,45,192,holdout,logistic,0.975,0.9749982637683172,,
51,center,2_3_4,2+3+4,4,1.0,180,0.37716730067260534,0.26545358280492193,-0.11171371786768339,0.710145725094915,136,11,45,192,5fold_grouped_cv,logistic,0.986111111111111,0.9861052132863826,0.008784104611578835,0.008790888587498949
51,center,2_3_4_6,2+3+4+6,6,1.0,180,0.37737701111100835,0.26594095417408836,-0.11143605693692005,0.7110305988045427,136,11,75,222,holdout,logistic,0.9833333333333333,0.9833287024173382,,
51,center,2_3_4_6,2+3+4+6,6,1.0,180,0.37737701111100835,0.26594095417408836,-0.11143605693692005,0.7110305988045427,136,11,75,222,5fold_grouped_cv,logistic,0.9833333333333334,0.9833236814444609,0.010393492741038736,0.010402379395098641
51,jittered,2,2,2,1.0,180,0.371270835515235,0.26967230476449777,-0.10159853075073715,0.7332485749994441,136,11,10,157,holdout,logistic,0.9166666666666666,0.9164578111946533,,
51,jittered,2,2,2,1.0,180,0.371270835515235,0.26967230476449777,-0.10159853075073715,0.7332485749994441,136,11,10,157,5fold_grouped_cv,logistic,0.9111111111111111,0.9109876135365672,0.02576005137637696,0.025811680691271613
51,jittered,2_3,2+3,3,1.0,180,0.37140036967343,0.2699076348802778,-0.1014927347931522,0.7336235330328638,136,11,25,172,holdout,logistic,0.925,0.9247439202843007,,
51,jittered,2_3,2+3,3,1.0,180,0.37140036967343,0.2699076348802778,-0.1014927347931522,0.7336235330328638,136,11,25,172,5fold_grouped_cv,logistic,0.9111111111111111,0.9109607294543467,0.03888888888888891,0.03900020881904223
51,jittered,2_3_4,2+3+4,4,1.0,180,0.37153148683191994,0.27015709186642645,-0.10137439496549362,0.7340324495578227,136,11,45,192,holdout,logistic,0.9083333333333333,0.9078147915357218,,
51,jittered,2_3_4,2+3+4,4,1.0,180,0.37153148683191994,0.27015709186642645,-0.10137439496549362,0.7340324495578227,136,11,45,192,5fold_grouped_cv,logistic,0.9333333333333333,0.9332678666205496,0.013608276348795453,0.013631562335692014
51,jittered,2_3_4_6,2+3+4+6,6,1.0,180,0.3717748758025053,0.27058423316160035,-0.10119064264090491,0.7346930744315437,136,11,75,222,holdout,logistic,0.9583333333333334,0.9582608695652174,,
51,jittered,2_3_4_6,2+3+4+6,6,1.0,180,0.3717748758025053,0.27058423316160035,-0.10119064264090491,0.7346930744315437,136,11,75,222,5fold_grouped_cv,logistic,0.9555555555555555,0.9555093601812962,0.010393492741038736,0.01043868327420116
51,left,2,2,2,1.0,180,0.37290132699613615,0.2684169511692785,-0.1044843758268577,0.7263004213656075,136,11,10,157,holdout,logistic,0.9916666666666667,0.9916660879227724,,
51,left,2,2,2,1.0,180,0.37290132699613615,0.2684169511692785,-0.1044843758268577,0.7263004213656075,136,11,10,157,5fold_grouped_cv,logistic,0.9805555555555555,0.9805421496025393,0.01111111111111112,0.011120496087229157
51,left,2_3,2+3,3,1.0,180,0.3730316615061336,0.268659863439272,-0.1043717980668617,0.7267049375045348,136,11,25,172,holdout,logistic,0.975,0.9749843652282677,,
51,left,2_3,2+3,3,1.0,180,0.3730316615061336,0.268659863439272,-0.1043717980668617,0.7267049375045348,136,11,25,172,5fold_grouped_cv,logistic,0.9777777777777779,0.9777541690754283,0.01416394309331329,0.014186894319585907
51,left,2_3_4,2+3+4,4,1.0,180,0.37316501772005733,0.26888090062521613,-0.10428411709484116,0.7270331822488544,136,11,45,192,holdout,logistic,0.9833333333333333,0.9833287024173382,,
51,left,2_3_4,2+3+4,4,1.0,180,0.37316501772005733,0.26888090062521613,-0.10428411709484116,0.7270331822488544,136,11,45,192,5fold_grouped_cv,logistic,0.9833333333333334,0.9833236814444609,0.010393492741038736,0.010402379395098641
51,left,2_3_4_6,2+3+4+6,6,1.0,180,0.3733889327403449,0.269269248315334,-0.10411968442501096,0.7276391971672644,136,11,75,222,holdout,logistic,0.9916666666666667,0.9916660879227724,,
51,left,2_3_4_6,2+3+4+6,6,1.0,180,0.3733889327403449,0.269269248315334,-0.10411968442501096,0.7276391971672644,136,11,75,222,5fold_grouped_cv,logistic,0.9888888888888889,0.9888835270043064,0.010393492741038726,0.010400659235583804
51,right,2,2,2,1.0,180,0.36931967207478383,0.27038478696746177,-0.09893488510732217,0.7390101047190576,136,11,10,157,holdout,logistic,0.9583333333333334,0.9583304396138621,,
51,right,2,2,2,1.0,180,0.36931967207478383,0.27038478696746177,-0.09893488510732217,0.7390101047190576,136,11,10,157,5fold_grouped_cv,logistic,0.9638888888888889,0.9638206777124042,0.014163943093313307,0.014219185995723693
51,right,2_3,2+3,3,1.0,180,0.3694378586857902,0.2706440181548281,-0.09879384053096205,0.7394754035633047,136,11,25,172,holdout,logistic,0.975,0.9749843652282677,,
51,right,2_3,2+3,3,1.0,180,0.3694378586857902,0.2706440181548281,-0.09879384053096205,0.7394754035633047,136,11,25,172,5fold_grouped_cv,logistic,0.9805555555555557,0.9805421496025393,0.011111111111111122,0.011120496087229157
51,right,2_3_4,2+3+4,4,1.0,180,0.369564966454872,0.2708595166994135,-0.09870544975545853,0.7398019787917952,136,11,45,192,holdout,logistic,0.9666666666666667,0.9666295884315907,,
51,right,2_3_4,2+3+4,4,1.0,180,0.369564966454872,0.2708595166994135,-0.09870544975545853,0.7398019787917952,136,11,45,192,5fold_grouped_cv,logistic,0.975,0.9749758553575043,0.010393492741038736,0.010417882915794707
51,right,2_3_4_6,2+3+4+6,6,1.0,180,0.36978995606554727,0.27144227862808373,-0.0983476774374635,0.7409334558843597,136,11,75,222,holdout,logistic,1.0,1.0,,
51,right,2_3_4_6,2+3+4+6,6,1.0,180,0.36978995606554727,0.27144227862808373,-0.0983476774374635,0.7409334558843597,136,11,75,222,5fold_grouped_cv,logistic,0.9944444444444445,0.9944401544401543,0.011111111111111117,0.011119691119691133
52,center,2,2,2,1.0,180,0.36969456487882624,0.26554459484431947,-0.10414997003450673,0.7271947608406418,136,11,10,157,holdout,logistic,0.9583333333333334,0.9583072753804461,,
52,center,2,2,2,1.0,180,0.36969456487882624,0.26554459484431947,-0.10414997003450673,0.7271947608406418,136,11,10,157,5fold_grouped_cv,logistic,0.961111111111111,0.961070320007531,0.018425693279752225,0.01846746477264177
52,center,2_3,2+3,3,1.0,180,0.36979857348337,0.2657359770294231,-0.10406259645394692,0.7274965658784766,136,11,25,172,holdout,logistic,0.9916666666666667,0.9916660879227724,,
52,center,2_3,2+3,3,1.0,180,0.36979857348337,0.2657359770294231,-0.10406259645394692,0.7274965658784766,136,11,25,172,5fold_grouped_cv,logistic,0.986111111111111,0.9861052132863826,0.008784104611578835,0.008790888587498947
52,center,2_3_4,2+3+4,4,1.0,180,0.3699196791189467,0.2660308483665296,-0.10388883075241714,0.7280604779527032,136,11,45,192,holdout,logistic,0.9916666666666667,0.9916660879227724,,
52,center,2_3_4,2+3+4,4,1.0,180,0.3699196791189467,0.2660308483665296,-0.10388883075241714,0.7280604779527032,136,11,45,192,5fold_grouped_cv,logistic,0.9916666666666668,0.9916618407222305,0.01111111111111111,0.011118887025293532
52,center,2_3_4_6,2+3+4+6,6,1.0,180,0.3701310802306796,0.26656175134167676,-0.10356932888900283,0.7290750092877002,136,11,75,222,holdout,logistic,0.9916666666666667,0.9916660879227724,,
52,center,2_3_4_6,2+3+4+6,6,1.0,180,0.3701310802306796,0.26656175134167676,-0.10356932888900283,0.7290750092877002,136,11,75,222,5fold_grouped_cv,logistic,0.986111111111111,0.9861019951623848,0.012422599874998837,0.012432193032727345
52,jittered,2,2,2,1.0,180,0.36911973615268623,0.2655023728148583,-0.10361736333782802,0.7277743503676529,136,11,10,157,holdout,logistic,0.9333333333333333,0.9332591768631813,,
52,jittered,2,2,2,1.0,180,0.36911973615268623,0.2655023728148583,-0.10361736333782802,0.7277743503676529,136,11,10,157,5fold_grouped_cv,logistic,0.925,0.9247274303487801,0.022566773346211006,0.02280084171039355
52,jittered,2_3,2+3,3,1.0,180,0.3692301207093035,0.26578005879793903,-0.10345006191136442,0.7283163897519274,136,11,25,172,holdout,logistic,0.9583333333333334,0.9583072753804461,,
52,jittered,2_3,2+3,3,1.0,180,0.3692301207093035,0.26578005879793903,-0.10345006191136442,0.7283163897519274,136,11,25,172,5fold_grouped_cv,logistic,0.9305555555555556,0.9304094914481714,0.008784104611578835,0.008969256993666524
52,jittered,2_3_4,2+3+4,4,1.0,180,0.3693608831688154,0.266006585799819,-0.10335429736899633,0.7286578349727294,136,11,45,192,holdout,logistic,0.9916666666666667,0.9916660879227724,,
52,jittered,2_3_4,2+3+4,4,1.0,180,0.3693608831688154,0.266006585799819,-0.10335429736899633,0.7286578349727294,136,11,45,192,5fold_grouped_cv,logistic,0.95,0.9499484826441347,0.01416394309331329,0.014185257250272766
52,jittered,2_3_4_6,2+3+4+6,6,1.0,180,0.36958688765127984,0.26646513339337397,-0.10312175425790586,0.7294638783196086,136,11,75,222,holdout,logistic,0.9916666666666667,0.9916660879227724,,
52,jittered,2_3_4_6,2+3+4+6,6,1.0,180,0.36958688765127984,0.26646513339337397,-0.10312175425790586,0.7294638783196086,136,11,75,222,5fold_grouped_cv,logistic,0.9694444444444444,0.9693805232722497,0.020412414523193156,0.020469900909452436
52,left,2,2,2,1.0,180,0.3701269764820119,0.2652019637785215,-0.1049250127034904,0.7240605955981877,136,11,10,157,holdout,logistic,0.95,0.949874686716792,,
52,left,2,2,2,1.0,180,0.3701269764820119,0.2652019637785215,-0.1049250127034904,0.7240605955981877,136,11,10,157,5fold_grouped_cv,logistic,0.9638888888888889,0.9637524841341332,0.025760051376376984,0.02597460505580513
52,left,2_3,2+3,3,1.0,180,0.3702440763578344,0.2654528207265237,-0.1047912556313108,0.7245008026099362,136,11,25,172,holdout,logistic,0.9583333333333334,0.9582608695652174,,
52,left,2_3,2+3,3,1.0,180,0.3702440763578344,0.2654528207265237,-0.1047912556313108,0.7245008026099362,136,11,25,172,5fold_grouped_cv,logistic,0.9777777777777779,0.9777638358846155,0.0068041381743977475,0.006813333716011712
52,left,2_3_4,2+3+4,4,1.0,180,0.37036947335964876,0.2657511070612674,-0.10461836629838132,0.7250586946630351,136,11,45,192,holdout,logistic,0.9666666666666667,0.9666295884315907,,
52,left,2_3_4,2+3+4,4,1.0,180,0.37036947335964876,0.2657511070612674,-0.10461836629838132,0.7250586946630351,136,11,45,192,5fold_grouped_cv,logistic,0.986111111111111,0.9861084314103801,1.1102230246251565e-16,0.0
52,left,2_3_4_6,2+3+4+6,6,1.0,180,0.3706018885678301,0.2660724311948108,-0.10452945737301932,0.7254490569400435,136,11,75,222,holdout,logistic,1.0,1.0,,
52,left,2_3_4_6,2+3+4+6,6,1.0,180,0.3706018885678301,0.2660724311948108,-0.10452945737301932,0.7254490569400435,136,11,75,222,5fold_grouped_cv,logistic,0.9888888888888889,0.9888835270043064,0.010393492741038724,0.010400659235583804
52,right,2,2,2,1.0,180,0.36855209348337264,0.26116625397598314,-0.10738583950738949,0.7163047744466786,136,11,10,157,holdout,logistic,0.9666666666666667,0.9666295884315907,,
52,right,2,2,2,1.0,180,0.36855209348337264,0.26116625397598314,-0.10738583950738949,0.7163047744466786,136,11,10,157,5fold_grouped_cv,logistic,0.9722222222222223,0.97217495248455,0.01756820922315767,0.01762262833604202
52,right,2_3,2+3,3,1.0,180,0.36866700027034116,0.2613549718497496,-0.1073120284205916,0.716587439557733,136,11,25,172,holdout,logistic,0.9833333333333333,0.9833287024173382,,
52,right,2_3,2+3,3,1.0,180,0.36866700027034116,0.2613549718497496,-0.1073120284205916,0.716587439557733,136,11,25,172,5fold_grouped_cv,logistic,0.975,0.9749661885483174,0.016197088596792496,0.016227286797398356
52,right,2_3_4,2+3+4,4,1.0,180,0.36879943422937644,0.26164658974304855,-0.10715284448632782,0.7171272964528836,136,11,45,192,holdout,logistic,0.975,0.9749843652282677,,
52,right,2_3_4,2+3+4,4,1.0,180,0.36879943422937644,0.26164658974304855,-0.10715284448632782,0.7171272964528836,136,11,45,192,5fold_grouped_cv,logistic,0.9722222222222221,0.9721685037993606,0.019641855032959663,0.01970039159291396
52,right,2_3_4_6,2+3+4+6,6,1.0,180,0.36901994326390763,0.2620044511655363,-0.10701549209837134,0.7176696435364739,136,11,75,222,holdout,logistic,0.975,0.9749843652282677,,
52,right,2_3_4_6,2+3+4+6,6,1.0,180,0.36901994326390763,0.2620044511655363,-0.10701549209837134,0.7176696435364739,136,11,75,222,5fold_grouped_cv,logistic,0.986111111111111,0.9861052132863826,0.008784104611578835,0.008790888587498949
53,center,2,2,2,1.0,180,0.36435031142303054,0.2612132380511226,-0.10313707337190796,0.7254768869296734,136,11,10,157,holdout,logistic,0.925,0.9248695652173913,,
53,center,2,2,2,1.0,180,0.36435031142303054,0.2612132380511226,-0.10313707337190796,0.7254768869296734,136,11,10,157,5fold_grouped_cv,logistic,0.9388888888888889,0.9385165317905256,0.03239417719358502,0.03284457573286094
53,center,2_3,2+3,3,1.0,180,0.36447819772874723,0.261391146201468,-0.10308705152727929,0.7257334217193675,136,11,25,172,holdout,logistic,0.9916666666666667,0.9916660879227724,,
53,center,2_3,2+3,3,1.0,180,0.36447819772874723,0.261391146201468,-0.10308705152727929,0.7257334217193675,136,11,25,172,5fold_grouped_cv,logistic,0.986111111111111,0.9860955464771954,0.0152145154862546,0.01524097914422085
53,center,2_3_4,2+3+4,4,1.0,180,0.36461560246574254,0.2616857102477157,-0.10292989221802683,0.7262593598196836,136,11,45,192,holdout,logistic,0.9916666666666667,0.9916660879227724,,
53,center,2_3_4,2+3+4,4,1.0,180,0.36461560246574254,0.2616857102477157,-0.10292989221802683,0.7262593598196836,136,11,45,192,5fold_grouped_cv,logistic,0.9833333333333334,0.983314014635274,0.016197088596792496,0.016222313124866064
53,center,2_3_4_6,2+3+4+6,6,1.0,180,0.3648268422532564,0.2620902901392995,-0.10273655211395687,0.7269356394724769,136,11,75,222,holdout,logistic,0.9916666666666667,0.9916660879227724,,
53,center,2_3_4_6,2+3+4+6,6,1.0,180,0.3648268422532564,0.2620902901392995,-0.10273655211395687,0.7269356394724769,136,11,75,222,5fold_grouped_cv,logistic,0.9805555555555557,0.9805357009173499,0.01416394309331329,0.014188789501230384
53,jittered,2,2,2,1.0,180,0.3590025499727951,0.2611510028518988,-0.09785154712089626,0.7353613426075815,136,11,10,157,holdout,logistic,0.9416666666666667,0.9416301855326246,,
53,jittered,2,2,2,1.0,180,0.3590025499727951,0.2611510028518988,-0.09785154712089626,0.7353613426075815,136,11,10,157,5fold_grouped_cv,logistic,0.9472222222222223,0.946991552909798,0.026931554763424063,0.0272412957365751
53,jittered,2_3,2+3,3,1.0,180,0.35911145610416767,0.26139044383408205,-0.09772101227008562,0.7358078440606616,136,11,25,172,holdout,logistic,0.9166666666666666,0.9165739710789766,,
53,jittered,2_3,2+3,3,1.0,180,0.35911145610416767,0.26139044383408205,-0.09772101227008562,0.7358078440606616,136,11,25,172,5fold_grouped_cv,logistic,0.95,0.9499247667855208,0.033564016593318285,0.03368551578956334
53,jittered,2_3_4,2+3+4,4,1.0,180,0.3592331434222151,0.26166505165954695,-0.0975680917626682,0.7363221449567227,136,11,45,192,holdout,logistic,0.9166666666666666,0.9165739710789766,,
53,jittered,2_3_4,2+3+4,4,1.0,180,0.3592331434222151,0.26166505165954695,-0.0975680917626682,0.7363221449567227,136,11,45,192,5fold_grouped_cv,logistic,0.9583333333333334,0.9583156398591474,0.03167153958608718,0.031679064068533234
53,jittered,2_3_4_6,2+3+4+6,6,1.0,180,0.3594535181767701,0.26208722929832223,-0.09736628887844784,0.737044471332738,136,11,75,222,holdout,logistic,0.95,0.9499861072520144,,
53,jittered,2_3_4_6,2+3+4+6,6,1.0,180,0.3594535181767701,0.26208722929832223,-0.09736628887844784,0.737044471332738,136,11,75,222,5fold_grouped_cv,logistic,0.9583333333333334,0.9583199273803171,0.03928371006591933,0.03928485141497268
53,left,2,2,2,1.0,180,0.36448496523623575,0.2601750942175884,-0.10430987101864737,0.7228519523519098,136,11,10,157,holdout,logistic,0.9916666666666667,0.9916660879227724,,
53,left,2,2,2,1.0,180,0.36448496523623575,0.2601750942175884,-0.10430987101864737,0.7228519523519098,136,11,10,157,5fold_grouped_cv,logistic,0.9638888888888889,0.9638432294547756,0.01883980550868133,0.01888343578457698
53,left,2_3,2+3,3,1.0,180,0.3646051982655545,0.26046199289837463,-0.10414320536717984,0.7234026088395413,136,11,25,172,holdout,logistic,0.9833333333333333,0.9833287024173382,,
53,left,2_3,2+3,3,1.0,180,0.3646051982655545,0.26046199289837463,-0.10414320536717984,0.7234026088395413,136,11,25,172,5fold_grouped_cv,logistic,0.9777777777777779,0.9777541690754283,0.01416394309331329,0.014186894319585907
53,left,2_3_4,2+3+4,4,1.0,180,0.3647287312757072,0.26075132185371563,-0.10397740942199157,0.7239566481882649,136,11,45,192,holdout,logistic,0.9916666666666667,0.9916660879227724,,
53,left,2_3_4,2+3+4,4,1.0,180,0.3647287312757072,0.26075132185371563,-0.10397740942199157,0.7239566481882649,136,11,45,192,5fold_grouped_cv,logistic,0.975,0.9749597024504691,0.01619708859679253,0.016261622845614346
53,left,2_3_4_6,2+3+4+6,6,1.0,180,0.36494705258884685,0.26114070650792925,-0.1038063460809176,0.7245753189689229,136,11,75,222,holdout,logistic,0.9916666666666667,0.9916660879227724,,
53,left,2_3_4_6,2+3+4+6,6,1.0,180,0.36494705258884685,0.26114070650792925,-0.1038063460809176,0.7245753189689229,136,11,75,222,5fold_grouped_cv,logistic,0.986111111111111,0.9861019951623848,0.012422599874998838,0.012432193032727346
53,right,2,2,2,1.0,180,0.36607696716496857,0.2572115206200382,-0.10886544654493038,0.7086128148100416,136,11,10,157,holdout,logistic,0.9583333333333334,0.9582608695652174,,
53,right,2,2,2,1.0,180,0.36607696716496857,0.2572115206200382,-0.10886544654493038,0.7086128148100416,136,11,10,157,5fold_grouped_cv,logistic,0.9805555555555555,0.98053570091735,0.01416394309331329,0.014188789501230384
53,right,2_3,2+3,3,1.0,180,0.3661777382525859,0.25742164696308406,-0.10875609128950185,0.7089934974270579,136,11,25,172,holdout,logistic,0.975,0.9749843652282677,,
53,right,2_3,2+3,3,1.0,180,0.3661777382525859,0.25742164696308406,-0.10875609128950185,0.7089934974270579,136,11,25,172,5fold_grouped_cv,logistic,0.9833333333333334,0.9833268995684584,0.005555555555555581,0.005563063683843162
53,right,2_3_4,2+3+4,4,1.0,180,0.36628880403847935,0.2576841882503125,-0.10860461578816684,0.709485336060281,136,11,45,192,holdout,logistic,0.9666666666666667,0.9666295884315907,,
53,right,2_3_4,2+3+4,4,1.0,180,0.36628880403847935,0.2576841882503125,-0.10860461578816684,0.709485336060281,136,11,45,192,5fold_grouped_cv,logistic,0.9805555555555555,0.9805453677265369,0.0068041381743977475,0.006813333716011712
53,right,2_3_4_6,2+3+4+6,6,1.0,180,0.3664935490388958,0.2580539409824039,-0.10843960805649194,0.7100879362254593,136,11,75,222,holdout,logistic,0.975,0.9749843652282677,,
53,right,2_3_4_6,2+3+4+6,6,1.0,180,0.3664935490388958,0.2580539409824039,-0.10843960805649194,0.7100879362254593,136,11,75,222,5fold_grouped_cv,logistic,0.9888888888888889,0.9888867451283041,0.005555555555555536,0.005556627435847972
54,center,2,2,2,1.0,180,0.3618621085605565,0.25419693984035796,-0.10766516872019855,0.7090176675712403,136,11,10,157,holdout,logistic,0.9583333333333334,0.9583072753804461,,
54,center,2,2,2,1.0,180,0.3618621085605565,0.25419693984035796,-0.10766516872019855,0.7090176675712403,136,11,10,157,5fold_grouped_cv,logistic,0.961111111111111,0.9610746199586975,0.005555555555555536,0.005563150729215575
54,center,2_3,2+3,3,1.0,180,0.3619785036812005,0.2543488265491931,-0.10762967713200747,0.7092071504179717,136,11,25,172,holdout,logistic,0.975,0.9749843652282677,,
54,center,2_3,2+3,3,1.0,180,0.3619785036812005,0.2543488265491931,-0.10762967713200747,0.7092071504179717,136,11,25,172,5fold_grouped_cv,logistic,0.9944444444444445,0.994443372564152,0.006804138174397694,0.0068054509542886
54,center,2_3_4,2+3+4,4,1.0,180,0.3620905304992029,0.2546213145991998,-0.10746921590000313,0.7097470620091659,136,11,45,192,holdout,logistic,0.975,0.9749843652282677,,
54,center,2_3_4,2+3+4,4,1.0,180,0.3620905304992029,0.2546213145991998,-0.10746921590000313,0.7097470620091659,136,11,45,192,5fold_grouped_cv,logistic,0.9805555555555555,0.98053570091735,0.01416394309331329,0.014188789501230384
54,center,2_3_4_6,2+3+4+6,6,1.0,180,0.3622987658379382,0.2550625108122995,-0.10723625502563865,0.710562752728064,136,11,75,222,holdout,logistic,0.9833333333333333,0.9833287024173382,,
54,center,2_3_4_6,2+3+4+6,6,1.0,180,0.3622987658379382,0.2550625108122995,-0.10723625502563865,0.710562752728064,136,11,75,222,5fold_grouped_cv,logistic,0.9833333333333334,0.9833236814444609,0.010393492741038736,0.010402379395098641
54,jittered,2,2,2,1.0,180,0.36163715012124953,0.2557052027164737,-0.10593194740477578,0.714372489975145,136,11,10,157,holdout,logistic,0.95,0.949944382647386,,
54,jittered,2,2,2,1.0,180,0.36163715012124953,0.2557052027164737,-0.10593194740477578,0.714372489975145,136,11,10,157,5fold_grouped_cv,logistic,0.9638888888888889,0.9638701061309757,0.01111111111111111,0.01111517476587737
54,jittered,2_3,2+3,3,1.0,180,0.3617562742122572,0.255931164443711,-0.10582510976854617,0.7147558261676079,136,11,25,172,holdout,logistic,0.95,0.9499861072520144,,
54,jittered,2_3,2+3,3,1.0,180,0.3617562742122572,0.255931164443711,-0.10582510976854617,0.7147558261676079,136,11,25,172,5fold_grouped_cv,logistic,0.9666666666666668,0.96664842233202,0.01111111111111111,0.011123481134330945
54,jittered,2_3_4,2+3+4,4,1.0,180,0.3618786029006424,0.256190864785909,-0.10568773811473342,0.7152280345816101,136,11,45,192,holdout,logistic,0.975,0.9749843652282677,,
54,jittered,2_3_4,2+3+4,4,1.0,180,0.3618786029006424,0.256190864785909,-0.10568773811473342,0.7152280345816101,136,11,45,192,5fold_grouped_cv,logistic,0.9916666666666668,0.991665058846228,0.006804138174397694,0.0068054509542886
54,jittered,2_3_4_6,2+3+4+6,6,1.0,180,0.3620777961534736,0.2566580321608791,-0.10541976399259452,0.7161192280229831,136,11,75,222,holdout,logistic,0.9666666666666667,0.9666295884315907,,
54,jittered,2_3_4_6,2+3+4+6,6,1.0,180,0.3620777961534736,0.2566580321608791,-0.10541976399259452,0.7161192280229831,136,11,75,222,5fold_grouped_cv,logistic,0.975,0.9749758553575043,0.010393492741038736,0.010417882915794707
54,left,2,2,2,1.0,180,0.36141704555730664,0.2582855375759321,-0.10313150798137452,0.72194396760756,136,11,10,157,holdout,logistic,0.9583333333333334,0.9582608695652174,,
54,left,2,2,2,1.0,180,0.36141704555730664,0.2582855375759321,-0.10313150798137452,0.72194396760756,136,11,10,157,5fold_grouped_cv,logistic,0.9805555555555557,0.9805357009173499,0.01416394309331329,0.014188789501230384
54,left,2_3,2+3,3,1.0,180,0.36153667428621605,0.2585011074492607,-0.10303556683695535,0.7222864678902092,136,11,25,172,holdout,logistic,0.9833333333333333,0.9833287024173382,,
54,left,2_3,2+3,3,1.0,180,0.36153667428621605,0.2585011074492607,-0.10303556683695535,0.7222864678902092,136,11,25,172,5fold_grouped_cv,logistic,0.9833333333333334,0.9833236814444609,0.010393492741038736,0.010402379395098641
54,left,2_3_4,2+3+4,4,1.0,180,0.361655194844904,0.25877521426823447,-0.10287998057666956,0.7227966634643362,136,11,45,192,holdout,logistic,0.9833333333333333,0.9833287024173382,,
54,left,2_3_4,2+3+4,4,1.0,180,0.361655194844904,0.25877521426823447,-0.10287998057666956,0.7227966634643362,136,11,45,192,5fold_grouped_cv,logistic,0.986111111111111,0.9861019951623848,0.012422599874998837,0.012432193032727345
54,left,2_3_4_6,2+3+4+6,6,1.0,180,0.3618704929027425,0.25914552053793954,-0.10272497236480287,0.7233873111363754,136,11,75,222,holdout,logistic,0.9916666666666667,0.9916660879227724,,
54,left,2_3_4_6,2+3+4+6,6,1.0,180,0.3618704929027425,0.25914552053793954,-0.10272497236480287,0.7233873111363754,136,11,75,222,5fold_grouped_cv,logistic,0.9916666666666668,0.991665058846228,0.006804138174397693,0.0068054509542886
54,right,2,2,2,1.0,180,0.3634817417218805,0.2546130277041313,-0.10886871401774924,0.7079179532622414,136,11,10,157,holdout,logistic,0.9583333333333334,0.9582608695652174,,
54,right,2,2,2,1.0,180,0.3634817417218805,0.2546130277041313,-0.10886871401774924,0.7079179532622414,136,11,10,157,5fold_grouped_cv,logistic,0.9833333333333334,0.9833236814444609,0.010393492741038736,0.010402379395098641
54,right,2_3,2+3,3,1.0,180,0.36359411957469756,0.2548686713473101,-0.10872544822738747,0.70840302241608,136,11,25,172,holdout,logistic,0.975,0.9749843652282677,,
54,right,2_3,2+3,3,1.0,180,0.36359411957469756,0.2548686713473101,-0.10872544822738747,0.70840302241608,136,11,25,172,5fold_grouped_cv,logistic,0.9805555555555557,0.9805357009173499,0.01416394309331329,0.014188789501230384
54,right,2_3_4,2+3+4,4,1.0,180,0.36372429788722055,0.25506170317243093,-0.10866259471478973,0.7086821651596036,136,11,45,192,holdout,logistic,0.9666666666666667,0.9666295884315907,,
54,right,2_3_4,2+3+4,4,1.0,180,0.36372429788722055,0.25506170317243093,-0.10866259471478973,0.7086821651596036,136,11,45,192,5fold_grouped_cv,logistic,0.9777777777777779,0.9777541690754283,0.01416394309331329,0.014186894319585907
54,right,2_3_4_6,2+3+4+6,6,1.0,180,0.3639276151669095,0.2555585648797961,-0.10836905028711347,0.7096490453064099,136,11,75,222,holdout,logistic,0.975,0.9749843652282677,,
54,right,2_3_4_6,2+3+4+6,6,1.0,180,0.3639276151669095,0.2555585648797961,-0.10836905028711347,0.7096490453064099,136,11,75,222,5fold_grouped_cv,logistic,0.986111111111111,0.9861019951623848,0.012422599874998837,0.012432193032727345
55,center,2,2,2,1.0,180,0.35548013063127804,0.252069755981035,-0.10341037465024316,0.7156445094798985,136,11,10,157,holdout,logistic,0.9583333333333334,0.9583304396138621,,
55,center,2,2,2,1.0,180,0.35548013063127804,0.252069755981035,-0.10341037465024316,0.7156445094798985,136,11,10,157,5fold_grouped_cv,logistic,0.961111111111111,0.961061735025513,0.005555555555555536,0.005569574479131133
55,center,2_3,2+3,3,1.0,180,0.35558201500184466,0.25228422859356403,-0.1032977864082806,0.7160301725665843,136,11,25,172,holdout,logistic,0.9833333333333333,0.9833287024173382,,
55,center,2_3,2+3,3,1.0,180,0.35558201500184466,0.25228422859356403,-0.1032977864082806,0.7160301725665843,136,11,25,172,5fold_grouped_cv,logistic,0.9944444444444445,0.994443372564152,0.006804138174397694,0.0068054509542886
55,center,2_3_4,2+3+4,4,1.0,180,0.35570920320829674,0.25249825466090825,-0.10321094854738855,0.716377188430536,136,11,45,192,holdout,logistic,0.9916666666666667,0.9916660879227724,,
55,center,2_3_4,2+3+4,4,1.0,180,0.35570920320829674,0.25249825466090825,-0.10321094854738855,0.716377188430536,136,11,45,192,5fold_grouped_cv,logistic,0.9916666666666668,0.991665058846228,0.006804138174397694,0.0068054509542886
55,center,2_3_4_6,2+3+4+6,6,1.0,180,0.35591311079754645,0.25294974556524175,-0.10296336523230468,0.7172390807960246,136,11,75,222,holdout,logistic,0.9916666666666667,0.9916660879227724,,
55,center,2_3_4_6,2+3+4+6,6,1.0,180,0.35591311079754645,0.25294974556524175,-0.10296336523230468,0.7172390807960246,136,11,75,222,5fold_grouped_cv,logistic,0.9944444444444445,0.994443372564152,0.006804138174397694,0.0068054509542886
55,jittered,2,2,2,1.0,180,0.3599913143390729,0.25353352629329273,-0.1064577880457802,0.7105167094482197,136,11,10,157,holdout,logistic,0.9416666666666667,0.9415652173913043,,
55,jittered,2,2,2,1.0,180,0.3599913143390729,0.25353352629329273,-0.1064577880457802,0.7105167094482197,136,11,10,157,5fold_grouped_cv,logistic,0.95,0.949740514572057,0.0388888888888889,0.03934272708574319
55,jittered,2_3,2+3,3,1.0,180,0.3601056860131289,0.25377850720519834,-0.10632717880793056,0.7109535018788832,136,11,25,172,holdout,logistic,0.9416666666666667,0.9416301855326246,,
55,jittered,2_3,2+3,3,1.0,180,0.3601056860131289,0.25377850720519834,-0.10632717880793056,0.7109535018788832,136,11,25,172,5fold_grouped_cv,logistic,0.9472222222222222,0.9471108363645676,0.025458753860865768,0.02561591268254093
55,jittered,2_3_4,2+3+4,4,1.0,180,0.36022307953867566,0.2539968024465498,-0.10622627709212581,0.7113084607473704,136,11,45,192,holdout,logistic,0.9666666666666667,0.9666295884315907,,
55,jittered,2_3_4,2+3+4,4,1.0,180,0.36022307953867566,0.2539968024465498,-0.10622627709212581,0.7113084607473704,136,11,45,192,5fold_grouped_cv,logistic,0.9638888888888889,0.9638292626944223,0.022566773346211016,0.022631062164300823
55,jittered,2_3_4_6,2+3+4+6,6,1.0,180,0.3604355886689865,0.2544649307413037,-0.10597065792768279,0.7121684303226355,136,11,75,222,holdout,logistic,0.9666666666666667,0.9666295884315907,,
55,jittered,2_3_4_6,2+3+4+6,6,1.0,180,0.3604355886689865,0.2544649307413037,-0.10597065792768279,0.7121684303226355,136,11,75,222,5fold_grouped_cv,logistic,0.9777777777777779,0.9777638358846155,0.01883980550868132,0.018855777438734435
55,left,2,2,2,1.0,180,0.3544561086037978,0.2533932845147539,-0.10106282408904393,0.7223419402458273,136,11,10,157,holdout,logistic,0.975,0.9749843652282677,,
55,left,2,2,2,1.0,180,0.3544561086037978,0.2533932845147539,-0.10106282408904393,0.7223419402458273,136,11,10,157,5fold_grouped_cv,logistic,0.9638888888888889,0.9637524841341332,0.025760051376376984,0.02597460505580513
55,left,2_3,2+3,3,1.0,180,0.3545768509706162,0.25363981070553177,-0.10093704026508447,0.7227916338958272,136,11,25,172,holdout,logistic,0.9666666666666667,0.9666295884315907,,
55,left,2_3,2+3,3,1.0,180,0.3545768509706162,0.25363981070553177,-0.10093704026508447,0.7227916338958272,136,11,25,172,5fold_grouped_cv,logistic,0.9722222222222221,0.97217495248455,0.01756820922315767,0.01762262833604202
55,left,2_3_4,2+3+4,4,1.0,180,0.35470547821906145,0.25386183303749277,-0.1008436451815687,0.7231541138549183,136,11,45,192,holdout,logistic,0.9666666666666667,0.9666295884315907,,
55,left,2_3_4,2+3+4,4,1.0,180,0.35470547821906145,0.25386183303749277,-0.1008436451815687,0.7231541138549183,136,11,45,192,5fold_grouped_cv,logistic,0.975,0.9749176671344488,0.02693155476342404,0.027051420281043202
55,left,2_3_4_6,2+3+4+6,6,1.0,180,0.35491704850644606,0.254328032465641,-0.10058901604080507,0.7240220198517195,136,11,75,222,holdout,logistic,0.9666666666666667,0.9666295884315907,,
55,left,2_3_4_6,2+3+4+6,6,1.0,180,0.35491704850644606,0.254328032465641,-0.10058901604080507,0.7240220198517195,136,11,75,222,5fold_grouped_cv,logistic,0.986111111111111,0.9860923283531978,0.017568209223157653,0.01759451859249831
55,right,2,2,2,1.0,180,0.35478829051072,0.2551636271843504,-0.09962466332636957,0.7251442810503756,136,11,10,157,holdout,logistic,0.975,0.9749982637683172,,
55,right,2,2,2,1.0,180,0.35478829051072,0.2551636271843504,-0.09962466332636957,0.7251442810503756,136,11,10,157,5fold_grouped_cv,logistic,0.9805555555555555,0.9805324827933524,0.01666666666666666,0.016690284664815674
55,right,2_3,2+3,3,1.0,180,0.354914246488417,0.25536054486467435,-0.09955370162374269,0.725440907342932,136,11,25,172,holdout,logistic,0.9583333333333334,0.9583072753804461,,
55,right,2_3,2+3,3,1.0,180,0.354914246488417,0.25536054486467435,-0.09955370162374269,0.725440907342932,136,11,25,172,5fold_grouped_cv,logistic,0.9722222222222223,0.9721491327683278,0.024845199749997673,0.0249221332478793
55,right,2_3_4,2+3+4,4,1.0,180,0.3550456914842495,0.25561722688234184,-0.09942846460190763,0.7258868014703546,136,11,45,192,holdout,logistic,0.9666666666666667,0.9666574048346763,,
55,right,2_3_4,2+3+4,4,1.0,180,0.3550456914842495,0.25561722688234184,-0.09942846460190763,0.7258868014703546,136,11,45,192,5fold_grouped_cv,logistic,0.9777777777777779,0.9777056476615599,0.02576005137637695,0.02588422350324117
55,right,2_3_4_6,2+3+4+6,6,1.0,180,0.3552641424604132,0.25606844501753545,-0.09919569744287775,0.7267225507087909,136,11,75,222,holdout,logistic,1.0,1.0,,
55,right,2_3_4_6,2+3+4+6,6,1.0,180,0.3552641424604132,0.25606844501753545,-0.09919569744287775,0.7267225507087909,136,11,75,222,5fold_grouped_cv,logistic,0.986111111111111,0.9861019951623848,0.012422599874998838,0.012432193032727345
56,center,2,2,2,1.0,180,0.35679737853867044,0.2527303688314125,-0.10406700970725803,0.7156905054323814,136,11,10,157,holdout,logistic,0.9666666666666667,0.9666295884315907,,
56,center,2,2,2,1.0,180,0.35679737853867044,0.2527303688314125,-0.10406700970725803,0.7156905054323814,136,11,10,157,5fold_grouped_cv,logistic,0.9388888888888889,0.9386005372213571,0.03118047822311617,0.031503434255890785
56,center,2_3,2+3,3,1.0,180,0.35691088866296117,0.25294289211455323,-0.10396799654840794,0.7160986059308448,136,11,25,172,holdout,logistic,0.975,0.9749843652282677,,
56,center,2_3,2+3,3,1.0,180,0.35691088866296117,0.25294289211455323,-0.10396799654840794,0.7160986059308448,136,11,25,172,5fold_grouped_cv,logistic,0.986111111111111,0.9860923283531978,0.017568209223157653,0.01759451859249831
56,center,2_3_4,2+3+4,4,1.0,180,0.35702831597700485,0.253207055364363,-0.10382126061264181,0.7165774047074341,136,11,45,192,holdout,logistic,0.975,0.9749843652282677,,
56,center,2_3_4,2+3+4,4,1.0,180,0.35702831597700485,0.253207055364363,-0.10382126061264181,0.7165774047074341,136,11,45,192,5fold_grouped_cv,logistic,0.986111111111111,0.9860955464771954,0.0152145154862546,0.01524097914422085
56,center,2_3_4_6,2+3+4+6,6,1.0,180,0.3572177563307255,0.2536340310006675,-0.10358372533005801,0.7173782339025877,136,11,75,222,holdout,logistic,0.975,0.9749843652282677,,
56,center,2_3_4_6,2+3+4+6,6,1.0,180,0.3572177563307255,0.2536340310006675,-0.10358372533005801,0.7173782339025877,136,11,75,222,5fold_grouped_cv,logistic,0.986111111111111,0.9860955464771954,0.0152145154862546,0.01524097914422085
56,jittered,2,2,2,1.0,180,0.351735653756035,0.252258458146429,-0.09947719560960602,0.7241074138855422,136,11,10,157,holdout,logistic,0.9333333333333333,0.9333148096693527,,
56,jittered,2,2,2,1.0,180,0.351735653756035,0.252258458146429,-0.09947719560960602,0.7241074138855422,136,11,10,157,5fold_grouped_cv,logistic,0.9361111111111111,0.9359168465008828,0.02256677334621099,0.02272546542187474
56,jittered,2_3,2+3,3,1.0,180,0.35184888819520294,0.25245461120740836,-0.09939427698779456,0.724421935564312,136,11,25,172,holdout,logistic,0.9416666666666667,0.9416626154594069,,
56,jittered,2_3,2+3,3,1.0,180,0.35184888819520294,0.25245461120740836,-0.09939427698779456,0.724421935564312,136,11,25,172,5fold_grouped_cv,logistic,0.9305555555555556,0.9304358220497674,0.019641855032959663,0.019654008569249894
56,jittered,2_3_4,2+3+4,4,1.0,180,0.3519653726675565,0.2527070765539986,-0.09925829611355788,0.7248914883648025,136,11,45,192,holdout,logistic,0.9416666666666667,0.9416626154594069,,
56,jittered,2_3_4,2+3+4,4,1.0,180,0.3519653726675565,0.2527070765539986,-0.09925829611355788,0.7248914883648025,136,11,45,192,5fold_grouped_cv,logistic,0.9555555555555555,0.955452243838533,0.016197088596792492,0.016324346822222016
56,jittered,2_3_4_6,2+3+4+6,6,1.0,180,0.3521600899097843,0.2530954652551006,-0.09906462465468366,0.725581476082894,136,11,75,222,holdout,logistic,0.975,0.9749982637683172,,
56,jittered,2_3_4_6,2+3+4+6,6,1.0,180,0.3521600899097843,0.2530954652551006,-0.09906462465468366,0.725581476082894,136,11,75,222,5fold_grouped_cv,logistic,0.9777777777777779,0.9777584590797183,0.01416394309331329,0.014185217511861189
56,left,2,2,2,1.0,180,0.35192956377677254,0.2521219069938632,-0.09980765678290933,0.7245074736950017,136,11,10,157,holdout,logistic,0.9583333333333334,0.9582608695652174,,
56,left,2,2,2,1.0,180,0.35192956377677254,0.2521219069938632,-0.09980765678290933,0.7245074736950017,136,11,10,157,5fold_grouped_cv,logistic,0.975,0.9749564843264716,0.018425693279752235,0.018483731867412718
56,left,2_3,2+3,3,1.0,180,0.35202494539611573,0.2523762930070264,-0.0996486523890893,0.7250257763264191,136,11,25,172,holdout,logistic,0.9666666666666667,0.9666295884315907,,
56,left,2_3,2+3,3,1.0,180,0.35202494539611573,0.2523762930070264,-0.0996486523890893,0.7250257763264191,136,11,25,172,5fold_grouped_cv,logistic,0.9722222222222223,0.9721782080212064,0.017568209223157653,0.01760215987701053
56,left,2_3_4,2+3+4,4,1.0,180,0.3521372541742796,0.2526128924332166,-0.09952436174106302,0.7254606452931701,136,11,45,192,holdout,logistic,0.975,0.9749843652282677,,
56,left,2_3_4,2+3+4,4,1.0,180,0.3521372541742796,0.2526128924332166,-0.09952436174106302,0.7254606452931701,136,11,45,192,5fold_grouped_cv,logistic,0.975,0.9749564843264716,0.01842569327975224,0.01848373186741272
56,left,2_3_4_6,2+3+4+6,6,1.0,180,0.3523364868891903,0.2530400673688158,-0.09929641952037448,0.726249868875562,136,11,75,222,holdout,logistic,0.9916666666666667,0.9916660879227724,,
56,left,2_3_4_6,2+3+4+6,6,1.0,180,0.3523364868891903,0.2530400673688158,-0.09929641952037448,0.726249868875562,136,11,75,222,5fold_grouped_cv,logistic,0.9833333333333334,0.9833236814444609,0.010393492741038736,0.010402379395098641
56,right,2,2,2,1.0,180,0.35431276485495283,0.24837572304690242,-0.10593704180805048,0.7091047048438779,136,11,10,157,holdout,logistic,0.975,0.9749843652282677,,
56,right,2,2,2,1.0,180,0.35431276485495283,0.24837572304690242,-0.10593704180805048,0.7091047048438779,136,11,10,157,5fold_grouped_cv,logistic,0.9666666666666668,0.966608658239515,0.014163943093313307,0.014222352771659322
56,right,2_3,2+3,3,1.0,180,0.35441613048103227,0.24858691419339346,-0.1058292162876388,0.7095006833612992,136,11,25,172,holdout,logistic,0.975,0.9749843652282677,,
56,right,2_3,2+3,3,1.0,180,0.35441613048103227,0.24858691419339346,-0.1058292162876388,0.7095006833612992,136,11,25,172,5fold_grouped_cv,logistic,0.9666666666666668,0.9665925053324799,0.018839805508681334,0.018918591447910183
56,right,2_3_4,2+3+4,4,1.0,180,0.3545330002627112,0.2488294951426995,-0.10570350512001157,0.709953457734716,136,11,45,192,holdout,logistic,0.975,0.9749843652282677,,
56,right,2_3_4,2+3+4,4,1.0,180,0.3545330002627112,0.2488294951426995,-0.10570350512001157,0.709953457734716,136,11,45,192,5fold_grouped_cv,logistic,0.9722222222222223,0.9721878748303933,0.012422599874998838,0.012453809928273867
56,right,2_3_4_6,2+3+4+6,6,1.0,180,0.3547328363638238,0.24932605889707837,-0.10540677746674544,0.7109692270724076,136,11,75,222,holdout,logistic,0.9666666666666667,0.9666295884315907,,
56,right,2_3_4_6,2+3+4+6,6,1.0,180,0.3547328363638238,0.24932605889707837,-0.10540677746674544,0.7109692270724076,136,11,75,222,5fold_grouped_cv,logistic,0.986111111111111,0.9861019951623848,0.012422599874998837,0.012432193032727346
57,center,2,2,2,1.0,180,0.3878867647917296,0.26388307517293996,-0.1240036896187897,0.6869554126107548,136,11,10,157,holdout,logistic,0.975,0.9749843652282677,,
57,center,2,2,2,1.0,180,0.3878867647917296,0.26388307517293996,-0.1240036896187897,0.6869554126107548,136,11,10,157,5fold_grouped_cv,logistic,0.9638888888888889,0.9637925992098607,0.02256677334621099,0.02267341489919027
57,center,2_3,2+3,3,1.0,180,0.38800288784136144,0.26409794039821255,-0.12390494744314896,0.6873088885382409,136,11,25,172,holdout,logistic,0.9916666666666667,0.9916660879227724,,
57,center,2_3,2+3,3,1.0,180,0.38800288784136144,0.26409794039821255,-0.12390494744314896,0.6873088885382409,136,11,25,172,5fold_grouped_cv,logistic,0.9888888888888889,0.9888738601951195,0.016197088596792485,0.01622452312114707
57,center,2_3_4,2+3+4,4,1.0,180,0.38812547684147664,0.2644267144340275,-0.12369876240744912,0.6879231650490332,136,11,45,192,holdout,logistic,0.9916666666666667,0.9916660879227724,,
57,center,2_3_4,2+3+4,4,1.0,180,0.38812547684147664,0.2644267144340275,-0.12369876240744912,0.6879231650490332,136,11,45,192,5fold_grouped_cv,logistic,0.9888888888888889,0.9888835270043064,0.010393492741038724,0.010400659235583804
57,center,2_3_4_6,2+3+4+6,6,1.0,180,0.38833585375019797,0.2649055720870902,-0.12343028166310772,0.688767567389881,136,11,75,222,holdout,logistic,0.9916666666666667,0.9916660879227724,,
57,center,2_3_4_6,2+3+4+6,6,1.0,180,0.38833585375019797,0.2649055720870902,-0.12343028166310772,0.688767567389881,136,11,75,222,5fold_grouped_cv,logistic,0.9916666666666668,0.9916618407222305,0.01111111111111111,0.011118887025293534
57,jittered,2,2,2,1.0,180,0.38675249141337664,0.26572046181995773,-0.1210320295934189,0.6925869621120537,136,11,10,157,holdout,logistic,0.9833333333333333,0.9833287024173382,,
57,jittered,2,2,2,1.0,180,0.38675249141337664,0.26572046181995773,-0.1210320295934189,0.6925869621120537,136,11,10,157,5fold_grouped_cv,logistic,0.9777777777777779,0.9777380161683933,0.01883980550868132,0.01890147664197955
57,jittered,2_3,2+3,3,1.0,180,0.3868730208933516,0.2659948405752435,-0.12087818031810826,0.6930850456417562,136,11,25,172,holdout,logistic,0.975,0.9749843652282677,,
57,jittered,2_3,2+3,3,1.0,180,0.3868730208933516,0.2659948405752435,-0.12087818031810826,0.6930850456417562,136,11,25,172,5fold_grouped_cv,logistic,0.975,0.9749801453617943,0.010393492741038736,0.010416743628719076
57,jittered,2_3_4,2+3+4,4,1.0,180,0.3869974412885159,0.2662722611376021,-0.1207251801509138,0.6935767354793007,136,11,45,192,holdout,logistic,0.9666666666666667,0.9666295884315907,,
57,jittered,2_3_4,2+3+4,4,1.0,180,0.3869974412885159,0.2662722611376021,-0.1207251801509138,0.6935767354793007,136,11,45,192,5fold_grouped_cv,logistic,0.9666666666666668,0.9666430579643173,0.014163943093313307,0.014168392026094986
57,jittered,2_3_4_6,2+3+4+6,6,1.0,180,0.3872160389015979,0.26673411015218773,-0.12048192874941013,0.6943842464778608,136,11,75,222,holdout,logistic,0.95,0.949874686716792,,
57,jittered,2_3_4_6,2+3+4+6,6,1.0,180,0.3872160389015979,0.26673411015218773,-0.12048192874941013,0.6943842464778608,136,11,75,222,5fold_grouped_cv,logistic,0.9583333333333334,0.958302754925963,0.019641855032959663,0.01964793491275876
57,left,2,2,2,1.0,180,0.3889865632079379,0.26473821656507857,-0.12424834664285922,0.6880254700245693,136,11,10,157,holdout,logistic,0.9666666666666667,0.9666295884315907,,
57,left,2,2,2,1.0,180,0.3889865632079379,0.26473821656507857,-0.12424834664285922,0.6880254700245693,136,11,10,157,5fold_grouped_cv,logistic,0.9833333333333334,0.9833236814444609,0.010393492741038736,0.010402379395098641
57,left,2_3,2+3,3,1.0,180,0.3890990792376821,0.2649471967191832,-0.12415188251849898,0.688358672359132,136,11,25,172,holdout,logistic,0.9583333333333334,0.9582608695652174,,
57,left,2_3,2+3,3,1.0,180,0.3890990792376821,0.2649471967191832,-0.12415188251849898,0.688358672359132,136,11,25,172,5fold_grouped_cv,logistic,0.9916666666666668,0.991665058846228,0.006804138174397694,0.0068054509542886
57,left,2_3_4,2+3+4,4,1.0,180,0.38921317519165244,0.2652436675659477,-0.12396950762570474,0.6889172051449317,136,11,45,192,holdout,logistic,0.975,0.9749843652282677,,
57,left,2_3_4,2+3+4,4,1.0,180,0.38921317519165244,0.2652436675659477,-0.12396950762570474,0.6889172051449317,136,11,45,192,5fold_grouped_cv,logistic,0.9916666666666668,0.991665058846228,0.006804138174397694,0.0068054509542886
57,left,2_3_4_6,2+3+4+6,6,1.0,180,0.38943140551779315,0.2655378124818076,-0.12389359303598559,0.6892757361728278,136,11,75,222,holdout,logistic,0.9916666666666667,0.9916660879227724,,
57,left,2_3_4_6,2+3+4+6,6,1.0,180,0.38943140551779315,0.2655378124818076,-0.12389359303598559,0.6892757361728278,136,11,75,222,5fold_grouped_cv,logistic,0.9944444444444445,0.994443372564152,0.006804138174397694,0.0068054509542886
57,right,2,2,2,1.0,180,0.3837346653855109,0.2658973828767954,-0.11783728250871549,0.7016331486587987,136,11,10,157,holdout,logistic,0.9583333333333334,0.9582608695652174,,
57,right,2,2,2,1.0,180,0.3837346653855109,0.2658973828767954,-0.11783728250871549,0.7016331486587987,136,11,10,157,5fold_grouped_cv,logistic,0.975,0.9749694066723149,0.013608276348795441,0.013642463420249237
57,right,2_3,2+3,3,1.0,180,0.38385425487345004,0.26617422854691186,-0.11768002632653807,0.7021346679723681,136,11,25,172,holdout,logistic,0.9666666666666667,0.9666295884315907,,
57,right,2_3,2+3,3,1.0,180,0.38385425487345004,0.26617422854691186,-0.11768002632653807,0.7021346679723681,136,11,25,172,5fold_grouped_cv,logistic,0.9805555555555557,0.9804871795034813,0.02576005137637695,0.025890475684240532
57,right,2_3_4,2+3+4,4,1.0,180,0.38398867447516,0.2664251542857885,-0.11756352018937147,0.7025283373151672,136,11,45,192,holdout,logistic,0.9666666666666667,0.9666295884315907,,
57,right,2_3_4,2+3+4,4,1.0,180,0.38398867447516,0.2664251542857885,-0.11756352018937147,0.7025283373151672,136,11,45,192,5fold_grouped_cv,logistic,0.9833333333333332,0.983314014635274,0.016197088596792492,0.016222313124866064
57,right,2_3_4_6,2+3+4+6,6,1.0,180,0.38421208747608676,0.2670384681036914,-0.11717361937239533,0.703709348132977,136,11,75,222,holdout,logistic,0.9916666666666667,0.9916660879227724,,
57,right,2_3_4_6,2+3+4+6,6,1.0,180,0.38421208747608676,0.2670384681036914,-0.11717361937239533,0.703709348132977,136,11,75,222,5fold_grouped_cv,logistic,0.9916666666666668,0.9916618407222305,0.01111111111111111,0.011118887025293532
58,center,2,2,2,1.0,180,0.3800794982205983,0.25951730301545334,-0.12056219520514486,0.6888702897710832,136,11,10,157,holdout,logistic,0.975,0.9749843652282677,,
58,center,2,2,2,1.0,180,0.3800794982205983,0.25951730301545334,-0.12056219520514486,0.6888702897710832,136,11,10,157,5fold_grouped_cv,logistic,0.975,0.9749607743307616,0.01842569327975224,0.01848309425743626
58,center,2_3,2+3,3,1.0,180,0.38019255036111815,0.2597671523005651,-0.1204253980605531,0.6893277991061101,136,11,25,172,holdout,logistic,0.9916666666666667,0.9916660879227724,,
58,center,2_3,2+3,3,1.0,180,0.38019255036111815,0.2597671523005651,-0.1204253980605531,0.6893277991061101,136,11,25,172,5fold_grouped_cv,logistic,0.9916666666666668,0.9916618407222305,0.01111111111111111,0.011118887025293532
58,center,2_3_4,2+3+4,4,1.0,180,0.38031617942561674,0.26005113956998044,-0.12026503985563622,0.689853306001439,136,11,45,192,holdout,logistic,1.0,1.0,,
58,center,2_3_4,2+3+4,4,1.0,180,0.38031617942561674,0.26005113956998044,-0.12026503985563622,0.689853306001439,136,11,45,192,5fold_grouped_cv,logistic,0.9944444444444445,0.994443372564152,0.006804138174397693,0.0068054509542886
58,center,2_3_4_6,2+3+4+6,6,1.0,180,0.38052502126279947,0.26058656492865157,-0.1199384563341478,0.6909021320570873,136,11,75,222,holdout,logistic,0.9916666666666667,0.9916660879227724,,
58,center,2_3_4_6,2+3+4+6,6,1.0,180,0.38052502126279947,0.26058656492865157,-0.1199384563341478,0.6909021320570873,136,11,75,222,5fold_grouped_cv,logistic,0.9888888888888889,0.9888835270043064,0.010393492741038724,0.010400659235583804
58,jittered,2,2,2,1.0,180,0.3825568227978604,0.2594770671354083,-0.12307975566245209,0.6846898786537304,136,11,10,157,holdout,logistic,0.9583333333333334,0.9582608695652174,,
58,jittered,2,2,2,1.0,180,0.3825568227978604,0.2594770671354083,-0.12307975566245209,0.6846898786537304,136,11,10,157,5fold_grouped_cv,logistic,0.9638888888888889,0.9638335626455886,0.014163943093313307,0.014214170357569465
58,jittered,2_3,2+3,3,1.0,180,0.382673428633499,0.2597242583036422,-0.12294917032985689,0.6851272721588391,136,11,25,172,holdout,logistic,0.9583333333333334,0.9582608695652174,,
58,jittered,2_3,2+3,3,1.0,180,0.382673428633499,0.2597242583036422,-0.12294917032985689,0.6851272721588391,136,11,25,172,5fold_grouped_cv,logistic,0.9722222222222223,0.9721986135198728,0.008784104611578835,0.008806183134403267
58,jittered,2_3_4,2+3+4,4,1.0,180,0.3827904686555426,0.25996819394934817,-0.12282227470619438,0.6855475950274479,136,11,45,192,holdout,logistic,0.9916666666666667,0.9916660879227724,,
58,jittered,2_3_4,2+3+4,4,1.0,180,0.3827904686555426,0.25996819394934817,-0.12282227470619438,0.6855475950274479,136,11,45,192,5fold_grouped_cv,logistic,0.9916666666666668,0.9916618407222305,0.01111111111111111,0.011118887025293532
58,jittered,2_3_4_6,2+3+4+6,6,1.0,180,0.3830035458332355,0.26040045205479695,-0.1226030937784385,0.6862785556674675,136,11,75,222,holdout,logistic,0.9833333333333333,0.9833287024173382,,
58,jittered,2_3_4_6,2+3+4+6,6,1.0,180,0.3830035458332355,0.26040045205479695,-0.1226030937784385,0.6862785556674675,136,11,75,222,5fold_grouped_cv,logistic,0.9888888888888889,0.9888835270043064,0.010393492741038726,0.010400659235583804
58,left,2,2,2,1.0,180,0.3796434886945714,0.2623780281089645,-0.11726546058560687,0.6983189013282336,136,11,10,157,holdout,logistic,0.9833333333333333,0.9833287024173382,,
58,left,2,2,2,1.0,180,0.3796434886945714,0.2623780281089645,-0.11726546058560687,0.6983189013282336,136,11,10,157,5fold_grouped_cv,logistic,0.9777777777777779,0.9777573871994261,0.01111111111111112,0.011137414317014526
58,left,2_3,2+3,3,1.0,180,0.37975310161933906,0.26259032011621686,-0.1171627815031222,0.6986699036319725,136,11,25,172,holdout,logistic,0.975,0.9749843652282677,,
58,left,2_3,2+3,3,1.0,180,0.37975310161933906,0.26259032011621686,-0.1171627815031222,0.6986699036319725,136,11,25,172,5fold_grouped_cv,logistic,0.9888888888888889,0.9888867451283041,0.005555555555555536,0.005556627435847972
58,left,2_3_4,2+3+4,4,1.0,180,0.37988400377638004,0.26287502408298963,-0.11700897969339041,0.6991913230559631,136,11,45,192,holdout,logistic,0.9833333333333333,0.9833287024173382,,
58,left,2_3_4,2+3+4,4,1.0,180,0.37988400377638004,0.26287502408298963,-0.11700897969339041,0.6991913230559631,136,11,45,192,5fold_grouped_cv,logistic,0.9888888888888889,0.9888867451283041,0.005555555555555536,0.005556627435847972
58,left,2_3_4_6,2+3+4+6,6,1.0,180,0.3800995567520025,0.2631435999874271,-0.11695595676457542,0.6994935233560413,136,11,75,222,holdout,logistic,0.9916666666666667,0.9916660879227724,,
58,left,2_3_4_6,2+3+4+6,6,1.0,180,0.3800995567520025,0.2631435999874271,-0.11695595676457542,0.6994935233560413,136,11,75,222,5fold_grouped_cv,logistic,0.9972222222222221,0.997221686282076,0.005555555555555536,0.005556627435847972
58,right,2,2,2,1.0,180,0.37894166937080026,0.26002240141019956,-0.1189192679606007,0.6928592380651041,136,11,10,157,holdout,logistic,0.9666666666666667,0.9666295884315907,,
58,right,2,2,2,1.0,180,0.37894166937080026,0.26002240141019956,-0.1189192679606007,0.6928592380651041,136,11,10,157,5fold_grouped_cv,logistic,0.9777777777777779,0.9777056476615599,0.02576005137637695,0.02588422350324117
58,right,2_3,2+3,3,1.0,180,0.37905206138996395,0.26021891437045575,-0.11883314701950809,0.6931753057733847,136,11,25,172,holdout,logistic,0.975,0.9749843652282677,,
58,right,2_3,2+3,3,1.0,180,0.37905206138996395,0.26021891437045575,-0.11883314701950809,0.6931753057733847,136,11,25,172,5fold_grouped_cv,logistic,0.975,0.9749273339436357,0.023895347964007295,0.024020568789234
58,right,2_3_4,2+3+4,4,1.0,180,0.37916542171422235,0.26047777140892525,-0.11868765030529715,0.6936502255197308,136,11,45,192,holdout,logistic,0.975,0.9749843652282677,,
58,right,2_3_4,2+3+4,4,1.0,180,0.37916542171422235,0.26047777140892525,-0.11868765030529715,0.6936502255197308,136,11,45,192,5fold_grouped_cv,logistic,0.9805555555555557,0.9805195480103148,0.018839805508681317,0.018905275876668428
58,right,2_3_4_6,2+3+4+6,6,1.0,180,0.3793820297541951,0.26086573720563416,-0.118516292548561,0.6942839331284554,136,11,75,222,holdout,logistic,0.9916666666666667,0.9916660879227724,,
58,right,2_3_4_6,2+3+4+6,6,1.0,180,0.3793820297541951,0.26086573720563416,-0.118516292548561,0.6942839331284554,136,11,75,222,5fold_grouped_cv,logistic,0.9944444444444445,0.994443372564152,0.006804138174397694,0.0068054509542886
59,center,2,2,2,1.0,180,0.3793236268962471,0.2573950195740111,-0.12192860732223601,0.684116821495454,136,11,10,157,holdout,logistic,0.9666666666666667,0.9666295884315907,,
59,center,2,2,2,1.0,180,0.3793236268962471,0.2573950195740111,-0.12192860732223601,0.684116821495454,136,11,10,157,5fold_grouped_cv,logistic,0.9638888888888889,0.9638271263975934,0.02078698548207746,0.02082938651125727
59,center,2_3,2+3,3,1.0,180,0.3794471843051129,0.25763061725193653,-0.1218165670531764,0.684500918907766,136,11,25,172,holdout,logistic,0.9833333333333333,0.9833287024173382,,
59,center,2_3,2+3,3,1.0,180,0.3794471843051129,0.25763061725193653,-0.1218165670531764,0.684500918907766,136,11,25,172,5fold_grouped_cv,logistic,0.9888888888888889,0.9888835270043064,0.010393492741038724,0.010400659235583802
59,center,2_3_4,2+3+4,4,1.0,180,0.3795643163008736,0.2578388163504852,-0.12172549995038837,0.6848455961761077,136,11,45,192,holdout,logistic,0.9833333333333333,0.9833287024173382,,
59,center,2_3_4,2+3+4,4,1.0,180,0.3795643163008736,0.2578388163504852,-0.12172549995038837,0.6848455961761077,136,11,45,192,5fold_grouped_cv,logistic,0.9888888888888889,0.9888835270043064,0.010393492741038724,0.010400659235583802
59,center,2_3_4_6,2+3+4+6,6,1.0,180,0.3797736936361479,0.25822712684934024,-0.12154656678680771,0.6855010409583946,136,11,75,222,holdout,logistic,0.9916666666666667,0.9916660879227724,,
59,center,2_3_4_6,2+3+4+6,6,1.0,180,0.3797736936361479,0.25822712684934024,-0.12154656678680771,0.6855010409583946,136,11,75,222,5fold_grouped_cv,logistic,0.9888888888888889,0.9888835270043064,0.010393492741038724,0.010400659235583802
59,jittered,2,2,2,1.0,180,0.3717730131243155,0.25568295609733915,-0.11609005702697645,0.6951662436115025,136,11,10,157,holdout,logistic,0.975,0.9749843652282677,,
59,jittered,2,2,2,1.0,180,0.3717730131243155,0.25568295609733915,-0.11609005702697645,0.6951662436115025,136,11,10,157,5fold_grouped_cv,logistic,0.9666666666666668,0.9666226524656508,0.01111111111111111,0.011142791412958474
59,jittered,2_3,2+3,3,1.0,180,0.37189365214867276,0.2559313814671079,-0.11596227068156485,0.695612354586196,136,11,25,172,holdout,logistic,0.975,0.9749843652282677,,
59,jittered,2_3,2+3,3,1.0,180,0.37189365214867276,0.2559313814671079,-0.11596227068156485,0.695612354586196,136,11,25,172,5fold_grouped_cv,logistic,0.9694444444444444,0.969405218775206,0.013608276348795455,0.013669965065999122
59,jittered,2_3_4,2+3+4,4,1.0,180,0.3720254158272946,0.25613941630590836,-0.11588599952138613,0.6959258425514885,136,11,45,192,holdout,logistic,0.9666666666666667,0.9666574048346763,,
59,jittered,2_3_4,2+3+4,4,1.0,180,0.3720254158272946,0.25613941630590836,-0.11588599952138613,0.6959258425514885,136,11,45,192,5fold_grouped_cv,logistic,0.9694444444444447,0.9694288947308433,0.016197088596792523,0.01620959839699178
59,jittered,2_3_4_6,2+3+4+6,6,1.0,180,0.3722247013868202,0.25655770823508306,-0.115666993151737,0.6966777071333721,136,11,75,222,holdout,logistic,0.975,0.9749843652282677,,
59,jittered,2_3_4_6,2+3+4+6,6,1.0,180,0.3722247013868202,0.25655770823508306,-0.115666993151737,0.6966777071333721,136,11,75,222,5fold_grouped_cv,logistic,0.9722222222222221,0.9722050622050622,1.1102230246251565e-16,8.580008580016952e-06
59,left,2,2,2,1.0,180,0.3795071968820453,0.2558219469801116,-0.12368524990193366,0.6792512463631694,136,11,10,157,holdout,logistic,0.9666666666666667,0.9666295884315907,,
59,left,2,2,2,1.0,180,0.3795071968820453,0.2558219469801116,-0.12368524990193366,0.6792512463631694,136,11,10,157,5fold_grouped_cv,logistic,0.9805555555555555,0.9805324827933524,0.01666666666666666,0.016690284664815674
59,left,2_3,2+3,3,1.0,180,0.3796121615878846,0.25608805729778283,-0.12352410429010177,0.6797619354527386,136,11,25,172,holdout,logistic,0.9833333333333333,0.9833287024173382,,
59,left,2_3,2+3,3,1.0,180,0.3796121615878846,0.25608805729778283,-0.12352410429010177,0.6797619354527386,136,11,25,172,5fold_grouped_cv,logistic,0.9805555555555555,0.9804871795034813,0.025760051376376953,0.025890475684240535
59,left,2_3_4,2+3+4,4,1.0,180,0.3797317362598349,0.2563512845407108,-0.1233804517191241,0.6802300133805629,136,11,45,192,holdout,logistic,0.9833333333333333,0.9833287024173382,,
59,left,2_3_4,2+3+4,4,1.0,180,0.3797317362598349,0.2563512845407108,-0.1233804517191241,0.6802300133805629,136,11,45,192,5fold_grouped_cv,logistic,0.9805555555555555,0.9804384694988592,0.03239417719358502,0.032623971064099644
59,left,2_3_4_6,2+3+4+6,6,1.0,180,0.3799362353078223,0.25672661160397625,-0.12320962370384604,0.6808481955970053,136,11,75,222,holdout,logistic,0.9916666666666667,0.9916660879227724,,
59,left,2_3_4_6,2+3+4+6,6,1.0,180,0.3799362353078223,0.25672661160397625,-0.12320962370384604,0.6808481955970053,136,11,75,222,5fold_grouped_cv,logistic,0.9805555555555555,0.9805163298863171,0.020786985482077462,0.02084833822373336
59,right,2,2,2,1.0,180,0.37544337433614633,0.25871689433402806,-0.11672648000211833,0.6957207201752905,136,11,10,157,holdout,logistic,1.0,1.0,,
59,right,2,2,2,1.0,180,0.37544337433614633,0.25871689433402806,-0.11672648000211833,0.6957207201752905,136,11,10,157,5fold_grouped_cv,logistic,0.9805555555555557,0.9805453677265369,0.018839805508681317,0.018855777438734435
59,right,2_3,2+3,3,1.0,180,0.3755717002963515,0.25893636047487223,-0.11663533982147918,0.6960655729857543,136,11,25,172,holdout,logistic,1.0,1.0,,
59,right,2_3,2+3,3,1.0,180,0.3755717002963515,0.25893636047487223,-0.11663533982147918,0.6960655729857543,136,11,25,172,5fold_grouped_cv,logistic,0.986111111111111,0.9861095032906725,0.008784104611578835,0.008784104709675973
59,right,2_3_4,2+3+4,4,1.0,180,0.3756912218639414,0.25914822527803244,-0.11654299658590898,0.6964038706871504,136,11,45,192,holdout,logistic,0.9916666666666667,0.9916660879227724,,
59,right,2_3_4,2+3+4,4,1.0,180,0.3756912218639414,0.25914822527803244,-0.11654299658590898,0.6964038706871504,136,11,45,192,5fold_grouped_cv,logistic,0.9916666666666668,0.991665058846228,0.006804138174397694,0.0068054509542886
59,right,2_3_4_6,2+3+4+6,6,1.0,180,0.37591012583193295,0.25955465089202284,-0.11635547493991014,0.6970841215233528,136,11,75,222,holdout,logistic,0.9916666666666667,0.9916660879227724,,
59,right,2_3_4_6,2+3+4+6,6,1.0,180,0.37591012583193295,0.25955465089202284,-0.11635547493991014,0.6970841215233528,136,11,75,222,5fold_grouped_cv,logistic,0.9916666666666668,0.991665058846228,0.006804138174397694,0.0068054509542886
60,center,2,2,2,1.0,180,0.3760072095035286,0.2538461042900205,-0.12216110521350804,0.6805567826557811,136,11,10,157,holdout,logistic,0.9583333333333334,0.9583072753804461,,
60,center,2,2,2,1.0,180,0.3760072095035286,0.2538461042900205,-0.12216110521350804,0.6805567826557811,136,11,10,157,5fold_grouped_cv,logistic,0.9944444444444445,0.994443372564152,0.006804138174397694,0.0068054509542886
60,center,2_3,2+3,3,1.0,180,0.37611504652376954,0.2541204572112203,-0.12199458931254933,0.6810824670018066,136,11,25,172,holdout,logistic,1.0,1.0,,
60,center,2_3,2+3,3,1.0,180,0.37611504652376954,0.2541204572112203,-0.12199458931254933,0.6810824670018066,136,11,25,172,5fold_grouped_cv,logistic,0.9972222222222221,0.997221686282076,0.005555555555555537,0.005556627435847972
60,center,2_3_4,2+3+4,4,1.0,180,0.37622475228316454,0.25437935645778686,-0.12184539582537768,0.6815752943494053,136,11,45,192,holdout,logistic,0.9916666666666667,0.9916660879227724,,
60,center,2_3_4,2+3+4,4,1.0,180,0.37622475228316454,0.25437935645778686,-0.12184539582537768,0.6815752943494053,136,11,45,192,5fold_grouped_cv,logistic,0.9944444444444445,0.994443372564152,0.006804138174397694,0.0068054509542886
60,center,2_3_4_6,2+3+4+6,6,1.0,180,0.3764361299345588,0.25484875779640176,-0.1215873721381571,0.6824398246221209,136,11,75,222,holdout,logistic,1.0,1.0,,
60,center,2_3_4_6,2+3+4+6,6,1.0,180,0.3764361299345588,0.25484875779640176,-0.1215873721381571,0.6824398246221209,136,11,75,222,5fold_grouped_cv,logistic,0.9944444444444445,0.994443372564152,0.006804138174397694,0.0068054509542886
60,jittered,2,2,2,1.0,180,0.36906950632359936,0.2517297545985378,-0.11733975172506154,0.6879099663712845,136,11,10,157,holdout,logistic,0.9583333333333334,0.9583072753804461,,
60,jittered,2,2,2,1.0,180,0.36906950632359936,0.2517297545985378,-0.11733975172506154,0.6879099663712845,136,11,10,157,5fold_grouped_cv,logistic,0.9777777777777779,0.9777541690754283,0.01416394309331329,0.014186894319585907
60,jittered,2_3,2+3,3,1.0,180,0.36917693380427363,0.2519340783839896,-0.11724285542028402,0.6882672476762759,136,11,25,172,holdout,logistic,0.9666666666666667,0.9666295884315907,,
60,jittered,2_3,2+3,3,1.0,180,0.36917693380427363,0.2519340783839896,-0.11724285542028402,0.6882672476762759,136,11,25,172,5fold_grouped_cv,logistic,0.9694444444444444,0.9694127916736612,0.018425693279752225,0.018444787018871867
60,jittered,2_3_4,2+3+4,4,1.0,180,0.3693105812856734,0.25217017034766875,-0.11714041093800467,0.6886516619172509,136,11,45,192,holdout,logistic,0.9666666666666667,0.9666295884315907,,
60,jittered,2_3_4,2+3+4,4,1.0,180,0.3693105812856734,0.25217017034766875,-0.11714041093800467,0.6886516619172509,136,11,45,192,5fold_grouped_cv,logistic,0.9777777777777779,0.977767054008613,0.01416394309331329,0.014169202334557863
60,jittered,2_3_4_6,2+3+4+6,6,1.0,180,0.36953385745110645,0.25255928325046645,-0.11697457420063992,0.6892957063784609,136,11,75,222,holdout,logistic,0.9666666666666667,0.9666295884315907,,
60,jittered,2_3_4_6,2+3+4+6,6,1.0,180,0.36953385745110645,0.25255928325046645,-0.11697457420063992,0.6892957063784609,136,11,75,222,5fold_grouped_cv,logistic,0.986111111111111,0.9861019951623848,0.012422599874998837,0.012432193032727345
60,left,2,2,2,1.0,180,0.3778048701788851,0.25489959780154164,-0.12290527237734336,0.6807812165061735,136,11,10,157,holdout,logistic,1.0,1.0,,
60,left,2,2,2,1.0,180,0.3778048701788851,0.25489959780154164,-0.12290527237734336,0.6807812165061735,136,11,10,157,5fold_grouped_cv,logistic,0.9944444444444445,0.994443372564152,0.006804138174397694,0.0068054509542886
60,left,2_3,2+3,3,1.0,180,0.3779181760571423,0.25511722452272523,-0.12280095153441704,0.6811468628149524,136,11,25,172,holdout,logistic,1.0,1.0,,
60,left,2_3,2+3,3,1.0,180,0.3779181760571423,0.25511722452272523,-0.12280095153441704,0.6811468628149524,136,11,25,172,5fold_grouped_cv,logistic,0.9888888888888889,0.9888835270043064,0.010393492741038726,0.010400659235583802
60,left,2_3_4,2+3+4,4,1.0,180,0.37803352655398037,0.2553893580008935,-0.12264416855308685,0.6816621672447898,136,11,45,192,holdout,logistic,1.0,1.0,,
60,left,2_3_4,2+3+4,4,1.0,180,0.37803352655398037,0.2553893580008935,-0.12264416855308685,0.6816621672447898,136,11,45,192,5fold_grouped_cv,logistic,0.9944444444444445,0.994443372564152,0.006804138174397694,0.0068054509542886
60,left,2_3_4_6,2+3+4+6,6,1.0,180,0.3782390583165324,0.25576844342496347,-0.12247061489156895,0.6822755401029694,136,11,75,222,holdout,logistic,0.9916666666666667,0.9916660879227724,,
60,left,2_3_4_6,2+3+4+6,6,1.0,180,0.3782390583165324,0.25576844342496347,-0.12247061489156895,0.6822755401029694,136,11,75,222,5fold_grouped_cv,logistic,0.9888888888888889,0.9888835270043064,0.010393492741038726,0.010400659235583804
60,right,2,2,2,1.0,180,0.3762538380119799,0.25508487087367093,-0.12116896713830895,0.6840240271809995,136,11,10,157,holdout,logistic,0.9666666666666667,0.9666295884315907,,
60,right,2,2,2,1.0,180,0.3762538380119799,0.25508487087367093,-0.12116896713830895,0.6840240271809995,136,11,10,157,5fold_grouped_cv,logistic,0.975,0.9749758553575043,0.010393492741038736,0.010417882915794707
60,right,2_3,2+3,3,1.0,180,0.3763794386957193,0.25529708783634714,-0.12108235085937218,0.6843565449327991,136,11,25,172,holdout,logistic,0.9833333333333333,0.9833287024173382,,
60,right,2_3,2+3,3,1.0,180,0.3763794386957193,0.25529708783634714,-0.12108235085937218,0.6843565449327991,136,11,25,172,5fold_grouped_cv,logistic,0.9888888888888889,0.9888803088803089,0.013608276348795441,0.01361878467030031
60,right,2_3_4,2+3+4,4,1.0,180,0.376476920317867,0.25556928559363307,-0.12090763472423403,0.684913176259879,136,11,45,192,holdout,logistic,0.9666666666666667,0.9666295884315907,,
60,right,2_3_4,2+3+4,4,1.0,180,0.376476920317867,0.25556928559363307,-0.12090763472423403,0.684913176259879,136,11,45,192,5fold_grouped_cv,logistic,0.9888888888888889,0.9888738601951195,0.016197088596792485,0.01622452312114707
60,right,2_3_4_6,2+3+4+6,6,1.0,180,0.37669178963131694,0.2559351314693426,-0.12075665816197435,0.6854824319640782,136,11,75,222,holdout,logistic,0.9833333333333333,0.9833287024173382,,
60,right,2_3_4_6,2+3+4+6,6,1.0,180,0.37669178963131694,0.2559351314693426,-0.12075665816197435,0.6854824319640782,136,11,75,222,5fold_grouped_cv,logistic,0.9944444444444445,0.9944401544401543,0.011111111111111117,0.011119691119691133
61,center,2,2,2,1.0,180,0.36842646942713014,0.25175550342221414,-0.11667096600491603,0.6894732733159701,136,11,10,157,holdout,logistic,0.9583333333333334,0.9582608695652174,,
61,center,2,2,2,1.0,180,0.36842646942713014,0.25175550342221414,-0.11667096600491603,0.6894732733159701,136,11,10,157,5fold_grouped_cv,logistic,0.9694444444444444,0.9694063429884718,0.010393492741038726,0.010421329882076457
61,center,2_3,2+3,3,1.0,180,0.36854132141595614,0.25196792947053315,-0.11657339194542297,0.6898037558102684,136,11,25,172,holdout,logistic,0.9916666666666667,0.9916660879227724,,
61,center,2_3,2+3,3,1.0,180,0.36854132141595614,0.25196792947053315,-0.11657339194542297,0.6898037558102684,136,11,25,172,5fold_grouped_cv,logistic,0.9916666666666668,0.991665058846228,0.006804138174397694,0.0068054509542886
61,center,2_3_4,2+3+4,4,1.0,180,0.36866525006049766,0.25224369352219456,-0.11642155653830315,0.6903219676260361,136,11,45,192,holdout,logistic,0.9833333333333333,0.9833287024173382,,
61,center,2_3_4,2+3+4,4,1.0,180,0.36866525006049766,0.25224369352219456,-0.11642155653830315,0.6903219676260361,136,11,45,192,5fold_grouped_cv,logistic,0.986111111111111,0.9861052132863826,0.008784104611578835,0.008790888587498949
61,center,2_3_4_6,2+3+4+6,6,1.0,180,0.36886575930939325,0.2527024168902969,-0.1161633424190964,0.6911806553670423,136,11,75,222,holdout,logistic,0.9833333333333333,0.9833287024173382,,
61,center,2_3_4_6,2+3+4+6,6,1.0,180,0.36886575930939325,0.2527024168902969,-0.1161633424190964,0.6911806553670423,136,11,75,222,5fold_grouped_cv,logistic,0.986111111111111,0.9861052132863826,0.008784104611578835,0.008790888587498949
61,jittered,2,2,2,1.0,180,0.3696735948806638,0.2508929474321681,-0.11878064744849577,0.6833021525080109,136,11,10,157,holdout,logistic,0.9833333333333333,0.9833287024173382,,
61,jittered,2,2,2,1.0,180,0.3696735948806638,0.2508929474321681,-0.11878064744849577,0.6833021525080109,136,11,10,157,5fold_grouped_cv,logistic,0.9694444444444444,0.9694030750146212,0.016197088596792523,0.01624949676111025
61,jittered,2_3,2+3,3,1.0,180,0.3697728321581423,0.2511534103335096,-0.11861942182463266,0.6838396768640183,136,11,25,172,holdout,logistic,0.975,0.9749982637683172,,
61,jittered,2_3,2+3,3,1.0,180,0.3697728321581423,0.2511534103335096,-0.11861942182463266,0.6838396768640183,136,11,25,172,5fold_grouped_cv,logistic,0.9722222222222223,0.972191092954391,0.017568209223157653,0.017591988189787626
61,jittered,2_3_4,2+3+4,4,1.0,180,0.3698848628597746,0.25139955456238733,-0.11848530829738735,0.6842921998870379,136,11,45,192,holdout,logistic,0.9833333333333333,0.9833287024173382,,
61,jittered,2_3_4,2+3+4,4,1.0,180,0.3698848628597746,0.25139955456238733,-0.11848530829738735,0.6842921998870379,136,11,45,192,5fold_grouped_cv,logistic,0.9777777777777779,0.977771344012903,0.01416394309331329,0.014167519531255892
61,jittered,2_3_4_6,2+3+4+6,6,1.0,180,0.370078429338971,0.25186840005518935,-0.11821002928378167,0.6852169054269773,136,11,75,222,holdout,logistic,0.9833333333333333,0.9833287024173382,,
61,jittered,2_3_4_6,2+3+4+6,6,1.0,180,0.370078429338971,0.25186840005518935,-0.11821002928378167,0.6852169054269773,136,11,75,222,5fold_grouped_cv,logistic,0.986111111111111,0.9861019951623848,0.012422599874998838,0.012432193032727346
61,left,2,2,2,1.0,180,0.3760487084808072,0.25352113846430363,-0.1225275700165035,0.6794289188210197,136,11,10,157,holdout,logistic,0.975,0.9749843652282677,,
61,left,2,2,2,1.0,180,0.3760487084808072,0.25352113846430363,-0.1225275700165035,0.6794289188210197,136,11,10,157,5fold_grouped_cv,logistic,0.9833333333333334,0.9833236814444609,0.010393492741038736,0.010402379395098641
61,left,2_3,2+3,3,1.0,180,0.37615657851795753,0.2537583819896316,-0.1223981965283259,0.6798561545567632,136,11,25,172,holdout,logistic,1.0,1.0,,
61,left,2_3,2+3,3,1.0,180,0.37615657851795753,0.2537583819896316,-0.1223981965283259,0.6798561545567632,136,11,25,172,5fold_grouped_cv,logistic,0.9972222222222221,0.997221686282076,0.005555555555555537,0.005556627435847972
61,left,2_3_4,2+3+4,4,1.0,180,0.3762694447244488,0.2540216075236596,-0.12224783720078916,0.6803707524620228,136,11,45,192,holdout,logistic,1.0,1.0,,
61,left,2_3_4,2+3+4,4,1.0,180,0.3762694447244488,0.2540216075236596,-0.12224783720078916,0.6803707524620228,136,11,45,192,5fold_grouped_cv,logistic,0.9944444444444445,0.994443372564152,0.006804138174397694,0.0068054509542886
61,left,2_3_4_6,2+3+4+6,6,1.0,180,0.37646523345186517,0.254448161620269,-0.12201707183159613,0.6811336974041057,136,11,75,222,holdout,logistic,1.0,1.0,,
61,left,2_3_4_6,2+3+4+6,6,1.0,180,0.37646523345186517,0.254448161620269,-0.12201707183159613,0.6811336974041057,136,11,75,222,5fold_grouped_cv,logistic,0.9972222222222221,0.997221686282076,0.005555555555555537,0.005556627435847972
61,right,2,2,2,1.0,180,0.36966598278979834,0.2508088038226178,-0.11885717896718051,0.6846335615278343,136,11,10,157,holdout,logistic,0.9916666666666667,0.9916660879227724,,
61,right,2,2,2,1.0,180,0.36966598278979834,0.2508088038226178,-0.11885717896718051,0.6846335615278343,136,11,10,157,5fold_grouped_cv,logistic,0.9916666666666668,0.991665058846228,0.006804138174397694,0.0068054509542886
61,right,2_3,2+3,3,1.0,180,0.36977756416956375,0.25103222274375986,-0.11874534142580397,0.6850324565623618,136,11,25,172,holdout,logistic,1.0,1.0,,
61,right,2_3,2+3,3,1.0,180,0.36977756416956375,0.25103222274375986,-0.11874534142580397,0.6850324565623618,136,11,25,172,5fold_grouped_cv,logistic,1.0,1.0,0.0,0.0
61,right,2_3_4,2+3+4,4,1.0,180,0.3698900459343526,0.2512561295049981,-0.11863391642935457,0.685427519030742,136,11,45,192,holdout,logistic,1.0,1.0,,
61,right,2_3_4,2+3+4,4,1.0,180,0.3698900459343526,0.2512561295049981,-0.11863391642935457,0.685427519030742,136,11,45,192,5fold_grouped_cv,logistic,0.9972222222222221,0.997221686282076,0.005555555555555537,0.005556627435847972
61,right,2_3_4_6,2+3+4+6,6,1.0,180,0.3700903785429723,0.25178867390195947,-0.11830170464101276,0.6864958181354381,136,11,75,222,holdout,logistic,1.0,1.0,,
61,right,2_3_4_6,2+3+4+6,6,1.0,180,0.3700903785429723,0.25178867390195947,-0.11830170464101276,0.6864958181354381,136,11,75,222,5fold_grouped_cv,logistic,0.9972222222222221,0.997221686282076,0.005555555555555537,0.005556627435847972
62,center,2,2,2,1.0,180,0.36756712598631053,0.24803154695816512,-0.11953557902814534,0.6813093287420297,136,11,10,157,holdout,logistic,0.975,0.9749843652282677,,
62,center,2,2,2,1.0,180,0.36756712598631053,0.24803154695816512,-0.11953557902814534,0.6813093287420297,136,11,10,157,5fold_grouped_cv,logistic,0.9833333333333334,0.9833279714487511,0.010393492741038736,0.010397794768092626
62,center,2_3,2+3,3,1.0,180,0.3676496008013937,0.24824423055102515,-0.11940537025036865,0.6817350915236223,136,11,25,172,holdout,logistic,0.9916666666666667,0.9916660879227724,,
62,center,2_3,2+3,3,1.0,180,0.3676496008013937,0.24824423055102515,-0.11940537025036865,0.6817350915236223,136,11,25,172,5fold_grouped_cv,logistic,0.9888888888888889,0.9888835270043064,0.010393492741038724,0.010400659235583802
62,center,2_3_4,2+3+4,4,1.0,180,0.36776501832786973,0.2485237503902883,-0.11924126793758145,0.6822806493091247,136,11,45,192,holdout,logistic,0.9916666666666667,0.9916660879227724,,
62,center,2_3_4,2+3+4,4,1.0,180,0.36776501832786973,0.2485237503902883,-0.11924126793758145,0.6822806493091247,136,11,45,192,5fold_grouped_cv,logistic,0.9888888888888889,0.9888803088803089,0.013608276348795441,0.01361878467030031
62,center,2_3_4_6,2+3+4+6,6,1.0,180,0.367941456236068,0.2489725899394385,-0.11896886629662949,0.6831771937651018,136,11,75,222,holdout,logistic,1.0,1.0,,
62,center,2_3_4_6,2+3+4+6,6,1.0,180,0.367941456236068,0.2489725899394385,-0.11896886629662949,0.6831771937651018,136,11,75,222,5fold_grouped_cv,logistic,0.986111111111111,0.9861019951623848,0.012422599874998837,0.012432193032727345
62,jittered,2,2,2,1.0,180,0.3673153139881542,0.2495643452177136,-0.11775096877044063,0.6845225197752579,136,11,10,157,holdout,logistic,0.9583333333333334,0.9582608695652174,,
62,jittered,2,2,2,1.0,180,0.3673153139881542,0.2495643452177136,-0.11775096877044063,0.6845225197752579,136,11,10,157,5fold_grouped_cv,logistic,0.9777777777777779,0.9777477203902389,0.01666666666666666,0.016699949913151792
62,jittered,2_3,2+3,3,1.0,180,0.36743547203774035,0.24976352107130084,-0.11767195096643941,0.6848358980689615,136,11,25,172,holdout,logistic,0.9583333333333334,0.9582608695652174,,
62,jittered,2_3,2+3,3,1.0,180,0.36743547203774035,0.24976352107130084,-0.11767195096643941,0.6848358980689615,136,11,25,172,5fold_grouped_cv,logistic,0.9777777777777779,0.9777477203902389,0.01666666666666666,0.016699949913151792
62,jittered,2_3_4,2+3+4,4,1.0,180,0.3675601922506008,0.25001118835366026,-0.11754900389694053,0.6852825353653745,136,11,45,192,holdout,logistic,0.975,0.9749982637683172,,
62,jittered,2_3_4,2+3+4,4,1.0,180,0.3675601922506008,0.25001118835366026,-0.11754900389694053,0.6852825353653745,136,11,45,192,5fold_grouped_cv,logistic,0.9916666666666668,0.991665058846228,0.006804138174397693,0.0068054509542886
62,jittered,2_3_4_6,2+3+4+6,6,1.0,180,0.3677498183317904,0.250408145399284,-0.11734167293250632,0.6860134307077574,136,11,75,222,holdout,logistic,0.9833333333333333,0.9833287024173382,,
62,jittered,2_3_4_6,2+3+4+6,6,1.0,180,0.3677498183317904,0.250408145399284,-0.11734167293250632,0.6860134307077574,136,11,75,222,5fold_grouped_cv,logistic,0.9916666666666668,0.9916618407222305,0.01111111111111111,0.011118887025293532
62,left,2,2,2,1.0,180,0.36380964566373847,0.24740209853613823,-0.1164075471276002,0.6856872487500418,136,11,10,157,holdout,logistic,0.9833333333333333,0.9833287024173382,,
62,left,2,2,2,1.0,180,0.36380964566373847,0.24740209853613823,-0.1164075471276002,0.6856872487500418,136,11,10,157,5fold_grouped_cv,logistic,0.986111111111111,0.9861052132863826,0.008784104611578835,0.008790888587498949
62,left,2_3,2+3,3,1.0,180,0.3639221264917811,0.24766179672105176,-0.11626032977072932,0.686185817687281,136,11,25,172,holdout,logistic,0.9833333333333333,0.9833287024173382,,
62,left,2_3,2+3,3,1.0,180,0.3639221264917811,0.24766179672105176,-0.11626032977072932,0.686185817687281,136,11,25,172,5fold_grouped_cv,logistic,0.9888888888888889,0.9888835270043064,0.010393492741038726,0.010400659235583804
62,left,2_3_4,2+3+4,4,1.0,180,0.3640235004242174,0.24788978682486654,-0.11613371359935089,0.6866323425922278,136,11,45,192,holdout,logistic,0.975,0.9749843652282677,,
62,left,2_3_4,2+3+4,4,1.0,180,0.3640235004242174,0.24788978682486654,-0.11613371359935089,0.6866323425922278,136,11,45,192,5fold_grouped_cv,logistic,0.9916666666666668,0.991665058846228,0.006804138174397694,0.0068054509542886
62,left,2_3_4_6,2+3+4+6,6,1.0,180,0.36421521518831934,0.2483334985488006,-0.11588171663951877,0.6874756381724035,136,11,75,222,holdout,logistic,0.9916666666666667,0.9916660879227724,,
62,left,2_3_4_6,2+3+4+6,6,1.0,180,0.36421521518831934,0.2483334985488006,-0.11588171663951877,0.6874756381724035,136,11,75,222,5fold_grouped_cv,logistic,0.9944444444444445,0.994443372564152,0.006804138174397694,0.0068054509542886
62,right,2,2,2,1.0,180,0.3650473014138354,0.24766015059947466,-0.11738715081436071,0.6842100199615313,136,11,10,157,holdout,logistic,0.9916666666666667,0.9916660879227724,,
62,right,2,2,2,1.0,180,0.3650473014138354,0.24766015059947466,-0.11738715081436071,0.6842100199615313,136,11,10,157,5fold_grouped_cv,logistic,0.986111111111111,0.9861019951623848,0.012422599874998838,0.012432193032727345
62,right,2_3,2+3,3,1.0,180,0.3651531230999773,0.2478903521271487,-0.1172627709728285,0.6846394625832911,136,11,25,172,holdout,logistic,1.0,1.0,,
62,right,2_3,2+3,3,1.0,180,0.3651531230999773,0.2478903521271487,-0.1172627709728285,0.6846394625832911,136,11,25,172,5fold_grouped_cv,logistic,0.9972222222222221,0.997221686282076,0.005555555555555536,0.005556627435847972
62,right,2_3_4,2+3+4,4,1.0,180,0.36525609654652785,0.2481297364268674,-0.11712636011966045,0.6850913968038517,136,11,45,192,holdout,logistic,1.0,1.0,,
62,right,2_3_4,2+3+4,4,1.0,180,0.36525609654652785,0.2481297364268674,-0.11712636011966045,0.6850913968038517,136,11,45,192,5fold_grouped_cv,logistic,1.0,1.0,0.0,0.0
62,right,2_3_4_6,2+3+4+6,6,1.0,180,0.3654477147322947,0.2486740499637493,-0.11677366476854534,0.6862239361572381,136,11,75,222,holdout,logistic,1.0,1.0,,
62,right,2_3_4_6,2+3+4+6,6,1.0,180,0.3654477147322947,0.2486740499637493,-0.11677366476854534,0.6862239361572381,136,11,75,222,5fold_grouped_cv,logistic,0.9944444444444445,0.994443372564152,0.006804138174397693,0.0068054509542886
63,center,2,2,2,1.0,180,0.35854086712348465,0.2476779607499509,-0.11086290637353366,0.6962358884561459,136,11,10,157,holdout,logistic,0.95,0.949874686716792,,
63,center,2,2,2,1.0,180,0.35854086712348465,0.2476779607499509,-0.11086290637353366,0.6962358884561459,136,11,10,157,5fold_grouped_cv,logistic,0.9722222222222223,0.9721943235155827,0.008784104611578835,0.008806175813048878
63,center,2_3,2+3,3,1.0,180,0.35863589812657537,0.24787737775116095,-0.11075852037541445,0.6966112400402718,136,11,25,172,holdout,logistic,0.9916666666666667,0.9916660879227724,,
63,center,2_3,2+3,3,1.0,180,0.35863589812657537,0.24787737775116095,-0.11075852037541445,0.6966112400402718,136,11,25,172,5fold_grouped_cv,logistic,0.9972222222222221,0.997221686282076,0.005555555555555537,0.005556627435847972
63,center,2_3_4,2+3+4,4,1.0,180,0.358755830732011,0.24811762485298827,-0.11063820587902273,0.6970456749092057,136,11,45,192,holdout,logistic,1.0,1.0,,
63,center,2_3_4,2+3+4,4,1.0,180,0.358755830732011,0.24811762485298827,-0.11063820587902273,0.6970456749092057,136,11,45,192,5fold_grouped_cv,logistic,0.9944444444444445,0.9944401544401543,0.011111111111111117,0.011119691119691133
63,center,2_3_4_6,2+3+4+6,6,1.0,180,0.3589436812928404,0.24855711906786163,-0.11038656222497877,0.697911626409318,136,11,75,222,holdout,logistic,0.9916666666666667,0.9916660879227724,,
63,center,2_3_4_6,2+3+4+6,6,1.0,180,0.3589436812928404,0.24855711906786163,-0.11038656222497877,0.697911626409318,136,11,75,222,5fold_grouped_cv,logistic,0.9944444444444445,0.994443372564152,0.006804138174397694,0.0068054509542886
63,jittered,2,2,2,1.0,180,0.36128011621040607,0.2456934453894658,-0.11558667082094035,0.6855445778777984,136,11,10,157,holdout,logistic,0.9833333333333333,0.9833333333333333,,
63,jittered,2,2,2,1.0,180,0.36128011621040607,0.2456934453894658,-0.11558667082094035,0.6855445778777984,136,11,10,157,5fold_grouped_cv,logistic,0.9666666666666668,0.9666022095543256,0.01666666666666669,0.01672578629682007
63,jittered,2_3,2+3,3,1.0,180,0.3613765815857342,0.2459234097609087,-0.11545317182482552,0.6859925605464967,136,11,25,172,holdout,logistic,0.9833333333333333,0.9833333333333333,,
63,jittered,2_3,2+3,3,1.0,180,0.3613765815857342,0.2459234097609087,-0.11545317182482552,0.6859925605464967,136,11,25,172,5fold_grouped_cv,logistic,0.9833333333333334,0.9833236814444609,0.010393492741038736,0.010402379395098641
63,jittered,2_3_4,2+3+4,4,1.0,180,0.3614871517269451,0.24612699111433764,-0.11536016061260752,0.6863326719377834,136,11,45,192,holdout,logistic,1.0,1.0,,
63,jittered,2_3_4,2+3+4,4,1.0,180,0.3614871517269451,0.24612699111433764,-0.11536016061260752,0.6863326719377834,136,11,45,192,5fold_grouped_cv,logistic,0.9888888888888889,0.9888867451283041,0.005555555555555536,0.005556627435847972
63,jittered,2_3_4_6,2+3+4+6,6,1.0,180,0.36168856966495466,0.2465526937316242,-0.11513587593333052,0.6871179768950095,136,11,75,222,holdout,logistic,1.0,1.0,,
63,jittered,2_3_4_6,2+3+4+6,6,1.0,180,0.36168856966495466,0.2465526937316242,-0.11513587593333052,0.6871179768950095,136,11,75,222,5fold_grouped_cv,logistic,0.986111111111111,0.9861052132863826,0.008784104611578835,0.008790888587498949
63,left,2,2,2,1.0,180,0.3569292492642397,0.2435137279199444,-0.11341552134429533,0.6882049472278742,136,11,10,157,holdout,logistic,0.9916666666666667,0.9916660879227724,,
63,left,2,2,2,1.0,180,0.3569292492642397,0.2435137279199444,-0.11341552134429533,0.6882049472278742,136,11,10,157,5fold_grouped_cv,logistic,0.9833333333333332,0.9833279714487511,0.010393492741038736,0.010397794768092626
63,left,2_3,2+3,3,1.0,180,0.35703719381706267,0.24370571666692858,-0.11333147715013409,0.6885341165746898,136,11,25,172,holdout,logistic,0.975,0.9749843652282677,,
63,left,2_3,2+3,3,1.0,180,0.35703719381706267,0.24370571666692858,-0.11333147715013409,0.6885341165746898,136,11,25,172,5fold_grouped_cv,logistic,0.9888888888888889,0.9888835270043064,0.010393492741038726,0.010400659235583804
63,left,2_3_4,2+3+4,4,1.0,180,0.3571522326659107,0.24395475057098678,-0.11319748209492392,0.6890026269744068,136,11,45,192,holdout,logistic,0.9666666666666667,0.9666295884315907,,
63,left,2_3_4,2+3+4,4,1.0,180,0.3571522326659107,0.24395475057098678,-0.11319748209492392,0.6890026269744068,136,11,45,192,5fold_grouped_cv,logistic,0.9916666666666668,0.9916618407222305,0.011111111111111112,0.011118887025293532
63,left,2_3_4_6,2+3+4+6,6,1.0,180,0.35734247133567776,0.2442382779533357,-0.11310419338234205,0.6894279882238606,136,11,75,222,holdout,logistic,1.0,1.0,,
63,left,2_3_4_6,2+3+4+6,6,1.0,180,0.35734247133567776,0.2442382779533357,-0.11310419338234205,0.6894279882238606,136,11,75,222,5fold_grouped_cv,logistic,1.0,1.0,0.0,0.0
63,right,2,2,2,1.0,180,0.36187728910452,0.2453109246929497,-0.1165663644115702,0.6842777793271129,136,11,10,157,holdout,logistic,0.9916666666666667,0.9916660879227724,,
63,right,2,2,2,1.0,180,0.36187728910452,0.2453109246929497,-0.1165663644115702,0.6842777793271129,136,11,10,157,5fold_grouped_cv,logistic,0.9916666666666668,0.991665058846228,0.006804138174397693,0.0068054509542886
63,right,2_3,2+3,3,1.0,180,0.3619898731015364,0.24554143537603046,-0.116448437725506,0.6847022514204456,136,11,25,172,holdout,logistic,0.975,0.9749843652282677,,
63,right,2_3,2+3,3,1.0,180,0.3619898731015364,0.24554143537603046,-0.116448437725506,0.6847022514204456,136,11,25,172,5fold_grouped_cv,logistic,0.986111111111111,0.9861052132863826,0.008784104611578835,0.008790888587498949
63,right,2_3_4,2+3+4,4,1.0,180,0.36209587220735645,0.24575059524116086,-0.11634527696619562,0.6850724484020049,136,11,45,192,holdout,logistic,0.975,0.9749843652282677,,
63,right,2_3_4,2+3+4,4,1.0,180,0.36209587220735645,0.24575059524116086,-0.11634527696619562,0.6850724484020049,136,11,45,192,5fold_grouped_cv,logistic,0.9888888888888889,0.9888835270043064,0.010393492741038726,0.010400659235583804
63,right,2_3_4_6,2+3+4+6,6,1.0,180,0.3622961023638183,0.24624471418190702,-0.11605138818191124,0.6860566393104535,136,11,75,222,holdout,logistic,1.0,1.0,,
63,right,2_3_4_6,2+3+4+6,6,1.0,180,0.3622961023638183,0.24624471418190702,-0.11605138818191124,0.6860566393104535,136,11,75,222,5fold_grouped_cv,logistic,1.0,1.0,0.0,0.0
64,center,2,2,2,1.0,180,0.35896446870517545,0.24687833211526708,-0.11208613658990833,0.6939214302203122,136,11,10,157,holdout,logistic,0.975,0.9749843652282677,,
64,center,2,2,2,1.0,180,0.35896446870517545,0.24687833211526708,-0.11208613658990833,0.6939214302203122,136,11,10,157,5fold_grouped_cv,logistic,0.9694444444444444,0.9693869719574391,0.01842569327975222,0.01847983769994706
64,center,2_3,2+3,3,1.0,180,0.35907542996112973,0.24713439928076278,-0.11194103068036695,0.6944156493233413,136,11,25,172,holdout,logistic,0.9916666666666667,0.9916660879227724,,
64,center,2_3,2+3,3,1.0,180,0.35907542996112973,0.24713439928076278,-0.11194103068036695,0.6944156493233413,136,11,25,172,5fold_grouped_cv,logistic,0.9916666666666668,0.991665058846228,0.006804138174397694,0.0068054509542886
64,center,2_3_4,2+3+4,4,1.0,180,0.35919681599452746,0.24736697810927702,-0.11182983788525043,0.6948276897787363,136,11,45,192,holdout,logistic,0.9916666666666667,0.9916660879227724,,
64,center,2_3_4,2+3+4,4,1.0,180,0.35919681599452746,0.24736697810927702,-0.11182983788525043,0.6948276897787363,136,11,45,192,5fold_grouped_cv,logistic,0.986111111111111,0.9861052132863826,0.008784104611578835,0.008790888587498949
64,center,2_3_4_6,2+3+4+6,6,1.0,180,0.35939685111157804,0.2478472919480136,-0.11154955916356445,0.6957787028978794,136,11,75,222,holdout,logistic,0.9833333333333333,0.9833287024173382,,
64,center,2_3_4_6,2+3+4+6,6,1.0,180,0.35939685111157804,0.2478472919480136,-0.11154955916356445,0.6957787028978794,136,11,75,222,5fold_grouped_cv,logistic,0.986111111111111,0.9861019951623848,0.012422599874998837,0.012432193032727346
64,jittered,2,2,2,1.0,180,0.3594000777327706,0.2439657296946696,-0.11543434803810099,0.6847480710215949,136,11,10,157,holdout,logistic,0.975,0.9749843652282677,,
64,jittered,2,2,2,1.0,180,0.3594000777327706,0.2439657296946696,-0.11543434803810099,0.6847480710215949,136,11,10,157,5fold_grouped_cv,logistic,0.9666666666666666,0.9666291061242784,0.0188398055086813,0.018881756046280673
64,jittered,2_3,2+3,3,1.0,180,0.3594987629971456,0.2441567815524009,-0.11534198144474463,0.685091679372895,136,11,25,172,holdout,logistic,0.975,0.9749843652282677,,
64,jittered,2_3,2+3,3,1.0,180,0.3594987629971456,0.2441567815524009,-0.11534198144474463,0.685091679372895,136,11,25,172,5fold_grouped_cv,logistic,0.9666666666666668,0.9666355423722737,0.02078698548207746,0.020827452218897646
64,jittered,2_3_4,2+3+4,4,1.0,180,0.3595939446411748,0.24436499301548986,-0.11522895162568494,0.6854861965061785,136,11,45,192,holdout,logistic,0.9583333333333334,0.9582608695652174,,
64,jittered,2_3_4,2+3+4,4,1.0,180,0.3595939446411748,0.24436499301548986,-0.11522895162568494,0.6854861965061785,136,11,45,192,5fold_grouped_cv,logistic,0.9666666666666668,0.9666247612966972,0.025760051376376956,0.02579221662998616
64,jittered,2_3_4_6,2+3+4+6,6,1.0,180,0.3597636393510935,0.2446971552916089,-0.11506648405948461,0.6860948177073414,136,11,75,222,holdout,logistic,0.975,0.9749843652282677,,
64,jittered,2_3_4_6,2+3+4+6,6,1.0,180,0.3597636393510935,0.2446971552916089,-0.11506648405948461,0.6860948177073414,136,11,75,222,5fold_grouped_cv,logistic,0.9611111111111112,0.9610099954876468,0.018425693279752225,0.018538412134367046
64,left,2,2,2,1.0,180,0.3536875105030406,0.24216251018509102,-0.11152500031794955,0.6897654871403895,136,11,10,157,holdout,logistic,0.9916666666666667,0.9916660879227724,,
64,left,2,2,2,1.0,180,0.3536875105030406,0.24216251018509102,-0.11152500031794955,0.6897654871403895,136,11,10,157,5fold_grouped_cv,logistic,0.986111111111111,0.9861052132863826,0.008784104611578835,0.008790888587498947
64,left,2_3,2+3,3,1.0,180,0.35378799942197064,0.2423933731869043,-0.1113946262350664,0.6902326592503216,136,11,25,172,holdout,logistic,0.9916666666666667,0.9916660879227724,,
64,left,2_3,2+3,3,1.0,180,0.35378799942197064,0.2423933731869043,-0.1113946262350664,0.6902326592503216,136,11,25,172,5fold_grouped_cv,logistic,0.9805555555555555,0.980526034108163,0.018839805508681286,0.01887383881991974
64,left,2_3_4,2+3+4,4,1.0,180,0.3538852702295015,0.24263547112546066,-0.11124979910404077,0.6907085316327414,136,11,45,192,holdout,logistic,1.0,1.0,,
64,left,2_3_4,2+3+4,4,1.0,180,0.3538852702295015,0.24263547112546066,-0.11124979910404077,0.6907085316327414,136,11,45,192,5fold_grouped_cv,logistic,0.9805555555555555,0.9805453677265369,0.0068041381743977475,0.006813333716011712
64,left,2_3_4_6,2+3+4+6,6,1.0,180,0.3540734064451602,0.24296704277939668,-0.1111063636657635,0.6912802406359895,136,11,75,222,holdout,logistic,0.9833333333333333,0.9833287024173382,,
64,left,2_3_4_6,2+3+4+6,6,1.0,180,0.3540734064451602,0.24296704277939668,-0.1111063636657635,0.6912802406359895,136,11,75,222,5fold_grouped_cv,logistic,0.9972222222222221,0.997221686282076,0.005555555555555536,0.005556627435847972
64,right,2,2,2,1.0,180,0.35659330128254546,0.2425496100532418,-0.11404369122930369,0.6878819853882361,136,11,10,157,holdout,logistic,0.9916666666666667,0.9916660879227724,,
64,right,2,2,2,1.0,180,0.35659330128254546,0.2425496100532418,-0.11404369122930369,0.6878819853882361,136,11,10,157,5fold_grouped_cv,logistic,0.986111111111111,0.9861052132863826,0.008784104611578835,0.008790888587498947
64,right,2_3,2+3,3,1.0,180,0.3567070710339075,0.2427379134472503,-0.11396915758665721,0.6881926448736294,136,11,25,172,holdout,logistic,1.0,1.0,,
64,right,2_3,2+3,3,1.0,180,0.3567070710339075,0.2427379134472503,-0.11396915758665721,0.6881926448736294,136,11,25,172,5fold_grouped_cv,logistic,0.9888888888888889,0.9888835270043064,0.010393492741038726,0.010400659235583804
64,right,2_3_4,2+3+4,4,1.0,180,0.3568079663613229,0.24296830969229402,-0.11383965666902891,0.6886533454332238,136,11,45,192,holdout,logistic,0.9916666666666667,0.9916660879227724,,
64,right,2_3_4,2+3+4,4,1.0,180,0.3568079663613229,0.24296830969229402,-0.11383965666902891,0.6886533454332238,136,11,45,192,5fold_grouped_cv,logistic,0.9888888888888889,0.9888738601951195,0.016197088596792485,0.01622452312114707
64,right,2_3_4_6,2+3+4+6,6,1.0,180,0.3569957156211591,0.24334124934997547,-0.11365446627118368,0.6893399472266567,136,11,75,222,holdout,logistic,1.0,1.0,,
64,right,2_3_4_6,2+3+4+6,6,1.0,180,0.3569957156211591,0.24334124934997547,-0.11365446627118368,0.6893399472266567,136,11,75,222,5fold_grouped_cv,logistic,0.9916666666666668,0.9916618407222305,0.01111111111111111,0.011118887025293532
65,center,2,2,2,1.0,180,0.3554493772306532,0.23849866464306074,-0.11695071258759242,0.6768450297038971,136,11,10,157,holdout,logistic,0.975,0.9749843652282677,,
65,center,2,2,2,1.0,180,0.3554493772306532,0.23849866464306074,-0.11695071258759242,0.6768450297038971,136,11,10,157,5fold_grouped_cv,logistic,0.9722222222222221,0.9721781706085476,0.015214515486254642,0.015276353161851495
65,center,2_3,2+3,3,1.0,180,0.3555386162458627,0.23870504810111293,-0.11683356814474978,0.6772586931783826,136,11,25,172,holdout,logistic,1.0,1.0,,
65,center,2_3,2+3,3,1.0,180,0.3555386162458627,0.23870504810111293,-0.11683356814474978,0.6772586931783826,136,11,25,172,5fold_grouped_cv,logistic,0.9916666666666668,0.991665058846228,0.006804138174397694,0.0068054509542886
65,center,2_3_4,2+3+4,4,1.0,180,0.35563973815233907,0.23895384729327504,-0.11668589085906404,0.6777623700562814,136,11,45,192,holdout,logistic,0.9916666666666667,0.9916660879227724,,
65,center,2_3_4,2+3+4,4,1.0,180,0.35563973815233907,0.23895384729327504,-0.11668589085906404,0.6777623700562814,136,11,45,192,5fold_grouped_cv,logistic,0.9916666666666668,0.991665058846228,0.006804138174397694,0.0068054509542886
65,center,2_3_4_6,2+3+4+6,6,1.0,180,0.355827435410905,0.23932462752733016,-0.11650280788357482,0.6784371386392397,136,11,75,222,holdout,logistic,0.9916666666666667,0.9916660879227724,,
65,center,2_3_4_6,2+3+4+6,6,1.0,180,0.355827435410905,0.23932462752733016,-0.11650280788357482,0.6784371386392397,136,11,75,222,5fold_grouped_cv,logistic,0.9888888888888889,0.9888867451283041,0.005555555555555536,0.005556627435847972
65,jittered,2,2,2,1.0,180,0.35824929038969566,0.2403107949269212,-0.11793849546277445,0.6767967884302869,136,11,10,157,holdout,logistic,0.975,0.9749843652282677,,
65,jittered,2,2,2,1.0,180,0.35824929038969566,0.2403107949269212,-0.11793849546277445,0.6767967884302869,136,11,10,157,5fold_grouped_cv,logistic,0.9722222222222223,0.972191092954391,0.017568209223157653,0.017591988189787626
65,jittered,2_3,2+3,3,1.0,180,0.3583454209656804,0.24048947521937908,-0.11785594574630133,0.6771072416339534,136,11,25,172,holdout,logistic,0.9583333333333334,0.9582608695652174,,
65,jittered,2_3,2+3,3,1.0,180,0.3583454209656804,0.24048947521937908,-0.11785594574630133,0.6771072416339534,136,11,25,172,5fold_grouped_cv,logistic,0.9722222222222223,0.9721975416395804,0.0152145154862546,0.01522922708757882
65,jittered,2_3_4,2+3+4,4,1.0,180,0.35844319910399114,0.24078272063776118,-0.11766047846622985,0.6777517765058313,136,11,45,192,holdout,logistic,0.975,0.9749843652282677,,
65,jittered,2_3_4,2+3+4,4,1.0,180,0.35844319910399114,0.24078272063776118,-0.11766047846622985,0.6777517765058313,136,11,45,192,5fold_grouped_cv,logistic,0.975,0.9749887402906889,0.010393492741038736,0.010397221050982364
65,jittered,2_3_4_6,2+3+4+6,6,1.0,180,0.35862306764544516,0.24114510306681877,-0.11747796457862643,0.6784214255681059,136,11,75,222,holdout,logistic,0.9833333333333333,0.9833287024173382,,
65,jittered,2_3_4_6,2+3+4+6,6,1.0,180,0.35862306764544516,0.24114510306681877,-0.11747796457862643,0.6784214255681059,136,11,75,222,5fold_grouped_cv,logistic,0.9777777777777779,0.9777606053234236,0.01666666666666666,0.016684927858581687
65,left,2,2,2,1.0,180,0.3542220137788762,0.24236947265101072,-0.1118525411278655,0.6901848637202538,136,11,10,157,holdout,logistic,0.9916666666666667,0.9916660879227724,,
65,left,2,2,2,1.0,180,0.3542220137788762,0.24236947265101072,-0.1118525411278655,0.6901848637202538,136,11,10,157,5fold_grouped_cv,logistic,0.9805555555555555,0.9805066630771302,0.02421610524189263,0.024280709966332203
65,left,2_3,2+3,3,1.0,180,0.3543179066145339,0.24258867419136934,-0.11172923242316458,0.6906108886279675,136,11,25,172,holdout,logistic,0.975,0.9749843652282677,,
65,left,2_3,2+3,3,1.0,180,0.3543179066145339,0.24258867419136934,-0.11172923242316458,0.6906108886279675,136,11,25,172,5fold_grouped_cv,logistic,0.975,0.974898296103416,0.030932024237944566,0.031062729181272654
65,left,2_3_4,2+3+4,4,1.0,180,0.35441602629144353,0.24279951247329784,-0.11161651381814568,0.6910142743561271,136,11,45,192,holdout,logistic,0.9916666666666667,0.9916660879227724,,
65,left,2_3_4,2+3+4,4,1.0,180,0.35441602629144353,0.24279951247329784,-0.11161651381814568,0.6910142743561271,136,11,45,192,5fold_grouped_cv,logistic,0.9888888888888889,0.9888738601951195,0.016197088596792485,0.016224523121147066
65,left,2_3_4_6,2+3+4+6,6,1.0,180,0.35459873590473484,0.24312339111190845,-0.11147534479282639,0.6915599786771346,136,11,75,222,holdout,logistic,1.0,1.0,,
65,left,2_3_4_6,2+3+4+6,6,1.0,180,0.35459873590473484,0.24312339111190845,-0.11147534479282639,0.6915599786771346,136,11,75,222,5fold_grouped_cv,logistic,0.9916666666666668,0.9916618407222305,0.01111111111111111,0.011118887025293532
65,right,2,2,2,1.0,180,0.35313000816592993,0.24039701661464052,-0.11273299155128944,0.68631525835063,136,11,10,157,holdout,logistic,0.9916666666666667,0.9916660879227724,,
65,right,2,2,2,1.0,180,0.35313000816592993,0.24039701661464052,-0.11273299155128944,0.68631525835063,136,11,10,157,5fold_grouped_cv,logistic,0.9888888888888889,0.9888803088803089,0.013608276348795441,0.01361878467030031
65,right,2_3,2+3,3,1.0,180,0.35324370784722475,0.24059310326838165,-0.11265060457884313,0.6866525067914315,136,11,25,172,holdout,logistic,1.0,1.0,,
65,right,2_3,2+3,3,1.0,180,0.35324370784722475,0.24059310326838165,-0.11265060457884313,0.6866525067914315,136,11,25,172,5fold_grouped_cv,logistic,0.9916666666666668,0.9916618407222305,0.01111111111111111,0.011118887025293532
65,right,2_3_4,2+3+4,4,1.0,180,0.3533454200797351,0.24085914353766885,-0.11248627654206618,0.6872072064847901,136,11,45,192,holdout,logistic,1.0,1.0,,
65,right,2_3_4,2+3+4,4,1.0,180,0.3533454200797351,0.24085914353766885,-0.11248627654206618,0.6872072064847901,136,11,45,192,5fold_grouped_cv,logistic,0.9944444444444445,0.994443372564152,0.006804138174397694,0.0068054509542886
65,right,2_3_4_6,2+3+4+6,6,1.0,180,0.3535290980782865,0.24119425682157783,-0.1123348412567087,0.687806833792961,136,11,75,222,holdout,logistic,1.0,1.0,,
65,right,2_3_4_6,2+3+4+6,6,1.0,180,0.3535290980782865,0.24119425682157783,-0.1123348412567087,0.687806833792961,136,11,75,222,5fold_grouped_cv,logistic,0.9944444444444445,0.9944401544401543,0.011111111111111117,0.011119691119691133
66,center,2,2,2,1.0,180,0.349578811529907,0.23617502758674958,-0.11340378394315746,0.6810413755404446,136,11,10,157,holdout,logistic,0.975,0.9749843652282677,,
66,center,2,2,2,1.0,180,0.349578811529907,0.23617502758674958,-0.11340378394315746,0.6810413755404446,136,11,10,157,5fold_grouped_cv,logistic,0.9777777777777779,0.9777681258889054,0.01883980550868132,0.018854513658577758
66,center,2_3,2+3,3,1.0,180,0.34967739029153705,0.23636267667240327,-0.1133147136191337,0.68140286065341,136,11,25,172,holdout,logistic,0.9916666666666667,0.9916660879227724,,
66,center,2_3,2+3,3,1.0,180,0.34967739029153705,0.23636267667240327,-0.1133147136191337,0.68140286065341,136,11,25,172,5fold_grouped_cv,logistic,0.9916666666666668,0.9916618407222305,0.011111111111111112,0.011118887025293532
66,center,2_3_4,2+3+4,4,1.0,180,0.34976483526184077,0.23660317918152704,-0.11316165608031371,0.6819244467471979,136,11,45,192,holdout,logistic,0.9833333333333333,0.9833287024173382,,
66,center,2_3_4,2+3+4,4,1.0,180,0.34976483526184077,0.23660317918152704,-0.11316165608031371,0.6819244467471979,136,11,45,192,5fold_grouped_cv,logistic,0.9916666666666668,0.9916618407222305,0.011111111111111112,0.011118887025293532
66,center,2_3_4_6,2+3+4+6,6,1.0,180,0.3499525151110222,0.23699738497415793,-0.11295513013686423,0.682693560397258,136,11,75,222,holdout,logistic,0.9833333333333333,0.9833287024173382,,
66,center,2_3_4_6,2+3+4+6,6,1.0,180,0.3499525151110222,0.23699738497415793,-0.11295513013686423,0.682693560397258,136,11,75,222,5fold_grouped_cv,logistic,0.9916666666666668,0.9916618407222305,0.011111111111111112,0.011118887025293532
66,jittered,2,2,2,1.0,180,0.35080420974612997,0.23689840726032424,-0.11390580248580573,0.6805627240984147,136,11,10,157,holdout,logistic,0.9666666666666667,0.9666574048346763,,
66,jittered,2,2,2,1.0,180,0.35080420974612997,0.23689840726032424,-0.11390580248580573,0.6805627240984147,136,11,10,157,5fold_grouped_cv,logistic,0.9777777777777779,0.977767054008613,0.01416394309331329,0.014169202334557863
66,jittered,2_3,2+3,3,1.0,180,0.35090794986416646,0.237136556371934,-0.11377139349223242,0.6810453282767671,136,11,25,172,holdout,logistic,0.975,0.9749982637683172,,
66,jittered,2_3,2+3,3,1.0,180,0.35090794986416646,0.237136556371934,-0.11377139349223242,0.6810453282767671,136,11,25,172,5fold_grouped_cv,logistic,0.9722222222222221,0.9721975416395804,0.0152145154862546,0.01522922708757882
66,jittered,2_3_4,2+3+4,4,1.0,180,0.3510079208935887,0.23739477156834426,-0.11361314932524443,0.6815989474642797,136,11,45,192,holdout,logistic,0.9833333333333333,0.9833287024173382,,
66,jittered,2_3_4,2+3+4,4,1.0,180,0.3510079208935887,0.23739477156834426,-0.11361314932524443,0.6815989474642797,136,11,45,192,5fold_grouped_cv,logistic,0.9722222222222221,0.9721813887325453,0.019641855032959663,0.01969131014240655
66,jittered,2_3_4_6,2+3+4+6,6,1.0,180,0.3511751952405722,0.23781966247692468,-0.11335553276364752,0.6824965478422518,136,11,75,222,holdout,logistic,0.9916666666666667,0.9916660879227724,,
66,jittered,2_3_4_6,2+3+4+6,6,1.0,180,0.3511751952405722,0.23781966247692468,-0.11335553276364752,0.6824965478422518,136,11,75,222,5fold_grouped_cv,logistic,0.9833333333333334,0.9833204633204634,0.013608276348795441,0.013618784670300312
66,left,2,2,2,1.0,180,0.35129140926948976,0.23681939929123663,-0.11447200997825314,0.6804696672010225,136,11,10,157,holdout,logistic,0.9916666666666667,0.9916660879227724,,
66,left,2,2,2,1.0,180,0.35129140926948976,0.23681939929123663,-0.11447200997825314,0.6804696672010225,136,11,10,157,5fold_grouped_cv,logistic,0.9916666666666668,0.9916618407222305,0.01111111111111111,0.011118887025293534
66,left,2_3,2+3,3,1.0,180,0.35138687817779274,0.23702276999390165,-0.11436410818389109,0.6808665658975254,136,11,25,172,holdout,logistic,1.0,1.0,,
66,left,2_3,2+3,3,1.0,180,0.35138687817779274,0.23702276999390165,-0.11436410818389109,0.6808665658975254,136,11,25,172,5fold_grouped_cv,logistic,0.9916666666666668,0.9916618407222305,0.01111111111111111,0.011118887025293532
66,left,2_3_4,2+3+4,4,1.0,180,0.3514801874340976,0.2372547961166961,-0.1142253913174015,0.6813315625485284,136,11,45,192,holdout,logistic,1.0,1.0,,
66,left,2_3_4,2+3+4,4,1.0,180,0.3514801874340976,0.2372547961166961,-0.1142253913174015,0.6813315625485284,136,11,45,192,5fold_grouped_cv,logistic,0.9944444444444445,0.994443372564152,0.006804138174397694,0.0068054509542886
66,left,2_3_4_6,2+3+4+6,6,1.0,180,0.3516584272077056,0.2376194823110241,-0.1140389448966816,0.682033846485126,136,11,75,222,holdout,logistic,0.9916666666666667,0.9916660879227724,,
66,left,2_3_4_6,2+3+4+6,6,1.0,180,0.3516584272077056,0.2376194823110241,-0.1140389448966816,0.682033846485126,136,11,75,222,5fold_grouped_cv,logistic,1.0,1.0,0.0,0.0
66,right,2,2,2,1.0,180,0.35010067579613957,0.23732366750314696,-0.11277700829299264,0.6841604568774231,136,11,10,157,holdout,logistic,0.9583333333333334,0.9583072753804461,,
66,right,2,2,2,1.0,180,0.35010067579613957,0.23732366750314696,-0.11277700829299264,0.6841604568774231,136,11,10,157,5fold_grouped_cv,logistic,0.9722222222222221,0.9721500921060041,0.023240556292613207,0.023360967242529364
66,right,2_3,2+3,3,1.0,180,0.350206790588233,0.23753167827694285,-0.11267511231129011,0.6845498740197095,136,11,25,172,holdout,logistic,0.9916666666666667,0.9916660879227724,,
66,right,2_3,2+3,3,1.0,180,0.350206790588233,0.23753167827694285,-0.11267511231129011,0.6845498740197095,136,11,25,172,5fold_grouped_cv,logistic,0.9944444444444445,0.994443372564152,0.006804138174397694,0.0068054509542886
66,right,2_3_4,2+3+4,4,1.0,180,0.35031317785660654,0.23774371829034122,-0.11256945956626538,0.6849494676885638,136,11,45,192,holdout,logistic,0.975,0.9749843652282677,,
66,right,2_3_4,2+3+4,4,1.0,180,0.35031317785660654,0.23774371829034122,-0.11256945956626538,0.6849494676885638,136,11,45,192,5fold_grouped_cv,logistic,0.9833333333333334,0.9832978617282387,0.02041241452319316,0.02047781500234627
66,right,2_3_4_6,2+3+4+6,6,1.0,180,0.350505485266489,0.23812889852591887,-0.11237658674057012,0.6856767850302894,136,11,75,222,holdout,logistic,1.0,1.0,,
66,right,2_3_4_6,2+3+4+6,6,1.0,180,0.350505485266489,0.23812889852591887,-0.11237658674057012,0.6856767850302894,136,11,75,222,5fold_grouped_cv,logistic,0.9944444444444445,0.994443372564152,0.006804138174397694,0.0068054509542886
67,center,2,2,2,1.0,180,0.3466919889950727,0.23530292186124135,-0.11138906713383133,0.6848845457072295,136,11,10,157,holdout,logistic,0.9416666666666667,0.9414674935544561,,
67,center,2,2,2,1.0,180,0.3466919889950727,0.23530292186124135,-0.11138906713383133,0.6848845457072295,136,11,10,157,5fold_grouped_cv,logistic,0.975,0.9749694066723149,0.013608276348795441,0.013642463420249237
67,center,2_3,2+3,3,1.0,180,0.34678002005083797,0.23556939087410175,-0.11121062917673624,0.6854966013853191,136,11,25,172,holdout,logistic,0.9916666666666667,0.9916660879227724,,
67,center,2_3,2+3,3,1.0,180,0.34678002005083797,0.23556939087410175,-0.11121062917673624,0.6854966013853191,136,11,25,172,5fold_grouped_cv,logistic,0.986111111111111,0.9861019951623848,0.012422599874998837,0.012432193032727346
67,center,2_3_4,2+3+4,4,1.0,180,0.34687718422711583,0.23575314557822938,-0.11112403864888638,0.6858244105270632,136,11,45,192,holdout,logistic,1.0,1.0,,
67,center,2_3_4,2+3+4,4,1.0,180,0.34687718422711583,0.23575314557822938,-0.11112403864888638,0.6858244105270632,136,11,45,192,5fold_grouped_cv,logistic,0.9805555555555557,0.9805357009173499,0.01416394309331329,0.014188789501230384
67,center,2_3_4_6,2+3+4+6,6,1.0,180,0.3470560682176806,0.23616670202073842,-0.11088936619694224,0.6866616005803179,136,11,75,222,holdout,logistic,1.0,1.0,,
67,center,2_3_4_6,2+3+4+6,6,1.0,180,0.3470560682176806,0.23616670202073842,-0.11088936619694224,0.6866616005803179,136,11,75,222,5fold_grouped_cv,logistic,0.9916666666666668,0.9916618407222305,0.011111111111111112,0.011118887025293532
67,jittered,2,2,2,1.0,180,0.34859081430284183,0.23158593211189174,-0.11700488219095016,0.6704189068460957,136,11,10,157,holdout,logistic,0.9916666666666667,0.9916660879227724,,
67,jittered,2,2,2,1.0,180,0.34859081430284183,0.23158593211189174,-0.11700488219095016,0.6704189068460957,136,11,10,157,5fold_grouped_cv,logistic,0.9777777777777776,0.9777487972439696,0.02576005137637695,0.02580508513593022
67,jittered,2_3,2+3,3,1.0,180,0.34868362809316533,0.2318169592093951,-0.11686666888377026,0.6709038491363545,136,11,25,172,holdout,logistic,0.9833333333333333,0.9833287024173382,,
67,jittered,2_3,2+3,3,1.0,180,0.34868362809316533,0.2318169592093951,-0.11686666888377026,0.6709038491363545,136,11,25,172,5fold_grouped_cv,logistic,0.9777777777777779,0.9777487972439696,0.02576005137637695,0.02580508513593022
67,jittered,2_3_4,2+3+4,4,1.0,180,0.34877386934324534,0.23200754469890922,-0.11676632464433613,0.6712730620771906,136,11,45,192,holdout,logistic,0.9916666666666667,0.9916660879227724,,
67,jittered,2_3_4,2+3+4,4,1.0,180,0.34877386934324534,0.23200754469890922,-0.11676632464433613,0.6712730620771906,136,11,45,192,5fold_grouped_cv,logistic,0.975,0.9749865940469838,0.01842569327975224,0.01844024707245858
67,jittered,2_3_4_6,2+3+4+6,6,1.0,180,0.34894505046853547,0.23243896142787182,-0.11650608904066367,0.6721887870892728,136,11,75,222,holdout,logistic,0.9833333333333333,0.9833287024173382,,
67,jittered,2_3_4_6,2+3+4+6,6,1.0,180,0.34894505046853547,0.23243896142787182,-0.11650608904066367,0.6721887870892728,136,11,75,222,5fold_grouped_cv,logistic,0.9833333333333334,0.983330117692456,0.013608276348795426,0.013610901908577198
67,left,2,2,2,1.0,180,0.34747887671923466,0.233478164850925,-0.11400071186830962,0.6763618187081969,136,11,10,157,holdout,logistic,0.9833333333333333,0.9833287024173382,,
67,left,2,2,2,1.0,180,0.34747887671923466,0.233478164850925,-0.11400071186830962,0.6763618187081969,136,11,10,157,5fold_grouped_cv,logistic,0.986111111111111,0.9860955464771954,0.0152145154862546,0.01524097914422085
67,left,2_3,2+3,3,1.0,180,0.3475795313295976,0.23369732793301057,-0.11388220339658707,0.6767985902382035,136,11,25,172,holdout,logistic,0.975,0.9749843652282677,,
67,left,2_3,2+3,3,1.0,180,0.3475795313295976,0.23369732793301057,-0.11388220339658707,0.6767985902382035,136,11,25,172,5fold_grouped_cv,logistic,0.9833333333333334,0.9833236814444609,0.010393492741038736,0.010402379395098641
67,left,2_3_4,2+3+4,4,1.0,180,0.3476869059193054,0.23392014180398712,-0.11376676411531833,0.6772334619712748,136,11,45,192,holdout,logistic,0.975,0.9749843652282677,,
67,left,2_3_4,2+3+4,4,1.0,180,0.3476869059193054,0.23392014180398712,-0.11376676411531833,0.6772334619712748,136,11,45,192,5fold_grouped_cv,logistic,0.9833333333333334,0.9833172327592715,0.013608276348795426,0.0136345768474898
67,left,2_3_4_6,2+3+4+6,6,1.0,180,0.34786868786281255,0.23432486246797343,-0.11354382539483912,0.6780427511699767,136,11,75,222,holdout,logistic,0.9833333333333333,0.9833287024173382,,
67,left,2_3_4_6,2+3+4+6,6,1.0,180,0.34786868786281255,0.23432486246797343,-0.11354382539483912,0.6780427511699767,136,11,75,222,5fold_grouped_cv,logistic,0.9972222222222221,0.997221686282076,0.005555555555555537,0.005556627435847972
67,right,2,2,2,1.0,180,0.34886075751207457,0.23538025790558134,-0.11348049960649322,0.6805629283099257,136,11,10,157,holdout,logistic,0.9833333333333333,0.9833287024173382,,
67,right,2,2,2,1.0,180,0.34886075751207457,0.23538025790558134,-0.11348049960649322,0.6805629283099257,136,11,10,157,5fold_grouped_cv,logistic,0.9888888888888889,0.9888835270043064,0.010393492741038724,0.010400659235583804
67,right,2_3,2+3,3,1.0,180,0.3489560159020243,0.23556656357292605,-0.11338945232909824,0.6809169941325772,136,11,25,172,holdout,logistic,0.9833333333333333,0.9833287024173382,,
67,right,2_3,2+3,3,1.0,180,0.3489560159020243,0.23556656357292605,-0.11338945232909824,0.6809169941325772,136,11,25,172,5fold_grouped_cv,logistic,0.9944444444444445,0.994443372564152,0.006804138174397693,0.0068054509542886
67,right,2_3_4,2+3+4,4,1.0,180,0.34905075976832783,0.23579814981060077,-0.11325260995772714,0.6813772493028024,136,11,45,192,holdout,logistic,0.9833333333333333,0.9833287024173382,,
67,right,2_3_4,2+3+4,4,1.0,180,0.34905075976832783,0.23579814981060077,-0.11325260995772714,0.6813772493028024,136,11,45,192,5fold_grouped_cv,logistic,0.9916666666666668,0.991665058846228,0.006804138174397693,0.0068054509542886
67,right,2_3_4_6,2+3+4+6,6,1.0,180,0.3492245881349171,0.236209742768303,-0.11301484536661409,0.6822403855486797,136,11,75,222,holdout,logistic,0.9833333333333333,0.9833287024173382,,
67,right,2_3_4_6,2+3+4+6,6,1.0,180,0.3492245881349171,0.236209742768303,-0.11301484536661409,0.6822403855486797,136,11,75,222,5fold_grouped_cv,logistic,0.9916666666666668,0.991665058846228,0.006804138174397693,0.0068054509542886
68,center,2,2,2,1.0,180,0.34684957094658875,0.2308785074993653,-0.11597106344722342,0.6735184756320362,136,11,10,157,holdout,logistic,0.9916666666666667,0.9916660879227724,,
68,center,2,2,2,1.0,180,0.34684957094658875,0.2308785074993653,-0.11597106344722342,0.6735184756320362,136,11,10,157,5fold_grouped_cv,logistic,0.9583333333333334,0.9582898699927782,0.008784104611578835,0.008790924011669693
68,center,2_3,2+3,3,1.0,180,0.3469359706231903,0.2310315738943505,-0.11590439672883981,0.673800843817508,136,11,25,172,holdout,logistic,0.9833333333333333,0.9833287024173382,,
68,center,2_3,2+3,3,1.0,180,0.3469359706231903,0.2310315738943505,-0.11590439672883981,0.673800843817508,136,11,25,172,5fold_grouped_cv,logistic,0.9833333333333334,0.9832654932214053,0.026931554763424043,0.027063407808085718
68,center,2_3_4,2+3+4,4,1.0,180,0.3470292074007465,0.23126962228320072,-0.11575958511754578,0.674289496184995,136,11,45,192,holdout,logistic,0.9916666666666667,0.9916660879227724,,
68,center,2_3_4,2+3+4,4,1.0,180,0.3470292074007465,0.23126962228320072,-0.11575958511754578,0.674289496184995,136,11,45,192,5fold_grouped_cv,logistic,0.9916666666666668,0.9916521739130435,0.016666666666666653,0.016695652173913045
68,center,2_3_4_6,2+3+4+6,6,1.0,180,0.34721514601977466,0.23165899231155065,-0.11555615370822397,0.6750338313388132,136,11,75,222,holdout,logistic,0.9833333333333333,0.9833287024173382,,
68,center,2_3_4_6,2+3+4+6,6,1.0,180,0.34721514601977466,0.23165899231155065,-0.11555615370822397,0.6750338313388132,136,11,75,222,5fold_grouped_cv,logistic,0.9916666666666668,0.9916521739130435,0.016666666666666653,0.016695652173913045
68,jittered,2,2,2,1.0,180,0.3386674721958319,0.23326508536534832,-0.10540238683048359,0.6953605138593781,136,11,10,157,holdout,logistic,0.9583333333333334,0.9583304396138621,,
68,jittered,2,2,2,1.0,180,0.3386674721958319,0.23326508536534832,-0.10540238683048359,0.6953605138593781,136,11,10,157,5fold_grouped_cv,logistic,0.9583333333333334,0.9582716132281348,0.023240556292613207,0.023274563117810242
68,jittered,2_3,2+3,3,1.0,180,0.3387653342889143,0.23349897327224853,-0.10526636101666584,0.695855263225222,136,11,25,172,holdout,logistic,0.95,0.95,,
68,jittered,2_3,2+3,3,1.0,180,0.3387653342889143,0.23349897327224853,-0.10526636101666584,0.695855263225222,136,11,25,172,5fold_grouped_cv,logistic,0.9611111111111112,0.9610875173290762,0.016197088596792523,0.016211254342750215
68,jittered,2_3_4,2+3+4,4,1.0,180,0.3388521426234554,0.23373297738004337,-0.10511916524341207,0.6963696792820432,136,11,45,192,holdout,logistic,0.9666666666666667,0.9666666666666667,,
68,jittered,2_3_4,2+3+4,4,1.0,180,0.3388521426234554,0.23373297738004337,-0.10511916524341207,0.6963696792820432,136,11,45,192,5fold_grouped_cv,logistic,0.9666666666666666,0.9666516528932118,0.014163943093313307,0.014175935767810312
68,jittered,2_3_4_6,2+3+4+6,6,1.0,180,0.3390197619775045,0.23416813202370246,-0.10485162995380205,0.6973253680489357,136,11,75,222,holdout,logistic,0.95,0.9499861072520144,,
68,jittered,2_3_4_6,2+3+4+6,6,1.0,180,0.3390197619775045,0.23416813202370246,-0.10485162995380205,0.6973253680489357,136,11,75,222,5fold_grouped_cv,logistic,0.9694444444444444,0.96941921797478,0.020412414523193156,0.02045756367035331
68,left,2,2,2,1.0,180,0.3503446822278064,0.23727802375418652,-0.1130666584736199,0.6818934439956513,136,11,10,157,holdout,logistic,0.9833333333333333,0.9833287024173382,,
68,left,2,2,2,1.0,180,0.3503446822278064,0.23727802375418652,-0.1130666584736199,0.6818934439956513,136,11,10,157,5fold_grouped_cv,logistic,0.9888888888888889,0.9888835270043064,0.010393492741038726,0.010400659235583804
68,left,2_3,2+3,3,1.0,180,0.3504491894079532,0.2375070096228746,-0.11294217978507858,0.6823429968940479,136,11,25,172,holdout,logistic,0.9833333333333333,0.9833287024173382,,
68,left,2_3,2+3,3,1.0,180,0.3504491894079532,0.2375070096228746,-0.11294217978507858,0.6823429968940479,136,11,25,172,5fold_grouped_cv,logistic,0.9944444444444445,0.994443372564152,0.006804138174397694,0.0068054509542886
68,left,2_3_4,2+3+4,4,1.0,180,0.3505437639493381,0.23772126977131927,-0.1128224941780188,0.6827661711310171,136,11,45,192,holdout,logistic,0.9833333333333333,0.9833287024173382,,
68,left,2_3_4,2+3+4,4,1.0,180,0.3505437639493381,0.23772126977131927,-0.1128224941780188,0.6827661711310171,136,11,45,192,5fold_grouped_cv,logistic,0.9972222222222221,0.997221686282076,0.005555555555555536,0.005556627435847972
68,left,2_3_4_6,2+3+4+6,6,1.0,180,0.3507102953561508,0.2381079971743241,-0.1126022981818267,0.6835479624934998,136,11,75,222,holdout,logistic,0.9916666666666667,0.9916660879227724,,
68,left,2_3_4_6,2+3+4+6,6,1.0,180,0.3507102953561508,0.2381079971743241,-0.1126022981818267,0.6835479624934998,136,11,75,222,5fold_grouped_cv,logistic,0.9944444444444445,0.994443372564152,0.006804138174397694,0.0068054509542886
68,right,2,2,2,1.0,180,0.3463628168091608,0.2326345990081854,-0.11372821780097545,0.6772099349787567,136,11,10,157,holdout,logistic,0.9916666666666667,0.9916660879227724,,
68,right,2,2,2,1.0,180,0.3463628168091608,0.2326345990081854,-0.11372821780097545,0.6772099349787567,136,11,10,157,5fold_grouped_cv,logistic,0.9916666666666668,0.9916618407222305,0.01111111111111111,0.011118887025293534
68,right,2_3,2+3,3,1.0,180,0.3464562468761598,0.23280264091178782,-0.11365360596437195,0.6775125008560262,136,11,25,172,holdout,logistic,0.9916666666666667,0.9916660879227724,,
68,right,2_3,2+3,3,1.0,180,0.3464562468761598,0.23280264091178782,-0.11365360596437195,0.6775125008560262,136,11,25,172,5fold_grouped_cv,logistic,0.9916666666666668,0.9916618407222305,0.01111111111111111,0.011118887025293534
68,right,2_3_4,2+3+4,4,1.0,180,0.34654750299975196,0.23303129214221358,-0.11351621085753842,0.677986497508341,136,11,45,192,holdout,logistic,1.0,1.0,,
68,right,2_3_4,2+3+4,4,1.0,180,0.34654750299975196,0.23303129214221358,-0.11351621085753842,0.677986497508341,136,11,45,192,5fold_grouped_cv,logistic,0.9888888888888889,0.9888803088803089,0.013608276348795441,0.01361878467030031
68,right,2_3_4_6,2+3+4+6,6,1.0,180,0.3467126253013147,0.23339367161265617,-0.11331895368865855,0.6787223109678221,136,11,75,222,holdout,logistic,1.0,1.0,,
68,right,2_3_4_6,2+3+4+6,6,1.0,180,0.3467126253013147,0.23339367161265617,-0.11331895368865855,0.6787223109678221,136,11,75,222,5fold_grouped_cv,logistic,0.9972222222222221,0.997221686282076,0.005555555555555536,0.005556627435847972
69,center,2,2,2,1.0,180,0.37060458611843755,0.2461235680146194,-0.12448101810381816,0.6689818606363752,136,11,10,157,holdout,logistic,0.9666666666666667,0.9666295884315907,,
69,center,2,2,2,1.0,180,0.37060458611843755,0.2461235680146194,-0.12448101810381816,0.6689818606363752,136,11,10,157,5fold_grouped_cv,logistic,0.9777777777777779,0.9777573871994261,0.011111111111111122,0.011137414317014526
69,center,2_3,2+3,3,1.0,180,0.37069778634432454,0.2462873852217473,-0.1244104011225772,0.6692605734034464,136,11,25,172,holdout,logistic,0.9833333333333333,0.9833287024173382,,
69,center,2_3,2+3,3,1.0,180,0.37069778634432454,0.2462873852217473,-0.1244104011225772,0.6692605734034464,136,11,25,172,5fold_grouped_cv,logistic,0.9888888888888889,0.9888835270043064,0.010393492741038724,0.010400659235583802
69,center,2_3_4,2+3+4,4,1.0,180,0.3707929773303787,0.2465553766991217,-0.124237600631257,0.6698038999432446,136,11,45,192,holdout,logistic,0.9833333333333333,0.9833287024173382,,
69,center,2_3_4,2+3+4,4,1.0,180,0.3707929773303787,0.2465553766991217,-0.124237600631257,0.6698038999432446,136,11,45,192,5fold_grouped_cv,logistic,0.986111111111111,0.9861019951623848,0.012422599874998838,0.012432193032727345
69,center,2_3_4_6,2+3+4+6,6,1.0,180,0.370961299998778,0.24697113242977345,-0.12399016756900455,0.6706143321063731,136,11,75,222,holdout,logistic,0.9833333333333333,0.9833287024173382,,
69,center,2_3_4_6,2+3+4+6,6,1.0,180,0.370961299998778,0.24697113242977345,-0.12399016756900455,0.6706143321063731,136,11,75,222,5fold_grouped_cv,logistic,0.986111111111111,0.9861052132863826,0.008784104611578835,0.008790888587498949
69,jittered,2,2,2,1.0,180,0.3733084019194519,0.24464494145863067,-0.1286634604608212,0.6610900001866956,136,11,10,157,holdout,logistic,0.975,0.9749843652282677,,
69,jittered,2,2,2,1.0,180,0.3733084019194519,0.24464494145863067,-0.1286634604608212,0.6610900001866956,136,11,10,157,5fold_grouped_cv,logistic,0.9805555555555555,0.980526034108163,0.018839805508681286,0.01887383881991974
69,jittered,2_3,2+3,3,1.0,180,0.37341885897288307,0.24490245923783682,-0.12851639973504625,0.6615907986790269,136,11,25,172,holdout,logistic,0.9833333333333333,0.9833287024173382,,
69,jittered,2_3,2+3,3,1.0,180,0.37341885897288307,0.24490245923783682,-0.12851639973504625,0.6615907986790269,136,11,25,172,5fold_grouped_cv,logistic,0.9805555555555555,0.9805195480103148,0.018839805508681317,0.018905275876668428
69,jittered,2_3_4,2+3+4,4,1.0,180,0.37350950922368675,0.24512356814302375,-0.12838594108066304,0.6620253713033384,136,11,45,192,holdout,logistic,0.9916666666666667,0.9916660879227724,,
69,jittered,2_3_4,2+3+4,4,1.0,180,0.37350950922368675,0.24512356814302375,-0.12838594108066304,0.6620253713033384,136,11,45,192,5fold_grouped_cv,logistic,0.986111111111111,0.9860955464771954,0.0152145154862546,0.01524097914422085
69,jittered,2_3_4_6,2+3+4+6,6,1.0,180,0.37368611747272934,0.24555941587465166,-0.12812670159807768,0.6628830528484504,136,11,75,222,holdout,logistic,1.0,1.0,,
69,jittered,2_3_4_6,2+3+4+6,6,1.0,180,0.37368611747272934,0.24555941587465166,-0.12812670159807768,0.6628830528484504,136,11,75,222,5fold_grouped_cv,logistic,0.9916666666666668,0.991665058846228,0.006804138174397694,0.0068054509542886
69,left,2,2,2,1.0,180,0.3697232490144268,0.24374334915000714,-0.12597989986441974,0.6662298818919764,136,11,10,157,holdout,logistic,0.975,0.9749843652282677,,
69,left,2,2,2,1.0,180,0.3697232490144268,0.24374334915000714,-0.12597989986441974,0.6662298818919764,136,11,10,157,5fold_grouped_cv,logistic,0.9833333333333334,0.983314014635274,0.016197088596792496,0.016222313124866064
69,left,2_3,2+3,3,1.0,180,0.3698284656681049,0.24397259340763708,-0.12585587226046782,0.6666593786068317,136,11,25,172,holdout,logistic,0.9833333333333333,0.9833287024173382,,
69,left,2_3,2+3,3,1.0,180,0.3698284656681049,0.24397259340763708,-0.12585587226046782,0.6666593786068317,136,11,25,172,5fold_grouped_cv,logistic,0.986111111111111,0.9860761754461628,0.02151657414559677,0.021583194952028893
69,left,2_3_4,2+3+4,4,1.0,180,0.36993594002657676,0.24418650640849343,-0.1257494336180834,0.667038478875862,136,11,45,192,holdout,logistic,1.0,1.0,,
69,left,2_3_4,2+3+4,4,1.0,180,0.36993594002657676,0.24418650640849343,-0.1257494336180834,0.667038478875862,136,11,45,192,5fold_grouped_cv,logistic,0.9916666666666668,0.9916618407222305,0.01111111111111111,0.011118887025293532
69,left,2_3_4_6,2+3+4+6,6,1.0,180,0.3701225207855851,0.2445663738903251,-0.12555614689525993,0.6677248653144839,136,11,75,222,holdout,logistic,0.9916666666666667,0.9916660879227724,,
69,left,2_3_4_6,2+3+4+6,6,1.0,180,0.3701225207855851,0.2445663738903251,-0.12555614689525993,0.6677248653144839,136,11,75,222,5fold_grouped_cv,logistic,0.9944444444444445,0.994443372564152,0.006804138174397694,0.0068054509542886
69,right,2,2,2,1.0,180,0.37273238861300767,0.23995793495641654,-0.13277445365659102,0.6501133817328696,136,11,10,157,holdout,logistic,0.9916666666666667,0.9916660879227724,,
69,right,2,2,2,1.0,180,0.37273238861300767,0.23995793495641654,-0.13277445365659102,0.6501133817328696,136,11,10,157,5fold_grouped_cv,logistic,0.9888888888888889,0.9888835270043064,0.010393492741038724,0.010400659235583804
69,right,2_3,2+3,3,1.0,180,0.3728329713637169,0.24017665030826574,-0.13265632105545108,0.650522599782471,136,11,25,172,holdout,logistic,0.9916666666666667,0.9916660879227724,,
69,right,2_3,2+3,3,1.0,180,0.3728329713637169,0.24017665030826574,-0.13265632105545108,0.650522599782471,136,11,25,172,5fold_grouped_cv,logistic,0.9944444444444445,0.994443372564152,0.006804138174397694,0.0068054509542886
69,right,2_3_4,2+3+4,4,1.0,180,0.3729233039126319,0.2404368725091923,-0.1324864314034396,0.6510463997052605,136,11,45,192,holdout,logistic,0.9916666666666667,0.9916660879227724,,
69,right,2_3_4,2+3+4,4,1.0,180,0.3729233039126319,0.2404368725091923,-0.1324864314034396,0.6510463997052605,136,11,45,192,5fold_grouped_cv,logistic,0.9944444444444445,0.994443372564152,0.006804138174397694,0.0068054509542886
69,right,2_3_4_6,2+3+4+6,6,1.0,180,0.37310094329687443,0.24087741857719286,-0.13222352471968163,0.6519185639524044,136,11,75,222,holdout,logistic,1.0,1.0,,
69,right,2_3_4_6,2+3+4+6,6,1.0,180,0.37310094329687443,0.24087741857719286,-0.13222352471968163,0.6519185639524044,136,11,75,222,5fold_grouped_cv,logistic,1.0,1.0,0.0,0.0
70,center,2,2,2,1.0,180,0.36839149977663216,0.24112387178614209,-0.12726762799049013,0.6621259082065105,136,11,10,157,holdout,logistic,0.9833333333333333,0.9833287024173382,,
70,center,2,2,2,1.0,180,0.36839149977663216,0.24112387178614209,-0.12726762799049013,0.6621259082065105,136,11,10,157,5fold_grouped_cv,logistic,0.986111111111111,0.9861019951623848,0.012422599874998837,0.012432193032727346
70,center,2_3,2+3,3,1.0,180,0.3684779976757429,0.24132963167875987,-0.12714836599698315,0.6625376390815225,136,11,25,172,holdout,logistic,0.9916666666666667,0.9916660879227724,,
70,center,2_3,2+3,3,1.0,180,0.3684779976757429,0.24132963167875987,-0.12714836599698315,0.6625376390815225,136,11,25,172,5fold_grouped_cv,logistic,0.9944444444444445,0.9944401544401543,0.011111111111111117,0.011119691119691133
70,center,2_3_4,2+3+4,4,1.0,180,0.3685764447829085,0.24153587046635822,-0.12704057431655016,0.6629263584094932,136,11,45,192,holdout,logistic,1.0,1.0,,
70,center,2_3_4,2+3+4,4,1.0,180,0.3685764447829085,0.24153587046635822,-0.12704057431655016,0.6629263584094932,136,11,45,192,5fold_grouped_cv,logistic,0.9972222222222221,0.997221686282076,0.005555555555555537,0.005556627435847972
70,center,2_3_4_6,2+3+4+6,6,1.0,180,0.36874966703700657,0.24192829248050782,-0.12682137455649875,0.6636871741005623,136,11,75,222,holdout,logistic,1.0,1.0,,
70,center,2_3_4_6,2+3+4+6,6,1.0,180,0.36874966703700657,0.24192829248050782,-0.12682137455649875,0.6636871741005623,136,11,75,222,5fold_grouped_cv,logistic,0.9944444444444445,0.994443372564152,0.006804138174397694,0.0068054509542886
70,jittered,2,2,2,1.0,180,0.3681404690728429,0.2426450277089416,-0.1254954413639014,0.665157181102467,136,11,10,157,holdout,logistic,0.9916666666666667,0.9916660879227724,,
70,jittered,2,2,2,1.0,180,0.3681404690728429,0.2426450277089416,-0.1254954413639014,0.665157181102467,136,11,10,157,5fold_grouped_cv,logistic,0.986111111111111,0.9861052132863826,0.008784104611578835,0.008790888587498949
70,jittered,2_3,2+3,3,1.0,180,0.36823703017386705,0.2428969855138485,-0.12534004466001858,0.6656714147556956,136,11,25,172,holdout,logistic,0.975,0.9749843652282677,,
70,jittered,2_3,2+3,3,1.0,180,0.36823703017386705,0.2428969855138485,-0.12534004466001858,0.6656714147556956,136,11,25,172,5fold_grouped_cv,logistic,0.9888888888888889,0.9888835270043064,0.010393492741038724,0.010400659235583804
70,jittered,2_3_4,2+3+4,4,1.0,180,0.3683358613240118,0.24314293718685454,-0.12519292413715724,0.6661728388249545,136,11,45,192,holdout,logistic,0.9666666666666667,0.9666295884315907,,
70,jittered,2_3_4,2+3+4,4,1.0,180,0.3683358613240118,0.24314293718685454,-0.12519292413715724,0.6661728388249545,136,11,45,192,5fold_grouped_cv,logistic,0.9805555555555555,0.9805496577308268,0.0068041381743977475,0.006808082934356878
70,jittered,2_3_4_6,2+3+4+6,6,1.0,180,0.368509309559992,0.24357117345471113,-0.12493813610528082,0.6670249015592331,136,11,75,222,holdout,logistic,0.9916666666666667,0.9916660879227724,,
70,jittered,2_3_4_6,2+3+4+6,6,1.0,180,0.368509309559992,0.24357117345471113,-0.12493813610528082,0.6670249015592331,136,11,75,222,5fold_grouped_cv,logistic,0.9916666666666668,0.991665058846228,0.006804138174397694,0.0068054509542886
70,left,2,2,2,1.0,180,0.36457034260054966,0.24146877661881055,-0.12310156598173916,0.6689760964574982,136,11,10,157,holdout,logistic,0.9583333333333334,0.9582608695652174,,
70,left,2,2,2,1.0,180,0.36457034260054966,0.24146877661881055,-0.12310156598173916,0.6689760964574982,136,11,10,157,5fold_grouped_cv,logistic,0.986111111111111,0.9861052132863826,0.008784104611578835,0.008790888587498947
70,left,2_3,2+3,3,1.0,180,0.3646763358354497,0.24170462197481052,-0.1229717138606392,0.6694426337566057,136,11,25,172,holdout,logistic,0.9583333333333334,0.9582608695652174,,
70,left,2_3,2+3,3,1.0,180,0.3646763358354497,0.24170462197481052,-0.1229717138606392,0.6694426337566057,136,11,25,172,5fold_grouped_cv,logistic,0.9916666666666668,0.991665058846228,0.006804138174397694,0.0068054509542886
70,left,2_3_4,2+3+4,4,1.0,180,0.3647772638372116,0.2419878906610714,-0.12278937317614019,0.6700416484925936,136,11,45,192,holdout,logistic,0.9666666666666667,0.9666295884315907,,
70,left,2_3_4,2+3+4,4,1.0,180,0.3647772638372116,0.2419878906610714,-0.12278937317614019,0.6700416484925936,136,11,45,192,5fold_grouped_cv,logistic,0.9916666666666668,0.991665058846228,0.006804138174397694,0.0068054509542886
70,left,2_3_4_6,2+3+4+6,6,1.0,180,0.36496004735619325,0.24231970527867855,-0.12264034207751477,0.6706201937433778,136,11,75,222,holdout,logistic,0.975,0.9749843652282677,,
70,left,2_3_4_6,2+3+4+6,6,1.0,180,0.36496004735619325,0.24231970527867855,-0.12264034207751477,0.6706201937433778,136,11,75,222,5fold_grouped_cv,logistic,0.9972222222222221,0.997221686282076,0.005555555555555537,0.005556627435847972
70,right,2,2,2,1.0,180,0.36829174827378686,0.2442888434915379,-0.12400290478224889,0.6680747788738742,136,11,10,157,holdout,logistic,0.9916666666666667,0.9916660879227724,,
70,right,2,2,2,1.0,180,0.36829174827378686,0.2442888434915379,-0.12400290478224889,0.6680747788738742,136,11,10,157,5fold_grouped_cv,logistic,0.9916666666666668,0.9916618407222305,0.01111111111111111,0.011118887025293534
70,right,2_3,2+3,3,1.0,180,0.3683891278028588,0.24447824561861506,-0.12391088218424376,0.668401835420326,136,11,25,172,holdout,logistic,0.9916666666666667,0.9916660879227724,,
70,right,2_3,2+3,3,1.0,180,0.3683891278028588,0.24447824561861506,-0.12391088218424376,0.668401835420326,136,11,25,172,5fold_grouped_cv,logistic,0.9944444444444445,0.9944401544401543,0.011111111111111117,0.011119691119691133
70,right,2_3_4,2+3+4,4,1.0,180,0.3684817181106371,0.24472258213948248,-0.12375913597115454,0.6689014655183093,136,11,45,192,holdout,logistic,0.9916666666666667,0.9916660879227724,,
70,right,2_3_4,2+3+4,4,1.0,180,0.3684817181106371,0.24472258213948248,-0.12375913597115454,0.6689014655183093,136,11,45,192,5fold_grouped_cv,logistic,0.9916666666666668,0.9916618407222305,0.01111111111111111,0.011118887025293534
70,right,2_3_4_6,2+3+4+6,6,1.0,180,0.36866699335309117,0.24508833864191368,-0.12357865471117747,0.6695368685719213,136,11,75,222,holdout,logistic,1.0,1.0,,
70,right,2_3_4_6,2+3+4+6,6,1.0,180,0.36866699335309117,0.24508833864191368,-0.12357865471117747,0.6695368685719213,136,11,75,222,5fold_grouped_cv,logistic,0.9944444444444445,0.994443372564152,0.006804138174397694,0.0068054509542886
71,center,2,2,2,1.0,180,0.363347923869937,0.2385524974371406,-0.12479542643279638,0.6617107433133669,136,11,10,157,holdout,logistic,0.9916666666666667,0.9916660879227724,,
71,center,2,2,2,1.0,180,0.363347923869937,0.2385524974371406,-0.12479542643279638,0.6617107433133669,136,11,10,157,5fold_grouped_cv,logistic,0.9833333333333332,0.983314014635274,0.016197088596792492,0.016222313124866064
71,center,2_3,2+3,3,1.0,180,0.3634363827327698,0.2386560605420634,-0.12478032219070644,0.6618498077956918,136,11,25,172,holdout,logistic,0.9916666666666667,0.9916660879227724,,
71,center,2_3,2+3,3,1.0,180,0.3634363827327698,0.2386560605420634,-0.12478032219070644,0.6618498077956918,136,11,25,172,5fold_grouped_cv,logistic,0.9972222222222221,0.997221686282076,0.005555555555555537,0.005556627435847972
71,center,2_3_4,2+3+4,4,1.0,180,0.3635326583548576,0.2389346051001241,-0.12459805325473343,0.6624314097876464,136,11,45,192,holdout,logistic,0.9916666666666667,0.9916660879227724,,
71,center,2_3_4,2+3+4,4,1.0,180,0.3635326583548576,0.2389346051001241,-0.12459805325473343,0.6624314097876464,136,11,45,192,5fold_grouped_cv,logistic,0.9972222222222221,0.997221686282076,0.005555555555555537,0.005556627435847972
71,center,2_3_4_6,2+3+4+6,6,1.0,180,0.3637087476992892,0.2393570251154462,-0.12435172258384299,0.6632545692810912,136,11,75,222,holdout,logistic,0.9916666666666667,0.9916660879227724,,
71,center,2_3_4_6,2+3+4+6,6,1.0,180,0.3637087476992892,0.2393570251154462,-0.12435172258384299,0.6632545692810912,136,11,75,222,5fold_grouped_cv,logistic,0.9972222222222221,0.997221686282076,0.005555555555555537,0.005556627435847972
71,jittered,2,2,2,1.0,180,0.3669442747123844,0.24076598392587462,-0.1261782907865098,0.6611510516782524,136,11,10,157,holdout,logistic,0.9916666666666667,0.9916660879227724,,
71,jittered,2,2,2,1.0,180,0.3669442747123844,0.24076598392587462,-0.1261782907865098,0.6611510516782524,136,11,10,157,5fold_grouped_cv,logistic,0.9916666666666668,0.991665058846228,0.006804138174397694,0.0068054509542886
71,jittered,2_3,2+3,3,1.0,180,0.36703994772836446,0.24096945795949662,-0.12607048976886787,0.6615370331717542,136,11,25,172,holdout,logistic,0.9916666666666667,0.9916660879227724,,
71,jittered,2_3,2+3,3,1.0,180,0.36703994772836446,0.24096945795949662,-0.12607048976886787,0.6615370331717542,136,11,25,172,5fold_grouped_cv,logistic,0.9916666666666668,0.991665058846228,0.006804138174397694,0.0068054509542886
71,jittered,2_3_4,2+3+4,4,1.0,180,0.36714873381966445,0.24116868513346534,-0.1259800486861991,0.6618817720479188,136,11,45,192,holdout,logistic,0.9916666666666667,0.9916660879227724,,
71,jittered,2_3_4,2+3+4,4,1.0,180,0.36714873381966445,0.24116868513346534,-0.1259800486861991,0.6618817720479188,136,11,45,192,5fold_grouped_cv,logistic,0.9916666666666668,0.991665058846228,0.006804138174397694,0.0068054509542886
71,jittered,2_3_4_6,2+3+4+6,6,1.0,180,0.36733338320509146,0.2415102065950978,-0.1258231766099936,0.662484994656246,136,11,75,222,holdout,logistic,1.0,1.0,,
71,jittered,2_3_4_6,2+3+4+6,6,1.0,180,0.36733338320509146,0.2415102065950978,-0.1258231766099936,0.662484994656246,136,11,75,222,5fold_grouped_cv,logistic,0.9888888888888889,0.9888835270043064,0.010393492741038726,0.010400659235583802
71,left,2,2,2,1.0,180,0.36451726999636314,0.23846408845247874,-0.12605318154388445,0.6577386269709317,136,11,10,157,holdout,logistic,1.0,1.0,,
71,left,2,2,2,1.0,180,0.36451726999636314,0.23846408845247874,-0.12605318154388445,0.6577386269709317,136,11,10,157,5fold_grouped_cv,logistic,0.9944444444444445,0.994443372564152,0.006804138174397694,0.0068054509542886
71,left,2_3,2+3,3,1.0,180,0.36462228758851933,0.23869554885805072,-0.12592673873046867,0.6581881139938525,136,11,25,172,holdout,logistic,1.0,1.0,,
71,left,2_3,2+3,3,1.0,180,0.36462228758851933,0.23869554885805072,-0.12592673873046867,0.6581881139938525,136,11,25,172,5fold_grouped_cv,logistic,0.9916666666666668,0.991665058846228,0.006804138174397693,0.0068054509542886
71,left,2_3_4,2+3+4,4,1.0,180,0.3647203354144547,0.2389828093198427,-0.1257375260946121,0.6588064444438919,136,11,45,192,holdout,logistic,1.0,1.0,,
71,left,2_3_4,2+3+4,4,1.0,180,0.3647203354144547,0.2389828093198427,-0.1257375260946121,0.6588064444438919,136,11,45,192,5fold_grouped_cv,logistic,0.9944444444444445,0.994443372564152,0.006804138174397693,0.0068054509542886
71,left,2_3_4_6,2+3+4+6,6,1.0,180,0.3648980064961712,0.23930344014028931,-0.1255945663558819,0.6593595892775883,136,11,75,222,holdout,logistic,1.0,1.0,,
71,left,2_3_4_6,2+3+4+6,6,1.0,180,0.3648980064961712,0.23930344014028931,-0.1255945663558819,0.6593595892775883,136,11,75,222,5fold_grouped_cv,logistic,0.9972222222222221,0.997221686282076,0.005555555555555537,0.005556627435847972
71,right,2,2,2,1.0,180,0.36313695795483586,0.2373567832398586,-0.1257801747149773,0.6582584355413974,136,11,10,157,holdout,logistic,0.9916666666666667,0.9916660879227724,,
71,right,2,2,2,1.0,180,0.36313695795483586,0.2373567832398586,-0.1257801747149773,0.6582584355413974,136,11,10,157,5fold_grouped_cv,logistic,0.9944444444444445,0.994443372564152,0.006804138174397694,0.0068054509542886
71,right,2_3,2+3,3,1.0,180,0.3632417526962265,0.2375864518802829,-0.12565530081594364,0.6587076102970022,136,11,25,172,holdout,logistic,1.0,1.0,,
71,right,2_3,2+3,3,1.0,180,0.3632417526962265,0.2375864518802829,-0.12565530081594364,0.6587076102970022,136,11,25,172,5fold_grouped_cv,logistic,1.0,1.0,0.0,0.0
71,right,2_3_4,2+3+4,4,1.0,180,0.3633374646969776,0.23781033450691733,-0.1255271301900602,0.6591566508158463,136,11,45,192,holdout,logistic,1.0,1.0,,
71,right,2_3_4,2+3+4,4,1.0,180,0.3633374646969776,0.23781033450691733,-0.1255271301900602,0.6591566508158463,136,11,45,192,5fold_grouped_cv,logistic,1.0,1.0,0.0,0.0
71,right,2_3_4_6,2+3+4+6,6,1.0,180,0.363518192895943,0.23823571825590303,-0.12528247464003991,0.6600107460281268,136,11,75,222,holdout,logistic,1.0,1.0,,
71,right,2_3_4_6,2+3+4+6,6,1.0,180,0.363518192895943,0.23823571825590303,-0.12528247464003991,0.6600107460281268,136,11,75,222,5fold_grouped_cv,logistic,1.0,1.0,0.0,0.0
72,center,2,2,2,1.0,180,0.36381932317773724,0.23925185043929492,-0.12456747273844229,0.6629748420927511,136,11,10,157,holdout,logistic,0.9916666666666667,0.9916660879227724,,
72,center,2,2,2,1.0,180,0.36381932317773724,0.23925185043929492,-0.12456747273844229,0.6629748420927511,136,11,10,157,5fold_grouped_cv,logistic,0.9888888888888889,0.9888835270043064,0.010393492741038724,0.010400659235583804
72,center,2_3,2+3,3,1.0,180,0.3639090511663007,0.23938908225529407,-0.12451996891100657,0.6631760334871564,136,11,25,172,holdout,logistic,1.0,1.0,,
72,center,2_3,2+3,3,1.0,180,0.3639090511663007,0.23938908225529407,-0.12451996891100657,0.6631760334871564,136,11,25,172,5fold_grouped_cv,logistic,1.0,1.0,0.0,0.0
72,center,2_3_4,2+3+4,4,1.0,180,0.3640026114125919,0.2396575265347341,-0.1243450848778578,0.6637472017661308,136,11,45,192,holdout,logistic,1.0,1.0,,
72,center,2_3_4,2+3+4,4,1.0,180,0.3640026114125919,0.2396575265347341,-0.1243450848778578,0.6637472017661308,136,11,45,192,5fold_grouped_cv,logistic,1.0,1.0,0.0,0.0
72,center,2_3_4_6,2+3+4+6,6,1.0,180,0.3641840781276021,0.2400845959413958,-0.12409948218620623,0.6645861834248027,136,11,75,222,holdout,logistic,1.0,1.0,,
72,center,2_3_4_6,2+3+4+6,6,1.0,180,0.3641840781276021,0.2400845959413958,-0.12409948218620623,0.6645861834248027,136,11,75,222,5fold_grouped_cv,logistic,1.0,1.0,0.0,0.0
72,jittered,2,2,2,1.0,180,0.3644486170007091,0.23763330129460108,-0.12681531570610804,0.6572548320134961,136,11,10,157,holdout,logistic,0.9666666666666667,0.9666295884315907,,
72,jittered,2,2,2,1.0,180,0.3644486170007091,0.23763330129460108,-0.12681531570610804,0.6572548320134961,136,11,10,157,5fold_grouped_cv,logistic,0.9916666666666668,0.9916618407222305,0.01111111111111111,0.011118887025293532
72,jittered,2_3,2+3,3,1.0,180,0.36454749275659526,0.23785743840471266,-0.1266900543518826,0.6576911231777427,136,11,25,172,holdout,logistic,0.9833333333333333,0.9833287024173382,,
72,jittered,2_3,2+3,3,1.0,180,0.36454749275659526,0.23785743840471266,-0.1266900543518826,0.6576911231777427,136,11,25,172,5fold_grouped_cv,logistic,0.9888888888888889,0.9888835270043064,0.010393492741038726,0.010400659235583802
72,jittered,2_3_4,2+3+4,4,1.0,180,0.3646416311541011,0.23807602069627068,-0.12656561045783038,0.658127308288639,136,11,45,192,holdout,logistic,0.975,0.9749843652282677,,
72,jittered,2_3_4,2+3+4,4,1.0,180,0.3646416311541011,0.23807602069627068,-0.12656561045783038,0.658127308288639,136,11,45,192,5fold_grouped_cv,logistic,0.9916666666666668,0.9916618407222305,0.01111111111111111,0.011118887025293532
72,jittered,2_3_4_6,2+3+4+6,6,1.0,180,0.3648139757453101,0.23844970114985087,-0.1263642745954592,0.6588336099555974,136,11,75,222,holdout,logistic,0.975,0.9749843652282677,,
72,jittered,2_3_4_6,2+3+4+6,6,1.0,180,0.3648139757453101,0.23844970114985087,-0.1263642745954592,0.6588336099555974,136,11,75,222,5fold_grouped_cv,logistic,0.9944444444444445,0.994443372564152,0.006804138174397694,0.0068054509542886
72,left,2,2,2,1.0,180,0.3619471166233125,0.2398080172746824,-0.12213909934863014,0.6671448401144111,136,11,10,157,holdout,logistic,0.9916666666666667,0.9916660879227724,,
72,left,2,2,2,1.0,180,0.3619471166233125,0.2398080172746824,-0.12213909934863014,0.6671448401144111,136,11,10,157,5fold_grouped_cv,logistic,0.9972222222222221,0.997221686282076,0.005555555555555537,0.005556627435847972
72,left,2_3,2+3,3,1.0,180,0.3620493223540335,0.24004244958128582,-0.12200687277274767,0.6676029784293315,136,11,25,172,holdout,logistic,1.0,1.0,,
72,left,2_3,2+3,3,1.0,180,0.3620493223540335,0.24004244958128582,-0.12200687277274767,0.6676029784293315,136,11,25,172,5fold_grouped_cv,logistic,0.9944444444444445,0.994443372564152,0.006804138174397693,0.0068054509542886
72,left,2_3_4,2+3+4,4,1.0,180,0.3621453120014956,0.240294056506081,-0.12185125549541466,0.6681235211602157,136,11,45,192,holdout,logistic,1.0,1.0,,
72,left,2_3_4,2+3+4,4,1.0,180,0.3621453120014956,0.240294056506081,-0.12185125549541466,0.6681235211602157,136,11,45,192,5fold_grouped_cv,logistic,1.0,1.0,0.0,0.0
72,left,2_3_4_6,2+3+4+6,6,1.0,180,0.3623134211698843,0.24071742856692266,-0.12159599260296167,0.6689810833891963,136,11,75,222,holdout,logistic,1.0,1.0,,
72,left,2_3_4_6,2+3+4+6,6,1.0,180,0.3623134211698843,0.24071742856692266,-0.12159599260296167,0.6689810833891963,136,11,75,222,5fold_grouped_cv,logistic,1.0,1.0,0.0,0.0
72,right,2,2,2,1.0,180,0.36206910821838817,0.23567689094643854,-0.12639221727194958,0.6550459429716997,136,11,10,157,holdout,logistic,1.0,1.0,,
72,right,2,2,2,1.0,180,0.36206910821838817,0.23567689094643854,-0.12639221727194958,0.6550459429716997,136,11,10,157,5fold_grouped_cv,logistic,0.9944444444444445,0.994443372564152,0.006804138174397693,0.0068054509542886
72,right,2_3,2+3,3,1.0,180,0.36214966640109164,0.23589584248037107,-0.12625382392072065,0.6555095398952158,136,11,25,172,holdout,logistic,1.0,1.0,,
72,right,2_3,2+3,3,1.0,180,0.36214966640109164,0.23589584248037107,-0.12625382392072065,0.6555095398952158,136,11,25,172,5fold_grouped_cv,logistic,0.9944444444444445,0.994443372564152,0.006804138174397693,0.0068054509542886
72,right,2_3_4,2+3+4,4,1.0,180,0.362241150469556,0.23610353030782755,-0.12613762016172841,0.6559250791043421,136,11,45,192,holdout,logistic,1.0,1.0,,
72,right,2_3_4,2+3+4,4,1.0,180,0.362241150469556,0.23610353030782755,-0.12613762016172841,0.6559250791043421,136,11,45,192,5fold_grouped_cv,logistic,1.0,1.0,0.0,0.0
72,right,2_3_4_6,2+3+4+6,6,1.0,180,0.3623999256842917,0.23651517547339604,-0.12588475021089574,0.6567738972473852,136,11,75,222,holdout,logistic,0.9916666666666667,0.9916660879227724,,
72,right,2_3_4_6,2+3+4+6,6,1.0,180,0.3623999256842917,0.23651517547339604,-0.12588475021089574,0.6567738972473852,136,11,75,222,5fold_grouped_cv,logistic,1.0,1.0,0.0,0.0
73,center,2,2,2,1.0,180,0.3576865573643639,0.23514171719405996,-0.12254484017030391,0.664145811452852,136,11,10,157,holdout,logistic,0.9583333333333334,0.9582608695652174,,
73,center,2,2,2,1.0,180,0.3576865573643639,0.23514171719405996,-0.12254484017030391,0.664145811452852,136,11,10,157,5fold_grouped_cv,logistic,0.9694444444444444,0.9694063429884718,0.010393492741038724,0.010421329882076457
73,center,2_3,2+3,3,1.0,180,0.35778259706766546,0.23533442844273647,-0.12244816862492904,0.6645042474463134,136,11,25,172,holdout,logistic,0.9833333333333333,0.9833287024173382,,
73,center,2_3,2+3,3,1.0,180,0.35778259706766546,0.23533442844273647,-0.12244816862492904,0.6645042474463134,136,11,25,172,5fold_grouped_cv,logistic,0.9944444444444445,0.994443372564152,0.006804138174397694,0.0068054509542886
73,center,2_3_4,2+3+4,4,1.0,180,0.35787810492142824,0.23554750290642662,-0.12233060201500155,0.6649208387201948,136,11,45,192,holdout,logistic,1.0,1.0,,
73,center,2_3_4,2+3+4,4,1.0,180,0.35787810492142824,0.23554750290642662,-0.12233060201500155,0.6649208387201948,136,11,45,192,5fold_grouped_cv,logistic,0.9944444444444445,0.994443372564152,0.006804138174397694,0.0068054509542886
73,center,2_3_4_6,2+3+4+6,6,1.0,180,0.35806567082841895,0.23591433464617298,-0.12215133618224602,0.6655846268088129,136,11,75,222,holdout,logistic,1.0,1.0,,
73,center,2_3_4_6,2+3+4+6,6,1.0,180,0.35806567082841895,0.23591433464617298,-0.12215133618224602,0.6655846268088129,136,11,75,222,5fold_grouped_cv,logistic,0.9944444444444445,0.994443372564152,0.006804138174397694,0.0068054509542886
73,jittered,2,2,2,1.0,180,0.35965959240654194,0.23383674719425684,-0.1258228452122851,0.6573367295649551,136,11,10,157,holdout,logistic,0.975,0.9749843652282677,,
73,jittered,2,2,2,1.0,180,0.35965959240654194,0.23383674719425684,-0.1258228452122851,0.6573367295649551,136,11,10,157,5fold_grouped_cv,logistic,0.9888888888888889,0.9888867451283041,0.005555555555555536,0.005556627435847972
73,jittered,2_3,2+3,3,1.0,180,0.35976041486783794,0.23404120922286578,-0.1257192056449722,0.6577160617576288,136,11,25,172,holdout,logistic,0.975,0.9749843652282677,,
73,jittered,2_3,2+3,3,1.0,180,0.35976041486783794,0.23404120922286578,-0.1257192056449722,0.6577160617576288,136,11,25,172,5fold_grouped_cv,logistic,0.9944444444444445,0.994443372564152,0.006804138174397694,0.0068054509542886
73,jittered,2_3_4,2+3+4,4,1.0,180,0.3598641386452437,0.23427048179169532,-0.1255936568535484,0.6581660421640532,136,11,45,192,holdout,logistic,0.9833333333333333,0.9833287024173382,,
73,jittered,2_3_4,2+3+4,4,1.0,180,0.3598641386452437,0.23427048179169532,-0.1255936568535484,0.6581660421640532,136,11,45,192,5fold_grouped_cv,logistic,0.9916666666666668,0.991665058846228,0.006804138174397693,0.0068054509542886
73,jittered,2_3_4_6,2+3+4+6,6,1.0,180,0.36003768864148245,0.2346604400620083,-0.12537724857947413,0.6589267211822681,136,11,75,222,holdout,logistic,0.9916666666666667,0.9916660879227724,,
73,jittered,2_3_4_6,2+3+4+6,6,1.0,180,0.36003768864148245,0.2346604400620083,-0.12537724857947413,0.6589267211822681,136,11,75,222,5fold_grouped_cv,logistic,0.9944444444444445,0.9944401544401543,0.011111111111111117,0.011119691119691133
73,left,2,2,2,1.0,180,0.3572026159402429,0.23189689102738997,-0.12530572491285294,0.6540887533337048,136,11,10,157,holdout,logistic,0.975,0.9749843652282677,,
73,left,2,2,2,1.0,180,0.3572026159402429,0.23189689102738997,-0.12530572491285294,0.6540887533337048,136,11,10,157,5fold_grouped_cv,logistic,0.9916666666666668,0.991665058846228,0.006804138174397694,0.0068054509542886
73,left,2_3,2+3,3,1.0,180,0.357289695779032,0.23210073185865707,-0.12518896392037493,0.6544995865368985,136,11,25,172,holdout,logistic,0.9916666666666667,0.9916660879227724,,
73,left,2_3,2+3,3,1.0,180,0.357289695779032,0.23210073185865707,-0.12518896392037493,0.6544995865368985,136,11,25,172,5fold_grouped_cv,logistic,0.9916666666666668,0.991665058846228,0.006804138174397694,0.0068054509542886
73,left,2_3_4,2+3+4,4,1.0,180,0.3573899167320367,0.2323586032061043,-0.12503131352593239,0.6550532859174542,136,11,45,192,holdout,logistic,0.9916666666666667,0.9916660879227724,,
73,left,2_3_4,2+3+4,4,1.0,180,0.3573899167320367,0.2323586032061043,-0.12503131352593239,0.6550532859174542,136,11,45,192,5fold_grouped_cv,logistic,0.9916666666666668,0.991665058846228,0.006804138174397694,0.0068054509542886
73,left,2_3_4_6,2+3+4+6,6,1.0,180,0.3575673542372313,0.23271436807479123,-0.12485298616244009,0.6557124883737632,136,11,75,222,holdout,logistic,1.0,1.0,,
73,left,2_3_4_6,2+3+4+6,6,1.0,180,0.3575673542372313,0.23271436807479123,-0.12485298616244009,0.6557124883737632,136,11,75,222,5fold_grouped_cv,logistic,1.0,1.0,0.0,0.0
73,right,2,2,2,1.0,180,0.35678360490376076,0.23344245606010045,-0.12334114884366024,0.6615030263034245,136,11,10,157,holdout,logistic,0.9833333333333333,0.9833287024173382,,
73,right,2,2,2,1.0,180,0.35678360490376076,0.23344245606010045,-0.12334114884366024,0.6615030263034245,136,11,10,157,5fold_grouped_cv,logistic,0.9888888888888889,0.9888835270043064,0.010393492741038724,0.010400659235583802
73,right,2_3,2+3,3,1.0,180,0.35688867957700426,0.23363059410562978,-0.1232580854713745,0.6618308694257672,136,11,25,172,holdout,logistic,0.975,0.9749843652282677,,
73,right,2_3,2+3,3,1.0,180,0.35688867957700426,0.23363059410562978,-0.1232580854713745,0.6618308694257672,136,11,25,172,5fold_grouped_cv,logistic,0.9916666666666668,0.991665058846228,0.006804138174397694,0.0068054509542886
73,right,2_3_4,2+3+4,4,1.0,180,0.35698206293709606,0.23388843757111966,-0.1230936253659764,0.6623822305399785,136,11,45,192,holdout,logistic,0.9916666666666667,0.9916660879227724,,
73,right,2_3_4,2+3+4,4,1.0,180,0.35698206293709606,0.23388843757111966,-0.1230936253659764,0.6623822305399785,136,11,45,192,5fold_grouped_cv,logistic,0.9916666666666668,0.991665058846228,0.006804138174397694,0.0068054509542886
73,right,2_3_4_6,2+3+4+6,6,1.0,180,0.3571534104817172,0.23428459563778936,-0.12286881484392786,0.6631770928630405,136,11,75,222,holdout,logistic,0.9916666666666667,0.9916660879227724,,
73,right,2_3_4_6,2+3+4+6,6,1.0,180,0.3571534104817172,0.23428459563778936,-0.12286881484392786,0.6631770928630405,136,11,75,222,5fold_grouped_cv,logistic,0.9944444444444445,0.994443372564152,0.006804138174397694,0.0068054509542886
74,center,2,2,2,1.0,180,0.35534000932717774,0.2314005268967891,-0.12393948243038863,0.6561959846625623,136,11,10,157,holdout,logistic,0.9916666666666667,0.9916660879227724,,
74,center,2,2,2,1.0,180,0.35534000932717774,0.2314005268967891,-0.12393948243038863,0.6561959846625623,136,11,10,157,5fold_grouped_cv,logistic,0.9888888888888889,0.9888835270043064,0.010393492741038724,0.010400659235583804
74,center,2_3,2+3,3,1.0,180,0.3554423324356877,0.2316450344039839,-0.12379729803170379,0.6566946437915618,136,11,25,172,holdout,logistic,0.9916666666666667,0.9916660879227724,,
74,center,2_3,2+3,3,1.0,180,0.3554423324356877,0.2316450344039839,-0.12379729803170379,0.6566946437915618,136,11,25,172,5fold_grouped_cv,logistic,0.9972222222222221,0.997221686282076,0.005555555555555537,0.005556627435847972
74,center,2_3_4,2+3+4,4,1.0,180,0.35553017052972574,0.23185418341662864,-0.1236759871130971,0.6571275560125003,136,11,45,192,holdout,logistic,0.9916666666666667,0.9916660879227724,,
74,center,2_3_4,2+3+4,4,1.0,180,0.35553017052972574,0.23185418341662864,-0.1236759871130971,0.6571275560125003,136,11,45,192,5fold_grouped_cv,logistic,0.9972222222222221,0.997221686282076,0.005555555555555537,0.005556627435847972
74,center,2_3_4_6,2+3+4+6,6,1.0,180,0.35568881796929513,0.23222479278138522,-0.1234640251879099,0.6578878719926228,136,11,75,222,holdout,logistic,0.9916666666666667,0.9916660879227724,,
74,center,2_3_4_6,2+3+4+6,6,1.0,180,0.35568881796929513,0.23222479278138522,-0.1234640251879099,0.6578878719926228,136,11,75,222,5fold_grouped_cv,logistic,0.9972222222222221,0.997221686282076,0.005555555555555537,0.005556627435847972
74,jittered,2,2,2,1.0,180,0.3525838061790462,0.23530963949849948,-0.11727416668054674,0.6730979901675072,136,11,10,157,holdout,logistic,1.0,1.0,,
74,jittered,2,2,2,1.0,180,0.3525838061790462,0.23530963949849948,-0.11727416668054674,0.6730979901675072,136,11,10,157,5fold_grouped_cv,logistic,0.9916666666666668,0.991665058846228,0.006804138174397694,0.0068054509542886
74,jittered,2_3,2+3,3,1.0,180,0.35267455968893824,0.23552416790662495,-0.11715039178231328,0.6735324291896856,136,11,25,172,holdout,logistic,1.0,1.0,,
74,jittered,2_3,2+3,3,1.0,180,0.35267455968893824,0.23552416790662495,-0.11715039178231328,0.6735324291896856,136,11,25,172,5fold_grouped_cv,logistic,0.9888888888888889,0.9888835270043064,0.010393492741038724,0.010400659235583802
74,jittered,2_3_4,2+3+4,4,1.0,180,0.3527749534821205,0.23574752252491307,-0.11702743095720741,0.6739771257106767,136,11,45,192,holdout,logistic,1.0,1.0,,
74,jittered,2_3_4,2+3+4,4,1.0,180,0.3527749534821205,0.23574752252491307,-0.11702743095720741,0.6739771257106767,136,11,45,192,5fold_grouped_cv,logistic,0.9944444444444445,0.994443372564152,0.006804138174397694,0.0068054509542886
74,jittered,2_3_4_6,2+3+4+6,6,1.0,180,0.3529349195011319,0.23613360167647077,-0.11680131782466117,0.6747749696467574,136,11,75,222,holdout,logistic,0.9916666666666667,0.9916660879227724,,
74,jittered,2_3_4_6,2+3+4+6,6,1.0,180,0.3529349195011319,0.23613360167647077,-0.11680131782466117,0.6747749696467574,136,11,75,222,5fold_grouped_cv,logistic,0.9944444444444445,0.994443372564152,0.006804138174397693,0.0068054509542886
74,left,2,2,2,1.0,180,0.35499534329522664,0.22965024463028685,-0.1253450986649397,0.6531303610759835,136,11,10,157,holdout,logistic,1.0,1.0,,
74,left,2,2,2,1.0,180,0.35499534329522664,0.22965024463028685,-0.1253450986649397,0.6531303610759835,136,11,10,157,5fold_grouped_cv,logistic,0.9888888888888889,0.9888867451283041,0.005555555555555536,0.005556627435847972
74,left,2_3,2+3,3,1.0,180,0.3550861940422103,0.2298949716269319,-0.12519122241527839,0.6536600499449415,136,11,25,172,holdout,logistic,1.0,1.0,,
74,left,2_3,2+3,3,1.0,180,0.3550861940422103,0.2298949716269319,-0.12519122241527839,0.6536600499449415,136,11,25,172,5fold_grouped_cv,logistic,0.9916666666666668,0.991665058846228,0.006804138174397694,0.0068054509542886
74,left,2_3_4,2+3+4,4,1.0,180,0.3551967094970772,0.23013711421578548,-0.1250595952812918,0.6541384782552891,136,11,45,192,holdout,logistic,1.0,1.0,,
74,left,2_3_4,2+3+4,4,1.0,180,0.3551967094970772,0.23013711421578548,-0.1250595952812918,0.6541384782552891,136,11,45,192,5fold_grouped_cv,logistic,0.9916666666666668,0.991665058846228,0.006804138174397694,0.0068054509542886
74,left,2_3_4_6,2+3+4+6,6,1.0,180,0.35537082635887934,0.23055758695712258,-0.12481323940175675,0.6550094915346081,136,11,75,222,holdout,logistic,1.0,1.0,,
74,left,2_3_4_6,2+3+4+6,6,1.0,180,0.35537082635887934,0.23055758695712258,-0.12481323940175675,0.6550094915346081,136,11,75,222,5fold_grouped_cv,logistic,0.9944444444444445,0.994443372564152,0.006804138174397694,0.0068054509542886
74,right,2,2,2,1.0,180,0.3568322865293952,0.23155101874415582,-0.12528126778523935,0.6550264731862456,136,11,10,157,holdout,logistic,0.9833333333333333,0.9833287024173382,,
74,right,2,2,2,1.0,180,0.3568322865293952,0.23155101874415582,-0.12528126778523935,0.6550264731862456,136,11,10,157,5fold_grouped_cv,logistic,0.9888888888888889,0.9888835270043064,0.010393492741038724,0.010400659235583804
74,right,2_3,2+3,3,1.0,180,0.3569147226989328,0.2317374834595831,-0.12517723923934973,0.6554026546447337,136,11,25,172,holdout,logistic,0.9916666666666667,0.9916660879227724,,
74,right,2_3,2+3,3,1.0,180,0.3569147226989328,0.2317374834595831,-0.12517723923934973,0.6554026546447337,136,11,25,172,5fold_grouped_cv,logistic,0.9944444444444445,0.994443372564152,0.006804138174397694,0.0068054509542886
74,right,2_3_4,2+3+4,4,1.0,180,0.3570124977575829,0.23198107933372944,-0.12503141842385357,0.6559020242751054,136,11,45,192,holdout,logistic,0.9916666666666667,0.9916660879227724,,
74,right,2_3_4,2+3+4,4,1.0,180,0.3570124977575829,0.23198107933372944,-0.12503141842385357,0.6559020242751054,136,11,45,192,5fold_grouped_cv,logistic,0.9944444444444445,0.994443372564152,0.006804138174397694,0.0068054509542886
74,right,2_3_4_6,2+3+4+6,6,1.0,180,0.3571601660785764,0.23238483322576156,-0.12477533285281485,0.6567717617647773,136,11,75,222,holdout,logistic,1.0,1.0,,
74,right,2_3_4_6,2+3+4+6,6,1.0,180,0.3571601660785764,0.23238483322576156,-0.12477533285281485,0.6567717617647773,136,11,75,222,5fold_grouped_cv,logistic,1.0,1.0,0.0,0.0
75,center,2,2,2,1.0,180,0.35407082092657993,0.23154786349766737,-0.1225229574289125,0.6605463758425437,136,11,10,157,holdout,logistic,0.9916666666666667,0.9916660879227724,,
75,center,2,2,2,1.0,180,0.35407082092657993,0.23154786349766737,-0.1225229574289125,0.6605463758425437,136,11,10,157,5fold_grouped_cv,logistic,0.9888888888888889,0.9888867451283041,0.005555555555555536,0.005556627435847972
75,center,2_3,2+3,3,1.0,180,0.35415017987514186,0.23179483807296522,-0.12235534180217668,0.6611104438114536,136,11,25,172,holdout,logistic,1.0,1.0,,
75,center,2_3,2+3,3,1.0,180,0.35415017987514186,0.23179483807296522,-0.12235534180217668,0.6611104438114536,136,11,25,172,5fold_grouped_cv,logistic,0.9972222222222221,0.997221686282076,0.005555555555555537,0.005556627435847972
75,center,2_3_4,2+3+4,4,1.0,180,0.3542326347564043,0.23198286489365477,-0.12224976986274952,0.6614827194892579,136,11,45,192,holdout,logistic,1.0,1.0,,
75,center,2_3_4,2+3+4,4,1.0,180,0.3542326347564043,0.23198286489365477,-0.12224976986274952,0.6614827194892579,136,11,45,192,5fold_grouped_cv,logistic,1.0,1.0,0.0,0.0
75,center,2_3_4_6,2+3+4+6,6,1.0,180,0.35438425842678856,0.23237060690819003,-0.1220136515185985,0.6622982426879676,136,11,75,222,holdout,logistic,1.0,1.0,,
75,center,2_3_4_6,2+3+4+6,6,1.0,180,0.35438425842678856,0.23237060690819003,-0.1220136515185985,0.6622982426879676,136,11,75,222,5fold_grouped_cv,logistic,1.0,1.0,0.0,0.0
75,jittered,2,2,2,1.0,180,0.35069976043032897,0.22795192617411467,-0.12274783425621429,0.6566568041013569,136,11,10,157,holdout,logistic,0.9916666666666667,0.9916660879227724,,
75,jittered,2,2,2,1.0,180,0.35069976043032897,0.22795192617411467,-0.12274783425621429,0.6566568041013569,136,11,10,157,5fold_grouped_cv,logistic,0.9694444444444444,0.9694073650189112,0.016197088596792523,0.0162502376250854
75,jittered,2_3,2+3,3,1.0,180,0.3508011295528848,0.2281657276712631,-0.12263540188162171,0.6570866358050071,136,11,25,172,holdout,logistic,0.9833333333333333,0.9833287024173382,,
75,jittered,2_3,2+3,3,1.0,180,0.3508011295528848,0.2281657276712631,-0.12263540188162171,0.6570866358050071,136,11,25,172,5fold_grouped_cv,logistic,0.9833333333333332,0.9832978617282387,0.02041241452319316,0.02047781500234627
75,jittered,2_3_4,2+3+4,4,1.0,180,0.3508980011975989,0.22834958934273597,-0.12254841185486293,0.6574207456059566,136,11,45,192,holdout,logistic,1.0,1.0,,
75,jittered,2_3_4,2+3+4,4,1.0,180,0.3508980011975989,0.22834958934273597,-0.12254841185486293,0.6574207456059566,136,11,45,192,5fold_grouped_cv,logistic,0.9777777777777779,0.9777702721326105,0.01111111111111112,0.011114865680733882
75,jittered,2_3_4_6,2+3+4+6,6,1.0,180,0.3510674376678158,0.2287059855989633,-0.12236145206885252,0.6581022347208009,136,11,75,222,holdout,logistic,0.9916666666666667,0.9916660879227724,,
75,jittered,2_3_4_6,2+3+4+6,6,1.0,180,0.3510674376678158,0.2287059855989633,-0.12236145206885252,0.6581022347208009,136,11,75,222,5fold_grouped_cv,logistic,0.9833333333333334,0.9833236814444609,0.010393492741038736,0.010402379395098641
75,left,2,2,2,1.0,180,0.35608139248712545,0.2309143932889164,-0.12516699919820903,0.6521438988688925,136,11,10,157,holdout,logistic,0.9916666666666667,0.9916660879227724,,
75,left,2,2,2,1.0,180,0.35608139248712545,0.2309143932889164,-0.12516699919820903,0.6521438988688925,136,11,10,157,5fold_grouped_cv,logistic,0.9972222222222221,0.997221686282076,0.005555555555555536,0.005556627435847972
75,left,2_3,2+3,3,1.0,180,0.35617777921535365,0.23111197809364853,-0.1250658011217052,0.6525222189611964,136,11,25,172,holdout,logistic,0.9916666666666667,0.9916660879227724,,
75,left,2_3,2+3,3,1.0,180,0.35617777921535365,0.23111197809364853,-0.1250658011217052,0.6525222189611964,136,11,25,172,5fold_grouped_cv,logistic,1.0,1.0,0.0,0.0
75,left,2_3_4,2+3+4,4,1.0,180,0.35627421579116936,0.23131089118501433,-0.12496332460615503,0.6529107237674117,136,11,45,192,holdout,logistic,0.9916666666666667,0.9916660879227724,,
75,left,2_3_4,2+3+4,4,1.0,180,0.35627421579116936,0.23131089118501433,-0.12496332460615503,0.6529107237674117,136,11,45,192,5fold_grouped_cv,logistic,0.9972222222222221,0.997221686282076,0.005555555555555537,0.005556627435847972
75,left,2_3_4_6,2+3+4+6,6,1.0,180,0.356443696342214,0.2316370793910677,-0.12480661695114627,0.6535105258427619,136,11,75,222,holdout,logistic,0.9833333333333333,0.9833287024173382,,
75,left,2_3_4_6,2+3+4+6,6,1.0,180,0.356443696342214,0.2316370793910677,-0.12480661695114627,0.6535105258427619,136,11,75,222,5fold_grouped_cv,logistic,0.9916666666666668,0.991665058846228,0.006804138174397694,0.0068054509542886
75,right,2,2,2,1.0,180,0.35234279556851267,0.23246715281026167,-0.11987564275825097,0.6658109029009623,136,11,10,157,holdout,logistic,0.9833333333333333,0.9833287024173382,,
75,right,2,2,2,1.0,180,0.35234279556851267,0.23246715281026167,-0.11987564275825097,0.6658109029009623,136,11,10,157,5fold_grouped_cv,logistic,0.9805555555555555,0.98053570091735,0.01416394309331329,0.014188789501230384
75,right,2_3,2+3,3,1.0,180,0.3524449881071889,0.23267183127099805,-0.1197731568361908,0.6661959382568012,136,11,25,172,holdout,logistic,0.9833333333333333,0.9833287024173382,,
75,right,2_3,2+3,3,1.0,180,0.3524449881071889,0.23267183127099805,-0.1197731568361908,0.6661959382568012,136,11,25,172,5fold_grouped_cv,logistic,0.9888888888888889,0.9888835270043064,0.010393492741038726,0.010400659235583804
75,right,2_3_4,2+3+4,4,1.0,180,0.352531332377272,0.23288906805526308,-0.11964226432200896,0.6666456108426992,136,11,45,192,holdout,logistic,0.9833333333333333,0.9833287024173382,,
75,right,2_3_4,2+3+4,4,1.0,180,0.352531332377272,0.23288906805526308,-0.11964226432200896,0.6666456108426992,136,11,45,192,5fold_grouped_cv,logistic,0.9833333333333334,0.9833236814444609,0.010393492741038736,0.010402379395098641
75,right,2_3_4_6,2+3+4+6,6,1.0,180,0.3527040587711212,0.2333115685383411,-0.11939249023278017,0.6675089252632112,136,11,75,222,holdout,logistic,0.9916666666666667,0.9916660879227724,,
75,right,2_3_4_6,2+3+4+6,6,1.0,180,0.3527040587711212,0.2333115685383411,-0.11939249023278017,0.6675089252632112,136,11,75,222,5fold_grouped_cv,logistic,0.9972222222222221,0.997221686282076,0.005555555555555537,0.005556627435847972
