retrieval_top1,paired_cosine_mean,paired_cosine_p05,l2_delta_mean,l2_delta_p95,mean_pair_margin,margin_positive_rate,length,condition,representation,label,n_pairs,n_features,density,base_paired_cosine_mean,base_l2_delta_mean,base_retrieval_top1,delta_cosine_vs_cspaced_count,delta_l2_vs_cspaced_count,delta_top1_vs_cspaced_count
1.0,0.9722623078527706,0.8990321629942791,0.15768241887335582,0.4493720049879764,0.506345764931516,1.0,69,substitution_1pct,spaced_count_l2,"spaced, no RC",600,256,0.20955078125,0.9768619916625746,0.14368937776841512,1.0,-0.004599683809804023,0.013993041104940707,0.0
1.0,0.9768619916625746,0.9137905781837163,0.14368937776841512,0.41523330493036165,0.37097963838018205,1.0,69,substitution_1pct,cspaced_count_l2,canonical spaced,600,136,0.35003063725490197,0.9768619916625746,0.14368937776841512,1.0,0.0,0.0,0.0
1.0,0.9969141688099624,0.9885615708154364,0.052430893626827575,0.15125087841263543,0.049551744774687795,1.0,69,substitution_1pct,cspaced_property_selected:hydrogen,canonical spaced + hydrogen,600,138,0.35945048309178745,0.9768619916625746,0.14368937776841512,1.0,0.02005217714738783,-0.09125848414158755,0.0
1.0,0.9845531226373619,0.9427460284293941,0.11731509052690285,0.3383900093546696,0.2488746671757937,1.0,69,substitution_1pct,cspaced_property_selected:gc,canonical spaced + gc,600,138,0.35945048309178745,0.9768619916625746,0.14368937776841512,1.0,0.007691130974787352,-0.026374287241512265,0.0
1.0,0.9845346633035978,0.9445648801262759,0.11745286016045758,0.332971824996127,0.2484024641046956,1.0,69,substitution_1pct,cspaced_property_selected:purine,canonical spaced + purine,600,138,0.35945048309178745,0.9768619916625746,0.14368937776841512,1.0,0.007672671641023254,-0.026236517607957532,0.0
1.0,0.9771924696117109,0.9150067444027241,0.14265987129677055,0.41229400223823737,0.3656890694437679,1.0,69,substitution_1pct,cspaced_property_selected:eiip,canonical spaced + eiip,600,138,0.35945048309178745,0.9768619916625746,0.14368937776841512,1.0,0.0003304779491363208,-0.00102950647164457,0.0
1.0,0.9768619916625746,0.9137905781837163,0.14368937776841512,0.41523330493036165,0.37097963838018205,1.0,69,substitution_1pct,cspaced_property_selected:n_fraction,canonical spaced + n_fraction,600,137,0.3474756690997567,0.9768619916625746,0.14368937776841512,1.0,0.0,0.0,0.0
1.0,0.9862833456921264,0.9495985218402873,0.11069621367554722,0.3174944221401826,0.22092874885626923,1.0,69,substitution_1pct,cspaced_property_selected:entropy,canonical spaced + entropy,600,137,0.3547749391727494,0.9768619916625746,0.14368937776841512,1.0,0.009421354029551798,-0.0329931640928679,0.0
1.0,0.9793230639731682,0.9229602360838374,0.13583283640370789,0.3925294858530229,0.33152042034823365,1.0,69,substitution_1pct,cspaced_property_selected:length,canonical spaced + length,600,137,0.3547749391727494,0.9768619916625746,0.14368937776841512,1.0,0.0024610723105935595,-0.007856541364707231,0.0
1.0,0.9969141688099624,0.9885615708154364,0.052430893626827575,0.15125087841263543,0.049551744774687795,1.0,69,substitution_1pct,cspaced_property_selected:hydrogen,canonical spaced + cumulative hydrogen,600,138,0.35945048309178745,0.9768619916625746,0.14368937776841512,1.0,0.02005217714738783,-0.09125848414158755,0.0
1.0,0.9971003771551186,0.9891020379062457,0.050818326640962204,0.14763440977807918,0.04673186545698825,1.0,69,substitution_1pct,cspaced_property_selected:hydrogen+gc,canonical spaced + cumulative hydrogen+gc,600,140,0.3686011904761905,0.9768619916625746,0.14368937776841512,1.0,0.020238385492543975,-0.09287105112745292,0.0
1.0,0.9972672295108246,0.989757237624412,0.049351788488974487,0.14312765122016077,0.044371567329993256,1.0,69,substitution_1pct,cspaced_property_selected:hydrogen+gc+purine,canonical spaced + cumulative hydrogen+gc+purine,600,142,0.37749413145539906,0.9768619916625746,0.14368937776841512,1.0,0.02040523784824999,-0.09433758927944064,0.0
1.0,0.9972719202110134,0.9897761515311609,0.04930967281852929,0.14299544338730905,0.044297551287073335,1.0,69,substitution_1pct,cspaced_property_selected:hydrogen+gc+purine+eiip,canonical spaced + cumulative hydrogen+gc+purine+eiip,600,144,0.3861400462962963,0.9768619916625746,0.14368937776841512,1.0,0.020409928548438816,-0.09437970494988582,0.0
1.0,0.9972719202110134,0.9897761515311609,0.04930967281852929,0.14299544338730905,0.044297551287073335,1.0,69,substitution_1pct,cspaced_property_selected:hydrogen+gc+purine+eiip+n_fraction,canonical spaced + cumulative hydrogen+gc+purine+eiip+n_fraction,600,145,0.3834770114942529,0.9768619916625746,0.14368937776841512,1.0,0.020409928548438816,-0.09437970494988582,0.0
1.0,0.9974758689828782,0.990602027475533,0.04744305440808629,0.13709830304819567,0.04106576605546247,1.0,69,substitution_1pct,cspaced_property_selected:hydrogen+gc+purine+eiip+n_fraction+entropy,canonical spaced + cumulative hydrogen+gc+purine+eiip+n_fraction+entropy,600,146,0.3876997716894977,0.9768619916625746,0.14368937776841512,1.0,0.02061387732030362,-0.09624632336032882,0.0
1.0,0.9975082378268287,0.9907396659209042,0.04713884529203224,0.13609065504840132,0.04054232012220048,1.0,69,substitution_1pct,cspaced_property_selected:hydrogen+gc+purine+eiip+n_fraction+entropy+length,canonical spaced + cumulative hydrogen+gc+purine+eiip+n_fraction+entropy+length,600,147,0.39186507936507936,0.9768619916625746,0.14368937776841512,1.0,0.020646246164254145,-0.09655053247638287,0.0
1.0,0.9975082378268287,0.990739665920904,0.04713884529203224,0.1360906550484013,0.04054232012220048,1.0,69,substitution_1pct,cspaced_property_selected:hydrogen+gc+purine+eiip+entropy+length,full CSP without N fraction,600,146,0.3945490867579909,0.9768619916625746,0.14368937776841512,1.0,0.020646246164254145,-0.09655053247638287,0.0
1.0,0.9974758689828782,0.990602027475533,0.04744305440808629,0.13709830304819567,0.04106576605546247,1.0,69,substitution_1pct,cspaced_property_selected:hydrogen+gc+purine+eiip+n_fraction+entropy,full CSP without length,600,146,0.3876997716894977,0.9768619916625746,0.14368937776841512,1.0,0.02061387732030362,-0.09624632336032882,0.0
1.0,0.9975082378268287,0.990739665920904,0.04713884529203224,0.1360906550484013,0.04054232012220047,1.0,69,substitution_1pct,cspaced_property_l2,full CSP,600,147,0.39186507936507936,0.9768619916625746,0.14368937776841512,1.0,0.020646246164254145,-0.09655053247638287,0.0
1.0,0.9550665913195764,0.9379167154630991,0.2970192175138178,0.3523727700515499,0.4969286393070708,1.0,69,N_3pct,spaced_count_l2,"spaced, no RC",600,256,0.19935546875,0.962397987383376,0.2710968696180376,1.0,-0.007331396063799622,0.02592234789578024,0.0
1.0,0.962397987383376,0.9447319410624617,0.2710968696180376,0.3324697247496038,0.36520178047504803,1.0,69,N_3pct,cspaced_count_l2,canonical spaced,600,136,0.33481617647058826,0.962397987383376,0.2710968696180376,1.0,0.0,0.0,0.0
1.0,0.9930577136462538,0.9906317806811389,0.11714541313380053,0.13688110802695494,0.049644144005603366,1.0,69,N_3pct,cspaced_property_selected:hydrogen,canonical spaced + hydrogen,600,138,0.34445652173913044,0.962397987383376,0.2710968696180376,1.0,0.03065972626287783,-0.15395145648423705,0.0
1.0,0.9746433948141118,0.962228005381103,0.22243376095205866,0.27485266052717094,0.2464512921158354,1.0,69,N_3pct,cspaced_property_selected:gc,canonical spaced + gc,600,138,0.34445652173913044,0.962397987383376,0.2710968696180376,1.0,0.012245407430735766,-0.04866310866597892,0.0
1.0,0.974751563990973,0.9625651390646894,0.22213718352585587,0.27362330326980444,0.24582893763811645,1.0,69,N_3pct,cspaced_property_selected:purine,canonical spaced + purine,600,138,0.34445652173913044,0.962397987383376,0.2710968696180376,1.0,0.01235357660759695,-0.04895968609218171,0.0
1.0,0.962892619654203,0.9454628976666253,0.2693154770276915,0.33026384064721426,0.3600654121510516,1.0,69,N_3pct,cspaced_property_selected:eiip,canonical spaced + eiip,600,138,0.34445652173913044,0.962397987383376,0.2710968696180376,1.0,0.0004946322708270223,-0.001781392590346098,0.0
1.0,0.9619939579837975,0.9443353281394149,0.27262424835392374,0.3336605216701111,0.3650484631800986,1.0,69,N_3pct,cspaced_property_selected:n_fraction,canonical spaced + n_fraction,600,137,0.33602189781021896,0.962397987383376,0.2710968696180376,1.0,-0.00040402939957850936,0.0015273787358861535,0.0
1.0,0.9778066598950429,0.9680970870879999,0.20854867118827294,0.2525981271177504,0.21147221218087736,1.0,69,N_3pct,cspaced_property_selected:entropy,canonical spaced + entropy,600,137,0.3396715328467153,0.962397987383376,0.2710968696180376,1.0,0.015408672511666888,-0.06254819842976464,0.0
1.0,0.9663975222925103,0.9506105235025676,0.2562740357866496,0.314291191405142,0.3263571238131839,1.0,69,N_3pct,cspaced_property_selected:length,canonical spaced + length,600,137,0.3396715328467153,0.962397987383376,0.2710968696180376,1.0,0.003999534909134295,-0.014822833831387994,0.0
1.0,0.9930577136462538,0.9906317806811389,0.11714541313380053,0.13688110802695494,0.049644144005603366,1.0,69,N_3pct,cspaced_property_selected:hydrogen,canonical spaced + cumulative hydrogen,600,138,0.34445652173913044,0.962397987383376,0.2710968696180376,1.0,0.03065972626287783,-0.15395145648423705,0.0
1.0,0.9934716970044379,0.9911619276763565,0.1135902279615775,0.1329516627236286,0.04682688626713152,1.0,69,N_3pct,cspaced_property_selected:hydrogen+gc,canonical spaced + cumulative hydrogen+gc,600,140,0.35382142857142856,0.962397987383376,0.2710968696180376,1.0,0.03107370962106193,-0.15750664165646008,0.0
1.0,0.9938480137058378,0.9917138048423153,0.1102781964499828,0.12873377352348717,0.044450287684344926,1.0,69,N_3pct,cspaced_property_selected:hydrogen+gc+purine,canonical spaced + cumulative hydrogen+gc+purine,600,142,0.3629225352112676,0.962397987383376,0.2710968696180376,1.0,0.031450026322461744,-0.1608186731680548,0.0
1.0,0.9938544916266898,0.9917246681572088,0.11022116876728118,0.12864936079092237,0.04437551358923353,1.0,69,N_3pct,cspaced_property_selected:hydrogen+gc+purine+eiip,canonical spaced + cumulative hydrogen+gc+purine+eiip,600,144,0.37177083333333333,0.962397987383376,0.2710968696180376,1.0,0.03145650424331381,-0.16087570085075642,0.0
1.0,0.9938040152186598,0.9916661407385169,0.11068302460642467,0.12910350145079874,0.0443732425816336,1.0,69,N_3pct,cspaced_property_selected:hydrogen+gc+purine+eiip+n_fraction,canonical spaced + cumulative hydrogen+gc+purine+eiip+n_fraction,600,145,0.3726551724137931,0.962397987383376,0.2710968696180376,1.0,0.03140602783528379,-0.16041384501161293,0.0
1.0,0.9940691102684044,0.9921206176390374,0.10835036071298075,0.12553391828226917,0.04087353415434267,1.0,69,N_3pct,cspaced_property_selected:hydrogen+gc+purine+eiip+n_fraction+entropy,canonical spaced + cumulative hydrogen+gc+purine+eiip+n_fraction+entropy,600,146,0.37695205479452054,0.962397987383376,0.2710968696180376,1.0,0.03167112288502838,-0.16274650890505682,0.0
1.0,0.9941453556064855,0.9922279258358027,0.10765256184329108,0.12467617303490108,0.04034706290015119,1.0,69,N_3pct,cspaced_property_selected:hydrogen+gc+purine+eiip+n_fraction+entropy+length,canonical spaced + cumulative hydrogen+gc+purine+eiip+n_fraction+entropy+length,600,147,0.3811904761904762,0.962397987383376,0.2710968696180376,1.0,0.03174736822310953,-0.1634443077747465,0.0
1.0,0.9941908611385792,0.9922747605242249,0.10722483219007363,0.12429995473126555,0.04034892072981767,1.0,69,N_3pct,cspaced_property_selected:hydrogen+gc+purine+eiip+entropy+length,full CSP without N fraction,600,146,0.38037671232876713,0.962397987383376,0.2710968696180376,1.0,0.03179287375520323,-0.16387203742796397,0.0
1.0,0.9940691102684044,0.9921206176390374,0.10835036071298075,0.12553391828226917,0.04087353415434267,1.0,69,N_3pct,cspaced_property_selected:hydrogen+gc+purine+eiip+n_fraction+entropy,full CSP without length,600,146,0.37695205479452054,0.962397987383376,0.2710968696180376,1.0,0.03167112288502838,-0.16274650890505682,0.0
1.0,0.9941453556064855,0.9922279258358027,0.10765256184329108,0.12467617303490107,0.04034706290015119,1.0,69,N_3pct,cspaced_property_l2,full CSP,600,147,0.3811904761904762,0.962397987383376,0.2710968696180376,1.0,0.03174736822310953,-0.1634443077747465,0.0
1.0,0.9692986503738221,0.9630868246861538,0.24674154105779744,0.27171004881618344,0.5068214391941004,1.0,69,trim_5bp,spaced_count_l2,"spaced, no RC",600,256,0.20238932291666667,0.9744023101835018,0.22490323438812596,1.0,-0.005103659809679639,0.021838306669671487,0.0
1.0,0.9744023101835018,0.9669875568304567,0.22490323438812596,0.2569530819801298,0.3737246595952383,1.0,69,trim_5bp,cspaced_count_l2,canonical spaced,600,136,0.3396323529411765,0.9744023101835018,0.22490323438812596,1.0,0.0,0.0,0.0
1.0,0.9965759751287495,0.9955395413787755,0.08219130179873617,0.09445060673719068,0.04989919820662669,1.0,69,trim_5bp,cspaced_property_selected:hydrogen,canonical spaced + hydrogen,600,138,0.3492028985507246,0.9744023101835018,0.22490323438812596,1.0,0.02217366494524775,-0.1427119325893898,0.0
1.0,0.982818599749058,0.9775417284968466,0.18411707331919977,0.2119352317074299,0.2505100280476518,1.0,69,trim_5bp,cspaced_property_selected:gc,canonical spaced + gc,600,138,0.3492028985507246,0.9744023101835018,0.22490323438812596,1.0,0.00841628956555629,-0.040786161068926186,0.0
1.0,0.982883422005862,0.9775955448083534,0.18388005776132715,0.21168115195311024,0.25031454744845016,1.0,69,trim_5bp,cspaced_property_selected:purine,canonical spaced + purine,600,138,0.3492028985507246,0.9744023101835018,0.22490323438812596,1.0,0.008481111822360221,-0.0410231766267988,0.0
1.0,0.9747669307227602,0.9674463745932849,0.2232956951610686,0.2551612251257335,0.36839021775158887,1.0,69,trim_5bp,cspaced_property_selected:eiip,canonical spaced + eiip,600,138,0.3492028985507246,0.9744023101835018,0.22490323438812596,1.0,0.0003646205392584534,-0.001607539227057364,0.0
1.0,0.9744023101835018,0.9669875568304568,0.2249032343881259,0.2569530819801298,0.3737246595952383,1.0,69,trim_5bp,cspaced_property_selected:n_fraction,canonical spaced + n_fraction,600,137,0.3371532846715328,0.9744023101835018,0.22490323438812596,1.0,0.0,-5.551115123125783e-17,0.0
1.0,0.9848249364306835,0.9804986775506704,0.17327099013716718,0.1974906626645817,0.22268569441216607,1.0,69,trim_5bp,cspaced_property_selected:entropy,canonical spaced + entropy,600,137,0.3444525547445256,0.9744023101835018,0.22490323438812596,1.0,0.01042262624718171,-0.051632244250958775,0.0
1.0,0.9766998129204713,0.9700239530473989,0.21460147166044463,0.24485116684468358,0.3364823264883083,1.0,69,trim_5bp,cspaced_property_selected:length,canonical spaced + length,600,137,0.3444525547445256,0.9744023101835018,0.22490323438812596,1.0,0.0022975027369694923,-0.010301762727681324,0.0
1.0,0.9965759751287495,0.9955395413787755,0.08219130179873617,0.09445060673719068,0.04989919820662669,1.0,69,trim_5bp,cspaced_property_selected:hydrogen,canonical spaced + cumulative hydrogen,600,138,0.3492028985507246,0.9744023101835018,0.22490323438812596,1.0,0.02217366494524775,-0.1427119325893898,0.0
1.0,0.9967726375769744,0.9957533241254553,0.0797834056813463,0.0921593749997591,0.04703732568088063,1.0,69,trim_5bp,cspaced_property_selected:hydrogen+gc,canonical spaced + cumulative hydrogen+gc,600,140,0.3585,0.9744023101835018,0.22490323438812596,1.0,0.022370327393472667,-0.14511982870677964,0.0
1.0,0.996949802646651,0.9960260396544184,0.0775731223918181,0.08915103544097103,0.04466683855716164,1.0,69,trim_5bp,cspaced_property_selected:hydrogen+gc+purine,canonical spaced + cumulative hydrogen+gc+purine,600,142,0.36753521126760563,0.9744023101835018,0.22490323438812596,1.0,0.022547492463149243,-0.14733011199630786,0.0
1.0,0.9969549661997966,0.996033883397223,0.07750776418458032,0.08906300968730155,0.044592136819091334,1.0,69,trim_5bp,cspaced_property_selected:hydrogen+gc+purine+eiip,canonical spaced + cumulative hydrogen+gc+purine+eiip,600,144,0.37631944444444443,0.9744023101835018,0.22490323438812596,1.0,0.02255265601629486,-0.14739547020354565,0.0
1.0,0.9969549661997966,0.996033883397223,0.07750776418458032,0.08906300968730155,0.044592136819091334,1.0,69,trim_5bp,cspaced_property_selected:hydrogen+gc+purine+eiip+n_fraction,canonical spaced + cumulative hydrogen+gc+purine+eiip+n_fraction,600,145,0.3737241379310345,0.9744023101835018,0.22490323438812596,1.0,0.02255265601629486,-0.14739547020354565,0.0
1.0,0.9971811494923086,0.9963578354240441,0.07459383650610105,0.08534823267013757,0.04133330414360354,1.0,69,trim_5bp,cspaced_property_selected:hydrogen+gc+purine+eiip+n_fraction+entropy,canonical spaced + cumulative hydrogen+gc+purine+eiip+n_fraction+entropy,600,146,0.378013698630137,0.9744023101835018,0.22490323438812596,1.0,0.022778839308806864,-0.1503093978820249,0.0
1.0,0.9971814381304328,0.9963693010248494,0.07460138060968283,0.08521379322774408,0.04083876277497115,1.0,69,trim_5bp,cspaced_property_selected:hydrogen+gc+purine+eiip+n_fraction+entropy+length,canonical spaced + cumulative hydrogen+gc+purine+eiip+n_fraction+entropy+length,600,147,0.38224489795918365,0.9744023101835018,0.22490323438812596,1.0,0.022779127946931044,-0.15030185377844313,0.0
1.0,0.9971814381304328,0.9963693010248494,0.07460138060968283,0.08521379322774408,0.04083876277497115,1.0,69,trim_5bp,cspaced_property_selected:hydrogen+gc+purine+eiip+entropy+length,full CSP without N fraction,600,146,0.38486301369863013,0.9744023101835018,0.22490323438812596,1.0,0.022779127946931044,-0.15030185377844313,0.0
1.0,0.9971811494923086,0.9963578354240441,0.07459383650610105,0.08534823267013757,0.04133330414360354,1.0,69,trim_5bp,cspaced_property_selected:hydrogen+gc+purine+eiip+n_fraction+entropy,full CSP without length,600,146,0.378013698630137,0.9744023101835018,0.22490323438812596,1.0,0.022778839308806864,-0.1503093978820249,0.0
1.0,0.9971814381304328,0.9963693010248494,0.07460138060968283,0.08521379322774408,0.04083876277497115,1.0,69,trim_5bp,cspaced_property_l2,full CSP,600,147,0.38224489795918365,0.9744023101835018,0.22490323438812596,1.0,0.022779127946931044,-0.15030185377844313,0.0
1.0,0.9260486570811931,0.851707528190174,0.3714902663646356,0.5445961099287111,0.4694046398084703,1.0,69,substitution_1pct_N_3pct,spaced_count_l2,"spaced, no RC",600,256,0.19948567708333334,0.9381607314951225,0.33916563173091413,1.0,-0.012112074413929363,0.03232463463372148,0.0
1.0,0.9381607314951225,0.8728984724495101,0.33916563173091413,0.5041853995750656,0.342862900908028,1.0,69,substitution_1pct_N_3pct,cspaced_count_l2,canonical spaced,600,136,0.3351776960784314,0.9381607314951225,0.33916563173091413,1.0,0.0,0.0,0.0
1.0,0.9897938847126075,0.9810807179828517,0.13951235206312337,0.1945199280856199,0.04669058821930331,1.0,69,substitution_1pct_N_3pct,cspaced_property_selected:hydrogen,canonical spaced + hydrogen,600,138,0.34481280193236713,0.9381607314951225,0.33916563173091413,1.0,0.05163315321748507,-0.19965327966779076,0.0
1.0,0.9584553583863438,0.9141782889001144,0.27799622712476757,0.41429472571865983,0.23172943609257154,1.0,69,substitution_1pct_N_3pct,cspaced_property_selected:gc,canonical spaced + gc,600,138,0.34481280193236713,0.9381607314951225,0.33916563173091413,1.0,0.0202946268912213,-0.06116940460614656,0.0
1.0,0.9585125926965579,0.9137478961958668,0.277795142985173,0.4153362268081998,0.2305885178820928,1.0,69,substitution_1pct_N_3pct,cspaced_property_selected:purine,canonical spaced + purine,600,138,0.34481280193236713,0.9381607314951225,0.33916563173091413,1.0,0.020351861201435395,-0.061370488745741136,0.0
1.0,0.9389940981058971,0.8746824801594139,0.33688649978223945,0.5006344695598467,0.3380434415823774,1.0,69,substitution_1pct_N_3pct,cspaced_property_selected:eiip,canonical spaced + eiip,600,138,0.34481280193236713,0.9381607314951225,0.33916563173091413,1.0,0.0008333666107745996,-0.002279131948674684,0.0
1.0,0.9377668772663901,0.8725320163156229,0.34042227546201087,0.5049117050763963,0.34271896181650063,1.0,69,substitution_1pct_N_3pct,cspaced_property_selected:n_fraction,canonical spaced + n_fraction,600,137,0.33638077858880777,0.9381607314951225,0.33916563173091413,1.0,-0.0003938542287323932,0.0012566437310967404,0.0
1.0,0.9638181638101053,0.9262399186486698,0.2598469639031877,0.3840826542459086,0.19891967283376977,1.0,69,substitution_1pct_N_3pct,cspaced_property_selected:entropy,canonical spaced + entropy,600,137,0.3400304136253041,0.9381607314951225,0.33916563173091413,1.0,0.025657432314982853,-0.07931866782772645,0.0
1.0,0.9447382600881324,0.8864176157364764,0.3206209845442888,0.47661792375491724,0.3063943172923107,1.0,69,substitution_1pct_N_3pct,cspaced_property_selected:length,canonical spaced + length,600,137,0.3400304136253041,0.9381607314951225,0.33916563173091413,1.0,0.006577528593009974,-0.01854464718662535,0.0
1.0,0.9897938847126075,0.9810807179828517,0.13951235206312337,0.1945199280856199,0.04669058821930331,1.0,69,substitution_1pct_N_3pct,cspaced_property_selected:hydrogen,canonical spaced + cumulative hydrogen,600,138,0.34481280193236713,0.9381607314951225,0.33916563173091413,1.0,0.05163315321748507,-0.19965327966779076,0.0
1.0,0.9904042042867832,0.9820677082112558,0.13527309745241212,0.18937885244824165,0.04406972194094506,1.0,69,substitution_1pct_N_3pct,cspaced_property_selected:hydrogen+gc,canonical spaced + cumulative hydrogen+gc,600,140,0.35417261904761904,0.9381607314951225,0.33916563173091413,1.0,0.05224347279166075,-0.203892534278502,0.0
1.0,0.9909571523990625,0.9830202432202355,0.13132798792437902,0.1842808214402686,0.04185386578078546,1.0,69,substitution_1pct_N_3pct,cspaced_property_selected:hydrogen+gc+purine,canonical spaced + cumulative hydrogen+gc+purine,600,142,0.363268779342723,0.9381607314951225,0.33916563173091413,1.0,0.05279642090393999,-0.2078376438065351,0.0
1.0,0.9909685067324576,0.983049057949628,0.13124852463017714,0.18412439261406663,0.041783608991840845,1.0,69,substitution_1pct_N_3pct,cspaced_property_selected:hydrogen+gc+purine+eiip,canonical spaced + cumulative hydrogen+gc+purine+eiip,600,144,0.37211226851851853,0.9381607314951225,0.33916563173091413,1.0,0.05280777523733515,-0.207917107100737,0.0
1.0,0.9909181675266905,0.9829948464292952,0.13164897778109502,0.18441858129377411,0.04178146849464081,1.0,69,substitution_1pct_N_3pct,cspaced_property_selected:hydrogen+gc+purine+eiip+n_fraction,canonical spaced + cumulative hydrogen+gc+purine+eiip+n_fraction,600,145,0.3729942528735632,0.9381607314951225,0.33916563173091413,1.0,0.05275743603156802,-0.2075166539498191,0.0
1.0,0.991412036642021,0.9840101311145973,0.12819022784001688,0.17882879406882138,0.038520301362311285,1.0,69,substitution_1pct_N_3pct,cspaced_property_selected:hydrogen+gc+purine+eiip+n_fraction+entropy,canonical spaced + cumulative hydrogen+gc+purine+eiip+n_fraction+entropy,600,146,0.3772888127853881,0.9381607314951225,0.33916563173091413,1.0,0.053251305146898575,-0.21097540389089725,0.0
1.0,0.9915223806172179,0.9842411695421863,0.1273647445588444,0.1775321389087197,0.038023818026179906,1.0,69,substitution_1pct_N_3pct,cspaced_property_selected:hydrogen+gc+purine+eiip+n_fraction+entropy+length,canonical spaced + cumulative hydrogen+gc+purine+eiip+n_fraction+entropy+length,600,147,0.3815249433106576,0.9381607314951225,0.33916563173091413,1.0,0.0533616491220954,-0.21180088717206974,0.0
1.0,0.9915677716105998,0.984292299866253,0.12699242105764527,0.17724389844734667,0.038025570450681535,1.0,69,substitution_1pct_N_3pct,cspaced_property_selected:hydrogen+gc+purine+eiip+entropy+length,full CSP without N fraction,600,146,0.3807134703196347,0.9381607314951225,0.33916563173091413,1.0,0.05340704011547737,-0.21217321067326886,0.0
1.0,0.991412036642021,0.9840101311145973,0.12819022784001688,0.17882879406882138,0.038520301362311285,1.0,69,substitution_1pct_N_3pct,cspaced_property_selected:hydrogen+gc+purine+eiip+n_fraction+entropy,full CSP without length,600,146,0.3772888127853881,0.9381607314951225,0.33916563173091413,1.0,0.053251305146898575,-0.21097540389089725,0.0
1.0,0.9915223806172179,0.9842411695421863,0.1273647445588444,0.1775321389087197,0.038023818026179906,1.0,69,substitution_1pct_N_3pct,cspaced_property_l2,full CSP,600,147,0.3815249433106576,0.9381607314951225,0.33916563173091413,1.0,0.0533616491220954,-0.21180088717206974,0.0
1.0,0.9607225438869315,0.8649197064377495,0.19367666922961463,0.519769704979157,0.4941725777297197,1.0,69,short_indel,spaced_count_l2,"spaced, no RC",600,256,0.20973307291666668,0.9671070883733042,0.17722791671907112,1.0,-0.006384544486372712,0.016448752510543507,0.0
1.0,0.9671070883733042,0.8900125949721129,0.17722791671907112,0.46901370400413783,0.3596637290654632,1.0,69,short_indel,cspaced_count_l2,canonical spaced,600,136,0.35043504901960787,0.9671070883733042,0.17722791671907112,1.0,0.0,0.0,0.0
1.0,0.9955860998706534,0.985320535320879,0.06485469668032816,0.17134443456689105,0.047994302777375875,1.0,69,short_indel,cspaced_property_selected:hydrogen,canonical spaced + hydrogen,600,138,0.35984903381642513,0.9671070883733042,0.17722791671907112,1.0,0.028479011497349216,-0.11237322003874296,0.0
1.0,0.9779215053705468,0.9265990402334127,0.14505234768852934,0.3831472633704147,0.2410621623898113,1.0,69,short_indel,cspaced_property_selected:gc,canonical spaced + gc,600,138,0.35984903381642513,0.9671070883733042,0.17722791671907112,1.0,0.010814416997242615,-0.03217556903054178,0.0
1.0,0.9780998234230767,0.9264416504344942,0.14461689633189603,0.3835547023118373,0.2411104655479292,1.0,69,short_indel,cspaced_property_selected:purine,canonical spaced + purine,600,138,0.35984903381642513,0.9671070883733042,0.17722791671907112,1.0,0.010992735049772495,-0.03261102038717509,0.0
1.0,0.9675762862760658,0.8915095750060559,0.17595929001491362,0.4658112088778291,0.3545328425887655,1.0,69,short_indel,cspaced_property_selected:eiip,canonical spaced + eiip,600,138,0.35984903381642513,0.9671070883733042,0.17722791671907112,1.0,0.0004691979027616755,-0.001268626704157505,0.0
1.0,0.9671070883733042,0.8900125949721129,0.17722791671907112,0.46901370400413783,0.3596637290654632,1.0,69,short_indel,cspaced_property_selected:n_fraction,canonical spaced + n_fraction,600,137,0.34787712895377126,0.9671070883733042,0.17722791671907112,1.0,0.0,0.0,0.0
1.0,0.9804979370190997,0.9323130866081452,0.13650782357765387,0.3679318033446467,0.21431811360670874,1.0,69,short_indel,cspaced_property_selected:entropy,canonical spaced + entropy,600,137,0.355176399026764,0.9671070883733042,0.17722791671907112,1.0,0.013390848645795539,-0.04072009314141725,0.0
1.0,0.970601113736883,0.9019641046883784,0.1675552444950073,0.4427986875160963,0.32140577322711117,1.0,69,short_indel,cspaced_property_selected:length,canonical spaced + length,600,137,0.355176399026764,0.9671070883733042,0.17722791671907112,1.0,0.00349402536357879,-0.009672672224063816,0.0
1.0,0.9955860998706534,0.985320535320879,0.06485469668032816,0.17134443456689105,0.047994302777375875,1.0,69,short_indel,cspaced_property_selected:hydrogen,canonical spaced + cumulative hydrogen,600,138,0.35984903381642513,0.9671070883733042,0.17722791671907112,1.0,0.028479011497349216,-0.11237322003874296,0.0
1.0,0.9958525445365315,0.9863765008660647,0.06285294932667575,0.16506590729233123,0.04526497538106221,1.0,69,short_indel,cspaced_property_selected:hydrogen+gc,canonical spaced + cumulative hydrogen+gc,600,140,0.36899404761904764,0.9671070883733042,0.17722791671907112,1.0,0.028745456163227323,-0.11437496739239537,0.0
1.0,0.9961004314117529,0.9871588840893376,0.06095668017223829,0.16025615948547386,0.0430281419745908,1.0,69,short_indel,cspaced_property_selected:hydrogen+gc+purine,canonical spaced + cumulative hydrogen+gc+purine,600,142,0.37788145539906104,0.9671070883733042,0.17722791671907112,1.0,0.028993343038448693,-0.11627123654683283,0.0
1.0,0.9961071920544328,0.9871782880639943,0.060904149537540704,0.16013506778270248,0.04295624903331513,1.0,69,short_indel,cspaced_property_selected:hydrogen+gc+purine+eiip,canonical spaced + cumulative hydrogen+gc+purine+eiip,600,144,0.38652199074074073,0.9671070883733042,0.17722791671907112,1.0,0.029000103681128597,-0.11632376718153042,0.0
1.0,0.9961071920544328,0.9871782880639943,0.060904149537540704,0.16013506778270248,0.04295624903331513,1.0,69,short_indel,cspaced_property_selected:hydrogen+gc+purine+eiip+n_fraction,canonical spaced + cumulative hydrogen+gc+purine+eiip+n_fraction,600,145,0.38385632183908047,0.9671070883733042,0.17722791671907112,1.0,0.029000103681128597,-0.11632376718153042,0.0
1.0,0.9964006945938743,0.9879717667070974,0.0585756600278651,0.15510135317735932,0.03982920859823608,1.0,69,short_indel,cspaced_property_selected:hydrogen+gc+purine+eiip+n_fraction+entropy,canonical spaced + cumulative hydrogen+gc+purine+eiip+n_fraction+entropy,600,146,0.38807648401826483,0.9671070883733042,0.17722791671907112,1.0,0.02929360622057009,-0.11865225669120602,0.0
1.0,0.996446328746667,0.9881117638877548,0.05820545913856286,0.15419612963013907,0.03932200231242196,1.0,69,short_indel,cspaced_property_selected:hydrogen+gc+purine+eiip+n_fraction+entropy+length,canonical spaced + cumulative hydrogen+gc+purine+eiip+n_fraction+entropy+length,600,147,0.3922392290249433,0.9671070883733042,0.17722791671907112,1.0,0.029339240373362885,-0.11902245758050826,0.0
1.0,0.996446328746667,0.9881117638877548,0.05820545913856286,0.15419612963013907,0.03932200231242196,1.0,69,short_indel,cspaced_property_selected:hydrogen+gc+purine+eiip+entropy+length,full CSP without N fraction,600,146,0.394925799086758,0.9671070883733042,0.17722791671907112,1.0,0.029339240373362885,-0.11902245758050826,0.0
1.0,0.9964006945938743,0.9879717667070974,0.0585756600278651,0.15510135317735932,0.03982920859823608,1.0,69,short_indel,cspaced_property_selected:hydrogen+gc+purine+eiip+n_fraction+entropy,full CSP without length,600,146,0.38807648401826483,0.9671070883733042,0.17722791671907112,1.0,0.02929360622057009,-0.11865225669120602,0.0
1.0,0.996446328746667,0.9881117638877548,0.05820545913856286,0.15419612963013907,0.03932200231242196,1.0,69,short_indel,cspaced_property_l2,full CSP,600,147,0.3922392290249433,0.9671070883733042,0.17722791671907112,1.0,0.029339240373362885,-0.11902245758050826,0.0
1.0,0.8652221310043374,0.8243605453485792,0.5157959992883829,0.5926877988974278,0.40575064226969215,1.0,69,local_mismatch_6bp,spaced_count_l2,"spaced, no RC",600,256,0.21052734375,0.8863641847435288,0.4727413702957882,1.0,-0.021142053739191424,0.04305462899259471,0.0
1.0,0.8863641847435288,0.8437954835741767,0.4727413702957882,0.558935624957203,0.28729958969199915,1.0,69,local_mismatch_6bp,cspaced_count_l2,canonical spaced,600,136,0.352218137254902,0.8863641847435288,0.4727413702957882,1.0,0.0,0.0,0.0
1.0,0.9848125553639252,0.979021674690751,0.17272328193704756,0.20483319076563933,0.038288757089960254,1.0,69,local_mismatch_6bp,cspaced_property_selected:hydrogen,canonical spaced + hydrogen,600,138,0.3616062801932367,0.8863641847435288,0.4727413702957882,1.0,0.09844837062039635,-0.30001808835874066,0.0
1.0,0.9238207314249198,0.8943594142524025,0.3868488136513498,0.4596533045984435,0.1923355368019666,1.0,69,local_mismatch_6bp,cspaced_property_selected:gc,canonical spaced + gc,600,138,0.3616062801932367,0.8863641847435288,0.4727413702957882,1.0,0.03745654668139098,-0.0858925566444384,0.0
1.0,0.9240923543714492,0.8945372272551378,0.38631177752070617,0.45926630368222526,0.19217820891828719,1.0,69,local_mismatch_6bp,cspaced_property_selected:purine,canonical spaced + purine,600,138,0.3616062801932367,0.8863641847435288,0.4727413702957882,1.0,0.03772816962792036,-0.08642959277508205,0.0
1.0,0.8879828632277031,0.8459285044866025,0.46936186209283676,0.5551062880359947,0.28320270563379624,1.0,69,local_mismatch_6bp,cspaced_property_selected:eiip,canonical spaced + eiip,600,138,0.3616062801932367,0.8863641847435288,0.4727413702957882,1.0,0.0016186784841742963,-0.0033795082029514645,0.0
1.0,0.8863641847435291,0.843795483574177,0.4727413702957883,0.558935624957203,0.28729958969199915,1.0,69,local_mismatch_6bp,cspaced_property_selected:n_fraction,canonical spaced + n_fraction,600,137,0.34964720194647203,0.8863641847435288,0.4727413702957882,1.0,2.220446049250313e-16,5.551115123125783e-17,0.0
1.0,0.9327431649295382,0.9085363074188004,0.3638464739217431,0.4277000803662073,0.17072690175346708,1.0,69,local_mismatch_6bp,cspaced_property_selected:entropy,canonical spaced + entropy,600,137,0.3569464720194647,0.8863641847435288,0.4727413702957882,1.0,0.04637898018600939,-0.10889489637404515,0.0
1.0,0.8984510486749885,0.8604101638249161,0.44689316781749994,0.5283745568679373,0.2567409930001556,1.0,69,local_mismatch_6bp,cspaced_property_selected:length,canonical spaced + length,600,137,0.3569464720194647,0.8863641847435288,0.4727413702957882,1.0,0.012086863931459635,-0.025848202478288285,0.0
1.0,0.9848125553639252,0.979021674690751,0.17272328193704756,0.20483319076563933,0.038288757089960254,1.0,69,local_mismatch_6bp,cspaced_property_selected:hydrogen,canonical spaced + cumulative hydrogen,600,138,0.3616062801932367,0.8863641847435288,0.4727413702957882,1.0,0.09844837062039635,-0.30001808835874066,0.0
1.0,0.9856935096440164,0.9800654485208994,0.16761908483876428,0.19967248642108337,0.03609244329738108,1.0,69,local_mismatch_6bp,cspaced_property_selected:hydrogen+gc,canonical spaced + cumulative hydrogen+gc,600,140,0.3707261904761905,0.8863641847435288,0.4727413702957882,1.0,0.09932932490048751,-0.3051222854570239,0.0
1.0,0.9864954136285993,0.9812694101077365,0.16287785056983392,0.1935489058968715,0.03430747234251744,1.0,69,local_mismatch_6bp,cspaced_property_selected:hydrogen+gc+purine,canonical spaced + cumulative hydrogen+gc+purine,600,142,0.37958920187793427,0.8863641847435288,0.4727413702957882,1.0,0.10013122888507042,-0.3098635197259543,0.0
1.0,0.9865183187240792,0.9813057813647265,0.16274031276671844,0.19336089610697335,0.034250519105891934,1.0,69,local_mismatch_6bp,cspaced_property_selected:hydrogen+gc+purine+eiip,canonical spaced + cumulative hydrogen+gc+purine+eiip,600,144,0.3882060185185185,0.8863641847435288,0.4727413702957882,1.0,0.1001541339805504,-0.3100010575290698,0.0
1.0,0.9865183187240792,0.9813057813647265,0.16274031276671844,0.19336089610697335,0.03425051910589193,1.0,69,local_mismatch_6bp,cspaced_property_selected:hydrogen+gc+purine+eiip+n_fraction,canonical spaced + cumulative hydrogen+gc+purine+eiip+n_fraction,600,145,0.3855287356321839,0.8863641847435288,0.4727413702957882,1.0,0.1001541339805504,-0.3100010575290698,0.0
1.0,0.9875234686045724,0.982779509554757,0.15658926793429742,0.18558281353982928,0.03173722646609371,1.0,69,local_mismatch_6bp,cspaced_property_selected:hydrogen+gc+purine+eiip+n_fraction+entropy,canonical spaced + cumulative hydrogen+gc+purine+eiip+n_fraction+entropy,600,146,0.38973744292237444,0.8863641847435288,0.4727413702957882,1.0,0.10115928386104356,-0.3161521023614908,0.0
1.0,0.9876830465814878,0.9830266955864414,0.15558712107554243,0.18424604814628862,0.031333800246201506,1.0,69,local_mismatch_6bp,cspaced_property_selected:hydrogen+gc+purine+eiip+n_fraction+entropy+length,canonical spaced + cumulative hydrogen+gc+purine+eiip+n_fraction+entropy+length,600,147,0.3938888888888889,0.8863641847435288,0.4727413702957882,1.0,0.1013188618379589,-0.3171542492202458,0.0
1.0,0.9876830465814878,0.9830266955864414,0.15558712107554243,0.18424604814628862,0.0313338002462015,1.0,69,local_mismatch_6bp,cspaced_property_selected:hydrogen+gc+purine+eiip+entropy+length,full CSP without N fraction,600,146,0.39658675799086757,0.8863641847435288,0.4727413702957882,1.0,0.1013188618379589,-0.3171542492202458,0.0
1.0,0.9875234686045724,0.982779509554757,0.15658926793429742,0.18558281353982928,0.03173722646609371,1.0,69,local_mismatch_6bp,cspaced_property_selected:hydrogen+gc+purine+eiip+n_fraction+entropy,full CSP without length,600,146,0.38973744292237444,0.8863641847435288,0.4727413702957882,1.0,0.10115928386104356,-0.3161521023614908,0.0
1.0,0.9876830465814878,0.9830266955864414,0.15558712107554243,0.18424604814628862,0.0313338002462015,1.0,69,local_mismatch_6bp,cspaced_property_l2,full CSP,600,147,0.3938888888888889,0.8863641847435288,0.4727413702957882,1.0,0.1013188618379589,-0.3171542492202458,0.0
1.0,0.9705716222700377,0.9037940590289112,0.17213449070694828,0.43864702137172085,0.48874621785291794,1.0,75,substitution_1pct,spaced_count_l2,"spaced, no RC",600,256,0.22486979166666668,0.9760246900449836,0.1551412241415371,1.0,-0.005453067774945919,0.01699326656541117,0.0
1.0,0.9760246900449836,0.919035470494464,0.1551412241415371,0.4024039443116742,0.3549852559788619,1.0,75,substitution_1pct,cspaced_count_l2,canonical spaced,600,136,0.3709313725490196,0.9760246900449836,0.1551412241415371,1.0,0.0,0.0,0.0
1.0,0.9967725422367999,0.9893418832577678,0.05685891112453534,0.14600079955538156,0.047465892902700244,1.0,75,substitution_1pct,cspaced_property_selected:hydrogen,canonical spaced + hydrogen,600,138,0.38004830917874394,0.9760246900449836,0.1551412241415371,1.0,0.020747852191816296,-0.09828231301700177,0.0
1.0,0.9838435805158648,0.9466466044836992,0.12722128024443394,0.32666004668339654,0.23838654096797715,1.0,75,substitution_1pct,cspaced_property_selected:gc,canonical spaced + gc,600,138,0.38004830917874394,0.9760246900449836,0.1551412241415371,1.0,0.007818890470881246,-0.027919943897103172,0.0
1.0,0.9839972110160056,0.9463595082754112,0.1267332329897807,0.3275377025844799,0.23696445045074607,1.0,75,substitution_1pct,cspaced_property_selected:purine,canonical spaced + purine,600,138,0.38004830917874394,0.9760246900449836,0.1551412241415371,1.0,0.007972520971021968,-0.028407991151756407,0.0
1.0,0.9763664510830212,0.9201476596917627,0.15403146939977772,0.39963052752156447,0.3499383017751165,1.0,75,substitution_1pct,cspaced_property_selected:eiip,canonical spaced + eiip,600,138,0.38004830917874394,0.9760246900449836,0.1551412241415371,1.0,0.0003417610380376246,-0.0011097547417593945,0.0
1.0,0.9760246900449836,0.919035470494464,0.1551412241415371,0.4024039443116742,0.3549852559788619,1.0,75,substitution_1pct,cspaced_property_selected:n_fraction,canonical spaced + n_fraction,600,137,0.3682238442822384,0.9760246900449836,0.1551412241415371,1.0,0.0,0.0,0.0
1.0,0.9857752702852747,0.9522332712129055,0.1195545122564896,0.3090848569930893,0.21147452526582172,1.0,75,substitution_1pct,cspaced_property_selected:entropy,canonical spaced + entropy,600,137,0.37552311435523117,0.9760246900449836,0.1551412241415371,1.0,0.009750580240291074,-0.035586711885047514,0.0
1.0,0.9789805501764239,0.9290173987896668,0.14526325480750024,0.37678255422788953,0.31121995044722134,1.0,75,substitution_1pct,cspaced_property_selected:length,canonical spaced + length,600,137,0.37552311435523117,0.9760246900449836,0.1551412241415371,1.0,0.0029558601314403354,-0.009877969334036868,0.0
1.0,0.9967725422367999,0.9893418832577678,0.05685891112453534,0.14600079955538156,0.047465892902700244,1.0,75,substitution_1pct,cspaced_property_selected:hydrogen,canonical spaced + cumulative hydrogen,600,138,0.38004830917874394,0.9760246900449836,0.1551412241415371,1.0,0.020747852191816296,-0.09828231301700177,0.0
1.0,0.9969635261947138,0.9898447263966779,0.055139719569273,0.14251506022398647,0.04477960597037871,1.0,75,substitution_1pct,cspaced_property_selected:hydrogen+gc,canonical spaced + cumulative hydrogen+gc,600,140,0.3889047619047619,0.9760246900449836,0.1551412241415371,1.0,0.020938836149730244,-0.10000150457226412,0.0
1.0,0.9971403821254076,0.9905282378873518,0.053523120190624385,0.13763544643488432,0.0425084916682034,1.0,75,substitution_1pct,cspaced_property_selected:hydrogen+gc+purine,canonical spaced + cumulative hydrogen+gc+purine,600,142,0.3975117370892019,0.9760246900449836,0.1551412241415371,1.0,0.021115692080423965,-0.10161810395091272,0.0
1.0,0.9971453296911981,0.9905466688855017,0.053477100756219635,0.1375014661192794,0.04243755451381527,1.0,75,substitution_1pct,cspaced_property_selected:hydrogen+gc+purine+eiip,canonical spaced + cumulative hydrogen+gc+purine+eiip,600,144,0.40587962962962965,0.9760246900449836,0.1551412241415371,1.0,0.021120639646214467,-0.10166412338531747,0.0
1.0,0.9971453296911981,0.9905466688855017,0.053477100756219635,0.1375014661192794,0.04243755451381527,1.0,75,substitution_1pct,cspaced_property_selected:hydrogen+gc+purine+eiip+n_fraction,canonical spaced + cumulative hydrogen+gc+purine+eiip+n_fraction,600,145,0.4030804597701149,0.9760246900449836,0.1551412241415371,1.0,0.021120639646214467,-0.10166412338531747,0.0
1.0,0.9973600853214126,0.991296653667582,0.05143916102819233,0.13193435398255263,0.0393448127407929,1.0,75,substitution_1pct,cspaced_property_selected:hydrogen+gc+purine+eiip+n_fraction+entropy,canonical spaced + cumulative hydrogen+gc+purine+eiip+n_fraction+entropy,600,146,0.4071689497716895,0.9760246900449836,0.1551412241415371,1.0,0.021335395276429026,-0.10370206311334479,0.0
1.0,0.9974003571460287,0.9914295696763222,0.05104674094326586,0.1309230295987176,0.03875226444630798,1.0,75,substitution_1pct,cspaced_property_selected:hydrogen+gc+purine+eiip+n_fraction+entropy+length,canonical spaced + cumulative hydrogen+gc+purine+eiip+n_fraction+entropy+length,600,147,0.4112018140589569,0.9760246900449836,0.1551412241415371,1.0,0.021375667101045104,-0.10409448319827125,0.0
1.0,0.9974003571460287,0.9914295696763222,0.05104674094326586,0.1309230295987176,0.038752264446307985,1.0,75,substitution_1pct,cspaced_property_selected:hydrogen+gc+purine+eiip+entropy+length,full CSP without N fraction,600,146,0.41401826484018267,0.9760246900449836,0.1551412241415371,1.0,0.021375667101045104,-0.10409448319827125,0.0
1.0,0.9973600853214126,0.991296653667582,0.05143916102819233,0.13193435398255263,0.0393448127407929,1.0,75,substitution_1pct,cspaced_property_selected:hydrogen+gc+purine+eiip+n_fraction+entropy,full CSP without length,600,146,0.4071689497716895,0.9760246900449836,0.1551412241415371,1.0,0.021335395276429026,-0.10370206311334479,0.0
1.0,0.9974003571460287,0.9914295696763222,0.05104674094326586,0.1309230295987176,0.03875226444630798,1.0,75,substitution_1pct,cspaced_property_l2,full CSP,600,147,0.4112018140589569,0.9760246900449836,0.1551412241415371,1.0,0.021375667101045104,-0.10409448319827125,0.0
1.0,0.9607675663692258,0.9452662083079755,0.27728247663282213,0.3308588494805723,0.4841326786466834,1.0,75,N_3pct,spaced_count_l2,"spaced, no RC",600,256,0.21449869791666668,0.9675315269897536,0.25174704413030125,1.0,-0.006763960620527865,0.025535432502520883,0.0
1.0,0.9675315269897536,0.9520922121656413,0.25174704413030125,0.3095408103787621,0.35466108924790773,1.0,75,N_3pct,cspaced_count_l2,canonical spaced,600,136,0.35606617647058825,0.9675315269897536,0.25174704413030125,1.0,0.0,0.0,0.0
1.0,0.9940151055496503,0.9918754640776652,0.10875172498477326,0.1274718468744689,0.048220588972907756,1.0,75,N_3pct,cspaced_property_selected:hydrogen,canonical spaced + hydrogen,600,138,0.36539855072463767,0.9675315269897536,0.25174704413030125,1.0,0.026483578559896692,-0.142995319145528,0.0
1.0,0.978076249262658,0.9669476658476691,0.20679941099952884,0.25710827834063626,0.23924577473252243,1.0,75,N_3pct,cspaced_property_selected:gc,canonical spaced + gc,600,138,0.36539855072463767,0.9675315269897536,0.25174704413030125,1.0,0.010544722272904372,-0.04494763313077241,0.0
1.0,0.9782549999931833,0.9677276639764504,0.20600088465410765,0.25405642742729173,0.23799196032902908,1.0,75,N_3pct,cspaced_property_selected:purine,canonical spaced + purine,600,138,0.36539855072463767,0.9675315269897536,0.25174704413030125,1.0,0.010723473003429684,-0.04574615947619359,0.0
1.0,0.9679581260494152,0.9527143467706346,0.25009611559344713,0.3075243936122376,0.3496897744242439,1.0,75,N_3pct,cspaced_property_selected:eiip,canonical spaced + eiip,600,138,0.36539855072463767,0.9675315269897536,0.25174704413030125,1.0,0.00042659905966158096,-0.0016509285368541127,0.0
1.0,0.9671876991441457,0.9517538709281759,0.25315188051152643,0.3106319304978583,0.35453505474170766,1.0,75,N_3pct,cspaced_property_selected:n_fraction,canonical spaced + n_fraction,600,137,0.3571167883211679,0.9675315269897536,0.25174704413030125,1.0,-0.0003438278456079358,0.001404836381225183,0.0
1.0,0.9807864991727386,0.9722964271226993,0.19393488361352387,0.23538703601041616,0.20615010429863295,1.0,75,N_3pct,cspaced_property_selected:entropy,canonical spaced + entropy,600,137,0.36076642335766423,0.9675315269897536,0.25174704413030125,1.0,0.013254972182984992,-0.05781216051677737,0.0
1.0,0.9715344894156746,0.9579986517616587,0.2357181027859629,0.2898320924060018,0.3109357494776177,1.0,75,N_3pct,cspaced_property_selected:length,canonical spaced + length,600,137,0.36076642335766423,0.9675315269897536,0.25174704413030125,1.0,0.0040029624259209085,-0.016028941344338354,0.0
1.0,0.9940151055496503,0.9918754640776652,0.10875172498477326,0.1274718468744689,0.048220588972907756,1.0,75,N_3pct,cspaced_property_selected:hydrogen,canonical spaced + cumulative hydrogen,600,138,0.36539855072463767,0.9675315269897536,0.25174704413030125,1.0,0.026483578559896692,-0.142995319145528,0.0
1.0,0.9943707857401072,0.9923277859478853,0.1054673159669064,0.12387262622530311,0.04549438671611233,1.0,75,N_3pct,cspaced_property_selected:hydrogen+gc,canonical spaced + cumulative hydrogen+gc,600,140,0.3744642857142857,0.9675315269897536,0.25174704413030125,1.0,0.026839258750353534,-0.14627972816339485,0.0
1.0,0.9946982907722287,0.9928027140945467,0.10235936797122937,0.11997737842663886,0.04318321801652717,1.0,75,N_3pct,cspaced_property_selected:hydrogen+gc+purine,canonical spaced + cumulative hydrogen+gc+purine,600,142,0.38327464788732396,0.9675315269897536,0.25174704413030125,1.0,0.027166763782475067,-0.1493876761590719,0.0
1.0,0.9947038390375685,0.9928128020775671,0.10230691910730559,0.11989326632168677,0.04311069743767591,1.0,75,N_3pct,cspaced_property_selected:hydrogen+gc+purine+eiip,canonical spaced + cumulative hydrogen+gc+purine+eiip,600,144,0.3918402777777778,0.9675315269897536,0.25174704413030125,1.0,0.027172312047814895,-0.14944012502299564,0.0
1.0,0.9946610187821197,0.9927665076633292,0.10272966629203918,0.12027877601524463,0.04310882904537121,1.0,75,N_3pct,cspaced_property_selected:hydrogen+gc+purine+eiip+n_fraction,canonical spaced + cumulative hydrogen+gc+purine+eiip+n_fraction,600,145,0.3925862068965517,0.9675315269897536,0.25174704413030125,1.0,0.02712949179236601,-0.14901737783826208,0.0
1.0,0.9948837210252051,0.9931690584605283,0.10062281990377726,0.11688405563831537,0.03980194317279697,1.0,75,N_3pct,cspaced_property_selected:hydrogen+gc+purine+eiip+n_fraction+entropy,canonical spaced + cumulative hydrogen+gc+purine+eiip+n_fraction+entropy,600,146,0.39674657534246577,0.9675315269897536,0.25174704413030125,1.0,0.027352194035451416,-0.151124224226524,0.0
1.0,0.9949613674687188,0.993278428371531,0.09985689953799616,0.11594456669195113,0.039198229734580356,1.0,75,N_3pct,cspaced_property_selected:hydrogen+gc+purine+eiip+n_fraction+entropy+length,canonical spaced + cumulative hydrogen+gc+purine+eiip+n_fraction+entropy+length,600,147,0.4008503401360544,0.9675315269897536,0.25174704413030125,1.0,0.02742984047896513,-0.1518901445923051,0.0
1.0,0.9949999046762054,0.9933195057553952,0.09946590765331549,0.1155897386180484,0.03919975556572554,1.0,75,N_3pct,cspaced_property_selected:hydrogen+gc+purine+eiip+entropy+length,full CSP without N fraction,600,146,0.4001712328767123,0.9675315269897536,0.25174704413030125,1.0,0.027468377686451717,-0.15228113647698577,0.0
1.0,0.9948837210252051,0.9931690584605283,0.10062281990377726,0.11688405563831537,0.03980194317279697,1.0,75,N_3pct,cspaced_property_selected:hydrogen+gc+purine+eiip+n_fraction+entropy,full CSP without length,600,146,0.39674657534246577,0.9675315269897536,0.25174704413030125,1.0,0.027352194035451416,-0.151124224226524,0.0
1.0,0.9949613674687188,0.993278428371531,0.09985689953799616,0.11594456669195113,0.03919822973458036,1.0,75,N_3pct,cspaced_property_l2,full CSP,600,147,0.4008503401360544,0.9675315269897536,0.25174704413030125,1.0,0.02742984047896513,-0.1518901445923051,0.0
1.0,0.9731476505082014,0.9669875568304569,0.23060604194035397,0.2569530819801298,0.4934608593458688,1.0,75,trim_5bp,spaced_count_l2,"spaced, no RC",600,256,0.21764973958333333,0.9780261033598859,0.20827657459694757,1.0,-0.004878452851684534,0.022329467343406406,0.0
1.0,0.9780261033598859,0.9702401888245867,0.20827657459694757,0.2439654382184099,0.36040747474174584,1.0,75,trim_5bp,cspaced_count_l2,canonical spaced,600,136,0.3609375,0.9780261033598859,0.20827657459694757,1.0,0.0,0.0,0.0
1.0,0.997055278258545,0.9959950291338048,0.07622632467902996,0.0894981930597305,0.048229921020638965,1.0,75,trim_5bp,cspaced_property_selected:hydrogen,canonical spaced + hydrogen,600,138,0.37019927536231884,0.9780261033598859,0.20827657459694757,1.0,0.019029174898659074,-0.1320502499179176,0.0
1.0,0.9852256060564232,0.9799721811567801,0.17074505514990856,0.20013885866514797,0.242181810319428,1.0,75,trim_5bp,cspaced_property_selected:gc,canonical spaced + gc,600,138,0.37019927536231884,0.9780261033598859,0.20827657459694757,1.0,0.007199502696537241,-0.037531519447039,0.0
1.0,0.9853238666537278,0.9796542293255547,0.17016188434452664,0.20172140941390893,0.2408657270192317,1.0,75,trim_5bp,cspaced_property_selected:purine,canonical spaced + purine,600,138,0.37019927536231884,0.9780261033598859,0.20827657459694757,1.0,0.007297763293841908,-0.038114690252420924,0.0
1.0,0.9783386826743443,0.9706485030033886,0.20678928730722201,0.24228610490477107,0.35527900567219867,1.0,75,trim_5bp,cspaced_property_selected:eiip,canonical spaced + eiip,600,138,0.37019927536231884,0.9780261033598859,0.20827657459694757,1.0,0.00031257931445838327,-0.001487287289725553,0.0
1.0,0.9780261033598859,0.9702401888245867,0.20827657459694757,0.2439654382184099,0.36040747474174584,1.0,75,trim_5bp,cspaced_property_selected:n_fraction,canonical spaced + n_fraction,600,137,0.3583029197080292,0.9780261033598859,0.20827657459694757,1.0,0.0,0.0,0.0
1.0,0.9869659356647544,0.982093661294155,0.1605104252555928,0.18924222347665443,0.21498483193771942,1.0,75,trim_5bp,cspaced_property_selected:entropy,canonical spaced + entropy,600,137,0.3656021897810219,0.9780261033598859,0.20827657459694757,1.0,0.0089398323048685,-0.04776614934135476,0.0
1.0,0.9803361991709441,0.9734553028463175,0.19705930587545814,0.2304104328358456,0.3185144734218549,1.0,75,trim_5bp,cspaced_property_selected:length,canonical spaced + length,600,137,0.3656021897810219,0.9780261033598859,0.20827657459694757,1.0,0.0023100958110581216,-0.011217268721489426,0.0
1.0,0.997055278258545,0.9959950291338048,0.07622632467902996,0.0894981930597305,0.048229921020638965,1.0,75,trim_5bp,cspaced_property_selected:hydrogen,canonical spaced + cumulative hydrogen,600,138,0.37019927536231884,0.9780261033598859,0.20827657459694757,1.0,0.019029174898659074,-0.1320502499179176,0.0
1.0,0.9972243917944661,0.9962400080193501,0.0739980860754582,0.08671784008676821,0.04549549931088209,1.0,75,trim_5bp,cspaced_property_selected:hydrogen+gc,canonical spaced + cumulative hydrogen+gc,600,140,0.37919642857142855,0.9780261033598859,0.20827657459694757,1.0,0.019198288434580157,-0.13427848852148938,0.0
1.0,0.9973772447804182,0.9964441007145981,0.07194029254867276,0.08433147437957934,0.04317240932971095,1.0,75,trim_5bp,cspaced_property_selected:hydrogen+gc+purine,canonical spaced + cumulative hydrogen+gc+purine,600,142,0.38794014084507045,0.9780261033598859,0.20827657459694757,1.0,0.019351141420532292,-0.1363362820482748,0.0
1.0,0.9973816923375581,0.9964509212008258,0.07187949860633903,0.08425055695643338,0.043100110929128375,1.0,75,trim_5bp,cspaced_property_selected:hydrogen+gc+purine+eiip,canonical spaced + cumulative hydrogen+gc+purine+eiip,600,144,0.39644097222222224,0.9780261033598859,0.20827657459694757,1.0,0.0193555889776722,-0.13639707599060852,0.0
1.0,0.9973816923375581,0.9964509212008258,0.07187949860633903,0.08425055695643338,0.043100110929128375,1.0,75,trim_5bp,cspaced_property_selected:hydrogen+gc+purine+eiip+n_fraction,canonical spaced + cumulative hydrogen+gc+purine+eiip+n_fraction,600,145,0.39370689655172414,0.9780261033598859,0.20827657459694757,1.0,0.0193555889776722,-0.13639707599060852,0.0
1.0,0.9975762125750759,0.996702767735678,0.06917539851999982,0.08120630842783855,0.039968679001603814,1.0,75,trim_5bp,cspaced_property_selected:hydrogen+gc+purine+eiip+n_fraction+entropy,canonical spaced + cumulative hydrogen+gc+purine+eiip+n_fraction+entropy,600,146,0.3978595890410959,0.9780261033598859,0.20827657459694757,1.0,0.01955010921518996,-0.13910117607694775,0.0
1.0,0.9975779097058138,0.9967169805416474,0.06916444184228318,0.08103109834320053,0.0394005537520356,1.0,75,trim_5bp,cspaced_property_selected:hydrogen+gc+purine+eiip+n_fraction+entropy+length,canonical spaced + cumulative hydrogen+gc+purine+eiip+n_fraction+entropy+length,600,147,0.40195578231292517,0.9780261033598859,0.20827657459694757,1.0,0.019551806345927902,-0.13911213275466439,0.0
1.0,0.9975779097058138,0.9967169805416474,0.06916444184228318,0.08103109834320053,0.039400553752035605,1.0,75,trim_5bp,cspaced_property_selected:hydrogen+gc+purine+eiip+entropy+length,full CSP without N fraction,600,146,0.40470890410958904,0.9780261033598859,0.20827657459694757,1.0,0.019551806345927902,-0.13911213275466439,0.0
1.0,0.9975762125750759,0.996702767735678,0.06917539851999982,0.08120630842783855,0.039968679001603814,1.0,75,trim_5bp,cspaced_property_selected:hydrogen+gc+purine+eiip+n_fraction+entropy,full CSP without length,600,146,0.3978595890410959,0.9780261033598859,0.20827657459694757,1.0,0.01955010921518996,-0.13910117607694775,0.0
1.0,0.9975779097058138,0.9967169805416474,0.06916444184228318,0.08103109834320053,0.0394005537520356,1.0,75,trim_5bp,cspaced_property_l2,full CSP,600,147,0.40195578231292517,0.9780261033598859,0.20827657459694757,1.0,0.019551806345927902,-0.13911213275466439,0.0
1.0,0.9339346281761275,0.8597736029970662,0.34990000024816265,0.5295779391152337,0.4582416021237217,1.0,75,substitution_1pct_N_3pct,spaced_count_l2,"spaced, no RC",600,256,0.21470703125,0.9451779692366347,0.31776457146574705,1.0,-0.011243341060507173,0.0321354287824156,0.0
1.0,0.9451779692366347,0.8810609392062666,0.31776457146574705,0.48772736944214357,0.33237873662345235,1.0,75,substitution_1pct_N_3pct,cspaced_count_l2,canonical spaced,600,136,0.35659313725490194,0.9451779692366347,0.31776457146574705,1.0,0.0,0.0,0.0
1.0,0.9909650698776477,0.9823148929026311,0.13076803883182456,0.18806970148687,0.04521643362907292,1.0,75,substitution_1pct_N_3pct,cspaced_property_selected:hydrogen,canonical spaced + hydrogen,600,138,0.36591787439613527,0.9451779692366347,0.31776457146574705,1.0,0.04578710064101299,-0.1869965326339225,0.0
1.0,0.9629589092404255,0.9196625908163961,0.26099112509448147,0.4008426292773379,0.22449084803509303,1.0,75,substitution_1pct_N_3pct,cspaced_property_selected:gc,canonical spaced + gc,600,138,0.36591787439613527,0.9451779692366347,0.31776457146574705,1.0,0.017780940003790824,-0.05677344637126558,0.0
1.0,0.9632808729194194,0.9216179596850135,0.2600057161970379,0.39593439491246885,0.2230926625835206,1.0,75,substitution_1pct_N_3pct,cspaced_property_selected:purine,canonical spaced + purine,600,138,0.36591787439613527,0.9451779692366347,0.31776457146574705,1.0,0.018102903682784777,-0.057758855268709164,0.0
1.0,0.9459195052175372,0.8826802266722836,0.3156270979748672,0.4843959553136666,0.32771578561617865,1.0,75,substitution_1pct_N_3pct,cspaced_property_selected:eiip,canonical spaced + eiip,600,138,0.36591787439613527,0.9451779692366347,0.31776457146574705,1.0,0.0007415359809025412,-0.0021374734908798376,0.0
1.0,0.9448420850862856,0.8807478400708623,0.31892509586275775,0.4883689032090354,0.33226062050862687,1.0,75,substitution_1pct_N_3pct,cspaced_property_selected:n_fraction,canonical spaced + n_fraction,600,137,0.357639902676399,0.9451779692366347,0.31776457146574705,1.0,-0.00033588415034901953,0.0011605243970106982,0.0
1.0,0.9678885926000795,0.9307100129726539,0.2436865075934529,0.37226331155051445,0.1928372898757749,1.0,75,substitution_1pct_N_3pct,cspaced_property_selected:entropy,canonical spaced + entropy,600,137,0.3612895377128954,0.9451779692366347,0.31776457146574705,1.0,0.02271062336344487,-0.07407806387229415,0.0
1.0,0.9519368497417072,0.8957246590301513,0.2975322398611028,0.4566733667076757,0.2914005362178213,1.0,75,substitution_1pct_N_3pct,cspaced_property_selected:length,canonical spaced + length,600,137,0.3612895377128954,0.9451779692366347,0.31776457146574705,1.0,0.006758880505072562,-0.02023233160464427,0.0
1.0,0.9909650698776477,0.9823148929026311,0.13076803883182456,0.18806970148687,0.04521643362907292,1.0,75,substitution_1pct_N_3pct,cspaced_property_selected:hydrogen,canonical spaced + cumulative hydrogen,600,138,0.36591787439613527,0.9451779692366347,0.31776457146574705,1.0,0.04578710064101299,-0.1869965326339225,0.0
1.0,0.991499918814103,0.9833114225355766,0.1268229629659119,0.18269414361079994,0.042657122909443804,1.0,75,substitution_1pct_N_3pct,cspaced_property_selected:hydrogen+gc,canonical spaced + cumulative hydrogen+gc,600,140,0.37497619047619046,0.9451779692366347,0.31776457146574705,1.0,0.04632194957746838,-0.19094160849983516,0.0
1.0,0.9919938749098517,0.984320604268281,0.12309147053270664,0.17708378360273463,0.040510239508885916,1.0,75,substitution_1pct_N_3pct,cspaced_property_selected:hydrogen+gc+purine,canonical spaced + cumulative hydrogen+gc+purine,600,142,0.3837793427230047,0.9451779692366347,0.31776457146574705,1.0,0.04681590567321703,-0.1946731009330404,0.0
1.0,0.9920040717479879,0.984343872503406,0.1230166094621921,0.1769523394408516,0.040442292298919436,1.0,75,substitution_1pct_N_3pct,cspaced_property_selected:hydrogen+gc+purine+eiip,canonical spaced + cumulative hydrogen+gc+purine+eiip,600,144,0.39233796296296297,0.9451779692366347,0.31776457146574705,1.0,0.04682610251135322,-0.19474796200355493,0.0
1.0,0.9919613765532931,0.9843029977828905,0.12338131598752625,0.1771831797818121,0.04044054111286358,1.0,75,substitution_1pct_N_3pct,cspaced_property_selected:hydrogen+gc+purine+eiip+n_fraction,canonical spaced + cumulative hydrogen+gc+purine+eiip+n_fraction,600,145,0.39308045977011496,0.9451779692366347,0.31776457146574705,1.0,0.04678340731665842,-0.1943832554782208,0.0
1.0,0.992396919152964,0.9854002720754047,0.12018671726516668,0.17087796969314545,0.037301617532195123,1.0,75,substitution_1pct_N_3pct,cspaced_property_selected:hydrogen+gc+purine+eiip+n_fraction+entropy,canonical spaced + cumulative hydrogen+gc+purine+eiip+n_fraction+entropy,600,146,0.39723744292237445,0.9451779692366347,0.31776457146574705,1.0,0.047218949916329356,-0.19757785420058038,0.0
1.0,0.9925125849475508,0.985606568543228,0.11927085846328628,0.1696665463154996,0.03673530962883872,1.0,75,substitution_1pct_N_3pct,cspaced_property_selected:hydrogen+gc+purine+eiip+n_fraction+entropy+length,canonical spaced + cumulative hydrogen+gc+purine+eiip+n_fraction+entropy+length,600,147,0.4013378684807256,0.9451779692366347,0.31776457146574705,1.0,0.04733461571091613,-0.19849371300246077,0.0
1.0,0.9925510135164186,0.9856421104137204,0.11893231327943345,0.16945695589342863,0.03673673826572272,1.0,75,substitution_1pct_N_3pct,cspaced_property_selected:hydrogen+gc+purine+eiip+entropy+length,full CSP without N fraction,600,146,0.400662100456621,0.9451779692366347,0.31776457146574705,1.0,0.04737304427978395,-0.19883225818631362,0.0
1.0,0.992396919152964,0.9854002720754047,0.12018671726516668,0.17087796969314545,0.037301617532195123,1.0,75,substitution_1pct_N_3pct,cspaced_property_selected:hydrogen+gc+purine+eiip+n_fraction+entropy,full CSP without length,600,146,0.39723744292237445,0.9451779692366347,0.31776457146574705,1.0,0.047218949916329356,-0.19757785420058038,0.0
1.0,0.992512584947551,0.985606568543228,0.11927085846328628,0.1696665463154996,0.036735309628838725,1.0,75,substitution_1pct_N_3pct,cspaced_property_l2,full CSP,600,147,0.4013378684807256,0.9451779692366347,0.31776457146574705,1.0,0.04733461571091635,-0.19849371300246077,0.0
1.0,0.9627836479410015,0.8690583620671688,0.19121605049725954,0.511744611947791,0.48010121053083404,1.0,75,short_indel,spaced_count_l2,"spaced, no RC",600,256,0.22473307291666667,0.9692408342128392,0.17369930603255596,1.0,-0.006457186271837778,0.017516744464703582,0.0
1.0,0.9692408342128392,0.8904787944559109,0.17369930603255596,0.46801959028234225,0.34747543024669986,1.0,75,short_indel,cspaced_count_l2,canonical spaced,600,136,0.3709313725490196,0.9692408342128392,0.17369930603255596,1.0,0.0,0.0,0.0
1.0,0.9959039468399158,0.9854794619555742,0.06342031786057999,0.17041442453045016,0.04652958478515527,1.0,75,short_indel,cspaced_property_selected:hydrogen,canonical spaced + hydrogen,600,138,0.38004830917874394,0.9692408342128392,0.17369930603255596,1.0,0.026663112627076546,-0.11027898817197597,0.0
1.0,0.9795110211942005,0.9273821579544841,0.14184472599728448,0.3810979980057038,0.23362142325634655,1.0,75,short_indel,cspaced_property_selected:gc,canonical spaced + gc,600,138,0.38004830917874394,0.9692408342128392,0.17369930603255596,1.0,0.010270186981361284,-0.031854580035271474,0.0
1.0,0.9795682772490987,0.9275793809754962,0.14151387837382312,0.38058006917172965,0.2319542885432508,1.0,75,short_indel,cspaced_property_selected:purine,canonical spaced + purine,600,138,0.38004830917874394,0.9692408342128392,0.17369930603255596,1.0,0.010327443036259432,-0.032185427658732835,0.0
1.0,0.9696779132872548,0.8920568376091677,0.17245946943768597,0.4646355844400275,0.3425312463810275,1.0,75,short_indel,cspaced_property_selected:eiip,canonical spaced + eiip,600,138,0.38004830917874394,0.9692408342128392,0.17369930603255596,1.0,0.0004370790744155917,-0.0012398365948699808,0.0
1.0,0.9692408342128392,0.8904787944559114,0.17369930603255596,0.4680195902823423,0.34747543024669986,1.0,75,short_indel,cspaced_property_selected:n_fraction,canonical spaced + n_fraction,600,137,0.3682238442822384,0.9692408342128392,0.17369930603255596,1.0,0.0,0.0,0.0
1.0,0.9818096384342975,0.9350585519667363,0.13367743613559638,0.360392694208792,0.20712813574367311,1.0,75,short_indel,cspaced_property_selected:entropy,canonical spaced + entropy,600,137,0.37552311435523117,0.9692408342128392,0.17369930603255596,1.0,0.01256880422145823,-0.04002186989695958,0.0
1.0,0.9730267174813091,0.9039814088380596,0.16266067884072788,0.43822039805526675,0.3046300072914734,1.0,75,short_indel,cspaced_property_selected:length,canonical spaced + length,600,137,0.37552311435523117,0.9692408342128392,0.17369930603255596,1.0,0.0037858832684698474,-0.011038627191828077,0.0
1.0,0.9959039468399158,0.9854794619555742,0.06342031786057999,0.17041442453045016,0.04652958478515527,1.0,75,short_indel,cspaced_property_selected:hydrogen,canonical spaced + cumulative hydrogen,600,138,0.38004830917874394,0.9692408342128392,0.17369930603255596,1.0,0.026663112627076546,-0.11027898817197597,0.0
1.0,0.9961552547600627,0.9865365704941462,0.0614432974181389,0.1640938255342257,0.04388789097115422,1.0,75,short_indel,cspaced_property_selected:hydrogen+gc,canonical spaced + cumulative hydrogen+gc,600,140,0.3889047619047619,0.9692408342128392,0.17369930603255596,1.0,0.026914420547223483,-0.11225600861441706,0.0
1.0,0.9963847524323463,0.9872641564801309,0.05958169363345898,0.15959844307942295,0.04167515106163652,1.0,75,short_indel,cspaced_property_selected:hydrogen+gc+purine,canonical spaced + cumulative hydrogen+gc+purine,600,142,0.3975117370892019,0.9692408342128392,0.17369930603255596,1.0,0.027143918219507013,-0.11411761239909698,0.0
1.0,0.9963909300176992,0.987284966215195,0.059530835253564285,0.15946799975718087,0.04160548362015537,1.0,75,short_indel,cspaced_property_selected:hydrogen+gc+purine+eiip,canonical spaced + cumulative hydrogen+gc+purine+eiip,600,144,0.40587962962962965,0.9692408342128392,0.17369930603255596,1.0,0.02715009580485994,-0.11416847077899167,0.0
1.0,0.9963909300176992,0.987284966215195,0.059530835253564285,0.15946799975718087,0.04160548362015537,1.0,75,short_indel,cspaced_property_selected:hydrogen+gc+purine+eiip+n_fraction,canonical spaced + cumulative hydrogen+gc+purine+eiip+n_fraction,600,145,0.4030804597701149,0.9692408342128392,0.17369930603255596,1.0,0.02715009580485994,-0.11416847077899167,0.0
1.0,0.9966625608702366,0.9882670237189217,0.05725719775980899,0.1531856008911007,0.03857763264181202,1.0,75,short_indel,cspaced_property_selected:hydrogen+gc+purine+eiip+n_fraction+entropy,canonical spaced + cumulative hydrogen+gc+purine+eiip+n_fraction+entropy,600,146,0.4071689497716895,0.9692408342128392,0.17369930603255596,1.0,0.027421726657397394,-0.11644210827274697,0.0
1.0,0.9967120441155127,0.9884285480678248,0.05683256684077724,0.15212748715514987,0.03799582465301202,1.0,75,short_indel,cspaced_property_selected:hydrogen+gc+purine+eiip+n_fraction+entropy+length,canonical spaced + cumulative hydrogen+gc+purine+eiip+n_fraction+entropy+length,600,147,0.4112018140589569,0.9692408342128392,0.17369930603255596,1.0,0.027471209902673488,-0.11686673919177872,0.0
1.0,0.9967120441155125,0.9884285480678248,0.05683256684077724,0.15212748715514987,0.03799582465301202,1.0,75,short_indel,cspaced_property_selected:hydrogen+gc+purine+eiip+entropy+length,full CSP without N fraction,600,146,0.41401826484018267,0.9692408342128392,0.17369930603255596,1.0,0.027471209902673266,-0.11686673919177872,0.0
1.0,0.9966625608702366,0.9882670237189217,0.05725719775980899,0.1531856008911007,0.03857763264181202,1.0,75,short_indel,cspaced_property_selected:hydrogen+gc+purine+eiip+n_fraction+entropy,full CSP without length,600,146,0.4071689497716895,0.9692408342128392,0.17369930603255596,1.0,0.027421726657397394,-0.11644210827274697,0.0
1.0,0.9967120441155125,0.9884285480678248,0.05683256684077724,0.15212748715514987,0.03799582465301202,1.0,75,short_indel,cspaced_property_l2,full CSP,600,147,0.4112018140589569,0.9692408342128392,0.17369930603255596,1.0,0.027471209902673266,-0.11686673919177872,0.0
1.0,0.8786973125809677,0.8420271253476901,0.4892695447080049,0.5620905170029277,0.4018643278230693,1.0,75,local_mismatch_6bp,spaced_count_l2,"spaced, no RC",600,256,0.22583984375,0.9001631601792165,0.4433352723815259,1.0,-0.021465847598248766,0.04593427232647895,0.0
1.0,0.9001631601792165,0.8633234886125556,0.4433352723815259,0.5228316906622583,0.28592469377291185,1.0,75,local_mismatch_6bp,cspaced_count_l2,canonical spaced,600,136,0.37370710784313727,0.9001631601792165,0.4433352723815259,1.0,0.0,0.0,0.0
1.0,0.9866242205571905,0.9814191579323928,0.16220630025137484,0.19277366035156496,0.038184786784422414,1.0,75,local_mismatch_6bp,cspaced_property_selected:hydrogen,canonical spaced + hydrogen,600,138,0.38278381642512077,0.9001631601792165,0.4433352723815259,1.0,0.08646106037797396,-0.2811289721301511,0.0
1.0,0.9329411278362799,0.9066727767327686,0.3631994512837279,0.432035222987232,0.19168773227367242,1.0,75,local_mismatch_6bp,cspaced_property_selected:gc,canonical spaced + gc,600,138,0.38278381642512077,0.9001631601792165,0.4433352723815259,1.0,0.03277796765706342,-0.08013582109779804,0.0
1.0,0.933438455367153,0.9082373999882246,0.3619087665146519,0.42839841107084425,0.1912570491695641,1.0,75,local_mismatch_6bp,cspaced_property_selected:purine,canonical spaced + purine,600,138,0.38278381642512077,0.9001631601792165,0.4433352723815259,1.0,0.03327529518793648,-0.081426505866874,0.0
1.0,0.9015844614399384,0.8651389083145153,0.4401676498001218,0.5193478349479907,0.2818533831179966,1.0,75,local_mismatch_6bp,cspaced_property_selected:eiip,canonical spaced + eiip,600,138,0.38278381642512077,0.9001631601792165,0.4433352723815259,1.0,0.00142130126072193,-0.003167622581404128,0.0
1.0,0.9001631601792167,0.8633234886125557,0.4433352723815259,0.5228316906622584,0.28592469377291185,1.0,75,local_mismatch_6bp,cspaced_property_selected:n_fraction,canonical spaced + n_fraction,600,137,0.3709793187347932,0.9001631601792165,0.4433352723815259,1.0,2.220446049250313e-16,0.0,0.0
1.0,0.9408875328601314,0.9191731338063582,0.34129963479510084,0.402061745002305,0.17006165654662175,1.0,75,local_mismatch_6bp,cspaced_property_selected:entropy,canonical spaced + entropy,600,137,0.37827858880778586,0.9001631601792165,0.4433352723815259,1.0,0.04072437268091489,-0.10203563758642509,0.0
1.0,0.9124718116639708,0.880174017413747,0.4151077509763425,0.4895425669248254,0.2506737041296762,1.0,75,local_mismatch_6bp,cspaced_property_selected:length,canonical spaced + length,600,137,0.37827858880778586,0.9001631601792165,0.4433352723815259,1.0,0.012308651484754352,-0.02822752140518342,0.0
1.0,0.9866242205571905,0.9814191579323928,0.16220630025137484,0.19277366035156496,0.038184786784422414,1.0,75,local_mismatch_6bp,cspaced_property_selected:hydrogen,canonical spaced + cumulative hydrogen,600,138,0.38278381642512077,0.9001631601792165,0.4433352723815259,1.0,0.08646106037797396,-0.2811289721301511,0.0
1.0,0.9874033470327034,0.9823161802982995,0.15739287132280594,0.18806285462779895,0.03598965539956577,1.0,75,local_mismatch_6bp,cspaced_property_selected:hydrogen+gc,canonical spaced + cumulative hydrogen+gc,600,140,0.39160119047619046,0.9001631601792165,0.4433352723815259,1.0,0.08724018685348689,-0.28594240105872,0.0
1.0,0.9881187777209728,0.9834951097883684,0.1528749591418712,0.18168590044957011,0.034251244116250384,1.0,75,local_mismatch_6bp,cspaced_property_selected:hydrogen+gc+purine,canonical spaced + cumulative hydrogen+gc+purine,600,142,0.4001701877934272,0.9001631601792165,0.4433352723815259,1.0,0.08795561754175629,-0.2904603132396547,0.0
1.0,0.9881389834459882,0.9835238407855987,0.1527454643795322,0.18152769676017053,0.03419423588947796,1.0,75,local_mismatch_6bp,cspaced_property_selected:hydrogen+gc+purine+eiip,canonical spaced + cumulative hydrogen+gc+purine+eiip,600,144,0.4085011574074074,0.9001631601792165,0.4433352723815259,1.0,0.08797582326677167,-0.29058980800199374,0.0
1.0,0.9881389834459882,0.9835238407855986,0.1527454643795322,0.18152769676017053,0.03419423588947796,1.0,75,local_mismatch_6bp,cspaced_property_selected:hydrogen+gc+purine+eiip+n_fraction,canonical spaced + cumulative hydrogen+gc+purine+eiip+n_fraction,600,145,0.40568390804597704,0.9001631601792165,0.4433352723815259,1.0,0.08797582326677167,-0.29058980800199374,0.0
1.0,0.9890252116338392,0.9847834295889184,0.1469609264151784,0.1744509627286383,0.03170336948017218,1.0,75,local_mismatch_6bp,cspaced_property_selected:hydrogen+gc+purine+eiip+n_fraction+entropy,canonical spaced + cumulative hydrogen+gc+purine+eiip+n_fraction+entropy,600,146,0.4097545662100457,0.9001631601792165,0.4433352723815259,1.0,0.08886205145462267,-0.2963743459663475,0.0
1.0,0.9891911564129562,0.9850182784624392,0.14584800357846553,0.17309950259256143,0.031227131295795754,1.0,75,local_mismatch_6bp,cspaced_property_selected:hydrogen+gc+purine+eiip+n_fraction+entropy+length,canonical spaced + cumulative hydrogen+gc+purine+eiip+n_fraction+entropy+length,600,147,0.4137698412698413,0.9001631601792165,0.4433352723815259,1.0,0.08902799623373969,-0.2974872688030604,0.0
1.0,0.9891911564129562,0.9850182784624392,0.14584800357846556,0.17309950259256143,0.031227131295795765,1.0,75,local_mismatch_6bp,cspaced_property_selected:hydrogen+gc+purine+eiip+entropy+length,full CSP without N fraction,600,146,0.4166038812785388,0.9001631601792165,0.4433352723815259,1.0,0.08902799623373969,-0.29748726880306037,0.0
1.0,0.9890252116338392,0.9847834295889184,0.1469609264151784,0.1744509627286383,0.03170336948017218,1.0,75,local_mismatch_6bp,cspaced_property_selected:hydrogen+gc+purine+eiip+n_fraction+entropy,full CSP without length,600,146,0.4097545662100457,0.9001631601792165,0.4433352723815259,1.0,0.08886205145462267,-0.2963743459663475,0.0
1.0,0.9891911564129562,0.9850182784624392,0.14584800357846556,0.17309950259256143,0.031227131295795758,1.0,75,local_mismatch_6bp,cspaced_property_l2,full CSP,600,147,0.4137698412698413,0.9001631601792165,0.4433352723815259,1.0,0.08902799623373969,-0.29748726880306037,0.0
1.0,0.9718935913161795,0.9154641473075859,0.18465872239668465,0.4111831858792062,0.4527264393165025,1.0,100,substitution_1pct,spaced_count_l2,"spaced, no RC",600,256,0.29119140625,0.9781556058533102,0.16260743773923272,1.0,-0.006262014537130711,0.02205128465745193,0.0
1.0,0.9781556058533102,0.9358462443306089,0.16260743773923272,0.3582001815530363,0.3122461878587178,1.0,100,substitution_1pct,cspaced_count_l2,canonical spaced,600,136,0.460968137254902,0.9781556058533102,0.16260743773923272,1.0,0.0,0.0,0.0
1.0,0.9970605419863183,0.9912650180746783,0.05961296335879953,0.13217396641476634,0.04198111325650762,1.0,100,substitution_1pct,cspaced_property_selected:hydrogen,canonical spaced + hydrogen,600,138,0.468780193236715,0.9781556058533102,0.16260743773923272,1.0,0.018904936133008143,-0.10299447438043319,0.0
1.0,0.9852863729009065,0.956306274111887,0.133374997887823,0.29561363116550327,0.2106950006533353,1.0,100,substitution_1pct,cspaced_property_selected:gc,canonical spaced + gc,600,138,0.468780193236715,0.9781556058533102,0.16260743773923272,1.0,0.007130767047596298,-0.02923243985140972,0.0
1.0,0.9854978455642996,0.9567874166775808,0.13251473232617197,0.293981524309117,0.20855687220933816,1.0,100,substitution_1pct,cspaced_property_selected:purine,canonical spaced + purine,600,138,0.468780193236715,0.9781556058533102,0.16260743773923272,1.0,0.007342239710989462,-0.03009270541306075,0.0
1.0,0.9784669935805467,0.9367498541481135,0.1614440520924048,0.3556685776695691,0.3077991723071081,1.0,100,substitution_1pct,cspaced_property_selected:eiip,canonical spaced + eiip,600,138,0.468780193236715,0.9781556058533102,0.16260743773923272,1.0,0.00031138772723648955,-0.0011633856468279136,0.0
1.0,0.9781556058533102,0.9358462443306089,0.16260743773923272,0.3582001815530363,0.31224618785871777,1.0,100,substitution_1pct,cspaced_property_selected:n_fraction,canonical spaced + n_fraction,600,137,0.4576034063260341,0.9781556058533102,0.16260743773923272,1.0,0.0,0.0,0.0
1.0,0.9871042654591948,0.961906834717277,0.1250176090178781,0.2760187119498164,0.18537418590572738,1.0,100,substitution_1pct,cspaced_property_selected:entropy,canonical spaced + entropy,600,137,0.46490267639902677,0.9781556058533102,0.16260743773923272,1.0,0.008948659605884646,-0.037589828721354634,0.0
1.0,0.9825244846826481,0.9486769954644871,0.14544051377279563,0.3203839822021421,0.24979695028697427,1.0,100,substitution_1pct,cspaced_property_selected:length,canonical spaced + length,600,137,0.46490267639902677,0.9781556058533102,0.16260743773923272,1.0,0.004368878829337897,-0.017166923966437098,0.0
1.0,0.9970605419863183,0.9912650180746783,0.05961296335879953,0.13217396641476634,0.04198111325650762,1.0,100,substitution_1pct,cspaced_property_selected:hydrogen,canonical spaced + cumulative hydrogen,600,138,0.468780193236715,0.9781556058533102,0.16260743773923272,1.0,0.018904936133008143,-0.10299447438043319,0.0
1.0,0.9972350102474904,0.9918683680638418,0.05780803414335396,0.12752743057546034,0.03959713581505241,1.0,100,substitution_1pct,cspaced_property_selected:hydrogen+gc,canonical spaced + cumulative hydrogen+gc,600,140,0.47636904761904764,0.9781556058533102,0.16260743773923272,1.0,0.01907940439418021,-0.10479940359587876,0.0
1.0,0.9974001554991497,0.9923270673306388,0.05606666047944823,0.12387842928426676,0.037620897224108926,1.0,100,substitution_1pct,cspaced_property_selected:hydrogen+gc+purine,canonical spaced + cumulative hydrogen+gc+purine,600,142,0.4837441314553991,0.9781556058533102,0.16260743773923272,1.0,0.019244549645839548,-0.1065407772597845,0.0
1.0,0.9974046448066543,0.992338849261632,0.05601843308785197,0.12378328394686709,0.03755763813414043,1.0,100,substitution_1pct,cspaced_property_selected:hydrogen+gc+purine+eiip,canonical spaced + cumulative hydrogen+gc+purine+eiip,600,144,0.49091435185185184,0.9781556058533102,0.16260743773923272,1.0,0.019249038953344066,-0.10658900465138076,0.0
1.0,0.9974046448066543,0.992338849261632,0.05601843308785197,0.12378328394686709,0.03755763813414043,1.0,100,substitution_1pct,cspaced_property_selected:hydrogen+gc+purine+eiip+n_fraction,canonical spaced + cumulative hydrogen+gc+purine+eiip+n_fraction,600,145,0.4875287356321839,0.9781556058533102,0.16260743773923272,1.0,0.019249038953344066,-0.10658900465138076,0.0
1.0,0.9976018267136986,0.9929115539775912,0.05385979608273389,0.11906670688930328,0.034776285582576234,1.0,100,substitution_1pct,cspaced_property_selected:hydrogen+gc+purine+eiip+n_fraction+entropy,canonical spaced + cumulative hydrogen+gc+purine+eiip+n_fraction+entropy,600,146,0.49103881278538813,0.9781556058533102,0.16260743773923272,1.0,0.019446220860388386,-0.10874764165649883,0.0
1.0,0.997665963553599,0.99309132927856,0.053136290400729314,0.1175471277753213,0.033851442827786474,1.0,100,substitution_1pct,cspaced_property_selected:hydrogen+gc+purine+eiip+n_fraction+entropy+length,canonical spaced + cumulative hydrogen+gc+purine+eiip+n_fraction+entropy+length,600,147,0.49450113378684807,0.9781556058533102,0.16260743773923272,1.0,0.01951035770028886,-0.10947114733850341,0.0
1.0,0.997665963553599,0.99309132927856,0.053136290400729314,0.1175471277753213,0.033851442827786474,1.0,100,substitution_1pct,cspaced_property_selected:hydrogen+gc+purine+eiip+entropy+length,full CSP without N fraction,600,146,0.49788812785388126,0.9781556058533102,0.16260743773923272,1.0,0.01951035770028886,-0.10947114733850341,0.0
1.0,0.9976018267136986,0.9929115539775912,0.05385979608273389,0.11906670688930328,0.034776285582576234,1.0,100,substitution_1pct,cspaced_property_selected:hydrogen+gc+purine+eiip+n_fraction+entropy,full CSP without length,600,146,0.49103881278538813,0.9781556058533102,0.16260743773923272,1.0,0.019446220860388386,-0.10874764165649883,0.0
1.0,0.997665963553599,0.99309132927856,0.053136290400729314,0.1175471277753213,0.033851442827786474,1.0,100,substitution_1pct,cspaced_property_l2,full CSP,600,147,0.49450113378684807,0.9781556058533102,0.16260743773923272,1.0,0.01951035770028886,-0.10947114733850341,0.0
1.0,0.9592723519268589,0.9447120645834257,0.2833206225838349,0.33252946836004327,0.44816960461407385,1.0,100,N_3pct,spaced_count_l2,"spaced, no RC",600,256,0.277490234375,0.9678529895008552,0.25111524164954974,1.0,-0.008580637573996297,0.032205380934285155,0.0
1.0,0.9678529895008552,0.9536524828509001,0.25111524164954974,0.30445859185915786,0.3128254604997316,1.0,100,N_3pct,cspaced_count_l2,canonical spaced,600,136,0.44283088235294116,0.9678529895008552,0.25111524164954974,1.0,0.0,0.0,0.0
1.0,0.9936829060060446,0.9918550940084251,0.11197044899745502,0.12763154172579533,0.042926747051268935,1.0,100,N_3pct,cspaced_property_selected:hydrogen,canonical spaced + hydrogen,600,138,0.4509057971014493,0.9678529895008552,0.25111524164954974,1.0,0.0258299165051894,-0.13914479265209473,0.0
1.0,0.9782234921516165,0.9685020115887417,0.20674045744223532,0.25098994344245157,0.2128264400153077,1.0,100,N_3pct,cspaced_property_selected:gc,canonical spaced + gc,600,138,0.4509057971014493,0.9678529895008552,0.25111524164954974,1.0,0.010370502650761337,-0.044374784207314416,0.0
1.0,0.9784439171666164,0.9682627830920236,0.20560991961947828,0.2519413095141034,0.2104168268919121,1.0,100,N_3pct,cspaced_property_selected:purine,canonical spaced + purine,600,138,0.4509057971014493,0.9678529895008552,0.25111524164954974,1.0,0.010590927665761196,-0.04550532203007146,0.0
1.0,0.9682678990798221,0.9542625354989146,0.2494959470305519,0.3024482230173981,0.3084256386488919,1.0,100,N_3pct,cspaced_property_selected:eiip,canonical spaced + eiip,600,138,0.4509057971014493,0.9678529895008552,0.25111524164954974,1.0,0.0004149095789669488,-0.0016192946189978463,0.0
1.0,0.9674177494206098,0.9532236286884748,0.2528836301663489,0.30586392805156226,0.31268478399203087,1.0,100,N_3pct,cspaced_property_selected:n_fraction,canonical spaced + n_fraction,600,137,0.4432481751824818,0.9678529895008552,0.25111524164954974,1.0,-0.0004352400802454248,0.0017683885167991686,0.0
1.0,0.9809819177005967,0.9726334362431255,0.19342853336724455,0.23395111978737218,0.18066841943992643,1.0,100,N_3pct,cspaced_property_selected:entropy,canonical spaced + entropy,600,137,0.4468978102189781,0.9678529895008552,0.25111524164954974,1.0,0.01312892819974154,-0.05768670828230518,0.0
1.0,0.9742823916006842,0.9629219862807195,0.22460430020587183,0.2723160430923764,0.2502603683997853,1.0,100,N_3pct,cspaced_property_selected:length,canonical spaced + length,600,137,0.4468978102189781,0.9678529895008552,0.25111524164954974,1.0,0.006429402099829007,-0.02651094144367791,0.0
1.0,0.9936829060060446,0.9918550940084251,0.11197044899745502,0.12763154172579533,0.042926747051268935,1.0,100,N_3pct,cspaced_property_selected:hydrogen,canonical spaced + cumulative hydrogen,600,138,0.4509057971014493,0.9678529895008552,0.25111524164954974,1.0,0.0258299165051894,-0.13914479265209473,0.0
1.0,0.9940562841149729,0.9923073650517445,0.1086140033872391,0.12403736751487007,0.04051411739125099,1.0,100,N_3pct,cspaced_property_selected:hydrogen+gc,canonical spaced + cumulative hydrogen+gc,600,140,0.45875,0.9678529895008552,0.25111524164954974,1.0,0.026203294614117745,-0.14250123826231065,0.0
1.0,0.9944025809597277,0.9927258527280055,0.10540391686029746,0.12061630684071888,0.03847145950484442,1.0,100,N_3pct,cspaced_property_selected:hydrogen+gc+purine,canonical spaced + cumulative hydrogen+gc+purine,600,142,0.46637323943661974,0.9678529895008552,0.25111524164954974,1.0,0.02654959145887248,-0.14571132478925228,0.0
1.0,0.994407818776029,0.9927345016266979,0.10535542567032936,0.12054457965418747,0.03840575336814086,1.0,100,N_3pct,cspaced_property_selected:hydrogen+gc+purine+eiip,canonical spaced + cumulative hydrogen+gc+purine+eiip,600,144,0.47378472222222223,0.9678529895008552,0.25111524164954974,1.0,0.02655482927517383,-0.1457598159792204,0.0
1.0,0.9943532020980874,0.9926795888435533,0.10587683739140909,0.1209992607397037,0.03840363106728012,1.0,100,N_3pct,cspaced_property_selected:hydrogen+gc+purine+eiip+n_fraction,canonical spaced + cumulative hydrogen+gc+purine+eiip+n_fraction,600,145,0.4739655172413793,0.9678529895008552,0.25111524164954974,1.0,0.02650021259723223,-0.14523840425814066,0.0
1.0,0.9945650136306095,0.9930520193845588,0.10391633012091982,0.11788112161791836,0.03532774124801442,1.0,100,N_3pct,cspaced_property_selected:hydrogen+gc+purine+eiip+n_fraction+entropy,canonical spaced + cumulative hydrogen+gc+purine+eiip+n_fraction+entropy,600,146,0.47756849315068495,0.9678529895008552,0.25111524164954974,1.0,0.026712024129754264,-0.1471989115286299,0.0
1.0,0.9947103544117283,0.9932436005084698,0.10251698535563122,0.11624456315013709,0.03437836210163254,1.0,100,N_3pct,cspaced_property_selected:hydrogen+gc+purine+eiip+n_fraction+entropy+length,canonical spaced + cumulative hydrogen+gc+purine+eiip+n_fraction+entropy+length,600,147,0.48112244897959183,0.9678529895008552,0.25111524164954974,1.0,0.026857364910873094,-0.1485982562939185,0.0
1.0,0.9947588126029516,0.9932932645725476,0.10203962535000377,0.11581653851082759,0.03438004414690804,1.0,100,N_3pct,cspaced_property_selected:hydrogen+gc+purine+eiip+entropy+length,full CSP without N fraction,600,146,0.4809931506849315,0.9678529895008552,0.25111524164954974,1.0,0.026905823102096438,-0.14907561629954597,0.0
1.0,0.9945650136306095,0.9930520193845588,0.10391633012091982,0.11788112161791836,0.03532774124801442,1.0,100,N_3pct,cspaced_property_selected:hydrogen+gc+purine+eiip+n_fraction+entropy,full CSP without length,600,146,0.47756849315068495,0.9678529895008552,0.25111524164954974,1.0,0.026712024129754264,-0.1471989115286299,0.0
1.0,0.9947103544117285,0.9932436005084698,0.10251698535563122,0.11624456315013709,0.034378362101632545,1.0,100,N_3pct,cspaced_property_l2,full CSP,600,147,0.48112244897959183,0.9678529895008552,0.25111524164954974,1.0,0.026857364910873316,-0.1485982562939185,0.0
1.0,0.9817857860153311,0.9774237273859998,0.19005861053426815,0.21249128271060613,0.4649586569919968,1.0,100,trim_5bp,spaced_count_l2,"spaced, no RC",600,256,0.28490234375,0.9858378577995226,0.16731481601820575,1.0,-0.0040520717841915355,0.0227437945160624,0.0
1.0,0.9858378577995226,0.9811815066760781,0.16731481601820575,0.19400227642836915,0.32428841515526896,1.0,100,trim_5bp,cspaced_count_l2,canonical spaced,600,136,0.45256127450980393,0.9858378577995226,0.16731481601820575,1.0,0.0,0.0,0.0
1.0,0.9980927814259123,0.9973724668543015,0.061384223230258786,0.07249182753815206,0.04359656039039947,1.0,100,trim_5bp,cspaced_property_selected:hydrogen,canonical spaced + hydrogen,600,138,0.4604951690821256,0.9858378577995226,0.16731481601820575,1.0,0.012254923626389691,-0.10593059278794696,0.0
1.0,0.9904338382460974,0.9868601856732184,0.13747770264308898,0.16210988758192826,0.21873704349495562,1.0,100,trim_5bp,cspaced_property_selected:gc,canonical spaced + gc,600,138,0.4604951690821256,0.9858378577995226,0.16731481601820575,1.0,0.004595980446574832,-0.02983711337511677,0.0
1.0,0.9905537928481197,0.9873063459488547,0.13661962176431325,0.15933389444133772,0.2167199752422717,1.0,100,trim_5bp,cspaced_property_selected:purine,canonical spaced + purine,600,138,0.4604951690821256,0.9858378577995226,0.16731481601820575,1.0,0.004715935048597131,-0.0306951942538925,0.0
1.0,0.9860399017605764,0.981435363765758,0.16611643207151697,0.19268935040070148,0.3196682460645215,1.0,100,trim_5bp,cspaced_property_selected:eiip,canonical spaced + eiip,600,138,0.4604951690821256,0.9858378577995226,0.16731481601820575,1.0,0.0002020439610538327,-0.0011983839466887802,0.0
1.0,0.9858378577995226,0.9811815066760781,0.16731481601820575,0.19400227642836915,0.3242884151552689,1.0,100,trim_5bp,cspaced_property_selected:n_fraction,canonical spaced + n_fraction,600,137,0.44925790754257905,0.9858378577995226,0.16731481601820575,1.0,0.0,0.0,0.0
1.0,0.9916281022869149,0.9889684889105267,0.12873220029258797,0.14853620959065647,0.19258228538159272,1.0,100,trim_5bp,cspaced_property_selected:entropy,canonical spaced + entropy,600,137,0.4565571776155718,0.9858378577995226,0.16731481601820575,1.0,0.005790244487392293,-0.038582615725617775,0.0
1.0,0.9883541809053789,0.9845922405131322,0.15175753511340861,0.17554326117246222,0.26199778654313,1.0,100,trim_5bp,cspaced_property_selected:length,canonical spaced + length,600,137,0.4565571776155718,0.9858378577995226,0.16731481601820575,1.0,0.002516323105856255,-0.015557280904797133,0.0
1.0,0.9980927814259123,0.9973724668543015,0.061384223230258786,0.07249182753815206,0.04359656039039947,1.0,100,trim_5bp,cspaced_property_selected:hydrogen,canonical spaced + cumulative hydrogen,600,138,0.4604951690821256,0.9858378577995226,0.16731481601820575,1.0,0.012254923626389691,-0.10593059278794696,0.0
1.0,0.9982017209171761,0.9975605201575615,0.05959933196416554,0.06984935123354524,0.041109248845466045,1.0,100,trim_5bp,cspaced_property_selected:hydrogen+gc,canonical spaced + cumulative hydrogen+gc,600,140,0.4682023809523809,0.9858378577995226,0.16731481601820575,1.0,0.012363863117653473,-0.10771548405404022,0.0
1.0,0.9983031014930327,0.9976921946380903,0.05790177259152302,0.06793822276788945,0.03905426040596403,1.0,100,trim_5bp,cspaced_property_selected:hydrogen+gc+purine,canonical spaced + cumulative hydrogen+gc+purine,600,142,0.4756924882629108,0.9858378577995226,0.16731481601820575,1.0,0.012465243693510097,-0.10941304342668273,0.0
1.0,0.9983060076758549,0.9976953946082362,0.05785233587273984,0.06789110958167134,0.038988384432177337,1.0,100,trim_5bp,cspaced_property_selected:hydrogen+gc+purine+eiip,canonical spaced + cumulative hydrogen+gc+purine+eiip,600,144,0.482974537037037,0.9858378577995226,0.16731481601820575,1.0,0.012468149876332268,-0.1094624801454659,0.0
1.0,0.9983060076758549,0.9976953946082362,0.05785233587273984,0.06789110958167134,0.03898838443217733,1.0,100,trim_5bp,cspaced_property_selected:hydrogen+gc+purine+eiip+n_fraction,canonical spaced + cumulative hydrogen+gc+purine+eiip+n_fraction,600,145,0.4796436781609195,0.9858378577995226,0.16731481601820575,1.0,0.012468149876332268,-0.1094624801454659,0.0
1.0,0.998433569936719,0.9978589698912657,0.055644683260651855,0.06543744608259448,0.03610627478989779,1.0,100,trim_5bp,cspaced_property_selected:hydrogen+gc+purine+eiip+n_fraction+entropy,canonical spaced + cumulative hydrogen+gc+purine+eiip+n_fraction+entropy,600,146,0.48320776255707765,0.9858378577995226,0.16731481601820575,1.0,0.012595712137196347,-0.11167013275755389,0.0
1.0,0.9984410809917157,0.9978841274558308,0.05552548892144024,0.06505184265772244,0.03518678855829327,1.0,100,trim_5bp,cspaced_property_selected:hydrogen+gc+purine+eiip+n_fraction+entropy+length,canonical spaced + cumulative hydrogen+gc+purine+eiip+n_fraction+entropy+length,600,147,0.4867233560090703,0.9858378577995226,0.16731481601820575,1.0,0.012603223192193092,-0.1117893270967655,0.0
1.0,0.9984410809917157,0.9978841274558307,0.05552548892144024,0.06505184265772244,0.03518678855829327,1.0,100,trim_5bp,cspaced_property_selected:hydrogen+gc+purine+eiip+entropy+length,full CSP without N fraction,600,146,0.49005707762557077,0.9858378577995226,0.16731481601820575,1.0,0.012603223192193092,-0.1117893270967655,0.0
1.0,0.998433569936719,0.9978589698912657,0.055644683260651855,0.06543744608259448,0.03610627478989779,1.0,100,trim_5bp,cspaced_property_selected:hydrogen+gc+purine+eiip+n_fraction+entropy,full CSP without length,600,146,0.48320776255707765,0.9858378577995226,0.16731481601820575,1.0,0.012595712137196347,-0.11167013275755389,0.0
1.0,0.9984410809917157,0.9978841274558308,0.05552548892144024,0.06505184265772244,0.035186788558293276,1.0,100,trim_5bp,cspaced_property_l2,full CSP,600,147,0.4867233560090703,0.9858378577995226,0.16731481601820575,1.0,0.012603223192193092,-0.1117893270967655,0.0
1.0,0.9346901596842563,0.8830209248929837,0.35364973870736965,0.4836920821543684,0.4248003966278669,1.0,100,substitution_1pct_N_3pct,spaced_count_l2,"spaced, no RC",600,256,0.277607421875,0.9482822701162235,0.31421027875285035,1.0,-0.013592110431967175,0.03943945995451931,0.0
1.0,0.9482822701162235,0.9104280772150438,0.31421027875285035,0.4232537038761099,0.29386083605001967,1.0,100,substitution_1pct_N_3pct,cspaced_count_l2,canonical spaced,600,136,0.44316176470588237,0.9482822701162235,0.31421027875285035,1.0,0.0,0.0,0.0
1.0,0.9910008484118168,0.9856281565785803,0.13230560885140236,0.16953962836077802,0.04025719692395949,1.0,100,substitution_1pct_N_3pct,cspaced_property_selected:hydrogen,canonical spaced + hydrogen,600,138,0.451231884057971,0.9482822701162235,0.31421027875285035,1.0,0.042718578295593335,-0.181904669901448,0.0
1.0,0.9649297605130244,0.9378800189967582,0.2586862607975116,0.35247689500322854,0.19948842947657727,1.0,100,substitution_1pct_N_3pct,cspaced_property_selected:gc,canonical spaced + gc,600,138,0.451231884057971,0.9482822701162235,0.31421027875285035,1.0,0.016647490396800912,-0.055524017955338734,0.0
1.0,0.9653717467208341,0.9387649164292783,0.2571251626079126,0.3499573782920835,0.1974828701447633,1.0,100,substitution_1pct_N_3pct,cspaced_property_selected:purine,canonical spaced + purine,600,138,0.451231884057971,0.9482822701162235,0.31421027875285035,1.0,0.017089476604610687,-0.05708511614493772,0.0
1.0,0.9489725714789271,0.9117039871042237,0.3121174895530097,0.42022836466069596,0.28973459178546773,1.0,100,substitution_1pct_N_3pct,cspaced_property_selected:eiip,canonical spaced + eiip,600,138,0.451231884057971,0.9482822701162235,0.31421027875285035,1.0,0.0006903013627036492,-0.002092789199840628,0.0
1.0,0.9478558309195504,0.9100186609155815,0.3156366236335843,0.4242199090629851,0.29372868786713363,1.0,100,substitution_1pct_N_3pct,cspaced_property_selected:n_fraction,canonical spaced + n_fraction,600,137,0.44357664233576644,0.9482822701162235,0.31421027875285035,1.0,-0.0004264391966730674,0.001426344880733954,0.0
1.0,0.9697319420811232,0.9483606268564461,0.24075100257166118,0.3213695450470845,0.16960581113315884,1.0,100,substitution_1pct_N_3pct,cspaced_property_selected:entropy,canonical spaced + entropy,600,137,0.4472262773722628,0.9482822701162235,0.31421027875285035,1.0,0.021449671964899775,-0.07345927618118916,0.0
1.0,0.9586258160929789,0.9283424617720353,0.2810382170082124,0.3785696214382191,0.23508866884001578,1.0,100,substitution_1pct_N_3pct,cspaced_property_selected:length,canonical spaced + length,600,137,0.4472262773722628,0.9482822701162235,0.31421027875285035,1.0,0.010343545976755464,-0.03317206174463794,0.0
1.0,0.9910008484118168,0.9856281565785803,0.13230560885140236,0.16953962836077802,0.04025719692395949,1.0,100,substitution_1pct_N_3pct,cspaced_property_selected:hydrogen,canonical spaced + cumulative hydrogen,600,138,0.451231884057971,0.9482822701162235,0.31421027875285035,1.0,0.042718578295593335,-0.181904669901448,0.0
1.0,0.9915310615820985,0.9864483415019022,0.12834248392718717,0.16463084905137185,0.03798604287084654,1.0,100,substitution_1pct_N_3pct,cspaced_property_selected:hydrogen+gc,canonical spaced + cumulative hydrogen+gc,600,140,0.4590714285714286,0.9482822701162235,0.31421027875285035,1.0,0.043248791465875014,-0.18586779482566318,0.0
1.0,0.992027816491381,0.987253715968378,0.1245327414554735,0.15966392104920302,0.03610221839521783,1.0,100,substitution_1pct_N_3pct,cspaced_property_selected:hydrogen+gc+purine,canonical spaced + cumulative hydrogen+gc+purine,600,142,0.46669014084507043,0.9482822701162235,0.31421027875285035,1.0,0.043745546375157596,-0.18967753729737685,0.0
1.0,0.9920371572885983,0.98727235710561,0.12446187673154324,0.15954712538771984,0.03604102402566475,1.0,100,substitution_1pct_N_3pct,cspaced_property_selected:hydrogen+gc+purine+eiip,canonical spaced + cumulative hydrogen+gc+purine+eiip,600,144,0.4740972222222222,0.9482822701162235,0.31421027875285035,1.0,0.04375488717237486,-0.1897484020213071,0.0
1.0,0.9919826880560584,0.9872125446495251,0.1249103002594052,0.15992157653164904,0.03603903376554136,1.0,100,substitution_1pct_N_3pct,cspaced_property_selected:hydrogen+gc+purine+eiip+n_fraction,canonical spaced + cumulative hydrogen+gc+purine+eiip+n_fraction,600,145,0.4742758620689655,0.9482822701162235,0.31421027875285035,1.0,0.043700417939834924,-0.18929997849344515,0.0
1.0,0.9923878663802587,0.9880300125747024,0.1218339180062811,0.1547254535460917,0.03317747769358726,1.0,100,substitution_1pct_N_3pct,cspaced_property_selected:hydrogen+gc+purine+eiip+n_fraction+entropy,canonical spaced + cumulative hydrogen+gc+purine+eiip+n_fraction+entropy,600,146,0.4778767123287671,0.9482822701162235,0.31421027875285035,1.0,0.04410559626403521,-0.19237636074656925,0.0
1.0,0.9925920164945,0.9883310379734579,0.12019048015763331,0.15276751207870262,0.032287258037549844,1.0,100,substitution_1pct_N_3pct,cspaced_property_selected:hydrogen+gc+purine+eiip+n_fraction+entropy+length,canonical spaced + cumulative hydrogen+gc+purine+eiip+n_fraction+entropy+length,600,147,0.48142857142857143,0.9482822701162235,0.31421027875285035,1.0,0.04430974637827656,-0.19401979859521704,0.0
1.0,0.9926403556193714,0.9883765179972558,0.1197776022069042,0.15246951195205768,0.032288836740761856,1.0,100,substitution_1pct_N_3pct,cspaced_property_selected:hydrogen+gc+purine+eiip+entropy+length,full CSP without N fraction,600,146,0.4813013698630137,0.9482822701162235,0.31421027875285035,1.0,0.044358085503147904,-0.19443267654594615,0.0
1.0,0.9923878663802587,0.9880300125747024,0.1218339180062811,0.1547254535460917,0.03317747769358726,1.0,100,substitution_1pct_N_3pct,cspaced_property_selected:hydrogen+gc+purine+eiip+n_fraction+entropy,full CSP without length,600,146,0.4778767123287671,0.9482822701162235,0.31421027875285035,1.0,0.04410559626403521,-0.19237636074656925,0.0
1.0,0.9925920164945,0.9883310379734579,0.12019048015763331,0.15276751207870265,0.032287258037549844,1.0,100,substitution_1pct_N_3pct,cspaced_property_l2,full CSP,600,147,0.48142857142857143,0.9482822701162235,0.31421027875285035,1.0,0.04430974637827656,-0.19401979859521704,0.0
1.0,0.966548391979588,0.9041819520443295,0.19649349475163155,0.4377619092806465,0.44651214857351346,1.0,100,short_indel,spaced_count_l2,"spaced, no RC",600,256,0.291162109375,0.9736773927027713,0.17394639304021278,1.0,-0.007129000723183343,0.02254710171141877,0.0
1.0,0.9736773927027713,0.921223716907928,0.17394639304021278,0.3969289139996089,0.3082514693152974,1.0,100,short_indel,cspaced_count_l2,canonical spaced,600,136,0.4612377450980392,0.9736773927027713,0.17394639304021278,1.0,0.0,0.0,0.0
1.0,0.9964891973266272,0.9900632402276064,0.06357919289575624,0.1409734620611875,0.04148125495734142,1.0,100,short_indel,cspaced_property_selected:hydrogen,canonical spaced + hydrogen,600,138,0.46904589371980676,0.9736773927027713,0.17394639304021278,1.0,0.022811804623855902,-0.11036720014445654,0.0
1.0,0.9824401464096449,0.9503156778712825,0.14219244874414802,0.31522790335563694,0.20818468758931596,1.0,100,short_indel,cspaced_property_selected:gc,canonical spaced + gc,600,138,0.46904589371980676,0.9736773927027713,0.17394639304021278,1.0,0.008762753706873627,-0.03175394429606476,0.0
1.0,0.9825189151085334,0.9491868212516238,0.1417312031652602,0.31878875214580454,0.20612780240685466,1.0,100,short_indel,cspaced_property_selected:purine,canonical spaced + purine,600,138,0.46904589371980676,0.9736773927027713,0.17394639304021278,1.0,0.008841522405762081,-0.03221518987495259,0.0
1.0,0.9740513162889368,0.9223615837838977,0.17270443987349174,0.39405181017220897,0.3038525942257545,1.0,100,short_indel,cspaced_property_selected:eiip,canonical spaced + eiip,600,138,0.46904589371980676,0.9736773927027713,0.17394639304021278,1.0,0.00037392358616550325,-0.0012419531667210437,0.0
1.0,0.9736773927027714,0.921223716907928,0.17394639304021278,0.39692891399960895,0.3082514693152974,1.0,100,short_indel,cspaced_property_selected:n_fraction,canonical spaced + n_fraction,600,137,0.45787104622871044,0.9736773927027713,0.17394639304021278,1.0,1.1102230246251565e-16,0.0,0.0
1.0,0.9844459890572931,0.9540203686332223,0.13380091584452708,0.30324612261156436,0.18308169153505333,1.0,100,short_indel,cspaced_property_selected:entropy,canonical spaced + entropy,600,137,0.4651703163017032,0.9736773927027713,0.17394639304021278,1.0,0.010768596354521764,-0.0401454771956857,0.0
1.0,0.9789316706275406,0.9370007152411834,0.15561889589447542,0.3549627189061939,0.24660897235900933,1.0,100,short_indel,cspaced_property_selected:length,canonical spaced + length,600,137,0.4651703163017032,0.9736773927027713,0.17394639304021278,1.0,0.0052542779247692906,-0.018327497145737365,0.0
1.0,0.9964891973266272,0.9900632402276064,0.06357919289575624,0.1409734620611875,0.04148125495734142,1.0,100,short_indel,cspaced_property_selected:hydrogen,canonical spaced + cumulative hydrogen,600,138,0.46904589371980676,0.9736773927027713,0.17394639304021278,1.0,0.022811804623855902,-0.11036720014445654,0.0
1.0,0.9967039316828565,0.9906358399257613,0.06160506999474087,0.13685145142765498,0.039130776536736724,1.0,100,short_indel,cspaced_property_selected:hydrogen+gc,canonical spaced + cumulative hydrogen+gc,600,140,0.4766309523809524,0.9736773927027713,0.17394639304021278,1.0,0.02302653898008522,-0.11234132304547191,0.0
1.0,0.9969014987375737,0.9911916743665827,0.059732369535947405,0.1327277317321845,0.03718948501243772,1.0,100,short_indel,cspaced_property_selected:hydrogen+gc+purine,canonical spaced + cumulative hydrogen+gc+purine,600,142,0.4840023474178404,0.9736773927027713,0.17394639304021278,1.0,0.023224106034802405,-0.11421402350426538,0.0
1.0,0.996906807481262,0.9912075764212368,0.05968115792130121,0.13260786807797365,0.037126751140164164,1.0,100,short_indel,cspaced_property_selected:hydrogen+gc+purine+eiip,canonical spaced + cumulative hydrogen+gc+purine+eiip,600,144,0.49116898148148147,0.9736773927027713,0.17394639304021278,1.0,0.02322941477849072,-0.11426523511891157,0.0
1.0,0.996906807481262,0.9912075764212368,0.05968115792130121,0.13260786807797365,0.037126751140164164,1.0,100,short_indel,cspaced_property_selected:hydrogen+gc+purine+eiip+n_fraction,canonical spaced + cumulative hydrogen+gc+purine+eiip+n_fraction,600,145,0.4877816091954023,0.9736773927027713,0.17394639304021278,1.0,0.02322941477849072,-0.11426523511891157,0.0
1.0,0.9971405239855824,0.9919216341390183,0.05738938140563188,0.12710913311506386,0.03438505913001865,1.0,100,short_indel,cspaced_property_selected:hydrogen+gc+purine+eiip+n_fraction+entropy,canonical spaced + cumulative hydrogen+gc+purine+eiip+n_fraction+entropy,600,146,0.49128995433789957,0.9736773927027713,0.17394639304021278,1.0,0.02346313128281108,-0.1165570116345809,0.0
1.0,0.9972152215230438,0.9921330149672728,0.056635495876969914,0.12543512053930786,0.03346943478836225,1.0,100,short_indel,cspaced_property_selected:hydrogen+gc+purine+eiip+n_fraction+entropy+length,canonical spaced + cumulative hydrogen+gc+purine+eiip+n_fraction+entropy+length,600,147,0.49475056689342406,0.9736773927027713,0.17394639304021278,1.0,0.023537828820272444,-0.11731089716324286,0.0
1.0,0.9972152215230438,0.9921330149672728,0.056635495876969914,0.12543512053930786,0.03346943478836225,1.0,100,short_indel,cspaced_property_selected:hydrogen+gc+purine+eiip+entropy+length,full CSP without N fraction,600,146,0.4981392694063927,0.9736773927027713,0.17394639304021278,1.0,0.023537828820272444,-0.11731089716324286,0.0
1.0,0.9971405239855824,0.9919216341390183,0.05738938140563188,0.12710913311506386,0.03438505913001865,1.0,100,short_indel,cspaced_property_selected:hydrogen+gc+purine+eiip+n_fraction+entropy,full CSP without length,600,146,0.49128995433789957,0.9736773927027713,0.17394639304021278,1.0,0.02346313128281108,-0.1165570116345809,0.0
1.0,0.9972152215230438,0.9921330149672728,0.056635495876969914,0.12543512053930786,0.03346943478836225,1.0,100,short_indel,cspaced_property_l2,full CSP,600,147,0.49475056689342406,0.9736773927027713,0.17394639304021278,1.0,0.023537828820272444,-0.11731089716324286,0.0
1.0,0.9169957742971159,0.8929887235236542,0.4051235915596334,0.4626257046351912,0.40262983735113667,1.0,100,local_mismatch_6bp,spaced_count_l2,"spaced, no RC",600,256,0.29203125,0.9342063210191104,0.3600979073140896,1.0,-0.017210546721994513,0.04502568424554382,0.0
1.0,0.9342063210191104,0.9108169974156025,0.3600979073140896,0.4223338877165235,0.2740449578733315,1.0,100,local_mismatch_6bp,cspaced_count_l2,canonical spaced,600,136,0.46331495098039216,0.9342063210191104,0.3600979073140896,1.0,0.0,0.0,0.0
1.0,0.9911400196080359,0.9877781978882383,0.1320822607199027,0.15634450492428711,0.036839513973842684,1.0,100,local_mismatch_6bp,cspaced_property_selected:hydrogen,canonical spaced + hydrogen,600,138,0.47109299516908215,0.9342063210191104,0.3600979073140896,1.0,0.056933698588925497,-0.22801564659418688,0.0
1.0,0.9555861297361472,0.9388580674703499,0.2957351324254462,0.34969109611206056,0.18483859990913437,1.0,100,local_mismatch_6bp,cspaced_property_selected:gc,canonical spaced + gc,600,138,0.47109299516908215,0.9342063210191104,0.3600979073140896,1.0,0.02137980871703682,-0.06436277488864339,0.0
1.0,0.9561451023688763,0.9404672033626102,0.29393464523614354,0.345058810452944,0.18320587981046488,1.0,100,local_mismatch_6bp,cspaced_property_selected:purine,canonical spaced + purine,600,138,0.47109299516908215,0.9342063210191104,0.3600979073140896,1.0,0.0219387813497659,-0.06616326207794604,0.0
1.0,0.9351463102533029,0.9120333832753218,0.35751602415174266,0.4194438769772041,0.27013668174644134,1.0,100,local_mismatch_6bp,cspaced_property_selected:eiip,canonical spaced + eiip,600,138,0.47109299516908215,0.9342063210191104,0.3600979073140896,1.0,0.0009399892341924732,-0.0025818831623469207,0.0
1.0,0.9342063210191104,0.9108169974156025,0.3600979073140896,0.4223338877165235,0.2740449578733315,1.0,100,local_mismatch_6bp,cspaced_property_selected:n_fraction,canonical spaced + n_fraction,600,137,0.4599330900243309,0.9342063210191104,0.3600979073140896,1.0,0.0,0.0,0.0
1.0,0.9611669368275761,0.9477490529922799,0.2768242355205051,0.3232675267621421,0.16236436816192182,1.0,100,local_mismatch_6bp,cspaced_property_selected:entropy,canonical spaced + entropy,600,137,0.4672323600973236,0.9342063210191104,0.3600979073140896,1.0,0.02696061580846576,-0.08327367179358447,0.0
1.0,0.9473650568152882,0.9286535979324824,0.32208135972388924,0.37774691285436396,0.21923596629866518,1.0,100,local_mismatch_6bp,cspaced_property_selected:length,canonical spaced + length,600,137,0.4672323600973236,0.9342063210191104,0.3600979073140896,1.0,0.013158735796177767,-0.038016547590200345,0.0
1.0,0.9911400196080359,0.9877781978882383,0.1320822607199027,0.15634450492428711,0.036839513973842684,1.0,100,local_mismatch_6bp,cspaced_property_selected:hydrogen,canonical spaced + cumulative hydrogen,600,138,0.47109299516908215,0.9342063210191104,0.3600979073140896,1.0,0.056933698588925497,-0.22801564659418688,0.0
1.0,0.9916517067440145,0.9884292315227425,0.12819951012759753,0.15212342653771477,0.03473214372608498,1.0,100,local_mismatch_6bp,cspaced_property_selected:hydrogen+gc,canonical spaced + cumulative hydrogen+gc,600,140,0.4786488095238095,0.9342063210191104,0.3600979073140896,1.0,0.0574453857249041,-0.23189839718649205,0.0
1.0,0.9921333081893056,0.9891092220326366,0.12446223559410319,0.14758575085100245,0.03302056712575254,1.0,100,local_mismatch_6bp,cspaced_property_selected:hydrogen+gc+purine,canonical spaced + cumulative hydrogen+gc+purine,600,142,0.48599178403755866,0.9342063210191104,0.3600979073140896,1.0,0.05792698717019518,-0.2356356717199864,0.0
1.0,0.9921468435306432,0.9891270571444635,0.12435556849613186,0.1474648552650193,0.0329650441811212,1.0,100,local_mismatch_6bp,cspaced_property_selected:hydrogen+gc+purine+eiip,canonical spaced + cumulative hydrogen+gc+purine+eiip,600,144,0.49313078703703705,0.9342063210191104,0.3600979073140896,1.0,0.05794052251153281,-0.23574233881795773,0.0
1.0,0.9921468435306432,0.9891270571444635,0.12435556849613186,0.1474648552650193,0.03296504418112121,1.0,100,local_mismatch_6bp,cspaced_property_selected:hydrogen+gc+purine+eiip+n_fraction,canonical spaced + cumulative hydrogen+gc+purine+eiip+n_fraction,600,145,0.4897298850574713,0.9342063210191104,0.3600979073140896,1.0,0.05794052251153281,-0.23574233881795773,0.0
1.0,0.9927412882038507,0.9899798456647673,0.11958553581057492,0.14156379696844998,0.030509230892035964,1.0,100,local_mismatch_6bp,cspaced_property_selected:hydrogen+gc+purine+eiip+n_fraction+entropy,canonical spaced + cumulative hydrogen+gc+purine+eiip+n_fraction+entropy,600,146,0.4932248858447489,0.9342063210191104,0.3600979073140896,1.0,0.05853496718474027,-0.24051237150351468,0.0
1.0,0.9929350224223811,0.9902525245107644,0.11798219660659247,0.13962432086075063,0.029697780425876712,1.0,100,local_mismatch_6bp,cspaced_property_selected:hydrogen+gc+purine+eiip+n_fraction+entropy+length,canonical spaced + cumulative hydrogen+gc+purine+eiip+n_fraction+entropy+length,600,147,0.496672335600907,0.9342063210191104,0.3600979073140896,1.0,0.05872870140327069,-0.2421157107074971,0.0
1.0,0.9929350224223811,0.9902525245107644,0.11798219660659247,0.13962432086075063,0.029697780425876712,1.0,100,local_mismatch_6bp,cspaced_property_selected:hydrogen+gc+purine+eiip+entropy+length,full CSP without N fraction,600,146,0.5000742009132421,0.9342063210191104,0.3600979073140896,1.0,0.05872870140327069,-0.2421157107074971,0.0
1.0,0.9927412882038507,0.9899798456647673,0.11958553581057492,0.14156379696844998,0.030509230892035964,1.0,100,local_mismatch_6bp,cspaced_property_selected:hydrogen+gc+purine+eiip+n_fraction+entropy,full CSP without length,600,146,0.4932248858447489,0.9342063210191104,0.3600979073140896,1.0,0.05853496718474027,-0.24051237150351468,0.0
1.0,0.9929350224223811,0.9902525245107644,0.11798219660659247,0.13962432086075063,0.029697780425876712,1.0,100,local_mismatch_6bp,cspaced_property_l2,full CSP,600,147,0.496672335600907,0.9342063210191104,0.3600979073140896,1.0,0.05872870140327069,-0.2421157107074971,0.0
1.0,0.9776308131728961,0.9434639756505372,0.1813634966863761,0.3362612565067991,0.395699306598716,1.0,150,substitution_1pct,spaced_count_l2,"spaced, no RC",600,256,0.4025390625,0.9833924320478338,0.1556888058124141,1.0,-0.005761618874937646,0.025674690873962014,0.0
1.0,0.9833924320478338,0.9562111457825744,0.1556888058124141,0.2959352725846911,0.2569483261127706,1.0,150,substitution_1pct,cspaced_count_l2,canonical spaced,600,136,0.5981740196078431,0.9833924320478338,0.1556888058124141,1.0,0.0,0.0,0.0
1.0,0.9977594117616974,0.994114805636575,0.05712122585519135,0.1084913365152086,0.03463246512253115,1.0,150,substitution_1pct,cspaced_property_selected:hydrogen,canonical spaced + hydrogen,600,138,0.6039975845410628,0.9833924320478338,0.1556888058124141,1.0,0.014366979713863581,-0.09856757995722273,0.0
1.0,0.9887876100517347,0.9705296856484641,0.12778165213330725,0.24277676865315595,0.17369834250410007,1.0,150,substitution_1pct,cspaced_property_selected:gc,canonical spaced + gc,600,138,0.6039975845410628,0.9833924320478338,0.1556888058124141,1.0,0.00539517800390088,-0.027907153679106844,0.0
1.0,0.9889139568190687,0.9705355371442907,0.12721329884831542,0.24275279943718497,0.1723593566166022,1.0,150,substitution_1pct,cspaced_property_selected:purine,canonical spaced + purine,600,138,0.6039975845410628,0.9833924320478338,0.1556888058124141,1.0,0.005521524771234909,-0.028475506964098674,0.0
1.0,0.9836302201832965,0.9568319866158689,0.1545701588053494,0.2938298945638843,0.25326920314160334,1.0,150,substitution_1pct,cspaced_property_selected:eiip,canonical spaced + eiip,600,138,0.6039975845410628,0.9833924320478338,0.1556888058124141,1.0,0.00023778813546271316,-0.0011186470070646826,0.0
1.0,0.9833924320478339,0.9562111457825739,0.1556888058124141,0.29593527258469104,0.2569483261127705,1.0,150,substitution_1pct,cspaced_property_selected:n_fraction,canonical spaced + n_fraction,600,137,0.5938077858880778,0.9833924320478338,0.1556888058124141,1.0,1.1102230246251565e-16,0.0,0.0
1.0,0.990233593543462,0.9740663654498625,0.11944517908012373,0.22774384325582459,0.15170505627821884,1.0,150,substitution_1pct,cspaced_property_selected:entropy,canonical spaced + entropy,600,137,0.6011070559610706,0.9833924320478338,0.1556888058124141,1.0,0.00684116149562819,-0.03624362673229037,0.0
1.0,0.9893711565106139,0.9719751333008477,0.12455104464993128,0.2367482180677529,0.16444692871217315,1.0,150,substitution_1pct,cspaced_property_selected:length,canonical spaced + length,600,137,0.6011070559610706,0.9833924320478338,0.1556888058124141,1.0,0.005978724462780138,-0.03113776116248282,0.0
1.0,0.9977594117616974,0.994114805636575,0.05712122585519135,0.1084913365152086,0.03463246512253115,1.0,150,substitution_1pct,cspaced_property_selected:hydrogen,canonical spaced + cumulative hydrogen,600,138,0.6039975845410628,0.9833924320478338,0.1556888058124141,1.0,0.014366979713863581,-0.09856757995722273,0.0
1.0,0.9978925640375002,0.994447052234204,0.055385838152026766,0.10538449203871081,0.03264770234815599,1.0,150,substitution_1pct,cspaced_property_selected:hydrogen+gc,canonical spaced + cumulative hydrogen+gc,600,140,0.6096547619047619,0.9833924320478338,0.1556888058124141,1.0,0.014500131989666376,-0.10030296766038732,0.0
1.0,0.9980165459649036,0.9948469498249486,0.05374518505468991,0.10151867082653906,0.030993005561785955,1.0,150,substitution_1pct,cspaced_property_selected:hydrogen+gc+purine,canonical spaced + cumulative hydrogen+gc+purine,600,142,0.6151525821596244,0.9833924320478338,0.1556888058124141,1.0,0.014624113917069859,-0.10194362075772417,0.0
1.0,0.9980200027667135,0.9948559579178278,0.05369858124443598,0.10142989505565152,0.030940155788429506,1.0,150,substitution_1pct,cspaced_property_selected:hydrogen+gc+purine+eiip,canonical spaced + cumulative hydrogen+gc+purine+eiip,600,144,0.6204976851851852,0.9833924320478338,0.1556888058124141,1.0,0.014627570718879768,-0.10199022456797811,0.0
1.0,0.9980200027667135,0.9948559579178278,0.05369858124443598,0.10142989505565152,0.0309401557884295,1.0,150,substitution_1pct,cspaced_property_selected:hydrogen+gc+purine+eiip+n_fraction,canonical spaced + cumulative hydrogen+gc+purine+eiip+n_fraction,600,145,0.6162183908045977,0.9833924320478338,0.1556888058124141,1.0,0.014627570718879768,-0.10199022456797811,0.0
1.0,0.9981726560194375,0.9952554880430929,0.05159889263480068,0.09741125121574613,0.028597018607413312,1.0,150,substitution_1pct,cspaced_property_selected:hydrogen+gc+purine+eiip+n_fraction+entropy,canonical spaced + cumulative hydrogen+gc+purine+eiip+n_fraction+entropy,600,146,0.6188470319634704,0.9833924320478338,0.1556888058124141,1.0,0.014780223971603723,-0.10408991317761342,0.0
1.0,0.9982793282250202,0.9955272903465906,0.05007492488637384,0.09457981205006641,0.026936314176053636,1.0,150,substitution_1pct,cspaced_property_selected:hydrogen+gc+purine+eiip+n_fraction+entropy+length,canonical spaced + cumulative hydrogen+gc+purine+eiip+n_fraction+entropy+length,600,147,0.6214399092970522,0.9833924320478338,0.1556888058124141,1.0,0.014886896177186415,-0.10561388092604025,0.0
1.0,0.9982793282250202,0.9955272903465908,0.05007492488637384,0.09457981205006641,0.02693631417605364,1.0,150,substitution_1pct,cspaced_property_selected:hydrogen+gc+purine+eiip+entropy+length,full CSP without N fraction,600,146,0.6256963470319634,0.9833924320478338,0.1556888058124141,1.0,0.014886896177186415,-0.10561388092604025,0.0
1.0,0.9981726560194375,0.9952554880430929,0.05159889263480068,0.09741125121574613,0.028597018607413312,1.0,150,substitution_1pct,cspaced_property_selected:hydrogen+gc+purine+eiip+n_fraction+entropy,full CSP without length,600,146,0.6188470319634704,0.9833924320478338,0.1556888058124141,1.0,0.014780223971603723,-0.10408991317761342,0.0
1.0,0.9982793282250202,0.9955272903465908,0.05007492488637384,0.09457981205006641,0.026936314176053636,1.0,150,substitution_1pct,cspaced_property_l2,full CSP,600,147,0.6214399092970522,0.9833924320478338,0.1556888058124141,1.0,0.014886896177186415,-0.10561388092604025,0.0
1.0,0.968893324931372,0.9589823527035959,0.2480836618992899,0.28641803241376257,0.3967536912863482,1.0,150,N_3pct,spaced_count_l2,"spaced, no RC",600,256,0.3867057291666667,0.9769566655154248,0.21317082422505354,1.0,-0.00806334058405278,0.03491283767423636,0.0
1.0,0.9769566655154248,0.9676022937128553,0.21317082422505354,0.2545493478363313,0.26038651467993956,1.0,150,N_3pct,cspaced_count_l2,canonical spaced,600,136,0.5797732843137255,0.9769566655154248,0.21317082422505354,1.0,0.0,0.0,0.0
1.0,0.9952984998376349,0.9940876412255737,0.09670015258610787,0.10874145384327633,0.03566310704416909,1.0,150,N_3pct,cspaced_property_selected:hydrogen,canonical spaced + hydrogen,600,138,0.5858635265700483,0.9769566655154248,0.21317082422505354,1.0,0.018341834322210038,-0.11647067163894567,0.0
1.0,0.984354942627784,0.9777283235510257,0.17560930119875015,0.21105296226923542,0.17691919341433116,1.0,150,N_3pct,cspaced_property_selected:gc,canonical spaced + gc,600,138,0.5858635265700483,0.9769566655154248,0.21317082422505354,1.0,0.007398277112359186,-0.03756152302630339,0.0
1.0,0.9845179723580109,0.9782191775436955,0.17474568536938687,0.20871426616208225,0.17563409582683326,1.0,150,N_3pct,cspaced_property_selected:purine,canonical spaced + purine,600,138,0.5858635265700483,0.9769566655154248,0.21317082422505354,1.0,0.007561306842586046,-0.038425138855666674,0.0
1.0,0.9772519537601079,0.9680374935119997,0.2118051598873211,0.25283385420849847,0.25670775205009433,1.0,150,N_3pct,cspaced_property_selected:eiip,canonical spaced + eiip,600,138,0.5858635265700483,0.9769566655154248,0.21317082422505354,1.0,0.00029528824468305626,-0.0013656643377324418,0.0
1.0,0.9766094882956793,0.9672584407191566,0.2148183043565395,0.2558966137748413,0.2602939821558095,1.0,150,N_3pct,cspaced_property_selected:n_fraction,canonical spaced + n_fraction,600,137,0.57919099756691,0.9769566655154248,0.21317082422505354,1.0,-0.0003471772197455314,0.0016474801314859677,0.0
1.0,0.9863293135472602,0.9812233931940896,0.16437129801063555,0.193786265351416,0.14986911403316389,1.0,150,N_3pct,cspaced_property_selected:entropy,canonical spaced + entropy,600,137,0.5828406326034064,0.9769566655154248,0.21317082422505354,1.0,0.009372648031835351,-0.04879952621441799,0.0
1.0,0.985252265929872,0.9792654679762274,0.17053665938004287,0.20363947826906503,0.16664736939516134,1.0,150,N_3pct,cspaced_property_selected:length,canonical spaced + length,600,137,0.5828406326034064,0.9769566655154248,0.21317082422505354,1.0,0.008295600414447213,-0.042634164845010675,0.0
1.0,0.9952984998376349,0.9940876412255737,0.09670015258610787,0.10874145384327633,0.03566310704416909,1.0,150,N_3pct,cspaced_property_selected:hydrogen,canonical spaced + cumulative hydrogen,600,138,0.5858635265700483,0.9769566655154248,0.21317082422505354,1.0,0.018341834322210038,-0.11647067163894567,0.0
1.0,0.9955761708174998,0.9943855090114669,0.09379999659558755,0.10596689091214052,0.03363443635804898,1.0,150,N_3pct,cspaced_property_selected:hydrogen+gc,canonical spaced + cumulative hydrogen+gc,600,140,0.5917797619047619,0.9769566655154248,0.21317082422505354,1.0,0.018619505302075012,-0.11937082762946599,0.0
1.0,0.9958324277077952,0.9947564762394946,0.09104670735293371,0.10240623178649742,0.03192229899651733,1.0,150,N_3pct,cspaced_property_selected:hydrogen+gc+purine,canonical spaced + cumulative hydrogen+gc+purine,600,142,0.5975293427230047,0.9769566655154248,0.21317082422505354,1.0,0.018875762192370416,-0.12212411687211983,0.0
1.0,0.9958360426989403,0.9947626113187737,0.09100777618773669,0.10234630332407793,0.031867719678783914,1.0,150,N_3pct,cspaced_property_selected:hydrogen+gc+purine+eiip,canonical spaced + cumulative hydrogen+gc+purine+eiip,600,144,0.603119212962963,0.9769566655154248,0.21317082422505354,1.0,0.01887937718351551,-0.12216304803731685,0.0
1.0,0.9957928980020571,0.9947158961670569,0.09148309733359045,0.10280173859028975,0.031866330727490184,1.0,150,N_3pct,cspaced_property_selected:hydrogen+gc+purine+eiip+n_fraction,canonical spaced + cumulative hydrogen+gc+purine+eiip+n_fraction,600,145,0.6024080459770115,0.9769566655154248,0.21317082422505354,1.0,0.018836232486632243,-0.1216877268914631,0.0
1.0,0.9959317118232557,0.9949526881376783,0.08999110138318327,0.10047199071023588,0.029303729453841517,1.0,150,N_3pct,cspaced_property_selected:hydrogen+gc+purine+eiip+n_fraction+entropy,canonical spaced + cumulative hydrogen+gc+purine+eiip+n_fraction+entropy,600,146,0.6051312785388128,0.9769566655154248,0.21317082422505354,1.0,0.018975046307830867,-0.12317972284187027,0.0
1.0,0.9961686592363136,0.9952674284236063,0.08733144325144779,0.09728892708089922,0.027589035603403235,1.0,150,N_3pct,cspaced_property_selected:hydrogen+gc+purine+eiip+n_fraction+entropy+length,canonical spaced + cumulative hydrogen+gc+purine+eiip+n_fraction+entropy+length,600,147,0.6078174603174603,0.9769566655154248,0.21317082422505354,1.0,0.019211993720888776,-0.12583938097360575,0.0
1.0,0.9962056854475353,0.9953070701386793,0.08690434909971746,0.09688060142903415,0.027590065221887724,1.0,150,N_3pct,cspaced_property_selected:hydrogen+gc+purine+eiip+entropy+length,full CSP without N fraction,600,146,0.6085559360730594,0.9769566655154248,0.21317082422505354,1.0,0.019249019932110478,-0.12626647512533606,0.0
1.0,0.9959317118232557,0.9949526881376783,0.08999110138318327,0.10047199071023588,0.029303729453841517,1.0,150,N_3pct,cspaced_property_selected:hydrogen+gc+purine+eiip+n_fraction+entropy,full CSP without length,600,146,0.6051312785388128,0.9769566655154248,0.21317082422505354,1.0,0.018975046307830867,-0.12317972284187027,0.0
1.0,0.9961686592363136,0.9952674284236063,0.08733144325144779,0.09728892708089922,0.027589035603403242,1.0,150,N_3pct,cspaced_property_l2,full CSP,600,147,0.6078174603174603,0.9769566655154248,0.21317082422505354,1.0,0.019211993720888776,-0.12583938097360575,0.0
1.0,0.989980702953775,0.9879197625965086,0.1410562739489131,0.15543640116454005,0.410780647658939,1.0,150,trim_5bp,spaced_count_l2,"spaced, no RC",600,256,0.3967513020833333,0.9926297482615094,0.12084755057901449,1.0,-0.0026490453077343545,0.02020872336989861,0.0
1.0,0.9926297482615094,0.9904925397381019,0.12084755057901449,0.13789444195712305,0.26841829823862196,1.0,150,trim_5bp,cspaced_count_l2,canonical spaced,600,136,0.5914767156862745,0.9926297482615094,0.12084755057901449,1.0,0.0,0.0,0.0
1.0,0.9990064422257096,0.9987181577564574,0.044350960154314216,0.05063280810775932,0.036192490621526956,1.0,150,trim_5bp,cspaced_property_selected:hydrogen,canonical spaced + hydrogen,600,138,0.5973973429951691,0.9926297482615094,0.12084755057901449,1.0,0.006376693964200153,-0.07649659042470028,0.0
1.0,0.9950203103498741,0.9935884924827684,0.0992919980676137,0.1132386655797813,0.18149382038506806,1.0,150,trim_5bp,cspaced_property_selected:gc,canonical spaced + gc,600,138,0.5973973429951691,0.9926297482615094,0.12084755057901449,1.0,0.002390562088364745,-0.02155555251140079,0.0
1.0,0.9950724177001288,0.9936075523337994,0.09880959923279976,0.11307025776143725,0.17991921637778518,1.0,150,trim_5bp,cspaced_property_selected:purine,canonical spaced + purine,600,138,0.5973973429951691,0.9926297482615094,0.12084755057901449,1.0,0.0024426694386193715,-0.022037951346214724,0.0
1.0,0.9927352563830447,0.9906363326069321,0.11997921040707704,0.13684769051392948,0.2645760146805263,1.0,150,trim_5bp,cspaced_property_selected:eiip,canonical spaced + eiip,600,138,0.5973973429951691,0.9926297482615094,0.12084755057901449,1.0,0.00010550812153531375,-0.0008683401719374456,0.0
1.0,0.9926297482615094,0.9904925397381024,0.12084755057901449,0.1378944419571231,0.26841829823862196,1.0,150,trim_5bp,cspaced_property_selected:n_fraction,canonical spaced + n_fraction,600,137,0.5871593673965937,0.9926297482615094,0.12084755057901449,1.0,0.0,0.0,0.0
1.0,0.9956643943209103,0.9944064496049855,0.09273726856143784,0.1057690817143857,0.1585037956797574,1.0,150,trim_5bp,cspaced_property_selected:entropy,canonical spaced + entropy,600,137,0.5944586374695864,0.9926297482615094,0.12084755057901449,1.0,0.0030346460594008473,-0.02811028201757665,0.0
1.0,0.9950952713697266,0.9937110262975171,0.09860830532875452,0.11215132579245354,0.17385140596171017,1.0,150,trim_5bp,cspaced_property_selected:length,canonical spaced + length,600,137,0.5944586374695864,0.9926297482615094,0.12084755057901449,1.0,0.002465523108217238,-0.02223924525025997,0.0
1.0,0.9990064422257096,0.9987181577564574,0.044350960154314216,0.05063280810775932,0.036192490621526956,1.0,150,trim_5bp,cspaced_property_selected:hydrogen,canonical spaced + cumulative hydrogen,600,138,0.5973973429951691,0.9926297482615094,0.12084755057901449,1.0,0.006376693964200153,-0.07649659042470028,0.0
1.0,0.9990639915317494,0.9987761985314727,0.04304217642942325,0.049473253974774804,0.0341146807772561,1.0,150,trim_5bp,cspaced_property_selected:hydrogen+gc,canonical spaced + cumulative hydrogen+gc,600,140,0.6031488095238096,0.9926297482615094,0.12084755057901449,1.0,0.006434243270240003,-0.07780537414959124,0.0
1.0,0.9991169220163626,0.9988629586630692,0.0418123948020305,0.04768716938990152,0.032357592203632525,1.0,150,trim_5bp,cspaced_property_selected:hydrogen+gc+purine,canonical spaced + cumulative hydrogen+gc+purine,600,142,0.6087382629107981,0.9926297482615094,0.12084755057901449,1.0,0.006487173754853193,-0.07903515577698399,0.0
1.0,0.9991184464809955,0.9988653793586737,0.04177642238522959,0.04763637208551999,0.032302280828189145,1.0,150,trim_5bp,cspaced_property_selected:hydrogen+gc+purine+eiip,canonical spaced + cumulative hydrogen+gc+purine+eiip,600,144,0.6141724537037037,0.9926297482615094,0.12084755057901449,1.0,0.006488698219486055,-0.0790711281937849,0.0
1.0,0.9991184464809955,0.9988653793586737,0.04177642238522959,0.04763637208551999,0.032302280828189145,1.0,150,trim_5bp,cspaced_property_selected:hydrogen+gc+purine+eiip+n_fraction,canonical spaced + cumulative hydrogen+gc+purine+eiip+n_fraction,600,145,0.6099367816091954,0.9926297482615094,0.12084755057901449,1.0,0.006488698219486055,-0.0790711281937849,0.0
1.0,0.9991859852758939,0.9989556238214868,0.04015223294452994,0.04570272096668965,0.029851761419004787,1.0,150,trim_5bp,cspaced_property_selected:hydrogen+gc+purine+eiip+n_fraction+entropy,canonical spaced + cumulative hydrogen+gc+purine+eiip+n_fraction+entropy,600,146,0.6126084474885845,0.9926297482615094,0.12084755057901449,1.0,0.006556237014384458,-0.08069531763448454,0.0
1.0,0.9992012177728578,0.9989804373422472,0.0397903417886433,0.045156569900571,0.02816726054399048,1.0,150,trim_5bp,cspaced_property_selected:hydrogen+gc+purine+eiip+n_fraction+entropy+length,canonical spaced + cumulative hydrogen+gc+purine+eiip+n_fraction+entropy+length,600,147,0.6152437641723356,0.9926297482615094,0.12084755057901449,1.0,0.006571469511348349,-0.08105720879037118,0.0
1.0,0.9992012177728578,0.9989804373422472,0.0397903417886433,0.045156569900571,0.02816726054399048,1.0,150,trim_5bp,cspaced_property_selected:hydrogen+gc+purine+eiip+entropy+length,full CSP without N fraction,600,146,0.6194577625570776,0.9926297482615094,0.12084755057901449,1.0,0.006571469511348349,-0.08105720879037118,0.0
1.0,0.9991859852758939,0.9989556238214868,0.04015223294452994,0.04570272096668965,0.029851761419004787,1.0,150,trim_5bp,cspaced_property_selected:hydrogen+gc+purine+eiip+n_fraction+entropy,full CSP without length,600,146,0.6126084474885845,0.9926297482615094,0.12084755057901449,1.0,0.006556237014384458,-0.08069531763448454,0.0
1.0,0.9992012177728578,0.9989804373422472,0.0397903417886433,0.045156569900571,0.02816726054399048,1.0,150,trim_5bp,cspaced_property_l2,full CSP,600,147,0.6152437641723356,0.9926297482615094,0.12084755057901449,1.0,0.006571469511348349,-0.08105720879037118,0.0
1.0,0.9485598383768905,0.9131314706885968,0.3155755806724603,0.41681776011799376,0.3765530283400662,1.0,150,substitution_1pct_N_3pct,spaced_count_l2,"spaced, no RC",600,256,0.38689778645833334,0.9614441727135672,0.27270746010634306,1.0,-0.012884334336676684,0.04286812056611722,0.0
1.0,0.9614441727135672,0.9337143696410583,0.27270746010634306,0.3641033424692701,0.24441182788545637,1.0,150,substitution_1pct_N_3pct,cspaced_count_l2,canonical spaced,600,136,0.5809129901960784,0.9614441727135672,0.27270746010634306,1.0,0.0,0.0,0.0
1.0,0.9931768218819047,0.9894594543601902,0.11559981270924108,0.14519326018472123,0.03346873625761699,1.0,150,substitution_1pct_N_3pct,cspaced_property_selected:hydrogen,canonical spaced + hydrogen,600,138,0.5869867149758454,0.9614441727135672,0.27270746010634306,1.0,0.03173264916833751,-0.15710764739710198,0.0
1.0,0.9738378741985058,0.9550183539328838,0.2245370922519524,0.299938778245445,0.1660460756218034,1.0,150,substitution_1pct_N_3pct,cspaced_property_selected:gc,canonical spaced + gc,600,138,0.5869867149758454,0.9614441727135672,0.27270746010634306,1.0,0.012393701484938568,-0.04817036785439066,0.0
1.0,0.9741155403565961,0.9554505185825242,0.22346557444661064,0.29849441484785316,0.16477203303027635,1.0,150,substitution_1pct_N_3pct,cspaced_property_selected:purine,canonical spaced + purine,600,138,0.5869867149758454,0.9614441727135672,0.27270746010634306,1.0,0.012671367643028897,-0.04924188565973242,0.0
1.0,0.9619587700694069,0.9345771394247652,0.27088978406949726,0.36172601640857305,0.2409626873750825,1.0,150,substitution_1pct_N_3pct,cspaced_property_selected:eiip,canonical spaced + eiip,600,138,0.5869867149758454,0.9614441727135672,0.27270746010634306,1.0,0.0005145973558396966,-0.0018176760368457945,0.0
1.0,0.9611025081069313,0.9333825592646815,0.27400845816004477,0.3650135132361865,0.24432497222248434,1.0,150,substitution_1pct_N_3pct,cspaced_property_selected:n_fraction,canonical spaced + n_fraction,600,137,0.5803223844282238,0.9614441727135672,0.27270746010634306,1.0,-0.00034166460663587195,0.0013009980537017074,0.0
1.0,0.9774247171790376,0.9619583259521894,0.2089213702985154,0.2758320960983861,0.14074401886082225,1.0,150,substitution_1pct_N_3pct,cspaced_property_selected:entropy,canonical spaced + entropy,600,137,0.5839720194647202,0.9614441727135672,0.27270746010634306,1.0,0.01598054446547037,-0.06378608980782766,0.0
1.0,0.9753242705366832,0.9575771965702773,0.21816596808507446,0.2912826739754161,0.15642356984669212,1.0,150,substitution_1pct_N_3pct,cspaced_property_selected:length,canonical spaced + length,600,137,0.5839720194647202,0.9614441727135672,0.27270746010634306,1.0,0.013880097823116055,-0.054541492021268595,0.0
1.0,0.9931768218819047,0.9894594543601902,0.11559981270924108,0.14519326018472123,0.03346873625761699,1.0,150,substitution_1pct_N_3pct,cspaced_property_selected:hydrogen,canonical spaced + cumulative hydrogen,600,138,0.5869867149758454,0.9614441727135672,0.27270746010634306,1.0,0.03173264916833751,-0.15710764739710198,0.0
1.0,0.9935803299280574,0.990073871646465,0.11212094853708593,0.14089802923053757,0.03157170342251954,1.0,150,substitution_1pct_N_3pct,cspaced_property_selected:hydrogen+gc,canonical spaced + cumulative hydrogen+gc,600,140,0.5928869047619048,0.9614441727135672,0.27270746010634306,1.0,0.03213615721449026,-0.16058651156925713,0.0
1.0,0.9939539479501459,0.9906359979350885,0.10881917310508663,0.13685029765809098,0.029988367834882894,1.0,150,substitution_1pct_N_3pct,cspaced_property_selected:hydrogen+gc+purine,canonical spaced + cumulative hydrogen+gc+purine,600,142,0.5986208920187793,0.9614441727135672,0.27270746010634306,1.0,0.03250977523657872,-0.16388828700125643,0.0
1.0,0.9939608144354266,0.990647994568521,0.10875886271683617,0.13676260728409756,0.02993717619778278,1.0,150,substitution_1pct_N_3pct,cspaced_property_selected:hydrogen+gc+purine+eiip,canonical spaced + cumulative hydrogen+gc+purine+eiip,600,144,0.6041956018518518,0.9614441727135672,0.27270746010634306,1.0,0.03251664172185942,-0.1639485973895069,0.0
1.0,0.9939177966745414,0.9906067698533951,0.10916138534352114,0.13706370792477374,0.029935872123519922,1.0,150,substitution_1pct_N_3pct,cspaced_property_selected:hydrogen+gc+purine+eiip+n_fraction,canonical spaced + cumulative hydrogen+gc+purine+eiip+n_fraction,600,145,0.6034770114942529,0.9614441727135672,0.27270746010634306,1.0,0.032473623960974196,-0.1635460747628219,0.0
1.0,0.9942091531155132,0.9912242408399627,0.10659900504474551,0.1324821406932957,0.02753559958693687,1.0,150,substitution_1pct_N_3pct,cspaced_property_selected:hydrogen+gc+purine+eiip+n_fraction+entropy,canonical spaced + cumulative hydrogen+gc+purine+eiip+n_fraction+entropy,600,146,0.6061929223744292,0.9614441727135672,0.27270746010634306,1.0,0.032764980401945976,-0.16610845506159755,0.0
1.0,0.9945473016143346,0.9917317105343986,0.10344334884850251,0.12859462847128936,0.025925644350473773,1.0,150,substitution_1pct_N_3pct,cspaced_property_selected:hydrogen+gc+purine+eiip+n_fraction+entropy+length,canonical spaced + cumulative hydrogen+gc+purine+eiip+n_fraction+entropy+length,600,147,0.6088718820861678,0.9614441727135672,0.27270746010634306,1.0,0.03310312890076739,-0.16926411125784055,0.0
1.0,0.9945842293266156,0.9917676446715368,0.10307916532285508,0.12831488670292696,0.02592661129465942,1.0,150,substitution_1pct_N_3pct,cspaced_property_selected:hydrogen+gc+purine+eiip+entropy+length,full CSP without N fraction,600,146,0.6096175799086758,0.9614441727135672,0.27270746010634306,1.0,0.03314005661304842,-0.16962829478348798,0.0
1.0,0.9942091531155132,0.9912242408399627,0.10659900504474551,0.1324821406932957,0.02753559958693687,1.0,150,substitution_1pct_N_3pct,cspaced_property_selected:hydrogen+gc+purine+eiip+n_fraction+entropy,full CSP without length,600,146,0.6061929223744292,0.9614441727135672,0.27270746010634306,1.0,0.032764980401945976,-0.16610845506159755,0.0
1.0,0.9945473016143344,0.9917317105343986,0.10344334884850251,0.12859462847128936,0.025925644350473773,1.0,150,substitution_1pct_N_3pct,cspaced_property_l2,full CSP,600,147,0.6088718820861678,0.9614441727135672,0.27270746010634306,1.0,0.033103128900767165,-0.16926411125784055,0.0
1.0,0.9716016788171716,0.9269329835764503,0.20293560283821943,0.38227476235045627,0.389431130755783,1.0,150,short_indel,spaced_count_l2,"spaced, no RC",600,256,0.402197265625,0.9788989626860697,0.17479155112676487,1.0,-0.007297283868898052,0.028144051711454565,0.0
1.0,0.9788989626860697,0.9469984974550009,0.17479155112676487,0.3255809016666149,0.25229071235157396,1.0,150,short_indel,cspaced_count_l2,canonical spaced,600,136,0.5974448529411764,0.9788989626860697,0.17479155112676487,1.0,0.0,0.0,0.0
1.0,0.9971681921968072,0.9927961729954626,0.06407357483006747,0.12003188626947822,0.03402696872613948,1.0,150,short_indel,cspaced_property_selected:hydrogen,canonical spaced + hydrogen,600,138,0.6032789855072463,0.9788989626860697,0.17479155112676487,1.0,0.018269229510737506,-0.1107179762966974,0.0
1.0,0.9858373302296616,0.9639703396944679,0.1432923134932896,0.2684386704035377,0.1706483376790511,1.0,150,short_indel,cspaced_property_selected:gc,canonical spaced + gc,600,138,0.6032789855072463,0.9788989626860697,0.17479155112676487,1.0,0.0069383675435918946,-0.03149923763347526,0.0
1.0,0.985932742933889,0.9642616644040476,0.14271041951662738,0.2673512029760169,0.16927161163541096,1.0,150,short_indel,cspaced_property_selected:purine,canonical spaced + purine,600,138,0.6032789855072463,0.9788989626860697,0.17479155112676487,1.0,0.00703378024781931,-0.03208113161013748,0.0
1.0,0.9792007795919214,0.947766310745997,0.17353562022830948,0.3232139792160721,0.24867972868081703,1.0,150,short_indel,cspaced_property_selected:eiip,canonical spaced + eiip,600,138,0.6032789855072463,0.9788989626860697,0.17479155112676487,1.0,0.00030181690585173726,-0.0012559308984553819,0.0
1.0,0.9788989626860697,0.946998497455001,0.17479155112676487,0.32558090166661496,0.2522907123515739,1.0,150,short_indel,cspaced_property_selected:n_fraction,canonical spaced + n_fraction,600,137,0.5930839416058394,0.9788989626860697,0.17479155112676487,1.0,0.0,0.0,0.0
1.0,0.987596031922764,0.9689094788527022,0.1340696084037549,0.24936114949522556,0.1490147513718964,1.0,150,short_indel,cspaced_property_selected:entropy,canonical spaced + entropy,600,137,0.6003832116788321,0.9788989626860697,0.17479155112676487,1.0,0.008697069236694333,-0.04072194272300997,0.0
1.0,0.9864917324537366,0.9659085469516492,0.13986070939700151,0.2611185668944554,0.1614521312687801,1.0,150,short_indel,cspaced_property_selected:length,canonical spaced + length,600,137,0.6003832116788321,0.9788989626860697,0.17479155112676487,1.0,0.007592769767666874,-0.03493084172976335,0.0
1.0,0.9971681921968072,0.9927961729954626,0.06407357483006747,0.12003188626947822,0.03402696872613948,1.0,150,short_indel,cspaced_property_selected:hydrogen,canonical spaced + cumulative hydrogen,600,138,0.6032789855072463,0.9788989626860697,0.17479155112676487,1.0,0.018269229510737506,-0.1107179762966974,0.0
1.0,0.997340016173891,0.9932059497197915,0.062099264368184755,0.11656800621058584,0.03207913762599691,1.0,150,short_indel,cspaced_property_selected:hydrogen+gc,canonical spaced + cumulative hydrogen+gc,600,140,0.6089464285714286,0.9788989626860697,0.17479155112676487,1.0,0.018441053487821324,-0.11269228675858012,0.0
1.0,0.9974981022495046,0.9936291349680058,0.060227019218295604,0.1128792371161984,0.030462657581946596,1.0,150,short_indel,cspaced_property_selected:hydrogen+gc+purine,canonical spaced + cumulative hydrogen+gc+purine,600,142,0.6144542253521127,0.9788989626860697,0.17479155112676487,1.0,0.018599139563434952,-0.11456453190846927,0.0
1.0,0.9975024475415213,0.9936410500071275,0.060174723837702435,0.1127736321022962,0.030410570728128795,1.0,150,short_indel,cspaced_property_selected:hydrogen+gc+purine+eiip,canonical spaced + cumulative hydrogen+gc+purine+eiip,600,144,0.6198090277777778,0.9788989626860697,0.17479155112676487,1.0,0.018603484855451602,-0.11461682728906243,0.0
1.0,0.9975024475415213,0.9936410500071274,0.060174723837702435,0.1127736321022962,0.0304105707281288,1.0,150,short_indel,cspaced_property_selected:hydrogen+gc+purine+eiip+n_fraction,canonical spaced + cumulative hydrogen+gc+purine+eiip+n_fraction,600,145,0.6155344827586207,0.9788989626860697,0.17479155112676487,1.0,0.018603484855451602,-0.11461682728906243,0.0
1.0,0.9976944429812629,0.9941646325207112,0.0578200231900545,0.10803114045474449,0.028106238925996556,1.0,150,short_indel,cspaced_property_selected:hydrogen+gc+purine+eiip+n_fraction+entropy,canonical spaced + cumulative hydrogen+gc+purine+eiip+n_fraction+entropy,600,146,0.618167808219178,0.9788989626860697,0.17479155112676487,1.0,0.01879548029519318,-0.11697152793671037,0.0
1.0,0.9978267743953696,0.9945160891773007,0.05613872333540556,0.10472730634062641,0.026471246801362553,1.0,150,short_indel,cspaced_property_selected:hydrogen+gc+purine+eiip+n_fraction+entropy+length,canonical spaced + cumulative hydrogen+gc+purine+eiip+n_fraction+entropy+length,600,147,0.620765306122449,0.9788989626860697,0.17479155112676487,1.0,0.018927811709299913,-0.1186528277913593,0.0
1.0,0.9978267743953696,0.9945160891773007,0.05613872333540556,0.10472730634062641,0.02647124680136256,1.0,150,short_indel,cspaced_property_selected:hydrogen+gc+purine+eiip+entropy+length,full CSP without N fraction,600,146,0.6250171232876712,0.9788989626860697,0.17479155112676487,1.0,0.018927811709299913,-0.1186528277913593,0.0
1.0,0.9976944429812629,0.9941646325207112,0.0578200231900545,0.10803114045474449,0.028106238925996556,1.0,150,short_indel,cspaced_property_selected:hydrogen+gc+purine+eiip+n_fraction+entropy,full CSP without length,600,146,0.618167808219178,0.9788989626860697,0.17479155112676487,1.0,0.01879548029519318,-0.11697152793671037,0.0
1.0,0.9978267743953696,0.9945160891773007,0.05613872333540556,0.10472730634062641,0.02647124680136256,1.0,150,short_indel,cspaced_property_l2,full CSP,600,147,0.620765306122449,0.9788989626860697,0.17479155112676487,1.0,0.018927811709299913,-0.1186528277913593,0.0
1.0,0.953006677903406,0.9407759764195314,0.30519930577657145,0.34416281919871905,0.37483168577647114,1.0,150,local_mismatch_6bp,spaced_count_l2,"spaced, no RC",600,256,0.40353190104166664,0.9649071056000078,0.263270813873768,1.0,-0.011900427696601823,0.041928491902803455,0.0
1.0,0.9649071056000078,0.9534829550889588,0.263270813873768,0.30501486288312796,0.24078103829563816,1.0,150,local_mismatch_6bp,cspaced_count_l2,canonical spaced,600,136,0.6002757352941176,0.9649071056000078,0.263270813873768,1.0,0.0,0.0,0.0
1.0,0.9952745030965038,0.9937064938861638,0.09658166240234718,0.11219184320411173,0.03245457295441862,1.0,150,local_mismatch_6bp,cspaced_property_selected:hydrogen,canonical spaced + hydrogen,600,138,0.6060688405797101,0.9649071056000078,0.263270813873768,1.0,0.030367397496495974,-0.16668915147142083,0.0
1.0,0.9763249134593991,0.9684912401935505,0.21618454514386418,0.2510328912659223,0.1628058754640487,1.0,150,local_mismatch_6bp,cspaced_property_selected:gc,canonical spaced + gc,600,138,0.6060688405797101,0.9649071056000078,0.263270813873768,1.0,0.011417807859391282,-0.04708626872990382,0.0
1.0,0.9765672480935723,0.9686727176556826,0.21513323802736242,0.2503089368489715,0.16147518604194408,1.0,150,local_mismatch_6bp,cspaced_property_selected:purine,canonical spaced + purine,600,138,0.6060688405797101,0.9649071056000078,0.263270813873768,1.0,0.011660142493564507,-0.04813757584640557,0.0
1.0,0.9654092382765128,0.9541241471391371,0.261379718166956,0.30290540856438064,0.23733448152136005,1.0,150,local_mismatch_6bp,cspaced_property_selected:eiip,canonical spaced + eiip,600,138,0.6060688405797101,0.9649071056000078,0.263270813873768,1.0,0.0005021326765050071,-0.0018910957068120071,0.0
1.0,0.9649071056000078,0.9534829550889588,0.263270813873768,0.30501486288312796,0.2407810382956382,1.0,150,local_mismatch_6bp,cspaced_property_selected:n_fraction,canonical spaced + n_fraction,600,137,0.5958941605839416,0.9649071056000078,0.263270813873768,1.0,0.0,0.0,0.0
1.0,0.9793775259457199,0.9729229314014769,0.20192038762596629,0.23271036779132034,0.14213297399531605,1.0,150,local_mismatch_6bp,cspaced_property_selected:entropy,canonical spaced + entropy,600,137,0.6031934306569343,0.9649071056000078,0.263270813873768,1.0,0.01447042034571211,-0.06135042624780171,0.0
1.0,0.9775405475840053,0.9702290912569338,0.21061665109901437,0.24401189030650236,0.15409986450920846,1.0,150,local_mismatch_6bp,cspaced_property_selected:length,canonical spaced + length,600,137,0.6031934306569343,0.9649071056000078,0.263270813873768,1.0,0.012633441983997518,-0.05265416277475363,0.0
1.0,0.9952745030965038,0.9937064938861638,0.09658166240234718,0.11219184320411173,0.03245457295441862,1.0,150,local_mismatch_6bp,cspaced_property_selected:hydrogen,canonical spaced + cumulative hydrogen,600,138,0.6060688405797101,0.9649071056000078,0.263270813873768,1.0,0.030367397496495974,-0.16668915147142083,0.0
1.0,0.9955508985965643,0.9940531201657704,0.09370579615989127,0.1090585085528207,0.030598640379529047,1.0,150,local_mismatch_6bp,cspaced_property_selected:hydrogen+gc,canonical spaced + cumulative hydrogen+gc,600,140,0.6116964285714286,0.9649071056000078,0.263270813873768,1.0,0.030643792996556507,-0.16956501771387672,0.0
1.0,0.9958069411726027,0.9944157612014811,0.09097972778814153,0.10568099356829254,0.029047607902359534,1.0,150,local_mismatch_6bp,cspaced_property_selected:hydrogen+gc+purine,canonical spaced + cumulative hydrogen+gc+purine,600,142,0.6171654929577465,0.9649071056000078,0.263270813873768,1.0,0.030899835572594903,-0.17229108608562646,0.0
1.0,0.9958141806758476,0.9944257419748136,0.09090139866393519,0.10558651081435975,0.02899815543430948,1.0,150,local_mismatch_6bp,cspaced_property_selected:hydrogen+gc+purine+eiip,canonical spaced + cumulative hydrogen+gc+purine+eiip,600,144,0.6224826388888889,0.9649071056000078,0.263270813873768,1.0,0.030907075075839785,-0.1723694152098328,0.0
1.0,0.9958141806758476,0.9944257419748136,0.09090139866393519,0.10558651081435975,0.02899815543430948,1.0,150,local_mismatch_6bp,cspaced_property_selected:hydrogen+gc+purine+eiip+n_fraction,canonical spaced + cumulative hydrogen+gc+purine+eiip+n_fraction,600,145,0.6181896551724138,0.9649071056000078,0.263270813873768,1.0,0.030907075075839785,-0.1723694152098328,0.0
1.0,0.9961356900577001,0.9948624106154113,0.08735581183353358,0.10136654912482727,0.026800086771949994,1.0,150,local_mismatch_6bp,cspaced_property_selected:hydrogen+gc+purine+eiip+n_fraction+entropy,canonical spaced + cumulative hydrogen+gc+purine+eiip+n_fraction+entropy,600,146,0.6208047945205479,0.9649071056000078,0.263270813873768,1.0,0.031228584457692277,-0.17591500204023441,0.0
1.0,0.9963602682970103,0.9951797887464015,0.08478324284132327,0.0981856436903558,0.025245314608142548,1.0,150,local_mismatch_6bp,cspaced_property_selected:hydrogen+gc+purine+eiip+n_fraction+entropy+length,canonical spaced + cumulative hydrogen+gc+purine+eiip+n_fraction+entropy+length,600,147,0.6233843537414966,0.9649071056000078,0.263270813873768,1.0,0.03145316269700249,-0.17848757103244473,0.0
1.0,0.9963602682970103,0.9951797887464013,0.08478324284132327,0.09818564369035579,0.02524531460814255,1.0,150,local_mismatch_6bp,cspaced_property_selected:hydrogen+gc+purine+eiip+entropy+length,full CSP without N fraction,600,146,0.6276541095890411,0.9649071056000078,0.263270813873768,1.0,0.03145316269700249,-0.17848757103244473,0.0
1.0,0.9961356900577001,0.9948624106154113,0.08735581183353358,0.10136654912482727,0.026800086771949994,1.0,150,local_mismatch_6bp,cspaced_property_selected:hydrogen+gc+purine+eiip+n_fraction+entropy,full CSP without length,600,146,0.6208047945205479,0.9649071056000078,0.263270813873768,1.0,0.031228584457692277,-0.17591500204023441,0.0
1.0,0.9963602682970103,0.9951797887464013,0.08478324284132327,0.09818564369035579,0.02524531460814255,1.0,150,local_mismatch_6bp,cspaced_property_l2,full CSP,600,147,0.6233843537414966,0.9649071056000078,0.263270813873768,1.0,0.03145316269700249,-0.17848757103244473,0.0
